open_time,open,high,low,close,volume,quote_volume,trades,taker_buy_quote
1683244800000,0.0039485,0.0044583,0.0029441,0.0037211,305546741233,1050677790.0751307,3408708,526750756.5483983
1683331200000,0.0037212,0.0038333,0.0022908,0.0026200,707455312288,2040817050.6229905,6662664,1006618812.7063795
1683417600000,0.0026197,0.0030898,0.0024101,0.0027902,508657067528,1393453198.0394662,4730389,703462820.6292229
1683504000000,0.0027901,0.0028049,0.0015351,0.0019464,1078000972370,2199414979.1919447,6632797,1086854845.2510386
1683590400000,0.0019462,0.0021350,0.0017400,0.0020063,857318524340,1651496244.4577895,5249050,833932338.5186965
1683676800000,0.0020065,0.0021339,0.0017095,0.0019195,619473158098,1189284268.3569827,3566354,589715459.5626229
1683763200000,0.0019195,0.0019400,0.0012500,0.0013931,1074256224090,1646468985.7137659,4508516,801643882.8650926
1683849600000,0.0013930,0.0019332,0.0010477,0.0017444,2149530848062,2784569664.1988071,7865203,1405454247.6752587
1683936000000,0.0017444,0.0020899,0.0015373,0.0018575,1984174281761,3603310508.0868165,8708243,1815650696.6800524
1684022400000,0.0018571,0.0019510,0.0017220,0.0017853,1001358675497,1831528776.7184949,4627537,912697671.6169966
1684108800000,0.0017853,0.0017853,0.0016049,0.0017318,955253186824,1614145892.4057678,3656677,804324647.3603992
1684195200000,0.0017318,0.0018202,0.0016300,0.0016643,823107674636,1400005755.5251797,3100858,697979545.9043608
1684281600000,0.0016644,0.0016911,0.0014617,0.0015735,965933331377,1516981184.4312653,3055212,747012753.5175440
1684368000000,0.0015736,0.0016400,0.0014938,0.0015789,747082265564,1174044479.8398152,2469238,585101552.6144270
1684454400000,0.0015790,0.0015790,0.0014738,0.0015230,498946539073,759119201.2389459,1695549,370760026.4889882
1684540800000,0.0015229,0.0019319,0.0014983,0.0017145,909460533558,1547643761.4013879,3178962,789432117.7229549
1684627200000,0.0017145,0.0017581,0.0015628,0.0015964,702205644540,1173350124.9098525,2547508,578065901.9428624
1684713600000,0.0015963,0.0015990,0.0015066,0.0015302,514931281136,799545856.5621337,1819791,392232296.5068781
1684800000000,0.0015303,0.0016754,0.0015160,0.0015916,488853179179,777320471.6798224,1695568,389194164.7118462
1684886400000,0.0015917,0.0015953,0.0012929,0.0014333,678347316119,985064429.4583411,2152227,479377468.2864794
1684972800000,0.0014333,0.0014750,0.0013433,0.0014289,435683238988,618478008.0246253,1440684,306555934.5811934
1685059200000,0.0014287,0.0014897,0.0013800,0.0014518,403778111053,582622420.3179651,1297102,291643418.5150017
1685145600000,0.0014518,0.0015377,0.0014347,0.0015131,290797988365,434208732.4432573,952897,217168306.8094723
1685232000000,0.0015129,0.0015448,0.0014085,0.0014951,292116245219,431823645.5649163,981062,212280938.2003968
1685318400000,0.0014951,0.0015162,0.0014165,0.0014358,227561445454,330835328.9409162,700962,162067973.0485075
1685404800000,0.0014358,0.0014420,0.0012290,0.0012935,296268503674,398076879.7558848,901332,191260677.4919803
1685491200000,0.0012934,0.0013204,0.0011888,0.0012636,371792015686,464280610.2267266,1074455,229761707.1509884
1685577600000,0.0012636,0.0013279,0.0012144,0.0012454,375145452608,477416687.7718477,1059409,234879935.9060843
1685664000000,0.0012455,0.0013064,0.0012301,0.0012821,215398804968,272063233.8428196,638708,136316976.8222046
1685750400000,0.0012822,0.0013449,0.0012638,0.0012949,241670722911,314479528.8267785,758737,154734716.4441485
1685836800000,0.0012948,0.0012972,0.0012050,0.0012384,182351579640,230036083.2790875,582117,111470555.9589697
1685923200000,0.0012384,0.0012413,0.0009300,0.0010333,515409911816,560400174.2476952,1406937,267875098.9176158
1686009600000,0.0010335,0.0012635,0.0009633,0.0012066,867780023294,972339144.1685556,2251650,488911755.8530303
1686096000000,0.0012065,0.0012190,0.0010367,0.0010728,635124363498,711455187.5231607,1702569,350668945.2103728
1686182400000,0.0010728,0.0011334,0.0010312,0.0010833,378798376891,411184073.3664316,1030927,206603725.5033813
1686268800000,0.0010833,0.0011963,0.0010538,0.0011337,595536111810,681796714.2510164,1627159,342688552.1761264
1686355200000,0.0011338,0.0011375,0.0008030,0.0009292,821430448581,780442126.2288356,2031226,377306174.4283635
1686441600000,0.0009293,0.0009506,0.0008813,0.0009119,345730893754,318960426.2880861,848776,156767016.7940646
1686528000000,0.0009119,0.0009525,0.0008405,0.0009042,461714650188,415629583.4274584,1068522,205192659.7428925
1686614400000,0.0009042,0.0009888,0.0008870,0.0009170,524782850104,487656018.5423737,1167953,242525448.9488793
1686700800000,0.0009170,0.0009654,0.0008520,0.0008852,396993821585,363520664.9938501,955706,175953961.7668324
1686787200000,0.0008852,0.0009296,0.0008230,0.0008969,392733680709,341540365.9880803,886951,168127463.2766085
1686873600000,0.0008969,0.0010500,0.0008311,0.0009655,828873085669,781947510.3679872,1813754,388230357.1412295
1686960000000,0.0009658,0.0010539,0.0009463,0.0010003,583159273324,581776467.6840057,1379484,291853353.9225676
1687046400000,0.0010002,0.0010055,0.0009200,0.0009373,352452382987,341985161.7661306,849433,164018961.1882395
1687132800000,0.0009373,0.0009599,0.0009120,0.0009490,310378407653,289768800.4101460,727765,143838564.2607745
1687219200000,0.0009487,0.0010925,0.0009034,0.0010691,434006836246,417975279.7660459,1060928,210792236.4361857
1687305600000,0.0010690,0.0014690,0.0010360,0.0013806,1534540278443,1922549836.9992517,4426190,969722998.2709500
1687392000000,0.0013807,0.0016944,0.0013611,0.0015433,2328926384141,3594440439.4176204,8217279,1804836520.5297731
1687478400000,0.0015433,0.0017868,0.0014555,0.0016519,1467886622546,2342908588.0627886,4913350,1167845659.2327326
1687564800000,0.0016520,0.0017568,0.0014885,0.0015531,850709249736,1372068587.4624067,3021115,677228629.3963551
1687651200000,0.0015530,0.0016772,0.0015217,0.0016044,566134968524,904433121.3860754,2274482,453612415.0491554
1687737600000,0.0016044,0.0016337,0.0014744,0.0015086,533220301450,825347400.1456597,2255391,408508901.0171029
1687824000000,0.0015086,0.0016750,0.0014904,0.0016180,539598630610,863605742.5679521,2172588,432198122.6334772
1687910400000,0.0016181,0.0016198,0.0013617,0.0014206,498391544126,747151906.3137964,1866628,363620614.3687811
1687996800000,0.0014207,0.0016300,0.0014015,0.0015419,555368116573,846556627.1299488,2096017,426071918.6815285
1688083200000,0.0015419,0.0017098,0.0014380,0.0016215,851971677437,1369551495.5739001,3193354,678389480.4961848
1688169600000,0.0016215,0.0016363,0.0015157,0.0015552,247198156931,387816646.9663801,1026662,189126969.3855385
1688256000000,0.0015551,0.0016155,0.0014813,0.0015842,245954884837,380983794.9492915,999421,186365691.1487210
1688342400000,0.0015844,0.0019000,0.0015580,0.0018343,708517260470,1246580805.3885267,2946619,623527834.9721484
1688428800000,0.0018344,0.0018844,0.0016880,0.0017125,445485958693,782567950.6905366,1839574,381096156.9760201
1688515200000,0.0017124,0.0017705,0.0016038,0.0016512,329809525204,550129258.5606147,1300189,269456223.3563782
1688601600000,0.0016512,0.0017836,0.0015322,0.0015395,503032803092,829658504.0286301,1909822,404864920.8090342
1688688000000,0.0015394,0.0016000,0.0015035,0.0015638,306763965111,477197385.3876309,1216079,237948719.1200932
1688774400000,0.0015638,0.0016000,0.0015100,0.0015518,149332196009,231622784.7421688,622776,113485609.4575216
1688860800000,0.0015517,0.0015896,0.0015252,0.0015438,134166415607,208970516.1344926,566219,101890122.2517771
1688947200000,0.0015438,0.0015900,0.0014303,0.0015135,337787614480,505981044.0132255,1273277,246066247.3295831
1689033600000,0.0015135,0.0015340,0.0014820,0.0015001,171649715378,258555711.1539323,673357,126904905.9692400
1689120000000,0.0015001,0.0015688,0.0014830,0.0015056,205028197292,313237336.3272259,815334,154623720.7845423
1689206400000,0.0015056,0.0017690,0.0014605,0.0017128,455076043040,729554150.1769680,1618696,362252576.7011953
1689292800000,0.0017126,0.0018887,0.0015441,0.0016398,657673096477,1135563797.7978936,2622296,567280656.6748227
1689379200000,0.0016397,0.0017085,0.0016100,0.0016438,235323478536,390306020.6890309,873075,193034180.5047341
1689465600000,0.0016438,0.0016660,0.0015530,0.0015727,164596692014,265707995.9634605,654260,127823383.5227059
1689552000000,0.0015725,0.0016052,0.0015049,0.0015748,252471152865,392365563.4044875,994520,189814493.2617438
1689638400000,0.0015748,0.0015976,0.0014811,0.0015148,194230761025,296320895.8669485,773729,144111235.7798118
1689724800000,0.0015149,0.0015756,0.0015064,0.0015244,166920609961,257600078.7757107,653977,128166892.2982256
1689811200000,0.0015244,0.0015783,0.0014617,0.0015028,176390181776,269578387.1574499,644488,131991077.8480301
1689897600000,0.0015029,0.0015472,0.0014849,0.0015220,137923713613,208861593.2376799,532686,103743034.8773463
1689984000000,0.0015219,0.0015496,0.0014720,0.0014900,86706611678,131683730.3298761,351691,62331230.0650901
1690070400000,0.0014901,0.0015353,0.0014642,0.0015037,101682728337,152783845.1969611,393648,75650586.6722171
1690156800000,0.0015038,0.0015097,0.0012630,0.0013465,243819920682,336610071.5804672,850476,159086795.7678568
1690243200000,0.0013465,0.0013566,0.0012833,0.0013053,177718092298,234580326.1655323,609396,115656255.8115149
1690329600000,0.0013054,0.0013876,0.0012198,0.0013318,326469824849,421969548.4212903,1101598,209027643.9578694
1690416000000,0.0013319,0.0014444,0.0013100,0.0013428,301770185803,414852985.7868997,1040077,203876434.9067377
1690502400000,0.0013428,0.0013755,0.0012925,0.0013357,165923859073,221839946.5143127,571780,109844128.9876420
1690588800000,0.0013357,0.0013547,0.0013197,0.0013464,74307280022,99502777.5962396,289178,48637782.2221598
1690675200000,0.0013465,0.0013493,0.0012412,0.0012946,122986757114,160552890.3122300,430770,76657384.3973239
1690761600000,0.0012946,0.0013227,0.0012030,0.0012378,166190306565,209392506.1146625,541999,102773648.1581601
1690848000000,0.0012378,0.0013081,0.0011660,0.0013021,231256645029,286106899.2508868,736158,141106186.6980371
1690934400000,0.0013021,0.0013200,0.0012010,0.0012185,227363937056,285803065.6344159,742923,139085069.9150204
1691020800000,0.0012184,0.0012334,0.0011900,0.0011981,133757325888,162216506.2796699,446103,78349701.2621937
1691107200000,0.0011981,0.0012241,0.0011103,0.0011540,162459221854,192776438.6010869,505148,91081494.5008664
1691193600000,0.0011540,0.0011740,0.0011241,0.0011528,134320059537,153747448.1788821,415642,75944952.1649216
1691280000000,0.0011529,0.0011783,0.0011270,0.0011568,116523543091,134732982.6990614,354256,65320443.2403046
1691366400000,0.0011567,0.0011979,0.0010530,0.0011161,221684379503,249463968.4991528,693482,120217067.5188476
1691452800000,0.0011160,0.0012339,0.0010987,0.0011754,362280346641,425327524.2124086,1120909,208964851.9496747
1691539200000,0.0011753,0.0012872,0.0011724,0.0012309,490272486462,605911803.2575306,1536922,300985729.3806655
1691625600000,0.0012310,0.0012670,0.0012140,0.0012331,208564614757,258448934.5769842,707488,127635083.0069975
1691712000000,0.0012329,0.0012694,0.0012164,0.0012459,155126301553,193022849.9096005,525132,94061981.9820836
1691798400000,0.0012458,0.0013685,0.0012440,0.0013522,298424670356,396388454.7718992,998372,198894918.5927039
1691884800000,0.0013521,0.0014300,0.0013256,0.0013648,254177934646,351890359.2852692,882056,175645566.7312396
1691971200000,0.0013648,0.0014666,0.0013229,0.0014048,301923076050,422839099.4383633,1174593,211232855.3012977
1692057600000,0.0014048,0.0014134,0.0012201,0.0012677,240129228205,319492761.7386498,919887,151650950.3185348
1692144000000,0.0012678,0.0012769,0.0011317,0.0011651,281500308709,342667983.4250478,1001773,167628995.7519857
1692230400000,0.0011653,0.0012275,0.0009325,0.0010795,434178700450,492285243.3532405,1470756,241733158.7019873
1692316800000,0.0010795,0.0011257,0.0010457,0.0010892,271597761625,294286438.4685504,972421,144566945.0242917
1692403200000,0.0010892,0.0011473,0.0010842,0.0011344,159776308062,177857848.7496180,584499,89071572.9838937
1692489600000,0.0011344,0.0011510,0.0011007,0.0011173,108448007814,121767089.8109232,393043,59410208.6199121
1692576000000,0.0011173,0.0011292,0.0010391,0.0010858,178920467465,194863372.4741695,595518,93944257.6223800
1692662400000,0.0010857,0.0010913,0.0009800,0.0010723,207388471754,218695730.9576939,669998,108127362.8301941
1692748800000,0.0010722,0.0011288,0.0010450,0.0011041,207516249248,225388946.4542473,693440,112446183.9614500
1692835200000,0.0011043,0.0011094,0.0009141,0.0009415,420341689367,418659771.7262304,1215800,204435701.2944343
1692921600000,0.0009416,0.0009418,0.0007760,0.0008818,1233440506729,1081534971.2914036,2896255,533978558.2750907
1693008000000,0.0008817,0.0009669,0.0008519,0.0008669,699793852262,627688544.7881376,1651552,312659710.8041511
1693094400000,0.0008668,0.0009192,0.0008638,0.0008956,348689061101,311780340.8001715,839942,155082187.9827190
1693180800000,0.0008956,0.0009051,0.0008323,0.0008577,326808001898,284916870.7279213,824671,139683387.9021765
1693267200000,0.0008576,0.0009114,0.0008092,0.0008951,582970827123,506099292.7404488,1366856,252024045.2177469
1693353600000,0.0008951,0.0009014,0.0008540,0.0008672,223150092544,195770964.8458468,598922,95944430.3099862
1693440000000,0.0008672,0.0008778,0.0007880,0.0008033,314351140033,260747766.8830711,762357,128515716.6155177
1693526400000,0.0008033,0.0008262,0.0007537,0.0007746,307479860365,243604949.1593666,731974,118215105.9154543
1693612800000,0.0007747,0.0007976,0.0007600,0.0007838,160361810624,125654056.2015549,413736,62476660.2929117
1693699200000,0.0007839,0.0008083,0.0007707,0.0008022,131089425058,103331111.3444468,340859,51763427.2713724
1693785600000,0.0008023,0.0008284,0.0007810,0.0007976,184533879391,148256528.7956247,489797,72958758.9319043
1693872000000,0.0007977,0.0008200,0.0007831,0.0008028,148618027813,118908311.2903461,412791,58606091.5370361
1693958400000,0.0008029,0.0008112,0.0007680,0.0007960,149274287582,118065888.7465657,428528,56765769.8684228
1694044800000,0.0007959,0.0008153,0.0007843,0.0008082,118597220527,94670311.7003430,335889,46690993.0554752
1694131200000,0.0008083,0.0008156,0.0007713,0.0007965,119152792957,94694638.2827248,345974,46504319.1011130
1694217600000,0.0007965,0.0007982,0.0007818,0.0007857,62314665191,49096130.5860550,174624,23404127.8999440
1694304000000,0.0007857,0.0007860,0.0006861,0.0007069,257951991699,186646076.3699692,622423,88008318.8937872
1694390400000,0.0007069,0.0007101,0.0006428,0.0006688,331177473401,223192567.0204295,779949,108646023.2923046
1694476800000,0.0006688,0.0007095,0.0006616,0.0006714,240892336104,164455616.4280243,602313,82417684.3284253
1694563200000,0.0006714,0.0007004,0.0006527,0.0006740,193161408448,129963654.6066082,523439,64239508.5753154
1694649600000,0.0006739,0.0006967,0.0006690,0.0006828,145787351977,99431663.8050711,419489,48886853.6013740
1694736000000,0.0006829,0.0006877,0.0006535,0.0006839,146894285475,98713006.4899539,394341,47974732.2661357
1694822400000,0.0006838,0.0007084,0.0006703,0.0006756,124927159521,85285450.3645952,336217,41358589.1394108
1694908800000,0.0006756,0.0006761,0.0005929,0.0006270,196505958345,126539101.8070916,443597,60146157.5375658
1694995200000,0.0006271,0.0006498,0.0006161,0.0006264,210386837138,133412694.6265343,499903,64520778.5572195
1695081600000,0.0006263,0.0006494,0.0006237,0.0006424,139803539174,89310848.1039213,349187,43915500.2268765
1695168000000,0.0006425,0.0006477,0.0006100,0.0006283,160144554058,100533428.5899826,383892,49395254.8047535
1695254400000,0.0006283,0.0006389,0.0006014,0.0006115,153428945705,94897714.1380107,369824,45735352.3562217
1695340800000,0.0006114,0.0007337,0.0006044,0.0007144,680625326390,469020026.7271324,1376041,236222527.8431507
1695427200000,0.0007144,0.0007422,0.0006608,0.0006774,534590387743,369671360.6821463,1132329,181853613.5929818
1695513600000,0.0006774,0.0006941,0.0006550,0.0006758,224456746732,152010535.4174695,505114,75666411.7872668
1695600000000,0.0006759,0.0007196,0.0006620,0.0007104,372993216760,259982883.5468461,893174,130285985.0839684
1695686400000,0.0007104,0.0007262,0.0006820,0.0006949,222121414036,156514916.7619650,525961,75267917.7975208
1695772800000,0.0006949,0.0007680,0.0006939,0.0007354,343438006973,250854272.8852865,770334,126187899.9426567
1695859200000,0.0007353,0.0007544,0.0007059,0.0007335,230140490195,167487389.3121669,545942,80821019.6167818
1695945600000,0.0007335,0.0008258,0.0007252,0.0007909,485186894595,382735995.4454653,1126891,188927189.7577669
1696032000000,0.0007908,0.0008200,0.0007530,0.0007980,293069391419,231535014.8222567,691718,113503735.5515521
1696118400000,0.0007981,0.0008300,0.0007710,0.0008143,222017812692,176793752.0398348,580331,85615023.2212868
1696204800000,0.0008143,0.0008459,0.0006846,0.0007428,329102725418,259050515.5282117,800071,123733676.1163124
1696291200000,0.0007428,0.0007483,0.0007146,0.0007224,177241528633,130107557.2716764,457381,62179084.4129864
1696377600000,0.0007224,0.0007248,0.0006868,0.0007176,163987967118,116716404.6457157,423491,57499702.2488891
1696464000000,0.0007176,0.0007340,0.0006966,0.0007010,161003822943,114905948.5941050,431870,55168231.5964731
1696550400000,0.0007010,0.0007297,0.0006802,0.0007241,142897355068,101130867.3539537,384784,49639705.8481967
1696636800000,0.0007242,0.0007307,0.0006955,0.0007080,88112255631,62753115.8861612,262572,29988861.1213901
1696723200000,0.0007080,0.0007218,0.0006900,0.0007155,114709101401,80883392.9143859,331160,39695309.9345039
1696809600000,0.0007155,0.0007200,0.0006338,0.0006649,179257340362,120554099.9558426,447188,57169362.6238129
1696896000000,0.0006649,0.0006707,0.0006350,0.0006452,97141166934,63741952.7368890,269671,31172544.3035792
1696982400000,0.0006452,0.0006557,0.0006237,0.0006354,132912608108,84923498.4069773,341962,41800933.2169105
1697068800000,0.0006355,0.0006387,0.0006122,0.0006256,110719121144,69295830.7341056,285339,33834005.1772034
1697155200000,0.0006255,0.0006646,0.0006234,0.0006455,174726408353,112445839.9141561,408539,55187179.0041640
1697241600000,0.0006456,0.0006547,0.0006406,0.0006449,74352199450,48052298.0924574,196951,23603067.7562018
1697328000000,0.0006450,0.0006850,0.0006339,0.0006656,192893592289,128038146.8413357,467900,62332709.7348099
1697414400000,0.0006655,0.0007255,0.0006615,0.0006733,230715930795,157175390.3811840,558451,76142641.4115695
1697500800000,0.0006733,0.0006793,0.0006302,0.0006351,136885913584,89465702.5896327,355225,41101300.6532930
1697587200000,0.0006351,0.0006455,0.0006216,0.0006307,115487122594,73202461.3008953,316226,35609636.0147234
1697673600000,0.0006306,0.0006405,0.0006160,0.0006270,96873724151,60892081.1695126,245226,30065984.8731911
1697760000000,0.0006271,0.0006629,0.0006223,0.0006564,153441144206,99544278.9291910,353225,49852283.8224015
1697846400000,0.0006563,0.0007258,0.0006514,0.0006982,264707743484,183096204.0029645,632333,88293148.2639705
1697932800000,0.0006981,0.0007590,0.0006795,0.0007473,354479080264,257647418.9513665,847937,127067107.3466796
1698019200000,0.0007473,0.0010250,0.0007240,0.0010055,564616842943,458268609.3142410,1454039,228225285.4793672
1698105600000,0.0010051,0.0010580,0.0008588,0.0009254,1317304966637,1272716826.4462483,4140809,629161100.0107469
1698192000000,0.0009253,0.0012446,0.0009110,0.0012077,1143349690635,1265733018.2881495,3751179,635166677.8450636
1698278400000,0.0012077,0.0013590,0.0011267,0.0012849,1038001923284,1268612148.3481297,3949299,629439943.6591100
1698364800000,0.0012849,0.0012921,0.0011068,0.0011624,551706169578,658331837.7346977,2081446,321750354.7663946
1698451200000,0.0011625,0.0012625,0.0011170,0.0011425,265747197601,316400887.1055582,1023217,153935127.5411058
1698537600000,0.0011424,0.0011599,0.0011041,0.0011473,199209738111,226988042.2545734,801999,112028475.0793299
1698624000000,0.0011473,0.0012277,0.0011290,0.0011724,334296015263,393661684.7697558,1293057,191045973.9996443
1698710400000,0.0011725,0.0012095,0.0010820,0.0011465,311519441577,360720727.5541150,1142666,173328549.3336013
1698796800000,0.0011465,0.0012250,0.0010896,0.0011867,335330782714,384663253.3518620,1168933,187257178.8104725
1698883200000,0.0011867,0.0012125,0.0010458,0.0010919,310002552619,349626532.9077919,1053022,167855835.7018994
1698969600000,0.0010920,0.0010977,0.0010245,0.0010788,214727800362,228502156.8553237,727096,111228175.4927731
1699056000000,0.0010789,0.0011454,0.0010635,0.0011171,165254148210,182235919.7524611,549861,89435418.2155384
1699142400000,0.0011171,0.0011479,0.0010762,0.0011225,162564276583,181859120.9123907,568927,88381163.9546021
1699228800000,0.0011226,0.0012164,0.0011041,0.0012085,252229716938,294028720.7122635,914884,145199583.3923800
1699315200000,0.0012085,0.0012087,0.0010821,0.0011661,228711438768,262283819.6903811,799818,124271703.6017367
1699401600000,0.0011661,0.0012046,0.0011399,0.0011849,153365004729,179128669.5389776,580937,89101556.1226933
1699488000000,0.0011848,0.0014610,0.0010316,0.0013343,720281688398,937180704.4907539,2507866,462708276.5819249
1699574400000,0.0013341,0.0013677,0.0012276,0.0013437,292321162480,381105061.1834306,1276960,187137220.8432912
1699660800000,0.0013436,0.0013866,0.0012414,0.0012774,200304487256,260527331.9724491,1008630,126802684.6255542
1699747200000,0.0012775,0.0012969,0.0011750,0.0012271,191121428664,236812241.0925577,952467,114317155.7154832
1699833600000,0.0012272,0.0013030,0.0011557,0.0011634,303654747310,369354071.5705536,1389737,179212850.1126681
1699920000000,0.0011635,0.0011992,0.0010747,0.0011522,215122473893,249113260.3210060,928528,120364425.9742404
1700006400000,0.0011521,0.0012918,0.0011427,0.0012562,175881146821,213134180.0144276,772027,105115789.3796159
1700092800000,0.0012561,0.0013361,0.0011150,0.0011420,233047341840,279422733.3719500,1055212,136597558.6766275
1700179200000,0.0011420,0.0011816,0.0010891,0.0011525,164108023990,187128540.1759533,686541,89780593.4913397
1700265600000,0.0011526,0.0011536,0.0010906,0.0011485,93264776070,105353497.2722297,432513,51551374.3340019
1700352000000,0.0011484,0.0011939,0.0011127,0.0011913,97961204261,111930639.3678718,409761,55341902.3560643
1700438400000,0.0011914,0.0012480,0.0010757,0.0011311,192315575835,228405723.9578343,765298,109537105.4172804
1700524800000,0.0011312,0.0011440,0.0010255,0.0010341,196596173428,215353364.7380987,813487,103863672.0192616
1700611200000,0.0010339,0.0011215,0.0010280,0.0011070,106388518602,115230688.2625139,456243,57478614.7829155
1700697600000,0.0011069,0.0011368,0.0010651,0.0010691,77591450632,85352094.3725381,373139,40759424.9110215
1700784000000,0.0010691,0.0011414,0.0010627,0.0011077,105421197336,116771445.4118842,495988,57435148.7108530
1700870400000,0.0011077,0.0011939,0.0010972,0.0011797,107228223510,122962261.6275170,470987,60419083.6819982
1700956800000,0.0011796,0.0011865,0.0010696,0.0011154,129561306039,147440967.1530528,570616,69959209.6245712
1701043200000,0.0011153,0.0011270,0.0010446,0.0010831,112424777532,120951083.1922956,498952,57895799.9586635
1701129600000,0.0010831,0.0011136,0.0010361,0.0010950,103350869186,111804720.5333110,456700,53820531.5939551
1701216000000,0.0010950,0.0011226,0.0010484,0.0010571,86755426968,93761212.2458264,426569,43981714.8040348
1701302400000,0.0010571,0.0010942,0.0010510,0.0010869,69480523624,74365462.3241794,334503,37463173.9495225
1701388800000,0.0010868,0.0011199,0.0010801,0.0011062,80610253217,88720265.6840773,354496,42643288.9463199
1701475200000,0.0011061,0.0012036,0.0011020,0.0011668,115087901317,131708556.2339210,507245,64734807.6721373
1701561600000,0.0011667,0.0012363,0.0011616,0.0012075,153537747992,184202722.8646987,695066,90525479.0629830
1701648000000,0.0012074,0.0015033,0.0011125,0.0013953,472633632759,628452244.2082233,2087994,304875691.2202529
1701734400000,0.0013954,0.0016932,0.0013427,0.0016203,569704556506,862731899.2493034,2980651,421787323.8272715
1701820800000,0.0016203,0.0016990,0.0014658,0.0014825,400337873329,628931159.3750076,2177857,303606089.2894120
1701907200000,0.0014826,0.0016543,0.0014165,0.0015250,231501619133,350026085.6449429,1276519,171837806.3363971
1701993600000,0.0015250,0.0016049,0.0014919,0.0015760,145782870332,224421200.2493480,906651,108784089.9494367
1702080000000,0.0015761,0.0017578,0.0015029,0.0015327,243041383702,395646537.7755791,1437027,190580958.1129067
1702166400000,0.0015329,0.0016364,0.0014943,0.0016054,125753906290,195585865.6494357,776810,96838771.8365152
1702252800000,0.0016055,0.0016167,0.0011510,0.0014127,223857357886,319380954.7106910,1253940,151904714.8047716
1702339200000,0.0014128,0.0014583,0.0013425,0.0013972,136766210608,191724385.1577719,813980,93787489.4084085
1702425600000,0.0013973,0.0014418,0.0012983,0.0014164,135990228144,185771422.7817644,821990,91393530.1936782
1702512000000,0.0014164,0.0014880,0.0013281,0.0014855,164325079909,234520012.8740953,945154,114176075.8263151
1702598400000,0.0014855,0.0015008,0.0013217,0.0013294,115636152778,161966016.9889792,698659,78361447.7817285
1702684800000,0.0013295,0.0014753,0.0013116,0.0014169,111283606541,156730587.0068706,758070,77184394.6605283
1702771200000,0.0014168,0.0014710,0.0013300,0.0013374,103458411058,143409588.0987986,634996,68585827.9221393
1702857600000,0.0013373,0.0013561,0.0012027,0.0013066,112091267068,142799681.5567649,671587,69004812.2794118
1702944000000,0.0013067,0.0013437,0.0012402,0.0012483,81154115919,104794402.7392803,530333,50784836.4088060
1703030400000,0.0012483,0.0013151,0.0012312,0.0012703,88917439054,113777079.3429362,527285,56130728.6077652
1703116800000,0.0012704,0.0013287,0.0012250,0.0013066,113532705153,144580747.3619349,631349,70456143.3306317
1703203200000,0.0013064,0.0015901,0.0012540,0.0015813,402437829308,588693804.7073361,2281432,291308559.0033436
1703289600000,0.0015813,0.0015986,0.0014384,0.0014733,160067173204,238038246.0798390,1052871,116901316.2117817
1703376000000,0.0014735,0.0014936,0.0013298,0.0013748,145223225038,205736122.3690357,931060,97766051.6442524
1703462400000,0.0013746,0.0014486,0.0013576,0.0014078,92851605149,130379571.8202245,633594,61743127.7989263
1703548800000,0.0014078,0.0014289,0.0012343,0.0013393,132224931207,179274626.3545561,806012,84408797.7445975
1703635200000,0.0013393,0.0014974,0.0012811,0.0014480,149581198307,209538682.8094843,896888,101590564.3030228
1703721600000,0.0014480,0.0015082,0.0013315,0.0013435,128950678975,180494275.1081009,826901,87104903.4002093
1703808000000,0.0013436,0.0014455,0.0013010,0.0013491,116819807030,159306350.6289333,712170,75826457.3400282
1703894400000,0.0013490,0.0013734,0.0013000,0.0013091,65388336275,87417416.1704642,460234,41761985.6490840
1703980800000,0.0013091,0.0013540,0.0012570,0.0012956,73344047835,97247432.3378292,478326,45651979.1854003
1704067200000,0.0012956,0.0014121,0.0012630,0.0014066,67542067435,90235763.9773825,471578,44095932.9676719
1704153600000,0.0014067,0.0014451,0.0013197,0.0013391,97560394501,135447226.6373158,622032,66342720.3277263
1704240000000,0.0013391,0.0014295,0.0009642,0.0011875,216045792275,269354707.0564485,1174068,127639036.0454918
1704326400000,0.0011875,0.0012897,0.0011704,0.0012558,106704369202,131941477.1893501,653413,63449463.2171515
1704412800000,0.0012558,0.0012765,0.0011543,0.0011974,109721152140,131791129.7590482,636575,63916312.3932767
1704499200000,0.0011973,0.0011982,0.0010926,0.0011575,82613582802,94922635.4225733,531565,45400451.3813495
1704585600000,0.0011574,0.0012166,0.0010920,0.0011126,78529536846,91014785.4627077,508310,43822493.5887421
1704672000000,0.0011126,0.0012108,0.0010310,0.0011944,124721399479,140521582.4190559,763394,69208016.7732089
1704758400000,0.0011943,0.0012624,0.0010988,0.0011968,123621369565,143372984.0859436,724381,71164126.0163888
1704844800000,0.0011966,0.0013900,0.0011575,0.0013310,279464938796,348051577.8362845,1536532,170574492.4471466
1704931200000,0.0013310,0.0015015,0.0012982,0.0013642,235592065336,327512541.6084776,1435972,161205161.5171769
1705017600000,0.0013641,0.0014082,0.0011561,0.0012348,206886534264,273809025.2751575,1224345,131075418.5347742
1705104000000,0.0012347,0.0012627,0.0011852,0.0012439,77333312787,95214569.1513474,503883,47153081.1806252
1705190400000,0.0012439,0.0012559,0.0011902,0.0011939,69332313532,85381480.0906633,479879,40878980.3928162
1705276800000,0.0011940,0.0012461,0.0011918,0.0012046,52690769360,64335099.8918551,358359,30347539.4461923
1705363200000,0.0012045,0.0012678,0.0011790,0.0012454,67530592339,82567866.9426618,435816,39545519.9666545
1705449600000,0.0012454,0.0012682,0.0011900,0.0012074,86248693824,105453017.5598545,491743,50869451.4399780
1705536000000,0.0012074,0.0012120,0.0011210,0.0011444,81265040986,95147541.9196640,462182,45051876.7686539
1705622400000,0.0011444,0.0011509,0.0010562,0.0011373,74980861506,83524864.3977452,454607,41273190.4606629
1705708800000,0.0011373,0.0011827,0.0011071,0.0011665,59923865831,68008036.9318222,311203,33886994.8045811
1705795200000,0.0011663,0.0011913,0.0011178,0.0011234,42084744289,48587483.2457061,268185,22558699.9877189
1705881600000,0.0011232,0.0011275,0.0010428,0.0010547,87818419509,95336640.2958671,514762,46840502.6257255
1705968000000,0.0010547,0.0010727,0.0009737,0.0010413,102763044329,105050964.9292341,540511,51512960.5775848
1706054400000,0.0010413,0.0010680,0.0010216,0.0010430,62302153026,64789670.0496001,378481,31505333.0009476
1706140800000,0.0010432,0.0010508,0.0010009,0.0010280,58091609408,59379927.0655970,340008,29019777.3041386
1706227200000,0.0010279,0.0010905,0.0010160,0.0010830,53115030656,56422836.6861286,302621,28078988.5366294
1706313600000,0.0010830,0.0011052,0.0010688,0.0010958,44931485238,48897982.6533278,239904,23112214.7986954
1706400000000,0.0010958,0.0011188,0.0010515,0.0010658,57783565914,62652225.2727385,286783,30988539.6495169
1706486400000,0.0010658,0.0010846,0.0010339,0.0010648,63377684873,67267346.5354430,330639,33026766.7849038
1706572800000,0.0010647,0.0010804,0.0010044,0.0010093,84905365395,89040771.4039249,457629,43745758.4404678
1706659200000,0.0010093,0.0010142,0.0009055,0.0009130,172926019942,164204658.4830737,829181,78387179.8921071
1706745600000,0.0009131,0.0009380,0.0008864,0.0009174,97620767391,89308430.7278201,475015,44615993.1373337
1706832000000,0.0009174,0.0009408,0.0009148,0.0009294,54260220199,50401261.6971009,268432,24104572.1649247
1706918400000,0.0009294,0.0009487,0.0009150,0.0009240,38926850046,36310394.8574255,202749,16667761.4589550
1707004800000,0.0009241,0.0009242,0.0008765,0.0008882,56375327148,50906431.8498479,278494,24488929.1132442
1707091200000,0.0008881,0.0009796,0.0008653,0.0008981,135458038668,125151123.8307071,539811,59335378.0451247
1707177600000,0.0008981,0.0009170,0.0008840,0.0009040,81320138833,73305606.4840671,369859,36799327.8605695
1707264000000,0.0009039,0.0009841,0.0009036,0.0009667,93825324825,88581459.9387053,435670,42630782.2683337
1707350400000,0.0009668,0.0009850,0.0009404,0.0009554,79019780978,76182853.1824474,390216,37308701.7297990
1707436800000,0.0009554,0.0010303,0.0009532,0.0010167,85456141448,85251709.0855969,444242,40911634.1442515
1707523200000,0.0010167,0.0010422,0.0010042,0.0010144,50199478354,51349231.0398744,289469,24883123.6091991
1707609600000,0.0010143,0.0010358,0.0009861,0.0010054,49565977461,50083843.0370437,273125,24644519.8689837
1707696000000,0.0010054,0.0010920,0.0009859,0.0010807,89473396913,92846820.0640028,485820,45860641.4365691
1707782400000,0.0010807,0.0011340,0.0010474,0.0010839,118031754293,129010251.8384601,609106,62578788.8730290
1707868800000,0.0010838,0.0012644,0.0010632,0.0012479,189294342511,225133525.1258381,940967,111100338.1347551
1707955200000,0.0012479,0.0013100,0.0011933,0.0012451,177851785442,222126301.6287522,951281,109553487.9516158
1708041600000,0.0012451,0.0012634,0.0011410,0.0011671,106441641172,127345345.3250953,576108,61998376.5738709
1708128000000,0.0011672,0.0012016,0.0011090,0.0011883,74833524321,86662884.4507482,423144,41668106.2912797
1708214400000,0.0011883,0.0012365,0.0011674,0.0012255,61494420647,73851810.3724767,377907,35855880.7092667
1708300800000,0.0012256,0.0012639,0.0011911,0.0012315,71352297108,87175697.1690645,453449,41372477.6957084
1708387200000,0.0012316,0.0012459,0.0011115,0.0011945,114318202198,135647348.4970582,678425,65598437.1836078
1708473600000,0.0011946,0.0012003,0.0010969,0.0011543,86306408013,98119781.1320152,536084,46993401.9106739
1708560000000,0.0011544,0.0012450,0.0011062,0.0012105,122672517818,145780552.0601861,697549,71719138.3952589
1708646400000,0.0012105,0.0014121,0.0011714,0.0011969,322772728797,412547445.4665616,1755330,202316401.0718559
1708732800000,0.0011969,0.0013208,0.0011491,0.0013131,135844423004,167408260.3978789,747759,82698857.3947939
1708819200000,0.0013132,0.0013992,0.0012814,0.0013778,135334018736,180532070.8876530,916988,88434854.7792401
1708905600000,0.0013779,0.0018920,0.0013447,0.0018099,418473306184,667308358.1162349,2578923,333871584.2505949
1708992000000,0.0018100,0.0029760,0.0017446,0.0026629,1151650026527,2679913495.6729250,8850628,1347150347.0657908
1709078400000,0.0026636,0.0036494,0.0025777,0.0031813,1222027170510,3727047453.0724722,11547727,1863901676.9990780
1709164800000,0.0031814,0.0033300,0.0026381,0.0027366,446631132227,1336502321.4528900,5010027,652484273.5268452
1709251200000,0.0027367,0.0043470,0.0026737,0.0039945,739084304028,2666074145.3648377,7944861,1331796999.1800090
1709337600000,0.0039951,0.0049896,0.0039181,0.0043776,606149479341,2617206461.3980283,7611949,1293223869.9662803
1709424000000,0.0043780,0.0060363,0.0036047,0.0059277,676314217052,3445595664.9541736,9882137,1707031488.7756306
1709510400000,0.0059289,0.0083233,0.0055757,0.0070265,828345547505,5911993303.5837683,13965863,2954557796.7455117
1709596800000,0.0070293,0.0087500,0.0049288,0.0063028,724178655428,5061252459.8700290,13525528,2471413175.5559903
1709683200000,0.0063028,0.0082740,0.0058944,0.0072109,448058912465,3298922266.0141401,9948193,1642841824.7838004
1709769600000,0.0072111,0.0076500,0.0064100,0.0068150,287274366488,1968786273.9782370,5956365,967276810.5783295
1709856000000,0.0068157,0.0095621,0.0067590,0.0090266,536578544767,4532320750.9949192,11507334,2255386063.4055823
1709942400000,0.0090253,0.0099550,0.0084500,0.0087737,261104882221,2367120386.9587321,5899876,1161757408.6881258
1710028800000,0.0087740,0.0093507,0.0082000,0.0085492,210179277710,1830352714.7721011,4769595,890428596.9727569
1710115200000,0.0085492,0.0095874,0.0077657,0.0090515,205016630765,1797621309.1596184,4938544,884573571.8696088
1710201600000,0.0090522,0.0091740,0.0075219,0.0082885,172111709622,1423811313.4215973,4224153,692126400.5434987
1710288000000,0.0082890,0.0093988,0.0081188,0.0090421,240809891349,2133810283.1490697,6061225,1047454877.1845722
1710374400000,0.0090412,0.0108880,0.0087511,0.0099682,385902272747,3844465323.6530389,9708347,1910282411.4423870
1710460800000,0.0099683,0.0103695,0.0082450,0.0089318,266933850245,2431959334.5892028,7117473,1195961202.0181257
1710547200000,0.0089318,0.0090929,0.0070320,0.0074404,255575239245,1992304513.0718771,5843073,967365841.4989547
1710633600000,0.0074404,0.0082000,0.0068801,0.0078507,209092372927,1594372006.4864021,5285363,790238581.5608315
1710720000000,0.0078508,0.0082173,0.0066025,0.0068171,175642656366,1281228876.6663474,4130708,624489004.8042278
1710806400000,0.0068171,0.0074472,0.0058262,0.0066026,311547821724,2042057232.9184499,6360315,1005423204.9593987
1710892800000,0.0066026,0.0086000,0.0064194,0.0083869,295092776879,2160174294.3575027,6885720,1086912517.5988968
1710979200000,0.0083869,0.0084781,0.0076680,0.0078995,165948663975,1348574281.4225158,4599197,668717641.6362431
1711065600000,0.0078997,0.0082959,0.0071072,0.0074237,138539844295,1052843311.6100525,3936142,519490781.3023896
1711152000000,0.0074248,0.0077656,0.0073098,0.0073246,100403802293,757013219.6336623,2624288,378390428.3461638
1711238400000,0.0073248,0.0080065,0.0071915,0.0078184,78586611667,586987411.0005996,2268675,292586465.0709269
1711324800000,0.0078187,0.0085331,0.0074420,0.0081028,131179622831,1049229605.7827879,3868591,514251955.4822763
1711411200000,0.0081028,0.0087674,0.0078354,0.0080402,117817348784,969542763.6218627,3569314,478906649.2144663
1711497600000,0.0080402,0.0083747,0.0075118,0.0076289,85533315440,675496037.4519415,2575520,328709848.5749025
1711584000000,0.0076290,0.0083333,0.0073855,0.0080363,103077179866,818531685.8063848,2916209,403575632.2860376
1711670400000,0.0080362,0.0080801,0.0075722,0.0077530,60746679937,474124175.6064744,1842235,229879587.5540390
1711756800000,0.0077528,0.0088789,0.0077146,0.0081317,130123799067,1085905306.3664019,3465235,531702818.5718506
1711843200000,0.0081317,0.0092220,0.0080353,0.0088040,120072911461,1051213980.5675705,3051584,524292677.9263253
1711929600000,0.0088038,0.0088083,0.0075500,0.0079297,113792115675,920797875.8890601,2920388,441056655.1642915
1712016000000,0.0079297,0.0079400,0.0068997,0.0072589,136514140269,986525591.5883225,3138757,481153592.2734188
1712102400000,0.0072585,0.0074531,0.0066000,0.0068099,95093919618,675214875.2615947,2553881,327396632.5679896
1712188800000,0.0068101,0.0072000,0.0066120,0.0069251,72290047424,502700094.2457429,1947893,244499457.7764840
1712275200000,0.0069250,0.0069938,0.0063475,0.0065753,70985099851,471509444.3251940,1898156,227953021.4807960
1712361600000,0.0065754,0.0068756,0.0065436,0.0067739,44683377423,301366810.7777538,1239380,148957712.5580288
1712448000000,0.0067739,0.0075352,0.0067277,0.0074518,84056294755,605966656.2428254,2238701,298083307.9545430
1712534400000,0.0074516,0.0079796,0.0072009,0.0077765,81487794809,622960300.1247021,2326684,308647618.2938902
1712620800000,0.0077766,0.0078812,0.0069120,0.0070416,73052584683,533995596.4340596,2006498,256172903.6467675
1712707200000,0.0070415,0.0072695,0.0066500,0.0071407,77718392408,541131342.3802179,2211301,263982383.4554689
1712793600000,0.0071408,0.0075750,0.0068116,0.0073175,102972049439,742384291.0966314,2631545,369189667.4761489
1712880000000,0.0073187,0.0075826,0.0045160,0.0059117,200381397820,1239907287.5138255,3997834,588915860.0448797
1712966400000,0.0059116,0.0060484,0.0037585,0.0050416,295397630332,1498937245.5694746,5083179,727630971.2074351
1713052800000,0.0050422,0.0055686,0.0048174,0.0054320,203311273876,1065465361.9999271,4066858,530934011.2500351
1713139200000,0.0054318,0.0058230,0.0047330,0.0050914,160866737366,844026128.2333565,3248814,418485329.5709648
1713225600000,0.0050915,0.0055613,0.0047513,0.0054015,171289752010,882925500.1701223,3452895,439444430.5060268
1713312000000,0.0054014,0.0054845,0.0048612,0.0049111,130298661931,664582317.6301178,2832695,326223080.5421197
1713398400000,0.0049112,0.0052900,0.0046293,0.0050800,116578690536,580100639.4026649,2327543,285715685.7144373
1713484800000,0.0050799,0.0054728,0.0045929,0.0051359,124605709956,632185453.3220878,2468384,313761693.4451084
1713571200000,0.0051359,0.0058934,0.0050230,0.0058020,89842323963,489646016.7242006,1929212,241252609.5763178
1713657600000,0.0058018,0.0062300,0.0056039,0.0059511,117101049457,692665469.3106259,2457437,342632643.2625743
1713744000000,0.0059511,0.0069841,0.0059217,0.0068702,163570880615,1061742022.5197958,3578058,530265175.6173798
1713830400000,0.0068702,0.0078658,0.0066462,0.0076769,203054111669,1488211098.0961986,4701159,750111009.7782789
1713916800000,0.0076765,0.0081888,0.0070483,0.0072463,193586368468,1485697853.8340947,4558936,736129649.3627573
1714003200000,0.0072463,0.0080899,0.0069518,0.0077785,181685434699,1376054897.0378583,4374112,688676123.2748109
1714089600000,0.0077784,0.0078888,0.0072204,0.0073724,133609200495,1004315616.3814487,3164316,492625771.2287484
1714176000000,0.0073725,0.0074244,0.0066680,0.0072024,130211259621,917273998.2401444,2962205,444950426.1540777
1714262400000,0.0072025,0.0077628,0.0071246,0.0072219,99055326778,736924946.7838759,2628671,363159841.5345125
1714348800000,0.0072219,0.0074871,0.0067842,0.0073579,113664876987,802837723.7885148,2960626,392440245.3715084
1714435200000,0.0073586,0.0075950,0.0063331,0.0066672,192898773667,1325847676.4647703,4545417,650928912.8595147
1714521600000,0.0066671,0.0073000,0.0059200,0.0069879,245027897455,1585764438.9805963,4935599,786838449.4624244
1714608000000,0.0069878,0.0078764,0.0066656,0.0075411,210026990653,1543130127.8823143,4521773,777750975.5465380
1714694400000,0.0075418,0.0083279,0.0074540,0.0080717,178986459694,1416802223.5404007,4091609,714192713.4244331
1714780800000,0.0080718,0.0089911,0.0080100,0.0086737,138314527627,1194998027.7606365,3680337,597577581.9234503
1714867200000,0.0086733,0.0087995,0.0082531,0.0085314,103811196267,882562646.6611406,2683783,434518723.0439667
1714953600000,0.0085313,0.0091856,0.0083155,0.0083491,134230398502,1162550241.2690554,3654036,576356094.4256306
1715040000000,0.0083491,0.0086488,0.0078888,0.0079026,99372329456,821100894.4650181,2732249,397618794.1217426
1715126400000,0.0079028,0.0082539,0.0076123,0.0079604,107873612068,853977710.0645318,2696871,419844623.0415282
1715212800000,0.0079604,0.0087522,0.0078961,0.0085376,129670161385,1075478457.1738554,3028885,537573123.4309369
1715299200000,0.0085377,0.0088161,0.0081535,0.0084032,116726085767,991028601.1345234,2783635,494408195.0298229
1715385600000,0.0084033,0.0089498,0.0083638,0.0085075,95611490474,825326923.6882027,2385632,408610804.9242082
1715472000000,0.0085075,0.0089700,0.0084840,0.0087449,80148176217,699135642.3947732,1864287,352910670.1068292
1715558400000,0.0087450,0.0113100,0.0082913,0.0099128,295867716498,2861837945.6590117,6858748,1452664606.5214058
1715644800000,0.0099128,0.0114949,0.0098225,0.0105653,339991217822,3595068168.3345986,8548453,1801655291.9378012
1715731200000,0.0105653,0.0115999,0.0099367,0.0105010,268151934616,2904041967.0556276,6832657,1445661286.2638108
1715817600000,0.0105008,0.0108170,0.0096069,0.0100336,137460801793,1401168879.8358411,3716594,688679592.9111098
1715904000000,0.0100336,0.0104439,0.0098298,0.0101650,93242340034,944788125.8944274,2701480,470109797.7873269
1715990400000,0.0101651,0.0104636,0.0091644,0.0095332,92749498289,900292708.1443974,2394268,436975744.4937177
1716076800000,0.0095332,0.0095920,0.0088719,0.0091465,77900610199,718519862.4958292,2052921,349524307.0736379
1716163200000,0.0091465,0.0115000,0.0089447,0.0114217,157638210204,1580555241.7980821,4453587,799695166.8649422
1716249600000,0.0114216,0.0142980,0.0108231,0.0138438,250133215347,3059220084.1776503,7123303,1541698788.2016749
1716336000000,0.0138440,0.0143491,0.0125441,0.0133986,212460022034,2870861594.2227004,6854079,1432692120.0424854
1716422400000,0.0133987,0.0158200,0.0123000,0.0149396,251944831082,3572308695.7544441,8800981,1779907164.1875672
1716508800000,0.0149396,0.0151656,0.0134501,0.0141589,121100526744,1714232536.7486964,4473303,843650660.1439044
1716595200000,0.0141589,0.0158880,0.0141221,0.0149854,112223641811,1696392944.6348785,4208349,841641606.3610800
1716681600000,0.0149855,0.0164371,0.0146209,0.0160312,119610804910,1873296718.3887960,4762364,943557582.5648053
1716768000000,0.0160314,0.0172768,0.0160020,0.0167245,123156780984,2060928201.7422012,5772948,1030637359.9068184
1716854400000,0.0167246,0.0171576,0.0156353,0.0160127,121191979343,1966425875.0731137,5013248,958808808.6458342
1716940800000,0.0160126,0.0166090,0.0143400,0.0147750,115471887335,1764707444.2171054,4218242,856948126.2657876
1717027200000,0.0147750,0.0152331,0.0131778,0.0144263,146703045456,2083850460.1156567,4613004,1018493694.3646725
1717113600000,0.0144262,0.0158198,0.0142662,0.0154276,125681751187,1889905292.1491193,4486757,934473764.8145161
1717200000000,0.0154276,0.0157778,0.0147719,0.0148707,68219715662,1043685784.0179824,2678085,517286383.5035939
1717286400000,0.0148710,0.0151080,0.0138915,0.0146339,68369492777,996309055.7252801,2467096,487043028.4199754
1717372800000,0.0146338,0.0156715,0.0143372,0.0144511,80482907723,1206792853.9367565,3079639,589821687.9047425
1717459200000,0.0144511,0.0147980,0.0140000,0.0143723,60953094745,875910972.2410545,2284360,429678984.4561076
1717545600000,0.0143724,0.0150907,0.0140740,0.0145939,67764078462,984956017.0952591,2607077,478141000.6096069
1717632000000,0.0145939,0.0152369,0.0142141,0.0143598,57189547830,840810810.3867644,2345996,410360480.0793919
1717718400000,0.0143597,0.0145377,0.0111200,0.0127798,116172565256,1535454087.5331033,3557952,720382790.5676058
1717804800000,0.0127792,0.0132186,0.0119603,0.0121144,78587518845,989990610.1858649,2285008,480763218.8527038
1717891200000,0.0121144,0.0129500,0.0118512,0.0127512,64456447003,800118361.7559396,2038121,400806997.6392400
1717977600000,0.0127501,0.0131323,0.0120443,0.0120847,64003501024,804755158.7165299,2233875,390717836.5169108
1718064000000,0.0120847,0.0129971,0.0111989,0.0127355,124645448007,1514673565.2512789,3921144,749516648.8900549
1718150400000,0.0127355,0.0139181,0.0121090,0.0132106,120917474607,1592577284.2982033,4175620,798334731.1252914
1718236800000,0.0132106,0.0133539,0.0117130,0.0119077,81258072449,1006411527.2703017,2738783,484553935.7975912
1718323200000,0.0119076,0.0122675,0.0105707,0.0113679,109371070271,1255501903.9734904,3219284,604196804.5941744
1718409600000,0.0113673,0.0122961,0.0113231,0.0118436,67996729988,809129492.8447181,2279496,404227221.4193817
1718496000000,0.0118436,0.0124531,0.0114440,0.0123026,63053981642,757207286.2949465,2025881,376635624.3883874
1718582400000,0.0123048,0.0124240,0.0106550,0.0111616,98448882690,1137125588.2109021,2966762,549330362.9852899
1718668800000,0.0111620,0.0112451,0.0095055,0.0109641,150184512064,1573490728.6911288,4180410,775374056.7993004
1718755200000,0.0109649,0.0118965,0.0107537,0.0113449,103243344726,1183504180.6707067,3201080,579712932.9706798
1718841600000,0.0113450,0.0122489,0.0108240,0.0109885,108759576628,1247944778.6249470,3032379,614229354.6633765
1718928000000,0.0109885,0.0117558,0.0105436,0.0114103,105737927399,1183430181.5104181,3040770,587616217.5579751
1719014400000,0.0114080,0.0116373,0.0111604,0.0114162,46641933202,532672975.6968181,1492355,263389595.3488899
1719100800000,0.0114174,0.0118424,0.0108146,0.0109077,62011912555,706024493.7958699,1731546,345970075.9037360
1719187200000,0.0109078,0.0113291,0.0099233,0.0112922,115672907743,1238800349.0722523,3186694,607353246.4913865
1719273600000,0.0112924,0.0130708,0.0112604,0.0128475,118507233623,1448008996.3994481,3211434,723995397.6973529
1719360000000,0.0128475,0.0134900,0.0121008,0.0125368,87961470517,1111216174.2920574,2688478,550570251.4166267
1719446400000,0.0125375,0.0127468,0.0121230,0.0125908,71688382954,888970729.9088385,2230607,442707979.9924047
1719532800000,0.0125913,0.0126492,0.0113556,0.0115759,76953266954,931769397.6181456,2264711,445691190.7488938
1719619200000,0.0115760,0.0118478,0.0112533,0.0113062,39403172678,458484819.3441375,1154529,224069182.6946679
1719705600000,0.0113063,0.0119285,0.0108224,0.0119235,67483931572,763211533.0361303,1777057,374161725.5123917
1719792000000,0.0119226,0.0121890,0.0113100,0.0114217,63301357056,738360596.7595556,1853132,363953415.5096007
1719878400000,0.0114216,0.0116480,0.0109589,0.0113166,54061476159,612429233.6673034,1760094,300544912.7694265
1719964800000,0.0113167,0.0113408,0.0099340,0.0102430,99757144239,1043920596.9167828,2530010,498698017.4580080
1720051200000,0.0102435,0.0103662,0.0088200,0.0089254,160166560999,1518550407.7794312,3595640,738910691.9237176
1720137600000,0.0089251,0.0091799,0.0076160,0.0088814,253389189123,2120087786.3528117,4648934,1035948591.1044855
1720224000000,0.0088814,0.0099057,0.0087028,0.0097271,99819774587,923268829.7857365,2249250,453802574.1428662
1720310400000,0.0097271,0.0097406,0.0083282,0.0084052,94566625327,858258605.4247308,2159196,413329694.7830665
1720396800000,0.0084052,0.0095366,0.0077382,0.0091432,198435165680,1733647641.7226496,4362801,857471058.0135504
1720483200000,0.0091432,0.0095798,0.0088844,0.0090815,97619803519,895747678.1140532,2708496,443179617.1766894
1720569600000,0.0090814,0.0094441,0.0087516,0.0091949,77561297631,711674302.7711008,2094901,350339201.1160148
1720656000000,0.0091955,0.0097781,0.0088000,0.0088945,93069089501,863836993.5025527,2480445,419926931.7251911
1720742400000,0.0088944,0.0089755,0.0082707,0.0086816,88469890622,765579580.6293176,1959780,377003661.2912620
1720828800000,0.0086816,0.0089288,0.0084444,0.0086860,59623642479,519733231.7474886,1365721,255317192.9600929
1720915200000,0.0086859,0.0093539,0.0085883,0.0091998,86937575788,777742114.7393128,1882681,378788398.0563855
1721001600000,0.0091994,0.0114683,0.0091345,0.0113159,171293630222,1726546984.3629861,3594663,870777964.0761127
1721088000000,0.0113156,0.0132225,0.0111221,0.0123768,245029673634,2946349273.1636894,6186637,1473098153.4620823
1721174400000,0.0123757,0.0129069,0.0115220,0.0116862,119215888916,1444260464.9796234,3130531,714005192.1726927
1721260800000,0.0116862,0.0122450,0.0112213,0.0116426,97544040774,1148252056.7855737,2661398,565612068.8099851
1721347200000,0.0116449,0.0130615,0.0112802,0.0126938,102807881333,1237102149.9233754,2665149,606494609.0478277
1721433600000,0.0126937,0.0127656,0.0119080,0.0122107,69478356322,849233317.8947723,1978695,412466676.7118758
1721520000000,0.0122123,0.0127420,0.0115501,0.0124953,75121214561,913743439.3497714,2154351,442805017.8802516
1721606400000,0.0124954,0.0126790,0.0117180,0.0118821,57101642026,694981526.2545710,1791957,337091949.1845686
1721692800000,0.0118821,0.0127579,0.0115869,0.0125261,110825827326,1340889968.5410332,2957169,662392235.5941288
1721779200000,0.0125261,0.0131649,0.0119695,0.0122001,106928447939,1339302862.1067008,2952696,667999147.3971539
1721865600000,0.0122007,0.0122687,0.0108244,0.0114723,108778737540,1263144617.6700374,2863237,605864347.2010065
1721952000000,0.0114723,0.0121200,0.0113934,0.0120225,61932432729,735519344.3579638,1737518,360165359.4350134
1722038400000,0.0120228,0.0124910,0.0115793,0.0119053,68903939713,829778540.6894671,1795817,403763327.8810685
1722124800000,0.0119053,0.0119693,0.0115321,0.0117397,35107239540,412450157.1826768,983963,199666374.1406427
1722211200000,0.0117397,0.0124261,0.0116889,0.0117893,64026633554,770409204.4898550,1751486,373437154.1719667
1722297600000,0.0117892,0.0120272,0.0110268,0.0113012,55729123280,644389077.6475488,1566396,305479356.2728503
1722384000000,0.0113012,0.0116399,0.0108602,0.0110435,58917955477,666023389.8628213,1466886,320401646.1782313
1722470400000,0.0110435,0.0111441,0.0097146,0.0105152,106126795559,1098500204.8672453,2487205,538865812.0933066
1722556800000,0.0105151,0.0106021,0.0092220,0.0093223,109658732582,1086591614.9117544,2522318,521741392.0431037
1722643200000,0.0093223,0.0095420,0.0082845,0.0086116,119919432797,1072170694.2760505,2532030,525188274.8612819
1722729600000,0.0086118,0.0087748,0.0076500,0.0080928,145083723756,1199533392.5956975,2920094,587557202.7784602
1722816000000,0.0080937,0.0082571,0.0058452,0.0070450,475611976172,3233411634.0047121,7876178,1599508096.1351412
1722902400000,0.0070450,0.0081785,0.0070224,0.0077358,182216595566,1420025110.6285774,3528573,703156491.5184420
1722988800000,0.0077357,0.0083782,0.0072592,0.0073654,177675250700,1398573211.4339080,3353403,683981425.8523684
1723075200000,0.0073640,0.0088863,0.0071847,0.0087631,149174458585,1200130005.4133696,3030517,603278974.5077411
1723161600000,0.0087630,0.0089900,0.0083073,0.0085192,112559326428,965267446.9381238,2660999,475621060.9036152
1723248000000,0.0085192,0.0087000,0.0082650,0.0084280,54288854070,457742169.9252611,1463256,227781470.1281132
1723334400000,0.0084280,0.0087838,0.0076447,0.0077180,100986449307,831603718.4198183,2139111,397232515.7066695
1723420800000,0.0077180,0.0084943,0.0077001,0.0082245,139459344677,1133505313.3293900,2807660,562590576.0514982
1723507200000,0.0082246,0.0083785,0.0078855,0.0081801,84779564844,688116959.5643168,2030892,337603402.8103959
1723593600000,0.0081801,0.0084700,0.0078957,0.0080066,87296107187,710602725.0088200,1972623,352072655.8088568
1723680000000,0.0080065,0.0080619,0.0072001,0.0074418,108306814598,835992275.5058149,2020555,400337070.4752156
1723766400000,0.0074418,0.0075847,0.0068622,0.0071743,130858174215,946932029.7869700,2113312,459898279.3371559
1723852800000,0.0071747,0.0077039,0.0071011,0.0074807,76660550829,563047094.9483128,1421275,280476413.8447334
1723939200000,0.0074813,0.0076238,0.0072776,0.0072880,67947034850,508302654.5697380,1242856,247634827.5024999
1724025600000,0.0072881,0.0077116,0.0071516,0.0076795,78249952832,577783085.7585064,1465637,286815563.9855837
1724112000000,0.0076796,0.0082859,0.0076300,0.0077530,117757341485,931121624.7285111,2064401,460532541.9655262
1724198400000,0.0077530,0.0080779,0.0074951,0.0079182,78988169198,614249833.3679034,1478563,302143855.5259781
1724284800000,0.0079182,0.0080733,0.0077201,0.0079815,62593109988,496277557.9367362,1215398,242832807.1019798
1724371200000,0.0079816,0.0092963,0.0079459,0.0090782,130206582161,1096742487.6014447,2418124,545781070.7062931
1724457600000,0.0090782,0.0098538,0.0088568,0.0094873,131704526416,1225514071.5447478,2344058,604792373.4958888
1724544000000,0.0094874,0.0095280,0.0086832,0.0091357,113735936635,1035498274.3902882,1893568,497678411.0490886
1724630400000,0.0091358,0.0092630,0.0084138,0.0085181,99743442074,885539277.5518330,1799972,431215133.5558727
1724716800000,0.0085181,0.0086940,0.0075042,0.0076345,112163249476,919921267.1272947,1976896,441192365.6105426
1724803200000,0.0076345,0.0081325,0.0073344,0.0076822,124492111048,961007786.8047461,2230574,474387021.8686819
1724889600000,0.0076822,0.0081999,0.0075440,0.0076393,85370139445,669376457.5983405,1621289,326493485.2825475
1724976000000,0.0076393,0.0079250,0.0073361,0.0077612,90456392967,693637974.7400413,1652054,339753451.2702284
1725062400000,0.0077612,0.0078864,0.0075120,0.0075945,41894212402,322041978.1519244,844259,162349062.6988993
1725148800000,0.0075933,0.0076323,0.0070580,0.0071300,77480889984,573863447.5650456,1424632,278712166.9861433
1725235200000,0.0071300,0.0076942,0.0070668,0.0076118,86800965667,642229012.5062810,1440933,322368853.2148926
1725321600000,0.0076113,0.0077578,0.0072261,0.0072643,64611096134,483026450.1047605,1135801,234350574.7064728
1725408000000,0.0072644,0.0075179,0.0068292,0.0073527,97911984813,705599782.7427058,1575563,345617922.0227831
1725494400000,0.0073526,0.0074079,0.0069950,0.0071016,71192042149,512545592.0111920,1043445,249674599.7048581
1725580800000,0.0071017,0.0072676,0.0063255,0.0066368,139517737136,959087078.0256691,1787542,461518440.9566909
1725667200000,0.0066368,0.0070250,0.0066345,0.0067610,74384816097,506858530.9864822,992699,247581101.4114365
1725753600000,0.0067612,0.0074037,0.0067042,0.0070707,100944220107,702100335.0387862,1346682,345782765.9714692
1725840000000,0.0070704,0.0076000,0.0069322,0.0073889,110616468843,794404333.2654705,1564771,391794463.3104111
1725926400000,0.0073889,0.0075600,0.0072841,0.0074625,73574589666,546009304.5084433,1196657,266389772.8484156
1726012800000,0.0074615,0.0074662,0.0069707,0.0072337,93841902620,674446521.6184409,1462807,328866974.0405325
1726099200000,0.0072336,0.0074999,0.0072051,0.0074129,61748424706,453554677.9207173,1058423,221001212.9249267
1726185600000,0.0074129,0.0080592,0.0073018,0.0079064,80839880102,617010407.8269631,1308201,309433484.0192128
1726272000000,0.0079065,0.0079359,0.0076220,0.0077545,44885698825,349466679.6976015,799067,170931199.7192791
1726358400000,0.0077545,0.0078286,0.0072908,0.0073495,50738139339,386168938.9583407,827699,183755200.2535289
1726444800000,0.0073499,0.0073898,0.0070524,0.0071946,73303889214,527773804.0302020,1060332,257148639.8561558
1726531200000,0.0071946,0.0076411,0.0071022,0.0073192,79839545631,589205221.2403400,1005843,290496906.7597968
1726617600000,0.0073193,0.0075435,0.0069836,0.0075280,93403719731,677524362.2157318,1303195,332233698.6700442
1726704000000,0.0075280,0.0083358,0.0075277,0.0079502,133406490991,1058082449.9942110,1755055,524032441.2512635
1726790400000,0.0079502,0.0085124,0.0077100,0.0082411,125108519142,1023546790.0090861,1767310,506881402.7794115
1726876800000,0.0082411,0.0084459,0.0080001,0.0084089,51004869137,419168910.8231222,927162,208504950.2986407
1726963200000,0.0084088,0.0084774,0.0077214,0.0080046,74716967776,602854381.4937845,1231861,289916885.2435550
1727049600000,0.0080046,0.0083351,0.0078217,0.0081273,76506436364,620504778.5596413,1392848,303964940.4332098
1727136000000,0.0081274,0.0087640,0.0079209,0.0085892,115594829440,968425444.9636273,1927874,481143299.8546133
1727222400000,0.0085898,0.0087918,0.0083575,0.0084426,94703905970,808321487.4004794,1570996,393686868.9805550
1727308800000,0.0084426,0.0097250,0.0082147,0.0095147,166474470123,1516303122.9809687,2993129,768970351.6011561
1727395200000,0.0095147,0.0109436,0.0093711,0.0107021,168827846556,1759236423.6039787,3342687,879267905.2535920
1727481600000,0.0107021,0.0115587,0.0105561,0.0113806,169655895115,1881399082.7598141,3596399,930647824.3824196
1727568000000,0.0113805,0.0119700,0.0109679,0.0112783,159386501425,1808964591.2524362,3394150,891448437.7524421
1727654400000,0.0112784,0.0114980,0.0103504,0.0104665,165214645160,1809250767.5987546,3473116,876185132.4002069
1727740800000,0.0104665,0.0114520,0.0092876,0.0096949,271312085893,2843095182.6074282,5259337,1375626070.4960056
1727827200000,0.0096952,0.0103230,0.0089225,0.0092371,193137825136,1863478942.7350439,3853349,915225610.4980513
1727913600000,0.0092371,0.0095228,0.0083400,0.0086294,173030773429,1529924029.6097158,3320494,745394689.2527443
1728000000000,0.0086289,0.0095926,0.0084738,0.0093878,147679904702,1341734155.8793048,2811599,664768032.8406795
1728086400000,0.0093879,0.0096000,0.0091505,0.0093487,88818050987,833142429.5509829,1755826,402662767.8783133
1728172800000,0.0093489,0.0103230,0.0092507,0.0102310,114655818348,1125375647.7994899,2167537,567012814.7498303
1728259200000,0.0102306,0.0108185,0.0097705,0.0097996,166216136036,1729731878.0826904,3185448,842389904.8713968
1728345600000,0.0097996,0.0100612,0.0093016,0.0095008,117112393599,1127457127.6603071,2457064,555733605.5885609
1728432000000,0.0095009,0.0098549,0.0089752,0.0091084,117032800400,1101904039.9143091,2335283,531772755.5508438
1728518400000,0.0091089,0.0094561,0.0088001,0.0092899,110916752507,1017257306.2522297,2221643,497131624.2813524
1728604800000,0.0092899,0.0099531,0.0092027,0.0097440,99146592010,953244226.9793777,2046111,468201593.3188510
1728691200000,0.0097439,0.0102529,0.0096750,0.0098956,93761281047,933585338.9553754,1959966,456618937.0356448
1728777600000,0.0098956,0.0099905,0.0093670,0.0096960,85520132287,826940562.7199653,1691017,399972347.1604984
1728864000000,0.0096963,0.0110980,0.0095422,0.0109079,145757526760,1516139323.8879869,2814809,755596211.5454239
1728950400000,0.0109079,0.0111807,0.0100300,0.0103876,179139131400,1876244502.5917224,3491685,912548934.9716540
1729036800000,0.0103876,0.0106666,0.0101071,0.0104432,110804077449,1155526088.9797765,2475713,568962451.1870407
1729123200000,0.0104434,0.0105625,0.0096267,0.0098773,109676650579,1104965962.9491966,2044754,529478645.5389794
1729209600000,0.0098773,0.0107472,0.0098300,0.0105059,100014640679,1042061977.2189078,1978550,517911290.3678693
1729296000000,0.0105059,0.0109489,0.0103054,0.0104882,69527605094,735522997.5985919,1437505,357507929.4896708
1729382400000,0.0104889,0.0107975,0.0101001,0.0106932,69389391891,723092396.4420193,1411952,346100353.4786082
1729468800000,0.0106932,0.0109049,0.0100330,0.0101726,85381536714,889051943.4244004,1682253,426962087.7235325
1729555200000,0.0101726,0.0103558,0.0098567,0.0100746,66169864443,669241394.7757699,1291532,318780356.5311913
1729641600000,0.0100747,0.0101098,0.0093671,0.0098060,79530848625,777883696.1077494,1505471,373200127.6932820
1729728000000,0.0098061,0.0100780,0.0096709,0.0099932,66476579035,658178854.5889269,1216005,326420858.1643039
1729814400000,0.0099932,0.0100416,0.0084099,0.0087774,114253663751,1069418010.1845370,1887825,493858579.7551723
1729900800000,0.0087774,0.0091167,0.0086233,0.0090684,70564322204,630792883.0411721,1193680,310505126.1692242
1729987200000,0.0090685,0.0092878,0.0089230,0.0091633,55383953255,503141359.6580420,1011402,246789774.4124803
1730073600000,0.0091632,0.0094424,0.0085700,0.0091729,94321272493,845084207.2892002,1697449,410012292.6983300
1730160000000,0.0091729,0.0099196,0.0091312,0.0096774,106497362309,1020847004.4173523,1932630,500314626.9823458
1730246400000,0.0096773,0.0101243,0.0092693,0.0096384,107148815680,1034904968.3393285,2163674,502529362.6661385
1730332800000,0.0096384,0.0097059,0.0090020,0.0091156,76981115321,720856072.8478328,1728923,343408816.6004162
1730419200000,0.0091156,0.0093450,0.0087151,0.0088826,82929344036,748919895.0649520,1888539,366671528.5370117
1730505600000,0.0088826,0.0089926,0.0085404,0.0087146,50631916846,444176567.3577829,1133266,214777746.7253769
1730592000000,0.0087147,0.0087267,0.0078669,0.0081725,99149778798,813487978.8742648,1973075,396060715.6796684
1730678400000,0.0081723,0.0083736,0.0077111,0.0079150,99092383505,803965111.2793724,2024143,397616984.5233725
1730764800000,0.0079150,0.0088104,0.0079103,0.0085603,95098031155,795558869.6062922,1916240,395725823.8451245
1730851200000,0.0085604,0.0100537,0.0085595,0.0099010,164563410153,1542032381.9704145,3448004,761288344.9585936
1730937600000,0.0099035,0.0110554,0.0098461,0.0110044,160534779719,1684264969.8377878,3420727,834342523.1838355
1731024000000,0.0110044,0.0114990,0.0102709,0.0107748,129095350738,1400276573.8438892,3081231,686030148.5012792
1731110400000,0.0107755,0.0114850,0.0104593,0.0112065,114427704701,1250918861.1177005,2809421,612837836.5446155
1731196800000,0.0112067,0.0130052,0.0110113,0.0123271,224032682877,2693821861.7802942,5751701,1313961957.9820192
1731283200000,0.0123258,0.0134725,0.0117600,0.0130032,197052368398,2486805957.1656443,5286186,1210731579.9951341
1731369600000,0.0130032,0.0149210,0.0122968,0.0141371,280632215167,3771100615.0830115,7624712,1830460304.7393926
1731456000000,0.0141382,0.0224698,0.0124948,0.0208289,532010946962,9334488204.6172767,16421814,4590676610.9640962
1731542400000,0.0208293,0.0260000,0.0200991,0.0206760,378023148106,8440046840.0555963,15863730,4139025280.4198308
1731628800000,0.0206761,0.0240352,0.0188153,0.0233469,223836909297,4735863838.1028882,9210151,2336088726.4221456
1731715200000,0.0233493,0.0236693,0.0206985,0.0213071,108825017512,2386121790.7223657,5092359,1153584700.0440384
1731801600000,0.0213062,0.0225883,0.0194050,0.0212312,130915303132,2772056874.6083370,5859710,1360988752.4142867
1731888000000,0.0212310,0.0228232,0.0196469,0.0204929,112775907912,2378049883.2726316,5251706,1155981776.1280877
1731974400000,0.0204930,0.0212350,0.0189002,0.0196889,102108599807,2058677652.0412237,4358360,983186271.0748073
1732060800000,0.0196886,0.0206000,0.0183001,0.0187720,100919148987,1974082595.0337773,4386845,951775962.3199010
1732147200000,0.0187720,0.0217140,0.0180389,0.0207068,135208010393,2720473056.9897860,5758481,1342275824.6815270
1732233600000,0.0207050,0.0218813,0.0197531,0.0206619,92199118347,1907683437.8003684,4311880,946931823.9988127
1732320000000,0.0206618,0.0223784,0.0188800,0.0205023,119220526792,2514795136.4614080,5516718,1207743926.1710625
1732406400000,0.0205022,0.0212392,0.0190511,0.0202200,68524398446,1375086479.0921608,3586870,658643119.2762479
1732492800000,0.0202213,0.0207814,0.0183651,0.0189944,79448171743,1561514884.8331833,3971982,743665060.3608583
1732579200000,0.0189944,0.0194750,0.0173000,0.0182877,82934431174,1509622670.6657459,4172018,721765440.9817772
1732665600000,0.0182878,0.0201642,0.0178880,0.0197513,78983893950,1502308546.7114942,3336269,744655038.6581679
1732752000000,0.0197512,0.0203498,0.0189493,0.0198704,61642372070,1207845696.3629853,2929685,585836681.9307024
1732838400000,0.0198705,0.0213222,0.0195029,0.0204853,73392900482,1495585836.6912234,3307832,744910126.8135375
1732924800000,0.0204821,0.0216714,0.0200607,0.0202040,58041171197,1195854173.8841104,2842680,575039919.1654881
1733011200000,0.0202017,0.0233391,0.0200640,0.0222801,113605579036,2464019508.4454814,5060320,1217155974.8919766
1733097600000,0.0222793,0.0228771,0.0195300,0.0204426,106990519845,2210684616.0373259,5217508,1046949147.7831718
1733184000000,0.0204427,0.0210971,0.0188356,0.0202737,76636799080,1538565987.3834005,4137679,739224139.7202705
1733270400000,0.0202741,0.0221189,0.0202000,0.0218187,101731897330,2141869584.2471883,5250096,1049500265.9244820
1733356800000,0.0218196,0.0229375,0.0203104,0.0212024,114808621933,2482767307.3153705,5873697,1188467310.6440245
1733443200000,0.0212025,0.0222609,0.0203502,0.0215625,80649543812,1734202600.2737108,3999122,827858606.4598041
1733529600000,0.0215626,0.0269900,0.0211161,0.0249312,129807186880,3104655112.4749833,6626545,1553186657.8864546
1733616000000,0.0249313,0.0272000,0.0242096,0.0264459,145886906214,3750103948.0272419,7907712,1842795836.1690396
1733702400000,0.0264459,0.0283795,0.0230102,0.0264932,258743290795,6773636879.7247811,13208005,3306594393.1140820
1733788800000,0.0264922,0.0272360,0.0220857,0.0234776,237826333282,5726541148.5150564,12062076,2787687226.7902316
1733875200000,0.0234766,0.0254807,0.0216004,0.0251263,123518835321,2928239410.3597551,7029623,1428333108.1323732
1733961600000,0.0251263,0.0257198,0.0232005,0.0236308,89934727156,2208481756.3396718,4985097,1072234549.8359122
1734048000000,0.0236309,0.0249832,0.0230537,0.0247535,62661051369,1505311997.2744583,4006436,743409288.2326840
1734134400000,0.0247535,0.0248700,0.0229064,0.0233166,44878166099,1065911319.1737116,2874088,509587860.3098829
1734220800000,0.0233167,0.0245704,0.0225723,0.0241625,51892622615,1216737647.6469685,3087537,585874941.4738086
1734307200000,0.0241631,0.0247197,0.0228800,0.0234483,69065023858,1641274258.5281893,4277687,794781243.9233560
1734393600000,0.0234484,0.0236535,0.0220539,0.0224325,59346900171,1368881715.4353192,3770006,654659748.6713691
1734480000000,0.0224324,0.0225240,0.0190371,0.0194236,100849252167,2103678383.7161448,5017303,991263811.8199944
1734566400000,0.0194237,0.0197350,0.0164296,0.0170456,160518467090,2932009813.0801149,7220707,1428783517.2975789
1734652800000,0.0170456,0.0179360,0.0144062,0.0176697,170417804960,2765739169.3024468,7871238,1342078279.0019853
1734739200000,0.0176697,0.0197264,0.0169411,0.0174111,117401245101,2131211413.2111014,6031874,1036513540.3383213
1734825600000,0.0174097,0.0184228,0.0166758,0.0178433,89857179649,1585068426.6418003,4734778,777222460.9744459
1734912000000,0.0178434,0.0188449,0.0172265,0.0184704,82355705255,1475296326.0615765,4467877,736297824.2321663
1734998400000,0.0184705,0.0195298,0.0178907,0.0192463,58481649706,1095683603.5084231,3318876,541729401.2734151
1735084800000,0.0192461,0.0193630,0.0181392,0.0185243,49815402242,933789567.6518860,2761462,455941211.3498243
1735171200000,0.0185251,0.0187573,0.0170318,0.0173837,53552782634,943310694.9666944,3054195,449616643.9558682
1735257600000,0.0173837,0.0182869,0.0172494,0.0178800,54823365747,974866056.5182595,2899082,484629129.4960674
1735344000000,0.0178799,0.0190291,0.0177609,0.0187590,39400219480,725384740.5743609,2414062,369973005.5641761
1735430400000,0.0187590,0.0191914,0.0177436,0.0178836,42397583470,781258713.9054182,2102817,379200224.9144190
1735516800000,0.0178837,0.0189800,0.0174443,0.0184498,63512520120,1154379648.0960277,3413117,567006321.1519837
1735603200000,0.0184497,0.0218462,0.0176900,0.0199604,146371891146,2929746238.8184138,6928343,1466617518.5238127
1735689600000,0.0199604,0.0207546,0.0190500,0.0193718,74963561984,1472495308.4999318,3722586,727708844.9022120
1735776000000,0.0193718,0.0211600,0.0191806,0.0204763,77504333277,1578825555.1089848,4096058,773946111.0945002
1735862400000,0.0204772,0.0217519,0.0200579,0.0215902,55701347203,1166485752.4613608,3136755,581183194.9334024
1735948800000,0.0215903,0.0219120,0.0205410,0.0211314,42082352594,887823680.6050637,2494413,428125358.7957808
1736035200000,0.0211314,0.0213959,0.0203100,0.0207040,31846360069,661047853.0457152,1938082,313728158.4056913
1736121600000,0.0207040,0.0213942,0.0202570,0.0207718,50109186990,1043298937.7871416,2758572,506292398.7820795
1736208000000,0.0207719,0.0208330,0.0184298,0.0185778,66943438803,1307730218.3628261,3403250,617468363.0496381
1736294400000,0.0185778,0.0189000,0.0170010,0.0178068,74612397092,1342621563.9097224,3866375,649030568.5100927
1736380800000,0.0178069,0.0180790,0.0166123,0.0169939,68693722374,1191885604.6515054,3741643,581548195.8756160
1736467200000,0.0169940,0.0179000,0.0169901,0.0176290,55333892837,966918267.3293494,3142987,472055434.7735470
1736553600000,0.0176291,0.0184640,0.0174667,0.0179976,36129669407,646836827.6818690,2086065,320926499.4225080
1736640000000,0.0179975,0.0180399,0.0174777,0.0177491,29158173426,518086024.0610414,1714570,249590349.7539573
1736726400000,0.0177491,0.0182872,0.0155720,0.0168513,94639231194,1572747694.7831379,4377090,759050895.7984873
1736812800000,0.0168513,0.0176182,0.0167843,0.0174627,38154857578,659178235.8097755,2337528,323486138.6470516
1736899200000,0.0174626,0.0192145,0.0168646,0.0190609,64648115447,1158080025.9403639,2947485,572659978.3787601
1736985600000,0.0190609,0.0192455,0.0179532,0.0181276,53025630926,977017560.6905990,2721433,477269233.0458401
1737072000000,0.0181277,0.0205440,0.0181276,0.0202999,65964182534,1294775027.3455771,3336946,651413836.3070900
1737158400000,0.0202999,0.0210275,0.0181004,0.0184367,81705672997,1556103695.2575062,3865940,741889895.8884255
1737244800000,0.0184367,0.0189891,0.0151941,0.0160437,140994510510,2394629664.5993360,6331439,1139430931.2042490
1737331200000,0.0160427,0.0175824,0.0151210,0.0157960,126949595094,2050588489.0643526,6150438,1013509009.1887340
1737417600000,0.0157959,0.0163580,0.0147229,0.0159112,77339566242,1200122347.2952482,4356426,584316056.1357960
1737504000000,0.0159112,0.0161885,0.0150100,0.0151523,43177137413,674926863.6767991,2570699,331283779.1082875
1737590400000,0.0151519,0.0155816,0.0143019,0.0153267,73497433755,1094968126.6969310,3748016,527683022.3604739
1737676800000,0.0153268,0.0161750,0.0145801,0.0149417,58742104147,906713912.8582182,3474976,443300802.6469809
1737763200000,0.0149417,0.0153998,0.0145894,0.0150435,34830476859,524601737.2171372,2151844,255420553.0186705
1737849600000,0.0150434,0.0151996,0.0139336,0.0140076,40075632141,590745711.3602129,2005350,286298286.7240025
1737936000000,0.0140076,0.0140077,0.0121012,0.0131021,116531773724,1497205079.8564176,5823659,713485871.5736962
1738022400000,0.0131022,0.0133400,0.0113308,0.0114455,66950913323,833734828.4069621,3491514,398279050.3394650
1738108800000,0.0114460,0.0133329,0.0113600,0.0123969,94273858125,1174410639.5219094,4680948,578378792.8281029
1738195200000,0.0123966,0.0134901,0.0122187,0.0129278,60971556632,790506301.7695670,3156109,395006840.7219997
1738281600000,0.0129279,0.0147679,0.0127367,0.0138633,104437760219,1451103453.1819275,4313653,717412132.7209198
1738368000000,0.0138630,0.0142919,0.0120576,0.0122376,80338731074,1057874600.1783634,3672979,508871939.0402330
1738454400000,0.0122375,0.0125165,0.0099920,0.0107638,140154808981,1590874305.4764682,5779231,778125372.0089685
1738540800000,0.0107642,0.0114389,0.0079596,0.0109988,263863579003,2552040949.4345761,8512126,1252845785.2818203
1738627200000,0.0109983,0.0110877,0.0096540,0.0101507,135279235923,1381665271.1063052,4937421,674429267.7297616
1738713600000,0.0101507,0.0104520,0.0097327,0.0100016,85086698123,861475236.2479233,3128080,421095035.9748034
1738800000000,0.0100021,0.0103800,0.0091000,0.0092097,87759254708,852151156.6975596,3086300,407050354.9256425
1738886400000,0.0092097,0.0098210,0.0084480,0.0089219,113959874560,1057398188.5467277,3371042,519194942.9981200
1738972800000,0.0089219,0.0096879,0.0088662,0.0095600,76127981628,706255312.7113150,2394772,347115339.3785763
1739059200000,0.0095600,0.0098493,0.0089169,0.0095268,83375448314,787861483.6705043,2576180,394632647.1771591
1739145600000,0.0095271,0.0099595,0.0091509,0.0095922,91704852662,880343077.9995222,2937253,442279764.3142125
1739232000000,0.0095922,0.0105952,0.0093804,0.0095803,98827904858,984546620.9875566,3386251,488518007.5834491
1739318400000,0.0095803,0.0102610,0.0090472,0.0100845,102325345214,977469505.8941499,3490216,483872534.8311298
1739404800000,0.0100846,0.0102414,0.0094333,0.0096841,60921883597,596000687.3851608,2294070,291490407.0904259
1739491200000,0.0096842,0.0107482,0.0096164,0.0102906,73441691886,751293234.0257564,2797399,377846862.2484058
1739577600000,0.0102906,0.0103759,0.0098080,0.0099317,44303071052,446104345.3632055,1765098,220234795.8629346
1739664000000,0.0099316,0.0100344,0.0095662,0.0096975,43761470219,429872442.5571685,1662381,208944910.2663264
1739750400000,0.0096976,0.0106715,0.0094974,0.0101167,94816264388,948040396.4955852,3094959,465608419.2973279
1739836800000,0.0101166,0.0101990,0.0089068,0.0092600,87578483023,824255729.0342076,3023085,399739637.8277467
1739923200000,0.0092604,0.0095635,0.0091149,0.0093511,57586994047,538184263.1004266,1989830,258480819.7610964
1740009600000,0.0093512,0.0097040,0.0093055,0.0096255,59488351515,564884140.0581346,1785904,274275893.4027023
1740096000000,0.0096244,0.0101424,0.0090323,0.0091203,80013521873,769853593.0820780,2715366,378431408.5373953
1740182400000,0.0091203,0.0097300,0.0090611,0.0096217,44154208173,417294162.4137857,1584481,207208732.4416534
1740268800000,0.0096216,0.0098000,0.0092022,0.0093434,49570460163,467952662.4300139,1539372,230945883.2483026
1740355200000,0.0093434,0.0094217,0.0076095,0.0078868,109353420287,940577337.2899642,3089170,441245039.5651033
1740441600000,0.0078867,0.0084250,0.0073119,0.0082450,144441138015,1130636912.8507442,4556214,562939621.2784217
1740528000000,0.0082450,0.0084983,0.0078214,0.0083230,91971938332,751606470.8532506,2751754,371173238.1744470
1740614400000,0.0083232,0.0085965,0.0080559,0.0082127,63664262874,532063858.7059486,2018194,269110990.9560319
1740700800000,0.0082132,0.0082551,0.0072598,0.0079256,109389410864,839577595.0620250,3211530,412485394.8889463
1740787200000,0.0079258,0.0080112,0.0073579,0.0075889,62276564117,476752404.0416239,1626347,229562371.2947051
1740873600000,0.0075891,0.0089460,0.0075511,0.0088297,104246596659,853209046.9889291,2747804,429500034.4855063
1740960000000,0.0088295,0.0088695,0.0070604,0.0072180,112434207351,896872811.7212574,3219247,436682546.3681260
1741046400000,0.0072179,0.0072777,0.0062666,0.0069842,137447303332,938042981.1860553,3505726,455563886.4853691
1741132800000,0.0069842,0.0073522,0.0068131,0.0070721,78642584270,553801630.9133469,2045284,274383021.3868048
1741219200000,0.0070722,0.0073370,0.0067612,0.0068323,73615177595,517841071.3667384,1811071,251449268.6373370
1741305600000,0.0068322,0.0073600,0.0064211,0.0069868,105314601824,735349621.2397683,2721460,364843663.1818066
1741392000000,0.0069867,0.0070391,0.0065693,0.0066689,57839536676,391574790.3815600,1475512,192004387.5242627
1741478400000,0.0066689,0.0067319,0.0057166,0.0058665,106252703076,651429926.0745082,2174337,310531415.4491898
1741564800000,0.0058665,0.0066414,0.0056280,0.0056983,155974921568,950849796.4169870,3298176,472754450.7833903
1741651200000,0.0056983,0.0065099,0.0052434,0.0063199,143801478390,846196498.8347225,3373195,418874914.8057811
1741737600000,0.0063198,0.0069729,0.0061385,0.0069493,127241375610,830531345.9987113,2910565,416719400.8146090
1741824000000,0.0069489,0.0074510,0.0064965,0.0066931,166453605719,1162874947.5691767,3773026,575425413.5133136
1741910400000,0.0066931,0.0073380,0.0066770,0.0070553,106774798323,751038122.8425869,2594351,371894994.3883284
1741996800000,0.0070551,0.0073825,0.0069583,0.0071297,73451022082,523444675.5786719,1704924,256932431.1041425
1742083200000,0.0071297,0.0071787,0.0064526,0.0065839,83658569623,567639537.8336243,2038937,270626609.6350157
1742169600000,0.0065839,0.0076090,0.0065655,0.0073821,114028372667,810232536.2240132,2761586,408331946.4444367
1742256000000,0.0073821,0.0074116,0.0067110,0.0072783,119435744553,834389225.1865331,2596624,416844989.6937329
1742342400000,0.0072782,0.0075497,0.0071363,0.0074549,128837110104,943995694.7712904,3024319,468733408.3391357
1742428800000,0.0074548,0.0078636,0.0072832,0.0076399,116301778383,878671071.2514832,2909774,437201543.8394393
1742515200000,0.0076396,0.0078811,0.0071486,0.0072046,102687922164,760527705.6096278,2187276,376692587.3581568
1742601600000,0.0072042,0.0073999,0.0070077,0.0070620,57967291573,419976905.6303705,1289277,200784882.2054504
1742688000000,0.0070619,0.0073780,0.0070095,0.0073416,58634720584,424900759.8875965,1373033,208172420.1540223
1742774400000,0.0073409,0.0081843,0.0071831,0.0079932,101929787970,785639230.7458459,2497933,397663233.2648691
1742860800000,0.0079933,0.0082456,0.0078326,0.0080090,84769300297,677656213.6887880,2096897,337670676.6941816
1742947200000,0.0080091,0.0092586,0.0079584,0.0085216,159390133380,1378958408.8490020,3550395,688188666.6041515
1743033600000,0.0085216,0.0086884,0.0081950,0.0084385,95144979998,807727082.6128733,2271106,396121116.8410131
1743120000000,0.0084385,0.0085162,0.0076014,0.0077797,94236849770,747896911.7530874,2164258,365564723.2162174
1743206400000,0.0077796,0.0078828,0.0070555,0.0072150,102823032682,762260108.1549207,2441372,379413377.9472828
1743292800000,0.0072154,0.0073283,0.0067626,0.0069407,109022741958,769121627.7246131,2484662,376624019.7187364
1743379200000,0.0069412,0.0073697,0.0067602,0.0072030,140974734706,992915862.6696849,3003188,501341199.8709706
1743465600000,0.0072035,0.0078666,0.0071930,0.0077182,125793424181,950673622.1774294,2606454,477730681.7441547
1743552000000,0.0077182,0.0080897,0.0069020,0.0070548,177149689120,1327507608.7782041,4158494,661556382.1409174
1743638400000,0.0070542,0.0072900,0.0063796,0.0067035,131616535752,893806412.6790902,3001132,435967673.4905190
1743724800000,0.0067036,0.0072831,0.0065896,0.0072380,163337541496,1138462120.9048729,3668821,564435133.1488909
1743811200000,0.0072381,0.0073693,0.0069273,0.0070551,75335181233,536423263.6544177,1577455,270518000.4963261
1743897600000,0.0070551,0.0071273,0.0061540,0.0063289,128309798578,850720066.5148221,2716274,413614867.4939876
1743984000000,0.0063290,0.0067821,0.0057046,0.0064496,232383573674,1454418574.3571862,5268982,721389023.5975190
1744070400000,0.0064497,0.0066357,0.0059303,0.0060402,123697400890,770453119.9071193,2813525,367245003.4166039
1744156800000,0.0060402,0.0071352,0.0057800,0.0069747,173388572840,1119808508.8702797,3911715,562632121.7581050
1744243200000,0.0069747,0.0069949,0.0064723,0.0067066,97760647893,655432422.3711831,2297175,325225580.7670635
1744329600000,0.0067065,0.0070448,0.0066320,0.0069347,84131676160,577407501.1590912,1809432,288977680.9991100
1744416000000,0.0069346,0.0075713,0.0068233,0.0074368,91713529326,659117837.8898950,2066195,331426399.1289557
1744502400000,0.0074368,0.0077642,0.0071156,0.0072729,98360367287,722798612.9689410,2390240,356828365.1089857
1744588800000,0.0072730,0.0077378,0.0072299,0.0073346,101855886028,761864808.5865358,2752318,378033882.1575565
1744675200000,0.0073345,0.0075125,0.0068904,0.0069999,90357946498,653198744.6704207,2269739,311016527.6238721
1744761600000,0.0069999,0.0073236,0.0069248,0.0071305,99248832415,707615163.5204060,2363257,347262028.2049610
1744848000000,0.0071307,0.0074332,0.0070300,0.0072316,80221650740,581980769.8341577,1972173,286685181.6703987
1744934400000,0.0072316,0.0073388,0.0070047,0.0073318,69507521683,497943002.7395721,1618895,242835654.7598435
1745020800000,0.0073318,0.0076018,0.0071600,0.0075078,59897949543,438972621.0673976,1362683,218911623.4111348
1745107200000,0.0075076,0.0076964,0.0072610,0.0075364,67457695028,504689528.4312216,1488022,256150165.8910546
1745193600000,0.0075364,0.0080490,0.0075181,0.0077380,87701654413,686635203.0440746,2138205,344636256.2156030
1745280000000,0.0077380,0.0089054,0.0076040,0.0088086,113213033494,936109141.0999272,3155147,468205750.8028986
1745366400000,0.0088086,0.0096727,0.0086409,0.0088281,119850034576,1079707306.9365477,3585050,524592000.4943711
1745452800000,0.0088280,0.0088681,0.0083290,0.0087545,81950016023,704412550.9083106,2439869,345718515.0693264
1745539200000,0.0087545,0.0092873,0.0085575,0.0090444,97566852543,864371147.5258043,2864768,425311519.0658386
1745625600000,0.0090444,0.0098000,0.0090233,0.0091664,82739061124,773166371.5071370,2710693,378679783.1224291
1745712000000,0.0091664,0.0092062,0.0087076,0.0087594,57673620278,515133442.3797500,1833622,246011492.6185836
1745798400000,0.0087594,0.0091981,0.0085443,0.0089601,92735537392,823590074.1133999,2686899,399527862.2267871
1745884800000,0.0089600,0.0091519,0.0087105,0.0088562,64335743508,576177177.2079036,1840651,280660323.3892316
1745971200000,0.0088563,0.0091243,0.0084444,0.0088881,68076099866,600330165.6475058,2038911,290365154.5455408
1746057600000,0.0088881,0.0090892,0.0086570,0.0087265,61155217635,543492124.5572710,1518197,262990450.8026302
1746144000000,0.0087263,0.0089229,0.0085228,0.0086911,56921184955,496772618.0967297,1514838,238341514.2795302
1746230400000,0.0086910,0.0087200,0.0080669,0.0081707,54147911561,452689110.5086618,1333118,212667890.6678028
1746316800000,0.0081708,0.0082683,0.0079848,0.0080764,54211430626,441136077.1131631,1447861,216602798.1702869
1746403200000,0.0080769,0.0083515,0.0077750,0.0079342,73528032378,591591407.4137719,1864467,286309709.1064821
1746489600000,0.0079342,0.0080276,0.0075806,0.0079884,85147602951,666034279.4344872,2054366,331556851.7175730
1746576000000,0.0079885,0.0083136,0.0079404,0.0082465,74011139161,601760136.3916732,1826352,301235633.2324372
1746662400000,0.0082465,0.0117921,0.0082152,0.0111212,226019819879,2249861738.6305646,5611748,1122756433.3641373
1746748800000,0.0111209,0.0139697,0.0106438,0.0123701,261151031413,3239318228.8914253,8723506,1592060551.3438506
1746835200000,0.0123701,0.0140710,0.0121600,0.0136887,167166428307,2184480592.0425601,6684607,1059122742.2485636
1746921600000,0.0136888,0.0142666,0.0125448,0.0136173,142834365172,1908532506.3624028,5524783,911008257.9672439
1747008000000,0.0136159,0.0153987,0.0127905,0.0136221,185911557459,2636479442.7290098,7356031,1276432247.5702279
1747094400000,0.0136221,0.0151000,0.0127400,0.0144432,145475715594,2032415311.7422505,5579408,1004221496.0032156
1747180800000,0.0144433,0.0144890,0.0134945,0.0139027,87889335708,1230831968.2179408,3654722,587952651.0612477
1747267200000,0.0139032,0.0141489,0.0126669,0.0130186,130771417990,1758330234.7601985,5092460,855154469.3770794
1747353600000,0.0130185,0.0137971,0.0125120,0.0125926,82371791871,1098026229.9727275,3571711,534895008.3262693
1747440000000,0.0125926,0.0127551,0.0119556,0.0121608,81927094831,1010879542.6184876,3185618,486876684.0715924
1747526400000,0.0121606,0.0142494,0.0121366,0.0138382,140987739661,1869183168.6599657,4930939,934324585.0909747
1747612800000,0.0138393,0.0141885,0.0124810,0.0132750,129520736184,1695062630.0612387,4706674,816654033.4779294
1747699200000,0.0132752,0.0136592,0.0126059,0.0131586,100618317140,1312319603.7432359,3801551,634343722.8152077
1747785600000,0.0131587,0.0146326,0.0128029,0.0136423,185493221320,2524987449.0550134,6260855,1237257747.8240297
1747872000000,0.0136428,0.0155761,0.0136211,0.0155288,127375676405,1828262867.8918521,5275223,911335863.7347228
1747958400000,0.0155288,0.0163464,0.0135630,0.0138000,186101076055,2815330552.0845167,6816130,1366175567.4911144
1748044800000,0.0137997,0.0142117,0.0135630,0.0137645,92714172947,1287773681.2799500,3372155,632764263.9248836
1748131200000,0.0137631,0.0139876,0.0126207,0.0135971,111330826870,1475521816.1220013,3801822,726438265.7133671
1748217600000,0.0135964,0.0144592,0.0134791,0.0138432,126142598658,1755306085.2144936,3968760,867699835.6946543
1748304000000,0.0138430,0.0143261,0.0133539,0.0138871,110674811768,1543053530.9763645,3530480,758068994.9818075
1748390400000,0.0138884,0.0141799,0.0133632,0.0139916,103101943681,1419804029.5967053,3016911,694593315.9638704
1748476800000,0.0139919,0.0151175,0.0133081,0.0134306,141986886641,2019135266.5857049,4052345,983522311.4414790
1748563200000,0.0134311,0.0135492,0.0114679,0.0115965,168634207539,2139397747.3966632,4703257,1002397183.1250609
1748649600000,0.0115981,0.0118579,0.0109401,0.0116370,126857741410,1448576491.9644168,3897056,709298670.2910548
1748736000000,0.0116364,0.0120293,0.0112802,0.0117962,90963061246,1059601457.6052895,2583376,517490520.6915526
1748822400000,0.0117961,0.0124200,0.0113969,0.0123488,107798378019,1267083919.4554477,2982378,638278075.5025802
1748908800000,0.0123488,0.0129640,0.0121596,0.0122491,117324792952,1477274231.4751746,3133016,724456525.2129796
1748995200000,0.0122490,0.0126163,0.0117467,0.0118198,89208216686,1094509103.9890981,2398414,528398440.9733965
1749081600000,0.0118188,0.0120633,0.0103219,0.0106380,145466786308,1646950897.5615903,3707856,790244787.2016350
1749168000000,0.0106380,0.0115165,0.0105500,0.0110505,97365695552,1078346249.1446901,2543853,515942133.9314789
1749254400000,0.0110506,0.0116180,0.0109518,0.0115017,70479672459,804640972.0311153,1872534,400910232.6241555
1749340800000,0.0115017,0.0120700,0.0112900,0.0116682,82274640057,955239223.0634137,2068560,482055696.2515416
1749427200000,0.0116682,0.0127133,0.0113887,0.0126530,118226714921,1410000007.6864369,2905902,698249712.2662681
1749513600000,0.0126530,0.0136263,0.0124137,0.0131177,155664069122,2002478465.2320617,4168398,991109335.3658998
1749600000000,0.0131177,0.0134500,0.0121766,0.0124744,126154410118,1624156863.3479056,3587101,775373791.9992123
1749686400000,0.0124748,0.0125922,0.0113604,0.0114989,127356549163,1543049004.4207175,3496545,742548508.1643651
1749772800000,0.0114990,0.0115128,0.0104300,0.0112125,193743263300,2090396205.8955805,4825039,1041621022.9285400
1749859200000,0.0112128,0.0113070,0.0106842,0.0109358,79196611775,872585710.8520948,2259321,421706838.1086323
1749945600000,0.0109359,0.0113178,0.0108008,0.0111056,82628457646,917548954.3827819,2164899,449495300.3597291
1750032000000,0.0111056,0.0115627,0.0105297,0.0105875,122106281424,1368395394.8072325,3106706,663270153.5515772
1750118400000,0.0105883,0.0107696,0.0096515,0.0101253,170495790700,1747856353.6923084,3796576,847988238.6212478
1750204800000,0.0101253,0.0103970,0.0097411,0.0103354,131609445041,1331523861.6042360,2958117,674176549.0429512
1750291200000,0.0103354,0.0104855,0.0101321,0.0102967,78790637134,813735442.5650268,2018195,399336725.4045729
1750377600000,0.0102968,0.0105229,0.0094344,0.0098401,127362251247,1275562371.1925742,2701123,620657577.3653178
1750464000000,0.0098401,0.0101121,0.0088766,0.0092690,122823467692,1180217175.8432029,2815151,568154006.6729066
1750550400000,0.0092695,0.0094697,0.0083000,0.0088703,164544646798,1458348094.1896857,3956421,715959608.8823489
1750636800000,0.0088703,0.0100098,0.0086651,0.0098993,154441230318,1412375817.7078582,3560554,710127953.1482132
1750723200000,0.0098990,0.0102870,0.0097560,0.0100543,118645113251,1183398051.8992036,2712838,587577853.2194216
1750809600000,0.0100542,0.0101700,0.0093682,0.0094577,106175745732,1046034513.8584197,2516231,500420327.6822042
1750896000000,0.0094578,0.0097359,0.0091093,0.0091549,94857771050,889986333.2827285,2191266,437779105.6931234
1750982400000,0.0091549,0.0094098,0.0089213,0.0091707,85950217070,788386950.5708214,2078963,392337901.7968933
1751068800000,0.0091707,0.0096125,0.0091350,0.0095489,51022282992,478311295.0266090,1333702,243577777.5365003
1751155200000,0.0095489,0.0104828,0.0094254,0.0103925,83128738061,814623090.3010831,1897318,407729690.9675551
1751241600000,0.0103925,0.0104415,0.0095746,0.0097410,102104159641,1010547858.1794883,2374325,496917889.3492314
1751328000000,0.0097410,0.0098247,0.0091568,0.0092524,77572523560,732258032.1974964,1817017,354829478.1588981
1751414400000,0.0092525,0.0103784,0.0091774,0.0100647,120308420805,1183741785.3947508,2616925,584770338.5837582
1751500800000,0.0100635,0.0107890,0.0098874,0.0101227,141538379196,1463816213.0579590,3466507,733012886.3286634
1751587200000,0.0101226,0.0102694,0.0094250,0.0096386,103154221039,1005508899.1160048,2368491,490208050.3400744
1751673600000,0.0096387,0.0099224,0.0095053,0.0096863,61900420149,601468396.4220896,1560687,293114783.6055788
1751760000000,0.0096861,0.0103247,0.0095549,0.0100205,92378136785,917312745.7578385,2165489,452850148.2743880
1751846400000,0.0100205,0.0102720,0.0097033,0.0099023,86044770083,859306450.0667490,2293194,420616959.9183690
1751932800000,0.0099025,0.0102930,0.0097073,0.0101929,75436854477,755422492.9651252,1947436,373226964.8840789
1752019200000,0.0101931,0.0113477,0.0100069,0.0110531,126130863195,1329441387.8215976,2906323,668773518.1896425
1752105600000,0.0110531,0.0125470,0.0108914,0.0124082,148484553743,1704474150.3029659,3483340,858461625.7950266
1752192000000,0.0124081,0.0132875,0.0120274,0.0123651,181057190546,2298944350.7003300,4809877,1131710655.9272437
1752278400000,0.0123651,0.0125725,0.0118366,0.0122435,92041978313,1126171251.8405524,2821853,555207997.9504571
1752364800000,0.0122435,0.0126985,0.0120764,0.0122934,90287259472,1114293306.5590916,2695469,553994640.0281626
1752451200000,0.0122934,0.0133698,0.0120107,0.0122177,130111797052,1635155575.2822225,3837958,791783196.8306237
1752537600000,0.0122180,0.0129110,0.0116536,0.0128570,133789997448,1637326717.7694321,3942006,807079552.8104772
1752624000000,0.0128568,0.0141200,0.0124907,0.0135453,148008520695,1965503697.2419390,4573464,969708248.7704343
1752710400000,0.0135469,0.0138491,0.0128066,0.0133688,151420003291,2034935853.1052967,4790748,997985988.3424832
1752796800000,0.0133696,0.0143370,0.0126666,0.0129888,161716039189,2191467553.5630438,5357134,1061458792.1299510
1752883200000,0.0129888,0.0135409,0.0126436,0.0134296,75703243357,995727952.9112933,3010292,493167723.1850112
1752969600000,0.0134296,0.0146309,0.0133187,0.0140308,111100813280,1550509847.2067340,3891081,773192712.2274171
1753056000000,0.0140309,0.0145571,0.0136437,0.0141033,120374053539,1699369184.0723760,3964338,816141066.8088323
1753142400000,0.0141033,0.0147612,0.0134734,0.0141721,129815952650,1809420680.6550731,4442257,870395023.7253333
1753228800000,0.0141721,0.0141871,0.0121572,0.0127282,118001405277,1560041091.1275197,3895313,740706473.9308891
1753315200000,0.0127287,0.0130358,0.0118500,0.0123885,106185175232,1334580137.4876862,3721001,643898754.6567840
1753401600000,0.0123885,0.0125675,0.0117174,0.0125520,101449970922,1228998080.6748858,3561841,597856272.7624955
1753488000000,0.0125523,0.0127771,0.0123301,0.0124087,45856926665,577030260.9438142,1436684,270221882.5987384
1753574400000,0.0124086,0.0129660,0.0123736,0.0127842,58698526012,743248946.3873236,1906665,363179864.2842144
1753660800000,0.0127842,0.0131350,0.0118035,0.0119008,96510382181,1211908401.7541892,3182696,572975572.4954325
1753747200000,0.0119009,0.0121345,0.0112411,0.0115213,95505610729,1115571031.3319069,3036227,541357013.6982427
1753833600000,0.0115213,0.0116052,0.0107000,0.0113369,87365188387,986117140.6713565,2746706,475400390.0865347
1753920000000,0.0113369,0.0116509,0.0106619,0.0107718,74886366750,840190114.1986492,2171382,402365239.5738892
1754006400000,0.0107717,0.0108215,0.0100381,0.0103810,117784793038,1239520998.7021447,3612183,606951709.8845429
1754092800000,0.0103811,0.0106322,0.0098600,0.0101264,75690208136,776506379.4459162,2352864,371972448.1839013
1754179200000,0.0101265,0.0105500,0.0099903,0.0104508,44909456488,466456898.2827220,1211837,232146577.4804473
1754265600000,0.0104508,0.0108161,0.0103342,0.0107482,67956854394,718438335.4106900,1735307,355530086.5569457
1754352000000,0.0107482,0.0107902,0.0099711,0.0101938,77127083069,798391002.3698520,2255522,376210503.5281651
1754438400000,0.0101939,0.0106039,0.0099551,0.0105522,55507981519,571919035.9200791,1779240,285178598.1216033
1754524800000,0.0105521,0.0111364,0.0104620,0.0111122,71618624105,771385809.7008156,1969152,381186737.5782049
1754611200000,0.0111122,0.0120180,0.0109100,0.0118189,96714178724,1098639034.6826582,3033503,534140342.4160163
1754697600000,0.0118189,0.0126489,0.0116303,0.0123993,87217058702,1069566644.9002119,2735397,531672464.5886346
1754784000000,0.0124001,0.0126440,0.0117880,0.0120679,66988358427,813504562.8246209,2659715,389401744.3370937
1754870400000,0.0120678,0.0124283,0.0111229,0.0112214,87469902710,1029878075.4902888,3269207,483515571.7160894
1754956800000,0.0112215,0.0123580,0.0110646,0.0121396,93110023347,1087207390.7909298,2928597,544482062.2104664
1755043200000,0.0121400,0.0125140,0.0119500,0.0122554,100738835982,1232143133.2921614,3133381,597009856.2727798
1755129600000,0.0122555,0.0126983,0.0108060,0.0110419,132634938051,1543145339.6956716,3653614,729653193.2712492
1755216000000,0.0110419,0.0112725,0.0105139,0.0108007,80028152368,873974317.9349520,2451864,424661502.5525651
1755302400000,0.0108006,0.0111080,0.0107772,0.0110811,41840696359,457155921.3414089,1408324,227571014.6340603
1755388800000,0.0110811,0.0115429,0.0109832,0.0111143,50036779743,562096643.6545876,1525119,271623081.9558223
1755475200000,0.0111142,0.0111349,0.0105500,0.0106815,63803118240,686717881.9369243,2119646,331137378.1694415
1755561600000,0.0106814,0.0108484,0.0101543,0.0101991,73125948278,767376465.5332652,2328361,364766390.7352992
1755648000000,0.0101990,0.0107217,0.0100196,0.0106659,68646139237,712737923.6594553,1977576,353070892.1496843
1755734400000,0.0106658,0.0107591,0.0101920,0.0103964,53809398514,561606440.3050921,1608362,278000410.5544069
1755820800000,0.0103958,0.0117270,0.0098085,0.0115868,128038730801,1370126068.1094304,2945177,668027802.9372711
1755907200000,0.0115867,0.0116286,0.0109863,0.0112560,60473889749,684149174.7563436,1520297,331237776.9401991
1755993600000,0.0112560,0.0114835,0.0106599,0.0108303,95293414744,1047262319.9716441,2111190,503460365.0532110
1756080000000,0.0108304,0.0110780,0.0095650,0.0097490,117749587994,1199962345.3673202,2731497,562496353.0572364
1756166400000,0.0097491,0.0101900,0.0096624,0.0100854,75650230619,753267770.3119677,1760338,373389137.2863972
1756252800000,0.0100853,0.0103000,0.0099456,0.0100251,70895442770,717260274.3806411,1575184,342369265.8181230
1756339200000,0.0100251,0.0102709,0.0099157,0.0102131,52077734405,527008068.2160385,1236796,258955163.8713051
1756425600000,0.0102137,0.0102598,0.0094818,0.0097737,76563633289,751504209.4311930,1910156,360369285.0891266
1756512000000,0.0097736,0.0100524,0.0096802,0.0098317,35647603407,351962148.3794659,977158,175138728.8416670
1756598400000,0.0098316,0.0100097,0.0096272,0.0096434,37460959538,369252534.0777318,932307,180075033.4185020
1756684800000,0.0096434,0.0099499,0.0091371,0.0094565,89252750863,850811038.1004135,1943514,421148599.9458414
1756771200000,0.0094565,0.0098179,0.0093390,0.0097902,65483522106,629655847.8340395,1712738,318486786.8716319
1756857600000,0.0097901,0.0100338,0.0096834,0.0098742,42808532143,421338542.8778295,1165986,216747689.4039821
1756944000000,0.0098742,0.0099687,0.0093592,0.0094432,50803900305,486802838.9657510,1229083,233971551.7747172
1757030400000,0.0094431,0.0099025,0.0094080,0.0097514,63214888666,611177597.3358969,1574698,310612656.2879797
1757116800000,0.0097514,0.0098097,0.0095379,0.0096361,26518635395,256011076.3201559,756696,136556251.0898801
1757203200000,0.0096364,0.0099496,0.0096284,0.0098811,33099361410,324847741.9369839,833035,167589212.3145039
1757289600000,0.0098811,0.0103632,0.0098153,0.0103068,57176386445,580118710.4447110,1495089,297832537.4901647
1757376000000,0.0103068,0.0108367,0.0101408,0.0103114,70567657366,738398343.2039811,1862192,359814970.6969063
1757462400000,0.0103114,0.0106780,0.0102132,0.0105262,46176545487,483285791.4931984,1389500,244289621.1742408
1757548800000,0.0105261,0.0107088,0.0103456,0.0106907,41428680373,436581333.9692958,1268947,215023040.0621816
1757635200000,0.0106907,0.0116677,0.0103917,0.0115403,89937263745,991690441.7489261,2270138,498977790.7683435
1757721600000,0.0115403,0.0127163,0.0114633,0.0119136,139113512243,1683548505.6045843,3586995,820903215.4776349
1757808000000,0.0119137,0.0119783,0.0111322,0.0115486,76205245293,882052993.2927232,2101603,433807703.1302191
1757894400000,0.0115486,0.0116729,0.0105517,0.0107697,80345550963,882266373.0745340,2356646,409383301.7525686
1757980800000,0.0107697,0.0110888,0.0105871,0.0110719,48517703521,525759968.5751817,1545597,259598972.7344838
1758067200000,0.0110720,0.0114999,0.0107123,0.0114055,77673570934,855121691.5359501,2312899,407960554.8823144
1758153600000,0.0114062,0.0116484,0.0112090,0.0114421,62008527430,709554977.4231484,1771478,349402060.4937313
1758240000000,0.0114421,0.0114932,0.0106597,0.0107502,54961470407,603730337.3300906,1634033,300765678.7834280
1758326400000,0.0107503,0.0108439,0.0105354,0.0107140,32057155367,343288241.2387516,1049916,167642146.3980048
1758412800000,0.0107139,0.0107815,0.0103820,0.0104061,34186997242,361169557.7433464,1031646,178766890.1171481
1758499200000,0.0104061,0.0104736,0.0092500,0.0096583,90323938729,885001603.6953937,2270165,413930225.0440872
1758585600000,0.0096582,0.0098369,0.0094124,0.0095674,48085997052,463753463.1174454,1482158,226966847.1659263
1758672000000,0.0095674,0.0098463,0.0093193,0.0096343,43670060360,420255095.3927194,1371341,203774775.5327759
1758758400000,0.0096343,0.0096626,0.0088570,0.0090678,105915805393,983315325.4676689,2663089,475564061.4443648
1758844800000,0.0090677,0.0094560,0.0090301,0.0093737,48064956226,443612451.1604276,1540281,217612926.9776594
1758931200000,0.0093736,0.0094386,0.0092035,0.0092371,22547726282,209769784.8974183,791823,103954671.1984524
1759017600000,0.0092370,0.0094672,0.0090287,0.0094247,27848194646,256270505.2592884,942473,129751141.0788416
1759104000000,0.0094247,0.0095069,0.0090744,0.0093891,41977374586,391083098.9948185,1307774,188249493.4229002
1759190400000,0.0093890,0.0094291,0.0089583,0.0093213,44670980749,410686466.0246865,1434637,201246246.2990586
1759276800000,0.0093213,0.0097954,0.0092337,0.0097778,45988240798,440186877.6496300,1363435,220353718.3092906
1759363200000,0.0097778,0.0103354,0.0097453,0.0102172,58931607804,590408054.2985061,1754870,289764647.9501092
1759449600000,0.0102171,0.0103950,0.0098364,0.0101141,61276034294,617328615.7484493,1779643,304724736.9635131
1759536000000,0.0101142,0.0102270,0.0095506,0.0097556,55889617368,552987502.0679996,1667094,262914656.2703705
1759622400000,0.0097556,0.0101820,0.0096746,0.0097916,60040648519,597534320.0244523,1847345,284528766.3339649
1759708800000,0.0097917,0.0103681,0.0096600,0.0102055,59254907622,596754477.0523056,1926391,293191829.8210812
1759795200000,0.0102054,0.0102712,0.0094205,0.0094650,72061191962,708590648.7586753,2166797,348725910.5663506
1759881600000,0.0094648,0.0097446,0.0092265,0.0095638,60130311747,567771867.0132512,1935340,270469044.0096399
1759968000000,0.0095637,0.0095739,0.0089879,0.0092519,56687707050,522546311.2172977,1840856,251659548.4362565
1760054400000,0.0092519,0.0093892,0.0027752,0.0066637,246508388947,1809041966.1513228,4256539,828876072.9469626
1760140800000,0.0066640,0.0073671,0.0064917,0.0067198,130741576397,903418695.8899475,3871035,427993203.5981530
1760227200000,0.0067199,0.0077238,0.0065202,0.0074821,110267425942,778756078.7945919,3512874,383216972.3291698
1760313600000,0.0074820,0.0079737,0.0072880,0.0078384,99042743947,758090130.3152635,3464662,374850991.4934127
1760400000000,0.0078383,0.0079030,0.0070559,0.0075150,111852642863,825188266.5854862,3368852,409987938.6827758
1760486400000,0.0075153,0.0076558,0.0070310,0.0071769,70416110896,515919119.1048211,2419003,252637429.2812593
1760572800000,0.0071769,0.0073098,0.0067117,0.0068676,80884493622,571066539.5095534,2870972,271057559.7171505
1760659200000,0.0068676,0.0069576,0.0062924,0.0066478,97668794037,642981015.7744962,3182814,317569353.8530106
1760745600000,0.0066478,0.0068455,0.0066357,0.0067432,34130385028,229965660.3052778,1185410,111973293.1176325
1760832000000,0.0067432,0.0071334,0.0066526,0.0069907,53036592273,366300999.9925981,1621676,184011157.4781523
1760918400000,0.0069906,0.0073184,0.0068367,0.0071512,55291776696,394968315.2796403,1885023,196257387.2978986
1761004800000,0.0071512,0.0073754,0.0068303,0.0069132,74541911500,526804409.2687236,2222838,259694276.7456307
1761091200000,0.0069132,0.0069641,0.0064425,0.0067142,78834111419,533955252.1063960,2212825,266916639.4901129
1761177600000,0.0067142,0.0070225,0.0066964,0.0069474,46057453860,316046927.6796486,1400343,155816336.1822217
1761264000000,0.0069474,0.0072500,0.0069223,0.0071701,46285870344,328147692.5623193,1432400,167669966.7782556
1761350400000,0.0071700,0.0072125,0.0070816,0.0071514,22341227511,159786606.2371285,728205,81581703.0224551
1761436800000,0.0071513,0.0074634,0.0070180,0.0073208,43365228078,314675744.5323659,1152260,158119503.7205090
1761523200000,0.0073208,0.0074274,0.0070496,0.0071275,47854871615,346984450.1210346,1432347,168319168.7832043
1761609600000,0.0071275,0.0073206,0.0068232,0.0069828,55913237428,397456687.2832731,1647608,194104310.7231947
1761696000000,0.0069828,0.0072340,0.0067906,0.0070231,57793434055,405943431.4625866,1665868,199710229.7422665
1761782400000,0.0070232,0.0070897,0.0062561,0.0064357,83918130215,556870848.4398857,2417433,264579740.2223967
1761868800000,0.0064360,0.0066527,0.0064111,0.0065611,50441187577,330016462.6625563,1347960,162303092.6610868
1761955200000,0.0065612,0.0067311,0.0065117,0.0066919,30747670207,204177426.6504233,849555,103842392.5332508
1762041600000,0.0066919,0.0067540,0.0064956,0.0066978,36750473572,244067315.6810112,933915,121394325.0161792
1762128000000,0.0066978,0.0067085,0.0054961,0.0057161,122934441072,737056967.0798947,2539523,349509759.9902723
1762214400000,0.0057162,0.0058574,0.0052140,0.0055952,165787007589,921957485.8261747,3754588,469247644.9893666
1762300800000,0.0055954,0.0058169,0.0052951,0.0057570,66422846968,374280929.9861267,1828179,191358784.5726794
1762387200000,0.0057568,0.0057712,0.0052728,0.0055398,71240123154,394023803.2464968,1813800,191253647.8128931
1762473600000,0.0055398,0.0063614,0.0055101,0.0061943,91469826783,536194946.4141583,2441303,276271660.3708322
1762560000000,0.0061943,0.0063008,0.0059427,0.0060864,52598038256,321453855.8568742,1555540,157293916.0214107
1762646400000,0.0060864,0.0061766,0.0058319,0.0060636,51928343340,312484443.8447312,1284425,153572437.3926931
1762732800000,0.0060635,0.0063229,0.0060100,0.0062182,55616400709,342325262.5407869,1636368,173157417.4929718
1762819200000,0.0062182,0.0063505,0.0058187,0.0058364,53676855171,324424463.1408128,1623190,157009854.3841922
1762905600000,0.0058365,0.0060979,0.0056463,0.0057132,57605640487,337251577.3004310,1550298,165690981.7869195
1762992000000,0.0057130,0.0059940,0.0052811,0.0054220,78310910505,443039191.4879216,2070011,216989435.9856097
1763078400000,0.0054219,0.0054590,0.0047867,0.0049049,127954782423,664263506.7894806,2728146,312111748.9857042
1763164800000,0.0049050,0.0051455,0.0048926,0.0049824,50732778031,255149025.0818755,1154077,126881679.3937440
1763251200000,0.0049825,0.0050521,0.0046759,0.0048658,80996702902,393887861.6784562,1880402,194099360.5024901
1763337600000,0.0048658,0.0050703,0.0046213,0.0047167,83862531013,405821292.2708743,2078434,204060523.7749145
1763424000000,0.0047168,0.0049475,0.0046075,0.0048670,70981249345,341485948.1337562,1837607,169006136.0677518
1763510400000,0.0048671,0.0048933,0.0044564,0.0047637,88573810845,415174176.0216020,1832264,201575966.5662240
1763596800000,0.0047637,0.0049655,0.0044349,0.0044488,107614674124,506396786.9679298,2077020,250379565.7785629
1763683200000,0.0044489,0.0045553,0.0039555,0.0041191,182297000758,770529381.8562639,3300257,369681121.5965291
1763769600000,0.0041192,0.0041919,0.0039650,0.0041219,82151689831,333931920.7947167,1782984,168316402.7711185
1763856000000,0.0041220,0.0042497,0.0040954,0.0041602,53257958239,222493742.8770835,1117675,114373488.7067979
1763942400000,0.0041602,0.0046594,0.0041036,0.0045606,94752396829,412363780.6628984,1950251,205261258.2575818
1764028800000,0.0045605,0.0046505,0.0043454,0.0045755,62527584492,280338862.0832120,1382715,140532797.7388708
1764115200000,0.0045755,0.0047570,0.0044294,0.0046950,64957180022,296934166.9581676,1388589,149355161.2106436
1764201600000,0.0046950,0.0048454,0.0046250,0.0047104,41440629531,194678979.0323816,887177,98769351.7985992
1764288000000,0.0047104,0.0048980,0.0045776,0.0046292,64177739138,301418758.8318461,1383985,149947923.1506449
1764374400000,0.0046292,0.0046483,0.0045027,0.0045636,36674697022,167653862.8208278,768100,81990050.7661794
1764460800000,0.0045636,0.0047008,0.0045219,0.0045310,40456267058,186633394.0790562,891253,92203057.4650844
1764547200000,0.0045310,0.0045498,0.0039533,0.0040508,111116729567,459629665.6999103,1952494,220396519.0728412
1764633600000,0.0040507,0.0046400,0.0039859,0.0045651,91006402310,389604015.1565452,1810410,192076521.0234248
1764720000000,0.0045652,0.0048688,0.0045436,0.0048007,88144655902,415355642.2244688,1919775,216844363.7383154
1764806400000,0.0048008,0.0049379,0.0046861,0.0047621,66052416788,318423257.5335844,1632024,155484050.4708358
1764892800000,0.0047620,0.0048270,0.0043079,0.0043895,70605769384,320657504.9550721,1494070,155813130.3707011
1764979200000,0.0043895,0.0045686,0.0043304,0.0045112,42516572730,188391412.6843626,951330,95613792.2075723
1765065600000,0.0045113,0.0045984,0.0042972,0.0044240,67300995029,299871948.9096559,1442270,145614635.7719943
1765152000000,0.0044241,0.0050402,0.0044030,0.0047504,89843096491,427553136.5841263,2251246,217414732.5151076
1765238400000,0.0047504,0.0050631,0.0045531,0.0049489,92722234638,445491425.2094995,2143966,221707745.8236573
1765324800000,0.0049488,0.0049660,0.0046152,0.0046437,92427818904,441439592.3828734,2353511,211432360.2485938
1765411200000,0.0046438,0.0046993,0.0043688,0.0045938,71462027157,320891814.5465297,1802767,155207797.9438681
1765497600000,0.0045937,0.0046501,0.0042064,0.0043264,68728029047,303664057.1492160,1564580,144850342.9785478
1765584000000,0.0043265,0.0044450,0.0043233,0.0043795,31840192864,139703730.4152990,702513,68521032.0247791
1765670400000,0.0043796,0.0044066,0.0040978,0.0041704,50010588874,212454105.7191087,989411,99810875.6188466
1765756800000,0.0041704,0.0043729,0.0039228,0.0040666,84018736312,347963138.4581884,1717832,171247801.2678474
1765843200000,0.0040666,0.0041504,0.0039416,0.0040928,66571675168,269479686.9535040,1450794,127724377.5752254
1765929600000,0.0040929,0.0042548,0.0038408,0.0039006,85986915817,345620486.6282972,1854876,166974657.5426983
1766016000000,0.0039006,0.0040063,0.0036334,0.0037150,107885827582,412848860.5011463,2327835,197862269.3954567
1766102400000,0.0037151,0.0041780,0.0036610,0.0041123,93391789489,368594872.7174605,1921942,194843568.7825776
1766188800000,0.0041124,0.0041462,0.0040432,0.0040751,35301786238,144320174.8391797,773699,73756321.7538717
1766275200000,0.0040751,0.0041167,0.0039426,0.0040240,46865068249,188997633.5552521,1037299,95042002.3611501
1766361600000,0.0040240,0.0041448,0.0039132,0.0040204,63628495716,255294573.7976590,1491734,124648539.8289198
1766448000000,0.0040204,0.0040572,0.0038608,0.0039339,58259220411,230606572.9476367,1228092,112748185.5635662
1766534400000,0.0039340,0.0040059,0.0038386,0.0039736,47791182581,186901441.0177802,1025854,91964968.6475476
1766620800000,0.0039736,0.0040561,0.0038740,0.0038938,38611993566,153821922.5487858,811933,76187828.9697558
1766707200000,0.0038938,0.0040904,0.0038684,0.0040325,55316484975,221366285.8820013,1163645,111486343.3309779
1766793600000,0.0040326,0.0042171,0.0040135,0.0041963,38037256962,155913699.5805958,741194,80766279.2285893
1766880000000,0.0041963,0.0042608,0.0041243,0.0041753,37533618310,156815229.7837272,748848,78634056.3639149
1766966400000,0.0041753,0.0043277,0.0040500,0.0040677,56861649328,236550124.2467603,1244459,117557275.3231754
1767052800000,0.0040676,0.0042194,0.0039896,0.0041372,45447320811,187043695.0217169,914567,93649293.3821197
1767139200000,0.0041373,0.0041700,0.0039634,0.0040325,40251553936,164073058.3472598,838675,79369768.6589388
1767225600000,0.0040324,0.0049744,0.0040312,0.0049218,111526272018,505267283.7306949,2235735,255998672.9646665
1767312000000,0.0049218,0.0061660,0.0048099,0.0060008,342900467825,1888369841.5364545,7670165,952543265.7903889
1767398400000,0.0060003,0.0063000,0.0057446,0.0061073,204114680927,1237724463.2105336,5175371,629007462.6142324
1767484800000,0.0061074,0.0072612,0.0060859,0.0071717,262605839288,1776908811.7831305,7444792,907686709.7178860
1767571200000,0.0071717,0.0072485,0.0065788,0.0070047,188073406671,1296074107.3119409,4852717,638758844.1160886
1767657600000,0.0070048,0.0071136,0.0063400,0.0067067,156224070732,1054515702.0253272,3872229,510151471.4453224
1767744000000,0.0067066,0.0071111,0.0064533,0.0065616,148307864040,993505155.7316017,3928620,488883854.5383749
1767830400000,0.0065617,0.0067000,0.0060000,0.0060843,123875169371,776331441.6253468,3132928,377814018.5939833
1767916800000,0.0060843,0.0064345,0.0059419,0.0061095,112900396730,693589139.3948225,2698035,352680690.4035654
1768003200000,0.0061094,0.0061154,0.0058695,0.0059424,46702138271,279084607.8068759,1203479,128819236.3394225
1768089600000,0.0059423,0.0060651,0.0056903,0.0058056,58651832347,346603783.8534606,1456999,166644992.7522964
1768176000000,0.0058055,0.0060453,0.0057068,0.0057297,74319178951,435459003.7954712,2201219,217487418.7145725
1768262400000,0.0057298,0.0066135,0.0057000,0.0065715,90567065256,549589042.1681095,2418632,271288276.4931184
1768348800000,0.0065716,0.0068833,0.0061478,0.0062412,115665345185,757698727.4368724,3038247,370139294.5620394
1768435200000,0.0062411,0.0062615,0.0058554,0.0059097,69284095037,416426160.8212173,1820905,202043069.4081709
1768521600000,0.0059097,0.0060000,0.0057233,0.0059244,51792752836,303858322.3223228,1439013,147166252.7802315
1768608000000,0.0059244,0.0059612,0.0057510,0.0057965,30988965327,181637595.8254709,844983,87104860.4637906
1768694400000,0.0057965,0.0058376,0.0054500,0.0054629,55082979992,314085450.1272889,1263776,149026033.9720916
1768780800000,0.0054626,0.0054626,0.0048612,0.0052739,95121643561,495271575.0313132,1864185,245843523.8770549
1768867200000,0.0052740,0.0052803,0.0049611,0.0049849,75343809401,385458501.0555701,1859819,190627217.1230168
1768953600000,0.0049849,0.0053483,0.0048211,0.0051403,116994950725,587608510.3538018,2595498,301068322.7959778
1769040000000,0.0051402,0.0052455,0.0048508,0.0049506,67563188267,339622272.5021903,1571567,171591527.3058965
1769126400000,0.0049505,0.0053082,0.0048605,0.0050235,71972489815,363093168.0328907,1815054,179432426.1395654
1769212800000,0.0050235,0.0051261,0.0049343,0.0050006,33785533815,169693958.9907637,773750,85559794.1719939
1769299200000,0.0050005,0.0050659,0.0046117,0.0047081,103232981532,501314147.0865288,1669904,256751729.8268216
1769385600000,0.0047081,0.0050336,0.0047000,0.0050060,64951278760,318474623.1192672,1702026,163137728.3053682
1769472000000,0.0050060,0.0052601,0.0048330,0.0050233,79577500329,399854810.4397065,1857098,194575231.7165729
1769558400000,0.0050233,0.0051083,0.0049114,0.0049803,57173423103,286250820.5206907,1685829,138591600.7164730
1769644800000,0.0049804,0.0049914,0.0046005,0.0047323,81209355482,386023978.6742648,1925674,189036177.5608342
1769731200000,0.0047323,0.0047761,0.0044996,0.0046367,104199063452,481643754.3903988,2541444,241059291.7798893
1769817600000,0.0046368,0.0046381,0.0038000,0.0041466,153788930905,650359888.9364568,2604508,322835262.7893339
1769904000000,0.0041466,0.0043233,0.0040691,0.0041569,99875285701,420401823.4614358,2407813,208820191.5243814
1769990400000,0.0041568,0.0043806,0.0039753,0.0042478,99398091602,415295092.8528919,2910464,207608409.6261693
1770076800000,0.0042478,0.0044121,0.0039992,0.0041199,110326597474,464316449.5739554,2662220,228586426.7616585
1770163200000,0.0041199,0.0043177,0.0039968,0.0042032,97180719549,404789121.4144486,2617914,201469893.5805007
1770249600000,0.0042032,0.0042098,0.0034028,0.0034273,192212053486,726588893.4617062,4777953,347380567.9032103
1770336000000,0.0034273,0.0039932,0.0031011,0.0039113,193473213688,695455057.3565111,4131444,354118869.4210116
1770422400000,0.0039112,0.0039405,0.0037361,0.0038624,91229492188,350710599.2209620,2209608,174226976.1373459
1770508800000,0.0038624,0.0039155,0.0037075,0.0037756,60707786181,231435952.3960583,1638332,112690910.4436407
1770595200000,0.0037756,0.0038555,0.0036189,0.0038153,73752602443,276876052.7652072,2039348,137012760.4178231
1770681600000,0.0038153,0.0038434,0.0035911,0.0036476,69871949179,257220255.4391673,1661753,122299012.5692324
1770768000000,0.0036475,0.0037406,0.0034581,0.0035642,96495558109,345441548.1898338,2284443,169848794.0389148
1770854400000,0.0035643,0.0037679,0.0035629,0.0037183,76729246850,281782916.8419687,1990450,140464950.0078668
1770940800000,0.0037182,0.0038408,0.0036301,0.0037746,73392022543,274001217.9239775,1774177,136916463.8020702
1771027200000,0.0037747,0.0050048,0.0037558,0.0048340,179747811059,790529233.4909943,4264131,400574474.1018750
1771113600000,0.0048340,0.0050971,0.0043417,0.0044136,210854681516,992695375.9916581,5136675,489570307.1461209
1771200000000,0.0044135,0.0045809,0.0043581,0.0044769,100966723790,450979961.4098998,2643327,230368138.4495086
1771286400000,0.0044770,0.0045206,0.0042839,0.0043960,72346648419,318672290.5496532,2067191,154454284.7975259
1771372800000,0.0043959,0.0044316,0.0041780,0.0042330,57880694097,250265902.2909376,1584473,119892050.3362577
1771459200000,0.0042331,0.0042748,0.0041187,0.0042272,50432519265,211906508.0976043,1402707,103845201.7372272
1771545600000,0.0042272,0.0043888,0.0040564,0.0042552,84140185117,355225927.6912473,1891280,177258030.6805629
1771632000000,0.0042553,0.0044099,0.0041285,0.0041503,63538282421,270670725.9817209,1210733,130421453.4086869
1771718400000,0.0041504,0.0041519,0.0039835,0.0040527,50666872240,206400599.4960536,840173,98438761.4293816
1771804800000,0.0040528,0.0042118,0.0038427,0.0039664,95064585953,381011701.0320737,2087921,188325668.5145746
1771891200000,0.0039664,0.0040168,0.0038310,0.0039445,69870679834,274358485.8088839,1770124,136878200.1694688
1771977600000,0.0039445,0.0044525,0.0038842,0.0041359,125537831592,519275580.3778389,2914688,250431095.9379280
1772064000000,0.0041359,0.0041788,0.0037737,0.0038234,100324903631,395994226.2398418,2147030,185205198.4179811
1772150400000,0.0038234,0.0039143,0.0035890,0.0036802,93304849065,350654284.0387375,2008043,166412490.5697341
1772236800000,0.0036802,0.0036965,0.0034164,0.0036532,113991610421,404530751.0351496,2443979,195754400.8005396
1772323200000,0.0036532,0.0037934,0.0033553,0.0034494,114407534308,405837216.7803610,2239154,192031269.6044356
1772409600000,0.0034493,0.0036996,0.0033655,0.0035156,125999703546,444471662.9013626,2762329,225568053.4372863
1772496000000,0.0035155,0.0035497,0.0033376,0.0034586,111552278652,385044467.7661092,2362678,189272369.0018495
1772582400000,0.0034586,0.0037890,0.0033863,0.0036488,132169359290,475956923.4890786,2884443,238439994.5341620
1772668800000,0.0036490,0.0036557,0.0034042,0.0034742,105019513205,371203835.3219252,2015542,179670379.7039247
1772755200000,0.0034741,0.0035248,0.0032889,0.0033857,80438132706,274477978.8325984,1726092,130454176.2175218
1772841600000,0.0033857,0.0034231,0.0031888,0.0032458,63836003750,210399831.8748592,1099781,94848388.5723806
1772928000000,0.0032458,0.0032939,0.0031182,0.0031792,85874758380,274738527.2645251,1454023,133787429.7970218
1773014400000,0.0031792,0.0033856,0.0031779,0.0032628,106014573012,347718843.2729305,2037442,175839647.0121732
1773100800000,0.0032627,0.0035267,0.0032564,0.0032974,119702852790,403156391.6809635,2384993,199882354.8399947
1773187200000,0.0032973,0.0033913,0.0032424,0.0033280,77684443446,257784258.4095575,1517927,122682373.1379239
1773273600000,0.0033279,0.0033938,0.0032500,0.0033495,76392270661,252866080.7382165,1374831,121503722.2088755
1773360000000,0.0033494,0.0036769,0.0033372,0.0033687,127810426671,445710348.6269413,2163863,222773753.7254472
1773446400000,0.0033686,0.0034289,0.0032946,0.0033531,51536207535,172847427.3551828,778277,84453287.2324331
1773532800000,0.0033531,0.0034622,0.0033148,0.0034559,61536839640,207361124.8438616,955425,100069563.9512351
1773619200000,0.0034558,0.0041399,0.0034525,0.0040100,287200715526,1123111478.8694822,4861724,569058716.7371872
1773705600000,0.0040101,0.0040234,0.0036238,0.0036640,167171732086,631459724.4387482,2222415,305846647.3962290
1773792000000,0.0036641,0.0037990,0.0034254,0.0035240,114251473239,409623463.9611861,1792933,200182911.6979123
1773878400000,0.0035241,0.0035678,0.0033301,0.0034131,91793832636,314095811.7899640,1230931,151033038.3613891
1773964800000,0.0034130,0.0034820,0.0033627,0.0034133,62774930090,215062629.3653399,1060506,106483180.5152221
1774051200000,0.0034133,0.0034582,0.0032767,0.0033106,43410498223,147626780.0153388,609963,69508192.1291191
1774137600000,0.0033108,0.0033779,0.0032169,0.0032753,63541174273,209744097.9582192,1011771,98787798.8533622
1774224000000,0.0032753,0.0035693,0.0032433,0.0034543,120057061547,409820273.3649606,1845378,212322051.4828682
1774310400000,0.0034543,0.0035372,0.0033750,0.0035312,70400923261,241763457.2410656,1133856,121172795.6586567
1774396800000,0.0035313,0.0036160,0.0034852,0.0035388,65768110455,233345776.3636089,1074708,116835299.9202622
1774483200000,0.0035388,0.0035437,0.0033559,0.0034029,59211431656,202830557.7341209,878427,97104243.0618669
1774569600000,0.0034031,0.0034376,0.0032448,0.0032759,60942954166,202061022.3922519,891072,94787108.6912812
1774656000000,0.0032759,0.0034015,0.0032522,0.0032813,47493131166,157795612.4662779,740946,79975802.0350558
1774742400000,0.0032813,0.0033235,0.0031627,0.0032734,53252676605,174063108.1472622,785797,80189288.6262603
1774828800000,0.0032735,0.0034161,0.0032725,0.0033172,65112234779,218079708.8327902,999767,108992825.5594162
1774915200000,0.0033172,0.0034315,0.0032747,0.0034044,70191628647,235722212.5086126,1094457,120059625.2856472
1775001600000,0.0034044,0.0035297,0.0033610,0.0034026,69647944505,239558637.1608367,1106371,122668858.4988966
1775088000000,0.0034026,0.0034423,0.0032557,0.0033317,68583441074,228005469.4366558,1093881,109563711.6723051
1775174400000,0.0033318,0.0035165,0.0033031,0.0034165,67190213033,231208539.7076359,1068199,115166367.1935718
1775260800000,0.0034165,0.0034564,0.0033408,0.0034051,42586633580,144058605.4118918,607406,73371612.3274724
1775347200000,0.0034050,0.0034948,0.0032888,0.0034942,53615328517,179802439.4648465,761873,85503986.2659647
1775433600000,0.0034943,0.0036336,0.0033038,0.0033193,108916913612,380519659.3963409,1625592,184757185.3610463
1775520000000,0.0033192,0.0037770,0.0033106,0.0037214,113665680863,395382393.8785932,1620814,202818948.8116689
1775606400000,0.0037212,0.0037847,0.0035214,0.0035394,103802060890,377866461.4048133,1431942,191531579.7598826
1775692800000,0.0035396,0.0036725,0.0034330,0.0035127,92503403380,325019722.3166834,1305766,153075516.6737432
1775779200000,0.0035128,0.0037020,0.0034622,0.0036281,86903573941,309159513.1084880,1322856,154351167.5157805
1775865600000,0.0036281,0.0038500,0.0035263,0.0036393,83369407320,304262200.8712583,1224553,151587314.9164705
1775952000000,0.0036393,0.0036551,0.0034378,0.0034590,74008306044,259538376.8551932,1031011,119881476.7846399
1776038400000,0.0034591,0.0037686,0.0034524,0.0037512,100523428754,358239146.6514995,1403414,185781307.5336938
1776124800000,0.0037513,0.0037998,0.0035462,0.0035643,104780598873,385778694.8428991,1675084,189729539.9321623
1776211200000,0.0035644,0.0037997,0.0035236,0.0037223,76012658083,277508678.0424417,1360138,139890513.4318274
1776297600000,0.0037223,0.0040636,0.0036984,0.0039770,196190404412,760695250.2747386,3522530,378122195.1586028
1776384000000,0.0039770,0.0041199,0.0038238,0.0039526,138364249777,551131030.0426394,2255768,267970431.6199031
1776470400000,0.0039525,0.0039791,0.0037500,0.0037739,73128193089,282307373.1875282,1282086,135311323.2392980
1776556800000,0.0037739,0.0038397,0.0036164,0.0036479,88584448424,331665592.6804973,1575230,157545568.3753451
1776643200000,0.0036480,0.0038453,0.0036405,0.0037545,70093934361,262895404.2704748,1359839,133297654.9527768
1776729600000,0.0037545,0.0038386,0.0036978,0.0038164,61520644728,231990757.9118791,1165778,110237218.4620505
1776816000000,0.0038164,0.0039857,0.0037835,0.0037922,79145820460,308166443.8314022,1482210,154496313.9769396
1776902400000,0.0037922,0.0038498,0.0036959,0.0038267,65475815649,247364937.0492705,1190761,116962389.5764971
1776988800000,0.0038269,0.0039298,0.0037873,0.0038634,55869326726,215237939.9014231,1059797,107949619.9713400
1777075200000,0.0038631,0.0038986,0.0037810,0.0038488,34126135901,131326293.3006800,690585,63409100.3008044
1777161600000,0.0038489,0.0039479,0.0038127,0.0038939,46032060054,179025641.5566469,903109,93287957.7048187
1777248000000,0.0038940,0.0040242,0.0037633,0.0039064,83253092593,322262306.6900501,1497618,159818118.4742758
1777334400000,0.0039064,0.0039106,0.0038078,0.0038782,61215170781,236513506.5670100,1075858,116889771.7055338
1777420800000,0.0038783,0.0041620,0.0037336,0.0038529,144671786944,570347424.6701247,2127707,277752387.6276131
1777507200000,0.0038529,0.0039460,0.0037970,0.0038727,70450728093,273502623.6230618,1340175,133668583.7091615
1777593600000,0.0038727,0.0040282,0.0038707,0.0039365,62947309376,248838352.0045455,1126358,118166523.2492231
1777680000000,0.0039366,0.0040086,0.0038925,0.0039910,41955082086,165748412.9930021,753147,85162323.1999053
1777766400000,0.0039908,0.0039956,0.0039102,0.0039409,44715629477,176611958.4705894,775086,86654862.4358965
1777852800000,0.0039410,0.0041292,0.0039022,0.0039814,103213098424,414323675.2936364,1590618,200994525.4944528
1777939200000,0.0039815,0.0042302,0.0039763,0.0041132,85855554188,352125172.4285748,1308441,176022264.3171623
1778025600000,0.0041133,0.0042749,0.0040820,0.0041608,80181145093,336039505.6620337,1524515,163627115.4225611
1778112000000,0.0041608,0.0042743,0.0040735,0.0041552,75523891359,314290246.8678856,1380394,149915457.0700163
1778198400000,0.0041552,0.0043694,0.0040800,0.0043167,70300418038,296967974.4109698,1280507,149578747.8230737
1778284800000,0.0043167,0.0043668,0.0042266,0.0042449,43930601293,188668194.1675754,831187,92188564.2827084
1778371200000,0.0042450,0.0045896,0.0041942,0.0044091,92578835728,405943895.5689374,1475947,202457530.9130160
1778457600000,0.0044094,0.0044247,0.0042542,0.0043402,66317932883,287133264.7564842,1189103,136798286.9397246
1778544000000,0.0043403,0.0043502,0.0040615,0.0041413,68856379316,288781148.9252812,1161752,133671406.5461550
1778630400000,0.0041412,0.0042630,0.0039828,0.0040538,65732110748,270809584.5000183,1070751,128620377.9306749
1778716800000,0.0040539,0.0042169,0.0039937,0.0040915,65083523462,266500325.6249050,1039370,129670323.0528200
1778803200000,0.0040915,0.0041240,0.0038248,0.0039052,66223295285,262612655.8215490,1130911,124820612.5979710
1778889600000,0.0039051,0.0039182,0.0036942,0.0037587,50816809633,192156999.4659036,839682,90902537.3703142
1778976000000,0.0037588,0.0038044,0.0035188,0.0036773,62157706490,231379169.4917401,889467,113327867.5931077
1779062400000,0.0036773,0.0037130,0.0035938,0.0036955,66959102921,244365349.7623558,1179525,123885343.6506694
1779148800000,0.0036955,0.0037320,0.0036195,0.0036434,38436911910,141099458.3072215,774827,69457523.8614530
1779235200000,0.0036434,0.0037586,0.0036204,0.0037167,43749203114,161749830.5847603,788847,82267115.8043176
1779321600000,0.0037167,0.0038324,0.0037003,0.0038016,50515077387,190345084.6198137,861892,94320054.7184763
1779408000000,0.0038016,0.0038284,0.0035670,0.0035993,54500039398,203444284.5057963,965343,97887900.3428610
1779494400000,0.0035994,0.0037536,0.0034347,0.0036431,67924205977,242583712.7533847,1022509,120210130.9742857
1779580800000,0.0036432,0.0036514,0.0035141,0.0035769,48199076731,172807114.1774890,738158,83138093.3218468
1779667200000,0.0035770,0.0036575,0.0035428,0.0035938,40587751315,146291576.2017582,621900,72769107.3310355
1779753600000,0.0035938,0.0036486,0.0034856,0.0035125,50186102545,178727378.3767433,930734,90139398.9479679
1779840000000,0.0035126,0.0036008,0.0034142,0.0034701,61320823704,215548002.2148857,1063454,104403879.6123931
1779926400000,0.0034700,0.0034785,0.0032751,0.0033798,80100383745,269667190.7305798,1269259,128896110.1915079
1780012800000,0.0033799,0.0034699,0.0033065,0.0033860,56378961479,191226591.0075426,960677,95272903.4129305
1780099200000,0.0033860,0.0034575,0.0033780,0.0034093,30024412893,102790808.5891996,545926,52334570.6258100
1780185600000,0.0034092,0.0034683,0.0033396,0.0034221,39762997187,135429147.0024985,663148,65098254.9911365
1780272000000,0.0034222,0.0034513,0.0033103,0.0034181,65769620761,222071589.7445970,1126639,106816496.7663453
1780358400000,0.0034181,0.0034236,0.0030408,0.0031133,111603888027,360921986.7419980,1568860,171957364.6246610
1780444800000,0.0031134,0.0032473,0.0030437,0.0031211,91387488705,289090873.1910064,1439648,141471366.6518894
1780531200000,0.0031211,0.0031436,0.0028424,0.0029521,124635365410,372091735.4271833,2219180,177492376.5484519
1780617600000,0.0029521,0.0029620,0.0025977,0.0026926,179567517468,495269394.6533797,2983354,238913273.6530284
1780704000000,0.0026927,0.0027507,0.0025072,0.0026808,105920899114,280937539.9666371,1783403,138070186.6365770
1780790400000,0.0026809,0.0028881,0.0026677,0.0028159,85427176667,235735290.3879310,1396623,119172579.3785285
1780876800000,0.0028157,0.0028687,0.0027445,0.0028129,61764413309,173649267.2560158,1134873,87866288.3182974
1780963200000,0.0028128,0.0028426,0.0026911,0.0027741,68134083696,189161695.2736529,1117662,92925894.8059136
1781049600000,0.0027741,0.0028071,0.0026395,0.0026894,73992039161,201772389.8050212,1250328,96706150.4209146
1781136000000,0.0026894,0.0028412,0.0026894,0.0027875,72156431679,199709549.4152172,976621,104345895.6590753
1781222400000,0.0027875,0.0028739,0.0027515,0.0028052,62261817913,175320363.8647375,921540,87550349.3303934
1781308800000,0.0028052,0.0028859,0.0027857,0.0028530,48149279107,136700625.2731190,634101,67208980.7373497
1781395200000,0.0028531,0.0029240,0.0027628,0.0029174,49083450855,138983074.8478482,671429,68198767.3248044
1781481600000,0.0029174,0.0031341,0.0028776,0.0029445,83477208984,248837400.0170490,1302786,128827318.3199457
1781568000000,0.0029446,0.0030126,0.0028907,0.0029486,50077496453,147887442.8746507,899167,71682600.6199089
1781654400000,0.0029486,0.0030348,0.0028763,0.0029458,59572566371,176094060.5864433,1124728,85653393.5446488
1781740800000,0.0029458,0.0029669,0.0027690,0.0028484,51716402810,147843859.0193097,926028,70730219.7011387
1781827200000,0.0028484,0.0028719,0.0027681,0.0028255,45527959323,127957197.1387144,728905,60072656.2207061
1781913600000,0.0028254,0.0028659,0.0027889,0.0028362,36710529332,103908908.6617206,612456,53210208.7187630
1782000000000,0.0028363,0.0028506,0.0027800,0.0027876,34382340667,97076263.6684671,536572,48274576.9027184
1782086400000,0.0027876,0.0029117,0.0027866,0.0028091,49133294698,139801525.1403447,787107,72192281.8662223
1782172800000,0.0028090,0.0028251,0.0026617,0.0026927,52851298396,143944831.2039935,870289,68638189.2372885
1782259200000,0.0026928,0.0027170,0.0024192,0.0025302,90982958772,233382667.0793991,1338089,109879116.9662606
1782345600000,0.0025302,0.0025643,0.0023023,0.0023557,96462848552,231986796.3760268,1415285,112093819.6394721
1782432000000,0.0023558,0.0024148,0.0022697,0.0023859,81285133958,190740016.8646978,1305648,94579328.4695117
1782518400000,0.0023860,0.0024562,0.0023554,0.0023724,46754687936,112754330.3878444,652365,57615679.8940606
1782604800000,0.0023724,0.0024108,0.0023154,0.0023526,44850132165,106440928.6107906,688633,52573245.0509661
1782691200000,0.0023528,0.0024160,0.0023054,0.0023531,69202556478,163328756.9386944,1086888,82673799.5351881
1782777600000,0.0023528,0.0023629,0.0022903,0.0023275,57178902672,133193771.8226952,801564,64915010.6400347
1782864000000,0.0023276,0.0023976,0.0022274,0.0023231,96084107320,221567585.3163182,1258097,107185259.7895740
1782950400000,0.0023232,0.0024943,0.0022984,0.0024432,63245949523,152390975.3918819,1080708,79314254.4590661
1783036800000,0.0024431,0.0028367,0.0024301,0.0027710,78230240531,203645275.0030740,1356199,104485882.9253135
1783123200000,0.0027709,0.0028727,0.0026767,0.0027337,83218253643,229546068.3975572,1437667,111355910.6730060
1783209600000,0.0027337,0.0028061,0.0026351,0.0027548,48361347767,130513720.3206042,787051,63225299.2679411
1783296000000,0.0027548,0.0028000,0.0026086,0.0027349,65970675283,178289029.8139542,1119856,84919937.1176425
1783382400000,0.0027347,0.0027600,0.0026420,0.0026641,52205110140,140710119.1643534,927504,68778960.4924867
1783468800000,0.0026641,0.0026798,0.0025532,0.0026029,53664619118,139243726.6323342,998936,67824882.0574124
1783555200000,0.0026028,0.0026479,0.0025615,0.0026039,36521234922,95250388.2746832,661710,47098007.2924022
1783641600000,0.0026041,0.0028812,0.0025921,0.0027973,71466705893,196256740.2030378,1310678,100607957.9327318
1783728000000,0.0027974,0.0028369,0.0027051,0.0027071,46814891368,130244591.8757581,763050,61300864.2469925
1783814400000,0.0027070,0.0028293,0.0026754,0.0027662,43090271297,118442350.8703363,720054,58101022.5747838
1783900800000,0.0027662,0.0028171,0.0026424,0.0027269,52574691986,143330270.8088138,926314,69528247.7919150
1783987200000,0.0027270,0.0029067,0.0027041,0.0028138,59229547855,165973846.0312063,1016802,82649652.4653501
1784073600000,0.0028138,0.0029497,0.0027501,0.0027851,89426620654,252989124.8937962,1346286,122940313.6090576
1784160000000,0.0027850,0.0027999,0.0026843,0.0027227,47844443227,131154609.8943806,761193,61930973.9297612
1784246400000,0.0027226,0.0027761,0.0026603,0.0027422,53529664018,145986000.1164725,894849,70943362.3989066
1784332800000,0.0027422,0.0027812,0.0027060,0.0027569,31611603879,86715894.6666378,484467,43884025.5979328
1784419200000,0.0027570,0.0028739,0.0027401,0.0028348,43858372303,123743622.1177609,774522,63335324.2953349
1784505600000,0.0028348,0.0029538,0.0027815,0.0029200,72253282065,208043356.2895065,1211228,103980355.6226717
1784592000000,0.0029200,0.0029781,0.0028559,0.0028770,45664896886,133113987.1910701,799581,64322065.4927903
1784678400000,0.0028771,0.0029299,0.0028250,0.0028876,38810028496,111282867.0941187,710493,55545986.9483028
1784764800000,0.0028878,0.0029016,0.0027563,0.0027813,36458316686,102685568.7189010,667191,50864570.4297438
1784851200000,0.0027813,0.0028170,0.0026844,0.0027172,33202820857,91150802.5529538,614061,43440224.5032288
1784937600000,0.0027172,0.0028161,0.0026559,0.0027411,41944352107,114883002.8299581,663343,55593139.5548193
1785024000000,0.0027409,0.0030513,0.0027350,0.0029793,110291365016,324189537.6192579,1801456,165269562.9922809
1785110400000,0.0029793,0.0031038,0.0028096,0.0028240,86269654152,255392804.7525715,1524677,123634529.3148713
1785196800000,0.0028240,0.0028442,0.0027544,0.0028069,51809572193,145199323.6835895,924388,70793024.2967479
1785283200000,0.0028067,0.0028217,0.0026630,0.0027259,53555881350,146712283.5856138,1060861,68215607.4767608
1785369600000,0.0027258,0.0027896,0.0027024,0.0027618,31710542054,87480908.0586039,638361,42037245.5174612
1785456000000,0.0027619,0.0028249,0.0027131,0.0027544,43564208038,119990992.2095970,917150,59923129.1328336
1785542400000,0.0027544,0.0028129,0.0027232,0.0027749,37783235603,104691742.7685440,765950,51497672.7120319
1785628800000,0.0027749,0.0029639,0.0027738,0.0029073,48368114798,139995019.6231753,995726,72954242.0047992
1785715200000,0.0029073,0.0029624,0.0028210,0.0029070,37938339388,109695950.0646757,785923,52928171.6395493
1785801600000,0.0029070,0.0029930,0.0028662,0.0028876,36154283551,105421986.7644835,732725,52803246.4769687
1785888000000,0.0028876,0.0029030,0.0028355,0.0028744,36780388189,105492211.0625407,720200,52265513.0439023
1785974400000,0.0028745,0.0028971,0.0027665,0.0028098,37213944144,104860682.0291138,700066,50276548.8042564
1786060800000,0.0028098,0.0028730,0.0027803,0.0028099,29849642897,84140167.1491091,628162,42165265.6686902
1786147200000,0.0028100,0.0028962,0.0028031,0.0028525,23419475223,67021901.4206467,487707,34969948.1794360
1786233600000,0.0028525,0.0029641,0.0028378,0.0028824,30883141039,89443834.8264113,581541,45466611.9028180
1786320000000,0.0028823,0.0029404,0.0028442,0.0028757,32324111680,93154845.2991670,779053,43442949.0784654
1786406400000,0.0028758,0.0028970,0.0027670,0.0028397,37111709609,105063430.9743578,740583,48008488.5503107
1786492800000,0.0028397,0.0028641,0.0026239,0.0026737,41405315416,115072149.2801012,731177,51805951.5136085
1786579200000,0.0026738,0.0027330,0.0026304,0.0026866,41964616454,112789282.5787152,739204,55432776.9466833
1786665600000,0.0026866,0.0027099,0.0026112,0.0026621,33515848942,89062826.6339661,613979,43259205.0497938
1786752000000,0.0026622,0.0026738,0.0026134,0.0026225,17665211397,46775512.5348422,393150,22895338.1760224
1786838400000,0.0026226,0.0026298,0.0025283,0.0025705,29557644986,76672156.9612886,546584,35351505.9756924
1786924800000,0.0025705,0.0026246,0.0025511,0.0025885,36961599109,95809761.4095715,616343,47604411.1571994
1787011200000,0.0025884,0.0026197,0.0025370,0.0025862,35302873085,90946915.8960242,680142,44189589.0571211
1787097600000,0.0025862,0.0029312,0.0025670,0.0028766,82461757930,224577823.1625044,1417218,110804587.1236592
1787184000000,0.0028765,0.0032681,0.0028731,0.0032074,151996180989,470417283.2273521,2970405,237971479.1093312
1787270400000,0.0032075,0.0042398,0.0031739,0.0041212,230037160128,848907667.7243055,5386647,419772574.9410322
1787356800000,0.0041215,0.0045632,0.0036226,0.0040722,210833204707,867457793.3641192,5047668,410936762.5922277
1787443200000,0.0040722,0.0042715,0.0038368,0.0040985,96898948129,392005767.2043870,3214007,191006785.9271512
1787529600000,0.0040986,0.0042076,0.0039427,0.0040447,87853462904,356879373.8805310,2940625,175132642.1805549
1787616000000,0.0040447,0.0043150,0.0037455,0.0038204,96765396084,390455347.9470049,2943208,187508880.4546702
1787702400000,0.0038204,0.0038824,0.0036476,0.0038583,59513561864,224730744.9512911,1918573,112650020.3837664
1787788800000,0.0038583,0.0040166,0.0037578,0.0038919,70956105381,277097823.9692852,1986745,139046374.2957505
1787875200000,0.0038919,0.0039697,0.0036120,0.0036918,67375353281,253879596.6650053,1847814,121823090.4526280
1787961600000,0.0036921,0.0037060,0.0035906,0.0036579,25114705006,91510712.5924851,726272,44007972.7773143
1788048000000,0.0036580,0.0038064,0.0033601,0.0034011,54153285518,196317759.6624292,1379237,91028576.1119809
1788134400000,0.0034012,0.0036228,0.0033876,0.0035558,61381603004,216610852.1424129,1609859,105781956.2288758
1788220800000,0.0035557,0.0035914,0.0034313,0.0034752,51688038135,181110118.3827024,1353868,88848389.5854952
1788307200000,0.0034754,0.0035046,0.0033650,0.0034306,39236484911,134322749.4519112,1063920,64743310.2016087
1788393600000,0.0034306,0.0038824,0.0033928,0.0037128,81644064225,300065376.1379109,1977871,147685835.4546926
1788480000000,0.0037129,0.0037182,0.0034717,0.0035217,63353763472,227753134.8144642,1514562,108640251.9911659
1788566400000,0.0035217,0.0037120,0.0034435,0.0036134,53681471461,191239722.9179480,1158273,93279798.0144529
1788652800000,0.0036134,0.0036910,0.0035301,0.0036559,44874559254,162334014.8002825,1091340,76402210.7461120
1788739200000,0.0036559,0.0037115,0.0035319,0.0036232,52102687315,188379753.5506396,1355134,90418982.3113877
1788825600000,0.0036230,0.0036962,0.0035478,0.0036571,54666072741,198371039.9253121,1498933,95989096.3313740
1788912000000,0.0036570,0.0037666,0.0033957,0.0034751,78788502470,285695016.1127374,1804471,137969507.5892179
1788998400000,0.0034751,0.0034899,0.0032179,0.0032335,76752760536,256767246.6314580,1548943,118245585.9884276
1789084800000,0.0032335,0.0035719,0.0032000,0.0033060,96206768287,322053373.5852692,1773977,159310944.0256033
1789171200000,0.0033059,0.0034393,0.0032939,0.0034238,37256814030,125874119.3988226,737523,63754043.7154585
1789257600000,0.0034238,0.0034866,0.0033342,0.0033613,45270864247,154560600.0818883,1020374,74321030.2506956
1789344000000,0.0033613,0.0035927,0.0033374,0.0034548,56941018345,197465988.0929671,1376606,97388524.8692249
1789430400000,0.0034545,0.0034995,0.0032667,0.0033890,68369967740,232146040.6848785,1605887,114325522.6119430
1789516800000,0.0033889,0.0034227,0.0032858,0.0034056,53382903826,179289647.0141265,1379604,88290979.4095683
1789603200000,0.0034056,0.0036937,0.0033860,0.0036109,54973660847,195002096.8371799,1258681,99841673.8708388
1789689600000,0.0036109,0.0038919,0.0035974,0.0038207,68605789582,257537618.1903701,1517470,129704575.2430944
1789776000000,0.0038207,0.0043257,0.0037146,0.0041222,111039623331,446539411.6732445,2388527,219463809.4747924
1789862400000,0.0041222,0.0041442,0.0038645,0.0039947,78116896178,311294452.7294420,1625352,151768455.0785870
1789948800000,0.0039946,0.0051644,0.0039778,0.0047693,232423359557,1074793650.4519676,5345832,532393909.5923005
1790035200000,0.0047693,0.0053656,0.0047604,0.0049853,190927883541,959389907.9416597,5149528,470900008.9090000
1790121600000,0.0049852,0.0050647,0.0043060,0.0043318,130148479553,607407713.7659987,2800914,280717856.9427759
1790208000000,0.0043317,0.0045312,0.0042089,0.0044214,89369831009,392019598.3173181,2035324,190514095.6332529
1790294400000,0.0044213,0.0046148,0.0043637,0.0044875,75658737551,338208827.5249868,1836135,163448192.8646139
1790380800000,0.0044875,0.0045250,0.0042550,0.0043626,46685482684,205571355.9081233,1069484,96883631.7852842
1790467200000,0.0043626,0.0044683,0.0042933,0.0043670,46289336702,202697418.5827997,1218135,95934479.6300639
1790553600000,0.0043671,0.0044173,0.0041013,0.0042110,65336591448,275403062.8243234,2049419,129619985.3907378
1790640000000,0.0042110,0.0043929,0.0040551,0.0042531,59451747714,252410759.4909442,1747932,121968923.9155529
1790726400000,0.0042532,0.0045110,0.0042327,0.0042766,65602686713,284849710.9192997,1901350,138026681.4569017
1790812800000,0.0042767,0.0044722,0.0042552,0.0044332,58335558652,255166423.5251680,1510755,126739706.1570151
1790899200000,0.0044330,0.0047531,0.0040623,0.0042525,87850961290,388172322.0203147,2025503,186933775.3212046
