open_time,open,high,low,close,volume,quote_volume,trades,taker_buy_quote
1679529600000,1.352500,1.491300,1.213100,1.322900,1016091810.7,1373808974.7334500,2845407,672754765.3758500
1679616000000,1.323000,1.567500,1.170000,1.272500,1875441255.0,2587609853.5813600,4832437,1260929222.2711500
1679702400000,1.272200,1.315000,1.173000,1.218000,1089696480.7,1348495807.8899700,2639871,655367473.2769800
1679788800000,1.217900,1.347400,1.201800,1.281600,991407079.4,1269946896.8061600,1893381,628329580.8117900
1679875200000,1.281600,1.326000,1.114200,1.164500,1080549204.2,1315905648.5427400,1905914,626544563.7159200
1679961600000,1.164600,1.225200,1.108000,1.220200,851718956.9,986157094.4081200,1511205,487929648.3355900
1680048000000,1.220100,1.276900,1.192500,1.225200,678626326.9,836113487.8149100,1167383,405061434.6377200
1680134400000,1.225300,1.430000,1.222300,1.379800,1685215876.6,2261775342.7794300,2755512,1116540146.0436800
1680220800000,1.379800,1.444400,1.315000,1.389900,1068616001.0,1479266067.5151000,1775766,733202485.0349400
1680307200000,1.389900,1.402800,1.258000,1.292800,585633915.4,773276111.8968700,1110457,355294446.9046100
1680393600000,1.292800,1.298200,1.130300,1.200400,1175947859.1,1416145336.1206100,1777367,675887168.0902000
1680480000000,1.200400,1.230000,1.093300,1.152100,1059957601.7,1248732716.5485200,1767371,598872537.8718900
1680566400000,1.152100,1.265000,1.146600,1.233700,692594624.7,836050588.3079400,1402869,416822064.7380900
1680652800000,1.233700,1.289800,1.202500,1.241800,596891926.1,747511854.1639700,1256737,365248759.1363100
1680739200000,1.241800,1.244400,1.179100,1.214500,376704481.7,454415367.2114100,839169,215638758.4826100
1680825600000,1.214600,1.247000,1.180000,1.196300,337616616.9,407887218.9525500,700810,194138538.1294200
1680912000000,1.196300,1.209700,1.151000,1.161500,265520157.1,313810860.5098000,523519,145098412.7164500
1680998400000,1.161400,1.199500,1.142000,1.180900,327323805.5,382082980.2225400,601761,185873714.6447900
1681084800000,1.180800,1.254300,1.161200,1.242100,450199348.8,541339355.4240000,761902,268427801.4310200
1681171200000,1.242200,1.259700,1.203100,1.216400,380925186.3,469231795.4480500,671359,225993700.2865500
1681257600000,1.216300,1.219800,1.150900,1.192900,504746450.0,597074766.2980700,823869,281241067.2905000
1681344000000,1.193000,1.377800,1.176900,1.368600,1203283275.7,1578439106.0911000,1773455,804946650.1712600
1681430400000,1.368600,1.750000,1.367900,1.698400,3051497773.3,4761525561.2745000,4894806,2388975607.7925200
1681516800000,1.698400,1.748700,1.603600,1.654800,1660713782.1,2777240512.6511500,2984261,1353561180.6124100
1681603200000,1.654800,1.724400,1.560000,1.696900,1125327601.7,1841113756.5111300,1995676,898061778.7960100
1681689600000,1.696800,1.700600,1.578000,1.610000,941577206.2,1533577551.3256700,1602841,736899288.6837300
1681776000000,1.610100,1.823400,1.583900,1.673900,1602065168.4,2756783364.3580600,2661623,1359693307.2920300
1681862400000,1.673800,1.698500,1.444000,1.488200,1404018074.3,2196405237.1680000,2643259,1034839302.3793900
1681948800000,1.487900,1.541000,1.401000,1.441600,1339347117.8,1979709420.8630900,2261140,961832148.3340900
1682035200000,1.441600,1.503000,1.408000,1.470900,1403684370.3,2035694158.4288300,2222571,1005041872.0561500
1682121600000,1.470800,1.500000,1.420100,1.464300,926162862.6,1351885169.1649600,1552497,662246066.2365000
1682208000000,1.464300,1.464300,1.290000,1.339600,966284681.7,1336623655.2242300,1437421,629728679.8647300
1682294400000,1.339600,1.367600,1.276500,1.337600,1011093939.4,1340256424.3849400,1473625,653568137.5268800
1682380800000,1.337600,1.387100,1.293000,1.378700,922567691.2,1224280995.1980700,1454260,611354055.6781700
1682467200000,1.378800,1.503900,1.312200,1.383400,1453428576.5,2054946258.5634700,2202606,1007319323.7723700
1682553600000,1.383500,1.453600,1.371000,1.422600,985169553.8,1395384446.4035600,1557266,686656494.1987800
1682640000000,1.422700,1.443700,1.358800,1.379500,572076466.9,800898258.3369100,924017,387113692.4669200
1682726400000,1.379600,1.394300,1.323000,1.366800,308890120.0,423638549.7432900,523748,203287177.3714900
1682812800000,1.366800,1.425000,1.344600,1.367300,431439183.7,596717601.7072600,730785,289367848.7514800
1682899200000,1.367300,1.387600,1.285000,1.317900,465711954.9,620246216.6179100,804015,298365428.0189900
1682985600000,1.317900,1.359000,1.306100,1.347700,354382568.3,470945619.2361200,605717,234143186.4027100
1683072000000,1.347800,1.363200,1.295100,1.342000,438541614.6,580812212.3972500,779615,279747871.1731900
1683158400000,1.341900,1.364700,1.305800,1.318100,329064697.0,438833415.5666400,562323,215449424.6448600
1683244800000,1.318100,1.366800,1.285400,1.355200,439787244.0,584991928.9005100,737091,284822685.0263100
1683331200000,1.355100,1.367400,1.214000,1.238900,547310067.0,696761395.6624900,896776,328925635.6195600
1683417600000,1.238900,1.259400,1.215700,1.218900,297230041.4,368403985.2374500,521270,180751748.2382500
1683504000000,1.218900,1.229800,0.990100,1.093900,775097146.4,874307992.7508300,1349199,405521392.6531700
1683590400000,1.093800,1.119500,1.076600,1.102400,415061876.2,455342275.1255100,697932,223717145.5441200
1683676800000,1.102500,1.204400,1.074900,1.169900,810390065.3,931246612.8348000,1353888,462797115.8038600
1683763200000,1.170000,1.171500,1.050000,1.088100,596452775.9,658638744.1672100,1013441,316412796.0046100
1683849600000,1.088200,1.177000,1.060300,1.171300,636133229.6,706931056.0942500,1191858,357452522.8867900
1683936000000,1.171300,1.191200,1.143300,1.169100,333522228.9,389613737.9154300,660265,195949347.1040200
1684022400000,1.169100,1.207800,1.140700,1.169900,287456597.7,337574147.7907400,594218,166798519.8160400
1684108800000,1.169900,1.229900,1.146700,1.187800,398116035.9,478880549.1351600,802761,236758913.2541800
1684195200000,1.187800,1.211800,1.162000,1.179600,297545322.4,352155910.6434900,612379,172271944.4405400
1684281600000,1.179600,1.212200,1.130200,1.197900,392177871.2,460993210.7248600,750871,225539299.2742200
1684368000000,1.197800,1.214000,1.135000,1.155100,344787557.3,405977826.5831300,673676,197478511.6834900
1684454400000,1.155100,1.173100,1.140800,1.162800,230863847.1,266811931.9955500,468062,130344229.7945100
1684540800000,1.162900,1.168500,1.148500,1.163100,122795834.0,142207384.1785700,243148,69639935.2640000
1684627200000,1.163100,1.170600,1.107700,1.126700,182185655.5,207973351.9465300,347654,96334682.7480200
1684713600000,1.126700,1.139900,1.104700,1.125000,197998570.1,222358135.8076300,381967,107426128.2141300
1684800000000,1.124900,1.179800,1.118200,1.166300,258997588.8,300721277.1207900,479356,150132407.4250700
1684886400000,1.166200,1.166900,1.074000,1.108600,332824227.3,371037057.9988900,595238,175669889.7670500
1684972800000,1.108600,1.115600,1.066100,1.106000,243223407.1,267208836.8577400,455961,127077437.9797900
1685059200000,1.106000,1.179800,1.102400,1.157200,433058467.2,498426355.8800700,764073,250937210.7156100
1685145600000,1.157200,1.178700,1.150000,1.171400,213457993.9,247884493.8167300,408607,125068800.4217600
1685232000000,1.171500,1.260000,1.163900,1.247300,344936142.0,416550294.5899200,653459,213545995.9086600
1685318400000,1.247300,1.280000,1.202300,1.225900,344688844.4,427930585.1018700,647048,207777201.5102700
1685404800000,1.225800,1.248300,1.205000,1.217400,251474859.7,309193636.6719800,501663,150199031.1706700
1685491200000,1.217500,1.235900,1.131000,1.159900,282618133.3,331002067.9836300,549378,156566197.8515600
1685577600000,1.160000,1.167700,1.127200,1.145300,187194084.9,215293014.3692100,365485,102840415.7083500
1685664000000,1.145400,1.258100,1.133900,1.240300,407917176.4,498158435.8956200,782872,254584687.8218100
1685750400000,1.240400,1.256300,1.203300,1.215200,217663346.9,268210399.6880000,425304,130892646.0168700
1685836800000,1.215100,1.235200,1.200300,1.206300,147231243.4,179694791.6358900,310295,86579726.0758500
1685923200000,1.206200,1.206200,1.042100,1.134700,441019115.0,504548249.0144300,785130,236219775.1480800
1686009600000,1.134800,1.198800,1.103500,1.188900,379873165.1,437707846.8934400,734108,216121631.5865900
1686096000000,1.188900,1.195000,1.115100,1.125200,282430831.7,325734593.1818200,592010,158498462.9841400
1686182400000,1.125200,1.151400,1.104400,1.127900,190610382.3,215015158.7240600,402397,107095914.8094100
1686268800000,1.127900,1.153000,1.111100,1.131000,157961966.9,179051565.8958600,349805,86815775.0080500
1686355200000,1.130900,1.133400,0.923800,0.992400,744037968.7,751491089.1703500,1344361,358725657.8295200
1686441600000,0.992400,1.017300,0.973300,0.991400,295985745.2,294868594.4682900,543260,144381305.5157400
1686528000000,0.991500,0.997800,0.953000,0.978200,333903464.1,325826027.7216500,558828,158643058.9589900
1686614400000,0.978200,1.034000,0.967700,0.992500,358828887.6,358501455.0206300,595019,174381750.0077500
1686700800000,0.992500,1.016900,0.912600,0.941200,299235044.3,291939059.9783800,507295,138226457.2220900
1686787200000,0.941200,0.960000,0.906600,0.949600,302197592.4,281631886.1527700,491074,137377797.0407100
1686873600000,0.949700,0.986100,0.920000,0.974900,266221332.1,254318400.5595000,465899,123698036.1078600
1686960000000,0.974900,1.012300,0.965600,0.993700,183882482.5,182417582.7029400,353573,90907965.0368400
1687046400000,0.993600,1.024200,0.981000,0.993800,223664754.1,224725033.2341600,416224,110722549.4150800
1687132800000,0.993800,1.017700,0.984500,1.006900,219971102.9,219861807.7446600,369653,109825711.3792600
1687219200000,1.006900,1.090000,0.981300,1.083000,358494610.6,369473410.6835500,580154,185632214.8779200
1687305600000,1.082900,1.150000,1.075600,1.140200,487103609.3,541311380.4496100,840153,267589193.4296500
1687392000000,1.140300,1.175100,1.081800,1.086800,336472771.9,380364351.9066900,625027,179924233.7097100
1687478400000,1.086700,1.161800,1.085800,1.134500,289972410.2,325939848.7612100,623561,161342734.1518800
1687564800000,1.134700,1.134800,1.053500,1.079300,205454188.8,225175428.5135300,433695,106570123.5629600
1687651200000,1.079300,1.138500,1.072600,1.112900,244878882.2,271365515.1045200,508467,132477191.2314800
1687737600000,1.113000,1.176700,1.080000,1.139000,465689405.5,529756212.3649000,983002,259723890.4245900
1687824000000,1.139100,1.244400,1.136400,1.206100,522363472.4,630724501.3862300,1124175,313720181.4074600
1687910400000,1.206200,1.207600,1.089600,1.120400,422598562.6,487239255.1892500,916703,230379608.3364700
1687996800000,1.120500,1.168100,1.115700,1.128700,282782398.2,322602272.3880000,590091,156068159.7422100
1688083200000,1.128700,1.198100,1.057000,1.163500,516962720.8,591959964.1242700,1120613,288171715.3925200
1688169600000,1.163500,1.172800,1.132400,1.151200,174571882.9,200929675.8782400,402502,96823457.1910100
1688256000000,1.151300,1.161700,1.114200,1.150900,193330173.0,220068580.1137600,431847,105110536.8208800
1688342400000,1.150900,1.184000,1.147000,1.168900,245360092.2,287005261.9115600,495175,140869749.6540800
1688428800000,1.168900,1.198000,1.140500,1.148000,213811020.1,250042758.6792800,405363,124019864.0196400
1688515200000,1.148000,1.157000,1.090800,1.111200,218865763.9,245593738.8362400,397054,117074633.5277500
1688601600000,1.111100,1.144600,1.064400,1.067400,276473531.6,306323329.2999600,485257,147606058.4961200
1688688000000,1.067600,1.133600,1.055000,1.131200,274842908.5,303536309.4389500,482357,156313524.1781300
1688774400000,1.131300,1.150000,1.110000,1.124100,156873703.4,177334932.3293700,302342,85732374.2203400
1688860800000,1.124100,1.142200,1.120400,1.124000,146077921.6,165413232.1602500,253153,80958575.9112400
1688947200000,1.123900,1.144000,1.094200,1.118900,195708988.5,218633283.2406300,364854,106355333.8401400
1689033600000,1.119000,1.133800,1.110000,1.126700,114884410.0,128770726.0965200,217965,63013984.5434100
1689120000000,1.126600,1.138900,1.106400,1.121200,163281399.3,183997732.3086600,301020,90345113.2623900
1689206400000,1.121300,1.248000,1.111300,1.224300,320459512.8,379234829.9633400,616757,192875205.8048600
1689292800000,1.224100,1.335100,1.165200,1.214400,534804650.4,663595733.0971300,1083226,328098817.9667600
1689379200000,1.214300,1.334700,1.203500,1.271000,406262246.6,517520235.4422400,830241,257023360.2336500
1689465600000,1.271000,1.310000,1.230000,1.270700,284287240.1,362975946.7870900,604598,176151811.8275900
1689552000000,1.270600,1.349900,1.249100,1.304500,439838822.7,571927159.3127100,940887,279215407.4685800
1689638400000,1.304500,1.330400,1.220000,1.244400,340496259.0,432004031.6979700,757746,207028729.7263900
1689724800000,1.244400,1.297100,1.231000,1.265900,248899332.3,314698145.7217500,567137,153349189.7036500
1689811200000,1.265900,1.312000,1.246300,1.260800,252815060.6,322973827.2259900,565155,156540433.8555500
1689897600000,1.260900,1.298400,1.229600,1.232700,203383020.5,256255558.2964800,446947,122995013.2218800
1689984000000,1.232700,1.251700,1.210000,1.225200,99452732.2,123091747.3267100,239709,58459740.1875200
1690070400000,1.225200,1.269100,1.215900,1.250600,114136816.2,141884706.8258800,285054,68592434.2034300
1690156800000,1.250500,1.253600,1.163100,1.185600,166714115.4,200375885.0006200,371692,92787201.7836700
1690243200000,1.185600,1.194800,1.154100,1.168000,116525256.9,136672622.1430500,269942,63974169.6038300
1690329600000,1.167900,1.206100,1.148000,1.196900,143099209.0,168174083.5746100,330043,80944934.1833800
1690416000000,1.197000,1.208600,1.166600,1.172300,98688926.4,117430683.8282000,238778,55729474.5647800
1690502400000,1.172100,1.180700,1.155000,1.173000,88463452.0,103458794.2228300,217618,50394631.8944900
1690588800000,1.172900,1.183600,1.170700,1.181500,43891557.0,51657974.7443500,140856,25362578.1400200
1690675200000,1.181600,1.189200,1.131700,1.157500,100080577.8,116962013.7992600,219868,56332287.3166800
1690761600000,1.157700,1.194700,1.152700,1.168900,140056888.7,164262642.2214000,295980,80743314.9835400
1690848000000,1.168900,1.175400,1.120000,1.162100,162983525.5,186535049.0673300,343183,88708699.0133200
1690934400000,1.162200,1.174200,1.122100,1.132700,134658674.9,154384159.4648800,274875,73842439.1103600
1691020800000,1.132600,1.149700,1.117500,1.128600,124271822.0,140806322.5366200,249649,66460857.5556800
1691107200000,1.128700,1.166000,1.126400,1.157200,141085116.9,162221787.4516600,292865,78782789.0712600
1691193600000,1.157200,1.159400,1.130300,1.136700,81446616.9,93341195.2237200,178353,43517252.5247800
1691280000000,1.136800,1.147100,1.127500,1.138000,72284116.6,82293067.5651600,151781,41059162.7785100
1691366400000,1.138000,1.154500,1.107700,1.134200,131597623.9,149259191.5208100,267286,70039255.4694600
1691452800000,1.134300,1.174000,1.131300,1.159400,134668272.2,154745767.9721400,286445,76806257.4830900
1691539200000,1.159400,1.195100,1.159300,1.176100,179214855.5,211085680.1871000,341737,103647451.8930200
1691625600000,1.176200,1.188900,1.154300,1.159800,104936493.0,122874909.9077300,237714,59619489.8966900
1691712000000,1.159900,1.164300,1.151000,1.158500,52047234.4,60232967.1895700,140224,29559171.4395100
1691798400000,1.158500,1.168900,1.154900,1.163600,38344381.6,44527893.1149300,115138,21181538.1377900
1691884800000,1.163600,1.168000,1.138400,1.140300,54925847.4,63537278.1140500,141678,28777093.3502100
1691971200000,1.140200,1.153000,1.130600,1.141400,73642600.5,84102739.2228000,232919,42295731.4302400
1692057600000,1.141400,1.166500,1.111000,1.129500,158451336.8,181038795.2362900,367730,86713240.2574000
1692144000000,1.129500,1.135500,1.012000,1.048700,225541171.7,244467911.5449800,471663,111826285.4545700
1692230400000,1.048700,1.067100,0.892600,0.983600,295413365.4,297034638.0696900,660242,138683726.0247300
1692316800000,0.983600,1.025900,0.978400,1.006500,152544091.4,153100594.2722800,395700,74720799.2225800
1692403200000,1.006500,1.032500,1.003700,1.020400,71605368.5,72701656.4106500,224890,35575901.9022100
1692489600000,1.020400,1.040500,1.015200,1.028500,62276970.6,64072428.6448400,193293,29729673.9871600
1692576000000,1.028500,1.033500,0.954700,0.993600,122890662.3,123283856.1755800,304857,58004731.1252000
1692662400000,0.993700,1.004300,0.923400,0.981200,165106289.2,160848904.8325700,341265,77209551.9971100
1692748800000,0.981300,1.026400,0.975600,1.008200,135060372.9,134820518.5749800,329252,65013598.1609000
1692835200000,1.008100,1.013800,0.962100,0.980400,101292652.2,100195962.9513600,243759,46602134.1656300
1692921600000,0.980500,0.980600,0.930900,0.948700,135526415.9,128922805.1008700,326545,62491554.2549800
1693008000000,0.948700,0.955100,0.937400,0.950100,65764833.4,62188915.6058800,207530,30216133.0739200
1693094400000,0.950100,0.964400,0.945200,0.958100,78146914.3,74699901.6169200,199483,36870273.3818800
1693180800000,0.958000,0.960200,0.918000,0.949200,122686829.4,115392175.1495900,289401,55609450.5944200
1693267200000,0.949100,0.996500,0.932100,0.970400,194199389.9,187678318.9309200,425033,90578871.4014500
1693353600000,0.970300,0.971600,0.931900,0.941800,112101964.4,106647852.1428100,264795,50502625.3055300
1693440000000,0.941800,0.959300,0.898900,0.915700,169234589.9,157352967.9504800,370458,75069090.6315900
1693526400000,0.915600,0.928600,0.869200,0.884200,153162589.1,137668069.9905500,319649,62955344.4102100
1693612800000,0.884300,0.897100,0.873900,0.887700,78414459.6,69542356.1317700,193152,33634561.7069300
1693699200000,0.887700,0.911000,0.878300,0.904400,89829100.0,80191429.2114400,189282,40763821.3136100
1693785600000,0.904500,0.927700,0.882600,0.896300,119769709.3,108387594.2710700,261203,52294972.0171900
1693872000000,0.896300,0.912600,0.882900,0.900600,83571002.7,74960218.6521800,206253,37428081.5130700
1693958400000,0.900700,0.910800,0.875500,0.901200,114621855.8,102699684.9994100,240654,50337793.8222500
1694044800000,0.901300,0.920500,0.896300,0.912600,77801512.0,70459810.6546900,192565,34681556.0681200
1694131200000,0.912500,0.923200,0.886000,0.901300,69650953.9,62997019.7847100,184853,29530425.8354100
1694217600000,0.901300,0.902900,0.894300,0.897700,31762700.6,28556415.5375300,103240,13945804.4878700
1694304000000,0.897600,0.898200,0.829100,0.843700,167490227.6,143594737.4058400,347985,66992696.5583000
1694390400000,0.843700,0.848400,0.738800,0.761700,416445909.3,326064355.3131600,739891,153279545.2731400
1694476800000,0.761600,0.805700,0.753000,0.782500,344285612.9,268106076.8353200,655513,132110957.1435400
1694563200000,0.782600,0.822800,0.772400,0.785200,257762226.0,203374901.3809200,576187,100252068.5539400
1694649600000,0.785300,0.819800,0.781400,0.803400,171097299.0,137741179.1930500,416258,69490150.5616500
1694736000000,0.803400,0.814800,0.782700,0.807600,152405636.6,121628893.3615400,337132,58091069.0840300
1694822400000,0.807500,0.837700,0.806000,0.827600,149081575.9,122627779.4799500,348727,60485810.7188900
1694908800000,0.827600,0.827900,0.779800,0.794300,122403559.6,98530138.2801900,290318,46183558.2559200
1694995200000,0.794400,0.840900,0.783400,0.823200,172100886.4,141275580.7953400,397646,68385799.2966100
1695081600000,0.823200,0.864400,0.817800,0.863700,53196965,125481457.9673600,340097,63666192.6916500
1695168000000,0.863600,0.870600,0.833100,0.860100,172966374,146866684.3881200,371615,70937756.4045200
1695254400000,0.860100,0.865700,0.808100,0.821700,147906962.2,122891362.2116800,342522,58396608.9572400
1695340800000,0.821700,0.848000,0.814700,0.839700,111692046.3,93458708.4817600,259069,46076713.6041900
1695427200000,0.839700,0.848700,0.816300,0.820200,83877842,69678582.2417800,221294,33710549.1923600
1695513600000,0.820300,0.831800,0.800300,0.806800,92657796.7,75970879.6616900,233736,36624702.5596100
1695600000000,0.806800,0.819500,0.797300,0.806500,105919090.8,85845842.7823100,271428,42866293.4511800
1695686400000,0.806600,0.826500,0.804600,0.826000,121136830.6,99136850.3074000,258652,49915926.2727600
1695772800000,0.826000,0.843900,0.810000,0.818200,138965705.3,114995255.4512000,274150,56321188.8316000
1695859200000,0.818200,0.902700,0.815600,0.892200,244512079,212175478.4603700,457342,108623343.9112700
1695945600000,0.892300,0.913700,0.881300,0.901500,277860060.1,249869011.7506400,509588,123668070.4493200
1696032000000,0.901600,0.924200,0.891000,0.907000,148715595.8,135188001.0570500,294465,68525043.9453300
1696118400000,0.907200,0.985700,0.905600,0.968800,248703995.2,235710220.5270700,496669,120604221.0485100
1696204800000,0.968700,0.988500,0.903100,0.930900,281523506.4,269062897.4220100,536843,131180490.8113700
1696291200000,0.931000,0.944400,0.897300,0.904900,159126330.5,146213820.4741600,363863,69713372.4901000
1696377600000,0.904900,0.907000,0.851800,0.883100,219996347.9,193369567.8564400,425053,92870071.7050700
1696464000000,0.883000,0.892500,0.851700,0.856700,144682220.8,126035665.8344600,313495,61592618.2216600
1696550400000,0.856700,0.896900,0.856400,0.889200,129955591.7,114172102.1726400,295197,57439906.8977200
1696636800000,0.889100,0.894700,0.864400,0.868200,79102968.3,69771048.6099200,186817,34231198.3508500
1696723200000,0.868200,0.874800,0.836400,0.846300,122461412.8,104467531.2281300,263022,48804051.9288200
1696809600000,0.846300,0.856200,0.783400,0.819400,215254460.8,176284748.4496100,399848,85207277.1586000
1696896000000,0.819400,0.830100,0.810200,0.822700,116529446.1,95744524.0927800,259568,46865721.1933200
1696982400000,0.822700,0.826400,0.797000,0.815700,125200038.6,101524613.1631400,275718,50268952.9936300
1697068800000,0.815600,0.828900,0.782000,0.803700,128217813.1,103009241.9120600,267557,50165520.7417700
1697155200000,0.803800,0.819100,0.797200,0.806500,106423808.9,85759431.2605900,230701,41649226.9130400
1697241600000,0.806600,0.813000,0.801400,0.802700,46645642.8,37603824.5663500,122634,18689765.1033500
1697328000000,0.802700,0.810800,0.795800,0.803300,71147043.3,57185587.4871000,157289,28452938.1384300
1697414400000,0.803400,0.847500,0.802700,0.818900,155805189.3,127756697.3322600,324416,62930130.4724100
1697500800000,0.818900,0.820900,0.775800,0.783300,112415080.3,89697145.5248400,231717,41569358.4963700
1697587200000,0.783300,0.797800,0.772400,0.782100,98086819.8,77060806.9826900,216948,37094565.2234300
1697673600000,0.782100,0.784600,0.761500,0.768900,115611110.4,89365133.7655900,216988,44058507.7258500
1697760000000,0.768900,0.810800,0.766400,0.799600,151716009.5,120632563.0158100,279463,59394327.4888900
1697846400000,0.799600,0.841300,0.794500,0.832300,133084555,109623819.6057200,283849,53673563.9109200
1697932800000,0.832300,0.852900,0.812600,0.852700,154298318.5,128462312.1546200,306158,62703494.6870300
1698019200000,0.852600,0.890000,0.827700,0.884000,247611901.5,211107829.7145900,504480,100653247.7401900
1698105600000,0.884000,0.948300,0.860100,0.899600,365891980.5,331282513.7363300,759062,158830790.0794300
1698192000000,0.899700,0.926300,0.870000,0.922900,247239039.6,222372998.4025600,472891,106241152.0139400
1698278400000,0.922900,0.999000,0.905700,0.937600,475225281.2,453002490.5287200,899667,217646362.1079200
1698364800000,0.937600,0.939000,0.879000,0.915400,215590656.1,196378877.8389000,496367,92836739.9636200
1698451200000,0.915400,0.936000,0.906300,0.920000,108910207.1,100326999.0438000,264120,47984316.4106300
1698537600000,0.920000,0.958300,0.901600,0.948900,154685844.8,144172544.6708700,310060,71204282.8433000
1698624000000,0.948900,0.969700,0.923400,0.965700,187699184.7,178388768.8804500,404048,84730279.8545800
1698710400000,0.965700,0.984400,0.901800,0.945500,225470061.6,214422337.0952400,483846,101595269.6682700
1698796800000,0.945400,1.046000,0.921700,1.042100,333630562.9,325701143.9619200,739707,159113800.9624300
1698883200000,1.042100,1.045600,0.950000,0.990800,305845436.4,304906632.3975600,677530,143601758.9182300
1698969600000,0.990800,1.078800,0.934200,1.060700,343436538.9,341548825.4115500,829223,165247816.4823000
1699056000000,1.060700,1.118900,1.045900,1.096900,260110791.5,278939942.6729600,687238,137934430.0551900
1699142400000,1.096900,1.116700,1.055000,1.090800,225313220.9,245946819.3622300,654984,120062174.2539300
1699228800000,1.090900,1.145800,1.063300,1.125000,248975168.4,276712493.4785600,702654,133793230.0196600
1699315200000,1.125000,1.125200,1.044500,1.083200,244481249,264859199.0082300,712109,126020007.2966000
1699401600000,1.083300,1.101600,1.060400,1.093900,175993535.2,189925742.2281400,524095,92413305.1439900
1699488000000,1.093900,1.225700,0.923000,1.208700,530449837.4,587478770.5209600,1538187,283204652.4019600
1699574400000,1.208800,1.226500,1.121000,1.174300,284397262.1,333805501.7652100,966996,159520598.8807700
1699660800000,1.174300,1.183100,1.112600,1.138400,212877840.4,244892264.4851800,743040,113800390.7675400
1699747200000,1.138500,1.173600,1.092000,1.156900,210488545.3,239496302.0068500,697845,114271087.0146400
1699833600000,1.156900,1.199100,1.110400,1.115300,315507685.2,363941234.9469100,1050184,173735637.3470100
1699920000000,1.115300,1.117200,1.011900,1.077300,257198764.1,279716106.2664800,732972,129876390.6876400
1700006400000,1.077300,1.151600,1.074200,1.143000,166136435.2,185606612.7888200,461772,91077651.7005000
1700092800000,1.143000,1.181400,1.060000,1.079100,294726563.7,332507581.9518000,821442,158599962.8470000
1700179200000,1.079100,1.105600,1.000100,1.043000,236337317.6,248205396.4433300,608236,120661190.3593500
1700265600000,1.042900,1.046300,0.980000,1.033000,146461618.7,149613705.4784700,396646,70748296.2358400
1700352000000,1.032900,1.050800,1.007100,1.046800,142858724.2,147067501.0379400,380611,69370247.6769500
1700438400000,1.046900,1.075200,1.020600,1.027300,222836092.1,234323272.9716900,529595,110947826.3523100
1700524800000,1.027300,1.052600,0.941800,0.950200,244910841.4,245762354.5453300,721534,115494676.6496400
1700611200000,0.950100,1.036500,0.946800,1.019300,151203659,151557602.1873500,380945,74339433.1794900
1700697600000,1.019400,1.047500,1.004700,1.016900,106847443.8,109384632.7848600,267824,53313081.0797200
1700784000000,1.017000,1.079900,1.014200,1.049700,147779663.3,155218243.4568600,334618,75449001.0473300
1700870400000,1.049800,1.084300,1.043500,1.067000,90373410.4,96215681.4737700,242786,46437965.8994700
1700956800000,1.067100,1.073100,1.007900,1.037400,130884332,136626143.1696100,286964,63365795.3683900
1701043200000,1.037400,1.042800,0.990400,1.017600,144809868.2,146064432.7074600,320774,67744183.1739700
1701129600000,1.017700,1.031800,0.985100,1.017600,128025815.3,129455742.4665400,292941,60602657.9889200
1701216000000,1.017600,1.030400,0.993200,1.007900,116232307.1,117615110.6859000,263426,56645912.1995000
1701302400000,1.007800,1.017500,0.998000,1.006700,92034767.2,92715920.2218700,226820,44886121.2251000
1701388800000,1.006700,1.049000,1.000500,1.034100,143682556,148172292.1554700,319689,72173245.2417500
1701475200000,1.034100,1.124100,1.031600,1.111700,204053105.8,221030432.7535100,419823,109082956.6364300
1701561600000,1.111700,1.126000,1.082600,1.098100,140672039.4,155002114.5327100,334491,73025040.4133500
1701648000000,1.098100,1.151300,1.000600,1.093400,326368811.6,357342415.5547500,675550,168273946.6679600
1701734400000,1.093500,1.109800,1.048000,1.092000,244968502.9,264340028.8998800,517047,124660577.0323400
1701820800000,1.092100,1.114200,1.050400,1.059400,238091037.2,256604500.3167400,538813,122776751.9042700
1701907200000,1.059500,1.200000,1.035000,1.172600,473450442.2,535893959.2932100,1051391,261133186.5515900
1701993600000,1.172600,1.198800,1.148600,1.167400,280175209.7,327817902.2488000,656514,155203555.2972600
1702080000000,1.167400,1.244300,1.122200,1.140000,426790435,506087090.5020000,928491,235677114.9845300
1702166400000,1.140000,1.166800,1.112500,1.156800,168299637.7,192865603.6965400,402942,91545008.9012300
1702252800000,1.156900,1.163800,0.989100,1.096100,439027379.3,478084011.6292300,942826,224218432.8363100
1702339200000,1.096000,1.261000,1.094800,1.253700,525243681.3,610974487.9104900,1148579,300974653.5652300
1702425600000,1.253700,1.255700,1.107900,1.187000,465127547.1,540637533.0434700,1130814,251344472.2437500
1702512000000,1.187000,1.205300,1.102800,1.184200,271883980.5,318458504.0874100,685566,150666008.3708300
1702598400000,1.184200,1.185800,1.088500,1.100700,204580572,232325220.7009800,499567,108261239.2394100
1702684800000,1.100700,1.162100,1.080000,1.125500,172239855.6,193390447.4003300,463587,93691950.8119800
1702771200000,1.125500,1.139000,1.089700,1.107400,159124830.3,177189715.5451500,432254,83520890.4941700
1702857600000,1.107300,1.117000,1.033600,1.102000,213684781.5,229411707.9457300,568687,107309495.1133900
1702944000000,1.102000,1.125600,1.063500,1.074400,164591001.0,180648842.8535700,476107,86980006.7382900
1703030400000,1.074500,1.133600,1.068800,1.106100,173921061.0,192824548.0042700,529808,94694391.6417600
1703116800000,1.106100,1.164300,1.095600,1.159600,227371328.3,257614438.2833800,566165,122963704.0446900
1703203200000,1.159600,1.444200,1.143600,1.420800,866086401.1,1142779033.1780700,2331443,572125648.2013800
1703289600000,1.420700,1.458000,1.307200,1.394900,496952554.9,674895364.5320900,1375418,322477540.9513700
1703376000000,1.394800,1.466200,1.326700,1.355100,407608388.9,569346041.8391600,1287434,271710582.9623100
1703462400000,1.355200,1.404500,1.337300,1.389100,277583834.5,380727760.2601000,745389,181426928.0822900
1703548800000,1.389100,1.410900,1.219300,1.327600,288175283.1,381526427.4024100,831790,178052369.9465200
1703635200000,1.327700,1.544900,1.267800,1.506300,515241052.8,741499325.7978900,1514795,364089034.5320200
1703721600000,1.506300,1.671300,1.466400,1.469400,565338682.4,883931270.0780300,1867624,424388696.0076800
1703808000000,1.469500,1.550700,1.419300,1.510700,393213237.8,580334776.9346400,1228609,284161762.5329100
1703894400000,1.510700,1.536500,1.431500,1.481400,221397896.3,328660502.9428000,778786,157727167.7506600
1703980800000,1.481500,1.669000,1.480000,1.562600,368861544.0,582186372.0555800,1287988,284026858.9964500
1704067200000,1.562500,1.750900,1.512900,1.736300,306463471.0,499203950.3579500,1119445,245784188.1273900
1704153600000,1.736300,1.843300,1.700400,1.771900,499098503.0,878169735.7013100,1857462,426173905.7042400
1704240000000,1.771900,2.091800,1.422000,1.914200,1404163215.3,2662171543.3469800,5181397,1299889545.5321900
1704326400000,1.914000,2.120000,1.811100,2.005200,625938096.0,1231535423.2612700,2574019,603776346.5414600
1704412800000,2.005200,2.018100,1.818100,1.951500,516270605.0,991370311.2033600,2055760,482664981.0996400
1704499200000,1.951400,1.964300,1.687200,1.751600,403708582.0,718400810.7823900,1469136,344408973.3943800
1704585600000,1.751600,1.889300,1.671100,1.720900,392128198.0,708699508.6094500,1634039,342529654.5762300
1704672000000,1.721100,1.863200,1.567300,1.821300,534040129.9,919102812.2882200,2189928,443641313.8684800
1704758400000,1.821300,1.850000,1.616000,1.843600,513028707.7,895781644.1507300,2158413,433288354.6740600
1704844800000,1.843500,2.277900,1.828600,2.229400,890774352.1,1795788286.1178100,3937109,899996426.3755000
1704931200000,2.229400,2.393100,2.131100,2.259000,563149729.2,1279166592.9675500,2997542,631813925.1345600
1705017600000,2.258900,2.407400,2.093600,2.204000,599410729.5,1360114506.8815700,3006683,675295006.4034300
1705104000000,2.204000,2.220000,2.070400,2.176400,266992200.9,575490731.6821800,1460606,280310498.9518300
1705190400000,2.176200,2.196000,2.018500,2.031300,217305895.9,460041803.8270900,1109028,218994637.2133500
1705276800000,2.030900,2.175400,2.028200,2.110200,211284427.6,446514059.6282800,1097416,215720475.7790500
1705363200000,2.110200,2.206300,2.044800,2.151700,253657150.7,541925573.3550100,1260773,263673163.7907800
1705449600000,2.151800,2.165900,1.999000,2.038800,208536126.9,430741509.0561300,968896,204007101.0429100
1705536000000,2.038800,2.042700,1.840000,1.892400,279992140.7,540352087.2099500,1181591,256829588.5519500
1705622400000,1.892400,1.904500,1.723400,1.856500,289616753.6,531001162.7513600,1201884,258438714.5125500
1705708800000,1.856500,1.856600,1.758200,1.816700,159380300.6,287037774.2951200,646687,141713000.2852900
1705795200000,1.816600,1.902400,1.782100,1.816300,175481385.5,324974248.4605000,740244,152420544.4554600
1705881600000,1.816400,1.834000,1.651800,1.689500,351072722.2,607608210.6184900,1362684,296331226.9826200
1705968000000,1.689500,1.737700,1.543200,1.689800,385408693.5,627739407.9445800,1457931,304671609.1427600
1706054400000,1.689900,1.744700,1.632500,1.737500,265891134.6,449806575.2868000,991642,222697338.7735900
1706140800000,1.737500,1.773700,1.637400,1.731500,235930254.9,400862702.9393000,844924,199479898.7625400
1706227200000,1.731500,1.821600,1.711500,1.816700,223290641.0,395389435.6966000,932159,195401663.9376500
1706313600000,1.816700,1.842200,1.771800,1.796300,118220167.7,213141027.8217400,514806,103775917.7052300
1706400000000,1.796200,1.897000,1.783700,1.798300,186639916.0,343114745.5504200,717791,161290808.0471800
1706486400000,1.798300,1.859500,1.770000,1.854200,176489347.3,320855065.0105300,676255,160945878.3180700
1706572800000,1.854200,1.972400,1.836200,1.884600,251711662.4,478567437.9257000,967626,232544395.4288700
1706659200000,1.884600,1.891600,1.741800,1.762300,225054874.7,409392308.4689700,881118,197726607.2435500
1706745600000,1.762300,1.786600,1.690300,1.784000,181254501.4,314092359.3429600,734183,154056032.1538800
1706832000000,1.784000,1.816800,1.756700,1.791700,123808296.4,221672054.3395300,518676,108115160.5744300
1706918400000,1.791700,1.836700,1.762600,1.765300,89528737.0,161114745.8175500,385370,77580797.4116400
1707004800000,1.765300,1.775700,1.720100,1.731200,89952286.3,157726870.8733900,405875,76417557.7230900
1707091200000,1.731200,1.787900,1.697200,1.734400,125839468.2,219827564.7334800,532838,108290605.8111500
1707177600000,1.734500,1.875600,1.728000,1.830000,225527400.3,409169873.0169100,908388,204240956.9228500
1707264000000,1.829900,1.932500,1.808300,1.898500,188640499.4,351814309.0693600,792913,171698138.2232500
1707350400000,1.898500,1.928200,1.855000,1.861600,147830879.8,279309808.2213800,609674,137027031.1631100
1707436800000,1.861600,1.998000,1.861600,1.981300,181654457.5,351033355.8870100,720079,169977407.5887400
1707523200000,1.981400,2.019100,1.934500,1.960000,105152529.8,207457860.6051200,432488,101936065.9839100
1707609600000,1.960100,2.010900,1.931500,1.942400,96301762.5,190064719.5413200,424340,91799819.7814400
1707696000000,1.942500,2.084900,1.912800,2.077800,195828869.7,391170910.3992300,795211,193793043.2403000
1707782400000,2.077900,2.111100,1.983000,2.047400,164420804.0,337279196.4535500,764100,161777871.6225800
1707868800000,2.047500,2.128500,2.014700,2.111800,152156116.8,317043413.6186800,656342,154006990.8605400
1707955200000,2.111900,2.174800,2.036800,2.073600,200042157.4,422074581.7380600,826103,205536518.2914100
1708041600000,2.073700,2.096600,1.959100,2.011700,157464493.4,319328579.8169900,678919,153180960.7487600
1708128000000,2.011800,2.020000,1.904200,1.971000,94615127.1,185236726.6508200,425662,86095984.9388100
1708214400000,1.971200,2.053400,1.944300,2.041100,105919209.9,212470138.3474400,464070,103564939.0323100
1708300800000,2.041200,2.102900,2.015500,2.055500,152032628.4,312860811.5152500,627427,148588479.2660100
1708387200000,2.055500,2.093700,1.900100,2.011800,272210279.6,542487259.7909200,1131652,260999235.7253900
1708473600000,2.012000,2.019800,1.805700,1.878100,212622614.8,398891645.9543900,931112,187495565.2069000
1708560000000,1.878100,1.898700,1.784600,1.809700,200230303.3,369762216.5416600,839322,175837371.6539700
1708646400000,1.809600,1.830800,1.737600,1.800200,178579578.2,318443425.0473200,798714,152613807.0060300
1708732800000,1.800100,1.855000,1.752300,1.846000,110301173.7,200684474.2082000,473507,97206759.1170900
1708819200000,1.846000,1.907000,1.829300,1.906700,130968304.8,244985771.4765300,518155,117774374.1099900
1708905600000,1.906600,1.957800,1.808600,1.930200,187958579.9,353917788.8889700,773937,170134154.3024500
1708992000000,1.930100,1.958300,1.865100,1.898300,181749960.2,348623829.5356300,734674,168466998.4349300
1709078400000,1.898300,1.988500,1.787100,1.901800,333646704.0,632996720.2723100,1323230,303257044.3455500
1709164800000,1.901800,2.099900,1.884400,1.946300,388285040.2,775947368.8554800,1603489,373782362.7882500
1709251200000,1.946400,2.016200,1.940700,1.990400,163917313.6,324523169.2915900,752200,157961838.8666400
1709337600000,1.990500,2.028800,1.952200,2.028600,195200889.3,387408234.0116400,810511,184855283.3205700
1709424000000,2.028500,2.200000,1.823900,2.046800,365922308.3,759012272.1415100,1556160,356770378.1037700
1709510400000,2.046900,2.075000,1.920900,1.984400,274400000.2,548249016.2450100,1238772,257285777.7881700
1709596800000,1.984400,2.184500,1.700000,1.966900,698299100.5,1423679072.1683000,3147371,680735484.2975200
1709683200000,1.967200,2.151200,1.924500,2.056300,316451670.9,645546118.3734000,1451562,313600482.2237200
1709769600000,2.056300,2.189400,2.018100,2.167200,259543728.1,546652781.8714300,1259905,269592364.5618700
1709856000000,2.167300,2.279200,1.994600,2.135900,300753509.9,656029022.4799900,1418157,316693371.3184700
1709942400000,2.136000,2.168500,2.077100,2.099100,131591264.1,279817600.9626400,619957,137333969.5081100
1710028800000,2.099100,2.134000,1.999000,2.069700,187686519.1,388622062.2377000,878045,189612593.0203500
1710115200000,2.069800,2.150000,1.932200,2.086200,242514773.2,501178734.9921200,1064448,243339081.1658800
1710201600000,2.086300,2.103800,1.900000,2.019500,278125808.8,557467626.5433900,1162751,265985017.9926300
1710288000000,2.019500,2.260000,2.019400,2.117500,366222666.9,785430667.5867500,1583207,382234564.7284600
1710374400000,2.117500,2.120000,1.930000,2.017600,334693791.1,677365186.2540300,1640896,330858137.9348700
1710460800000,2.017700,2.036500,1.785100,1.890000,379663252.7,719490428.9439400,1726453,346070728.7013700
1710547200000,1.890000,1.968400,1.715200,1.757700,390801480.9,723725800.1125800,1741071,354108515.0769700
1710633600000,1.757700,1.776900,1.613000,1.737600,309045101.1,528163039.9644300,1183399,258928680.3423000
1710720000000,1.737600,1.741300,1.600600,1.624900,361008491.8,603069302.3906600,1293518,295697086.6444000
1710806400000,1.624900,1.676900,1.444800,1.626000,598438324.0,939089769.4971500,2166497,445603209.7510000
1710892800000,1.625900,1.767000,1.547900,1.747400,517591703.6,858306371.7538600,1718310,420713177.4225400
1710979200000,1.747400,1.799900,1.671700,1.685500,300395879.9,523216845.1995200,1143702,261847630.4313600
1711065600000,1.685500,1.699100,1.562700,1.605500,246788347.9,400664598.5971400,1050342,191914448.7887300
1711152000000,1.605600,1.639000,1.580300,1.596300,150062296.8,242293197.5649200,631576,118206590.4136300
1711238400000,1.596300,1.675800,1.586500,1.671900,161163459.4,264009728.7253800,625247,127442705.6752500
1711324800000,1.671900,1.752000,1.648800,1.725000,209031985.9,355881405.8272800,837134,178083610.2895600
1711411200000,1.725000,1.759400,1.664200,1.702400,195591275.7,335348074.8614300,783433,166990612.7282600
1711497600000,1.702500,1.742200,1.626900,1.656200,230125968.1,387001337.0949300,908272,187790218.6993600
1711584000000,1.656300,1.698100,1.629100,1.668500,148436886.3,248397861.0685000,575701,118438926.9255800
1711670400000,1.668700,1.670900,1.608300,1.645400,129269794.0,212418968.5302300,506287,101857068.2911000
1711756800000,1.645300,1.679500,1.632600,1.643000,95426494.4,158228350.4934800,404142,73658370.1576800
1711843200000,1.642900,1.693500,1.633700,1.663900,98050177.1,162584603.9677900,373983,79293579.8298200
1711929600000,1.663800,1.664800,1.531600,1.569000,205837498.4,326844625.0257300,748696,154868954.9002500
1712016000000,1.568900,1.569000,1.431000,1.449300,311831480.0,459407668.3681400,991882,218218075.1154100
1712102400000,1.449400,1.505900,1.399600,1.480400,208178930.7,305200256.4238400,750533,148944254.7474400
1712188800000,1.480300,1.513100,1.436000,1.460400,157207222.6,232163962.2729300,619515,113314064.9965200
1712275200000,1.460400,1.463600,1.382000,1.434200,175162265.2,249696540.4108500,629345,123345065.2172800
1712361600000,1.434200,1.503400,1.427000,1.488300,103745242.6,152459986.2184400,416652,72961512.4953600
1712448000000,1.488300,1.533000,1.481200,1.529800,102265341.5,153335150.2466600,378829,74409440.3023700
1712534400000,1.529900,1.580200,1.492200,1.571000,149982342.2,231499064.5449600,608453,111331352.3730200
1712620800000,1.571000,1.593200,1.475100,1.484900,214500023.0,330979919.4726800,766732,157561817.7266800
1712707200000,1.484900,1.499400,1.407300,1.467500,179252034.0,262110636.9162600,730529,128161169.7037500
1712793600000,1.467500,1.483300,1.411000,1.419300,151680777.5,218986571.5985500,508536,106554552.6262400
1712880000000,1.419400,1.442900,0.940700,1.172900,529774749.3,645819925.5151500,1598215,284753626.6632600
1712966400000,1.172900,1.187700,0.843000,1.030800,667603986.8,695609942.5376800,2011539,328883933.7816700
1713052800000,1.030900,1.188700,0.994600,1.179000,462134753.9,508843005.5384300,1614162,248366002.1787300
1713139200000,1.179000,1.269200,1.118200,1.152000,346079819.0,412664980.0978000,1283694,204599610.8318800
1713225600000,1.152100,1.170000,1.090000,1.153600,293688703.9,331882699.5623200,1076778,162314692.5447000
1713312000000,1.153500,1.170900,1.078000,1.105200,250777920.0,280769734.2333200,801119,138750732.6120800
1713398400000,1.105200,1.166000,1.078900,1.138000,188159077.4,212642841.9675700,706133,105258407.4606800
1713484800000,1.138000,1.167800,1.040500,1.119000,239174643.8,267848281.0431400,828534,131646435.5159200
1713571200000,1.118900,1.222200,1.106400,1.215300,153798338.8,178342589.6428300,528272,89488838.0639000
1713657600000,1.215200,1.228700,1.169900,1.188700,129517114.9,155372862.3208700,451730,75007907.2463200
1713744000000,1.188600,1.238900,1.181900,1.208200,132244426.1,160193432.2474700,462905,78846010.7663400
1713830400000,1.208100,1.220000,1.164600,1.178100,118184234.6,140366626.6276400,398598,67706761.0155200
1713916800000,1.178200,1.202600,1.098600,1.115100,209001362.0,240284584.5813800,619616,114496393.7196000
1714003200000,1.115000,1.123400,1.065400,1.088900,182318361.8,199608793.7039200,581622,96718631.7470800
1714089600000,1.088800,1.093700,1.051200,1.064600,157518086.5,169428092.6695100,454609,83636697.2379600
1714176000000,1.064500,1.128500,0.974500,1.124900,265881754.6,283731669.9385700,753081,141311696.5585500
1714262400000,1.124900,1.169900,1.095000,1.100800,206013042.4,233715785.4781700,611411,112240516.5707200
1714348800000,1.100800,1.110700,1.033100,1.057100,232263305.3,246767344.6319600,670672,118793221.8555000
1714435200000,1.057100,1.069800,0.965000,1.021800,302716829.7,306042411.8717200,803519,146360388.3504500
1714521600000,1.021800,1.057300,0.968900,1.029000,313034354.0,318101965.8389900,918660,157318411.9137700
1714608000000,1.029100,1.040500,0.993000,1.028200,191795465.5,196349122.6919300,511653,96482260.4376600
1714694400000,1.028100,1.077200,1.015800,1.064500,170529265.1,178758641.4176900,496317,88520738.4214700
1714780800000,1.064500,1.086200,1.056100,1.060900,123575085.9,132024815.8958300,332724,66085930.1495200
1714867200000,1.060800,1.094700,1.033700,1.070200,162602198.9,172655256.7900000,383119,84368407.0861600
1714953600000,1.070000,1.132600,1.052900,1.059600,221953357.4,241580669.7251000,564212,116361208.7399200
1715040000000,1.059600,1.076300,1.024000,1.024900,167075465.0,176344549.5652600,411505,84531919.9692600
1715126400000,1.024900,1.045300,1.007000,1.027800,190084095.2,194673971.3286500,453918,95210447.0202500
1715212800000,1.027800,1.047100,0.997700,1.040600,143491644.3,146662726.7389300,352182,71508671.4047600
1715299200000,1.040500,1.053900,0.983200,0.994500,192043841.5,195425850.4789600,474180,94454945.6835300
1715385600000,0.994500,1.013300,0.985000,1.000100,95458917.7,95514813.1347400,252349,46853147.7018700
1715472000000,1.000100,1.011600,0.986300,0.996900,68546785.1,68591382.1278900,183846,33873885.5923900
1715558400000,0.996800,1.004700,0.950000,0.981100,170042255.5,166889567.7760200,450677,78063419.7534700
1715644800000,0.981100,0.988300,0.931100,0.934900,145338950.9,139626467.0080600,371800,68159869.9459400
1715731200000,0.934900,0.997600,0.923300,0.993300,176547079.7,169768001.6983400,449729,83744787.4294400
1715817600000,0.993300,0.999000,0.950800,0.971000,135553946.4,132138023.6375900,360699,65526785.5132200
1715904000000,0.971000,1.073400,0.966600,1.030000,206982176.3,212167388.3320400,474914,105249925.5631600
1715990400000,1.030000,1.033300,1.002500,1.017600,130283566.3,132781464.6938200,304378,65790056.7404300
1716076800000,1.017500,1.028100,0.962400,0.971100,136914258.6,135991638.6103800,323227,61564899.3062100
1716163200000,0.971100,1.128900,0.946800,1.127300,365874435.8,377463925.1939100,820022,187058664.1284200
1716249600000,1.127300,1.235400,1.121500,1.203500,486234974.1,574277199.1284700,1288076,281533162.0064600
1716336000000,1.203500,1.213100,1.108100,1.142100,261698761.6,301621956.5738500,779742,143460769.4256100
1716422400000,1.142100,1.260500,1.099700,1.203600,611108651.8,729101363.7044800,1761082,355939317.5872600
1716508800000,1.203500,1.235700,1.123500,1.158400,264151728.1,309913670.4089300,883410,150118401.5140300
1716595200000,1.158400,1.210700,1.148200,1.192000,162845791.9,193914416.3928800,501260,96258145.8537300
1716681600000,1.192000,1.232100,1.177600,1.193500,250025293.7,301097194.6176000,720507,147813797.7427200
1716768000000,1.193500,1.276600,1.192800,1.230800,257959857.7,320974372.9620600,889754,158847650.1156300
1716854400000,1.230700,1.231000,1.170000,1.200900,216515675.0,259868214.9280500,772480,123990459.3615700
1716940800000,1.200900,1.211800,1.140400,1.141600,170146621.2,199775660.5986900,624372,96177334.2260300
1717027200000,1.141500,1.157900,1.107100,1.129100,162692334.7,184898824.0534300,568216,88888532.9664400
1717113600000,1.129100,1.167000,1.109300,1.120000,139892432.4,158594065.7158800,516841,78289564.5760500
1717200000000,1.120000,1.141100,1.115500,1.134100,62890412.7,70948009.0293000,277685,35678438.8709700
1717286400000,1.134100,1.144900,1.091000,1.113400,111419380.6,124604111.4481900,346857,58589213.3516500
1717372800000,1.113400,1.141300,1.100000,1.105800,111948421.1,125608097.8080400,380671,59271826.8023900
1717459200000,1.105900,1.117000,1.071000,1.108400,151091165.9,165620832.3869800,436158,81872974.8110800
1717545600000,1.108400,1.139600,1.101500,1.124800,116293352.0,130102424.8683200,369850,63815134.0563800
1717632000000,1.124700,1.125100,1.074700,1.089100,106845595.8,117959901.3843800,303306,53763832.9833400
1717718400000,1.089000,1.106400,0.889200,0.998600,297346976.9,300534017.0632300,741489,133903919.6796200
1717804800000,0.998600,1.007600,0.950900,0.967900,165795836.8,161724916.3189800,394632,76519567.0186500
1717891200000,0.967800,0.988300,0.956400,0.979300,91794227.8,89548725.0716600,271252,44141514.2666200
1717977600000,0.979300,0.983600,0.945500,0.960000,111165989.2,107266439.4915400,338303,52110831.9169700
1718064000000,0.959900,0.964300,0.911500,0.937500,207516238.7,194363279.5553300,542212,93625523.2153100
1718150400000,0.937500,0.998700,0.912300,0.973300,158021223.2,152375734.0166200,504555,74103894.7067900
1718236800000,0.973200,0.973800,0.921500,0.936900,147280724.7,138984467.2858900,411283,67938811.1923900
1718323200000,0.936800,0.954100,0.869600,0.912000,174099912.2,159707945.1414600,520575,77040338.7842800
1718409600000,0.912100,0.938500,0.911600,0.922000,75504790.8,69768355.3067600,265067,34734559.0174000
1718496000000,0.922000,0.937200,0.899800,0.924200,68022579.4,62538933.0575100,215025,29876622.5981400
1718582400000,0.924100,0.929500,0.833000,0.857600,195524246.2,171707337.6480400,501375,81767992.6438500
1718668800000,0.857500,0.861700,0.723000,0.794300,344978655.9,271282333.9981800,822300,126082901.9440700
1718755200000,0.794400,0.834500,0.786800,0.812700,144612545.5,117867669.4836600,416639,56079386.8110900
1718841600000,0.812800,0.848500,0.798400,0.800800,163682235.1,134470186.7097800,419439,64634701.7117500
1718928000000,0.800700,0.810300,0.782100,0.801700,170429928.9,136083614.8378000,446242,66526231.4842000
1719014400000,0.801800,0.810400,0.791200,0.804600,60974548.7,48911525.8602000,195898,23575706.3545600
1719100800000,0.804700,0.815200,0.777300,0.783800,76364712.8,60853602.7711800,221509,29484354.6977100
1719187200000,0.783800,0.820200,0.735100,0.819900,220900583.3,171770907.9931400,543838,85182535.4590400
1719273600000,0.819800,0.846300,0.810800,0.829300,117007885.3,96987344.5194600,340487,47682509.1168100
1719360000000,0.829300,0.838900,0.790900,0.812000,112431512.8,91853570.4274500,298601,44687949.3017300
1719446400000,0.812000,0.835000,0.800800,0.822600,97673908.3,79863486.0486500,260542,40060365.1429600
1719532800000,0.822600,0.834300,0.790800,0.791400,111072660.4,90467555.7955700,275721,42528398.7608700
1719619200000,0.791400,0.802400,0.776100,0.779300,63639029.6,50412211.1796700,182237,24107721.8991400
1719705600000,0.779300,0.805700,0.768600,0.801500,81168558.3,63687082.7209400,211557,31731469.7296300
1719792000000,0.801500,0.818300,0.776700,0.779400,87108083.8,69446572.3021800,220939,33504103.0937200
1719878400000,0.779400,0.786300,0.771700,0.783300,85270676.4,66405968.0412000,200316,35094516.5637500
1719964800000,0.783200,0.789500,0.750100,0.764000,160708334.8,123433440.3240500,362717,61863563.8374700
1720051200000,0.764100,0.768200,0.669300,0.678800,262252541.5,188646042.8614500,563270,90359574.0343700
1720137600000,0.678800,0.680000,0.561000,0.622300,576729518.9,352602264.8829300,995183,169658785.5948200
1720224000000,0.622300,0.698900,0.613200,0.692800,190011650.2,124219317.6380600,433271,62584635.4356700
1720310400000,0.692800,0.698400,0.648100,0.650200,206717284.6,140319221.9886200,505674,68432293.6693900
1720396800000,0.650200,0.688100,0.550200,0.667200,377344211.0,243874063.3303200,741826,117842446.5912700
1720483200000,0.667100,0.715200,0.660600,0.709900,168574727.2,114881486.8019800,404007,56506325.7199400
1720569600000,0.709800,0.731600,0.694300,0.713300,159208636.5,113189245.5951300,391525,54738498.9254700
1720656000000,0.713400,0.735000,0.689900,0.692800,132160469.7,94263861.6043900,356792,46464504.2607000
1720742400000,0.692800,0.708300,0.678700,0.698700,103091956.3,71450777.1121200,266834,36123247.4115700
1720828800000,0.698700,0.708200,0.689000,0.700100,94178479.8,65964182.4994600,227509,32569254.9240000
1720915200000,0.700000,0.725800,0.693200,0.721400,103346167.5,73209110.3687900,258107,34899409.8419200
1721001600000,0.721300,0.777200,0.717900,0.773000,162990058.2,120793467.9235000,400998,61292937.2424400
1721088000000,0.773000,0.779100,0.720800,0.751500,191488360.8,143811515.1276100,438011,69288720.2644000
1721174400000,0.751400,0.778400,0.740300,0.746700,176331161.7,134167055.2669800,380645,65205649.9998600
1721260800000,0.746800,0.768800,0.725900,0.747400,160190096.0,120207546.6366900,322509,57530401.4741200
1721347200000,0.747400,0.776400,0.722900,0.773500,144812529.5,108222427.1313600,318571,53513902.7988300
1721433600000,0.773500,0.794700,0.764700,0.778600,126320498.0,98417150.6246400,269809,47582339.3185100
1721520000000,0.778500,0.806900,0.751400,0.802200,159474619.4,124389762.1767800,349761,59213980.1048300
1721606400000,0.802300,0.807900,0.754700,0.759300,140549983.5,109496705.6299700,322280,52243543.8417200
1721692800000,0.759300,0.828000,0.753200,0.798700,391673293.4,311535845.3603200,870401,151403022.2346500
1721779200000,0.798700,0.800300,0.734400,0.739000,178887064.1,137180506.9207400,417032,64630763.9091800
1721865600000,0.738900,0.741400,0.671600,0.697900,244362499.1,171382840.3622800,536237,82250203.3115200
1721952000000,0.697800,0.732500,0.696000,0.726200,118464096.1,85273624.1916200,290369,42598721.6685000
1722038400000,0.726200,0.742000,0.705300,0.720500,131179152.5,95048901.6861000,273229,46730293.3232400
1722124800000,0.720500,0.724300,0.704800,0.712200,65793936.5,47121362.4490800,171630,22666669.8540100
1722211200000,0.712200,0.735600,0.696200,0.703600,131625097.7,94394780.9968500,296460,46188290.6765700
1722297600000,0.703600,0.710400,0.664000,0.677600,101546897.3,70100284.9065200,250153,33767198.3244100
1722384000000,0.677600,0.687800,0.652000,0.657100,106280017.8,71457326.9969500,281599,34728147.8472200
1722470400000,0.657200,0.661900,0.612700,0.653400,198114807.7,126841528.3226700,386683,61717203.1746400
1722556800000,0.653300,0.655700,0.593500,0.603000,187916221.3,116350758.7611500,364803,54982480.1066300
1722643200000,0.603000,0.627000,0.584700,0.607000,176111501.6,106308679.6707900,358899,52594589.0344600
1722729600000,0.606900,0.619100,0.551200,0.564800,213378545.6,125297804.8553500,431363,60564062.9284200
1722816000000,0.564700,0.568100,0.428100,0.481600,936232627.9,446957001.9967300,1320985,218273455.6777500
1722902400000,0.481500,0.522700,0.480700,0.502200,267082642.2,135430753.6155300,509029,68319941.3015100
1722988800000,0.502200,0.523200,0.475600,0.484300,214570145.3,106914892.7019500,413489,51662929.8436400
1723075200000,0.484300,0.558200,0.477300,0.554600,228885544.2,118727999.5304300,407338,61138207.1315300
1723161600000,0.554600,0.589200,0.535400,0.577200,313911433.8,176406985.7679900,578480,89445449.7650800
1723248000000,0.577200,0.590900,0.560300,0.577000,182849971.8,105136051.1364000,360834,50838474.5009000
1723334400000,0.577000,0.596900,0.547700,0.551900,191207676.2,109289027.6341000,379261,52472858.3696600
1723420800000,0.551900,0.596700,0.544800,0.588800,202346494.0,116020993.8565600,438743,58440782.0395600
1723507200000,0.588800,0.592300,0.565800,0.578500,124901060.1,72231264.5933500,277580,35709948.3072400
1723593600000,0.578600,0.587600,0.553900,0.561300,152201502.7,87049535.7967800,311617,42951732.7596400
1723680000000,0.561300,0.570100,0.530400,0.535600,148132063.7,81518145.5968700,314279,40027418.8723100
1723766400000,0.535600,0.549800,0.520700,0.533300,107322292.5,57499721.4076400,268801,28476605.2023500
1723852800000,0.533200,0.543700,0.530400,0.539900,47543227.4,25484597.9406200,139289,12435896.2275700
1723939200000,0.539900,0.554000,0.535100,0.536500,69698327.2,37996726.3929800,177176,17555561.8662500
1724025600000,0.536600,0.542400,0.526000,0.540200,90957372.2,48582994.2259100,200557,23960530.6621200
1724112000000,0.540200,0.554100,0.526400,0.535100,106545927.5,57660058.4017800,207872,28672358.7925400
1724198400000,0.535000,0.559400,0.525800,0.552700,116673988.6,63114667.3167200,209874,31880763.9292900
1724284800000,0.552700,0.568600,0.541800,0.561500,117626281.1,65745320.0602500,228676,30357147.2475400
1724371200000,0.561500,0.609100,0.560600,0.602600,170703562.2,98991738.3054000,291236,48468739.8916200
1724457600000,0.602600,0.636300,0.597200,0.621400,158343485.7,97503692.5298400,288947,46546331.4295100
1724544000000,0.621300,0.621800,0.588400,0.597300,120720729.1,72626210.8683600,228803,34178979.6327400
1724630400000,0.597300,0.605000,0.568100,0.570600,127923817.6,75454000.1658600,238108,36394826.2023500
1724716800000,0.570600,0.579700,0.511700,0.524800,188577356.8,103590178.5242200,307105,49144451.6788400
1724803200000,0.524800,0.537300,0.506000,0.521500,200107173.5,104647667.4568700,320223,50922665.3531700
1724889600000,0.521500,0.533700,0.506200,0.512500,120965696.2,63065711.7242800,217561,29765350.9393700
1724976000000,0.512500,0.516400,0.485300,0.513600,143876224.6,72467607.9183700,252651,36839216.2649000
1725062400000,0.513600,0.519500,0.506700,0.513700,50317709.6,25783068.0873300,117504,12442054.7205800
1725148800000,0.513600,0.514100,0.483300,0.489500,98459540.0,49285292.9132900,193587,23153584.5283700
1725235200000,0.489400,0.522100,0.488400,0.516200,101941443.1,51722767.2161000,194814,25569384.6340500
1725321600000,0.516200,0.520900,0.492600,0.493800,100039641.0,50686377.4962700,178975,23776053.8133200
1725408000000,0.493900,0.513700,0.466500,0.496900,143602987.1,70626501.4305600,236434,35113271.3845500
1725494400000,0.496800,0.502500,0.489100,0.496900,98876379.0,49046083.5649600,166081,24056391.1213000
1725580800000,0.496900,0.507500,0.468000,0.480400,243421092.3,119833090.1729100,327367,58656629.1526800
1725667200000,0.480300,0.505000,0.479300,0.500900,97819923.8,48567608.1668300,159515,23741024.7774600
1725753600000,0.501000,0.516000,0.496200,0.508400,98224028.3,49688459.4594400,157295,24198137.8426700
1725840000000,0.508400,0.532200,0.505100,0.523700,121285519.5,62807107.6671400,181888,32064862.2323100
1725926400000,0.523700,0.540600,0.515400,0.533200,108775351.6,57433454.3518400,164652,28416593.5371700
1726012800000,0.533200,0.534000,0.500600,0.514200,137052822.0,70438125.3008600,206465,32759290.2830500
1726099200000,0.514300,0.526800,0.510100,0.524600,107756410.5,55854352.2360800,152261,28082932.8162200
1726185600000,0.524700,0.539800,0.515900,0.536600,122621250.6,64358112.4368900,158159,30550565.5952400
1726272000000,0.536700,0.539200,0.524700,0.530300,64969332.7,34553519.3079000,109441,16245129.1002600
1726358400000,0.530400,0.540400,0.508000,0.510600,108616368.7,57425365.0725400,150032,27231095.3236400
1726444800000,0.510600,0.517000,0.497200,0.510200,128166939.3,64715688.9226400,188870,31458430.2343900
1726531200000,0.510100,0.530500,0.504300,0.521600,121803367.8,62994748.8097800,178889,31643224.7074800
1726617600000,0.521700,0.529300,0.500500,0.528900,121404748.5,62435561.6723400,199233,30292770.2196500
1726704000000,0.528900,0.581100,0.528900,0.557300,192554099.4,106777863.7007200,291515,52401748.0749900
1726790400000,0.557200,0.588000,0.549200,0.577100,161135295.7,92459492.5478500,259409,44834591.4309600
1726876800000,0.577100,0.623100,0.566300,0.615500,161365482.1,96134729.9538100,278828,48963559.1890800
1726963200000,0.615500,0.621400,0.582600,0.599500,148139823.9,88770574.7304400,262924,42759780.5516900
1727049600000,0.599600,0.623600,0.588600,0.598500,147796397.4,89531091.2775200,260560,42948517.8401000
1727136000000,0.598500,0.617900,0.584200,0.613900,158118161.1,94571394.7573300,260326,44997998.9284000
1727222400000,0.614000,0.633800,0.595200,0.598200,141546012.3,87082241.8237100,269790,42112486.2117300
1727308800000,0.598300,0.644400,0.587100,0.619600,191053783.8,118538449.6897900,336155,57382733.5789000
1727395200000,0.619700,0.680500,0.617600,0.667600,210687796.8,136399839.3052500,388955,66900686.4929600
1727481600000,0.667500,0.672600,0.632800,0.646900,139098299.0,90588983.6179900,264813,43444183.3395300
1727568000000,0.647100,0.657500,0.631100,0.645300,111484748.8,71716824.7754600,244052,34527476.1131300
1727654400000,0.645300,0.653600,0.598100,0.603900,172897881.2,108175673.3947200,342621,50081875.1496400
1727740800000,0.604000,0.629100,0.532700,0.550200,283878212.2,163620591.0946200,436760,74483868.3834900
1727827200000,0.550100,0.563500,0.524200,0.531400,194647162.6,106285716.3793400,332951,50247966.0071300
1727913600000,0.531400,0.543300,0.514000,0.533500,158924033.9,83943954.6760200,288629,40615330.0936100
1728000000000,0.533500,0.567600,0.531200,0.564900,108244696.7,59755340.9999800,215053,28736855.4537200
1728086400000,0.564900,0.569700,0.542200,0.550000,73465579.2,40848328.3821700,157520,20662163.8626800
1728172800000,0.550100,0.563700,0.547500,0.559500,74070861.0,41083562.6061100,153732,20175252.1028600
1728259200000,0.559500,0.575500,0.547900,0.548900,146288726.7,82314852.4854400,262293,40154111.8500700
1728345600000,0.548800,0.557000,0.534200,0.540300,104171030.0,56897577.7615900,211469,27466303.6741900
1728432000000,0.540300,0.548400,0.514300,0.521300,103040318.2,54904706.6453200,209186,25795177.3111300
1728518400000,0.521200,0.529900,0.505900,0.525200,106253527.2,55220804.1437700,195442,26363682.0530500
1728604800000,0.525300,0.542500,0.522600,0.533900,100713022.6,53780113.3203100,173469,26560523.3298900
1728691200000,0.534000,0.545000,0.528700,0.537800,128297992.4,68950845.6415100,187912,34605695.3255900
1728777600000,0.537700,0.539300,0.517600,0.529400,151586484.4,80339292.5447300,227727,37863499.5543100
1728864000000,0.529300,0.569000,0.517900,0.564800,196293279.1,107444299.7336200,294878,52447966.2718800
1728950400000,0.564800,0.583400,0.543000,0.567700,267901345.6,150738424.8467800,378728,70911285.4798800
1729036800000,0.567700,0.583300,0.554500,0.557100,215008454.7,122387558.7877200,345441,60206491.5902400
1729123200000,0.557100,0.566000,0.540400,0.546700,142244632.2,78387957.8405800,251540,38342910.3039600
1729209600000,0.546700,0.571900,0.543400,0.563300,113074353.6,63267586.6335600,201972,30516290.0999100
1729296000000,0.563300,0.572100,0.555900,0.565900,80010796.7,45096610.8531900,149828,21617056.6616900
1729382400000,0.565900,0.619800,0.560600,0.612800,212949064.6,126657606.4117000,340323,62572277.4316400
1729468800000,0.612800,0.616900,0.580000,0.587900,158558268.0,94415696.3891100,266821,45518845.1272100
1729555200000,0.587900,0.600600,0.572300,0.579700,133978776.8,78411052.7444200,222261,38524456.9738000
1729641600000,0.579700,0.581500,0.542500,0.559500,158502269.2,89094679.8545500,246828,42071914.4036400
1729728000000,0.559500,0.569700,0.551500,0.561100,115279183.8,64705458.6319600,184526,31695886.8329300
1729814400000,0.561000,0.562500,0.482300,0.506400,275981864.5,146988035.0613500,350818,68364035.3200100
1729900800000,0.506400,0.519700,0.496500,0.514200,143188567.0,72946331.5954400,193757,34126816.2799000
1729987200000,0.514200,0.524600,0.506100,0.519200,81651166.4,42026932.9190900,144285,19970256.0326700
1730073600000,0.519300,0.529700,0.502200,0.522500,162788213.9,83978160.1082500,228648,40946756.3849200
1730160000000,0.522500,0.550900,0.520900,0.547600,171731445.9,92325163.7267000,229108,44164363.1340200
1730246400000,0.547600,0.570200,0.538700,0.557300,213654759.1,118630320.7797500,292058,56014628.0005600
1730332800000,0.557400,0.561300,0.518900,0.526800,158136684.0,84954635.0083300,234937,38641410.1938000
1730419200000,0.526900,0.544800,0.510600,0.519500,146946028.5,77582513.9965800,245812,36635198.4572200
1730505600000,0.519500,0.525600,0.500100,0.504200,95555919.3,48936974.6316600,156293,22504506.3458600
1730592000000,0.504200,0.505300,0.460300,0.481900,260384389.3,124943734.9208400,335295,59190450.1278700
1730678400000,0.481900,0.491600,0.459400,0.473100,165353057.6,79095037.2415100,251082,38077735.1824800
1730764800000,0.473100,0.496200,0.472300,0.490300,136865443.8,66394465.6702300,212145,32512894.3367900
1730851200000,0.490300,0.556400,0.490300,0.548800,297538849.2,155863700.5662200,422947,74966512.9183200
1730937600000,0.548800,0.594200,0.545600,0.581000,331329383.1,190460100.9498200,516207,91352204.8276000
1731024000000,0.581000,0.598500,0.566600,0.591800,239451436.4,139322496.9418800,386599,68827590.0470300
1731110400000,0.591900,0.624500,0.579200,0.619900,253015306.2,152388608.8565000,389166,73951736.3297900
1731196800000,0.619900,0.656500,0.596000,0.629500,370873459.0,234157782.7862600,615382,109766970.2123800
1731283200000,0.629500,0.672700,0.610100,0.672200,355494717.4,227568961.2766500,599513,108986133.0499800
1731369600000,0.672200,0.690500,0.603600,0.630600,470950500.0,303250809.4535300,943077,144345696.4619100
1731456000000,0.630600,0.645000,0.571300,0.612600,432557014.2,263271286.8089800,889005,126675489.0013600
1731542400000,0.612500,0.636500,0.571900,0.580600,273199204.2,165200750.3265300,617393,79596998.7669500
1731628800000,0.580500,0.613400,0.566300,0.606900,233653955.6,137180943.4247200,464412,66480923.9951100
1731715200000,0.606900,0.764300,0.602000,0.725700,531135314.3,364993861.3611600,968485,179630888.9810500
1731801600000,0.725800,0.733000,0.659300,0.674600,377204796.3,260755522.6749000,780417,123164522.1024800
1731888000000,0.674700,0.750000,0.671100,0.739100,406288774.4,285754897.0933700,820351,137414829.0689800
1731974400000,0.739100,0.756500,0.674700,0.692400,277716548.0,195942982.2582900,626807,93504836.1612100
1732060800000,0.692500,0.717400,0.648200,0.672400,329107147.5,225114392.1703800,682125,106995300.9871500
1732147200000,0.672400,0.823200,0.649200,0.779200,747566126.4,569106531.3391400,1458019,283400731.4665200
1732233600000,0.779200,0.842200,0.756100,0.809600,548372717.7,433629958.5421200,1230388,209376811.8778900
1732320000000,0.809600,0.883900,0.799300,0.856000,534603224.3,451647703.9608000,1375023,214448358.9341200
1732406400000,0.856000,0.912600,0.795400,0.862900,441997570.9,376042219.4156700,1161803,179415364.9632200
1732492800000,0.863000,0.956200,0.823000,0.905700,655802892.3,594653161.2915600,1614059,285907574.3297800
1732579200000,0.905700,0.928000,0.830000,0.870800,414302351.0,363475915.5007200,1188801,173124014.9464600
1732665600000,0.870700,0.975600,0.848300,0.968300,408012023.5,375492066.4863000,1093235,184196394.0197900
1732752000000,0.968200,0.981800,0.887500,0.914300,319841288.3,295224063.0823300,906272,141560760.9214600
1732838400000,0.914200,0.941500,0.893000,0.931200,199750661.0,183369352.6648500,572892,87110230.3138000
1732924800000,0.931100,0.988400,0.921000,0.971900,303330425.3,291509970.1326000,816468,142060204.6952000
1733011200000,0.972000,0.998000,0.943300,0.969900,264466386.9,255334490.9472800,753855,119637200.8309800
1733097600000,0.970000,1.053100,0.897100,1.027700,552889572.9,534625839.8710000,1326327,256110849.6135700
1733184000000,1.027700,1.087400,0.962300,1.045800,440801254.7,453727916.4722800,1246863,219391134.5698000
1733270400000,1.045800,1.189500,1.044300,1.136800,497479432.2,559018613.5955800,1319934,269577921.6423700
1733356800000,1.136800,1.161600,1.070000,1.102500,363699533.9,408685820.0468400,1129992,196844766.6237500
1733443200000,1.102600,1.240400,1.092600,1.174500,351893903.8,413837370.0670300,1133429,204882311.3479300
1733529600000,1.174500,1.187000,1.151500,1.164100,143558699.9,168009520.7174700,597454,80345618.9190600
1733616000000,1.164100,1.188200,1.128800,1.159400,141642458.6,163871379.4966700,505147,75071930.7466200
1733702400000,1.159500,1.162500,0.832600,0.959800,566198097.3,579086117.3803200,1439993,265703262.5429500
1733788800000,0.959900,1.015600,0.874400,0.938100,538367830.2,505653377.2958500,1478879,241722760.8698000
1733875200000,0.938100,1.022200,0.892000,0.999300,288164189.6,278893430.8984300,869885,136093762.1078800
1733961600000,0.999200,1.101100,0.991200,1.026900,367068709.4,386981936.5772200,1104500,187600452.5519700
1734048000000,1.027000,1.076400,1.000800,1.033900,305514422.5,317585504.4355800,998182,152145695.5610400
1734134400000,1.033900,1.051200,0.957200,0.983500,237889238.9,237745888.6006900,772578,112098286.9775700
1734220800000,0.983600,1.021800,0.956000,1.016900,199436393.7,197411769.6391600,699969,95798288.8700600
1734307200000,1.017000,1.055200,0.964000,1.002800,301704887.9,304668875.5125200,960250,144670729.1888600
1734393600000,1.002800,1.016200,0.933000,0.948100,268706392.3,263772485.2796000,928656,127664126.6431000
1734480000000,0.948100,0.955400,0.840000,0.860600,362009176.6,329989099.8680200,1048050,156706756.9522900
1734566400000,0.860700,0.871800,0.751300,0.779400,487657774.4,397760545.2030200,1304079,188477244.8856400
1734652800000,0.779500,0.813900,0.667000,0.796000,532113188.9,395421901.5195000,1293328,191765196.8273500
1734739200000,0.796000,0.847000,0.731900,0.749200,298768340.4,233079460.4602500,872350,111459326.2278900
1734825600000,0.749100,0.770700,0.720200,0.746600,243706720.9,182307380.3935600,717737,88416748.4388500
1734912000000,0.746600,0.816700,0.725200,0.800100,259346251.8,199072510.0477200,775653,99778638.4286600
1734998400000,0.800100,0.838500,0.780900,0.817600,185218768.2,149928165.9562600,631695,72509308.3263500
1735084800000,0.817600,0.822500,0.787500,0.805000,142363034.8,114375229.7616700,496425,54035096.3491700
1735171200000,0.805100,0.810800,0.737000,0.753000,172328004.0,131384306.3620600,480409,61505619.4106200
1735257600000,0.753000,0.794500,0.747800,0.760200,181027821.1,139494536.9034300,496923,67097969.9513100
1735344000000,0.760200,0.782600,0.748100,0.775500,84379457.7,64365477.2647400,288278,30766267.2101700
1735430400000,0.775500,0.783000,0.688000,0.742100,122605374.7,93077478.4255800,311601,42855363.4420200
1735516800000,0.742000,0.771300,0.717200,0.732900,175962557.2,131153323.6099500,453504,64392297.4265800
1735603200000,0.732900,0.759100,0.713300,0.721800,120159902.4,88018028.5280800,336097,42177142.1504900
1735689600000,0.721800,0.750500,0.704200,0.745900,95784009.1,69550829.2710000,273913,33563038.9532300
1735776000000,0.745900,0.788000,0.745900,0.776000,132879171.3,102535762.7467600,338811,51019510.9658000
1735862400000,0.776100,0.838300,0.761400,0.834600,144245044.7,115801286.1499600,360865,55500536.6851500
1735948800000,0.834600,0.908000,0.824400,0.894400,228253645.2,197917698.7414400,501938,96661045.2682600
1736035200000,0.894500,0.923200,0.876600,0.915700,197295027.4,176925737.7146400,519134,87103178.4349500
1736121600000,0.915700,0.954300,0.902800,0.918600,243266950.5,226980220.8402400,679713,107132341.2497000
1736208000000,0.918600,0.920700,0.816800,0.820200,233438525.8,202634287.6718700,602511,96431976.0919000
1736294400000,0.820100,0.830100,0.750700,0.786500,234653191.4,186092038.0554400,625359,87461309.8322300
1736380800000,0.786500,0.798300,0.730300,0.742800,191864438.5,145962507.9826300,527075,72208247.3304900
1736467200000,0.742900,0.774000,0.730000,0.747500,196410587.5,147692960.7099500,501783,71740160.2623700
1736553600000,0.747400,0.760600,0.724400,0.743700,113434085.2,83753180.6528100,315571,39299740.2059900
1736640000000,0.743800,0.751700,0.718900,0.730000,117615878.3,86510973.7981500,313824,42862537.1486800
1736726400000,0.729900,0.749600,0.643000,0.702600,312579038.7,215375005.0268300,669180,101364473.1030700
1736812800000,0.702700,0.744300,0.697200,0.738400,150342334.1,108314701.2105700,397477,51852877.0177500
1736899200000,0.738400,0.796700,0.717400,0.791300,180885219.9,136938225.6074000,495823,68114236.2231900
1736985600000,0.791300,0.797800,0.746100,0.757100,204922337.8,156994078.8411900,523384,75244037.5333000
1737072000000,0.757100,0.829400,0.757100,0.815000,187747450.6,149999481.6291400,519832,75381020.9931600
1737158400000,0.815100,0.834700,0.748700,0.766700,232730467.3,180558017.2449200,562718,87455583.2410400
1737244800000,0.766700,0.794800,0.683400,0.697700,518712499.9,384274211.5970500,1032809,182094786.3337100
1737331200000,0.697700,0.761900,0.665000,0.698100,503215393.3,356882189.3181700,1080149,173431647.4698000
1737417600000,0.698100,0.748600,0.670300,0.722000,258313877.2,182291614.3682900,648514,87448747.9038800
1737504000000,0.722000,0.737200,0.695700,0.700800,163374914.9,117252967.8685600,429498,56420266.4932700
1737590400000,0.700900,0.723800,0.682600,0.720000,225881313.7,158015389.9674700,549430,78618587.3458100
1737676800000,0.720100,0.742200,0.695100,0.698900,169785345.6,122139151.4973200,455082,59374610.9552800
1737763200000,0.698800,0.711300,0.686100,0.700400,105726358.1,73910738.3678500,302973,34972223.2383700
1737849600000,0.700400,0.716800,0.674200,0.675200,120794115.3,84851091.1869500,310994,40803767.8126500
1737936000000,0.675200,0.677700,0.603400,0.643100,328590053.3,208337094.7318400,710479,100788705.3081000
1738022400000,0.643000,0.652600,0.584600,0.592100,165169366.0,102993194.4657100,390579,47531768.7915400
1738108800000,0.592200,0.626800,0.589800,0.605000,174962405.7,106289920.3314000,397416,52638706.1297100
1738195200000,0.605000,0.643400,0.598800,0.629900,121333279.0,76219059.0526700,287526,38169101.0767900
1738281600000,0.629900,0.674000,0.614700,0.641200,175150989.4,113031462.2296300,387841,55425912.1046400
1738368000000,0.641300,0.652600,0.571400,0.577500,300074389.0,187599848.8145400,489349,88217928.8156200
1738454400000,0.577600,0.590900,0.463000,0.493400,441773184.9,232685267.0328000,743417,106727555.6171900
1738540800000,0.493400,0.515600,0.348800,0.510500,917669429.6,398808405.7576700,1229364,192083547.7769400
1738627200000,0.510400,0.513300,0.451900,0.477200,425468072.4,202916185.9894100,698400,100652066.7270500
1738713600000,0.477300,0.498200,0.463600,0.470400,229124306.0,110294010.0419100,477183,53611428.3063500
1738800000000,0.470400,0.482800,0.441400,0.445200,209122103.7,96311630.8784400,417616,47246950.4166800
1738886400000,0.445200,0.467100,0.420000,0.432300,264696508.4,117850517.4120700,429421,58574834.2199400
1738972800000,0.432200,0.453300,0.427800,0.449700,112034773.6,48994028.8183800,256472,24405836.5720600
1739059200000,0.449700,0.467700,0.427900,0.448600,144950558.3,65312704.8613700,267922,32316344.5134500
1739145600000,0.448500,0.480500,0.434600,0.472200,152895858.8,70367741.1652900,299967,34985246.4662700
1739232000000,0.472200,0.493600,0.457500,0.462500,161456186.4,76470299.5002500,321771,38094077.4113600
1739318400000,0.462500,0.509300,0.448500,0.493700,228001181.9,107612473.5545200,391747,54021665.2120700
1739404800000,0.493700,0.503500,0.475500,0.487000,136956291.1,66765876.0894300,315135,32060344.6891400
1739491200000,0.487100,0.511600,0.483400,0.497300,129318789.5,64424576.2620600,275685,31254282.5314800
1739577600000,0.497400,0.498800,0.470700,0.476400,84933580.8,41058658.0540100,212073,19267519.7348300
1739664000000,0.476500,0.489100,0.471000,0.473700,109259713.6,52332317.7481900,221979,24420114.0155900
1739750400000,0.473700,0.514400,0.465600,0.496600,206809101.8,101196836.1305300,376384,50049701.7886600
1739836800000,0.496500,0.498500,0.438600,0.460200,304614579.2,140643462.5073000,453155,67733366.3303300
1739923200000,0.460100,0.474300,0.451700,0.470800,169723662.4,79128561.0822400,307580,39058771.1773500
1740009600000,0.470900,0.495800,0.469800,0.490400,189610320.8,91566362.0950600,324650,45616714.5692200
1740096000000,0.490400,0.510200,0.457300,0.467800,287369640.5,139396042.6420800,447020,67476991.9442200
1740182400000,0.467800,0.486600,0.464900,0.476300,126298979.8,60271121.2238000,282710,29410926.3287200
1740268800000,0.476400,0.490500,0.471900,0.477900,119104981.7,57132724.1816500,240138,27458414.4013500
1740355200000,0.478000,0.481300,0.399900,0.410800,344253423.6,151662511.1263000,505219,72870532.7419300
1740441600000,0.410700,0.427300,0.380100,0.419300,462078512.0,186117288.4852300,649637,94550012.9352800
1740528000000,0.419400,0.432800,0.403100,0.422300,246316991.0,102940767.6091700,406970,51880526.9420100
1740614400000,0.422300,0.438900,0.411400,0.424800,173741905.3,74259025.5058400,317562,36929798.8333800
1740700800000,0.424800,0.426500,0.383200,0.421800,318191656.4,127538572.7098500,464705,62138618.2137300
1740787200000,0.421900,0.426800,0.402500,0.417600,136907233.3,56880398.9694000,236515,27952811.4551400
1740873600000,0.417600,0.466500,0.408700,0.462800,258987598.6,113639437.5207800,388221,55523130.5200000
1740960000000,0.462900,0.464300,0.382400,0.391400,324462346.6,135583398.6899400,472307,63898348.9244100
1741046400000,0.391400,0.393600,0.349200,0.379600,423639461.1,157852892.7074600,528916,76109820.0699500
1741132800000,0.379500,0.435500,0.374500,0.414800,507661529.6,208283050.3495000,626869,104460490.1140000
1741219200000,0.414700,0.429000,0.399300,0.403500,233621384.0,96880635.0199200,387342,48693567.9670700
1741305600000,0.403600,0.416100,0.385300,0.394600,264253708.3,106082083.1536500,439503,53989449.3747600
1741392000000,0.394600,0.403800,0.381500,0.397700,125275212.1,49198686.0939100,255923,23913820.9651000
1741478400000,0.397800,0.399400,0.344100,0.349200,224726485.3,82197852.4603500,346747,39346839.4009400
1741564800000,0.349300,0.372300,0.313900,0.320100,397604375.3,135673624.1221800,462960,67711930.7012000
1741651200000,0.320200,0.347000,0.294400,0.337500,421736595.2,136842261.1091200,490135,67545151.1393500
1741737600000,0.337400,0.354300,0.326100,0.348400,268385509.9,91383320.0931000,362713,44408307.4048900
1741824000000,0.348300,0.354300,0.330500,0.343600,202600955.5,69482153.4494300,290524,34451773.6336100
1741910400000,0.343600,0.366500,0.342200,0.358700,152392269.1,54101579.8266200,248464,25331674.1747500
1741996800000,0.358700,0.369800,0.356500,0.364000,96081488.3,34839928.4156700,172426,17936254.0957400
1742083200000,0.364100,0.365100,0.344300,0.348000,150042221.6,53006833.2002700,207369,25600284.4771300
1742169600000,0.348000,0.375800,0.348000,0.369600,169319486.7,62084749.2528700,244413,31413916.9923500
1742256000000,0.369600,0.372100,0.351600,0.371300,137892291.3,49740417.9374000,222084,24628687.8760700
1742342400000,0.371400,0.386900,0.366700,0.384800,202961451.0,76481326.2567000,283894,39012715.6515500
1742428800000,0.384900,0.387100,0.366300,0.375400,123650636.9,46327679.8468000,186232,22553209.4339000
1742515200000,0.375400,0.379200,0.357600,0.359500,106786008.3,39092757.8528800,174140,17955051.8436300
1742601600000,0.359500,0.372200,0.358900,0.364800,77968602.6,28562347.8366000,129545,14870208.7233800
1742688000000,0.364700,0.374100,0.362200,0.368400,75267769.3,27716169.6805600,140488,13439756.0619800
1742774400000,0.368400,0.395700,0.361200,0.390800,181597608.5,69578404.6923800,227811,36558220.6845600
1742860800000,0.390800,0.395100,0.383500,0.393300,103341275.9,40296413.2051900,165314,19268424.3439100
1742947200000,0.393300,0.402700,0.377500,0.381700,148988281.0,58093845.1291600,189102,27355980.5697800
1743033600000,0.381700,0.390800,0.373700,0.384100,108792887.4,41737815.2881800,160215,21461624.3034600
1743120000000,0.384100,0.387400,0.341400,0.347600,173771763.4,62055120.3874000,229352,28592959.0124700
1743206400000,0.347600,0.349400,0.325900,0.330800,152616723.7,51123306.0434500,215967,24561915.1167400
1743292800000,0.330800,0.338700,0.325200,0.331800,139026507.9,46306887.1737200,176365,22137472.2206700
1743379200000,0.331900,0.335100,0.317700,0.327700,151794157.1,49786277.9438800,205259,25062100.2926000
1743465600000,0.327700,0.342500,0.327300,0.333200,140135291.7,46936027.2330500,184970,24172522.0869500
1743552000000,0.333200,0.339000,0.302300,0.306900,268507894.3,86848361.4614300,285069,43231895.9843900
1743638400000,0.306800,0.316800,0.293300,0.310400,242191685.7,73850599.4060800,238015,35779887.5257600
1743724800000,0.310400,0.318100,0.300300,0.312400,183101513.7,56867341.6264500,212028,29229738.1384400
1743811200000,0.312400,0.315200,0.304500,0.308800,67807510.1,21028236.3955200,111949,9912081.7656400
1743897600000,0.308700,0.308900,0.259200,0.267900,322393396.3,90321435.9717500,294715,43590822.1712500
1743984000000,0.267900,0.285600,0.242000,0.274200,526524306.0,140230163.1389900,459641,70548204.2154200
1744070400000,0.274300,0.282700,0.260400,0.264200,251814471.8,68268243.4724500,259433,34047060.5438500
1744156800000,0.264200,0.301200,0.255400,0.293300,352390933.1,98027439.6670500,342332,49957969.5495700
1744243200000,0.293300,0.293800,0.274800,0.286000,228904499.8,64877039.5291600,234696,31788913.1078200
1744329600000,0.286000,0.298800,0.285000,0.294800,186273865.7,54637237.0246800,194172,27285581.7852900
1744416000000,0.294700,0.312200,0.293600,0.310800,147354729.6,44756425.0603300,157175,22210704.8017400
1744502400000,0.310800,0.316800,0.295200,0.300400,203828289.0,62191228.7855600,210923,30653854.8916400
1744588800000,0.300300,0.312600,0.292800,0.295600,242708751.1,73047350.5021500,233210,34527961.0923700
1744675200000,0.295700,0.296900,0.279100,0.279500,173658224.4,50269286.8232700,212240,24753001.1361700
1744761600000,0.279400,0.284200,0.270600,0.278600,235514153.7,65641438.5345600,241836,33605181.8618100
1744848000000,0.278500,0.286700,0.274900,0.282300,157903304.5,44443578.1011500,184857,22917250.6753800
1744934400000,0.282200,0.293200,0.280700,0.290700,122561055.1,35365892.7433400,165324,17591653.5878900
1745020800000,0.290600,0.304200,0.289800,0.300400,122635104.2,36429573.0416900,155932,18593493.5670900
1745107200000,0.300500,0.307300,0.296200,0.304400,117639417.8,35489995.5350300,167454,17384899.6364700
1745193600000,0.304500,0.314900,0.296900,0.299200,150029174.7,46054148.0016100,204355,20145366.4186500
1745280000000,0.299200,0.324600,0.292100,0.322100,213844173.8,65315752.9837500,279628,31328110.4496900
1745366400000,0.322200,0.343600,0.320300,0.338900,236697595.4,78433215.1453600,328979,40226495.2517000
1745452800000,0.338800,0.344400,0.324700,0.342100,185852245.3,62358367.7835200,255084,30432558.6769700
1745539200000,0.342100,0.352900,0.335000,0.346100,176138296.0,60783736.4173200,235177,28762354.0751600
1745625600000,0.346200,0.357700,0.342100,0.352300,138410026.1,48531956.1236700,201782,23324345.7861200
1745712000000,0.352400,0.363100,0.332200,0.335600,161235486.2,55474017.0024300,232566,25919606.1777800
1745798400000,0.335500,0.348200,0.327000,0.335700,172603067.3,58348433.0305400,239129,29111435.9492100
1745884800000,0.335800,0.342700,0.323900,0.327700,137933890.7,46170846.5348800,192994,21770275.6376800
1745971200000,0.327700,0.334800,0.314700,0.325700,156928108.8,51031532.6907900,189354,26034496.6085400
1746057600000,0.325600,0.344700,0.325500,0.339200,139244844.2,46979435.0052000,170836,23824909.2730000
1746144000000,0.339100,0.345400,0.333500,0.338600,131153942.1,44409051.4571000,175066,22098038.1397400
1746230400000,0.338700,0.339700,0.315800,0.319500,136294114.4,44532593.9393600,178651,19719414.1222100
1746316800000,0.319500,0.322900,0.309100,0.310300,133964519.9,42317823.0307800,179835,19709560.1787800
1746403200000,0.310400,0.320900,0.305400,0.310900,127821198.8,40009907.1489000,188823,20308843.9056100
1746489600000,0.310900,0.312200,0.294300,0.308300,164681483.1,50058655.8612000,201920,25569614.2817600
1746576000000,0.308300,0.313200,0.298300,0.310700,252343143.7,77109788.5198700,233260,40458112.0294400
1746662400000,0.310800,0.367700,0.310300,0.362400,342369589.6,115979723.3389000,349997,58119944.8889600
1746748800000,0.362500,0.393000,0.359900,0.378600,336315887.3,125836741.7697700,406559,62266945.0889400
1746835200000,0.378600,0.497000,0.372600,0.484100,649865995.8,278948486.2315000,750797,137972477.6113600
1746921600000,0.484000,0.504700,0.439800,0.451100,547452864.9,255816531.1482400,731923,127993473.4054200
1747008000000,0.451100,0.480400,0.415100,0.430100,504883197.0,227332982.6095100,635062,110268318.6779200
1747094400000,0.430100,0.464500,0.406400,0.456900,413041578.4,179673171.6698800,505302,91407226.8214400
1747180800000,0.456900,0.461500,0.420300,0.426300,262287045.9,114908943.2478100,435241,54804425.2547600
1747267200000,0.426300,0.435100,0.387100,0.397800,337214883.2,138382765.9656500,464851,67088339.8111500
1747353600000,0.397900,0.417300,0.385200,0.389700,230015950.6,93049528.7163600,362234,45277134.5296700
1747440000000,0.389600,0.390800,0.368400,0.375800,266097987.1,100367612.0534500,356116,47270529.0218300
1747526400000,0.375800,0.407500,0.365100,0.395000,311372171.6,120422071.0480700,400201,58997173.2583400
1747612800000,0.395100,0.399800,0.363800,0.391700,279584071.6,106214237.3072600,367793,52628470.2039400
1747699200000,0.391800,0.401800,0.379300,0.393400,242440630.4,94831376.4303000,329591,45652900.5061000
1747785600000,0.393500,0.419700,0.389400,0.410900,388164422.0,155982395.0115100,447807,76867819.6624600
1747872000000,0.411000,0.438600,0.409500,0.428800,279164566.1,118674101.9509500,388977,59029761.3304400
1747958400000,0.428800,0.444700,0.387800,0.390600,353049381.3,147112621.0467300,489180,71526147.9867400
1748044800000,0.390700,0.401600,0.387900,0.391800,112510009.8,44501652.4041700,233690,20089292.8532100
1748131200000,0.391800,0.394700,0.374900,0.393600,148237707.9,56945216.8179000,248052,28010199.0896900
1748217600000,0.393600,0.406600,0.386500,0.392000,165396983.8,65569432.6547000,243042,31938297.1000300
1748304000000,0.392000,0.414400,0.379400,0.401900,220293545.2,88489964.9556000,304436,43975333.4941500
1748390400000,0.401900,0.417200,0.389100,0.409400,247040335.7,99478985.4968900,314598,47732843.3521800
1748476800000,0.409400,0.441600,0.393300,0.396000,437936924.4,183379377.3928700,478525,91096655.0220800
1748563200000,0.396000,0.398900,0.330900,0.333100,480366940.7,175174697.3314300,553566,82316225.6756100
1748649600000,0.333100,0.347100,0.319200,0.339400,289105430.5,96542668.9820800,367005,46276311.3124100
1748736000000,0.339300,0.344400,0.329700,0.342400,177654128.0,59950186.7974700,241380,29348201.9276100
1748822400000,0.342500,0.359900,0.332800,0.357600,258307141.6,88566520.8758500,267800,42587549.9810800
1748908800000,0.357600,0.373100,0.355400,0.359500,250118153.6,91127056.5041600,288921,44102244.9511200
1748995200000,0.359600,0.373600,0.354300,0.358700,258603734.6,94329935.4509300,281957,46726348.1446500
1749081600000,0.358700,0.363600,0.316800,0.323000,353489037.4,120678665.6725100,346331,58068248.1048000
1749168000000,0.323000,0.346500,0.322100,0.331500,238274604.8,79615346.7626100,248887,38898862.2459000
1749254400000,0.331600,0.349700,0.331100,0.347700,135709725.8,46575822.1011600,175901,23564077.2405600
1749340800000,0.347700,0.349600,0.337300,0.342100,123165179.6,42375419.3711200,154909,20056470.9484600
1749427200000,0.342100,0.369700,0.335500,0.368500,222676786.2,78185526.3431100,209302,38995853.0984900
1749513600000,0.368600,0.419000,0.361700,0.414200,465366390.8,181816220.8660800,425828,86880606.1434600
1749600000000,0.414300,0.426500,0.393300,0.397300,388403438.1,158572929.0986000,396087,75036422.8815500
1749686400000,0.397300,0.401300,0.365200,0.365800,325372190.8,124778765.7607500,358340,62205374.9551700
1749772800000,0.365800,0.366300,0.329600,0.348500,521536261.2,178006721.6397100,483497,88162184.4153600
1749859200000,0.348600,0.349800,0.326900,0.333100,228142127.5,76907933.2151800,270693,37944673.3445600
1749945600000,0.333100,0.336200,0.318900,0.327500,280937120.9,92201711.2911500,289330,46065163.1787200
1750032000000,0.327600,0.341900,0.316900,0.318300,409065965.1,136528736.5813400,382155,67361780.2036000
1750118400000,0.318300,0.326200,0.298800,0.303200,437565239.9,136218938.7650900,407573,69266755.2809500
1750204800000,0.303300,0.311000,0.289700,0.307100,349466796.3,105156514.6568600,348310,51179961.8252100
1750291200000,0.307100,0.311500,0.296300,0.301200,223680216.2,67940123.8528700,241479,33565188.8210900
1750377600000,0.301300,0.310100,0.283200,0.286500,366005434.6,108588043.8441500,321146,52581704.0543900
1750464000000,0.286400,0.292100,0.267300,0.274800,324725639.3,91252680.9045400,278975,45268129.8659500
1750550400000,0.274800,0.280900,0.252300,0.267500,568631054.2,150803460.7725100,411789,75181675.5825000
1750636800000,0.267600,0.304600,0.264200,0.301600,521234239.7,145061816.2436600,394805,72874921.7204500
1750723200000,0.301500,0.335100,0.298200,0.315200,467899881.6,147540959.6313200,420931,72815114.0548700
1750809600000,0.315300,0.325000,0.305400,0.308700,375988843.8,117981774.8541500,357339,57532513.4886100
1750896000000,0.308700,0.315500,0.294200,0.303600,420492317.3,128252627.6196800,359021,63359296.6329500
1750982400000,0.303600,0.315200,0.297700,0.305500,315802471.4,96431078.2340800,332282,48113035.8796900
1751068800000,0.305600,0.313600,0.300600,0.311000,165005201.3,50333103.8352700,211008,24991266.1901600
1751155200000,0.311000,0.390000,0.304800,0.366800,953464578.1,328732042.0682000,721390,167513642.4318500
1751241600000,0.366900,0.376300,0.335900,0.344900,1378405061.0,488698612.0709100,1023492,243372542.6284800
1751328000000,0.344800,0.346300,0.321000,0.327100,628117568.9,206574594.5193800,539395,99555723.9248300
1751414400000,0.327100,0.357100,0.322000,0.347700,843356991.3,289269871.9969500,680711,141301042.9675500
1751500800000,0.347700,0.363400,0.337700,0.343500,540200251.6,189549421.8036100,532250,88302849.9434600
1751587200000,0.343500,0.347400,0.313200,0.324100,517550822.1,169702583.2132800,441133,82444218.2037000
1751673600000,0.324100,0.332400,0.320000,0.328000,276709355.2,89882012.7329500,302875,43476378.6031500
1751760000000,0.328000,0.339000,0.321600,0.334300,271726969.6,89516023.8919200,296458,44090214.6316100
1751846400000,0.334300,0.338600,0.325100,0.328500,286768823.0,95083692.4009200,288720,44952807.1917800
1751932800000,0.328600,0.342400,0.322400,0.338000,288203907.8,95895718.5171500,281702,47615812.1950800
1752019200000,0.338000,0.358600,0.333800,0.355300,397981858.6,136899226.2538200,338361,69323099.9445100
1752105600000,0.355300,0.399500,0.351000,0.396300,505474935.9,186388039.3005000,426830,92868434.8466100
1752192000000,0.396400,0.433200,0.388600,0.405100,680955032.5,281499748.7757900,668341,140114572.3074800
1752278400000,0.405200,0.413200,0.382000,0.399600,340184835.6,135123753.3058700,383180,66043949.1664100
1752364800000,0.399600,0.421500,0.397100,0.410300,357091353.0,147017358.4415600,402485,71038066.4467300
1752451200000,0.410400,0.433700,0.398500,0.402500,541777406.4,225407638.7482300,530759,105943081.6909400
1752537600000,0.402400,0.443800,0.390200,0.436700,556485270.1,228946818.7014700,556756,112055786.6492500
1752624000000,0.436600,0.458600,0.423600,0.440400,717587904.4,316864436.7414300,644196,154957456.2903800
1752710400000,0.440300,0.457000,0.427600,0.449700,606126475.1,268532181.7256500,602656,130474443.0239900
1752796800000,0.449800,0.497100,0.439300,0.452300,879832437.4,412838813.4940500,910531,199862511.0534100
1752883200000,0.452400,0.477400,0.437500,0.464700,403186865.3,184494414.5641000,508545,89694481.6733700
1752969600000,0.464800,0.510300,0.457300,0.483300,551805695.0,266753225.2060800,653831,130255947.8428000
1753056000000,0.483300,0.511100,0.474100,0.485900,562622165.2,276294799.8185200,631510,133680321.7036100
1753142400000,0.486000,0.493700,0.453500,0.482500,686163950.9,323296803.0095400,747306,154663439.0541400
1753228800000,0.482500,0.483800,0.415900,0.433500,701855273.6,312849141.3393500,669165,149418958.0430800
1753315200000,0.433500,0.449300,0.406400,0.430700,610530934.3,263223807.9791200,592994,130970829.5592900
1753401600000,0.430700,0.444400,0.412600,0.443000,489496815.3,210485042.1134700,549943,104496222.0149800
1753488000000,0.443000,0.457700,0.439600,0.448600,270590344.2,121343258.3118500,315604,57715892.3262100
1753574400000,0.448600,0.463200,0.446000,0.460600,299588686.6,135900162.0857600,372470,66816581.5356000
1753660800000,0.460500,0.479000,0.427900,0.434100,557951083.2,254606501.7564300,589475,121439247.0644500
1753747200000,0.434200,0.450500,0.414500,0.424700,444186929.8,191282108.6295700,517669,94071728.7638700
1753833600000,0.424800,0.426400,0.392000,0.415200,438396095.3,180778325.1386200,483679,84714312.5809000
1753920000000,0.415300,0.431400,0.394900,0.397400,415534767.5,171826198.6528600,394195,82176580.1788900
1754006400000,0.397500,0.398900,0.366500,0.377200,572272002.5,220798445.5447100,566971,105215695.4109700
1754092800000,0.377100,0.382300,0.360700,0.368600,342716973.6,127643982.7029400,365212,63982343.0889400
1754179200000,0.368600,0.385900,0.363300,0.382500,202240925.7,76424427.7490200,235404,38496620.7555200
1754265600000,0.382600,0.411700,0.381900,0.405200,301859959.5,119839317.5217400,330630,57987423.5992500
1754352000000,0.405300,0.405800,0.374800,0.383500,355939565.7,138415056.4770400,338103,65653148.2648400
1754438400000,0.383400,0.392200,0.373000,0.388700,271883031.8,104249941.0453600,298775,51206485.1804100
1754524800000,0.388800,0.419100,0.386000,0.416700,322709732.3,129992634.3571000,317193,65569671.0859600
1754611200000,0.416800,0.436400,0.410100,0.433800,480442169.8,203078751.0740200,437511,101551476.8844600
1754697600000,0.433900,0.480200,0.433400,0.473400,451389075.0,207639138.9805600,435002,101397920.4807000
1754784000000,0.473500,0.485600,0.448700,0.466800,418780671.6,194346083.8968900,463091,95248142.6406600
1754870400000,0.466800,0.481400,0.432800,0.435700,581415821.1,265099104.9143600,531379,124053351.8614100
1754956800000,0.435600,0.480000,0.433100,0.477400,491090863.1,225121013.9628300,517536,115534393.9578100
1755043200000,0.477400,0.582800,0.470300,0.571400,1395917804.5,737842772.3458700,1345889,366329849.7870500
1755129600000,0.571500,0.576200,0.489600,0.516300,1305059171.1,692981303.6040300,1173916,324595011.6600700
1755216000000,0.516400,0.536500,0.470900,0.481100,944720467.0,474480373.5790300,887370,227065118.0716500
1755302400000,0.481100,0.498000,0.471500,0.492400,379743180.0,183784831.6201700,504979,88568256.9831200
1755388800000,0.492500,0.564500,0.485300,0.536000,954294997.2,506054323.2686700,999717,253428167.4165300
1755475200000,0.536100,0.543600,0.505800,0.511100,1047739693.3,544406016.8858700,991668,267028658.6340200
1755561600000,0.511100,0.524200,0.471700,0.472800,796766040.5,393217945.3581300,790226,187054864.6441900
1755648000000,0.472800,0.519000,0.471300,0.513300,839515820.4,413880234.2030200,783337,203892556.8270600
1755734400000,0.513300,0.520600,0.484700,0.496100,533130882.8,266458780.5815800,617270,128685047.1568100
1755820800000,0.496000,0.607800,0.473600,0.587000,1409228564.2,759315458.1131600,1349516,380253630.6115900
1755907200000,0.587000,0.614600,0.567400,0.613100,697142258.3,411152084.6107500,825570,207645665.1136000
1755993600000,0.613000,0.624700,0.564800,0.578900,883880458.2,518130055.9653500,1035418,243968894.9211600
1756080000000,0.579000,0.591600,0.510000,0.517100,808619151.7,440074058.1037800,908783,207208680.4393900
1756166400000,0.517100,0.543400,0.513100,0.529900,624241885.6,331409057.8552500,749141,166931894.1742100
1756252800000,0.529900,0.533000,0.496900,0.505000,705562815.3,364461123.1070000,708293,173742663.8108800
1756339200000,0.505000,0.536400,0.499800,0.523000,555743583.1,287800056.0533900,585689,144073703.2728500
1756425600000,0.523100,0.524100,0.483500,0.490600,607815497.7,303087255.8352300,624284,146957165.1943000
1756512000000,0.490600,0.503500,0.479200,0.498900,286481063.4,141624293.0835700,359949,72000582.1522000
1756598400000,0.498900,0.518000,0.495300,0.496100,290591612.5,147723446.9062500,384600,69935739.2021700
1756684800000,0.496100,0.513700,0.466000,0.476900,513333341.1,250799118.2319800,611912,119409714.3279800
1756771200000,0.476900,0.506200,0.474600,0.502600,425009690.0,208106304.3971800,506408,103745562.3001700
1756857600000,0.502600,0.519300,0.492200,0.510000,338740027.8,171379693.0983300,376676,85226573.9276200
1756944000000,0.510000,0.513100,0.477900,0.482100,355528665.3,175181983.3734900,382791,84446796.8548600
1757030400000,0.482000,0.511800,0.481700,0.494400,495701396.1,245889507.7752500,476474,122507445.2077300
1757116800000,0.494500,0.500200,0.482700,0.488200,202104908.4,98995600.1920500,248664,48772874.3132400
1757203200000,0.488200,0.499100,0.486600,0.495900,187695314.1,92523307.3767500,239638,44359374.2340900
1757289600000,0.496000,0.516000,0.490600,0.513100,388512652.3,195622321.8489900,393692,97139515.9940600
1757376000000,0.513100,0.539200,0.503500,0.512300,515546610.1,268866752.0012400,539265,135951248.3149700
1757462400000,0.512400,0.526400,0.500900,0.512500,426843504.5,218136092.4856300,487512,100757405.8279600
1757548800000,0.512500,0.532500,0.507200,0.529700,353571349.0,183739632.1784500,407268,89145812.0381100
1757635200000,0.529800,0.550000,0.520700,0.547500,352579540.5,188268019.6643800,385689,90264558.8066400
1757721600000,0.547500,0.557600,0.530900,0.541200,326009588.1,177706282.2166000,347568,84939284.6301300
1757808000000,0.541300,0.542500,0.506500,0.513200,323706085.4,168797239.7487400,389337,77484125.3296500
1757894400000,0.513100,0.524500,0.485000,0.492100,489054840.3,244077447.1138000,463204,112273041.4725300
1757980800000,0.492100,0.501000,0.483200,0.494600,322504003.5,158948756.9463100,365395,75311313.1774300
1758067200000,0.494600,0.526300,0.483800,0.520500,449990596.9,224316112.6482800,457036,112024931.6478500
1758153600000,0.520500,0.528600,0.512100,0.524000,318712208.8,165941025.9574000,367461,86098211.3265700
1758240000000,0.524000,0.535200,0.484200,0.488400,418543119.9,212162849.6595600,425495,98138741.6251000
1758326400000,0.488400,0.499700,0.485800,0.492900,220521681.8,108517134.2780500,262518,51723978.3166400
1758412800000,0.492800,0.499000,0.478500,0.480300,246010231.8,119915257.5899900,270288,54499517.7204900
1758499200000,0.480200,0.482700,0.413000,0.436200,706193278.4,313298334.3009800,618253,146451996.0851900
1758585600000,0.436300,0.443300,0.421400,0.432200,410945657.7,177744241.1754700,375263,87681009.3386400
1758672000000,0.432200,0.443100,0.420400,0.429100,384846459.2,167643141.6869400,336147,81880686.6680600
1758758400000,0.429200,0.430500,0.398600,0.407800,707466165.8,294664589.1482100,556147,143633467.7092600
1758844800000,0.407800,0.425900,0.401800,0.424800,390842079.0,161393187.7249800,350227,79637156.7240400
1758931200000,0.424800,0.429500,0.418100,0.423900,145102197.6,61352698.7031500,185112,29508730.6847200
1759017600000,0.424000,0.432400,0.408700,0.429900,183058675.0,76729300.1869200,211197,37476343.7404300
1759104000000,0.430000,0.430300,0.408600,0.417400,270860726.1,113430286.9955300,277149,52916990.4664400
1759190400000,0.417300,0.424400,0.402700,0.421200,308157224.1,127053402.5739200,310600,62290159.7205300
1759276800000,0.421300,0.441500,0.415800,0.435000,307407488.4,132499300.1731400,299999,65184952.4919000
1759363200000,0.435100,0.456500,0.431800,0.452500,342772006.0,151928704.1256600,319098,73007047.7386700
1759449600000,0.452600,0.460500,0.437100,0.449900,325903042.8,145898248.2836100,332723,69686696.6118200
1759536000000,0.450000,0.452500,0.426000,0.433900,212831156.6,92903411.7410000,244582,42422401.1737700
1759622400000,0.434000,0.455500,0.429200,0.431900,296555032.4,131200045.3867500,307534,62114535.3310700
1759708800000,0.431900,0.465700,0.427100,0.456700,378034425.1,170391893.2304700,371876,86272259.3267500
1759795200000,0.456700,0.462800,0.419600,0.421300,499221176.8,219375564.8323700,424194,104651066.1893400
1759881600000,0.421200,0.439900,0.416800,0.434700,285852409.9,122121805.6225900,322164,58509894.1189700
1759968000000,0.434700,0.436000,0.406900,0.417700,308445048.4,128899156.0782400,314609,61126415.4492900
1760054400000,0.417800,0.431500,0.104100,0.295900,1561758991.3,503709650.8463600,1098741,235431698.5746300
1760140800000,0.295800,0.327200,0.288500,0.301500,922086244.5,284674253.7441700,664642,139449712.6779500
1760227200000,0.301600,0.345400,0.295400,0.334300,584564032.2,188521306.2670800,530373,94409111.7441700
1760313600000,0.334300,0.361800,0.328200,0.358400,603907265.1,207614874.7739600,536946,104068980.7109700
1760400000000,0.358300,0.359400,0.321900,0.343200,668390903.5,225070334.4041600,520879,109627112.2242800
1760486400000,0.343100,0.351300,0.321100,0.326800,452392003.8,151403222.1115200,341048,74908521.9929000
1760572800000,0.326800,0.336000,0.309700,0.316000,475824958.5,153769634.5982400,398939,75659234.6780900
1760659200000,0.316000,0.319700,0.287600,0.303700,582768250.8,175377574.7477500,438500,86979174.8423900
1760745600000,0.303700,0.313300,0.303400,0.309100,204110852.9,62962025.0517000,176610,31333177.8806500
1760832000000,0.309200,0.322300,0.304000,0.317100,274214456.7,86169471.5737400,238614,41894113.5653700
1760918400000,0.317000,0.328600,0.310200,0.321900,253475832.0,81480624.6130500,257344,40221472.0455700
1761004800000,0.321800,0.335100,0.308400,0.310800,417175624.6,133718920.7598400,352094,65187204.1824900
1761091200000,0.310700,0.312700,0.291000,0.301000,403787688.3,123326080.1976800,337152,61617336.0497300
1761177600000,0.301000,0.319400,0.299800,0.313900,253202581.5,78471266.2134700,223661,39080878.5175700
1761264000000,0.313900,0.324500,0.311400,0.320100,235631568.7,74626524.5573900,206218,38422670.1722600
1761350400000,0.320000,0.322400,0.316500,0.320100,124536961.6,39762862.9604500,128570,19869193.7912200
1761436800000,0.320100,0.337300,0.314000,0.334600,202174697.8,65887335.5431700,176848,32194194.9000700
1761523200000,0.334600,0.351500,0.328400,0.330400,344859149.7,116765707.2559400,272981,56785550.2110900
1761609600000,0.330300,0.333700,0.306900,0.314600,366132235.6,118528040.6277400,295044,58590992.6768800
1761696000000,0.314600,0.329000,0.307700,0.317400,395286496.7,126452824.6022900,326536,62304220.0612500
1761782400000,0.317500,0.321900,0.278900,0.290000,532939002.6,159483434.3566800,405100,75278516.9590800
1761868800000,0.289900,0.300100,0.285000,0.295200,329735673.9,96743708.6388400,275899,48311067.8553300
1761955200000,0.295200,0.308600,0.293300,0.306800,186241384.4,56315452.9402400,203940,28909619.1420400
1762041600000,0.306800,0.313800,0.296000,0.307300,208751939.4,63694468.6860400,218910,30672604.0709000
1762128000000,0.307300,0.308500,0.253400,0.261100,717714650.6,196218088.3724500,478847,95381522.2499000
1762214400000,0.261200,0.271900,0.234000,0.254700,999765881.7,254364243.1259600,614134,126116115.1094600
1762300800000,0.254700,0.271500,0.241900,0.269600,464759430.1,120923364.9349200,376598,60851450.5459700
1762387200000,0.269600,0.270000,0.253000,0.264500,397299887.2,104272362.6121000,338949,51697731.3083700
1762473600000,0.264600,0.305500,0.262900,0.299500,538555969.0,151562216.0811600,481108,75457767.6257000
1762560000000,0.299500,0.313200,0.287100,0.297900,310609205.9,92695071.8933700,311904,45408183.4855000
1762646400000,0.297800,0.303100,0.284000,0.299200,239696047.4,70753873.1136600,249848,35551225.6938500
1762732800000,0.299200,0.311800,0.291400,0.306700,343817663.5,103301542.4973100,320247,50613356.9994400
1762819200000,0.306800,0.313800,0.274200,0.275500,380809837.9,111215725.5179900,357632,54204953.8227600
1762905600000,0.275400,0.280500,0.256400,0.259200,452124567.3,121591578.9083000,366170,59906325.4410400
1762992000000,0.259200,0.270700,0.238600,0.244500,475972142.3,122328765.6316600,439859,58594806.4571800
1763078400000,0.244400,0.249200,0.230300,0.237400,641071427.2,154084077.2084000,493459,75793561.2773700
1763164800000,0.237400,0.249200,0.237100,0.241000,225573135.6,54795031.2863100,234306,27031011.0306000
1763251200000,0.241000,0.247200,0.227600,0.235700,409937052.5,96824079.6090300,301883,47189700.6775000
1763337600000,0.235600,0.242900,0.221800,0.226900,507086199.9,118051272.8690800,331911,58591700.3830300
1763424000000,0.227000,0.240100,0.222000,0.237300,456269227.1,106335158.2311200,298295,53331245.3272800
1763510400000,0.237200,0.238900,0.217400,0.229500,483403801.6,110240054.1339800,300401,53194182.3673400
1763596800000,0.229400,0.241300,0.210900,0.215000,672524344.4,151942063.9630000,395705,74700769.3063300
1763683200000,0.215000,0.219800,0.183900,0.201900,1016934875.1,207443356.0623900,544620,101972999.8659700
1763769600000,0.201900,0.204500,0.195200,0.200100,344378714.3,68627524.0951300,237425,33155409.2384500
1763856000000,0.200100,0.205300,0.198600,0.200700,219859848.0,44389750.3772900,168726,21712532.2000900
1763942400000,0.200700,0.221500,0.199200,0.217300,468132546.1,97336528.2463600,241756,48869057.4058900
1764028800000,0.217300,0.220400,0.208700,0.216200,270553938.1,57972348.7127400,175179,28249085.7543500
1764115200000,0.216200,0.222900,0.208500,0.218600,323593484.7,69546369.9404300,175762,34313402.0358500
1764201600000,0.218500,0.225100,0.215900,0.220500,185069600.4,40689217.3661100,133368,20064650.4084400
1764288000000,0.220600,0.225100,0.214400,0.216600,288903106.7,63398325.1402900,167960,31060905.1532300
1764374400000,0.216600,0.219900,0.211800,0.214300,170588302.7,36753133.5149300,109133,17593033.5745600
1764460800000,0.214300,0.220400,0.209900,0.210400,216388512.5,46659866.7167400,137666,21858672.8600000
1764547200000,0.210400,0.211300,0.186200,0.193500,536335681.9,104278668.1366300,285647,49996457.6566800
1764633600000,0.193500,0.218000,0.191400,0.212600,430816268.7,88602430.4731900,221416,44180450.6902600
1764720000000,0.212600,0.225400,0.210400,0.222500,364052101.1,78995954.3626600,222024,39849170.6558500
1764806400000,0.222600,0.224900,0.212600,0.215800,276293789.3,60670321.1950900,188631,28476419.4776600
1764892800000,0.215700,0.217600,0.198400,0.202200,315629168.4,65648465.7930300,203485,31231768.3817800
1764979200000,0.202300,0.209500,0.199200,0.207300,186877164.1,38192675.1965200,132938,19405055.8505500
1765065600000,0.207200,0.213200,0.198400,0.204000,325965424.4,67149657.3211900,186359,32784854.0217400
1765152000000,0.204100,0.216200,0.202800,0.212300,308030129.4,65130931.2556500,192056,33262765.3864400
1765238400000,0.212300,0.230300,0.208800,0.222400,401976139.4,88133101.6943600,255607,44203216.7143100
1765324800000,0.222500,0.229700,0.215300,0.216300,365586525.8,80772719.2332000,227594,38376641.9349900
1765411200000,0.216200,0.216500,0.202400,0.212500,328515402.5,68210412.9441600,235632,33187352.1607100
1765497600000,0.212500,0.216600,0.197600,0.205700,334280238.3,69448715.6411100,215040,34216583.7353400
1765584000000,0.205600,0.218400,0.205500,0.215100,184732235.4,39068418.5475500,156238,19680614.9775400
1765670400000,0.215100,0.218200,0.201600,0.204600,243436713.3,51007927.9416100,162963,24394853.8814800
1765756800000,0.204600,0.215500,0.189800,0.197000,520591513.8,105806882.3128200,275289,51828208.4962400
1765843200000,0.197000,0.204000,0.191200,0.200300,321165921.0,63390969.7799500,225254,30999527.3340100
1765929600000,0.200300,0.204800,0.182200,0.184700,459358821.6,88632018.7070100,277705,42782623.5595200
1766016000000,0.184600,0.193900,0.171800,0.175700,576555340.9,104778386.1638200,283574,51306004.5930400
1766102400000,0.175800,0.195200,0.173100,0.192500,401992059.8,74896724.5023500,258215,38290504.5640900
1766188800000,0.192500,0.194000,0.188100,0.189600,190693620.6,36354398.7559900,127592,17579251.7702400
1766275200000,0.189500,0.191700,0.182400,0.185900,242960116.8,45345848.6119000,158588,21559587.1096300
1766361600000,0.186000,0.193000,0.184300,0.187500,364537272.1,68866095.2553600,184514,34740709.3222100
1766448000000,0.187400,0.191100,0.180400,0.190900,302780374.8,56184782.9219600,160876,27973012.8405200
1766534400000,0.190900,0.192500,0.181400,0.187700,277694320.5,51787497.4641200,173607,25738946.9444000
1766620800000,0.187700,0.191700,0.183500,0.184300,240126862.9,45298072.2802500,135816,21458103.2568800
1766707200000,0.184200,0.193900,0.182700,0.191600,319597472.0,60667785.8586100,163296,30595504.0886500
1766793600000,0.191600,0.198200,0.190200,0.197100,133392883.2,25801796.0259000,106362,13453939.2876100
1766880000000,0.197000,0.199100,0.192300,0.194900,145043855.2,28435542.9564400,108927,13371915.6775200
1766966400000,0.194800,0.199700,0.188700,0.190400,307077029.9,59400231.0723500,157446,29366134.1115300
1767052800000,0.190400,0.194900,0.188300,0.190800,192428170.1,36948279.5269900,123823,18374335.1319600
1767139200000,0.190800,0.192900,0.183600,0.186800,194963209.4,36724720.3873800,125584,17277326.4353500
1767225600000,0.186800,0.202300,0.184900,0.201200,216212846.5,41772924.8797300,153676,21839789.8259100
1767312000000,0.201200,0.210400,0.198500,0.208900,301507391.3,61327230.7879800,183018,31718825.9037700
1767398400000,0.208800,0.211500,0.203800,0.208900,169945381.1,35318865.4922600,111874,17751747.8131000
1767484800000,0.208900,0.218300,0.208400,0.216200,230756074.5,49167297.4890300,154730,24718569.0104500
1767571200000,0.216100,0.223200,0.211200,0.220800,354855326.6,76787717.1219600,183601,36715605.4836000
1767657600000,0.220900,0.227600,0.211200,0.222200,373021238.4,82156943.7331300,205228,38894300.6982100
1767744000000,0.222200,0.222400,0.209900,0.212700,319657691.0,68781705.3358700,181273,33209199.6380900
1767830400000,0.212600,0.213900,0.203400,0.208900,308738149.2,64528183.8593600,183623,31398148.6836800
1767916800000,0.208900,0.213600,0.204500,0.207400,278215714.6,57940085.8425700,174673,28591132.9915000
1768003200000,0.207400,0.213300,0.204600,0.206800,160369736.9,33536912.2392800,125294,17349202.4061800
1768089600000,0.206900,0.210100,0.200700,0.204200,162550342.4,33549286.3686800,117915,15475752.3036900
1768176000000,0.204200,0.211200,0.199000,0.200600,303776926.4,61945685.5987800,177291,30340226.5122700
1768262400000,0.200700,0.226100,0.200600,0.221400,401289017.2,85538745.0414800,230722,43789737.3012400
1768348800000,0.221400,0.224900,0.215400,0.217400,381881707.0,84545206.9964400,216817,40057504.8411900
1768435200000,0.217300,0.218600,0.205000,0.209900,302133860.2,64087517.9331500,206566,30613413.2755400
1768521600000,0.209900,0.211000,0.203100,0.209600,214814478.2,44651632.9205900,149645,21311027.1068200
1768608000000,0.209700,0.224000,0.209000,0.216400,265277600.1,57394532.4268500,184213,30292922.7492900
1768694400000,0.216300,0.220800,0.205800,0.206000,246803729.6,53081479.6684600,179198,24752684.0954900
1768780800000,0.205900,0.205900,0.185200,0.193300,596152582.4,115171744.7446700,346130,54502240.4681500
1768867200000,0.193400,0.194600,0.178800,0.181900,470485416.6,88530936.7468500,258708,42537100.9389800
1768953600000,0.181800,0.190400,0.179100,0.184900,525483495.2,97272228.3543000,268322,48195220.4799800
1769040000000,0.185000,0.188700,0.174600,0.177500,403914753.7,72672639.1248300,249103,33888466.9465800
1769126400000,0.177600,0.182500,0.173200,0.176700,362405319.8,64558057.6055600,210424,31960765.2866500
1769212800000,0.176600,0.181100,0.175100,0.176300,153099271.4,27159309.0135800,123338,13786340.5351800
1769299200000,0.176300,0.177100,0.163000,0.167300,397839333.8,67551707.9217300,197679,32056188.8627000
1769385600000,0.167300,0.173300,0.166800,0.170000,326066616.1,55490785.9697200,183177,28361175.3052600
1769472000000,0.170000,0.173100,0.166200,0.171400,258456534.9,43783833.8087400,148804,21319588.6257100
1769558400000,0.171500,0.173100,0.166700,0.171600,315281503.8,53697767.2409800,165811,27647312.3262900
1769644800000,0.171600,0.172400,0.153900,0.158300,486509754.7,77975721.5899500,224051,36726371.5313000
1769731200000,0.158300,0.159200,0.150700,0.155200,519624299.5,80399696.2742400,224143,40193132.7269500
1769817600000,0.155100,0.155400,0.125500,0.140100,926468242.2,129948199.1730800,298768,61044790.4883800
1769904000000,0.140000,0.141900,0.131300,0.135100,534057449.3,73433196.5689700,230890,35183387.5335800
1769990400000,0.135200,0.140700,0.128600,0.137100,557924431.4,75394797.3642000,292057,38691514.3074200
1770076800000,0.137100,0.137900,0.124100,0.130200,784273092.4,103625351.4198800,278721,51286258.5409900
1770163200000,0.130200,0.136300,0.126200,0.128300,699442479.0,92313808.7219700,273384,45139765.9334800
1770249600000,0.128300,0.129700,0.106000,0.107700,1332946600.6,155329576.1397200,507982,77405261.8423400
1770336000000,0.107700,0.122000,0.094200,0.120200,1488211424.3,162330211.6630400,468105,79996991.3097800
1770422400000,0.120200,0.125600,0.114800,0.119900,703407598.7,84308901.6545900,238782,41776174.3196200
1770508800000,0.120000,0.120300,0.114800,0.116500,332857880.4,39265718.4713500,140452,19430012.9966200
1770595200000,0.116400,0.117800,0.107900,0.113100,501741415.7,56605558.7097900,173776,28160787.7058700
1770681600000,0.113100,0.113500,0.107800,0.109900,427860882.1,47093368.7983700,157434,22695738.8211400
1770768000000,0.109900,0.112800,0.104800,0.108300,594480084.9,64295364.4794200,182275,31689546.5854100
1770854400000,0.108200,0.113100,0.107900,0.111600,461981715.5,50915128.0034300,151527,25419972.2291100
1770940800000,0.111700,0.116600,0.108200,0.115400,411609800.5,46116486.3806500,137132,23402422.5879400
1771027200000,0.115500,0.122300,0.114800,0.120400,267196923.2,31614818.3740800,110176,15635301.5298100
1771113600000,0.120400,0.121500,0.112000,0.114600,358098551.2,41778701.4576000,129347,19832795.0219300
1771200000000,0.114500,0.117200,0.111400,0.115100,328279957.0,37424726.9315700,122982,18404398.4528500
1771286400000,0.115200,0.115900,0.111200,0.112700,301058204.5,34190339.2313000,109419,16616302.1781200
1771372800000,0.112800,0.114400,0.106800,0.107700,320997752.6,35592594.8218600,124652,17094335.3851700
1771459200000,0.107700,0.108500,0.097100,0.097800,704170546.4,71418102.4977800,201433,33311798.9965100
1771545600000,0.097900,0.098600,0.092500,0.096900,1070362971.3,102660575.8707400,263820,48637933.4323000
1771632000000,0.097000,0.105000,0.095800,0.098300,678674245.1,68271899.9812300,213316,34204057.4530900
1771718400000,0.098300,0.098300,0.093100,0.094400,367342102.8,35001204.2641000,137876,16971703.0472200
1771804800000,0.094400,0.096300,0.088100,0.093600,766982070.8,70792757.7366600,217445,35875430.0089100
1771891200000,0.093600,0.094100,0.089700,0.092100,501102305.5,46207098.9632500,150997,22676422.5608000
1771977600000,0.092000,0.106900,0.091200,0.100700,884268989.5,87499938.0978300,212662,43604985.3075400
1772064000000,0.100700,0.101800,0.095300,0.100000,701299247.7,69565875.0407200,187771,34632242.9710100
1772150400000,0.100000,0.113000,0.097300,0.100300,1033389377.2,108881975.8374300,306231,54102415.9010300
1772236800000,0.100200,0.100900,0.090900,0.099600,876611872.0,83513433.3153000,226133,40314637.8541100
1772323200000,0.099600,0.105200,0.095700,0.099500,641298856.4,64486860.9578000,212482,33088006.2329100
1772409600000,0.099500,0.108700,0.098400,0.101800,649217445.2,66718072.4389400,197500,33831293.6552100
1772496000000,0.101900,0.104500,0.098700,0.102600,510563597.8,51760213.6298400,172246,25026434.7190100
1772582400000,0.102600,0.107400,0.100900,0.104700,586974192.2,61021678.6328200,173451,31305337.6796900
1772668800000,0.104700,0.106000,0.100500,0.102900,465183642.5,48047367.4081500,142464,23225447.1640700
1772755200000,0.102800,0.105100,0.097800,0.099900,390478208.2,39551484.0343700,133966,18823664.9148900
1772841600000,0.100000,0.100700,0.095700,0.096800,238455072.0,23406372.1442400,94979,11290681.2558900
1772928000000,0.096700,0.097300,0.093300,0.094400,376521885.1,35916179.0510400,123935,16696358.4125500
1773014400000,0.094400,0.101100,0.094100,0.097500,466113937.0,45599928.7043900,153535,23618663.8223100
1773100800000,0.097400,0.102200,0.097100,0.098300,419537848.6,41789168.0278400,137136,20553377.5596400
1773187200000,0.098300,0.103400,0.096900,0.100000,378685482.6,37980152.0062600,129713,18794150.4037800
1773273600000,0.100000,0.101500,0.097300,0.100900,376800199.7,37394292.9737200,122712,18080016.5932300
1773360000000,0.100900,0.107300,0.100600,0.102600,472333287.2,49223398.4117100,157862,25087849.9600400
1773446400000,0.102600,0.103500,0.099300,0.100900,224604171.3,22656943.0749800,91992,10192895.4952200
1773532800000,0.100900,0.104600,0.100100,0.103900,304178023.0,31089351.2911800,99731,16237306.0297900
1773619200000,0.103900,0.111500,0.103200,0.110300,567019583.2,61152055.0341000,142356,31514337.1545900
1773705600000,0.110400,0.111200,0.106700,0.107900,364247744.0,39529625.9421500,101054,19207015.8210400
1773792000000,0.107900,0.109300,0.100100,0.102800,377705213.3,39348042.6218500,131206,18321177.6651100
1773878400000,0.102900,0.103800,0.097600,0.099200,310100162.6,31001639.9308700,118122,14463370.8344500
1773964800000,0.099300,0.101500,0.098400,0.099800,270092778.7,27028593.6423600,105489,13520898.3563300
1774051200000,0.099800,0.100700,0.095600,0.096300,190263416.9,18851934.3494500,72791,8842726.8550300
1774137600000,0.096200,0.097200,0.091000,0.092500,417157514.4,39217396.5903200,152694,18386256.1904100
1774224000000,0.092400,0.097700,0.091200,0.097600,687082501.9,65179130.8704600,175868,33309754.2323500
1774310400000,0.097600,0.098500,0.094600,0.097500,503957007.5,48724283.5854600,153670,25189546.1615300
1774396800000,0.097600,0.100000,0.096800,0.098700,313122899.1,30895255.9680000,110631,15315154.4938400
1774483200000,0.098700,0.099300,0.092400,0.093800,394373032.0,37539198.0463600,121363,18507888.7653100
1774569600000,0.093700,0.095100,0.089300,0.089900,365966502.7,33508287.6294400,119383,15497009.0132900
1774656000000,0.089900,0.092400,0.088500,0.089800,254153193.7,23002346.5826900,104233,11131253.5818400
1774742400000,0.089700,0.090800,0.085500,0.088300,318366550.0,28221155.5276900,104014,13788826.5712000
1774828800000,0.088300,0.093700,0.088100,0.091100,465036969.4,42571255.1216900,129436,22971065.5613400
1774915200000,0.091100,0.094000,0.090600,0.092900,371502580.2,34309879.0798500,113816,16628561.0968200
1775001600000,0.092900,0.096900,0.092100,0.094400,374585298.8,35464922.6228900,105125,18101965.6780800
1775088000000,0.094300,0.095500,0.089500,0.090700,422754237.5,38683008.2513200,118046,18143099.2674600
1775174400000,0.090800,0.094800,0.090600,0.092300,388220632.0,36178903.4696200,92800,17927620.6809100
1775260800000,0.092200,0.093800,0.091300,0.092600,240212294.0,22144855.8102000,66533,11334087.7076100
1775347200000,0.092700,0.094700,0.089600,0.094200,265442954.3,24265437.1950700,83119,11583324.6395900
1775433600000,0.094200,0.098900,0.093000,0.093600,428045954.3,41232828.6561800,133263,21105069.9852300
1775520000000,0.093500,0.103000,0.092500,0.102000,552918642.3,53259732.6122600,131300,27359411.0818200
1775606400000,0.102000,0.106500,0.099600,0.105400,509878700.7,52439014.0342200,151232,26228395.1748000
1775692800000,0.105500,0.110200,0.100400,0.107800,580285774.2,60109739.5384500,170246,29903057.3728400
1775779200000,0.107900,0.116600,0.107100,0.116500,829158650.5,91680247.7300400,242877,45663262.0907900
1775865600000,0.116500,0.122600,0.113200,0.115600,792238479.9,92079566.1718400,264111,45740415.2963800
1775952000000,0.115500,0.116100,0.109000,0.110900,328268901.3,36670672.3426200,142860,17690843.0361800
1776038400000,0.110800,0.113800,0.109700,0.113400,285344217.1,31820390.8070400,121532,15976453.9526100
1776124800000,0.113500,0.113700,0.108900,0.110100,311704001.5,34702303.3329800,122252,16538850.4504100
1776211200000,0.110100,0.117500,0.110000,0.114900,395808297.6,45143634.1112300,142785,22451035.5302000
1776297600000,0.114900,0.133300,0.114100,0.128900,652761012.0,80254157.0343500,269699,40601623.0430500
1776384000000,0.128800,0.136700,0.126000,0.131300,621828624.5,81964945.5277100,289550,40636777.0785900
1776470400000,0.131200,0.134300,0.125700,0.129000,310404586.8,40216879.6028800,170067,19867433.0920300
1776556800000,0.129100,0.129200,0.121100,0.121500,291378584.3,36636767.1406200,146216,17316031.7598300
1776643200000,0.121600,0.129400,0.121200,0.127100,335530802.6,42549181.6424300,143360,21541174.7977600
1776729600000,0.127100,0.128900,0.122600,0.125200,285817726.6,35962233.8695900,135665,17498203.1457800
1776816000000,0.125200,0.133800,0.123900,0.128400,332136030.5,42920387.0736300,161288,20997157.4048500
1776902400000,0.128500,0.129300,0.123300,0.128400,343881964.5,43414320.8147000,159705,20583955.7570500
1776988800000,0.128400,0.132400,0.127300,0.128600,277727627.4,35974056.6415000,157353,18356577.4277500
1777075200000,0.128600,0.133000,0.127200,0.129200,218120129.1,28451864.7837300,128305,14072974.3765600
1777161600000,0.129200,0.132700,0.127700,0.129400,208141916.5,27109491.2778100,116619,12972250.9424500
1777248000000,0.129300,0.132900,0.123200,0.126500,277354881.2,35256890.4001000,143044,16618968.8580400
1777334400000,0.126600,0.127500,0.122900,0.124300,218111372.5,27246711.0794600,116914,13847634.8304400
1777420800000,0.124300,0.132800,0.120500,0.125300,368592433.0,46643044.5192200,182600,23561977.6728400
1777507200000,0.125300,0.129000,0.123300,0.123700,244771006.3,30848372.3241100,139969,14786713.3675400
1777593600000,0.123600,0.127400,0.122600,0.123500,239365228.9,29920368.0079300,121008,14400577.6821100
1777680000000,0.123500,0.124500,0.121500,0.122600,166868031.9,20501062.3865300,108968,9646849.2834900
1777766400000,0.122600,0.122900,0.116600,0.117200,300579465.8,35681732.9838400,142989,17392897.2041600
1777852800000,0.117200,0.120500,0.113700,0.116300,436505943.7,50743781.1802900,176192,25323723.9511300
1777939200000,0.116300,0.121500,0.116000,0.119700,223456004.7,26509667.7229300,140810,13213915.9036100
1778025600000,0.119700,0.129200,0.118200,0.128000,396490926.5,49138303.7169000,197843,26029913.0678600
1778112000000,0.128000,0.130400,0.122700,0.126600,430127158.5,54471779.7880000,216957,26588964.4679600
1778198400000,0.126600,0.147600,0.126400,0.142500,727037813.9,99564534.1812400,325396,50917134.9383300
1778284800000,0.142500,0.149500,0.138400,0.142300,474144713.8,68349580.1793500,244567,33100802.4587900
1778371200000,0.142400,0.146000,0.138600,0.143900,346692505.8,49409309.5847100,180879,23770546.9564500
1778457600000,0.143900,0.144800,0.139500,0.140900,210489283.6,29875488.5616100,144035,14480641.9418700
1778544000000,0.140900,0.142000,0.134000,0.136200,233882668.7,32204604.6755900,127655,15337549.2311300
1778630400000,0.136200,0.143300,0.130800,0.131900,263209432.7,36003848.4228300,126705,17647634.0364600
1778716800000,0.131900,0.135800,0.128300,0.131300,247248540.0,32547378.2404100,115267,15885976.7867000
1778803200000,0.131300,0.132600,0.122300,0.124700,263700805.4,33450071.7138800,123542,15563555.5572100
1778889600000,0.124700,0.125000,0.117700,0.119400,172465188.7,20807595.8799100,93376,9698756.2351000
1778976000000,0.119400,0.122400,0.112500,0.116400,280376467.0,33415579.9370300,115453,15755527.7879100
1779062400000,0.116400,0.117900,0.113900,0.117600,284486396.1,32986765.0880900,128534,16303141.4536200
1779148800000,0.117600,0.118700,0.113100,0.113500,173692400.7,20110867.2483300,94020,9520373.7851700
1779235200000,0.113500,0.114600,0.109600,0.109900,323035505.0,36345892.1511100,139051,17569659.0226700
1779321600000,0.109900,0.115800,0.108300,0.112800,445582873.0,49805037.3739400,158078,24594268.5221100
1779408000000,0.112800,0.115700,0.107900,0.108600,395649906.8,44236358.8943900,167525,22194549.0009900
1779494400000,0.108600,0.112200,0.102800,0.109400,370941991.5,39786332.4186000,145900,19131609.8934100
1779580800000,0.109400,0.110000,0.103400,0.105600,246232346.9,26322905.8197700,109496,12531269.2859100
1779667200000,0.105600,0.111000,0.104500,0.108400,258797561.2,27927892.4547200,109998,14166099.1402000
1779753600000,0.108400,0.113000,0.106300,0.108600,403880902.9,44259207.8496700,152723,21603466.6705200
1779840000000,0.108700,0.111100,0.105600,0.107200,311719601.2,33879839.5746800,127761,16728854.7355000
1779926400000,0.107100,0.107500,0.100500,0.104400,367648193.0,37967673.6182300,154065,18837561.5049100
1780012800000,0.104300,0.106600,0.100400,0.103000,357194329.6,37166095.4192100,131444,18314242.1012900
1780099200000,0.103100,0.106900,0.102800,0.103200,180678677.2,18922624.7906500,83953,9408339.6430700
1780185600000,0.103300,0.105100,0.100100,0.103500,240574872.9,24634184.4946900,102455,12081330.1447400
1780272000000,0.103500,0.104300,0.098200,0.102400,434283555.2,43997395.1131500,156243,22588884.1666800
1780358400000,0.102400,0.102700,0.090800,0.092800,596231644.7,57274406.4684000,201936,27167959.7604700
1780444800000,0.092800,0.098000,0.089200,0.092800,583578776.8,54795316.5120500,181639,27144964.0473300
1780531200000,0.092800,0.094000,0.085100,0.089300,580528259.2,51986580.5034000,197869,25359691.5566100
1780617600000,0.089200,0.089800,0.077000,0.080300,931240194.9,76714604.3315900,266148,37006433.8119900
1780704000000,0.080200,0.081200,0.073900,0.079800,437667273.5,34359121.9702100,154331,17312469.6615200
1780790400000,0.079900,0.085300,0.079200,0.083000,449230313.3,36947700.4639000,127502,18369181.6239800
1780876800000,0.083000,0.084600,0.080800,0.082000,336461312.4,27864212.8497600,110504,13799598.9781600
1780963200000,0.082000,0.082300,0.077700,0.080300,393637324.2,31631499.8429600,111675,15414610.7724200
1781049600000,0.080300,0.081730,0.075520,0.077460,594936899.6,47051796.4581960,283177,23010237.1609430
1781136000000,0.077470,0.086590,0.077410,0.083520,871046285.9,70690774.0478200,402198,36504351.2525840
1781222400000,0.083530,0.085480,0.081820,0.083910,318912531.3,26689060.0709620,280973,13348176.7103960
1781308800000,0.083910,0.086900,0.083710,0.085210,181836862.0,15536805.3044390,235777,7450510.4696080
1781395200000,0.085210,0.086080,0.081540,0.085780,291890100.5,24473989.1316340,244851,11573955.3475250
1781481600000,0.085790,0.089890,0.084850,0.086180,356477615.7,31137060.3912310,341700,15536766.6227920
1781568000000,0.086190,0.088010,0.083540,0.085600,273450705.3,23466088.4516320,271962,11400102.8706620
1781654400000,0.085600,0.089840,0.083850,0.085630,383830356.1,33316615.9856090,418294,16059474.5223240
1781740800000,0.085640,0.087770,0.081170,0.085270,342681324.3,28872364.9841360,360979,13773737.6627210
1781827200000,0.085260,0.086620,0.082030,0.083870,263368381.6,22090801.7770320,281614,10963759.2615330
1781913600000,0.083870,0.085100,0.081740,0.084570,198543678.4,16600915.4970510,231259,8135141.1971640
1782000000000,0.084580,0.084800,0.081510,0.081790,183117344.0,15278377.8227830,209329,7566997.7536310
1782086400000,0.081770,0.086940,0.081730,0.083180,292030704.7,24680577.6344230,302751,12351413.3673380
1782172800000,0.083170,0.083380,0.076500,0.079040,372807487.2,29569468.9544600,360191,13650345.7516130
1782259200000,0.079040,0.079390,0.072640,0.076030,392040919.3,29775786.2014480,371983,13722381.2887640
1782345600000,0.076030,0.077430,0.070400,0.073220,346983937.7,25708008.3900980,345872,12381744.5421320
1782432000000,0.073230,0.075020,0.070450,0.074320,365684620.4,26606311.2203930,360522,13308802.8051230
1782518400000,0.074310,0.075860,0.072700,0.073390,204012194.8,15235836.5092870,219001,7152748.5340640
1782604800000,0.073390,0.074580,0.072300,0.073860,148950532.6,10958399.2628500,187957,5487931.7649990
1782691200000,0.073860,0.078320,0.072970,0.076760,402832503.5,30559231.2507960,371391,15527123.2051270
1782777600000,0.076760,0.076890,0.073470,0.076050,241741400.0,18214158.9785960,247493,9006897.2960110
1782864000000,0.076060,0.079300,0.074820,0.076670,318912769.2,24665001.0308810,306498,11993487.1486860
1782950400000,0.076670,0.079580,0.076290,0.077240,322878956.6,25101726.0698640,292039,12894201.2176710
1783036800000,0.077240,0.081540,0.076540,0.081000,257393929.3,20405174.5536280,239440,9991356.6680950
1783123200000,0.080990,0.082110,0.079010,0.080310,206335027.6,16599720.1776290,207803,8466750.6115900
1783209600000,0.080310,0.081360,0.077410,0.080500,198906996.7,15715101.2398070,208838,7405493.8627160
1783296000000,0.080500,0.081860,0.075980,0.080280,263686961.8,20829666.7377780,267855,10232370.7814940
1783382400000,0.080270,0.080650,0.076390,0.076990,262998691.6,20645785.8453280,241789,9735114.2286120
1783468800000,0.076990,0.078490,0.075040,0.076860,357336311.1,27345068.6257970,325541,13378370.3794400
1783555200000,0.076860,0.091350,0.076570,0.087510,1544659157.8,132678349.1959240,1166723,67056655.8769650
1783641600000,0.087520,0.096000,0.086620,0.092870,1169478902.4,107749776.4936980,806783,54432865.4823240
1783728000000,0.092870,0.100000,0.089640,0.094950,852952713.7,81048728.7887860,693152,40253705.1509780
1783814400000,0.094940,0.101330,0.092180,0.093180,731138636.5,70712097.6672440,763515,35095159.9550080
1783900800000,0.093170,0.095820,0.088040,0.090300,647939269.3,59671638.7639120,583721,30301919.1710100
1783987200000,0.090300,0.093110,0.088700,0.092190,396730870.9,36053881.3877720,415992,17430133.6682440
1784073600000,0.092190,0.093750,0.086800,0.088460,398011335.3,35629809.6439670,394487,16584613.2378980
1784160000000,0.088450,0.090990,0.085270,0.088970,324832255.3,28576758.6882730,345210,14148412.8953610
1784246400000,0.088960,0.091430,0.087070,0.090580,452750487.1,40404433.2163640,439670,20020444.6426300
1784332800000,0.090590,0.092730,0.087770,0.088270,269980129.2,24200651.8803680,252799,11871459.4677080
1784419200000,0.088270,0.090220,0.087450,0.089020,202972728.8,18013775.0968910,233279,8844073.6454920
1784505600000,0.089020,0.091520,0.085160,0.090350,339581120.6,30044975.9543900,341657,14608033.6796620
1784592000000,0.090340,0.091840,0.088050,0.088910,222049605.5,19997510.4767080,243375,10055561.7945210
1784678400000,0.088920,0.091990,0.088150,0.090120,438336566.9,39474175.9628980,348850,19502075.1532040
1784764800000,0.090120,0.091280,0.085480,0.086070,264801990.4,23290594.4260680,266369,10625487.7139060
1784851200000,0.086080,0.087000,0.082780,0.083010,264651309.1,22398316.1486950,263780,10225524.2800860
1784937600000,0.083010,0.083480,0.081710,0.082490,175334756.6,14504247.5932440,179920,6728720.6147350
1785024000000,0.082490,0.083690,0.081910,0.083190,207310076.7,17139296.9266070,212689,8170559.3735380
1785110400000,0.083190,0.083200,0.076410,0.077030,417939311.3,33485534.1759690,404408,15323513.2137600
1785196800000,0.077030,0.079750,0.076650,0.078990,281644733.9,22004418.6374180,307052,11727169.8181270
1785283200000,0.078990,0.079610,0.076720,0.079160,285637092.1,22324257.2327610,268956,10604670.8325280
1785369600000,0.079150,0.080140,0.077340,0.077420,213876160.2,16782398.4547320,205128,7651270.7451280
1785456000000,0.077410,0.078390,0.075470,0.078220,238151675.2,18330379.7167760,229912,8960849.5876510
1785542400000,0.078230,0.079730,0.076950,0.078920,224482069.1,17572298.5897140,198888,8808846.8203860
1785628800000,0.078910,0.082260,0.078830,0.081600,232248201.8,18817555.3249700,214480,9496357.7304080
1785715200000,0.081600,0.082960,0.079800,0.082640,229192516.4,18624853.4178940,200976,9426935.8524600
1785801600000,0.082640,0.084050,0.080910,0.081830,242115405.4,19915086.1826770,194520,10117881.4179590
1785888000000,0.081830,0.081910,0.080040,0.080400,140777972.0,11391639.7857770,160806,5411948.6114570
1785974400000,0.080400,0.080770,0.077100,0.078310,272518807.7,21427558.6780330,214861,9466155.1050600
1786060800000,0.078320,0.079350,0.077260,0.079110,206652751.7,16142431.7018320,178974,7966789.2621880
1786147200000,0.079120,0.080030,0.077660,0.078220,128235293.3,10128096.0621430,129412,4725672.5698850
1786233600000,0.078220,0.080690,0.076600,0.077710,216099329.4,16925005.7488840,190810,7636374.5933390
1786320000000,0.077710,0.080900,0.077420,0.080010,256426925.0,20423722.1460760,260012,10246451.9337070
1786406400000,0.080010,0.081510,0.077160,0.080240,275315936.0,21834219.1851820,231065,10792590.8153030
1786492800000,0.080230,0.080870,0.073460,0.074010,311949013.6,24197313.3203140,250781,10803837.0042660
1786579200000,0.074020,0.076650,0.073600,0.075240,257402366.9,19328208.2832140,244861,9158329.3598940
1786665600000,0.075230,0.075840,0.072710,0.074500,189055402.9,14105074.7159350,178545,6475757.3109300
1786752000000,0.074490,0.075470,0.072620,0.072730,135322261.8,10048338.1511450,134431,4478040.9597510
1786838400000,0.072740,0.075060,0.072100,0.073510,178885054.0,13159195.2646820,176512,6493605.5225340
1786924800000,0.073510,0.075880,0.073350,0.075130,181291400.1,13589065.2142640,168061,7129071.4406950
1787011200000,0.075120,0.075990,0.073470,0.075240,223069440.3,16753673.1707330,169675,8268349.0482290
1787097600000,0.075240,0.090600,0.074970,0.089480,632450035.4,51908775.3278460,512903,26279892.7700540
1787184000000,0.089490,0.091310,0.086760,0.090880,542184166.9,48157162.6822860,542415,24626876.1963940
1787270400000,0.090880,0.100380,0.090440,0.098180,568373741.5,54196503.2014010,680079,26551590.2270550
1787356800000,0.098180,0.109690,0.090000,0.098950,599871141.0,60049176.3203020,801250,29124743.8020650
1787443200000,0.098950,0.103830,0.094160,0.101350,324878790.1,32465853.2475150,529630,16313334.2535670
1787529600000,0.101350,0.101350,0.095550,0.096900,331968634.0,32784203.1573270,507902,15079634.7943320
1787616000000,0.096890,0.100070,0.090770,0.092150,267857315.3,25642479.6664020,427463,12590594.1607260
1787702400000,0.092140,0.094150,0.088010,0.092760,262556602.8,23935681.9909080,320193,11960094.9519630
1787788800000,0.092770,0.093410,0.089520,0.091880,254343279.5,23250102.2666930,306563,10838069.3162570
1787875200000,0.091890,0.094380,0.086210,0.087760,271068092.0,24204756.4120920,314522,11116172.5071700
1787961600000,0.087760,0.088960,0.086760,0.087650,103564972.5,9083992.0945380,158265,4401043.9957020
1788048000000,0.087650,0.090940,0.082950,0.084170,321543952.4,28185841.0410970,336685,12850018.1451310
1788134400000,0.084180,0.109920,0.083770,0.109380,1315881088.3,131194577.9025390,1036854,65269179.0907790
1788220800000,0.109370,0.120100,0.104220,0.110390,4321622666.1,481004530.9698980,3278846,236710933.3098540
1788307200000,0.110400,0.127930,0.105680,0.124010,2588316795.8,300796785.7901530,2760810,149561030.4107990
1788393600000,0.124020,0.144930,0.122180,0.140870,2918232854.4,394114931.3344470,3275304,194245491.6665430
1788480000000,0.140870,0.146770,0.128080,0.131760,1590214801.2,216132057.5623900,1908186,106629925.4760760
1788566400000,0.131760,0.183320,0.128800,0.177130,2002111474.5,309790612.8326030,3069820,157712918.3898930
1788652800000,0.177140,0.206830,0.177140,0.189180,4456635892.1,853658224.1491940,6766823,432646424.4431110
1788739200000,0.189190,0.192090,0.160040,0.169400,2559322769.4,435310002.9772630,2911060,199067819.7270750
1788825600000,0.169400,0.178670,0.163840,0.164890,1329361507.5,227252454.1089760,2075112,114066245.0495340
1788912000000,0.164900,0.174600,0.148440,0.149380,1303323442.0,209516232.4540500,1763916,97797126.2480080
1788998400000,0.149380,0.153690,0.139500,0.139840,923159551.4,136883844.2123260,1390802,64921870.6294370
1789084800000,0.139840,0.151850,0.137240,0.139440,836290558.6,120286886.8965160,1354975,59239923.3894020
1789171200000,0.139440,0.146200,0.138440,0.140410,415670610.9,59058907.0389090,674281,29826443.2475960
1789257600000,0.140400,0.143260,0.132270,0.132940,502981618.8,69324833.2565560,776998,33491299.6681930
1789344000000,0.132960,0.142150,0.132770,0.133620,661183887.6,90630512.8828720,983908,44153963.8276380
1789430400000,0.133620,0.156200,0.131210,0.151630,1684558578.8,243510908.8495290,2416624,119259368.9833580
1789516800000,0.151620,0.173840,0.148100,0.168010,2467324280.2,393332124.2868500,3240270,194515871.0471850
1789603200000,0.168010,0.184570,0.160890,0.177170,1341478672.8,227693815.2299100,2218833,113736249.9141850
1789689600000,0.177170,0.229490,0.175680,0.221170,2684474805.5,570707251.6560300,5320650,285943272.8400000
1789776000000,0.221160,0.230870,0.202700,0.206020,894948909.8,190114000.1969410,2007062,90347402.1813860
1789862400000,0.206010,0.225010,0.196070,0.217640,1278939007.1,268590539.4996170,2990268,131188248.0063030
1789948800000,0.217640,0.247870,0.209520,0.225610,1377939708.7,313137702.0290160,3036798,152983677.1178690
1790035200000,0.225610,0.235970,0.211040,0.235200,917020179.1,201957888.7696160,1910083,98879611.3217610
1790121600000,0.235200,0.255690,0.214460,0.215940,1442477791.1,340314121.9226790,2987085,163659813.8716970
1790208000000,0.215930,0.223570,0.210220,0.216360,807562646.4,174941225.9796390,1562255,84470393.1672880
1790294400000,0.216370,0.231090,0.213420,0.226560,781569365.3,173423438.9675790,1639423,82543379.0573740
1790380800000,0.226570,0.230960,0.216450,0.221930,549007090.8,122623005.4480170,1002125,56986423.7222140
1790467200000,0.221930,0.236670,0.218500,0.226070,841823073.9,190416664.7413540,1575302,90346379.3479180
1790553600000,0.226060,0.228940,0.197340,0.201840,1006691525.2,210493894.1048790,1871318,96785000.8332150
1790640000000,0.201860,0.216120,0.191050,0.203420,879969810.7,179865809.8513500,1526642,85872563.0887510
1790726400000,0.203420,0.212360,0.199370,0.202880,607027627.8,124089877.2481740,1134427,60862447.8344130
1790812800000,0.202900,0.208320,0.196080,0.199740,480787467.7,96651663.1120860,801784,45725586.9645130
1790899200000,0.199750,0.208900,0.188150,0.195830,690533201.1,138144378.7391830,911416,65564877.5084510
1790985600000,0.195840,0.204310,0.195170,0.201210,278827863.3,55743229.1982430,462778,26125384.9879140
