open_time,open,high,low,close,volume,quote_volume,trades,taker_buy_quote
1697068800000,0.2006000,0.3487000,0.2006000,0.2629000,2704466329,774849892.0231000,3078977,388115680.7854000
1697155200000,0.2629000,0.2748000,0.1810000,0.2112000,5707372649,1311031696.7773000,5977098,652004479.3601000
1697241600000,0.2112000,0.2579000,0.2002000,0.2316000,2866621535,641295234.6687000,2925792,319181482.7089000
1697328000000,0.2315000,0.2714000,0.2221000,0.2375000,1986101378,487928624.9950000,2610649,243117102.2237000
1697414400000,0.2374000,0.2650000,0.2210000,0.2325000,1146085675,281010050.8847000,1674573,137712051.1438000
1697500800000,0.2324000,0.2345000,0.1786000,0.1869000,1350673946,269612958.3877000,1411696,127646375.3452000
1697587200000,0.1869000,0.1870000,0.1401000,0.1594000,2042260508,322603277.2843000,1527474,159394719.4141000
1697673600000,0.1594000,0.1637000,0.1355000,0.1491000,1404006376,208447038.2682000,1083463,104340260.5081000
1697760000000,0.1491000,0.1585000,0.1325000,0.1501000,1419073381,208627573.4560000,1001003,102147695.0532000
1697846400000,0.1501000,0.1580000,0.1432000,0.1506000,874009499,130273711.2472000,720750,63603482.4175000
1697932800000,0.1506000,0.1770000,0.1486000,0.1641000,1268346990,205527942.6030000,1133749,101498144.0885000
1698019200000,0.1641000,0.1656000,0.1434000,0.1522000,891067506,134363929.6177000,841773,64616990.3671000
1698105600000,0.1521000,0.1575000,0.1315000,0.1393000,864046075,125144195.0926000,873827,59819059.5177000
1698192000000,0.1393000,0.1473000,0.1335000,0.1408000,552095385,77387098.7746000,511930,37795779.6731000
1698278400000,0.1408000,0.1500000,0.1374000,0.1452000,691275843,99197569.8073000,654534,48213891.5045000
1698364800000,0.1452000,0.1589000,0.1431000,0.1448000,773828058,116012084.5371000,705911,55483364.2971000
1698451200000,0.1447000,0.1534000,0.1443000,0.1493000,319282758,47391800.6179000,283677,23009419.0356000
1698537600000,0.1493000,0.1685000,0.1431000,0.1610000,611331264,95539029,574083,46606239.5796000
1698624000000,0.1610000,0.2009000,0.1596000,0.1918000,1804303352,333517021.1319000,1642483,163823163.5983000
1698710400000,0.1918000,0.2024000,0.1603000,0.1692000,799976899,142571270.0639000,861523,66723396.8982000
1698796800000,0.1691000,0.1715000,0.1509000,0.1593000,594765385,95006453.4735000,564186,45432407.6157000
1698883200000,0.1594000,0.1656000,0.1425000,0.1537000,471088512,73052556.8623000,464587,33778513.2818000
1698969600000,0.1536000,0.1544000,0.1466000,0.1532000,228565329,34336637.0747000,258513,15804926.5867000
1699056000000,0.1533000,0.1639000,0.1512000,0.1557000,240961598,37905516.1793000,250151,17673543.1976000
1699142400000,0.1558000,0.1627000,0.1500000,0.1575000,226128088,35578162.9719000,249933,16784805.8666000
1699228800000,0.1576000,0.1625000,0.1521000,0.1579000,180454565,28164809.3564000,215095,13628637.6000000
1699315200000,0.1579000,0.1600000,0.1440000,0.1497000,284445895,43310470.2992000,325560,19916425.1835000
1699401600000,0.1497000,0.1708000,0.1473000,0.1637000,266544613,42469220.0651000,270931,20339837.8288000
1699488000000,0.1636000,0.1743000,0.0989000,0.1421000,607013555,92827451.6927000,675864,43110425.7755000
1699574400000,0.1421000,0.1723000,0.1353000,0.1622000,657104009,104193304.9055000,716861,51117201.3309000
1699660800000,0.1623000,0.1950000,0.1594000,0.1656000,693621306,121328404.0843000,909874,57599095.7268000
1699747200000,0.1656000,0.1672000,0.1514000,0.1564000,262575968,41282455.6729000,337566,19415836.7605000
1699833600000,0.1565000,0.2155000,0.1521000,0.1696000,1358679444,247925176.2816000,1519741,120475665.8035000
1699920000000,0.1697000,0.2148000,0.1580000,0.2026000,1401029038,263786186.7661000,1787696,129154749.6134000
1700006400000,0.2026000,0.2344000,0.1976000,0.2119000,1328255749,288966614.7818000,1773969,142391919.1749000
1700092800000,0.2119000,0.2385000,0.1889000,0.2050000,665272065,141448686.4723000,1045458,67665156.8966000
1700179200000,0.2050000,0.2179000,0.1810000,0.2005000,532000643,105550165.5512000,795444,51147943.9739000
1700265600000,0.2006000,0.2011000,0.1734000,0.1888000,344240527,63938618.7572000,456045,30375181.8193000
1700352000000,0.1888000,0.1938000,0.1805000,0.1907000,247854859,46166238.2177000,306639,22380458.0264000
1700438400000,0.1906000,0.1930000,0.1750000,0.1784000,320324323,59518448.8315000,412450,28179457.9004000
1700524800000,0.1784000,0.1832000,0.1480000,0.1505000,572204575,93264681.6279000,712470,44539562.0125000
1700611200000,0.1506000,0.1660000,0.1505000,0.1632000,227605394,36521188.8107000,251618,18133631.8848000
1700697600000,0.1631000,0.1679000,0.1535000,0.1580000,172155661,27423995.5551000,185784,13052539.9947000
1700784000000,0.1581000,0.1808000,0.1570000,0.1770000,496074028,85624744.6758000,543330,41486532.1325000
1700870400000,0.1769000,0.2199000,0.1753000,0.2136000,1228687003,251238369.5830000,1134726,125659744.1584000
1700956800000,0.2136000,0.2264000,0.1950000,0.2068000,749084092,158116956.8526000,789139,76989801.1634000
1701043200000,0.2069000,0.2376000,0.1982000,0.2192000,723693504,156314778.3784000,927525,76960186.5034000
1701129600000,0.2192000,0.2260000,0.1871000,0.1982000,457135745,91722887.6736000,588092,43738490.1870000
1701216000000,0.1981000,0.2093000,0.1880000,0.1924000,366143003,72762202.5469000,484625,35694959.2509000
1701302400000,0.1923000,0.2286000,0.1901000,0.2153000,1004863069,214193634.7080000,1201328,105571289.8936000
1701388800000,0.2154000,0.2874000,0.2132000,0.2733000,2154343739,549457983.5627000,1943400,281499271.4887000
1701475200000,0.2732000,0.4593000,0.2680000,0.4226000,3510500102,1238774553.1209000,4310760,630478802.4447000
1701561600000,0.4227000,0.4894000,0.3876000,0.4657000,2201394312,958845396.9953000,3781423,481256109.9615000
1701648000000,0.4656000,0.9500000,0.4608000,0.8289000,2952773779,1852219363.8831000,7257442,936154010.1445000
1701734400000,0.8291000,0.9966000,0.7168000,0.7824000,2168181914,1812805115.1250000,7861534,903224369.8036000
1701820800000,0.7823000,0.8275000,0.5667000,0.6135000,1918004201,1310751660.6956000,5032202,639089311.8986000
1701907200000,0.6136000,0.7198000,0.5850000,0.6190000,1159391103,750080556.0034000,3053583,369209746.2340000
1701993600000,0.6192000,0.6295000,0.5341000,0.5971000,808221553,459924224.9094000,1837842,222342191.8055000
1702080000000,0.5971000,0.6507000,0.5488000,0.5602000,632142591,380741385.0848000,1684272,180088465.4057000
1702166400000,0.5602000,0.6440000,0.5459000,0.6080000,514957780,306108902.8806000,1367932,148383265.6171000
1702252800000,0.6081000,0.7122000,0.5040000,0.6213000,1215022524,770420212.8897000,3373516,375742778.2095000
1702339200000,0.6212000,0.7827000,0.6168000,0.7747000,1074716045,751610886.8481000,3500456,370520967.8239000
1702425600000,0.7745000,0.8079000,0.6471000,0.7113000,921291390,654510428.0059000,2909982,318061210.5265000
1702512000000,0.7113000,0.7588000,0.6470000,0.7226000,590599673,413113235.3164000,1900409,199033794.5902000
1702598400000,0.7227000,0.7364000,0.6026000,0.6084000,423292557,281112616.5240000,1453113,129534604.9172000
1702684800000,0.6085000,0.6396000,0.5952000,0.6133000,257437456,159003020.2608000,806892,76033397.1635000
1702771200000,0.6133000,0.6395000,0.5640000,0.6079000,281573227,168580014.6739000,990307,80370086.9475000
1702857600000,0.6080000,0.6274000,0.5068000,0.5415000,412671152,231337885.3716000,1264839,110381977.9342000
1702944000000,0.5415000,0.5751000,0.5120000,0.5521000,285412747,155797701.5219000,855368,75727193.4942000
1703030400000,0.5522000,0.6057000,0.5153000,0.5761000,347394306,193163440.2002000,1155080,93664277.3924000
1703116800000,0.5761000,0.5761000,0.5220000,0.5515000,253374762,138786706.2035000,729767,65604624.1688000
1703203200000,0.5515000,0.6064000,0.5255000,0.5851000,281575722,156970120.5437000,888739,75658804.5433000
1703289600000,0.5852000,0.6282000,0.5330000,0.5777000,312277450,180205277.1697000,905982,86325436.3654000
1703376000000,0.5778000,0.6503000,0.5495000,0.5736000,319760486,193042218.6988000,1102372,91687353.0439000
1703462400000,0.5735000,0.6550000,0.5639000,0.6450000,292305208,180086668.1779000,1064913,86412051.4403000
1703548800000,0.6450000,0.6761000,0.5094000,0.5798000,343232658,209537978.8397000,1235465,95973573.9546000
1703635200000,0.5799000,0.5835000,0.5451000,0.5717000,186980410,105835392.5868000,690745,50032640.9603000
1703721600000,0.5718000,0.5809000,0.5216000,0.5365000,194352898,106027489.3397000,724677,49642892.1215000
1703808000000,0.5365000,0.5637000,0.5187000,0.5393000,180834181,97663022.2412000,670863,45998131.2201000
1703894400000,0.5393000,0.5463000,0.4914000,0.5146000,157421516,81347015.4014000,495659,38547710.5981000
1703980800000,0.5146000,0.5309000,0.4658000,0.4899000,124238655,63390294.4383000,405005,29671269.3227000
1704067200000,0.4900000,0.4905000,0.4431000,0.4793000,159817867,74377745.1635000,440362,34866139.3665000
1704153600000,0.4793000,0.5111000,0.4657000,0.4896000,202301685,98822480.7585000,606946,47000151.8086000
1704240000000,0.4897000,0.4972000,0.2434000,0.3665000,448319543,174101813.5006000,1095182,79957822.9272000
1704326400000,0.3665000,0.3918000,0.3483000,0.3791000,221616192,81409346.1881000,524546,39596175.4604000
1704412800000,0.3791000,0.3863000,0.3426000,0.3645000,203569361,74182333.8827000,496829,36726810.4882000
1704499200000,0.3646000,0.3693000,0.3191000,0.3537000,184761767,64207186.5664000,447405,30800881.6389000
1704585600000,0.3536000,0.3771000,0.3222000,0.3292000,166316132,58425540.2737000,402840,27731913.9145000
1704672000000,0.3292000,0.4607000,0.2928000,0.4529000,735610616,290287118.8746000,1653241,143698812.2867000
1704758400000,0.4530000,0.4608000,0.3563000,0.3809000,750626321,306129371.4237000,1635638,151456259.3785000
1704844800000,0.3809000,0.4257000,0.3604000,0.4065000,305714196,118941597.1480000,806870,57108403.2826000
1704931200000,0.4066000,0.4795000,0.3904000,0.4459000,303842258,132379019.9151000,899368,64540973.7109000
1705017600000,0.4458000,0.4895000,0.4195000,0.4381000,334015990,151254457.3139000,1035434,73228339.1202000
1705104000000,0.4382000,0.4453000,0.4025000,0.4181000,139880001,58573359.2840000,436037,27979667.9122000
1705190400000,0.4182000,0.4292000,0.3914000,0.3945000,110649790,45843300.5677000,358501,21778063.6938000
1705276800000,0.3945000,0.4812000,0.3925000,0.4545000,332705140,151072872.1495000,894773,74498968.4550000
1705363200000,0.4546000,0.4656000,0.4170000,0.4339000,177844566,77950996.0194000,531406,37572824.3534000
1705449600000,0.4339000,0.4466000,0.4167000,0.4276000,131254955,56728158.2173000,431229,27034167.1192000
1705536000000,0.4277000,0.4305000,0.3817000,0.3920000,131580682,53374030.7592000,383697,24405252.1408000
1705622400000,0.3920000,0.3952000,0.3431000,0.3770000,135478223,50517674.3987000,367778,24329127.2299000
1705708800000,0.3769000,0.3877000,0.3642000,0.3764000,73787414,27714141.2154000,212417,13592978.0625000
1705795200000,0.3764000,0.3940000,0.3690000,0.3739000,76948548,29315554.9317000,234683,14342876.3646000
1705881600000,0.3739000,0.3774000,0.3315000,0.3364000,140166906,49186351.3510000,361973,23511474.8724000
1705968000000,0.3365000,0.3579000,0.3081000,0.3395000,171540352,56711962.3961000,395422,27863785.0772000
1706054400000,0.3394000,0.3477000,0.3293000,0.3458000,90806811,30701979.1601000,256840,15068861.3298000
1706140800000,0.3457000,0.3459000,0.3181000,0.3335000,87710239,29152098.2097000,251292,14200500.6264000
1706227200000,0.3335000,0.3557000,0.3263000,0.3475000,104268381,35767103.3144000,242448,17764042.3665000
1706313600000,0.3475000,0.3968000,0.3362000,0.3784000,153067351,56581636.8239000,339338,27312930.1416000
1706400000000,0.3784000,0.3921000,0.3462000,0.3507000,192079868,71190198.1324000,444783,33915173.0152000
1706486400000,0.3507000,0.3715000,0.3473000,0.3663000,114562597,41063253.9188000,288522,19565199.8619000
1706572800000,0.3661000,0.3724000,0.3474000,0.3508000,100751117,36323639.9730000,227254,17140980.6672000
1706659200000,0.3509000,0.3530000,0.3252000,0.3334000,119887254,40591803.2142000,256414,18860423.0731000
1706745600000,0.3333000,0.3438000,0.3252000,0.3378000,82092569,27541026.4814000,190213,13700911.2075000
1706832000000,0.3378000,0.3507000,0.3342000,0.3439000,68040102,23273478.3285000,166207,10921756.9057000
1706918400000,0.3438000,0.3460000,0.3284000,0.3342000,44857157,15116913.4280000,116505,7023668.0919000
1707004800000,0.3343000,0.3444000,0.3138000,0.3180000,83846881,27239905.8362000,195255,12940461.2102000
1707091200000,0.3179000,0.3295000,0.3104000,0.3222000,75386606,24232543.1239000,177140,11605082.2163000
1707177600000,0.3223000,0.3299000,0.3161000,0.3213000,71316472,23035656.7907000,151155,11259001.3533000
1707264000000,0.3214000,0.3254000,0.2923000,0.3141000,177570146,54100273.9407000,321562,26073936.6481000
1707350400000,0.3142000,0.3460000,0.3105000,0.3330000,182028499,59755867.0145000,355692,28671540.6742000
1707436800000,0.3330000,0.3500000,0.3177000,0.3419000,158284843,52856689.8943000,342724,25128138.2854000
1707523200000,0.3420000,0.3595000,0.3275000,0.3404000,124838409,42804251.7486000,301980,19897936.9076000
1707609600000,0.3405000,0.4581000,0.3366000,0.4010000,892011959,373343135.2354000,1831077,185683141.6879000
1707696000000,0.4010000,0.4183000,0.3724000,0.4155000,410950587,162805526.8048000,905982,79021080.3687000
1707782400000,0.4154000,0.4367000,0.3870000,0.4126000,253777650,105373798.2754000,713542,49629977.1670000
1707868800000,0.4127000,0.4539000,0.4007000,0.4404000,206512053,87832335.0353000,535605,42443672.2498000
1707955200000,0.4404000,0.4689000,0.4216000,0.4346000,198131952,86843663.8454000,534524,41268875.4998000
1708041600000,0.4346000,0.4492000,0.3916000,0.4122000,177060199,73874324.4152000,461809,34695691.5358000
1708128000000,0.4122000,0.4149000,0.3782000,0.4049000,115169817,45706711.0632000,291431,21438287.7815000
1708214400000,0.4050000,0.4299000,0.4011000,0.4089000,113863452,46925345.2911000,312387,22045249.3921000
1708300800000,0.4090000,0.4583000,0.4050000,0.4420000,158908854,67751365.7244000,456054,32060712.7917000
1708387200000,0.4420000,0.4646000,0.3636000,0.4124000,262524941,110725832.0085000,720413,51699871.4763000
1708473600000,0.4125000,0.4138000,0.3566000,0.3798000,176076648,66459830.2637000,441434,31182987.5377000
1708560000000,0.3798000,0.3974000,0.3665000,0.3787000,133028979,51043960.9456000,339904,24620321.6961000
1708646400000,0.3786000,0.3933000,0.3568000,0.3782000,172855477,64891944.6391000,444073,30767594.5339000
1708732800000,0.3782000,0.3920000,0.3659000,0.3884000,80633748,30843002.6522000,245899,14994072.3332000
1708819200000,0.3883000,0.3964000,0.3767000,0.3835000,77620045,29962435.0516000,227325,14177651.8357000
1708905600000,0.3838000,0.4381000,0.3751000,0.4149000,270601390,110811308.6180000,729616,53154013.2966000
1708992000000,0.4148000,0.4495000,0.3967000,0.4489000,215914324,90504781.1250000,588577,44737880.0156000
1709078400000,0.4490000,0.4812000,0.3262000,0.4118000,466706073,198672658.7114000,1418594,94233319.6130000
1709164800000,0.4118000,0.4400000,0.3769000,0.4033000,218805869,91630705.9703000,733662,42963502.8624000
1709251200000,0.4034000,0.4382000,0.4008000,0.4281000,153092746,64118539.9100000,471698,31065736.5578000
1709337600000,0.4282000,0.5210000,0.4180000,0.5092000,523042654,250353139.7441000,1481513,120004636.0263000
1709424000000,0.5092000,0.5760000,0.4010000,0.4860000,425139712,211937793.3233000,1321098,99399678.5358000
1709510400000,0.4860000,0.5298000,0.4460000,0.4673000,360857643,175229490.4151000,1127147,82393424.0692000
1709596800000,0.4673000,0.5231000,0.3611000,0.4381000,532422810,250329221.1113000,1865803,117379145.3956000
1709683200000,0.4381000,0.4620000,0.4180000,0.4568000,221507355,97715479.8186000,720613,47341471.3451000
1709769600000,0.4567000,0.5253000,0.4536000,0.5071000,251147083,119128834.5635000,847892,57579875.7165000
1709856000000,0.5072000,0.5120000,0.4500000,0.5107000,212342451,103673967.8161000,769057,48723296.9284000
1709942400000,0.5107000,0.6108000,0.5012000,0.5860000,400884911,225687330.1123000,1317150,109964050.4734000
1710028800000,0.5861000,0.6420000,0.5374000,0.5789000,372116101,218834287.0666000,1335459,103346928.8761000
1710115200000,0.5789000,0.5797000,0.5156000,0.5560000,226125315,125109756.9787000,758034,59601757.3085000
1710201600000,0.5560000,0.5683000,0.4733000,0.5298000,271718699,142907275.7381000,837511,67417585.2407000
1710288000000,0.5299000,0.5362000,0.4866000,0.5135000,157281606,80317832.8951000,471009,38343981.4755000
1710374400000,0.5135000,0.5216000,0.4517000,0.4926000,222776250,109162365.1348000,702494,51174634.6691000
1710460800000,0.4926000,0.4999000,0.4000000,0.4371000,283064199,124217223.1555000,821596,57060665.3886000
1710547200000,0.4371000,0.4573000,0.3832000,0.4034000,241691484,101827015.8631000,641891,47487861.1563000
1710633600000,0.4034000,0.4241000,0.3702000,0.4179000,157048656,63268751.4917000,415289,30462493.8434000
1710720000000,0.4177000,0.4212000,0.3660000,0.3777000,147398183,58095878.4229000,402326,27456035.8928000
1710806400000,0.3775000,0.3833000,0.3211000,0.3381000,254953695,88505459.1062000,640806,41813193.8678000
1710892800000,0.3381000,0.3740000,0.3157000,0.3715000,199772028,68665585.4556000,465219,33669974.9763000
1710979200000,0.3714000,0.3805000,0.3537000,0.3650000,169783464,62682663.7334000,396921,30099452.7482000
1711065600000,0.3650000,0.3775000,0.3381000,0.3552000,155253285,55491687.5137000,382684,26276712.8526000
1711152000000,0.3552000,0.3691000,0.3460000,0.3507000,139547076,50249691.7795000,308567,23914473.5599000
1711238400000,0.3506000,0.3650000,0.3408000,0.3605000,121189987,42699785.8803000,263741,19919101.7051000
1711324800000,0.3605000,0.3784000,0.3551000,0.3781000,179171704,65710796.6045000,361086,31867169.4027000
1711411200000,0.3780000,0.4153000,0.3764000,0.3974000,342699244,135996087.9643000,693071,64946316.4841000
1711497600000,0.3975000,0.4044000,0.3616000,0.3691000,268593761,101906216.0471000,541009,46798226.4048000
1711584000000,0.3692000,0.3946000,0.3529000,0.3786000,265051503,99498857.2266000,481606,48716561.1135000
1711670400000,0.3787000,0.3789000,0.3542000,0.3634000,174796568,63953193.5021000,308509,30047671.6367000
1711756800000,0.3633000,0.3686000,0.3384000,0.3435000,163939130,58047588.2284000,276808,26313803.9267000
1711843200000,0.3435000,0.3521000,0.3410000,0.3496000,128334406,44532223.7502000,231459,21956354.9102000
1711929600000,0.3497000,0.3548000,0.3159000,0.3342000,288516054,95960129.6992000,468559,45847043.1382000
1712016000000,0.3342000,0.3343000,0.2954000,0.3020000,286505033,88171966.4087000,436019,40797076.4857000
1712102400000,0.3019000,0.3165000,0.2805000,0.3005000,211151947,63948205.8250000,349123,30665648.3799000
1712188800000,0.3004000,0.3174000,0.2952000,0.3065000,143266986,43947086.8849000,247766,21562838.2754000
1712275200000,0.3065000,0.3076000,0.2830000,0.2980000,153516675,45212571.9577000,234695,22025623.2176000
1712361600000,0.2979000,0.3064000,0.2953000,0.3023000,88053985,26561234.6512000,131770,12830934.1474000
1712448000000,0.3022000,0.3229000,0.3006000,0.3128000,114539666,35727848.9084000,167729,17139418.7803000
1712534400000,0.3128000,0.3277000,0.3043000,0.3245000,129360440,41288168.0308000,192462,19520229.0545000
1712620800000,0.3244000,0.3258000,0.2934000,0.2967000,161503827,49957629.4272000,242930,23796052.4367000
1712707200000,0.2966000,0.3163000,0.2811000,0.3136000,165680615,49232954.1972000,280478,24143071.0364000
1712793600000,0.3136000,0.3167000,0.2985000,0.3023000,112231629,34551087.1512000,182430,16341951.2011000
1712880000000,0.3023000,0.3096000,0.1631000,0.2104000,615920604,144292589.4494000,728996,64456199.5081000
1712966400000,0.2104000,0.2172000,0.1401000,0.1786000,867941301,163043823.2947000,904524,78219097.7638000
1713052800000,0.1786000,0.2055000,0.1681000,0.1984000,345921938,63685121.0627000,441988,31615859.8154000
1713139200000,0.1983000,0.2049000,0.1734000,0.1829000,345947116,65652394.1020000,401137,31992089.6527000
1713225600000,0.1830000,0.1908000,0.1724000,0.1861000,314909194,57626823.9473000,355727,28312732.3441000
1713312000000,0.1861000,0.1876000,0.1691000,0.1786000,226758420,40513517.2723000,237699,20132701.0547000
1713398400000,0.1787000,0.1855000,0.1713000,0.1829000,183850031,32942680.4327000,214350,16423022.1097000
1713484800000,0.1829000,0.1881000,0.1654000,0.1822000,194832296,35085099.6956000,224022,17040344.8529000
1713571200000,0.1821000,0.2118000,0.1788000,0.2069000,152788099,29812640.2194000,177967,15202675.2590000
1713657600000,0.2069000,0.2081000,0.1921000,0.1987000,134008704,26945494.5235000,154296,12757312.6295000
1713744000000,0.1986000,0.2074000,0.1951000,0.2011000,152716828,30678424.6908000,164084,14778800.1600000
1713830400000,0.2011000,0.2671000,0.1962000,0.2129000,1541713499,356727595.6758000,1122175,174304091.6461000
1713916800000,0.2129000,0.2201000,0.2008000,0.2044000,523931890,111726966.6092000,506494,53616871.4279000
1714003200000,0.2044000,0.2147000,0.1902000,0.2077000,333920340,66563190.0964000,353690,32874882.0875000
1714089600000,0.2078000,0.2099000,0.1962000,0.1977000,196228370,39725370.8827000,214130,19139334.6497000
1714176000000,0.1977000,0.1990000,0.1771000,0.1917000,244366273,46016541.2741000,232758,21874342.3265000
1714262400000,0.1918000,0.1973000,0.1847000,0.1862000,113097710,21691588.1977000,123715,10447211.7266000
1714348800000,0.1862000,0.1889000,0.1718000,0.1792000,223229825,39827206.7614000,204122,19137137.7076000
1714435200000,0.1791000,0.1810000,0.1549000,0.1629000,318489323,52641014.9873000,259834,25356342.7407000
1714521600000,0.1629000,0.1720000,0.1538000,0.1689000,293045346,47810689.7861000,272704,22704875.7991000
1714608000000,0.1689000,0.1796000,0.1621000,0.1758000,139501134,23823659.2753000,144045,11783044.3003000
1714694400000,0.1758000,0.1874000,0.1707000,0.1836000,155503713,27803110.4493000,143395,13153953.8374000
1714780800000,0.1837000,0.1864000,0.1813000,0.1827000,93809488,17238892.2876000,84227,8787075.7596000
1714867200000,0.1828000,0.1933000,0.1756000,0.1878000,149631326,27517945.0321000,149711,13326324.1106000
1714953600000,0.1879000,0.1957000,0.1787000,0.1793000,163513310,30525309.8518000,162414,14249408.0507000
1715040000000,0.1794000,0.1830000,0.1733000,0.1737000,134185156,23936740.0129000,155074,11597684.8289000
1715126400000,0.1737000,0.1770000,0.1667000,0.1695000,154162404,26447483.4008000,169504,12955268.7182000
1715212800000,0.1694000,0.1852000,0.1669000,0.1801000,128614419,22379369.1948000,155411,11163466.2900000
1715299200000,0.1800000,0.1840000,0.1671000,0.1700000,139368245,24482704.5654000,167474,11784731.1476000
1715385600000,0.1700000,0.1788000,0.1649000,0.1682000,98548472,16807138.0726000,117007,8023496.2962000
1715472000000,0.1681000,0.1700000,0.1623000,0.1646000,83851116,14008323.4910000,71021,6544387.6189000
1715558400000,0.1646000,0.1697000,0.1546000,0.1622000,157151963,25553959.4486000,169287,12027283.1958000
1715644800000,0.1622000,0.1632000,0.1538000,0.1547000,115664193,18349114.5753000,127551,8826681.5362000
1715731200000,0.1546000,0.1741000,0.1519000,0.1704000,150603732,24226584.6168000,143371,12257279.0493000
1715817600000,0.1704000,0.1728000,0.1590000,0.1650000,126860229,21090411.1448000,123359,10035566.5687000
1715904000000,0.1650000,0.1780000,0.1616000,0.1709000,130632048,22131818.2846000,133771,10850106.0110000
1715990400000,0.1709000,0.1740000,0.1655000,0.1691000,97344847,16523629.8477000,92557,7998354.7038000
1716076800000,0.1691000,0.1749000,0.1558000,0.1579000,114331710,18776833.0170000,111902,8767542.4271000
1716163200000,0.1578000,0.1883000,0.1544000,0.1782000,303644708,52553414.4987000,243848,25938263.2478000
1716249600000,0.1782000,0.1830000,0.1747000,0.1797000,198841889,35676289.1233000,190101,17688012.4595000
1716336000000,0.1796000,0.1862000,0.1750000,0.1793000,190202072,34284309.1809000,196375,16358738.8586000
1716422400000,0.1793000,0.1891000,0.1606000,0.1832000,308214326,54925160.1865000,337770,26498728.6002000
1716508800000,0.1832000,0.2037000,0.1815000,0.2028000,375115995,72047401.1048000,398331,35127468.0648000
1716595200000,0.2028000,0.2195000,0.2008000,0.2091000,442324109,93857609.3634000,399674,45078579.8117000
1716681600000,0.2091000,0.2163000,0.1976000,0.2118000,215628295,44543421.2407000,213583,21633570.7402000
1716768000000,0.2117000,0.2211000,0.2014000,0.2068000,210657356,44052198.9190000,230760,21609002.3023000
1716854400000,0.2068000,0.2085000,0.1922000,0.2074000,181395282,36295124.0179000,247718,17121376.9321000
1716940800000,0.2074000,0.2162000,0.1939000,0.1955000,226265216,46681955.3509000,304002,22156727.7639000
1717027200000,0.1955000,0.2100000,0.1883000,0.1997000,226626959,45433107.7224000,290703,21653271.4866000
1717113600000,0.1996000,0.2159000,0.1954000,0.2118000,257450527,52747631.7466000,303900,25580731.3838000
1717200000000,0.2119000,0.2348000,0.2069000,0.2212000,520312603,116363326.7362000,536352,56931781.3632000
1717286400000,0.2212000,0.2377000,0.2168000,0.2211000,356787534,80723549.0635000,435642,38565243.9323000
1717372800000,0.2212000,0.2477000,0.2169000,0.2280000,444300879,103839889.7901000,516422,50383878.7094000
1717459200000,0.2280000,0.2338000,0.2171000,0.2208000,177226986,39650404.4206000,198540,18850261.5132000
1717545600000,0.2208000,0.2259000,0.2176000,0.2210000,141796897,31444656.0825000,164966,15157426.8890000
1717632000000,0.2211000,0.2287000,0.2101000,0.2170000,181169899,40186899.3091000,190350,17985767.0262000
1717718400000,0.2169000,0.2210000,0.1567000,0.1814000,461372125,87114263.8091000,414406,39640760.1099000
1717804800000,0.1814000,0.1826000,0.1651000,0.1687000,263824167,45954999.8535000,277342,21715381.1736000
1717891200000,0.1687000,0.1728000,0.1653000,0.1712000,118306398,20008879.3461000,139325,10099567.0710000
1717977600000,0.1712000,0.1714000,0.1611000,0.1620000,148328707,24688581.2190000,168739,11724317.6661000
1718064000000,0.1621000,0.1633000,0.1492000,0.1536000,205147133,32096966.9790000,244111,14954206.2704000
1718150400000,0.1537000,0.1611000,0.1453000,0.1536000,224954122,34546169.0538000,248127,17440808.1188000
1718236800000,0.1535000,0.1548000,0.1424000,0.1478000,170460375,25451527.5522000,189985,12727715.8172000
1718323200000,0.1478000,0.1545000,0.1362000,0.1455000,190405203,27929562.7640000,203215,13242539.5687000
1718409600000,0.1455000,0.1480000,0.1424000,0.1437000,65055734,9464715.2144000,67234,4579490.7688000
1718496000000,0.1437000,0.1471000,0.1392000,0.1446000,85491981,12273273.5057000,85259,6011802.0061000
1718582400000,0.1445000,0.1465000,0.1220000,0.1264000,242669568,32343763.1669000,208809,15056332.5236000
1718668800000,0.1264000,0.1287000,0.1007000,0.1171000,536808866,60554654.2202000,334465,29516474.1796000
1718755200000,0.1170000,0.1270000,0.1161000,0.1227000,189525684,22966134.9626000,148668,11414423.0189000
1718841600000,0.1226000,0.1305000,0.1193000,0.1210000,212345276,26338853.0669000,165921,12713892.2774000
1718928000000,0.1210000,0.1252000,0.1170000,0.1199000,181804856,22106089.0088000,138043,10802699.0178000
1719014400000,0.1200000,0.1275000,0.1177000,0.1195000,145719921,17669193.7308000,94553,8753002.5253000
1719100800000,0.1196000,0.1240000,0.1112000,0.1161000,196175845,23217736.7319000,119239,11496295.9215000
1719187200000,0.1161000,0.1226000,0.1085000,0.1214000,247255160,28785705.6759000,178033,14151160.9338000
1719273600000,0.1214000,0.1285000,0.1190000,0.1247000,198135538,24443257.3358000,123202,11464168.1123000
1719360000000,0.1247000,0.1281000,0.1175000,0.1177000,174469929,21415017.7223000,114225,9881709.7466000
1719446400000,0.1177000,0.1212000,0.1134000,0.1174000,171700457,20121263.5204000,107559,10053839.2279000
1719532800000,0.1173000,0.1207000,0.1118000,0.1124000,186168699,21739584.4457000,118447,10773387.8058000
1719619200000,0.1125000,0.1149000,0.1065000,0.1078000,144115296,16060038.0644000,82389,7792019.5174000
1719705600000,0.1079000,0.1143000,0.1065000,0.1128000,161527976,17708795.2267000,88192,8673984.0088000
1719792000000,0.1129000,0.1159000,0.1116000,0.1127000,147718915,16784948.4521000,94823,8028843.1184000
1719878400000,0.1127000,0.1202000,0.1119000,0.1156000,236257607,27243207.0950000,134750,13574704.2514000
1719964800000,0.1156000,0.1188000,0.1083000,0.1115000,271358921,30806559.9504000,171819,14872236.6170000
1720051200000,0.1115000,0.1145000,0.0897000,0.0911000,447127738,45903651.9205000,259122,21791720.0420000
1720137600000,0.0910000,0.0913000,0.0741000,0.0823000,795259497,64546898.2265000,335164,31322343.7007000
1720224000000,0.0822000,0.0951000,0.0813000,0.0930000,304282956,26315319.7400000,144066,12876547.4094000
1720310400000,0.0929000,0.0954000,0.0886000,0.0898000,338742919,31253175.7623000,188287,14827301.1212000
1720396800000,0.0898000,0.1020000,0.0845000,0.0953000,427074561,40257276.0785000,241959,19707222.4901000
1720483200000,0.0952000,0.1016000,0.0944000,0.0975000,275824496,26966402.3031000,157504,13536483.0103000
1720569600000,0.0975000,0.1053000,0.0962000,0.0982000,269333336,26762903.3231000,143920,13121496.2404000
1720656000000,0.0982000,0.1013000,0.0935000,0.0941000,200240599,19529053.5688000,107427,9581696.6762000
1720742400000,0.0940000,0.0995000,0.0926000,0.0988000,162878136,15731893.9147000,94436,7626768.3729000
1720828800000,0.0988000,0.1041000,0.0982000,0.1016000,126806982,12722460.0265000,61172,6104595.4948000
1720915200000,0.1015000,0.1050000,0.0978000,0.1032000,129539047,13098256.8108000,65963,6401009.6435000
1721001600000,0.1031000,0.1101000,0.1014000,0.1095000,163007895,17053460.0829000,86157,8395821.6606000
1721088000000,0.1095000,0.1118000,0.1001000,0.1069000,278577344,29460749.9256000,139389,14017857.9599000
1721174400000,0.1069000,0.1184000,0.1066000,0.1109000,332819537,37417088.4976000,175785,18180940.0530000
1721260800000,0.1109000,0.1191000,0.1040000,0.1069000,256397556,28688740.6047000,130361,14050754.4110000
1721347200000,0.1070000,0.1095000,0.1022000,0.1082000,246868423,26187090.0824000,112826,12984116.0426000
1721433600000,0.1082000,0.1115000,0.1071000,0.1090000,164451197,17993644.0810000,84141,8416222.9474000
1721520000000,0.1089000,0.1103000,0.0991000,0.1083000,214831896,22575723.4293000,112109,10724193.3937000
1721606400000,0.1084000,0.1118000,0.1002000,0.1018000,194165952,20436636.9494000,114796,9319003.7542000
1721692800000,0.1017000,0.1034000,0.0940000,0.0959000,229078335,22615163.9675000,119793,10854827.7487000
1721779200000,0.0959000,0.1120000,0.0943000,0.1042000,504928881,52933684.1030000,226914,26665963.5030000
1721865600000,0.1042000,0.1087000,0.0863000,0.0929000,967429331,94791315.4919000,398191,45733302.2827000
1721952000000,0.0928000,0.1047000,0.0916000,0.1035000,402714451,39162694.4338000,147367,19089233.6042000
1722038400000,0.1036000,0.1112000,0.1033000,0.1085000,594168649,64067635.7924000,235702,31653389.1287000
1722124800000,0.1085000,0.1097000,0.1014000,0.1026000,243290366,25820313.0964000,138295,12618992.7514000
1722211200000,0.1026000,0.1108000,0.1012000,0.1014000,279251120,29630107.1551000,141199,14775719.7265000
1722297600000,0.1014000,0.1097000,0.0992000,0.1014000,269724199,28184553.1156000,157228,13488351.1861000
1722384000000,0.1013000,0.1035000,0.0951000,0.0957000,245760838,24519126.1754000,126817,11953529.0884000
1722470400000,0.0957000,0.0977000,0.0843000,0.0934000,300431384,27557203.0430000,150990,13060923.7927000
1722556800000,0.0934000,0.0948000,0.0837000,0.0850000,236610416,21028689.8711000,117642,10058749.1113000
1722643200000,0.0849000,0.0851000,0.0752000,0.0769000,283663322,22811899.4182000,115985,11165813.5648000
1722729600000,0.0769000,0.0798000,0.0684000,0.0724000,356163744,26456778.7732000,116974,12966113.7367000
1722816000000,0.0724000,0.0727000,0.0548000,0.0623000,1037072257,63865699.3801000,290596,31251563.9074000
1722902400000,0.0623000,0.0709000,0.0622000,0.0684000,308370381,20851531.1048000,117694,10468137.0003000
1722988800000,0.0683000,0.0728000,0.0651000,0.0664000,345435944,23759099.8343000,133943,11667581.6280000
1723075200000,0.0665000,0.0859000,0.0650000,0.0837000,378298120,28360262.0586000,122232,14337978.9517000
1723161600000,0.0838000,0.0879000,0.0824000,0.0871000,469749512,40172141.1274000,152142,19676566.9198000
1723248000000,0.0870000,0.0950000,0.0861000,0.0935000,453178772,41300004.0895000,159178,21345997.8970000
1723334400000,0.0935000,0.0945000,0.0860000,0.0869000,281749424,25593085.5058000,122777,12278685.2508000
1723420800000,0.0868000,0.0989000,0.0862000,0.0907000,408909710,37502627.4542000,187959,19108948.3409000
1723507200000,0.0907000,0.0910000,0.0842000,0.0869000,292202095,25193842.6066000,106697,12507217.3693000
1723593600000,0.0869000,0.0891000,0.0807000,0.0821000,225222327,18905473.1015000,88252,8875181.7367000
1723680000000,0.0821000,0.0832000,0.0758000,0.0768000,219403577,17551090.1692000,80531,8229452.7487000
1723766400000,0.0769000,0.0781000,0.0709000,0.0730000,266863402,19793888.3259000,79435,9662508.5350000
1723852800000,0.0729000,0.0743000,0.0711000,0.0734000,167492027,12224473.2897000,57021,6425562.6578000
1723939200000,0.0734000,0.0789000,0.0720000,0.0740000,272400096,20591795.3122000,81982,10483959.9884000
1724025600000,0.0740000,0.0787000,0.0725000,0.0777000,231510953,17537231.8973000,85473,8413573.2652000
1724112000000,0.0777000,0.0820000,0.0762000,0.0805000,208010547,16549494.9516000,82316,7855137.6390000
1724198400000,0.0804000,0.0846000,0.0762000,0.0827000,146117182,11718476.3189000,64227,5674450.6130000
1724284800000,0.0827000,0.0830000,0.0800000,0.0816000,125561830,10271413.0469000,44512,5378950.8392000
1724371200000,0.0816000,0.0924000,0.0815000,0.0907000,174127000,14952709.3126000,71039,7639385.4378000
1724457600000,0.0908000,0.0950000,0.0894000,0.0921000,153609930,14165565.7969000,75780,6833011.8071000
1724544000000,0.0921000,0.0925000,0.0849000,0.0895000,163541542,14524474.3632000,77148,6820415.6389000
1724630400000,0.0896000,0.0905000,0.0794000,0.0796000,160858767,13683240.1177000,74620,6255917.9410000
1724716800000,0.0797000,0.0830000,0.0714000,0.0729000,239999562,18660261.4873000,88335,9226783.8192000
1724803200000,0.0729000,0.0766000,0.0683000,0.0711000,234740824,16963358.3176000,103151,8117048.1983000
1724889600000,0.0710000,0.0736000,0.0676000,0.0694000,145810152,10333404.4268000,59685,5042794.4239000
1724976000000,0.0693000,0.0723000,0.0660000,0.0705000,172523318,11986377.7726000,74220,5787143.8258000
1725062400000,0.0705000,0.0711000,0.0681000,0.0696000,61634842,4303339.8337000,28763,1995262.3899000
1725148800000,0.0695000,0.0702000,0.0638000,0.0646000,149359067,10113986.2484000,60746,4884954.6554000
1725235200000,0.0645000,0.0724000,0.0644000,0.0710000,133839337,9114646.9430000,59606,4505823.7471000
1725321600000,0.0709000,0.0720000,0.0655000,0.0657000,106448057,7338211.2876000,47937,3540764.6272000
1725408000000,0.0657000,0.0701000,0.0614000,0.0672000,188895663,12387973.3993000,66086,6294831.1309000
1725494400000,0.0673000,0.0940000,0.0657000,0.0782000,4951222887,400516351.4052000,972458,199555862.5476000
1725580800000,0.0783000,0.0787000,0.0701000,0.0726000,1781959306,134124475.7243000,366018,65485239.9338000
1725667200000,0.0726000,0.0844000,0.0725000,0.0805000,1554619539,125130486.8315000,354998,62654349.5110000
1725753600000,0.0805000,0.0833000,0.0783000,0.0810000,703460497,56612222.5046000,199166,28734521.1883000
1725840000000,0.0809000,0.0842000,0.0772000,0.0831000,578461213,46421197.2538000,166033,23050003.1130000
1725926400000,0.0831000,0.0853000,0.0806000,0.0835000,423355135,35012256.1087000,128816,17578134.7250000
1726012800000,0.0834000,0.0835000,0.0774000,0.0798000,497782490,39873936.8224000,136819,19510135.1231000
1726099200000,0.0798000,0.1118000,0.0793000,0.1107000,3724571889,364433063.2786000,731972,190179446.3361000
1726185600000,0.1108000,0.1187000,0.1022000,0.1064000,5027271244,555639103.9138000,1011038,277251491.4374000
1726272000000,0.1064000,0.1277000,0.1045000,0.1248000,4766326486,564298523.1641000,1067929,287719554.8727000
1726358400000,0.1248000,0.1376000,0.1205000,0.1251000,3402305820,434107584.6619000,999646,218116827.0478000
1726444800000,0.1251000,0.1282000,0.1122000,0.1201000,2195249251,262710046.3836000,681205,128713577.0297000
1726531200000,0.1201000,0.1492000,0.1132000,0.1474000,2429269449,304255554.9225000,901587,155539394.8762000
1726617600000,0.1475000,0.1729000,0.1396000,0.1506000,3104797982,478524718.2715000,1297425,238941876.8695000
1726704000000,0.1505000,0.1569000,0.1409000,0.1513000,1555873771,228612642.2172000,699520,111755710.4135000
1726790400000,0.1512000,0.1541000,0.1300000,0.1372300,1272931956,178092088.3506800,737112,83688147.5294500
1726876800000,0.1372400,0.1377600,0.1262200,0.1293100,554141124,72137773.4108400,485887,33970491.3497100
1726963200000,0.1293000,0.1385000,0.1200100,0.1232400,952519622,122138469.2711000,667991,58502123.6043300
1727049600000,0.1232500,0.1342400,0.1201800,0.1333400,823305027,103401216.3872400,607179,51373264.3103500
1727136000000,0.1333400,0.1369900,0.1260300,0.1363700,1034400708,136370139.7313300,733893,64893313.7897800
1727222400000,0.1364000,0.1374000,0.1253400,0.1297100,652658973,84972381.8002200,523967,40402781.3485700
1727308800000,0.1297000,0.1346400,0.1231100,0.1327200,567191437,73598684.6834700,517858,35041819.3010800
1727395200000,0.1327300,0.1542400,0.1281500,0.1532300,1009057608,141830145.8618300,833852,70113420.4434900
1727481600000,0.1531900,0.1616000,0.1413000,0.1449900,1077730954,161304465.9037200,846251,78558075.4405700
1727568000000,0.1450000,0.1529100,0.1409600,0.1455300,973485451,144213442.7700800,923497,69394743.9148200
1727654400000,0.1455300,0.1499800,0.1288500,0.1308000,887166793,123615727.8229600,813188,60255187.6147300
1727740800000,0.1307900,0.1339700,0.1096700,0.1171000,975574030,119759426.7611000,715372,56966412.1088100
1727827200000,0.1171000,0.1185100,0.1058100,0.1089400,631157826,71305629.9848000,515224,35380308.5534200
1727913600000,0.1089300,0.1126900,0.1048800,0.1076600,531880254,57845743.0945900,462532,28525648.5832100
1728000000000,0.1076400,0.1185500,0.1061500,0.1168200,434970906,49167314.9769200,350441,24374965.0825100
1728086400000,0.1168200,0.1216600,0.1125200,0.1158000,332254604,39078883.8955600,265125,18776304.7170400
1728172800000,0.1158100,0.1206200,0.1128500,0.1196400,245133875,28572937.8034600,214230,14082725.7053200
1728259200000,0.1196500,0.1242900,0.1117400,0.1121500,414827297,48971410.5850600,330476,23614849.9323200
1728345600000,0.1121500,0.1136700,0.1070100,0.1091900,346956305,38253693.2090900,287902,18491192.3573700
1728432000000,0.1091800,0.1107900,0.1025000,0.1044500,267485828,28624376.1283300,242272,13551595.0669300
1728518400000,0.1044400,0.1102800,0.1016000,0.1100100,524287917,55128937.3831200,339432,27652435.4597400
1728604800000,0.1100300,0.1233900,0.1065500,0.1220400,936351553,109468583.7538800,630521,52377248.1648600
1728691200000,0.1220500,0.1253800,0.1173400,0.1209300,425058456,51329331.2463300,345801,24640093.3131600
1728777600000,0.1209400,0.1257000,0.1143500,0.1195600,391096802,46730786.1005300,335623,21720729.1219200
1728864000000,0.1195900,0.1432700,0.1161400,0.1381100,934308255,125014330.9451300,669400,61769666.1280100
1728950400000,0.1381400,0.1430000,0.1257700,0.1304200,660325764,88712833.0814700,533934,41937784.4787000
1729036800000,0.1304200,0.1305100,0.1222500,0.1233800,398158766,49906004.3973900,330561,24145321.2010000
1729123200000,0.1234000,0.1323300,0.1187200,0.1227900,746923583,93846134.9562100,504671,45346540.4503600
1729209600000,0.1227800,0.1700000,0.1225800,0.1674600,2425464414,364557673.2853200,1450707,187021456.9949700
1729296000000,0.1674600,0.1792800,0.1577500,0.1674800,3609365874,604784081.6059100,2167501,304880624.6387400
1729382400000,0.1674200,0.1677900,0.1481100,0.1504400,1155350069,178881639.1306100,939445,87438442.5550800
1729468800000,0.1504400,0.1566500,0.1400200,0.1435600,888120526,131336849.2769300,761578,62402940.3946500
1729555200000,0.1435300,0.1922100,0.1401000,0.1901500,3009806393,498150393.8171300,1785939,251646678.4861000
1729641600000,0.1901300,0.1953800,0.1633400,0.1658200,3640838597,641142395.7151200,2120191,321412696.8057200
1729728000000,0.1658200,0.1749800,0.1566600,0.1742000,1409459222,234985512.1642900,1153411,115469296.2862000
1729814400000,0.1742000,0.1884800,0.1600000,0.1684500,2597640498,455187053.5491900,1841141,227262244.5696700
1729900800000,0.1684400,0.1864800,0.1614400,0.1806600,1803766834,317139103.5999400,1394013,156725250.7333500
1729987200000,0.1806300,0.1858900,0.1705000,0.1772500,1132789507,201611654.9816700,901035,100292931.4689000
1730073600000,0.1773000,0.1780700,0.1536500,0.1665600,975831581,159620828.0088500,802249,76704247.5841400
1730160000000,0.1665600,0.1888800,0.1622700,0.1789700,1312185012,230260985.8299500,1149733,110314252.7088200
1730246400000,0.1789700,0.1805300,0.1670000,0.1674600,641643593,111523579.5691600,655321,55299875.6519900
1730332800000,0.1674700,0.1715800,0.1585300,0.1700400,727377699,120424144.5007200,688550,59457449.5409300
1730419200000,0.1700200,0.1818500,0.1632200,0.1656500,2057900258,353175873.6550700,1474540,176775939.1129500
1730505600000,0.1656500,0.1740000,0.1544000,0.1684800,1545529297,256701414.6406300,1231705,125999827.6251600
1730592000000,0.1684600,0.1725200,0.1450600,0.1563500,1811755415,287675881.6204100,1447603,143426280.3110000
1730678400000,0.1563600,0.1590600,0.1421100,0.1453100,1235628475,186753187.2915900,1022650,92219804.0538400
1730764800000,0.1453000,0.1585300,0.1431400,0.1515500,985007901,149627980.5852000,812359,74412983.0215000
1730851200000,0.1515500,0.1918700,0.1512100,0.1880100,1718187681,285130327.7969300,1381607,140460091.0191000
1730937600000,0.1880100,0.2067800,0.1740000,0.1794900,1422561015,266042281.7678600,1315181,130262901.0772500
1731024000000,0.1794900,0.1834000,0.1691700,0.1736100,761444910,134007385.1176800,747938,63901200.1294800
1731110400000,0.1736300,0.1797900,0.1670000,0.1777500,572941227,99240480.6725600,504051,48650669.5979800
1731196800000,0.1777400,0.1911700,0.1707800,0.1800700,1129510650,202383273.1395100,943826,96533897.3205800
1731283200000,0.1800900,0.1996700,0.1762800,0.1960900,1448176787,274057122.0467400,1301281,132018165.4007300
1731369600000,0.1960800,0.1972200,0.1572700,0.1681500,1286341766,224333043.6381200,1062590,105496916.7165300
1731456000000,0.1681700,0.1686400,0.1483100,0.1595700,1100284771,172477969.2306000,882318,82139587.9831800
1731542400000,0.1595700,0.1614900,0.1453500,0.1477400,711830608,110479761.0905500,626038,52806712.1300600
1731628800000,0.1477200,0.1577900,0.1423200,0.1561500,607420713,91265561.3355800,503238,44025470.8612100
1731715200000,0.1561400,0.1639400,0.1542900,0.1619000,482403036,76619547.7906000,416378,36887551.7548400
1731801600000,0.1619200,0.1619900,0.1476600,0.1521600,400990025,61661524.6057300,398232,29601552.1526400
1731888000000,0.1521400,0.1590600,0.1498100,0.1563100,458581653,70999717.5733400,422018,33889138.7658900
1731974400000,0.1563100,0.1564000,0.1444500,0.1497900,333320854,49969305.2147100,320015,24057524.8638900
1732060800000,0.1497600,0.1498000,0.1346700,0.1384200,354660646,50445066.2525900,346701,23531358.2980200
1732147200000,0.1384300,0.1441500,0.1294400,0.1418800,453036469,62256275.5219300,393240,29461732.2474700
1732233600000,0.1419000,0.1422700,0.1323200,0.1413500,293776282,40299763.2975600,297657,19314837.0185800
1732320000000,0.1413500,0.1497000,0.1368000,0.1476700,516094332,74009398.4203700,466238,35775644.4992100
1732406400000,0.1476700,0.1668800,0.1372700,0.1648400,1221728999,187699420.5489100,957048,90944984.7698600
1732492800000,0.1648000,0.1653100,0.1491300,0.1540500,777949125,121918160.4203200,631866,57895484.6750700
1732579200000,0.1540100,0.1596900,0.1416200,0.1486500,532054986,79321369.7869000,533686,37806461.6763300
1732665600000,0.1487000,0.1569100,0.1446000,0.1563900,371638760,56047160.4856300,365254,26164946.2457900
1732752000000,0.1563700,0.1701300,0.1550200,0.1642500,721171613,117084917.1335400,646381,56016445.9450000
1732838400000,0.1642600,0.1680100,0.1588400,0.1670200,502521654,81897408.2853000,476277,37850364.2772800
1732924800000,0.1670300,0.1746400,0.1645500,0.1673400,440657670,74493680.4486700,476175,35521402.3724500
1733011200000,0.1673500,0.1758400,0.1615100,0.1714600,448256047,75887533.4012600,455121,35428095.9645900
1733097600000,0.1714500,0.1743000,0.1510000,0.1735100,559926053,90387408.3561800,558857,42087509.4399700
1733184000000,0.1734900,0.2170700,0.1701500,0.1968800,1486091320,284744424.9205700,1374004,137520697.7062000
1733270400000,0.1969000,0.2407000,0.1968800,0.2207500,1165664855,261271856.8182600,1300677,127845226.0260400
1733356800000,0.2207500,0.2307300,0.2011500,0.2252800,689897375,150079015.1427600,827586,72275790.1449900
1733443200000,0.2252800,0.2279100,0.2073600,0.2168400,417283711,91103310.0796800,574939,44136027.2086200
1733529600000,0.2168400,0.2449600,0.2084300,0.2348000,563381384,127994372.2879600,755130,61619686.1447500
1733616000000,0.2348000,0.2495800,0.2173100,0.2224500,391732504,89063962.8604400,543252,42608556.3169600
1733702400000,0.2224400,0.2224400,0.1382100,0.1768800,745854471,141132620.0610800,775972,63592474.0244700
1733788800000,0.1768500,0.1803600,0.1516000,0.1628500,586844941,97271029.0023700,683607,47619244.5886400
1733875200000,0.1628700,0.1768000,0.1547600,0.1751300,319551240,53160308.3014000,409592,26546190.5447200
1733961600000,0.1751100,0.1882800,0.1720400,0.1808800,360747971,65227154.5748200,446820,31441930.6227000
1734048000000,0.1808700,0.1821400,0.1715800,0.1785700,271054818,47754630.4822800,335395,23027726.5494800
1734134400000,0.1785600,0.1807000,0.1617300,0.1678600,244191222,41783518.3790800,277450,19713645.8316500
1734220800000,0.1678500,0.1770800,0.1606100,0.1766500,204859889,34758770.6432000,260476,16809976.4739900
1734307200000,0.1766400,0.1808200,0.1635400,0.1708400,270852031,46503567.3553000,345838,22303719.1566200
1734393600000,0.1708100,0.1818000,0.1615200,0.1629800,544631603,93384786.2210200,596974,45311316.8134700
1734480000000,0.1629900,0.1633600,0.1382100,0.1435200,478656984,72968740.5873300,471566,35460052.3261400
1734566400000,0.1435000,0.1593200,0.1355400,0.1440800,773813129,114156012.3713800,720965,55907140.2978700
1734652800000,0.1440900,0.1557300,0.1291400,0.1529100,647291890,92802406.8594500,670842,45860069.2924500
1734739200000,0.1528900,0.1609200,0.1404800,0.1458900,489878659,74292726.7984600,536878,36014576.3961200
1734825600000,0.1458800,0.1466500,0.1359500,0.1403200,295163793,41900038.9492900,383098,20428767.9701600
1734912000000,0.1403300,0.1480000,0.1362000,0.1467700,301445528,42600140.5847100,370133,20730805.6763400
1734998400000,0.1467400,0.1601000,0.1415800,0.1586100,293390564,44459950.2316500,318612,21671809.4650300
1735084800000,0.1585800,0.1710500,0.1481100,0.1505600,453309368,72480596.1708800,443475,34941208.0452200
1735171200000,0.1505200,0.1571200,0.1392100,0.1441500,343878390,50304156.9501000,334291,24443005.9187200
1735257600000,0.1441400,0.1521500,0.1406600,0.1458100,241396964,35231954.6767800,276397,16689795.0130700
1735344000000,0.1458000,0.1476500,0.1404300,0.1469600,167509159,24058423.8766200,212347,11543555.4621100
1735430400000,0.1469800,0.1479500,0.1381700,0.1403800,140078540,20057023.0886200,166770,9971122.4719600
1735516800000,0.1404000,0.1446300,0.1352700,0.1393900,189490515,26641850.0275000,222005,12839531.4968400
1735603200000,0.1393900,0.1422100,0.1342600,0.1366100,151446184,20887060.9909800,189448,10036269.5860500
1735689600000,0.1366200,0.1398700,0.1323100,0.1388500,170416390,23173453.0909700,180675,11575224.0761500
1735776000000,0.1388500,0.1459200,0.1384600,0.1435200,147948946,21104004.5356700,180086,9868266.9810200
1735862400000,0.1435400,0.1509300,0.1398700,0.1503400,146622475,21357965.5122700,171318,10082939.3476100
1735948800000,0.1503600,0.1532000,0.1468200,0.1491600,149641697,22423814.4082800,182331,10542946.3931500
1736035200000,0.1491500,0.1500100,0.1450500,0.1492900,118630057,17504057.0191300,137741,8925316.0504000
1736121600000,0.1493000,0.1553600,0.1456100,0.1521200,162179424,24417919.3596800,178688,11752627.5316800
1736208000000,0.1521000,0.1555400,0.1334900,0.1347800,244310402,35137263.7210900,226901,17156776.4732800
1736294400000,0.1347800,0.1356300,0.1185400,0.1263600,294403056,37471747.4188100,243426,18056670.3028800
1736380800000,0.1263500,0.1288900,0.1209500,0.1238700,205918078,25739387.5413900,205570,13062995.1863200
1736467200000,0.1238800,0.1294200,0.1234000,0.1290200,221335515,27982498.0621900,204536,14192563.5143100
1736553600000,0.1290000,0.1299500,0.1254000,0.1272900,77809437,9914860.6928200,111851,4515954.1958500
1736640000000,0.1273100,0.1290000,0.1218800,0.1238700,96708900,12161504.4176700,116079,5767445.2577300
1736726400000,0.1238900,0.1271700,0.1063300,0.1151100,341045732,38823516.4121400,295576,18693087.8092700
1736812800000,0.1151300,0.1214900,0.1136100,0.1204800,166516399,19542795.9009200,171331,9493357.4946900
1736899200000,0.1204800,0.1267300,0.1134600,0.1263100,208935592,25149064.8371600,202667,12327446.9026300
1736985600000,0.1263000,0.1266300,0.1174700,0.1201500,198227999,24065370.1052000,206748,11549342.9281700
1737072000000,0.1201600,0.1274000,0.1200900,0.1248700,208514857,25816672.4214800,183341,12563097.6288000
1737158400000,0.1248900,0.1270000,0.1118300,0.1146500,261578830,30597472.2684600,233028,15052544.0329100
1737244800000,0.1146400,0.1218900,0.1025200,0.1045700,471962583,52635247.1978200,371134,25104195.0711900
1737331200000,0.1046200,0.1123800,0.0982000,0.1014000,457297789,47739907.8112000,350469,23516933.8005800
1737417600000,0.1013700,0.1078700,0.0965800,0.1045300,227411299,23043618.8046500,220172,11002536.2600300
1737504000000,0.1045400,0.1059600,0.1017300,0.1025200,139222706,14448614.8176200,139423,7281282.7882900
1737590400000,0.1025200,0.1034300,0.0972000,0.1007000,199254207,19999054.3812100,178740,9939207.5257500
1737676800000,0.1006500,0.1056700,0.0960000,0.0980300,230432131,23347195.5603000,191860,10906087.8526400
1737763200000,0.0980200,0.1000100,0.0955200,0.0979000,131606313,12870023.0679100,130718,6157979.6700800
1737849600000,0.0979100,0.1003400,0.0930400,0.0932700,142848423,13978790.5025600,132519,6898848.9602000
1737936000000,0.0932700,0.0932700,0.0834500,0.0910100,663486562,58697990.4031000,292224,28614809.3063500
1738022400000,0.0910100,0.0934600,0.0837700,0.0848900,393881376,35836150.8331400,204306,17075845.6645300
1738108800000,0.0849200,0.0906100,0.0836200,0.0865200,229549096,19840547.5551800,191324,9630898.2606900
1738195200000,0.0865100,0.0913300,0.0855100,0.0889400,316669328,27995232.0485300,171287,14039500.8421900
1738281600000,0.0889300,0.0949500,0.0880700,0.0901700,183996626,16700293.0297900,178708,8127147.6627000
1738368000000,0.0901600,0.0916700,0.0802700,0.0807200,159225754,13680742.7428700,162578,6420773.7154300
1738454400000,0.0807200,0.0827900,0.0629300,0.0673300,365558039,26545986.9513200,282944,12612022.3378200
1738540800000,0.0673400,0.0728700,0.0482300,0.0716500,675177348,41136479.7519900,367331,20593438.6349100
1738627200000,0.0716400,0.0720100,0.0630600,0.0649100,263082790,17429937.3467000,223651,8754377.9178700
1738713600000,0.0649200,0.0666300,0.0621800,0.0630500,146826360,9531876.3155900,140738,4681733.1796300
1738800000000,0.0630200,0.0643400,0.0576900,0.0583800,216551945,13201940.5728200,171237,6706905.2533400
1738886400000,0.0583800,0.0644700,0.0577700,0.0592800,214564825,12960939.0329600,162209,6814497.6509100
1738972800000,0.0592800,0.0695300,0.0590300,0.0682200,529098629,33892219.1404800,297099,16990326.3744500
1739059200000,0.0682100,0.0708100,0.0609100,0.0648200,245101318,16110443.1376700,184590,7665565.6981800
1739145600000,0.0648100,0.0665900,0.0610700,0.0664200,187925449,12010307.9922400,153399,5849730.9091700
1739232000000,0.0664100,0.0689700,0.0623900,0.0635700,196533780,12925251.4549000,139559,6330861.8240300
1739318400000,0.0635700,0.0677900,0.0605300,0.0674100,175659547,11216468.2110300,121799,5380674.7663900
1739404800000,0.0674200,0.0686400,0.0629500,0.0642700,141980085,9290930.0216900,100992,4751166.5165300
1739491200000,0.0642800,0.0685400,0.0639300,0.0660000,116303486,7667963.1693900,94862,3753283.7312800
1739577600000,0.0660100,0.0664500,0.0623800,0.0631500,151102251,9687891.8303800,94501,4759126.9791200
1739664000000,0.0631700,0.0673900,0.0622400,0.0650300,190899030,12327082.4198500,121531,6177992.0738500
1739750400000,0.0650200,0.0700100,0.0633100,0.0652600,391152851,26086448.2915000,228356,12489333.0755800
1739836800000,0.0652400,0.0652400,0.0582400,0.0612100,227387961,13921351.8766100,137850,7170990.7933700
1739923200000,0.0612200,0.0634200,0.0601000,0.0626600,135437599,8420780.3017200,79713,4085136.1626700
1740009600000,0.0626800,0.0659300,0.0617000,0.0656100,136203506,8607848.9388900,80608,4209110.2658700
1740096000000,0.0656000,0.0811400,0.0655800,0.0706100,1828813140,136703226.8168700,742657,68485063.4116700
1740182400000,0.0706300,0.0735300,0.0677900,0.0732400,505784772,35156827.2317000,253731,17496731.3893500
1740268800000,0.0732000,0.0732300,0.0683700,0.0697700,393475593,27662195.2980400,187416,13023529.3859700
1740355200000,0.0697800,0.0701700,0.0580900,0.0592200,391553530,25319312.1884200,189704,11093849.9302800
1740441600000,0.0592200,0.0642200,0.0558200,0.0631500,463285373,28116970.1269900,222944,14304113.2344500
1740528000000,0.0631400,0.0643700,0.0600600,0.0627600,217984575,13609897.3455100,123081,6623558.7575900
1740614400000,0.0627800,0.0659600,0.0605100,0.0620000,218932732,13900673.7309400,128760,6821969.0469400
1740700800000,0.0620000,0.0686100,0.0583300,0.0681000,635785717,40432749.5014600,342386,19678968.3991700
1740787200000,0.0681100,0.0682300,0.0634300,0.0655300,228898753,15012482.5041600,140485,7611497.1044000
1740873600000,0.0655200,0.0695500,0.0622200,0.0687000,297268386,19514371.5655800,174065,9275554.1740400
1740960000000,0.0687000,0.0688000,0.0548700,0.0564100,336732872,20809705.7510700,200894,10029619.1821100
1741046400000,0.0564000,0.0569000,0.0511100,0.0556200,279974516,15167275.8898600,170436,7461799.9948900
1741132800000,0.0556200,0.0573700,0.0542800,0.0562000,199497242,11165199.8146200,128247,5559105.7612900
1741219200000,0.0562200,0.0572400,0.0541700,0.0549600,160152528,8972226.8728700,112257,4118880.4960200
1741305600000,0.0549600,0.0577400,0.0525700,0.0536200,407999527,22605557.0509800,215267,11062515.7711300
1741392000000,0.0536200,0.0540000,0.0517900,0.0530600,132286576,6999072.8364600,75675,3370225.1335400
1741478400000,0.0530800,0.0532400,0.0448700,0.0465300,233953205,11347677.3548800,118415,5325088.3398700
1741564800000,0.0465400,0.0500500,0.0437000,0.0445500,258725238,12217321.0890500,138993,5976648.9497800
1741651200000,0.0445600,0.0473800,0.0407900,0.0461700,233562407,10435152.9672500,127989,5118124.4323800
1741737600000,0.0461800,0.0484600,0.0446100,0.0466500,178868168,8270167.6482200,101414,4019747.3438700
1741824000000,0.0466500,0.0472100,0.0437100,0.0453800,132648091,6034291.7651300,81680,2928726.5324600
1741910400000,0.0453900,0.0478100,0.0450300,0.0468100,85711098,3990602.4533800,60928,1905087.9609500
1741996800000,0.0468000,0.0487600,0.0465900,0.0484500,144619752,6922326.7115800,72502,3436645.0768000
1742083200000,0.0484400,0.0484500,0.0444600,0.0449200,160787005,7486284.6209400,81767,3346453.5140600
1742169600000,0.0449200,0.0487100,0.0447600,0.0481100,127034577,5996614.6342700,80303,2965607.8115000
1742256000000,0.0481300,0.0515000,0.0465400,0.0485500,481537805,23667845.5411000,213159,11703528.9038400
1742342400000,0.0485600,0.0497000,0.0475700,0.0495800,260950660,12614503.5788700,117823,6172677.3202200
1742428800000,0.0495800,0.0522200,0.0490000,0.0497000,277293972,14063405.1830500,142762,6982935.3915100
1742515200000,0.0497100,0.0506400,0.0478800,0.0496500,151038618,7431245.7959100,87668,3541553.3141900
1742601600000,0.0496500,0.0536800,0.0489800,0.0536100,369624594,19125444.6031700,161978,8955878.7174100
1742688000000,0.0536100,0.0548100,0.0511900,0.0522900,303304538,15961842.9453500,133513,8563427.1822300
1742774400000,0.0522800,0.0550500,0.0517700,0.0544700,311012642,16771425.4405900,137279,8407507.3117600
1742860800000,0.0544700,0.0550200,0.0521000,0.0549500,161283479,8650386.3026400,105846,3991484.5015100
1742947200000,0.0549300,0.0587100,0.0539100,0.0545400,376149627,21093309.6579900,157847,10885607.0798200
1743033600000,0.0545500,0.0614500,0.0543800,0.0605100,757972178,44398260.2582900,348079,21651035.5373100
1743120000000,0.0604900,0.0626600,0.0511800,0.0530200,491399651,27869214.4059400,235819,13493989.9932100
1743206400000,0.0530200,0.0531300,0.0466300,0.0477200,184763950,9075296.2137900,125468,3907449.4962000
1743292800000,0.0477200,0.0508100,0.0468200,0.0492800,157483237,7774037.4227100,136382,3893167.6344500
1743379200000,0.0492800,0.0503500,0.0461700,0.0483100,184466811,8863049.3700300,136845,4085907.2754600
1743465600000,0.0483000,0.0505000,0.0475200,0.0479400,256527472,12534230.9531100,131623,5847561.9428500
1743552000000,0.0479400,0.0590000,0.0451000,0.0522400,1748842036,93389732.7618000,679632,46765010.4358700
1743638400000,0.0522300,0.0779600,0.0507600,0.0607400,5787369923,363997199.8607200,2289843,180435777.6764600
1743724800000,0.0607400,0.0669700,0.0563100,0.0645700,2378139605,145319080.5155300,1020608,71377501.5890900
1743811200000,0.0646000,0.0699300,0.0626300,0.0679900,1631156037,108452373.4024300,758295,54195766.1024600
1743897600000,0.0679900,0.0698700,0.0571200,0.0573800,1246357184,79261174.3140500,579351,37576366.4883300
1743984000000,0.0573700,0.0600300,0.0489800,0.0584800,1513651769,82096676.8549100,602201,41588868.2450900
1744070400000,0.0584800,0.0585000,0.0503600,0.0510200,649858922,35877813.5249600,291261,17364200.2506200
1744156800000,0.0510200,0.0615000,0.0486300,0.0609700,715805297,38342213.9746600,319973,19208232.6467600
1744243200000,0.0609800,0.0665000,0.0572600,0.0648200,1420118025,87570613.3989000,639141,43393952.3651800
1744329600000,0.0648300,0.0829100,0.0627500,0.0743700,3168206346,238410894.4539300,1321975,120041840.4862500
1744416000000,0.0743500,0.0759200,0.0677000,0.0725000,1146907782,81501245.3331100,586935,40488437.5208000
1744502400000,0.0725000,0.0727000,0.0649600,0.0660900,659890679,45091307.6577200,373459,21807952.7084300
1744588800000,0.0660900,0.0727500,0.0649000,0.0668000,579319696,39497824.4250400,343219,19940047.7417300
1744675200000,0.0668000,0.0674100,0.0634000,0.0639100,358684048,23400732.7505300,224177,11467539.9811000
1744761600000,0.0639000,0.0639200,0.0586400,0.0614600,462665665,28352537.1137600,251217,14290116.7741800
1744848000000,0.0614400,0.0766900,0.0596600,0.0761300,3040909003,219462093.0573300,1213818,110947517.1124600
1744934400000,0.0761200,0.0816000,0.0698800,0.0706700,2056721091,150900581.0821900,963411,77936819.9782400
1745020800000,0.0706700,0.0726700,0.0693700,0.0713300,584774257,41543585.7141600,357029,21418453.5274000
1745107200000,0.0713300,0.0737300,0.0670400,0.0703500,546037015,38285724.5919300,347127,19269850.7809400
1745193600000,0.0703500,0.0756100,0.0691000,0.0725100,536056008,38587066.2340000,348479,19395396.5257900
1745280000000,0.0725000,0.0745200,0.0675100,0.0741400,435698489,30697246.6522900,281255,15062961.9394400
1745366400000,0.0741600,0.0805000,0.0711300,0.0789100,729279437,54581994.6015400,431091,27266696.6674700
1745452800000,0.0789200,0.0794800,0.0727500,0.0755000,480773523,36222880.0430600,310222,17633779.4426100
1745539200000,0.0754800,0.0829600,0.0724600,0.0821200,661347525,51947784.0508100,403683,25686698.5378700
1745625600000,0.0821300,0.0885600,0.0782200,0.0803300,544526411,45201743.2408700,376995,22362117.3298400
1745712000000,0.0803500,0.0805800,0.0756000,0.0771800,304433353,23581055.8449000,218890,11611563.9204500
1745798400000,0.0771800,0.0837200,0.0753800,0.0834000,482835427,38838682.3460700,328376,19236846.6459400
1745884800000,0.0833900,0.0853900,0.0773500,0.0784900,330271851,26993773.3288200,240049,13011306.0435800
1745971200000,0.0784900,0.0819500,0.0742200,0.0800400,301890622,23689609.1977800,220559,11520160.9473200
1746057600000,0.0800100,0.0827800,0.0793100,0.0826200,240503313,19494985.8455600,182655,9006052.2523000
1746144000000,0.0826300,0.0830300,0.0784900,0.0798500,258686774,20922164.4363200,182541,10435263.1170000
1746230400000,0.0798500,0.0825600,0.0727300,0.0774200,391268892,30202957.9312000,241804,15017971.3552400
1746316800000,0.0774200,0.0779200,0.0699800,0.0711900,347101421,25216191.4517800,244803,11875808.9021300
1746403200000,0.0711900,0.0719200,0.0679100,0.0694800,223360944,15607247.6498100,178606,7766467.2919000
1746489600000,0.0694700,0.0716700,0.0637800,0.0674100,292323983,19935219.1104900,214198,9836034.8666600
1746576000000,0.0674200,0.0689200,0.0657100,0.0688900,175860052,11873710.5666900,134415,5832000.3641800
1746662400000,0.0688900,0.0781100,0.0682900,0.0768500,326225079,23677447.9694200,218520,11719871.6320000
1746748800000,0.0768600,0.0842300,0.0766600,0.0827500,395536867,31943710.5836600,266621,16330121.7613800
1746835200000,0.0827400,0.0864700,0.0809400,0.0861000,355342939,29610232.2005700,255807,14901546.5887800
1746921600000,0.0860900,0.0865400,0.0803300,0.0826100,224876877,18652126.5183400,191477,9062661.1968600
1747008000000,0.0826200,0.0909400,0.0812800,0.0873500,834324404,72602229.1815200,536447,35889915.0205300
1747094400000,0.0873600,0.0918800,0.0812900,0.0886600,415954173,35561423.5583000,287813,17196386.1695400
1747180800000,0.0886400,0.0898100,0.0818900,0.0828600,290690337,24813130.2244200,222274,11935353.6718100
1747267200000,0.0828700,0.0833000,0.0740200,0.0761300,360830775,28030646.7169300,246522,13187282.0944600
1747353600000,0.0761200,0.0785100,0.0741200,0.0749100,172314496,13260061.2567700,148949,6304649.5024200
1747440000000,0.0749000,0.0751100,0.0699100,0.0708600,193487722,13878691.6932200,156357,6787248.1476600
1747526400000,0.0708600,0.0771300,0.0706000,0.0755400,210328538,15524076.4532400,146422,7470348.4436500
1747612800000,0.0755700,0.0763900,0.0692500,0.0735100,198889683,14268686.5237800,133866,7182251.0217000
1747699200000,0.0735200,0.0753700,0.0711500,0.0739700,157998182,11578076.9041400,109366,5483794.2594700
1747785600000,0.0739800,0.0768500,0.0724400,0.0755300,237825288,17648338.9301700,140225,8538802.1037100
1747872000000,0.0755300,0.0805100,0.0754100,0.0803700,170763150,13356137.9860300,120409,6787019.3650800
1747958400000,0.0803900,0.0820400,0.0719000,0.0726200,271824671,20979530.7658200,158474,10037398.5994700
1748044800000,0.0726100,0.0752900,0.0721100,0.0733300,106167149,7806571.9245300,79226,3850023.6698700
1748131200000,0.0733300,0.0736300,0.0696800,0.0733000,115337314,8237476.1337000,101864,4050273.2966100
1748217600000,0.0733100,0.0748300,0.0715900,0.0721800,98638557,7218759.4052200,79728,3539347.6832000
1748304000000,0.0721900,0.0747400,0.0700700,0.0737000,118829435,8661409.0990300,93371,4506613.5263600
1748390400000,0.0737100,0.0743300,0.0703400,0.0725800,98138664,7081693.0605900,76323,3460359.8628900
1748476800000,0.0725900,0.0740000,0.0687000,0.0694200,110756081,7908719.2891300,78067,3693252.6036000
1748563200000,0.0694300,0.0697500,0.0593500,0.0601200,196662869,12675846.3541400,126762,5901331.9531800
1748649600000,0.0601100,0.0615300,0.0576500,0.0613900,119118254,7116788.3780800,90055,3541457.3082200
1748736000000,0.0614000,0.0631600,0.0601100,0.0628300,127108203,7841859.0721000,92204,3877250.1795700
1748822400000,0.0628300,0.0641600,0.0608600,0.0639400,102109648,6348488.8312600,72178,3084609.4493200
1748908800000,0.0639600,0.0663600,0.0634400,0.0650000,117388790,7619224.3251700,70621,3710801.5952800
1748995200000,0.0650000,0.0687000,0.0614400,0.0620700,215385886,14059498.5787900,133663,6677752.0204500
1749081600000,0.0620700,0.0628000,0.0560500,0.0572600,146968698,8812236.9339400,101418,4201862.9396600
1749168000000,0.0572600,0.0608300,0.0571600,0.0582100,82549087,4883739.2922100,68975,2449773.3316100
1749254400000,0.0582200,0.0606700,0.0579200,0.0593200,70827069,4219692.6081000,51909,2032174.7480400
1749340800000,0.0593300,0.0600100,0.0579300,0.0589400,53127916,3132931.8921800,40436,1562606.1982600
1749427200000,0.0589400,0.0623100,0.0578300,0.0621600,74013714,4431127.6502400,51622,2154391.2433500
1749513600000,0.0621600,0.0644600,0.0611300,0.0644100,107271088,6737462.6706000,78159,3180484.7788300
1749600000000,0.0644200,0.0644900,0.0602500,0.0607500,98093942,6157385.8120200,70035,2861196.7334400
1749686400000,0.0607300,0.0608900,0.0559100,0.0564900,128106332,7510699.8194700,82388,3514289.0188100
1749772800000,0.0564900,0.0564900,0.0529000,0.0560700,149348278,8127332.5873800,103629,4026358.2362300
1749859200000,0.0560400,0.0564400,0.0529000,0.0543100,66055425,3624385.6733900,50559,1787954.3063300
1749945600000,0.0543200,0.0550900,0.0524800,0.0543100,77048117,4164018.1215800,59992,2123627.1413100
1750032000000,0.0543100,0.0580200,0.0540200,0.0553200,282893344,16026104.6391800,147500,7768368.5174100
1750118400000,0.0553200,0.0564700,0.0514200,0.0527100,235574034,12691974.5729300,117607,6249020.5178200
1750204800000,0.0527200,0.0535300,0.0501800,0.0530800,123731034,6452563.1530600,81252,3160878.7654400
1750291200000,0.0530900,0.0536700,0.0512600,0.0525700,104013160,5452114.7207500,59455,2887179.3985800
1750377600000,0.0525700,0.0534200,0.0491800,0.0502800,137762951,7084919.4658300,74977,3224626.3957100
1750464000000,0.0502900,0.0511100,0.0464400,0.0482200,144304285,7106319.1524200,79719,3298493.1786700
1750550400000,0.0482300,0.0490200,0.0406000,0.0457700,216006258,9841784.8626900,107320,4574313.0118500
1750636800000,0.0457600,0.0516200,0.0453700,0.0515200,166252525,7913143.7032100,91476,4032176.0624500
1750723200000,0.0515200,0.0554900,0.0510800,0.0521300,455934919,24141894.3883900,201743,11773010.4528200
1750809600000,0.0521300,0.0521500,0.0498500,0.0503200,147425262,7516426.4927100,91893,3906319.6289900
1750896000000,0.0503300,0.0516400,0.0490900,0.0494000,102768533,5168717.9354600,74993,2580578.6709500
1750982400000,0.0494000,0.0507800,0.0487800,0.0503800,71754281,3570487.1154700,60125,1783559.1076100
1751068800000,0.0503800,0.0526400,0.0501500,0.0522000,157266372,8116080.7857500,77366,4100494.3061800
1751155200000,0.0521900,0.0547800,0.0505300,0.0533800,173767671,9098073.1266700,85455,4266004.4362400
1751241600000,0.0534000,0.0537000,0.0509300,0.0512800,111168666,5796032.7690100,73436,2736004.8113600
1751328000000,0.0512700,0.0515800,0.0486700,0.0491100,105054108,5250230.4220600,70606,2468493.5120300
1751414400000,0.0491100,0.0540000,0.0486200,0.0531700,126764616,6538311.8839500,72186,3262734.7727300
1751500800000,0.0531800,0.0543900,0.0520900,0.0532400,92634954,4945661.2633900,60181,2346026.5804700
1751587200000,0.0532300,0.0542500,0.0499200,0.0507600,108019911,5637534.9916800,67608,2730818.5889000
1751673600000,0.0507700,0.0514500,0.0495600,0.0505400,110780404,5569526.2648000,57439,2679543.7020900
1751760000000,0.0505400,0.0530100,0.0503400,0.0520400,112552685,5799480.4322900,58966,3151651.7775700
1751846400000,0.0520400,0.0525800,0.0497600,0.0505800,86682199,4436190.3723000,52275,2095775.6967400
1751932800000,0.0505800,0.0516800,0.0497600,0.0514000,59888079,3038252.9213800,41961,1485329.6529800
1752019200000,0.0514000,0.0542700,0.0508900,0.0541600,100035658,5244989.9785300,55070,2536986.8591200
1752105600000,0.0541700,0.0586000,0.0534600,0.0581300,141411821,7827143.1709700,72182,3842741.4742100
1752192000000,0.0581400,0.0602600,0.0566600,0.0578000,172922499,10162417.4773400,109344,4851400.4749800
1752278400000,0.0577900,0.0595400,0.0556900,0.0578300,125259916,7236404.8899600,71409,3479336.3812200
1752364800000,0.0578300,0.0658500,0.0575100,0.0601700,600484812,36331560.5150600,303997,17465616.7595200
1752451200000,0.0601700,0.0627100,0.0584300,0.0596200,184454232,11233261.7415800,111818,5228254.6216400
1752537600000,0.0596200,0.0613700,0.0568400,0.0613600,118343404,6960358.0270000,82930,3407825.9074900
1752624000000,0.0613600,0.0640500,0.0598800,0.0625400,106876072,6610468.8412000,73925,3132523.6257100
1752710400000,0.0625300,0.0634900,0.0602400,0.0623900,115456165,7161638.4284000,78863,3455539.3293700
1752796800000,0.0624000,0.0656500,0.0596100,0.0613300,159270578,10073565.2992500,108017,4971895.2689400
1752883200000,0.0613400,0.0621000,0.0592800,0.0619200,79257154,4816636.7493100,65708,2491128.1476300
1752969600000,0.0619200,0.0679800,0.0613500,0.0666100,157994105,10265176.8350000,96994,5028577.8845700
1753056000000,0.0666200,0.0757100,0.0649500,0.0710500,623170138,44458661.7392600,365214,21581194.1516500
1753142400000,0.0710500,0.0728700,0.0668600,0.0704600,239526782,16514994.5465500,155956,7954231.2450700
1753228800000,0.0704600,0.0704800,0.0607600,0.0631000,212419472,13942677.1782900,136446,6664614.2196300
1753315200000,0.0631100,0.0641500,0.0582700,0.0617100,190102546,11782540.1991000,122564,5696565.0658300
1753401600000,0.0617000,0.0637500,0.0593700,0.0636600,123320304,7565938.9966200,83006,3817341.8320600
1753488000000,0.0636600,0.0683100,0.0635100,0.0669400,234800158,15492493.3039300,129145,7670152.0714700
1753574400000,0.0669500,0.0751500,0.0669500,0.0703200,775248203,55754613.6535600,466502,27359854.0456200
1753660800000,0.0703100,0.0708800,0.0637900,0.0645900,237866006,16075457.1076700,171585,7696107.4788900
1753747200000,0.0646000,0.0679500,0.0626100,0.0645400,199222920,12902163.4140100,141141,6302564.1409000
1753833600000,0.0645400,0.0646100,0.0594600,0.0630300,144085029,8984308.7429300,109752,4149412.6946300
1753920000000,0.0630300,0.0648500,0.0584500,0.0588200,112458329,6986854.5838000,76146,3200646.9119300
1754006400000,0.0588200,0.0593900,0.0553100,0.0571000,166240507,9598789.5157800,109352,4630716.8518200
1754092800000,0.0570900,0.0583400,0.0542700,0.0553400,109406146,6155158.7520900,82828,3010153.2086200
1754179200000,0.0553400,0.0579000,0.0544600,0.0574500,60442340,3428362.1971300,52889,1691776.2275100
1754265600000,0.0574500,0.0598200,0.0571800,0.0595200,82921000,4835279.1429900,62465,2260430.7236300
1754352000000,0.0595200,0.0595900,0.0551900,0.0565700,108118162,6219981.5120700,81447,2907747.6048600
1754438400000,0.0565700,0.0581000,0.0552200,0.0579000,69391411,3931415.7491600,61165,2012273.9175600
1754524800000,0.0579000,0.0607200,0.0568000,0.0606700,100364175,5913643.2092200,93292,2793195.2118200
1754611200000,0.0606600,0.0618700,0.0596300,0.0614700,99486896,6043756.1715300,57901,3000616.9551000
1754697600000,0.0614700,0.0637700,0.0614000,0.0627100,93722038,5886927.5576000,64932,2936814.1293400
1754784000000,0.0627200,0.0636100,0.0599800,0.0618900,100018894,6165401.5618700,129400,3126399.0122800
1754870400000,0.0618900,0.0633100,0.0571200,0.0577100,154049015,9284605.4638800,95733,4275883.3056200
1754956800000,0.0577000,0.0616200,0.0568700,0.0606500,142812623,8497621.9150000,108943,4154702.5428000
1755043200000,0.0606500,0.0628400,0.0600600,0.0625900,128563498,7915262.4784900,87216,3953005.7783500
1755129600000,0.0625900,0.0632600,0.0553500,0.0566300,191140547,11296716.5101000,132672,5239937.7320200
1755216000000,0.0566200,0.0580000,0.0545300,0.0565500,119759001,6763963.6580700,88136,3420022.1679900
1755302400000,0.0565400,0.0579900,0.0562600,0.0576800,60292372,3444283.7556600,46218,1727556.9430500
1755388800000,0.0576800,0.0587700,0.0567200,0.0572000,68066288,3936688.3183600,50853,1838069.5779100
1755475200000,0.0572000,0.0572800,0.0544900,0.0554900,105763233,5863893.6571300,81887,2987650.8090000
1755561600000,0.0554800,0.0562300,0.0529300,0.0530900,112643427,6143385.6098200,80594,2847174.3129200
1755648000000,0.0530800,0.0554500,0.0526400,0.0553200,139376333,7527490.9301400,97905,3694232.2166900
1755734400000,0.0553200,0.0555000,0.0529400,0.0533800,66020707,3569357.1698200,53708,1768406.3621600
1755820800000,0.0533700,0.0584500,0.0512600,0.0583100,142778904,7825359.6478200,112999,4006476.7932200
1755907200000,0.0583200,0.0584000,0.0564500,0.0571700,58681857,3363503.2563300,60887,1578091.3012500
1755993600000,0.0571600,0.0582700,0.0547300,0.0556200,104573749,5870008.1409000,82380,2783779.7162700
1756080000000,0.0556300,0.0561500,0.0502600,0.0511000,138162669,7314867.4021300,105056,3424386.3261200
1756166400000,0.0511000,0.0544400,0.0504800,0.0540000,83059008,4350590.7027800,70599,2180407.3618800
1756252800000,0.0539900,0.0548200,0.0531300,0.0537900,87399338,4711414.4769500,67735,2328150.3223300
1756339200000,0.0537800,0.0569000,0.0533700,0.0568900,75828648,4184118.7914400,66509,2168771.5207800
1756425600000,0.0568900,0.0709900,0.0547300,0.0561400,1958559693,122507072.8079900,983670,60144325.7306000
1756512000000,0.0561400,0.0585500,0.0549700,0.0562400,462046363,26219981.9909500,242540,12826818.2896200
1756598400000,0.0562300,0.0562400,0.0527500,0.0528100,222440661,12079173.6239800,127383,5540171.2277700
1756684800000,0.0528000,0.0541600,0.0495000,0.0508200,292416164,15214648.0131600,184023,7326228.6602000
1756771200000,0.0508100,0.0525900,0.0503800,0.0521300,156446846,8058835.9541200,113943,3907524.7210900
1756857600000,0.0521300,0.0530400,0.0508600,0.0522800,103343102,5360117.5625700,85229,2594883.2257900
1756944000000,0.0522800,0.0535200,0.0497300,0.0504300,128878102,6633650.9923700,100884,3245937.6119200
1757030400000,0.0504200,0.0522400,0.0502300,0.0515700,94938319,4865485.4083700,85314,2357301.8483700
1757116800000,0.0515700,0.0515800,0.0505700,0.0510300,47698066,2436384.9947500,46529,1180042.8254800
1757203200000,0.0510300,0.0530700,0.0506300,0.0516500,92872647,4770469.6558900,65703,2347706.4864300
1757289600000,0.0516500,0.0543000,0.0513800,0.0542200,197167116,10396284.9205600,122986,5142377.9584800
1757376000000,0.0542100,0.0569400,0.0531200,0.0541500,277586355,15172801.5778500,186044,7489252.7146700
1757462400000,0.0541600,0.0553400,0.0533800,0.0546100,126793567,6893627.3382300,88954,3390438.6499300
1757548800000,0.0546000,0.0562000,0.0535800,0.0552300,147737721,8112290.3426300,94027,3869907.7050900
1757635200000,0.0552300,0.0562400,0.0541200,0.0562200,144568801,7981388.4267800,89508,3777156.8079600
1757721600000,0.0562200,0.0570800,0.0551700,0.0568600,108205259,6088507.0969200,75605,2876205.5826400
1757808000000,0.0568600,0.0570300,0.0538800,0.0547100,89720141,4967849.9384800,70323,2236817.0784800
1757894400000,0.0547100,0.0552700,0.0513600,0.0528000,100030127,5310546.8463300,81204,2490793.1559700
1757980800000,0.0527900,0.0534000,0.0514200,0.0531100,62809489,3306787.5381000,59594,1629958.5492400
1758067200000,0.0531100,0.0553800,0.0518300,0.0550200,88645064,4704661.6405900,76037,2379153.5320200
1758153600000,0.0550400,0.0572900,0.0545400,0.0562500,107328956,5997519.5116600,69143,2852484.3251400
1758240000000,0.0562500,0.0571500,0.0531000,0.0536200,109022093,5953960.8004900,67031,2898444.7063700
1758326400000,0.0536100,0.0542300,0.0527100,0.0535900,82430532,4398579.6077300,47562,2205740.4020200
1758412800000,0.0535900,0.0544800,0.0527000,0.0527200,123918627,6633707.2156200,73967,3285236.9048400
1758499200000,0.0527300,0.0530200,0.0469400,0.0488700,224463906,11197718.2878600,132108,5367864.1267900
1758585600000,0.0488700,0.0501800,0.0470300,0.0490000,114260009,5555045.9831800,73829,2861997.1791600
1758672000000,0.0490000,0.0502800,0.0479000,0.0493200,89426818,4408394.9145700,55996,2105889.9857000
1758758400000,0.0493100,0.0493400,0.0455400,0.0462700,154023195,7303660.9386400,93469,3586867.4622700
1758844800000,0.0462800,0.0480300,0.0458700,0.0477300,79405698,3719923.2781300,68849,1865532.6659600
1758931200000,0.0477300,0.0481500,0.0468600,0.0472500,52028858,2471895.3470500,37582,1282664.9429900
1759017600000,0.0472500,0.0485900,0.0458900,0.0484700,49939120,2346246.7749900,37982,1194632.6264000
1759104000000,0.0484700,0.0484800,0.0461600,0.0471000,79874050,3777789.8921600,49756,1768671.2642400
1759190400000,0.0471000,0.0472800,0.0451100,0.0466900,103647156,4790260.2034500,59842,2315266.3060800
1759276800000,0.0466900,0.0496000,0.0462800,0.0493900,113870176,5493716.3470300,74454,2582023.7670900
1759363200000,0.0494100,0.0504800,0.0484100,0.0501000,133999611,6660381.7451000,72520,3073655.7769500
1759449600000,0.0501000,0.0511000,0.0488700,0.0502600,150192418,7461350.6930200,84823,3707302.7960000
1759536000000,0.0502700,0.0503300,0.0477100,0.0483400,78568226,3841243.1994100,51722,1647871.3394900
1759622400000,0.0483400,0.0502500,0.0477100,0.0480900,99097353,4843219.2138500,61649,2333257.1746400
1759708800000,0.0480900,0.0504800,0.0476000,0.0499500,79607017,3924943.4666300,55507,1929907.1011100
1759795200000,0.0499600,0.0501700,0.0467300,0.0471200,134076364,6465911.8839100,75837,3056419.3425700
1759881600000,0.0471200,0.0491500,0.0465200,0.0487100,79991094,3821915.6794400,57062,1843637.4639200
1759968000000,0.0487100,0.0487800,0.0458700,0.0473500,124310365,5860140.3699600,75555,2867150.2674400
1760054400000,0.0473400,0.0481100,0.0174400,0.0330800,499317793,17850176.9824600,229574,8039549.4915700
1760140800000,0.0330800,0.0349800,0.0313000,0.0324900,283152119,9478469.9890500,188293,4331113.2149200
1760227200000,0.0324900,0.0366600,0.0318300,0.0360000,199644938,6740811.3243200,96892,3530081.7126700
1760313600000,0.0359900,0.0388100,0.0353600,0.0383800,209870840,7738077.7579900,100870,3882481.8473600
1760400000000,0.0383800,0.0386400,0.0338700,0.0360900,222521231,7905970.3426200,104864,3908595.0071400
1760486400000,0.0360800,0.0371200,0.0337000,0.0343500,143612190,5080358.1862500,69131,2414134.7319500
1760572800000,0.0343600,0.0351300,0.0320500,0.0327900,232273653,7803471.1499800,95339,3881191.1220500
1760659200000,0.0327900,0.0333100,0.0301900,0.0318300,270228828,8565723.9370200,103890,4193800.3180100
1760745600000,0.0318300,0.0327000,0.0317200,0.0324000,68260094,2202313.5259300,31193,1165604.8476500
1760832000000,0.0323900,0.0337600,0.0317500,0.0332900,109559828,3594512.2866600,46448,1834842.1887800
1760918400000,0.0332800,0.0343500,0.0324600,0.0334000,105678964,3547587.1269700,46701,1687603.6437800
1761004800000,0.0334000,0.0348800,0.0318900,0.0324000,112867083,3751802.5629000,66007,1852572.6572700
1761091200000,0.0323900,0.0330600,0.0304500,0.0315900,142268922,4583736.4082100,62569,2217558.9902700
1761177600000,0.0315900,0.0331300,0.0314500,0.0326700,59094832,1911902.1669200,28413,971714.0758400
1761264000000,0.0326700,0.0338200,0.0323900,0.0334900,78376970,2590288.6131400,34792,1296510.6754700
1761350400000,0.0334800,0.0338100,0.0330500,0.0335000,35739296,1193206.4449100,19347,592047.1003500
1761436800000,0.0334800,0.0352200,0.0332200,0.0350300,76923115,2638601.0690800,32886,1305154.7393200
1761523200000,0.0350300,0.0355400,0.0338500,0.0341900,82891715,2880155.0169400,40517,1343408.7430800
1761609600000,0.0341900,0.0399900,0.0319400,0.0325500,1218871890,44434088.5128100,402780,21287586.1740100
1761696000000,0.0325500,0.0342500,0.0320900,0.0330500,300171798,9874353.1562700,109350,4975665.9222000
1761782400000,0.0330500,0.0334800,0.0292400,0.0303100,214456520,6687951.6983600,105922,3228799.9529100
1761868800000,0.0303100,0.0314100,0.0300300,0.0308500,137324802,4222796.9118200,71677,2135324.7651700
1761955200000,0.0308500,0.0315400,0.0304200,0.0313300,83438847,2595713.1454400,47888,1205977.2232200
1762041600000,0.0313300,0.0316800,0.0299100,0.0308700,100381411,3087949.7544700,51651,1557279.0569700
1762128000000,0.0308700,0.0310400,0.0258400,0.0268800,283133608,7866740.7839000,124581,3584943.9562400
1762214400000,0.0268800,0.0278000,0.0249700,0.0267900,343958799,9146817.0503200,147897,4640601.0994700
1762300800000,0.0267900,0.0280300,0.0256000,0.0278600,142852236,3851018.8409900,82884,1956304.1497900
1762387200000,0.0278500,0.0282300,0.0262300,0.0275800,134813808,3682992.3967300,77077,1829124.8893900
1762473600000,0.0275700,0.0313000,0.0271100,0.0307700,178716999,5189911.6211800,103313,2682070.7329900
1762560000000,0.0307700,0.0313200,0.0293200,0.0308100,145944408,4416769.2615700,70246,2181436.6079800
1762646400000,0.0308000,0.0312800,0.0289400,0.0308500,127146600,3838688.2106400,61984,1803074.0163700
1762732800000,0.0308400,0.0315500,0.0301600,0.0310800,106772171,3299856.2188200,60287,1580414.4191300
1762819200000,0.0310800,0.0316500,0.0292500,0.0295500,167056136,5092037.8148600,88936,2348273.4406100
1762905600000,0.0295500,0.0312000,0.0286600,0.0291300,166756892,4974774.6485900,71702,2438189.7161500
1762992000000,0.0291300,0.0300800,0.0274100,0.0281900,135253230,3918539.2734400,82519,1960061.5089100
1763078400000,0.0281800,0.0284500,0.0263900,0.0271500,167509848,4610716.1712800,91914,2222058.2438300
1763164800000,0.0271400,0.0281300,0.0271000,0.0275200,69161194,1911336.0176200,40284,990096.7379100
1763251200000,0.0275200,0.0278800,0.0259900,0.0266400,118210337,3173913.4208300,62320,1618881.2812900
1763337600000,0.0266400,0.0275800,0.0253300,0.0256000,174380931,4574828.6640000,82442,2234036.9033800
1763424000000,0.0256000,0.0264100,0.0248000,0.0259800,189035566,4824895.1432100,84581,2393637.6912100
1763510400000,0.0259800,0.0260800,0.0234500,0.0246200,163916085,4045279.4739500,73009,1955098.1466800
1763596800000,0.0246200,0.0262700,0.0233100,0.0241400,219317773,5420991.8103900,91876,2771728.7452600
1763683200000,0.0241300,0.0247200,0.0211400,0.0230400,298751217,6776059.1816300,130187,3271767.7844700
1763769600000,0.0230500,0.0232800,0.0221400,0.0226900,86303488,1953404.8138500,50017,960802.3855900
1763856000000,0.0226900,0.0232100,0.0224600,0.0225200,98017912,2236442.4709100,38110,1038838.2873300
1763942400000,0.0225200,0.0240400,0.0222600,0.0236700,122230075,2809296.1421300,43970,1395602.9628100
1764028800000,0.0236800,0.0239500,0.0228300,0.0237400,70610738,1651846.1941600,28845,821321.7198300
1764115200000,0.0237400,0.0241600,0.0230200,0.0241000,79372137,1873945.9930000,34156,951295.0348600
1764201600000,0.0241000,0.0246000,0.0237600,0.0242400,151456860,3651016.6448500,43768,1781763.4475000
1764288000000,0.0242500,0.0250600,0.0237100,0.0244400,154913380,3764146.7002900,57245,1932429.2633700
1764374400000,0.0244400,0.0247200,0.0236700,0.0239300,61403230,1489972.1314500,29783,723043.0817900
1764460800000,0.0239300,0.0243300,0.0234900,0.0235600,46622940,1120843.4001500,31653,530509.9671400
1764547200000,0.0235600,0.0236600,0.0215100,0.0226400,149727319,3343769.5370400,48316,1505030.4808300
1764633600000,0.0226500,0.0242200,0.0220900,0.0239700,80160869,1846967.3835000,29527,920002.1018600
1764720000000,0.0239800,0.0246100,0.0234500,0.0243100,85269439,2055319.5421500,34131,981629.0384300
1764806400000,0.0243100,0.0245200,0.0231100,0.0235300,84311499,2018988.7514600,27563,1024458.0638600
1764892800000,0.0235400,0.0238600,0.0221000,0.0227800,119082612,2756494.2956200,36175,1371275.5917800
1764979200000,0.0227800,0.0236000,0.0226600,0.0233100,57734457,1329601.3362000,24236,627097.7408900
1765065600000,0.0233100,0.0236100,0.0217100,0.0224100,90587253,2050800.7700900,33481,985744.4258000
1765152000000,0.0224200,0.0232000,0.0223100,0.0226300,86880477,1976664.0722200,29944,954918.7445000
1765238400000,0.0226300,0.0247400,0.0221700,0.0240700,118857205,2783488.8781500,37118,1378872.7211200
1765324800000,0.0240800,0.0243700,0.0229000,0.0230000,110644943,2604695.8845900,40707,1104681.7349900
1765411200000,0.0229900,0.0230700,0.0218400,0.0224900,86566887,1927189.4390200,33411,1000956.4004700
1765497600000,0.0225000,0.0225900,0.0210900,0.0220100,93334768,2042500.3033600,34563,1047247.7378000
1765584000000,0.0220100,0.0223900,0.0220000,0.0222200,44769814,994210.5561800,18278,478071.6785000
1765670400000,0.0222200,0.0222600,0.0208500,0.0210900,70642851,1520874.5359400,28753,757503.6300300
1765756800000,0.0211000,0.0217800,0.0194100,0.0204100,108538143,2223555.1718500,43291,1091265.2842900
1765843200000,0.0204100,0.0206800,0.0198800,0.0202100,85197843,1722002.2362700,29804,828927.5863200
1765929600000,0.0202100,0.0205500,0.0187900,0.0190200,147733010,2910764.6211400,46228,1469420.1215900
1766016000000,0.0190300,0.0196300,0.0176100,0.0180400,151890413,2806626.4166500,41767,1383670.2370800
1766102400000,0.0180400,0.0197000,0.0177200,0.0195000,107391052,2019337.1476900,36839,983552.2526400
1766188800000,0.0195000,0.0220600,0.0194400,0.0212800,321453249,6653675.9605400,82621,3344542.1786300
1766275200000,0.0212900,0.0219900,0.0198800,0.0201300,413323885,8581632.3257600,107141,4095454.3409000
1766361600000,0.0201400,0.0206100,0.0194500,0.0198400,122643628,2453225.4946500,48081,1229955.5749900
1766448000000,0.0198300,0.0199600,0.0190000,0.0196000,85144491,1659983.9262100,31928,845104.9703800
1766534400000,0.0196100,0.0197300,0.0189900,0.0196100,61004961,1178953.6989600,26012,583166.1428600
1766620800000,0.0196100,0.0199800,0.0192300,0.0192700,56734496,1117346.0816900,19921,537728.1710000
1766707200000,0.0192700,0.0200200,0.0190200,0.0193200,185091567,3589901.1265500,35094,1694698.4961100
1766793600000,0.0193300,0.0206300,0.0193000,0.0202900,215298033,4346350.6308700,58364,2186477.8252800
1766880000000,0.0203000,0.0222400,0.0201700,0.0203600,515586339,10819009.7077400,139523,5407918.3753700
1766966400000,0.0203600,0.0238000,0.0203600,0.0210900,1640840010,35973544.3854700,386166,17995683.4980300
1767052800000,0.0210900,0.0210900,0.0197400,0.0206000,224130168,4551568.5255800,68223,2017924.2370700
1767139200000,0.0206000,0.0206100,0.0193100,0.0195200,128607541,2557749.7117100,42122,1173464.2985900
1767225600000,0.0195200,0.0205000,0.0194900,0.0204800,100402285,2009031.9109000,37879,1007441.3167200
1767312000000,0.0204800,0.0211600,0.0198500,0.0210900,167509104,3443700.2728600,57318,1595569.1565300
1767398400000,0.0210900,0.0212800,0.0204300,0.0212500,83394717,1744463.0656200,33346,815876.7732600
1767484800000,0.0212500,0.0219400,0.0211500,0.0217000,107614697,2317228.3418900,40055,1045278.8736700
1767571200000,0.0217000,0.0233000,0.0215300,0.0222600,302324453,6726494.6438300,104070,3221075.4596100
1767657600000,0.0222700,0.0227400,0.0214400,0.0225600,165081716,3662772.8921500,55789,1767997.7728700
1767744000000,0.0225600,0.0232600,0.0215400,0.0219200,214860158,4794407.1885400,65962,2443975.6922100
1767830400000,0.0219300,0.0234300,0.0216300,0.0224500,309980883,6951656.6531500,90703,3374637.9359900
1767916800000,0.0224500,0.0251200,0.0222600,0.0228900,629683491,14735085.6807800,188845,7337435.6047200
1768003200000,0.0228800,0.0229800,0.0222700,0.0224400,133778815,3026415.7404200,59318,1417082.4972800
1768089600000,0.0224400,0.0224400,0.0212000,0.0217300,135080255,2967366.9916000,55327,1320146.9615000
1768176000000,0.0217300,0.0220200,0.0208300,0.0212100,119137551,2544425.6258700,51721,1201168.0365500
1768262400000,0.0211900,0.0231300,0.0210000,0.0229300,231647827,5039201.1731200,72243,2507328.2103500
1768348800000,0.0229300,0.0253800,0.0227400,0.0239400,459921174,11165758.6462700,167258,5383004.1430300
1768435200000,0.0239400,0.0239500,0.0218000,0.0222500,142709343,3250332.2667500,56305,1543815.5063000
1768521600000,0.0222500,0.0238200,0.0219500,0.0235300,136482245,3105823.6288400,48325,1468116.7328600
1768608000000,0.0235300,0.0264000,0.0232800,0.0248200,714568807,17985793.5848900,200356,8473815.3019900
1768694400000,0.0248100,0.0278600,0.0241400,0.0244700,991297654,25509292.8434100,301623,12288298.1544200
1768780800000,0.0244700,0.0244800,0.0218300,0.0223300,395773400,9086548.4679400,171109,4229762.4977100
1768867200000,0.0223200,0.0232000,0.0202800,0.0204200,353900041,7750888.5114400,121669,3767016.6985500
1768953600000,0.0204300,0.0214700,0.0199600,0.0209600,228478767,4753091.7328000,79292,2391030.6584700
1769040000000,0.0209600,0.0237700,0.0209600,0.0217300,566153612,12684471.2742000,171413,6183349.1085700
1769126400000,0.0217300,0.0234800,0.0213600,0.0219500,376634501,8416296.5333300,115167,3966133.0094300
1769212800000,0.0219600,0.0221600,0.0211600,0.0214500,107780989,2326705.3440300,38775,1089361.4542300
1769299200000,0.0214500,0.0224600,0.0200900,0.0204100,244260241,5213637.3704100,69585,2517505.8064200
1769385600000,0.0204300,0.0218000,0.0203000,0.0217700,167280982,3517520.8666400,52958,1605525.4216400
1769472000000,0.0217700,0.0219700,0.0206000,0.0214800,107807056,2289484.2610000,36442,1108957.6803400
1769558400000,0.0214800,0.0214900,0.0207700,0.0210400,87162895,1839474.5502900,32610,870578.7864200
1769644800000,0.0210400,0.0211200,0.0189700,0.0193500,135667336,2694656.1366000,54541,1242559.5637000
1769731200000,0.0193600,0.0194600,0.0184600,0.0192600,144534928,2747988.7072300,51206,1317460.2162800
1769817600000,0.0192600,0.0192600,0.0155600,0.0172300,226114161,3925073.5840700,67992,1890740.1527400
1769904000000,0.0172200,0.0186300,0.0168200,0.0172200,263585272,4703978.5664700,64940,2361020.5326100
1769990400000,0.0172200,0.0179900,0.0165600,0.0179000,163800894,2839092.4588300,45539,1475267.7400600
1770076800000,0.0178900,0.0180500,0.0165500,0.0172500,140716332,2458757.4690200,42453,1222570.1647200
1770163200000,0.0172400,0.0176600,0.0163500,0.0168100,130725032,2219148.0458700,37964,1071601.2015400
1770249600000,0.0168100,0.0170700,0.0136000,0.0136600,311450978,4750446.1746200,68428,2240361.2137000
1770336000000,0.0136600,0.0154700,0.0122400,0.0151800,264671262,3661729.9405200,62070,1860564.4143700
1770422400000,0.0151900,0.0155300,0.0145500,0.0152700,110059347,1655203.8056800,33380,835311.6379700
1770508800000,0.0152700,0.0156200,0.0146300,0.0148100,88334270,1335586.3510400,23258,680378.5394700
1770595200000,0.0148200,0.0151800,0.0142700,0.0147200,80882589,1188696.3396700,20667,574120.2508300
1770681600000,0.0147300,0.0148800,0.0140800,0.0142600,66893598,962187.0276600,18706,490513.6422400
1770768000000,0.0142600,0.0145300,0.0136600,0.0143700,103867318,1464774.6697800,27258,704484.5174600
1770854400000,0.0143800,0.0156800,0.0143800,0.0152500,195693390,2941497.2497900,40583,1441326.5249800
1770940800000,0.0152500,0.0164700,0.0148500,0.0161700,195295235,3059247.6159000,39035,1411172.5519900
1771027200000,0.0161700,0.0167400,0.0160200,0.0163900,90036747,1469584.9833500,24070,764087.7687400
1771113600000,0.0164000,0.0164400,0.0152100,0.0153900,98892973,1566854.4681500,27151,727749.8186000
1771200000000,0.0154000,0.0158500,0.0152300,0.0156300,93158949,1447297.4224900,21923,744247.7893700
1771286400000,0.0156300,0.0156900,0.0151900,0.0154200,63825713,986968.2847600,18103,509234.8836600
1771372800000,0.0154300,0.0154800,0.0144900,0.0146500,73253200,1099064.9922100,18933,543581.6437700
1771459200000,0.0146600,0.0147900,0.0139600,0.0145600,69498581,998172.6639300,18367,509655.6236400
1771545600000,0.0145600,0.0154800,0.0144900,0.0152400,191061098,2874003.5068700,44243,1427324.8453300
1771632000000,0.0152400,0.0166900,0.0151400,0.0156600,496303384,7908024.2888200,83492,3811928.0503000
1771718400000,0.0156500,0.0156500,0.0147400,0.0151000,175880885,2652024.2257100,41267,1290454.6443400
1771804800000,0.0151000,0.0153900,0.0139400,0.0142400,188675155,2758558.0991500,44999,1280110.8754100
1771891200000,0.0142300,0.0147000,0.0138500,0.0143800,138477867,1983932.1343600,29462,961279.1752200
1771977600000,0.0143700,0.0159900,0.0142800,0.0153300,148557617,2233311.7693700,34538,1206216.0522000
1772064000000,0.0153300,0.0154800,0.0143100,0.0146600,110633597,1646110.8961700,25849,789111.1250200
1772150400000,0.0146500,0.0149100,0.0137900,0.0140900,146180144,2104081.3830100,29589,1030608.4777700
1772236800000,0.0140900,0.0145600,0.0130800,0.0145000,186115640,2580244.5765500,38967,1212128.3891300
1772323200000,0.0145000,0.0148700,0.0135700,0.0138900,160030800,2278195.4264600,32153,1133021.0896200
1772409600000,0.0139000,0.0145400,0.0136900,0.0141000,150902209,2127974.9349800,33401,965202.0777600
1772496000000,0.0141000,0.0141000,0.0132800,0.0135700,121053602,1652119.3602700,29860,779520.3279200
1772582400000,0.0135800,0.0142500,0.0132400,0.0139400,121673732,1674153.0285900,33770,848779.1229300
1772668800000,0.0139400,0.0144500,0.0135700,0.0139600,128694495,1805922.6475600,26821,849235.6806200
1772755200000,0.0139500,0.0142500,0.0133700,0.0135600,103029293,1420587.8942400,21167,672878.1102000
1772841600000,0.0135600,0.0135600,0.0129100,0.0130000,69254041,915218.3024300,14981,424628.5030000
1772928000000,0.0130000,0.0133700,0.0126800,0.0127800,98227070,1278520.6668000,19422,618446.8920800
1773014400000,0.0127800,0.0132800,0.0127100,0.0128800,111945610,1456004.3515400,19627,776427.6083900
1773100800000,0.0128900,0.0133400,0.0128300,0.0131000,128471048,1676005.7030100,20204,870454.9403300
1773187200000,0.0131100,0.0142700,0.0129700,0.0140800,536785147,7342266.3774100,72095,3531222.3093600
1773273600000,0.0140900,0.0141200,0.0134600,0.0137000,169593173,2331961.7591400,34813,1134116.6068800
1773360000000,0.0137000,0.0144400,0.0135800,0.0137600,182529440,2538989.3999500,33422,1196931.9039600
1773446400000,0.0137700,0.0139500,0.0133400,0.0134700,116381303,1577850.6436200,28221,772434.2798200
1773532800000,0.0134800,0.0136200,0.0132500,0.0135500,137358767,1846032.3243100,23809,888782.9822000
1773619200000,0.0135500,0.0146000,0.0134400,0.0144700,384449494,5472852.3513600,57523,2679396.5317300
1773705600000,0.0144700,0.0147500,0.0140100,0.0144700,183244610,2648392.7964100,41561,1318065.1201000
1773792000000,0.0144700,0.0147800,0.0135300,0.0136400,156033223,2217769.5199100,32488,1052585.0153000
1773878400000,0.0136400,0.0136800,0.0130600,0.0133200,125169361,1668378.1203300,18298,774763.1952100
1773964800000,0.0133200,0.0136000,0.0131300,0.0133900,124988941,1670657.2031500,19079,814977.7244000
1774051200000,0.0133800,0.0134700,0.0129200,0.0130000,79973000,1062915.3775800,13497,485310.2188400
1774137600000,0.0130100,0.0131100,0.0124400,0.0126000,83750464,1076248.1468800,18330,505509.3763700
1774224000000,0.0126100,0.0133000,0.0125500,0.0131800,114672675,1483016.6235200,19037,790806.2376400
1774310400000,0.0131800,0.0133500,0.0127800,0.0129900,96090410,1255396.6434700,23705,577010.8255200
1774396800000,0.0130000,0.0131800,0.0129300,0.0131600,70186581,917250.2415700,13792,448864.7016900
1774483200000,0.0131600,0.0132400,0.0122900,0.0124400,88415912,1115364.9315800,16081,507610.0721400
1774569600000,0.0124400,0.0125700,0.0119800,0.0120600,73512358,900196.5919800,14752,424301.2159600
1774656000000,0.0120500,0.0122600,0.0118700,0.0119800,48037065,579124.8784600,12595,311237.0972500
1774742400000,0.0119800,0.0119900,0.0114600,0.0117100,65454677,769630.1557600,13481,386554.0709900
1774828800000,0.0117100,0.0121100,0.0116200,0.0116800,68136425,810455.9024600,12991,374937.7631800
1774915200000,0.0116800,0.0120500,0.0116000,0.0119700,80858839,957661.8921700,14771,472994.4021500
1775001600000,0.0119700,0.0127800,0.0118500,0.0125400,139795075,1732109.4534100,24330,875004.9579900
1775088000000,0.0125500,0.0126500,0.0117400,0.0118900,113420529,1360124.0918400,20596,631463.5831900
1775174400000,0.0118900,0.0124900,0.0117900,0.0121800,116603704,1425740.1132600,21078,717385.7487800
1775260800000,0.0121800,0.0123600,0.0119400,0.0121600,88880001,1081098.3149600,16083,534277.6589900
1775347200000,0.0121700,0.0123600,0.0119400,0.0123100,219139354,2667679.0572400,32044,1336695.8284500
1775433600000,0.0123200,0.0128000,0.0122000,0.0125000,149079461,1868578.9474800,23684,920179.0129500
1775520000000,0.0125000,0.0137500,0.0120300,0.0130000,687951558,8713679.0110400,89371,4243382.6714100
1775606400000,0.0130000,0.0130000,0.0124000,0.0124300,97058284,1233142.2960000,21502,608142.3084000
1775692800000,0.0124200,0.0133400,0.0123200,0.0126100,185909921,2365297.5754200,31305,1265629.4900700
1775779200000,0.0126300,0.0129000,0.0123500,0.0126900,98779416,1247630.7265900,17791,579496.6481400
1775865600000,0.0127000,0.0129100,0.0124900,0.0126900,85750518,1087437.9847300,17713,526899.2415300
1775952000000,0.0126900,0.0127100,0.0120200,0.0120600,88601971,1090482.9423400,18050,543314.2828500
1776038400000,0.0120600,0.0130000,0.0120300,0.0128500,117569370,1457508.3533600,20511,733497.2451400
1776124800000,0.0128500,0.0128700,0.0123700,0.0125700,109696735,1380420.6758600,19484,712456.2091300
1776211200000,0.0125700,0.0132900,0.0125600,0.0131300,169953835,2205645.8115900,29650,1058358.7781500
1776297600000,0.0131300,0.0137700,0.0130000,0.0136700,158762978,2115335.1553300,32826,1011870.7153400
1776384000000,0.0136800,0.0143900,0.0134700,0.0138000,324488724,4522758.6868900,51634,2205442.9641300
1776470400000,0.0138100,0.0159400,0.0135900,0.0136600,809414805,11721575.1094000,113751,5652699.0718000
1776556800000,0.0136700,0.0136800,0.0126500,0.0127700,167620198,2205948.0622700,32898,984776.8686700
1776643200000,0.0127800,0.0138200,0.0127800,0.0133700,144451578,1918034.8876300,28510,927247.1470800
1776729600000,0.0133700,0.0135000,0.0129800,0.0133100,79295832,1053032.0023600,17812,524604.6990100
1776816000000,0.0133200,0.0137200,0.0131300,0.0131400,92516044,1249576.6559900,24157,598328.8852100
1776902400000,0.0131400,0.0133100,0.0128300,0.0132900,90535865,1177389.1900300,17216,607880.1229000
1776988800000,0.0132900,0.0141200,0.0132400,0.0138500,154994316,2119688.7859200,28761,1060027.1110600
1777075200000,0.0138400,0.0153400,0.0138200,0.0141900,687418028,10076747.9818000,98846,5009378.8094600
1777161600000,0.0141900,0.0142100,0.0136300,0.0138000,158609813,2204490.7743500,31494,1049407.0179300
1777248000000,0.0138100,0.0139400,0.0131300,0.0133900,124034264,1671589.0591900,23272,819128.7194900
1777334400000,0.0134000,0.0135800,0.0132200,0.0133900,87881420,1178519.5253500,18643,606706.6966400
1777420800000,0.0133900,0.0135700,0.0126900,0.0131000,91537646,1210602.9780900,19146,531544.4733800
1777507200000,0.0131000,0.0135400,0.0129900,0.0131800,105306355,1398523.9198000,19440,637344.6737700
1777593600000,0.0131800,0.0135200,0.0130500,0.0133300,89445236,1190316.2762600,17540,642871.6599400
1777680000000,0.0133400,0.0138600,0.0132600,0.0137700,141802657,1927657.8196200,25939,973175.5422300
1777766400000,0.0137700,0.0138900,0.0133400,0.0136100,116635436,1582921.3918500,21015,774266.1638800
1777852800000,0.0136100,0.0138900,0.0132900,0.0134400,114946112,1559041.6579800,23661,730191.9937900
1777939200000,0.0134500,0.0138300,0.0134500,0.0137700,129575419,1769142.5551700,22854,839801.9710900
1778025600000,0.0137700,0.0142500,0.0136600,0.0139400,205076824,2853942.9246500,32446,1433691.5679700
1778112000000,0.0139400,0.0147400,0.0139000,0.0143900,697432646,10019884.5861700,96377,5034356.1212000
1778198400000,0.0143900,0.0148500,0.0140300,0.0147700,196753343,2829837.0604400,38512,1386979.3590600
1778284800000,0.0147800,0.0151100,0.0144600,0.0145700,141406846,2091511.4408600,27610,962519.6515600
1778371200000,0.0145700,0.0154800,0.0143600,0.0153100,207794718,3118827.7147700,40167,1508012.7232300
1778457600000,0.0153100,0.0156000,0.0147900,0.0154800,218743748,3337301.2003200,38164,1564293.7771400
1778544000000,0.0154900,0.0155100,0.0141700,0.0145700,174832703,2579410.1187200,35526,1154111.8359400
1778630400000,0.0145500,0.0150700,0.0135000,0.0136800,164859061,2351626.6905700,33380,1086398.9290500
1778716800000,0.0136800,0.0142300,0.0133800,0.0138400,104803072,1444126.8837200,22743,702787.4502700
1778803200000,0.0138500,0.0139500,0.0127600,0.0130600,138774097,1845061.2085000,25504,864198.2121100
1778889600000,0.0130600,0.0131900,0.0123700,0.0125900,91937701,1166274.4019500,19573,544967.2784700
1778976000000,0.0125900,0.0127100,0.0117800,0.0121700,87056130,1081591.9485300,18139,490943.2226900
1779062400000,0.0121600,0.0123900,0.0119500,0.0123200,110787401,1346100.1091100,20974,670283.2110400
1779148800000,0.0123200,0.0123900,0.0117900,0.0118800,90154236,1082448.9999100,17800,483962.1325300
1779235200000,0.0118800,0.0123500,0.0118400,0.0122700,71452838,864867.5232800,16684,434208.2815500
1779321600000,0.0122700,0.0127300,0.0121700,0.0126000,105843045,1319263.3879800,21197,702409.4822500
1779408000000,0.0126000,0.0127800,0.0120100,0.0120500,87324843,1088360.3701000,18139,507224.0615500
1779494400000,0.0120500,0.0128000,0.0117000,0.0125400,143280791,1746196.4811600,23785,834182.2247200
1779580800000,0.0125400,0.0125700,0.0118300,0.0120500,92451795,1126096.2054100,16296,535842.0274100
1779667200000,0.0120500,0.0123900,0.0119200,0.0120300,93612029,1137520.1197100,14315,524617.2203600
1779753600000,0.0120400,0.0121600,0.0115300,0.0116300,142570080,1686807.7064300,23067,765507.3058400
1779840000000,0.0116400,0.0119900,0.0113800,0.0114600,159593876,1859650.6419400,27228,903467.2845800
1779926400000,0.0114700,0.0115700,0.0108100,0.0112200,138740424,1547075.6698300,23358,764286.9259100
1780012800000,0.0112200,0.0113600,0.0108600,0.0111800,128523108,1428846.9556400,24430,730433.5469700
1780099200000,0.0111800,0.0116300,0.0111600,0.0113200,107076416,1220619.1561700,19885,587085.1858000
1780185600000,0.0113200,0.0119000,0.0112500,0.0117800,340586261,3949457.2059800,43408,1980348.2341000
1780272000000,0.0117800,0.0120300,0.0112700,0.0116200,252209198,2941892.8230100,37730,1440112.8333800
1780358400000,0.0116200,0.0116300,0.0102000,0.0104400,269018246,2934069.5172500,40467,1384056.3441600
1780444800000,0.0104400,0.0108000,0.0101500,0.0104200,194181851,2044366.7992500,33908,1000814.2773000
1780531200000,0.0104200,0.0105100,0.0094300,0.0097400,226499245,2225696.9263500,85029,1062917.1740000
1780617600000,0.0097400,0.0097800,0.0082700,0.0086200,652484413,5802012.4518300,67913,2796466.7628400
1780704000000,0.0086300,0.0087400,0.0080000,0.0086100,178336639,1513756.9502100,28595,763393.7932000
1780790400000,0.0086000,0.0090900,0.0084700,0.0088400,144463420,1262986.0822300,25547,641597.7463500
1780876800000,0.0088500,0.0094000,0.0086500,0.0090200,198763614,1803867.6979300,37117,909873.2394900
1780963200000,0.0090300,0.0090800,0.0085500,0.0086900,185575983,1631673.5474800,25986,784374.2800300
1781049600000,0.0086800,0.0087300,0.0081700,0.0083300,197448288,1678023.0507200,26901,824363.2355400
1781136000000,0.0083400,0.0088000,0.0083300,0.0086800,148563501,1274148.7034300,22987,649129.3366500
1781222400000,0.0086900,0.0089300,0.0085000,0.0086800,113369202,987159.5756300,20295,496147.4228600
1781308800000,0.0086800,0.0091500,0.0086500,0.0089000,155964732,1386996.1371100,21202,722636.0327200
1781395200000,0.0089000,0.0094400,0.0087300,0.0091700,384920004,3498169.9229600,48509,1737301.5423500
1781481600000,0.0091700,0.0094800,0.0090100,0.0091100,169340309,1560163.1060200,23373,775228.5351000
1781568000000,0.0091000,0.0092000,0.0087900,0.0089800,137706308,1240131.1090500,20508,629782.3948900
1781654400000,0.0089800,0.0092700,0.0088100,0.0089300,164671027,1482012.3698600,22142,721710.9276600
1781740800000,0.0089400,0.0089900,0.0082600,0.0085300,162431024,1396303.4899100,20294,654133.9429600
1781827200000,0.0085300,0.0087000,0.0083800,0.0085000,97552464,831219.6379200,14878,399534.1760000
1781913600000,0.0084900,0.0089300,0.0084100,0.0087700,186130762,1613238.4110300,27274,823241.6290700
1782000000000,0.0087700,0.0089600,0.0083700,0.0083800,141873443,1231696.2238100,18297,573155.9621100
1782086400000,0.0083800,0.0086800,0.0081800,0.0082800,132925757,1126829.1900700,26256,535079.5229200
1782172800000,0.0082700,0.0083200,0.0077500,0.0079100,162874820,1304676.6097900,20921,601445.2977600
1782259200000,0.0079000,0.0081000,0.0073700,0.0077000,233129677,1811846.7217900,33931,863474.1982400
1782345600000,0.0076900,0.0077900,0.0070900,0.0075000,246922060,1850608.9839400,24914,917351.4117300
1782432000000,0.0075100,0.0078700,0.0072000,0.0076900,222158135,1679549.5259700,23888,841616.2218800
1782518400000,0.0076900,0.0078000,0.0074000,0.0074500,120906634,919670.1371500,16011,450908.9902700
1782604800000,0.0074400,0.0076200,0.0073500,0.0074700,125469421,940954.2106000,14565,478861.5912300
1782691200000,0.0074600,0.0076200,0.0073100,0.0074000,164969104,1228608.1226300,17731,572245.0494200
1782777600000,0.0074000,0.0076600,0.0070400,0.0070700,286920989,2111784.1235300,25721,998773.9439800
1782864000000,0.0070600,0.0074700,0.0068800,0.0072400,270507578,1941526.9728200,22179,984061.6246900
1782950400000,0.0072500,0.0075400,0.0071900,0.0074400,179473848,1322481.7711900,17786,668708.9674200
1783036800000,0.0074400,0.0078400,0.0073900,0.0077100,196793091,1505149.0897000,20145,768846.2757600
1783123200000,0.0077200,0.0077900,0.0075700,0.0076800,131679833,1008532.8159300,13569,475577.0179800
1783209600000,0.0076800,0.0077800,0.0074200,0.0075800,142812264,1079530.7612900,13580,557165.1507400
1783296000000,0.0075800,0.0076100,0.0071900,0.0074500,176071390,1302254.5110700,16660,645895.0186700
1783382400000,0.0074500,0.0074900,0.0071540,0.0072300,266483524,1946932.6283340,54375,966535.9979820
1783468800000,0.0072310,0.0072850,0.0069950,0.0072350,313225748,2231913.4352280,45734,1092853.1798780
1783555200000,0.0072350,0.0072990,0.0070530,0.0071440,159706895,1144112.3730880,33673,547789.0680490
1783641600000,0.0071440,0.0072660,0.0070230,0.0072190,168243312,1206406.1235990,36890,607192.5878270
1783728000000,0.0072200,0.0074540,0.0071610,0.0072160,265269272,1939101.8428590,61589,952065.0467460
1783814400000,0.0072150,0.0073430,0.0070110,0.0070500,170268554,1221116.6956900,46403,573228.9888300
1783900800000,0.0070490,0.0071990,0.0066540,0.0067420,251828774,1740859.4923630,55623,831267.9149600
1783987200000,0.0067430,0.0070850,0.0067100,0.0069210,209905567,1440054.0468250,47931,706726.2070850
1784073600000,0.0069210,0.0070720,0.0068440,0.0069200,197040495,1369900.4913340,42605,697865.8455470
1784160000000,0.0069200,0.0069360,0.0066560,0.0068320,182221024,1241742.6519240,38295,608763.4690120
1784246400000,0.0068310,0.0069050,0.0066910,0.0067610,209735555,1427450.3725580,48100,718023.5862380
1784332800000,0.0067610,0.0067770,0.0064820,0.0066360,180386457,1191536.5881040,33894,559903.2662750
1784419200000,0.0066370,0.0066870,0.0064950,0.0065310,106191840,699295.1360530,22433,335746.0111280
1784505600000,0.0065300,0.0068700,0.0063830,0.0066250,369559760,2455900.9616990,76252,1237005.4617270
1784592000000,0.0066220,0.0072490,0.0065640,0.0068260,641705339,4447439.0916920,98189,2283485.3333240
1784678400000,0.0068250,0.0068620,0.0065470,0.0067140,195094067,1303346.6446410,31545,606464.1331390
1784764800000,0.0067150,0.0067150,0.0064510,0.0065020,172963636,1138532.1993860,39400,522937.9253990
1784851200000,0.0065010,0.0066090,0.0063930,0.0064430,217401755,1410727.3239750,43059,669066.0651370
1784937600000,0.0064440,0.0065220,0.0063680,0.0065060,103524243,667309.3495320,26859,310203.7638510
1785024000000,0.0065060,0.0066180,0.0064010,0.0065280,172744636,1125294.3724880,36981,551385.2632850
1785110400000,0.0065280,0.0065740,0.0060220,0.0061030,280482432,1771609.7619090,49349,843579.0448110
1785196800000,0.0061050,0.0061350,0.0059000,0.0059690,224959323,1348991.6193070,44295,657093.0210450
1785283200000,0.0059700,0.0060010,0.0055270,0.0056340,251761433,1448073.0101540,48003,679973.5666340
1785369600000,0.0056350,0.0059990,0.0055880,0.0057560,240858210,1402067.6213760,47081,698791.3186550
1785456000000,0.0057560,0.0058360,0.0055830,0.0057340,289910934,1651713.8140480,54775,796742.6451740
1785542400000,0.0057350,0.0057670,0.0054700,0.0055660,253965002,1428372.1487510,44025,672837.5224450
1785628800000,0.0055670,0.0056820,0.0054940,0.0056340,157208708,877131.7018580,29990,453546.6885720
1785715200000,0.0056350,0.0057170,0.0054150,0.0055760,247276962,1375892.0364110,45584,701685.9446300
1785801600000,0.0055760,0.0055890,0.0053760,0.0053830,201907705,1107117.1481700,27733,497174.0559480
1785888000000,0.0053790,0.0055400,0.0053430,0.0055170,264550645,1438514.5456290,40390,665623.4981590
1785974400000,0.0055170,0.0055630,0.0053020,0.0053520,347791993,1875495.4361130,40428,864591.8287140
1786060800000,0.0053530,0.0054470,0.0052270,0.0052530,309814281,1646730.4175330,50421,798197.3169740
1786147200000,0.0052530,0.0054320,0.0052150,0.0053220,247130211,1315395.9889090,32886,634537.9592650
1786233600000,0.0053220,0.0056990,0.0052780,0.0055430,594365605,3249462.9399420,82991,1674211.2532190
1786320000000,0.0055420,0.0055690,0.0052810,0.0053490,395466881,2144017.5423040,60238,1032540.8129140
1786406400000,0.0053490,0.0054200,0.0049640,0.0050490,439445600,2275466.5133880,50790,992496.0930860
1786492800000,0.0050500,0.0051380,0.0045790,0.0047800,466979916,2290363.6146780,56321,1042388.4672230
1786579200000,0.0047820,0.0049090,0.0047450,0.0048540,249777061,1204899.3409090,45320,629390.1854160
1786665600000,0.0048550,0.0051620,0.0047680,0.0050280,511113890,2529902.3182430,70377,1273421.7734420
1786752000000,0.0050270,0.0052150,0.0049250,0.0051070,341916144,1726037.8792050,52002,790526.6645540
1786838400000,0.0051070,0.0056060,0.0049560,0.0054120,1838059276,9705410.0762140,231755,4753698.6927370
1786924800000,0.0054120,0.0054120,0.0051110,0.0052240,597178839,3123533.0419680,82478,1446624.3225590
1787011200000,0.0052240,0.0052330,0.0049300,0.0052030,490784542,2496308.5457300,74396,1199836.7030700
1787097600000,0.0052040,0.0054840,0.0050890,0.0054530,482607441,2543964.6544350,84287,1189669.5568450
1787184000000,0.0054540,0.0056850,0.0053180,0.0056580,435539598,2408783.4002380,80599,1099106.2562680
1787270400000,0.0056570,0.0061600,0.0056250,0.0061230,618943885,3676823.4348110,109101,1760462.0296610
1787356800000,0.0061230,0.0071150,0.0057020,0.0063620,1769428209,11531449.7721190,328430,5537268.2729320
1787443200000,0.0063630,0.0067990,0.0059430,0.0066200,567395916,3591884.8005170,116915,1785814.1326440
1787529600000,0.0066180,0.0066630,0.0063660,0.0065710,426661270,2780452.9718790,109114,1324217.5444000
1787616000000,0.0065690,0.0067360,0.0062000,0.0063130,354866119,2313877.4576850,72834,1069538.4226230
1787702400000,0.0063140,0.0065110,0.0062110,0.0064550,225964350,1436719.4136350,34753,708083.2201260
1787788800000,0.0064580,0.0066770,0.0062890,0.0064570,219481156,1426948.7976320,40716,693595.0048040
1787875200000,0.0064580,0.0065790,0.0060810,0.0064320,278562445,1761404.7209380,46142,844597.6571770
1787961600000,0.0064320,0.0065730,0.0063150,0.0065000,189754763,1223875.2335660,38730,640225.7834410
1788048000000,0.0064980,0.0070000,0.0064700,0.0066570,655138851,4441629.5854880,88366,2077350.3486550
1788134400000,0.0066550,0.0069950,0.0065930,0.0066160,337211268,2285135.6074080,59612,1105852.7373370
1788220800000,0.0066130,0.0067270,0.0063190,0.0064190,253054396,1645575.5239520,42673,829264.4638780
1788307200000,0.0064180,0.0068890,0.0063420,0.0064950,424956084,2795729.5384530,66628,1377163.6732940
1788393600000,0.0064960,0.0068770,0.0064460,0.0066220,295885781,1968766.8785660,52520,897836.1370100
1788480000000,0.0066200,0.0066560,0.0063680,0.0066390,229383362,1497052.2772020,38702,696610.3710410
1788566400000,0.0066410,0.0068600,0.0065520,0.0068280,186920212,1259177.2164640,35210,668193.9031990
1788652800000,0.0068290,0.0069770,0.0066860,0.0069700,167624247,1148873.6972620,29333,531017.0801150
1788739200000,0.0069690,0.0074960,0.0069620,0.0072740,1034355916,7467221.8792620,140241,3751102.1985990
1788825600000,0.0072730,0.0075800,0.0070460,0.0075360,404152741,2960607.8161650,62249,1399898.4594770
1788912000000,0.0075360,0.0075490,0.0068740,0.0070570,343011217,2475831.3221360,54770,1167582.9566090
1788998400000,0.0070580,0.0070900,0.0065540,0.0065670,262786845,1797614.3169370,47294,851657.8029690
1789084800000,0.0065700,0.0069580,0.0064760,0.0068550,212440871,1428423.8999120,41398,670709.5775210
1789171200000,0.0068550,0.0074390,0.0068550,0.0073510,529150306,3821590.3149460,78741,1864824.3824520
1789257600000,0.0073530,0.0078360,0.0071540,0.0072740,600979027,4530353.2128620,95635,2251328.9941320
1789344000000,0.0072720,0.0075050,0.0070980,0.0071780,273651622,1996659.6470280,49033,950696.8607860
1789430400000,0.0071820,0.0075270,0.0068680,0.0071750,375434664,2704575.5528850,62517,1289319.9493850
1789516800000,0.0071750,0.0072770,0.0068090,0.0072640,239321272,1693188.4736670,44673,887494.7501080
1789603200000,0.0072670,0.0073030,0.0070640,0.0072530,196266004,1406963.7687700,31972,729617.9623020
1789689600000,0.0072510,0.0079330,0.0071470,0.0079330,389846181,2909080.0049160,46581,1497090.0474430
1789776000000,0.0079280,0.0084510,0.0077020,0.0084090,453204259,3657351.8225690,73254,1688025.1553090
1789862400000,0.0084110,0.0084820,0.0077940,0.0080140,253333106,2039233.7058640,47515,927952.0306480
1789948800000,0.0080110,0.0083990,0.0079010,0.0083630,265641615,2183399.1557420,52134,1105394.2890800
1790035200000,0.0083620,0.0085930,0.0080140,0.0085630,245265454,2028802.7625080,54069,973512.8540420
1790121600000,0.0085650,0.0089080,0.0079640,0.0080200,336934574,2853034.9169770,71320,1341048.2780040
1790208000000,0.0080200,0.0085150,0.0078340,0.0084210,200053021,1632469.2777450,44917,825639.2757130
1790294400000,0.0084280,0.0088370,0.0083850,0.0087560,283467281,2444881.6372360,57998,1247034.9281490
1790380800000,0.0087560,0.0091860,0.0087010,0.0090750,253844450,2269789.0426800,46544,1088822.8110870
1790467200000,0.0090740,0.0102570,0.0089670,0.0097350,1385219217,13453243.7978550,187001,6209572.5411560
1790553600000,0.0097310,0.0098000,0.0088140,0.0091390,517380871,4806183.7056620,87665,2178384.9093580
1790640000000,0.0091380,0.0092000,0.0086440,0.0088880,322155331,2866697.2852470,57675,1289104.1383440
1790726400000,0.0088920,0.0092960,0.0086280,0.0088490,308897257,2774382.1047230,61377,1297836.2267410
1790812800000,0.0088420,0.0090500,0.0084060,0.0087920,218709770,1909305.1258730,53585,903783.1188370
1790899200000,0.0087990,0.0096430,0.0086420,0.0091790,549792902,5036531.0180740,98891,2446929.1458310
