open_time,open,high,low,close,volume,quote_volume,trades,taker_buy_quote
1682640000000,0.7439000,0.7439000,0.6577000,0.6889000,49943200,34087859.8007000,117176,15743895.5382000
1682726400000,0.6885000,0.7312000,0.6733000,0.7048000,74166537,52156007.1419000,184130,24444901.2717000
1682812800000,0.7050000,0.7480000,0.7000000,0.7106000,108531719,78563768.8396000,265193,37359579.7885000
1682899200000,0.7109000,0.7155000,0.6070000,0.6257000,120622835,79425928.3912000,237861,36319650.1449000
1682985600000,0.6256000,0.6375000,0.6087000,0.6298000,67624571,42165705.5339000,129589,20075413.7260000
1683072000000,0.6297000,0.6315000,0.5507000,0.6112000,79853653,47155186.2041000,154260,21582172.9545000
1683158400000,0.6113000,0.6124000,0.5712000,0.5771000,32749982,19405910.3663000,72964,9397609.7085000
1683244800000,0.5772000,0.6058000,0.5636000,0.5948000,60107186,35201259.9512000,111422,16386137.6442000
1683331200000,0.5949000,0.6070000,0.5210000,0.5300000,82135987,45423711.2633000,130818,20013741.3234000
1683417600000,0.5301000,0.5387000,0.5029000,0.5149000,48113805,25040705.2893000,83997,11539077.1414000
1683504000000,0.5149000,0.5225000,0.4399000,0.4568000,83692911,39908010.2172000,155376,18509192.5528000
1683590400000,0.4568000,0.4998000,0.4504000,0.4898000,74605400,35630713.3263000,132135,17785444.3156000
1683676800000,0.4898000,0.5177000,0.4590000,0.4888000,87565547,42642704.9525000,154955,20739017.0189000
1683763200000,0.4887000,0.4888000,0.4325000,0.4574000,58673603,27210587.8342000,116406,13091482.5787000
1683849600000,0.4573000,0.4925000,0.4392000,0.4900000,70966035,32883715.1727000,133776,16112110.9827000
1683936000000,0.4899000,0.4994000,0.4640000,0.4769000,48827381,23263792.6379000,110283,11039662.0030000
1684022400000,0.4764000,0.4949000,0.4675000,0.4812000,43231726,20813403.4629000,106448,10070821.4156000
1684108800000,0.4812000,0.4948000,0.4685000,0.4847000,49936603,24217862.7627000,114658,11462268.2889000
1684195200000,0.4846000,0.4888000,0.4604000,0.4687000,32254882,15276326.1064000,76908,7182800.0448000
1684281600000,0.4688000,0.4923000,0.4478000,0.4828000,65594330,30954398.9210000,141283,15014317.6563000
1684368000000,0.4828000,0.4868000,0.4549000,0.4666000,46916211,22159226.6627000,113664,10591089.7097000
1684454400000,0.4667000,0.4784000,0.4581000,0.4761000,37255834,17429818.6759000,85823,8459085.8586000
1684540800000,0.4762000,0.4859000,0.4674000,0.4780000,52629033,25116097.3779000,100949,11993139.2735000
1684627200000,0.4780000,0.4822000,0.4571000,0.4625000,34449119,16195241.6773000,71677,7396306.6294000
1684713600000,0.4625000,0.4885000,0.4560000,0.4787000,62131718,29378016.0576000,123638,14873001.5713000
1684800000000,0.4786000,0.5536000,0.4734000,0.5328000,264814707,138521718.0393000,450804,71358184.6027000
1684886400000,0.5329000,0.5670000,0.4785000,0.4886000,197465762,100879950.7507000,379903,47190287.5990000
1684972800000,0.4887000,0.4929000,0.4642000,0.4844000,60534827,29007917.6783000,123294,14129619.8123000
1685059200000,0.4844000,0.5338000,0.4728000,0.5173000,156547339,80572577.5758000,283451,40838365.6368000
1685145600000,0.5172000,0.5253000,0.5029000,0.5125000,96818009,49901939.5174000,177628,23944422.5571000
1685232000000,0.5125000,0.5373000,0.5040000,0.5291000,58944570,30460497.5912000,117018,14753870.2643000
1685318400000,0.5291000,0.5395000,0.5070000,0.5185000,52030829,27132687.9634000,94262,12978956.6801000
1685404800000,0.5186000,0.5200000,0.4901000,0.4992000,54568631,27580445.0474000,94479,12735720.0858000
1685491200000,0.4993000,0.5051000,0.4672000,0.4771000,46013937,22247274.8127000,91918,11015001.6981000
1685577600000,0.4772000,0.4826000,0.4676000,0.4741000,30387553,14478215.6541000,69024,6859430.7770000
1685664000000,0.4740000,0.5143000,0.4603000,0.5013000,60003675,29456113.2575000,126607,14284172.7011000
1685750400000,0.5014000,0.5360000,0.4918000,0.5098000,120797697,62217588.3767000,217358,29914957.9175000
1685836800000,0.5097000,0.5185000,0.4965000,0.4999000,51307046,26057702.2007000,103327,12352299.4951000
1685923200000,0.4999000,0.5107000,0.3966000,0.4361000,118927728,54448629.9385000,216182,24706487.1202000
1686009600000,0.4361000,0.4706000,0.4139000,0.4621000,78490270,34693262.9538000,158721,17655104.1873000
1686096000000,0.4622000,0.4647000,0.4170000,0.4231000,60779645,26674636.6282000,125547,12541791.9309000
1686182400000,0.4232000,0.4298000,0.4110000,0.4227000,40927363,17218910.1328000,88302,8554263.1534000
1686268800000,0.4226000,0.4273000,0.4024000,0.4119000,43256652,18047403.8791000,91039,8583706.2052000
1686355200000,0.4118000,0.4119000,0.2907000,0.3301000,198184448,67921405.3049000,307387,31850103.4267000
1686441600000,0.3301000,0.3341000,0.3165000,0.3210000,57495828,18770050.5364000,101364,9234416.1332000
1686528000000,0.3210000,0.3294000,0.2912000,0.3218000,158655780,49619669.4758000,268492,26021877.8519000
1686614400000,0.3218000,0.3288000,0.2926000,0.3209000,180561351,56531576.9263000,305731,28020012.5402000
1686700800000,0.3208000,0.3261000,0.2950000,0.3028000,172457365,53879630.3529000,292130,27693842.2923000
1686787200000,0.3029000,0.3421000,0.3000000,0.3259000,321355889,103243990.2555000,486177,50960793.4759000
1686873600000,0.3259000,0.3796000,0.3207000,0.3618000,296792561,102891170.0678000,506506,51171258.8900000
1686960000000,0.3618000,0.3709000,0.3476000,0.3522000,137957465,49625641.1966000,239318,24038002.4007000
1687046400000,0.3522000,0.3596000,0.3397000,0.3438000,78760643,27761458.5275000,153716,13760699.3234000
1687132800000,0.3439000,0.3623000,0.3297000,0.3484000,124179317,42636957.7073000,224670,20933712.9772000
1687219200000,0.3484000,0.3716000,0.3373000,0.3675000,94887244,33269476.6300000,201037,16072259.4085000
1687305600000,0.3675000,0.3830000,0.3587000,0.3728000,141523183,52181937.9097000,281595,25034605.7725000
1687392000000,0.3730000,0.3980000,0.3524000,0.3531000,87900075,33042715.8444000,187868,15172776.6023000
1687478400000,0.3532000,0.3749000,0.3502000,0.3703000,67538895,24526034.7749000,155290,12012219.7279000
1687564800000,0.3703000,0.3703000,0.3234000,0.3474000,52679949,18458716.3220000,124624,8625233.8737000
1687651200000,0.3475000,0.3613000,0.3441000,0.3480000,46284537,16356112.8304000,109394,8046517.5853000
1687737600000,0.3480000,0.3586000,0.3272000,0.3328000,57410925,19688846.6928000,131611,9399780.5028000
1687824000000,0.3328000,0.4329000,0.3303000,0.3783000,1971641072,783819406.1379000,2570586,394648256.2733000
1687910400000,0.3782000,0.3787000,0.3340000,0.3419000,387449221,137616309.4019000,623304,65745724.3415000
1687996800000,0.3420000,0.3554000,0.3400000,0.3461000,182405713,63518899.8022000,305065,31595717.5421000
1688083200000,0.3462000,0.3569000,0.3062000,0.3450000,274843951,93057684.9476000,411126,45281541.5661000
1688169600000,0.3450000,0.3531000,0.3344000,0.3502000,103134518,35319986.6480000,180482,16975017.9554000
1688256000000,0.3503000,0.3512000,0.3291000,0.3405000,92451457,31353491.1710000,163124,15191465.2659000
1688342400000,0.3405000,0.3812000,0.3404000,0.3714000,338205814,123696461.3350000,542817,60696526.4296000
1688428800000,0.3715000,0.3741000,0.3415000,0.3464000,106968515,38196305.5916000,194503,17785646.4037000
1688515200000,0.3464000,0.3484000,0.3197000,0.3318000,114016321,38212334.2831000,195401,18484082.2819000
1688601600000,0.3318000,0.3410000,0.3157000,0.3158000,92399570,30332719.6106000,177525,14790165.6302000
1688688000000,0.3158000,0.3327000,0.3154000,0.3226000,102747111,33078463.1533000,165669,16336324.0903000
1688774400000,0.3226000,0.3290000,0.3168000,0.3248000,54723522,17673246.6424000,90056,8709081.9149000
1688860800000,0.3249000,0.3280000,0.3184000,0.3234000,42920942,13841867.4921000,75728,6620201.7255000
1688947200000,0.3234000,0.3286000,0.3090000,0.3222000,71829832,22791850.0129000,127881,10748456.2696000
1689033600000,0.3223000,0.3262000,0.3161000,0.3232000,43642589,14022891.8095000,89679,6965729.1456000
1689120000000,0.3232000,0.3289000,0.3149000,0.3212000,73039981,23596426.7221000,126446,11751377.7080000
1689206400000,0.3213000,0.3464000,0.3170000,0.3451000,108683789,36186013.7178000,194636,17870442.1320000
1689292800000,0.3451000,0.3974000,0.3200000,0.3452000,365568730,132146839.1193000,516906,62333765.9383000
1689379200000,0.3452000,0.3591000,0.3412000,0.3494000,156029463,54642063.2843000,237325,26210110.5744000
1689465600000,0.3493000,0.3501000,0.3275000,0.3311000,86694186,29273636.1089000,138166,13758432.2883000
1689552000000,0.3312000,0.3427000,0.3215000,0.3345000,79714878,26540909.6606000,145757,12449720.0105000
1689638400000,0.3344000,0.3402000,0.3213000,0.3313000,65390165,21653709.7689000,125902,10022357.8945000
1689724800000,0.3314000,0.3372000,0.3266000,0.3315000,52730116,17507720.0077000,96383,8541926.3952000
1689811200000,0.3315000,0.3476000,0.3293000,0.3388000,93258221,31598718.2401000,162732,15061836.6451000
1689897600000,0.3388000,0.3419000,0.3273000,0.3317000,41616100,13920190.1239000,85611,6112123.2144000
1689984000000,0.3317000,0.3370000,0.3205000,0.3268000,46506531,15458924.6341000,82061,7046834.6322000
1690070400000,0.3268000,0.3354000,0.3244000,0.3324000,48597599,16069944.9531000,69517,7855833.0948000
1690156800000,0.3324000,0.3326000,0.2828000,0.3071000,88803322,27695390.4014000,141675,12562059.5560000
1690243200000,0.3071000,0.3085000,0.2991000,0.3033000,36515538,11087460.7233000,66482,5310634.8652000
1690329600000,0.3033000,0.3084000,0.2928000,0.3045000,48948208,14737222.4628000,78085,7018599.1240000
1690416000000,0.3044000,0.3082000,0.2990000,0.3048000,39932439,12156742.1115000,66367,5699503.4233000
1690502400000,0.3048000,0.3097000,0.3018000,0.3070000,28794318,8804274.9240000,50234,4131407.9535000
1690588800000,0.3070000,0.3090000,0.3046000,0.3085000,19972374,6124506.5814000,34288,3206819.9716000
1690675200000,0.3085000,0.3165000,0.2926000,0.3029000,46662561,14323447.4521000,72453,6385098.7208000
1690761600000,0.3028000,0.3067000,0.2950000,0.3023000,29054388,8784618.8578000,52550,4143129.2602000
1690848000000,0.3023000,0.3074000,0.2897000,0.3060000,42324787,12622269.9992000,81615,6281920.5426000
1690934400000,0.3060000,0.3072000,0.2935000,0.2973000,28631964,8611621.2075000,59878,3987981.4023000
1691020800000,0.2972000,0.3010000,0.2906000,0.2938000,24452045,7258143.3517000,51636,3378393.4821000
1691107200000,0.2937000,0.2999000,0.2923000,0.2961000,24529877,7258991.5894000,52742,3543171.0460000
1691193600000,0.2960000,0.2976000,0.2919000,0.2960000,24915646,7340571.5919000,48341,3394719.4235000
1691280000000,0.2961000,0.3071000,0.2957000,0.3013000,48765700,14686133.8100000,89554,7394589.1991000
1691366400000,0.3013000,0.3055000,0.2707000,0.2890000,81880081,23698044.0675000,134689,10875845.9283000
1691452800000,0.2891000,0.3019000,0.2770000,0.2892000,136903414,39551347.8299000,181096,19246723.2800000
1691539200000,0.2891000,0.2912000,0.2825000,0.2873000,65569052,18745188.6862000,105687,8999802.1671000
1691625600000,0.2873000,0.2892000,0.2840000,0.2850000,32571359,9323867.4990000,68315,4311265.6176000
1691712000000,0.2850000,0.2878000,0.2827000,0.2859000,21385084,6099876.2185000,41628,2963854.4286000
1691798400000,0.2860000,0.2887000,0.2851000,0.2864000,19401275,5568581.2496000,37734,2781695.4346000
1691884800000,0.2864000,0.2888000,0.2836000,0.2848000,25769732,7365610.1924000,41012,3506355.0581000
1691971200000,0.2848000,0.2865000,0.2762000,0.2825000,45325039,12807177.2400000,67440,6182298.4311000
1692057600000,0.2825000,0.2838000,0.2446000,0.2614000,71028208,18995230.2415000,97126,8829518.1892000
1692144000000,0.2613000,0.2827000,0.2400000,0.2464000,205968980,54037573.1542000,284374,26315044.0159000
1692230400000,0.2465000,0.2513000,0.1505000,0.2040000,212882789,45704231.2237000,278987,22200016.9055000
1692316800000,0.2040000,0.2196000,0.2017000,0.2184000,124782568,26063459.2204000,156971,12912016.3878000
1692403200000,0.2184000,0.2298000,0.2130000,0.2273000,87109083,19276787.5010000,112700,9676918.2007000
1692489600000,0.2273000,0.2341000,0.2234000,0.2265000,71385346,16337249.6944000,97390,7812117.0259000
1692576000000,0.2265000,0.2278000,0.2113000,0.2174000,54000672,11879951.6768000,78707,5774373.1569000
1692662400000,0.2174000,0.2186000,0.2008000,0.2125000,81776044,17228968.5118000,95231,8662549.1234000
1692748800000,0.2125000,0.2185000,0.2072000,0.2148000,77086897,16450424.4196000,90507,8281020.5846000
1692835200000,0.2147000,0.2191000,0.2030000,0.2073000,71642220,15196505.4414000,83760,7352780.3790000
1692921600000,0.2073000,0.2075000,0.1985000,0.2032000,64340935,13059573.9552000,82099,6445037.0013000
1693008000000,0.2033000,0.2055000,0.1995000,0.2024000,31994338,6489505.8122000,43611,3301501.0153000
1693094400000,0.2024000,0.2156000,0.1997000,0.2120000,95821404,20042621.7599000,102405,10042490.5871000
1693180800000,0.2120000,0.2355000,0.2114000,0.2212000,782053714,175449563.1718000,568422,87058774.9674000
1693267200000,0.2212000,0.2269000,0.2011000,0.2196000,362755675,77185166.7362000,293407,37824004.4998000
1693353600000,0.2196000,0.2211000,0.2066000,0.2091000,167771952,35409187.2252000,136515,17780044.8631000
1693440000000,0.2091000,0.2145000,0.2002000,0.2058000,185152932,38460988.6071000,160304,18722539.5382000
1693526400000,0.2059000,0.2070000,0.1940000,0.1966000,148476652,29491265.6923000,119192,15103621.0561000
1693612800000,0.1965000,0.1968000,0.1846000,0.1883000,117192649,22249294.5641000,94171,10880035.4459000
1693699200000,0.1884000,0.1897000,0.1811000,0.1844000,76520747,14222042.3947000,67697,6791742.1215000
1693785600000,0.1845000,0.1947000,0.1834000,0.1877000,96107958,18095967.4084000,85414,8827324.0059000
1693872000000,0.1877000,0.2000000,0.1818000,0.1934000,100423770,19191344.2716000,97242,9324357.4454000
1693958400000,0.1935000,0.1980000,0.1879000,0.1935000,99421350,19219614.9886000,98841,9093335.5229000
1694044800000,0.1936000,0.1944000,0.1864000,0.1925000,60717447,11589200.3995000,67181,6015683.1571000
1694131200000,0.1925000,0.1939000,0.1840000,0.1896000,48520453,9162686.6275000,57521,4458499.5366000
1694217600000,0.1896000,0.1899000,0.1867000,0.1869000,27012322,5085650.1108000,36899,2216650.8706000
1694304000000,0.1869000,0.1869000,0.1660000,0.1766000,61171324,10916463.6601000,74448,5258952.0768000
1694390400000,0.1766000,0.1777000,0.1617000,0.1661000,83240130,14065405.6951000,93576,7033671.9810000
1694476800000,0.1661000,0.1768000,0.1652000,0.1700000,72249809,12389188.8918000,80005,6007886.2681000
1694563200000,0.1700000,0.1811000,0.1682000,0.1737000,80331436,13884740.4111000,89120,6951294.7730000
1694649600000,0.1737000,0.1782000,0.1720000,0.1741000,51439733,8985675.5709000,61764,4591487.6679000
1694736000000,0.1741000,0.1820000,0.1730000,0.1807000,54436174,9597631.1091000,65919,4761379.2784000
1694822400000,0.1808000,0.1914000,0.1803000,0.1856000,106045976,19682747.5469000,121128,9676887.4491000
1694908800000,0.1856000,0.1857000,0.1713000,0.1743000,56672947,10146251.6861000,59852,4712253.1538000
1694995200000,0.1743000,0.1779000,0.1710000,0.1731000,68226103,11898243.2608000,67544,6072171.7108000
1695081600000,0.1732000,0.1776000,0.1723000,0.1768000,51383112,8996903.6780000,55175,4263298.4028000
1695168000000,0.1768000,0.1788000,0.1691000,0.1764000,66176823,11534966.1943000,70150,5674565.9040000
1695254400000,0.1765000,0.1914000,0.1742000,0.1829000,246049656,44939230.1969000,216168,22183453.6531000
1695340800000,0.1830000,0.1849000,0.1743000,0.1843000,78402643,14102708.6714000,76895,6774528.1647000
1695427200000,0.1844000,0.1858000,0.1769000,0.1797000,49778453,8975450.4008000,54390,4338209.8201000
1695513600000,0.1798000,0.1799000,0.1704000,0.1731000,70106116,12274554.1569000,66323,5772655.2885000
1695600000000,0.1731000,0.1748000,0.1674000,0.1740000,60647673,10396096.7438000,63236,4877608.6241000
1695686400000,0.1741000,0.1748000,0.1668000,0.1705000,40406646,6910765.6297000,41394,3372579.5492000
1695772800000,0.1706000,0.1725000,0.1664000,0.1693000,43553213,7371016.6643000,45812,3525905.8017000
1695859200000,0.1693000,0.1758000,0.1679000,0.1725000,51032900,8766434.0009000,48880,4419423.9952000
1695945600000,0.1726000,0.1824000,0.1712000,0.1793000,92216915,16364646.3878000,78998,7759190.2218000
1696032000000,0.1794000,0.1810000,0.1761000,0.1787000,52180765,9323061.9402000,51472,4631382.0438000
1696118400000,0.1787000,0.1889000,0.1777000,0.1873000,101933993,18678219.8788000,96370,9083540.4065000
1696204800000,0.1874000,0.1979000,0.1785000,0.1825000,180804064,34262033.2608000,158045,15982856.9440000
1696291200000,0.1825000,0.1830000,0.1701000,0.1727000,98660016,17424932.1275000,84127,8038391.9805000
1696377600000,0.1727000,0.1743000,0.1668000,0.1730000,67533676,11541455.8452000,62856,5451689.3809000
1696464000000,0.1730000,0.1751000,0.1673000,0.1716000,50822584,8729937.8714000,50535,4153205.6282000
1696550400000,0.1716000,0.1776000,0.1711000,0.1760000,48116809,8367927.1213000,48790,4062690.5299000
1696636800000,0.1761000,0.1775000,0.1720000,0.1741000,33142979,5801403.2534000,33941,2856013.0326000
1696723200000,0.1742000,0.1751000,0.1701000,0.1723000,26566240,4572546.7180000,32935,2218119.8161000
1696809600000,0.1723000,0.1736000,0.1565000,0.1641000,79069711,12995303.8207000,77398,6265408.7491000
1696896000000,0.1640000,0.1652000,0.1589000,0.1615000,39102952,6339336.7266000,41047,3048761.3846000
1696982400000,0.1615000,0.1618000,0.1519000,0.1572000,61683339,9662888.7426000,59042,4595790.4270000
1697068800000,0.1572000,0.1607000,0.1511000,0.1576000,71050476,11049079.1178000,60576,5191891.3293000
1697155200000,0.1576000,0.1635000,0.1574000,0.1602000,104592797,16775191.2679000,89789,8346353.3155000
1697241600000,0.1603000,0.1622000,0.1598000,0.1606000,25736601,4143243.8808000,29232,1985823.2187000
1697328000000,0.1606000,0.1675000,0.1590000,0.1628000,60667556,9929439.7290000,56978,4907182.5907000
1697414400000,0.1629000,0.1788000,0.1627000,0.1699000,102775593,17335054.7192000,98134,8849877.3853000
1697500800000,0.1699000,0.1702000,0.1572000,0.1629000,58045006,9546172.4467000,55631,4389685.5630000
1697587200000,0.1630000,0.2247000,0.1630000,0.1988000,3505715437,699887340.3649000,2106269,354776026.3954000
1697673600000,0.1987000,0.2076000,0.1718000,0.1735000,1374315802,254120658.4398000,838029,125702613.4223000
1697760000000,0.1734000,0.1958000,0.1729000,0.1918000,900571217,168916098.8854000,593845,83815004.6719000
1697846400000,0.1918000,0.1927000,0.1843000,0.1875000,360121258,67546829.1038000,240849,33345327.3561000
1697932800000,0.1874000,0.1885000,0.1764000,0.1846000,244815084,44826003.9271000,183321,21255340.7418000
1698019200000,0.1847000,0.1968000,0.1817000,0.1952000,304595689,57153064.3612000,239536,28105171.0593000
1698105600000,0.1952000,0.2388000,0.1926000,0.2232000,949999132,207898684.3474000,752981,102704358.3164000
1698192000000,0.2232000,0.2652000,0.2155000,0.2526000,967992100,237341929.8379000,905649,116930011.7543000
1698278400000,0.2526000,0.2558000,0.2258000,0.2376000,508493485,123534753.8949000,462400,60439550.7442000
1698364800000,0.2377000,0.2377000,0.2189000,0.2205000,230989964,52712967.5352000,205361,24906795.5506000
1698451200000,0.2205000,0.2252000,0.2176000,0.2235000,159130008,35314974.8809000,145289,18182928.1272000
1698537600000,0.2234000,0.2559000,0.2180000,0.2499000,465078159,112224040.9391000,448057,55373675.2502000
1698624000000,0.2500000,0.2718000,0.2434000,0.2554000,437256791,112048580.8145000,426600,54909738.9922000
1698710400000,0.2555000,0.2594000,0.2263000,0.2364000,288105393,69530333.7173000,260935,33373118.4710000
1698796800000,0.2364000,0.2429000,0.2236000,0.2393000,240242513,56245332.1044000,224777,27605684.6216000
1698883200000,0.2393000,0.2491000,0.2259000,0.2474000,286223569,68377119.5263000,261086,32610994.5304000
1698969600000,0.2475000,0.2888000,0.2442000,0.2822000,877661569,231492036.4663000,955007,113087661.0100000
1699056000000,0.2822000,0.3119000,0.2783000,0.2928000,518749790,152672653.4664000,676663,75725561.9879000
1699142400000,0.2928000,0.3112000,0.2705000,0.2804000,282392569,80441396.1349000,392391,39190045.3213000
1699228800000,0.2805000,0.3863000,0.2785000,0.3703000,1432471806,495976829.2361000,1812168,249369100.3384000
1699315200000,0.3702000,0.3990000,0.3482000,0.3801000,1752178837,653570038.3887000,2381153,326396285.2466000
1699401600000,0.3801000,0.3887000,0.3552000,0.3832000,554193041,205469218.3068000,810764,101384770.1153000
1699488000000,0.3832000,0.4202000,0.2950000,0.3878000,884441606,332040878.0613000,1320968,160463824.2404000
1699574400000,0.3878000,0.4126000,0.3633000,0.4054000,474200375,183443748.2862000,727828,90341806.5342000
1699660800000,0.4055000,0.4719000,0.3928000,0.4265000,781027030,336716408.5140000,1263410,161837395.4998000
1699747200000,0.4266000,0.4600000,0.4008000,0.4188000,381213470,161287738.6247000,655050,77494627.7280000
1699833600000,0.4187000,0.4234000,0.3550000,0.3632000,384223456,146654056.4751000,596132,70995655.4279000
1699920000000,0.3633000,0.3689000,0.3133000,0.3493000,365212272,127707483.6441000,482937,59614418.7618000
1700006400000,0.3492000,0.3689000,0.3434000,0.3653000,232306336,82955686.3014000,337305,41267747.7197000
1700092800000,0.3654000,0.3859000,0.3262000,0.3352000,314084846,111286597.5034000,422086,53064451.8575000
1700179200000,0.3352000,0.3445000,0.3022000,0.3258000,305590463,98689501.5576000,374121,48374274.2376000
1700265600000,0.3259000,0.3514000,0.3005000,0.3504000,424751991,141239676.0587000,587244,69336724.4059000
1700352000000,0.3503000,0.3595000,0.3307000,0.3482000,281645771,96282754.2898000,389787,47094346.2860000
1700438400000,0.3482000,0.3558000,0.3241000,0.3260000,320853101,108926652.3150000,432902,52323984.7606000
1700524800000,0.3259000,0.3950000,0.2933000,0.3496000,2116703549,757423236.5929000,2388688,370845449.8761000
1700611200000,0.3495000,0.5300000,0.3465000,0.4991000,3372865586,1541830738.0059000,3967172,782118178.1248000
1700697600000,0.4990000,0.5447000,0.4515000,0.5088000,2787246390,1390089571.0623000,3672464,697674428.7514000
1700784000000,0.5089000,0.6864000,0.4985000,0.6494000,3451523364,2131413868.5795000,5127147,1073156033.4089000
1700870400000,0.6493000,0.6551000,0.5725000,0.6030000,1615187816,994542509.9830000,2568140,494004461.7619000
1700956800000,0.6029000,0.6285000,0.5319000,0.5648000,1284394489,747757528.0788000,2008208,365876745.7199000
1701043200000,0.5649000,0.5680000,0.4860000,0.5183000,1127219989,594448110.1195000,1753773,287177157.1806000
1701129600000,0.5182000,0.5470000,0.4792000,0.5321000,997087556,514788887.9264000,1560037,256173045.8910000
1701216000000,0.5322000,0.5596000,0.4925000,0.5038000,690024742,361142697.5570000,1077052,174214202.0446000
1701302400000,0.5038000,0.5112000,0.4803000,0.4932000,501469023,247367649.5695000,795163,121213569.6516000
1701388800000,0.4932000,0.5253000,0.4860000,0.5052000,550814114,279247073.4496000,858716,136455658.6683000
1701475200000,0.5053000,0.5882000,0.4990000,0.5555000,628363741,338035468.0654000,969736,164148473.0326000
1701561600000,0.5556000,0.5893000,0.5154000,0.5396000,670460406,371315267.9085000,1056133,177780526.3659000
1701648000000,0.5395000,0.5748000,0.4666000,0.5447000,706334743,380735840.7440000,1204139,180884657.8698000
1701734400000,0.5446000,0.5750000,0.5056000,0.5325000,660055213,354881285.9669000,1197582,170975213.4287000
1701820800000,0.5326000,0.5531000,0.4911000,0.4977000,450119654,231606428.3797000,669117,111839667.6609000
1701907200000,0.4977000,0.5085000,0.4653000,0.5040000,374097173,182695502.7984000,554759,86303720.3564000
1701993600000,0.5040000,0.5129000,0.4906000,0.5118000,254043026,127282912.6083000,436355,62031347.0279000
1702080000000,0.5119000,0.5296000,0.4947000,0.5009000,273421797,140233369.4903000,431975,64679114.1865000
1702166400000,0.5010000,0.5420000,0.4982000,0.5302000,429670493,225800843.7634000,637992,109724656.9705000
1702252800000,0.5301000,0.5328000,0.4213000,0.4786000,435573318,209102116.2283000,693267,97122643.7148000
1702339200000,0.4786000,0.4891000,0.4510000,0.4635000,244004825,114712377.9276000,387695,56026382.5525000
1702425600000,0.4634000,0.4703000,0.4258000,0.4635000,302162333,134612963.6946000,443985,64462346.6961000
1702512000000,0.4636000,0.4779000,0.4315000,0.4732000,278638282,128648975.1446000,384020,61051899.0703000
1702598400000,0.4732000,0.4740000,0.4317000,0.4341000,186734242,84222369.1410000,269427,39165022.0272000
1702684800000,0.4342000,0.4649000,0.4262000,0.4483000,209911029,94461477.4375000,304662,45705028.6341000
1702771200000,0.4483000,0.4798000,0.4352000,0.4545000,294493682,134278308.5215000,415146,63883687.2210000
1702857600000,0.4544000,0.4635000,0.3948000,0.4533000,377835143,161680104.6482000,500975,76168688.0060000
1702944000000,0.4533000,0.5432000,0.4456000,0.5168000,802618007,399313458.4846000,1352216,199237038.4956000
1703030400000,0.5168000,0.5481000,0.4888000,0.5230000,680495354,353033350.9376000,1127950,170392228.9924000
1703116800000,0.5229000,0.5499000,0.5076000,0.5150000,430849811,228440599.3471000,757529,109819535.1872000
1703203200000,0.5150000,0.5471000,0.4867000,0.5213000,388570347,199512243.4440000,673141,94823881.4068000
1703289600000,0.5213000,0.5523000,0.5137000,0.5335000,342108012,181169991.7325000,678456,88495131.6102000
1703376000000,0.5334000,0.5366000,0.4935000,0.5212000,208956325,108086857.3647000,427890,50667692.5550000
1703462400000,0.5213000,0.5392000,0.5069000,0.5307000,204086505,107133543.6938000,391869,52482535.0208000
1703548800000,0.5308000,0.5574000,0.4340000,0.5178000,354154494,180761951.4246000,665513,83653539.3705000
1703635200000,0.5179000,0.5206000,0.4888000,0.5044000,189241733,94868864.6368000,375325,45623111.3867000
1703721600000,0.5045000,0.5171000,0.4768000,0.4820000,229928704,114205571.5865000,460201,54026135.7373000
1703808000000,0.4821000,0.4981000,0.4623000,0.4864000,201425729,96975740.4560000,399177,44821841.7098000
1703894400000,0.4864000,0.4906000,0.4633000,0.4778000,106080956,50642316.8438000,214144,25092110.2609000
1703980800000,0.4779000,0.4845000,0.4475000,0.4634000,99895914,47040758.7036000,215094,21990136.0791000
1704067200000,0.4633000,0.4918000,0.4582000,0.4905000,100388065,47460596.2421000,201815,22817229.0744000
1704153600000,0.4905000,0.5340000,0.4832000,0.4974000,253372044,129493015.8186000,471329,61806361.1649000
1704240000000,0.4974000,0.5845000,0.4116000,0.5254000,922024671,483547271.3451000,1717290,229887399.6558000
1704326400000,0.5253000,0.5462000,0.4950000,0.5277000,432423770,224684019.6816000,773377,110283277.1806000
1704412800000,0.5277000,0.5300000,0.4645000,0.4929000,236440957,116004632.0952000,523292,54609506.9201000
1704499200000,0.4929000,0.4930000,0.4381000,0.4607000,176340358,80648533.8326000,379823,38152791.3756000
1704585600000,0.4607000,0.4744000,0.4243000,0.4316000,156717561,71084703.9001000,318473,33924302.6840000
1704672000000,0.4316000,0.4630000,0.3847000,0.4587000,269500182,114480663.5266000,540594,56327523.0614000
1704758400000,0.4586000,0.4795000,0.4259000,0.4668000,307376856,139210504.8999000,613773,68815959.0763000
1704844800000,0.4667000,0.5506000,0.4480000,0.5257000,522673167,256774467.0833000,1083054,127200764.7684000
1704931200000,0.5260000,0.5989000,0.5187000,0.5621000,507727796,281953389.9837000,1144861,139836419.5892000
1705017600000,0.5621000,0.6525000,0.5453000,0.5913000,831022262,501141793.2828000,1815962,245958028.6085000
1705104000000,0.5912000,0.6378000,0.5426000,0.6021000,556970641,333104435.2951000,1241392,165560523.4642000
1705190400000,0.6020000,0.6141000,0.5446000,0.5483000,286410911,167103694.7607000,670779,79124839.2872000
1705276800000,0.5482000,0.6542000,0.5474000,0.6191000,382956322,230366224.5741000,863194,113703444.0225000
1705363200000,0.6190000,0.7351000,0.6190000,0.7119000,903084532,620164115.7470000,1950495,310727718.7508000
1705449600000,0.7118000,0.7196000,0.6537000,0.6726000,433419168,293671517.1981000,978400,145469525.8421000
1705536000000,0.6726000,0.7240000,0.6339000,0.6404000,668437859,454362082.1719000,1393254,223778608.6652000
1705622400000,0.6404000,0.6810000,0.6013000,0.6701000,521401724,335607696.8015000,1139960,167311775.5605000
1705708800000,0.6700000,0.6918000,0.6178000,0.6246000,264560635,171533203.8745000,594166,82687076.2171000
1705795200000,0.6245000,0.6400000,0.5961000,0.5999000,198282616,123292120.0269000,478445,59895917.8124000
1705881600000,0.6000000,0.6280000,0.5737000,0.6009000,492502972,294164081.6768000,1039222,143439884.8595000
1705968000000,0.6009000,0.6626000,0.5677000,0.6607000,720459853,438706508.1880000,1675494,220281009.3336000
1706054400000,0.6606000,0.6822000,0.6267000,0.6511000,500317854,327604562.7605000,1223485,162317651.6245000
1706140800000,0.6510000,0.6511000,0.5842000,0.5949000,290037206,176276087.5836000,662220,86130051.3845000
1706227200000,0.5949000,0.6473000,0.5819000,0.6444000,296306623,184225335.4813000,695789,90273339.1317000
1706313600000,0.6444000,0.6620000,0.6228000,0.6334000,214445342,137206747.6167000,550899,67715976.0921000
1706400000000,0.6333000,0.6597000,0.6024000,0.6114000,206690953,130550679.6474000,524248,62288027.8290000
1706486400000,0.6115000,0.6657000,0.6081000,0.6638000,220152841,139844415.1921000,557812,67969968.2096000
1706572800000,0.6638000,0.6936000,0.6277000,0.6335000,289379288,192990360.0099000,688205,94551463.6021000
1706659200000,0.6335000,0.6368000,0.5905000,0.6047000,238896053,147368318.3358000,573726,70902856.5594000
1706745600000,0.6047000,0.6238000,0.5818000,0.6155000,194095390,116872760.4851000,441644,56415533.9582000
1706832000000,0.6156000,0.6274000,0.5967000,0.6031000,136053699,83100893.2912000,299611,39807382.0028000
1706918400000,0.6031000,0.6106000,0.5645000,0.5758000,146606753,85300362.4828000,282447,40825436.8958000
1707004800000,0.5758000,0.5960000,0.5605000,0.5697000,182620608,105528225.8310000,344827,51610409.2223000
1707091200000,0.5697000,0.6035000,0.5571000,0.5785000,193530886,112631202.0799000,397278,55071792.5373000
1707177600000,0.5785000,0.6000000,0.5720000,0.5800000,162566944,95122720.4266000,338121,47372196.8213000
1707264000000,0.5800000,0.6164000,0.5674000,0.6052000,148272592,87549638.0230000,309441,42117717.1031000
1707350400000,0.6052000,0.6341000,0.6034000,0.6219000,181678119,112309132.7065000,410530,54531701.0749000
1707436800000,0.6219000,0.6477000,0.6168000,0.6398000,154161742,97733943.9659000,372720,48949178.8638000
1707523200000,0.6398000,0.6538000,0.6128000,0.6235000,100879971,63428615.3775000,230158,31127819.0109000
1707609600000,0.6234000,0.6395000,0.6086000,0.6166000,85738102,53565390.0942000,210953,26003921.1311000
1707696000000,0.6167000,0.6459000,0.6001000,0.6416000,124060105,77359238.0863000,310912,36201786.6332000
1707782400000,0.6415000,0.7059000,0.6303000,0.6925000,345100116,231155236.9267000,781342,116319717.8131000
1707868800000,0.6925000,0.7612000,0.6706000,0.7470000,364346160,264306598.1148000,802690,131250615.9298000
1707955200000,0.7470000,0.7825000,0.7227000,0.7350000,292492212,219957784.5703000,713037,109586510.4953000
1708041600000,0.7350000,0.7627000,0.6850000,0.7168000,218133553,157911065.3286000,504066,73900150.5769000
1708128000000,0.7167000,0.7268000,0.6808000,0.7113000,128941816,91034683.4071000,310575,42770252.8832000
1708214400000,0.7114000,0.8013000,0.6975000,0.7902000,203177540,149364784.5563000,497566,74629082.4384000
1708300800000,0.7901000,0.8200000,0.7531000,0.7824000,303349330,239470851.3758000,862530,118206821.5727000
1708387200000,0.7824000,0.8017000,0.6900000,0.7617000,304690629,229564096.7194000,782888,108090081.2885000
1708473600000,0.7617000,0.7644000,0.6763000,0.7131000,185281261,131526904.6608000,500438,62906291.4727000
1708560000000,0.7132000,0.7331000,0.6788000,0.6888000,173882259,122783698.0775000,477975,60845583.7423000
1708646400000,0.6888000,0.6981000,0.6421000,0.6629000,163949718,110320047.6552000,435933,50779703.2097000
1708732800000,0.6629000,0.8352000,0.6448000,0.8069000,554392106,429783616.1971000,1334700,217289888.2784000
1708819200000,0.8068000,0.8233000,0.7403000,0.7574000,388351079,300730295.9087000,960014,148995867.0051000
1708905600000,0.7574000,0.8015000,0.7212000,0.7591000,294676830,222353139.7575000,765281,109488699.6117000
1708992000000,0.7590000,0.7705000,0.7121000,0.7305000,183610833,136409840.1050000,569491,67556469.1133000
1709078400000,0.7306000,0.7902000,0.6488000,0.7540000,345536019,256270324.9626000,1015199,123315822.3312000
1709164800000,0.7541000,0.7934000,0.7055000,0.7234000,240702875,181661878.6447000,800618,87628463.0640000
1709251200000,0.7236000,0.7426000,0.7134000,0.7303000,134657966,97786709.6759000,407819,46675480.3283000
1709337600000,0.7304000,0.7460000,0.7079000,0.7456000,130972826,95236506.7376000,406994,46101077.7630000
1709424000000,0.7455000,0.7607000,0.6586000,0.7182000,166101600,120045810.8691000,506819,56872214.2233000
1709510400000,0.7183000,0.7410000,0.6671000,0.6940000,182606406,128260480.0899000,536887,61995564.5291000
1709596800000,0.6941000,0.7204000,0.5360000,0.6422000,333186018,222233216.5526000,1034262,103199143.5771000
1709683200000,0.6421000,0.6700000,0.6177000,0.6681000,160873822,103766108.4807000,477550,50268759.1574000
1709769600000,0.6681000,0.7108000,0.6490000,0.7034000,149905579,101153823.6393000,473423,50370157.5273000
1709856000000,0.7035000,0.7065000,0.6462000,0.6799000,153582330,104833091.4786000,473557,49790932.0088000
1709942400000,0.6799000,0.7207000,0.6707000,0.7035000,146477105,102936316.3592000,396934,50407371.5255000
1710028800000,0.7035000,0.7320000,0.6756000,0.7017000,161409124,113964701.8478000,455742,53357339.2009000
1710115200000,0.7018000,0.7182000,0.6478000,0.7153000,151755422,105081246.1358000,450906,51540625.8638000
1710201600000,0.7154000,0.7250000,0.6475000,0.6977000,158779659,109057833.0522000,481401,52117145.1808000
1710288000000,0.6978000,0.7252000,0.6808000,0.7008000,128956093,90826765.4253000,370254,44226533.5596000
1710374400000,0.7009000,0.7030000,0.6318000,0.6706000,158443597,106160292.5301000,447164,51655987.2735000
1710460800000,0.6707000,0.6758000,0.5800000,0.6476000,213849637,133293760.1564000,556266,64350664.7220000
1710547200000,0.6476000,0.6817000,0.5878000,0.6274000,249397268,159879569.2131000,614924,78411436.5375000
1710633600000,0.6274000,0.6283000,0.5728000,0.6226000,142727863,86933006.5739000,381460,42737741.4478000
1710720000000,0.6226000,0.6226000,0.5716000,0.5842000,114486245,68077722.8544000,307478,33686433.5264000
1710806400000,0.5841000,0.5987000,0.5171000,0.5470000,249799868,139009675.9616000,594933,66600740.9079000
1710892800000,0.5470000,0.5937000,0.5208000,0.5928000,193882141,106979294.1210000,447664,53040558.5571000
1710979200000,0.5927000,0.6122000,0.5659000,0.5778000,127708600,75148200.9954000,336717,37458711.4443000
1711065600000,0.5778000,0.5824000,0.5405000,0.5565000,111247700,62448394.3059000,306961,31035350.8423000
1711152000000,0.5565000,0.5762000,0.5449000,0.5590000,70735193,39797847.4121000,184086,19436658.2178000
1711238400000,0.5589000,0.5818000,0.5527000,0.5788000,63630758,36039990.1610000,171687,17922811.6640000
1711324800000,0.5787000,0.6178000,0.5747000,0.6070000,108956736,65197216.4256000,262059,31491115.6916000
1711411200000,0.6071000,0.6382000,0.5960000,0.6143000,142081126,87774930.1293000,317265,43833903.5292000
1711497600000,0.6142000,0.6300000,0.5830000,0.5941000,155160395,93794628.2778000,364967,44798491.4409000
1711584000000,0.5940000,0.6159000,0.5775000,0.6025000,91885125,55097739.1309000,222393,26158651.7908000
1711670400000,0.6024000,0.6097000,0.5816000,0.6062000,77787179,46280410.8731000,199047,22662964.2804000
1711756800000,0.6061000,0.6112000,0.5934000,0.6015000,67104354,40506462.4035000,170673,19616869.4859000
1711843200000,0.6016000,0.6057000,0.5866000,0.5996000,56748633,33896740.6425000,151722,16523161.0675000
1711929600000,0.5996000,0.6020000,0.5391000,0.5590000,178847458,100827126.5477000,360048,47723302.6201000
1712016000000,0.5589000,0.5592000,0.5151000,0.5180000,132329983,69959091.7778000,282666,33815230.2315000
1712102400000,0.5180000,0.5525000,0.4991000,0.5297000,137198960,73121657.5729000,281692,35008253.4751000
1712188800000,0.5297000,0.5481000,0.5138000,0.5355000,73997658,39407851.4464000,191813,19384417.1146000
1712275200000,0.5356000,0.5372000,0.5011000,0.5269000,86834885,45318108.4427000,194543,22188099.2718000
1712361600000,0.5270000,0.5402000,0.5229000,0.5356000,63778858,33975338.8307000,122648,17212775.7395000
1712448000000,0.5355000,0.5517000,0.5326000,0.5391000,48278476,26129822.5211000,99886,12894785.5018000
1712534400000,0.5390000,0.5708000,0.5310000,0.5669000,64564131,35765475.7041000,135078,17761028.8496000
1712620800000,0.5669000,0.5891000,0.5348000,0.5362000,132915634,75210325.4529000,291018,35714340.3197000
1712707200000,0.5362000,0.5395000,0.4931000,0.5241000,101401634,52431333.6271000,226689,24382412.3467000
1712793600000,0.5242000,0.5324000,0.5038000,0.5086000,72489705,37610039.3116000,170293,18152140.2224000
1712880000000,0.5087000,0.5205000,0.3557000,0.4194000,216520513,94849494.0611000,440856,42617219.0098000
1712966400000,0.4194000,0.4279000,0.2965000,0.3751000,349891518,129524066.7992000,595282,61929882.7322000
1713052800000,0.3752000,0.4443000,0.3612000,0.4198000,348882455,141599957.3255000,681739,69054226.8501000
1713139200000,0.4198000,0.4289000,0.3708000,0.3930000,217560158,87644719.5989000,428464,43417342.5073000
1713225600000,0.3929000,0.4008000,0.3681000,0.3910000,152297267,58688787.7013000,312988,28692115.6294000
1713312000000,0.3909000,0.4011000,0.3663000,0.3753000,129769412,49771204.2623000,269485,24995155.9626000
1713398400000,0.3754000,0.3955000,0.3630000,0.3916000,122521557,46571331.0302000,252136,22956938.9630000
1713484800000,0.3915000,0.4052000,0.3570000,0.3900000,130139411,50635809.3866000,273433,25413676.8403000
1713571200000,0.3899000,0.4298000,0.3826000,0.4271000,68299697,27681105.1431000,163823,13582466.0351000
1713657600000,0.4271000,0.4314000,0.4061000,0.4150000,55068586,23012917.6597000,137786,11381398.9039000
1713744000000,0.4149000,0.4426000,0.4117000,0.4331000,82612108,35506320.1889000,199130,18005484.6818000
1713830400000,0.4331000,0.4402000,0.4200000,0.4293000,66713766,28598711.0034000,171690,14072774.0625000
1713916800000,0.4292000,0.4410000,0.3957000,0.3990000,93268028,39353274.7554000,220323,19152743.6917000
1714003200000,0.3990000,0.4043000,0.3828000,0.3902000,70196825,27557297.2910000,168298,13632858.2357000
1714089600000,0.3902000,0.3948000,0.3762000,0.3823000,55093006,21208679.3691000,128136,10431379.9538000
1714176000000,0.3823000,0.4257000,0.3623000,0.4130000,283995356,114416919.3230000,456912,56971774.3050000
1714262400000,0.4129000,0.4342000,0.4014000,0.4031000,168852313,70811455.7533000,296359,34308975.4516000
1714348800000,0.4032000,0.4074000,0.3857000,0.4011000,104734106,41433890.5166000,199208,19957391.0608000
1714435200000,0.4011000,0.4045000,0.3550000,0.3713000,146894285,54806098.7404000,248742,26607339.1962000
1714521600000,0.3712000,0.3955000,0.3615000,0.3916000,227205452,85660469.1095000,382553,42186831.7734000
1714608000000,0.3916000,0.4156000,0.3747000,0.4036000,103827428,40943893.0563000,209712,20852399.9290000
1714694400000,0.4036000,0.4162000,0.3946000,0.4126000,85881841,34813154.4740000,166199,17729174.4627000
1714780800000,0.4125000,0.4145000,0.4016000,0.4040000,57481148,23436706.7640000,108889,11270874.9802000
1714867200000,0.4041000,0.4214000,0.3907000,0.4067000,74468322,30019672.6325000,140353,14723707.1508000
1714953600000,0.4067000,0.4208000,0.3934000,0.3950000,96244816,39114140.2044000,187779,19517415.1006000
1715040000000,0.3950000,0.3970000,0.3776000,0.3794000,84936491,33065354.9579000,155092,15540609.1805000
1715126400000,0.3793000,0.3838000,0.3657000,0.3699000,121329471,45480283.3547000,185194,22568551.7763000
1715212800000,0.3698000,0.3960000,0.3679000,0.3898000,86977818,33027718.6727000,157089,16306538.0590000
1715299200000,0.3898000,0.3947000,0.3622000,0.3664000,76633925,29010288.9182000,144407,13742060.6264000
1715385600000,0.3664000,0.3744000,0.3619000,0.3636000,55180429,20299043.1914000,106093,10160615.1413000
1715472000000,0.3637000,0.3735000,0.3617000,0.3657000,35963401,13205671.2401000,72635,6544317.3453000
1715558400000,0.3657000,0.3719000,0.3428000,0.3565000,118686788,42730430.9080000,184069,20744006.5422000
1715644800000,0.3566000,0.3589000,0.3351000,0.3385000,84344665,29185586.5412000,143381,14607330.9565000
1715731200000,0.3385000,0.3793000,0.3304000,0.3706000,113861501,39923154.0075000,187539,19975865.9156000
1715817600000,0.3705000,0.3820000,0.3589000,0.3672000,59831040,22124725.5077000,112109,10683035.3078000
1715904000000,0.3671000,0.3842000,0.3609000,0.3774000,59413147,22168152.0809000,117155,11052212.0758000
1715990400000,0.3775000,0.3796000,0.3685000,0.3732000,35855597,13413908.0830000,70964,6333050.9067000
1716076800000,0.3733000,0.3779000,0.3486000,0.3519000,40030360,14511368.1001000,94622,6582513.3982000
1716163200000,0.3518000,0.3963000,0.3443000,0.3947000,102576261,37900657.3816000,188050,18900634.2823000
1716249600000,0.3948000,0.4424000,0.3892000,0.4182000,214798326,90351283.2524000,355390,44703783.5449000
1716336000000,0.4183000,0.4219000,0.3996000,0.4035000,103930147,42566784.5953000,197721,20276028.1701000
1716422400000,0.4035000,0.4492000,0.3935000,0.4227000,289833193,121962107.7927000,524944,60924394.3675000
1716508800000,0.4226000,0.4619000,0.4137000,0.4242000,279142209,121253928.1114000,472892,59666606.8580000
1716595200000,0.4241000,0.4731000,0.4167000,0.4634000,240484428,108894883.4870000,404257,53823681.7780000
1716681600000,0.4634000,0.4835000,0.4460000,0.4509000,210988319,98352316.4229000,387151,48783653.7713000
1716768000000,0.4509000,0.4661000,0.4351000,0.4474000,143531540,64155774.9978000,289874,30356417.5356000
1716854400000,0.4474000,0.4474000,0.4238000,0.4312000,127283246,55022126.7235000,263675,26517874.0736000
1716940800000,0.4313000,0.4385000,0.4151000,0.4180000,112028458,47845246.4501000,234624,22418577.1746000
1717027200000,0.4179000,0.4247000,0.4037000,0.4067000,85532075,35458723.6648000,181933,17291689.7506000
1717113600000,0.4067000,0.4264000,0.3989000,0.4205000,107238128,44206707.5599000,222627,21876933.5984000
1717200000000,0.4205000,0.4220000,0.4107000,0.4119000,60645016,25254210.1043000,125456,12113603.1667000
1717286400000,0.4118000,0.4169000,0.3999000,0.4004000,65324884,26690841.7290000,137671,12886320.5660000
1717372800000,0.4004000,0.4198000,0.3888000,0.3984000,131688454,53544715.0757000,238304,25971186.5855000
1717459200000,0.3984000,0.4115000,0.3931000,0.4048000,84721407,34242280.6339000,167829,16767887.5134000
1717545600000,0.4048000,0.4165000,0.4048000,0.4123000,79377389,32557955.8490000,152076,15567739.7198000
1717632000000,0.4123000,0.4186000,0.3965000,0.4050000,60390539,24704285.9268000,124553,11859980.3422000
1717718400000,0.4049000,0.4156000,0.3310000,0.3680000,172733720,64752815.4319000,292049,29594658.1638000
1717804800000,0.3679000,0.3697000,0.3459000,0.3491000,79323157,28385137.7916000,155524,13267949.8627000
1717891200000,0.3490000,0.3680000,0.3467000,0.3677000,54394842,19355981.9778000,115145,9548390.5330000
1717977600000,0.3677000,0.3685000,0.3500000,0.3518000,76477475,27432592.6569000,153747,12958663.9334000
1718064000000,0.3518000,0.3543000,0.3271000,0.3350000,112783377,38389145.8693000,197995,18412929.5384000
1718150400000,0.3351000,0.3626000,0.3261000,0.3486000,99140527,34414432.6987000,184973,16827724.1169000
1718236800000,0.3486000,0.3487000,0.3224000,0.3263000,101174107,33663620.8785000,166604,16451032.4874000
1718323200000,0.3264000,0.3297000,0.2996000,0.3102000,134169387,42340577.4100000,217188,20819000.0789000
1718409600000,0.3102000,0.3298000,0.3071000,0.3128000,70976274,22647782.1402000,139188,11042319.4233000
1718496000000,0.3128000,0.3149000,0.3049000,0.3101000,56604869,17578984.8092000,105715,8783274.3157000
1718582400000,0.3101000,0.3116000,0.2700000,0.2773000,126175319,36486033.3746000,211282,17527561.2291000
1718668800000,0.2773000,0.2785000,0.2336000,0.2549000,247373413,62418869.9750000,340051,30510556.0263000
1718755200000,0.2549000,0.2695000,0.2526000,0.2585000,133137925,34948683.2442000,195870,17421870.1708000
1718841600000,0.2584000,0.2744000,0.2554000,0.2575000,125463796,33150487.4628000,199749,16258629.7860000
1718928000000,0.2575000,0.2639000,0.2488000,0.2537000,119870682,30676467.8361000,195394,15264913.0298000
1719014400000,0.2537000,0.2546000,0.2447000,0.2453000,52087589,13021585.1214000,87849,6306009.2653000
1719100800000,0.2453000,0.2540000,0.2371000,0.2390000,74107228,18274188.1109000,109445,8875410.8922000
1719187200000,0.2390000,0.2532000,0.2229000,0.2513000,169108101,40497112.9184000,250421,20012575.5757000
1719273600000,0.2513000,0.2585000,0.2368000,0.2432000,203337508,50103474.3095000,231795,24934879.4476000
1719360000000,0.2431000,0.2455000,0.2054000,0.2068000,929196876,203898341.1760000,640057,100439894.3010000
1719446400000,0.2068000,0.2152000,0.2026000,0.2090000,740282548,154520723.4328000,587894,77283788.6848000
1719532800000,0.2090000,0.2161000,0.1976000,0.2006000,526895029,109599024.2437000,464359,52436345.0031000
1719619200000,0.2006000,0.2108000,0.2004000,0.2018000,267529111,55206705.3419000,279279,27085151.8164000
1719705600000,0.2018000,0.2079000,0.1951000,0.2053000,269956368,54287188.0328000,242750,26621939.7442000
1719792000000,0.2052000,0.2076000,0.1962000,0.1974000,207433258,41771314.9081000,194111,20217049.0947000
1719878400000,0.1974000,0.2035000,0.1931000,0.2004000,244835681,48691755.7399000,232393,23228147.0816000
1719964800000,0.2003000,0.2025000,0.1827000,0.1844000,318965473,61084982.4915000,266833,29399889.8877000
1720051200000,0.1844000,0.1867000,0.1599000,0.1619000,409994414,71504252.8541000,291589,34569567.7298000
1720137600000,0.1618000,0.1622000,0.1368000,0.1504000,603634418,90431840.8988000,401950,43800353.7392000
1720224000000,0.1505000,0.1639000,0.1484000,0.1617000,215138266,33318754.9778000,147187,16448036.1532000
1720310400000,0.1617000,0.1656000,0.1534000,0.1544000,254489570,40705705.3838000,185207,19684261.8180000
1720396800000,0.1544000,0.1707000,0.1481000,0.1634000,378444547,61030440.5147000,266081,30118400.8582000
1720483200000,0.1634000,0.1770000,0.1616000,0.1759000,213581168,36003878.5409000,169323,17998471.6333000
1720569600000,0.1758000,0.1795000,0.1713000,0.1760000,121962135,21349101.1167000,120677,10455591.2266000
1720656000000,0.1760000,0.1786000,0.1582000,0.1614000,183834428,31221952.3450000,148115,14499844.6560000
1720742400000,0.1615000,0.1679000,0.1592000,0.1648000,148954917,24407124.5816000,130886,11798477.6725000
1720828800000,0.1648000,0.1720000,0.1644000,0.1696000,80926076,13565589.6327000,71987,6550409.3672000
1720915200000,0.1696000,0.1757000,0.1682000,0.1746000,66428214,11394506.9740000,69998,5332512.2559000
1721001600000,0.1746000,0.1878000,0.1734000,0.1868000,116619337,20938207.2842000,110706,10459026.4374000
1721088000000,0.1869000,0.1930000,0.1767000,0.1890000,183254451,33909514.4854000,152359,16497529.5788000
1721174400000,0.1890000,0.2017000,0.1883000,0.1900000,219605344,42768780.3646000,175675,20648395.0628000
1721260800000,0.1899000,0.1951000,0.1811000,0.1870000,123674505,23344193.3359000,111516,11719788.4683000
1721347200000,0.1870000,0.2079000,0.1816000,0.2042000,139938875,27111403.8627000,121386,12749450.2253000
1721433600000,0.2042000,0.2255000,0.2001000,0.2161000,444860376,96415718.2378000,323244,47593856.9765000
1721520000000,0.2161000,0.2167000,0.2009000,0.2166000,153136686,32162560.8230000,123025,15621312.1977000
1721606400000,0.2166000,0.2230000,0.2020000,0.2040000,121959753,25905421.8099000,128340,12342963.6870000
1721692800000,0.2039000,0.2118000,0.1939000,0.1991000,145022244,29305845.8214000,144610,13993850.2112000
1721779200000,0.1991000,0.2034000,0.1872000,0.1896000,94465773,18570651.5282000,95010,8784866.9302000
1721865600000,0.1896000,0.1910000,0.1709000,0.1793000,138374116,24830179.3179000,122781,12130384.4859000
1721952000000,0.1792000,0.1894000,0.1787000,0.1884000,67037018,12414517.0296000,73501,6138966.1305000
1722038400000,0.1884000,0.1965000,0.1840000,0.1913000,100781965,19138979.6183000,106140,9421334.0625000
1722124800000,0.1913000,0.1938000,0.1842000,0.1876000,82317865,15579984.2496000,88024,7713146.7538000
1722211200000,0.1876000,0.1974000,0.1869000,0.1924000,104231422,20075605.3930000,118589,9959359.4422000
1722297600000,0.1925000,0.1959000,0.1815000,0.1850000,94544524,17936844.2499000,102322,8588392.5554000
1722384000000,0.1849000,0.1950000,0.1821000,0.1833000,104796804,19633704.4577000,112598,9291318.7230000
1722470400000,0.1833000,0.1847000,0.1603000,0.1757000,150656338,26071224.0710000,143723,12731297.1366000
1722556800000,0.1757000,0.1784000,0.1584000,0.1599000,142613914,23886696.8882000,146020,11395829.8737000
1722643200000,0.1599000,0.1607000,0.1431000,0.1478000,145837050,22243013.5999000,112871,10470410.9823000
1722729600000,0.1477000,0.1558000,0.1369000,0.1449000,157102496,23155397.8369000,127092,11077060.9582000
1722816000000,0.1449000,0.1467000,0.1087000,0.1258000,789065389,96386750.9870000,492455,47027732.2126000
1722902400000,0.1259000,0.1409000,0.1257000,0.1376000,291351967,39526073.0637000,196737,19934202.4656000
1722988800000,0.1375000,0.1448000,0.1308000,0.1335000,199460302,27487856.0024000,160145,13387123.5894000
1723075200000,0.1334000,0.1535000,0.1291000,0.1521000,157097721,22041659.2711000,123488,11385428.3867000
1723161600000,0.1522000,0.1529000,0.1452000,0.1506000,82809949,12362602.7685000,88905,6249462.8593000
1723248000000,0.1506000,0.1609000,0.1480000,0.1560000,92509744,14349130.4847000,80711,7215078.7983000
1723334400000,0.1559000,0.1627000,0.1440000,0.1444000,108861786,16818282.8204000,84386,7925987.7848000
1723420800000,0.1444000,0.1671000,0.1444000,0.1605000,356684173,56676680.6718000,244272,27940574.8668000
1723507200000,0.1605000,0.1677000,0.1527000,0.1630000,131362959,20914785.7800000,111991,10270566.0144000
1723593600000,0.1630000,0.1634000,0.1528000,0.1552000,110433366,17423566.6471000,95977,8655354.9870000
1723680000000,0.1551000,0.1647000,0.1508000,0.1585000,157101963,24688339.2402000,136972,12399281.0305000
1723766400000,0.1584000,0.1621000,0.1503000,0.1572000,180778495,28334943.4046000,151462,14011556.2436000
1723852800000,0.1571000,0.1750000,0.1556000,0.1710000,266013425,44251895.8553000,179393,22951691.1970000
1723939200000,0.1710000,0.1778000,0.1644000,0.1646000,224498853,38585711.6874000,154708,18952184.6872000
1724025600000,0.1646000,0.1701000,0.1606000,0.1651000,166950734,27552316.1306000,116865,13500678.5439000
1724112000000,0.1651000,0.1704000,0.1585000,0.1642000,111389225,18398213.4729000,92663,9291582.4389000
1724198400000,0.1641000,0.1825000,0.1624000,0.1770000,145625986,25156412.7015000,126915,12467666.1633000
1724284800000,0.1770000,0.1808000,0.1745000,0.1794000,75900899,13458277.4045000,79319,6904678.0956000
1724371200000,0.1793000,0.1968000,0.1770000,0.1961000,128562656,24089104.5278000,122843,12509458.0875000
1724457600000,0.1961000,0.2065000,0.1948000,0.1993000,113833922,22781949.4461000,113833,10907990.8322000
1724544000000,0.1993000,0.1998000,0.1875000,0.1912000,93092672,17976128.2707000,91129,8560379.9619000
1724630400000,0.1912000,0.1941000,0.1765000,0.1780000,85317869,15801592.2209000,95909,7722065.6329000
1724716800000,0.1781000,0.1859000,0.1640000,0.1664000,127238509,22503575.7898000,124082,10264328.4921000
1724803200000,0.1664000,0.1710000,0.1523000,0.1605000,278567551,44908848.7811000,166307,21330833.9178000
1724889600000,0.1605000,0.1722000,0.1602000,0.1623000,125961712,20781950.9432000,94808,10139470.3717000
1724976000000,0.1623000,0.1647000,0.1514000,0.1609000,113287328,17980491.6542000,94503,8853071.8552000
1725062400000,0.1608000,0.1633000,0.1552000,0.1568000,46589174,7424602.1868000,47646,3609104.3316000
1725148800000,0.1567000,0.1575000,0.1463000,0.1471000,86591022,13230238.3331000,81976,6493493.8852000
1725235200000,0.1470000,0.1559000,0.1447000,0.1544000,118171592,17631031.9160000,86895,9081045.4622000
1725321600000,0.1544000,0.1605000,0.1473000,0.1478000,100784359,15589918.8807000,83741,7621126.4764000
1725408000000,0.1478000,0.1567000,0.1396000,0.1551000,130235631,19283809.9710000,101489,9493107.6045000
1725494400000,0.1551000,0.1648000,0.1547000,0.1579000,396698421,63757721.5000000,217878,31474481.9344000
1725580800000,0.1579000,0.1670000,0.1507000,0.1587000,352748069,56006563.5883000,232611,27969521.5097000
1725667200000,0.1587000,0.1697000,0.1578000,0.1649000,228645835,37800424.3770000,142463,19171863.3693000
1725753600000,0.1648000,0.1778000,0.1635000,0.1730000,197128678,33682523.2859000,139646,16690674.1507000
1725840000000,0.1731000,0.1847000,0.1685000,0.1798000,169095641,29696350.9100000,133287,15272569.5662000
1725926400000,0.1797000,0.1859000,0.1771000,0.1816000,114009553,20698821.7296000,98263,10350853.4439000
1726012800000,0.1816000,0.1818000,0.1694000,0.1737000,128281739,22349202.7529000,102681,10981759.5133000
1726099200000,0.1738000,0.1855000,0.1737000,0.1853000,112458078,20327368.5528000,99695,10077344.1403000
1726185600000,0.1853000,0.1882000,0.1778000,0.1851000,80713783,14755991.2909000,84106,7326113.1407000
1726272000000,0.1851000,0.1854000,0.1763000,0.1811000,51916266,9361753.7168000,47782,4682872.7911000
1726358400000,0.1811000,0.1883000,0.1752000,0.1772000,94891539,17384865.6479000,77602,8432713.6324000
1726444800000,0.1773000,0.1773000,0.1655000,0.1699000,85819147,14687602.3072000,73978,7256457.1113000
1726531200000,0.1699000,0.1796000,0.1669000,0.1735000,71930922,12500619.9798000,65321,6234735.0654000
1726617600000,0.1735000,0.2036000,0.1698000,0.2012000,366419110,68741058.0347000,215784,34534789.9040000
1726704000000,0.2013000,0.2119000,0.1997000,0.2055000,266449846,54709974.3321000,184866,26787886.2929000
1726790400000,0.2055000,0.2249000,0.1978000,0.2220000,229749186,48674134.5481000,184822,24531575.1693000
1726876800000,0.2219000,0.2262000,0.2111000,0.2199000,175167357,38245446.8541000,159516,18480700.9464000
1726963200000,0.2199000,0.2200000,0.2021000,0.2088000,176210459,36860877.4087000,134563,18032347.6684000
1727049600000,0.2089000,0.2221000,0.2032000,0.2185000,162728203,34944923.4773000,152306,17144195.4772000
1727136000000,0.2186000,0.2388000,0.2131000,0.2361000,168919740,37870602.9521000,150049,18584521.6072000
1727222400000,0.2361000,0.2558000,0.2323000,0.2335000,285111474,69533012.7309000,284966,33245555.7234000
1727308800000,0.2336000,0.2451000,0.2260000,0.2408000,213064281,50321837.2374000,197950,25580466.9034000
1727395200000,0.2409000,0.2454000,0.2349000,0.2427000,137365345,33146806.1249000,151992,16354709.2161000
1727481600000,0.2427000,0.2518000,0.2306000,0.2368000,137355200,32916796.1681000,132013,15276402.6397000
1727568000000,0.2368000,0.2563000,0.2318000,0.2453000,148196615,36069266.9734000,170090,17098911.0762000
1727654400000,0.2453000,0.2483000,0.2196000,0.2230000,167016868,39131190.5055000,169044,18595903.9345000
1727740800000,0.2230000,0.2408000,0.2048000,0.2170000,246511606,55464910.5657000,225344,26022902.3289000
1727827200000,0.2169000,0.2295000,0.2000000,0.2056000,192420681,41438873.8679000,199326,19472789.7440000
1727913600000,0.2056000,0.2117000,0.1877000,0.1942000,172154692,34082119.5619000,171801,16743593.6534000
1728000000000,0.1941000,0.2222000,0.1910000,0.2182000,202090384,42496951.0126000,177470,21280065.1927000
1728086400000,0.2183000,0.2280000,0.2128000,0.2223000,139625865,30950439.3378000,129469,15722637.7934000
1728172800000,0.2224000,0.2289000,0.2188000,0.2255000,103102107,22989398.0717000,112086,11606894.3002000
1728259200000,0.2254000,0.2418000,0.2230000,0.2264000,173970718,40202307.5816000,184387,19508663.3034000
1728345600000,0.2264000,0.2415000,0.2256000,0.2325000,177927972,41643175.2534000,211488,20112602.2603000
1728432000000,0.2325000,0.2379000,0.2110000,0.2129000,143374439,31980874.0941000,148331,15175135.4642000
1728518400000,0.2130000,0.2180000,0.2012000,0.2131000,118627393,24895065.4900000,126553,12031039.5894000
1728604800000,0.2131000,0.2286000,0.2091000,0.2259000,105651521,23257511.4354000,105845,11397263.2786000
1728691200000,0.2258000,0.2386000,0.2242000,0.2352000,78750276,18254072.9728000,96957,9128000.0983000
1728777600000,0.2353000,0.2550000,0.2347000,0.2498000,250299057,61546684.7126000,245053,30124728.3969000
1728864000000,0.2497000,0.2598000,0.2438000,0.2569000,197796714,49739119.5087000,214397,23551328.9956000
1728950400000,0.2569000,0.2573000,0.2348000,0.2460000,192788793,47419630.4286000,206504,23183589.4281000
1729036800000,0.2460000,0.2467000,0.2340000,0.2398000,94198454,22579269.3113000,128914,11840222.9770000
1729123200000,0.2399000,0.2539000,0.2370000,0.2447000,164515399,40281624.2127000,174016,20293000.1121000
1729209600000,0.2446000,0.2480000,0.2383000,0.2469000,92944764,22657772.8129000,105485,10855588.0676000
1729296000000,0.2469000,0.2495000,0.2384000,0.2418000,56368851,13748584.4535000,76480,6962357.8192000
1729382400000,0.2418000,0.2909000,0.2373000,0.2850000,413578339,112424049.6934000,366509,54832574.1106000
1729468800000,0.2851000,0.2851000,0.2639000,0.2650000,189466768,51508511.4200000,206660,25134438.3264000
1729555200000,0.2650000,0.2729000,0.2564000,0.2639000,141668164,37330518.0531000,142242,18870728.9821000
1729641600000,0.2639000,0.2640000,0.2404000,0.2525000,103388739,25783764.0715000,122931,12616355.8818000
1729728000000,0.2524000,0.2568000,0.2453000,0.2525000,72637465,18219797.5797000,96962,8877669.7635000
1729814400000,0.2524000,0.2528000,0.2121000,0.2255000,111038218,26209369.3973000,130892,12393818.3338000
1729900800000,0.2254000,0.2313000,0.2179000,0.2245000,80719190,18122664.8671000,91222,9069177.7375000
1729987200000,0.2246000,0.2330000,0.2214000,0.2289000,45697123,10357929.0955000,60816,5191841.0759000
1730073600000,0.2288000,0.2296000,0.2104000,0.2247000,125410132,27494560.5197000,126115,12946071.2088000
1730160000000,0.2247000,0.2375000,0.2230000,0.2359000,113555501,26248340.5174000,119484,12884694.8333000
1730246400000,0.2359000,0.2469000,0.2316000,0.2356000,140506753,33554658.6927000,143001,16212171.5133000
1730332800000,0.2356000,0.2362000,0.2159000,0.2175000,168738246,37864504.2009000,136364,17661668.3601000
1730419200000,0.2175000,0.2242000,0.2089000,0.2125000,99037492,21399257.4133000,104113,10021734.5426000
1730505600000,0.2126000,0.2153000,0.2016000,0.2032000,55660888,11537425.3838000,70568,5448097.6261000
1730592000000,0.2032000,0.2044000,0.1823000,0.1919000,144031259,27472820.4923000,129158,13547780.9206000
1730678400000,0.1919000,0.1962000,0.1790600,0.1829300,123921630,23270543.7309300,153532,11651375.8409000
1730764800000,0.1829400,0.2014600,0.1816100,0.1978000,143829450,27727650.0168000,168554,13880027.7208100
1730851200000,0.1978400,0.2235600,0.1978400,0.2203300,181760634,38285886.5579200,217387,19442658.1145800
1730937600000,0.2203400,0.2294000,0.2108300,0.2195500,109843764,24119257.1355600,155661,11861826.1630200
1731024000000,0.2195900,0.2275800,0.2094000,0.2181500,133198129,28929755.2158600,188185,14172032.6755300
1731110400000,0.2181900,0.2348800,0.2164000,0.2325600,127360598,28604666.8968600,189082,14200769.7379000
1731196800000,0.2325700,0.2542500,0.2248300,0.2417300,216974942,51993658.3436600,335470,25231741.4918000
1731283200000,0.2417300,0.3076800,0.2340800,0.2766000,602768341,164122388.8884700,800311,80993784.5980300
1731369600000,0.2766600,0.2801800,0.2411800,0.2564600,359319126,93912660.7270200,586577,44662465.1680800
1731456000000,0.2564500,0.2591000,0.2291100,0.2394100,269474022,65056134.8601200,483938,31334871.1949500
1731542400000,0.2394300,0.2488600,0.2219600,0.2259700,232610146,54918895.8442900,401725,27339554.5378600
1731628800000,0.2259300,0.2386500,0.2177700,0.2376900,129934916,29607733.2679000,290126,14643342.1729000
1731715200000,0.2376900,0.2649100,0.2361200,0.2637900,172128070,43565189.4776400,344127,20966145.1332800
1731801600000,0.2637700,0.2672800,0.2400300,0.2448700,145287810,36810588.3310500,299355,17786815.9399300
1731888000000,0.2448800,0.2627200,0.2430000,0.2620400,158733761,40307427.0002200,338928,19375512.8438600
1731974400000,0.2621200,0.2663100,0.2464500,0.2527000,126408193,32264391.2954600,279628,16170053.7985100
1732060800000,0.2526700,0.2527000,0.2321800,0.2381000,90144937,21904137.0501700,268927,10644699.0340700
1732147200000,0.2381000,0.2574300,0.2290800,0.2509100,126490654,31075979.4888400,298650,14534695.3297800
1732233600000,0.2508900,0.2652600,0.2433200,0.2638800,154571771,38998409.5319700,333419,19128223.4719000
1732320000000,0.2638700,0.3113300,0.2605000,0.2880800,281160930,80108275.8782100,559176,38946526.3667500
1732406400000,0.2880700,0.3396900,0.2777400,0.3342200,435548206,133505298.5619600,834840,65042098.1769700
1732492800000,0.3342100,0.3626300,0.3102900,0.3285400,489127904,162309974.7130200,978126,80251801.6861800
1732579200000,0.3285000,0.3351600,0.2943500,0.3137200,254555623,79348659.7165700,621552,38914214.7483000
1732665600000,0.3137200,0.3314300,0.3008800,0.3277500,178409909,55467338.0726000,432000,27000928.4995200
1732752000000,0.3277400,0.3295700,0.3076200,0.3176900,105765208,33454163.0091700,294353,16045445.3515600
1732838400000,0.3176000,0.3302700,0.3106600,0.3281100,89532720,28627266.2818700,246275,13360995.4265000
1732924800000,0.3280800,0.3832300,0.3227700,0.3701000,289392386,104009714.0910600,702088,51000682.2832000
1733011200000,0.3701200,0.4158400,0.3500000,0.3891800,361030983,137744481.4188100,762351,66368651.7431100
1733097600000,0.3892300,0.4153500,0.3494000,0.3970800,445017258,170055131.5169600,879307,83204751.3753500
1733184000000,0.3969900,0.4100100,0.3510500,0.3987100,297221947,113472403.9370400,639273,54971222.5167300
1733270400000,0.3987000,0.4426700,0.3946900,0.4164400,395809396,166963808.3134200,849115,79189245.7380600
1733356800000,0.4163300,0.4435800,0.3954700,0.4175500,211361962,89008969.1933000,532415,44526634.1149400
1733443200000,0.4175500,0.4564700,0.4002200,0.4384600,190229516,81186313.5594600,490588,39423754.9949400
1733529600000,0.4385000,0.4395500,0.4151000,0.4213800,71981473,30611590.3081900,267985,14871952.9201500
1733616000000,0.4213600,0.4228900,0.3980500,0.4141000,84761405,34650344.5931400,252272,16509104.3544100
1733702400000,0.4142100,0.4142600,0.2927100,0.3475700,349762555,125591479.6924700,585012,59371959.0902900
1733788800000,0.3476000,0.3669400,0.3075900,0.3376300,368049166,124732061.1631500,674969,60141301.4977500
1733875200000,0.3376300,0.3651700,0.3188200,0.3587000,142725060,48856741.7909300,367590,24422446.6475100
1733961600000,0.3587600,0.3949400,0.3562000,0.3918600,208918155,78879743.5816500,485381,39946020.6519400
1734048000000,0.3919100,0.3959300,0.3725500,0.3838700,156231506,59552285.5783900,415088,28213357.2439700
1734134400000,0.3838800,0.4415000,0.3811500,0.3932900,465704403,192230579.3168700,944207,95053345.6095100
1734220800000,0.3933000,0.4151000,0.3736100,0.3927000,223869372,87005397.1363600,573336,42220358.4390600
1734307200000,0.3927200,0.3979000,0.3621000,0.3661200,170785542,64086210.1095600,792267,31813439.4782900
1734393600000,0.3661300,0.3662000,0.3307100,0.3356100,211014683,74168502.6625600,842857,33613169.6444200
1734480000000,0.3356000,0.3367500,0.2794000,0.2933200,216890336,67574528.8095400,523203,32218301.1202400
1734566400000,0.2934100,0.3046900,0.2590800,0.2683600,303016766,85446518.9108400,583339,40819575.4277700
1734652800000,0.2683700,0.2835100,0.2337500,0.2721900,251488849,65010827.9820800,564501,32156242.1188500
1734739200000,0.2721800,0.2907100,0.2506800,0.2554500,129388707,34802886.2164000,384484,17075347.0222600
1734825600000,0.2554700,0.2642900,0.2478100,0.2552800,119793260,30720038.7653800,315759,14836876.4674600
1734912000000,0.2553100,0.2740200,0.2480500,0.2677600,114311932,29576836.0942200,324800,14143307.1834500
1734998400000,0.2678100,0.2825500,0.2603100,0.2784400,64586238,17517789.0881000,229450,8393169.5153800
1735084800000,0.2783500,0.2805500,0.2662000,0.2692400,75933837,20795911.7613000,207185,10294913.7253300
1735171200000,0.2692600,0.2717100,0.2426500,0.2463700,86339329,21769071.2798300,237978,10137205.1516700
1735257600000,0.2464300,0.2623700,0.2427300,0.2498800,80361006,20261759.1354000,216314,9839613.4454900
1735344000000,0.2498800,0.2626100,0.2492100,0.2611500,59829858,15309304.5820200,166859,7525881.1969600
1735430400000,0.2611400,0.2611400,0.2445500,0.2482000,61976137,15807725.8793500,141472,7266038.4141000
1735516800000,0.2482100,0.2561600,0.2389500,0.2475400,69782122,17384596.8069300,180739,8547286.5123100
1735603200000,0.2475600,0.2517400,0.2377500,0.2403200,64046495,15621145.6441600,165569,7726135.8795700
1735689600000,0.2403400,0.2514800,0.2352000,0.2499000,39750601,9638078.6159000,127538,4708618.9570800
1735776000000,0.2498400,0.2626500,0.2481300,0.2582300,53932580,13829083.9010600,145044,6911457.6379600
1735862400000,0.2582600,0.2777800,0.2530000,0.2761300,61185677,16320964.1492600,168112,8031307.9924600
1735948800000,0.2761400,0.2808900,0.2701100,0.2746400,52873514,14512923.2412400,152132,7168130.8227800
1736035200000,0.2746600,0.2753600,0.2681900,0.2715200,47170869,12806107.5647000,125104,6395002.7389300
1736121600000,0.2715300,0.2834300,0.2664000,0.2751800,71283057,19586001.4461600,162714,9940337.9981400
1736208000000,0.2751700,0.2771800,0.2446400,0.2457100,90762163,23723887.3507600,180169,11014551.3959200
1736294400000,0.2456900,0.2481600,0.2182900,0.2341800,92775004,21662341.1464600,194854,10567634.4129400
1736380800000,0.2341900,0.2378900,0.2168900,0.2250200,129261742,29443346.9938600,220169,12546419.8812800
1736467200000,0.2250200,0.2325600,0.2213200,0.2294500,81856371,18602023.4396200,188754,9139343.0704600
1736553600000,0.2294400,0.2331000,0.2248800,0.2286000,39580195,9007852.9940200,114468,4289610.5233900
1736640000000,0.2286300,0.2296300,0.2203300,0.2235400,31548024,7134144.2830900,96500,3449627.2893500
1736726400000,0.2235400,0.2292000,0.1947500,0.2085600,119894115,24773044.5481000,233388,12141236.1837300
1736812800000,0.2085900,0.2178400,0.2062500,0.2157600,60077978,12738104.2313000,123145,6161146.6315300
1736899200000,0.2157800,0.2316600,0.2064300,0.2310900,83846538,18232188.3897600,167200,8704730.4043300
1736985600000,0.2311000,0.2314500,0.2198600,0.2236500,72218295,16267803.8461500,163823,7818519.4308200
1737072000000,0.2236800,0.2429700,0.2236000,0.2380700,125892019,29381004.0896300,203290,14635992.6796700
1737158400000,0.2381100,0.2421500,0.2160400,0.2210200,90686879,20436069.0393000,205424,9844927.7596800
1737244800000,0.2209800,0.2252100,0.1924400,0.1968300,208114346,43152142.8567700,351405,21007566.5398900
1737331200000,0.1969000,0.2150300,0.1892900,0.1997600,207440190,41852694.3251400,340307,20112668.4435100
1737417600000,0.1997800,0.2109200,0.1877100,0.2051200,80037626,15865747.5515000,192718,7767040.7108300
1737504000000,0.2051200,0.2088100,0.1958300,0.1964600,50944073,10363030.7309600,134426,4947986.1588500
1737590400000,0.1964600,0.2014500,0.1899000,0.1970700,71234185,13878994.9103700,165464,7138952.0441100
1737676800000,0.1970900,0.2034500,0.1889500,0.1919400,56161682,11065112.3355900,131062,5438116.4297600
1737763200000,0.1919700,0.1996000,0.1884100,0.1966900,37834312,7350659.3869000,95922,3929304.9954100
1737849600000,0.1967100,0.2065200,0.1946600,0.1948500,50442037,10135686.3941900,114824,5177176.2649900
1737936000000,0.1948400,0.1954600,0.1753500,0.1866900,115804118,21332344.7823700,231623,10205838.1596500
1738022400000,0.1867200,0.1887000,0.1700000,0.1719900,70344305,12638344.8440600,155609,5901842.3053600
1738108800000,0.1720400,0.1832200,0.1704600,0.1764600,80900435,14307901.1039100,180751,6824727.1877100
1738195200000,0.1764700,0.1880400,0.1745600,0.1843000,50248587,9209369.6567500,139155,4682072.1026200
1738281600000,0.1842700,0.1961900,0.1812400,0.1862100,81866129,15450116.7737600,189937,7704218.3571900
1738368000000,0.1862100,0.1897300,0.1653900,0.1671200,70731074,12623670.5162300,188129,6026349.1946100
1738454400000,0.1671100,0.1709100,0.1344100,0.1432900,176654954,27084957.3376200,333859,12607627.6036900
1738540800000,0.1432900,0.1501300,0.1028000,0.1486500,421644518,53590573.5599000,497300,25891706.2865900
1738627200000,0.1486400,0.1498600,0.1329000,0.1382600,146570138,20404017.1360200,470156,10145627.9200200
1738713600000,0.1382600,0.1410100,0.1312400,0.1324800,83683134,11449873.9330300,313190,5630685.2264300
1738800000000,0.1325000,0.1364700,0.1257600,0.1273200,104548393,13589038.4911400,344483,6840144.8252000
1738886400000,0.1273300,0.1414400,0.1270800,0.1308100,139408869,18742177.5109700,379809,9026670.3864900
1738972800000,0.1308200,0.1366800,0.1294100,0.1357800,113618986,14974229.2937900,247763,7697297.0031300
1739059200000,0.1357700,0.1398800,0.1276800,0.1345600,81644464,11072368.0209200,235521,5464956.7614600
1739145600000,0.1345500,0.1419600,0.1305100,0.1403100,87015769,11948602.5389900,285832,5805017.0060000
1739232000000,0.1403200,0.1478500,0.1342600,0.1354500,117110594,16587136.4233800,200375,8294282.0471600
1739318400000,0.1354400,0.1471400,0.1307400,0.1453700,104393338,14290370.6936100,209096,6830792.8321400
1739404800000,0.1453700,0.1463200,0.1346600,0.1402000,126324026,17583353.6488200,243857,8748159.9271600
1739491200000,0.1403300,0.1478200,0.1395600,0.1438200,95213098,13610557.8178500,169238,6776197.9398900
1739577600000,0.1438100,0.1453800,0.1383800,0.1391600,41119138,5808057.2953400,126135,2803755.7688800
1739664000000,0.1391500,0.1441800,0.1375400,0.1401500,54456146,7648205.7209200,138047,3715503.4856600
1739750400000,0.1401500,0.1469000,0.1372700,0.1402000,68740551,9726065.7217800,146573,4846430.9962900
1739836800000,0.1402000,0.1407000,0.1283600,0.1339800,62082897,8327089.8574000,132821,4127563.3344900
1739923200000,0.1339400,0.1377200,0.1313100,0.1366500,40382238,5456826.8433200,93577,2653342.4356700
1740009600000,0.1366500,0.1431200,0.1356300,0.1428700,50631899,7055936.2135300,101361,3310547.6210300
1740096000000,0.1428800,0.1559700,0.1379500,0.1410700,190874204,28127280.4197100,233871,14013970.7989500
1740182400000,0.1410800,0.1531800,0.1400700,0.1494600,150012311,22325072.2166700,216457,10526078.5681800
1740268800000,0.1494100,0.1506800,0.1438000,0.1469300,61846608,9068420.4673700,116850,4284127.0731800
1740355200000,0.1469400,0.1479400,0.1278600,0.1302600,131714590,18169462.4974600,262314,7937395.0375000
1740441600000,0.1302500,0.1345900,0.1213700,0.1321100,159034107,20454333.2163500,351339,10213904.0026400
1740528000000,0.1321500,0.1416500,0.1274100,0.1321800,156940226,20923013.0994000,301388,10486610.2176400
1740614400000,0.1322000,0.1377500,0.1298900,0.1335300,69914908,9344550.1600200,215542,4545967.3190400
1740700800000,0.1335400,0.1339000,0.1213000,0.1317800,153623760,19698964.5637000,357769,9356489.3213100
1740787200000,0.1318000,0.1332600,0.1253000,0.1293700,51022150,6590029.3439300,110064,3365725.7054400
1740873600000,0.1293800,0.1411800,0.1268300,0.1398700,104085393,13931860.1561500,239386,6999046.3610700
1740960000000,0.1398700,0.1410200,0.1181600,0.1202100,113768748,14621522.4666300,171867,7188484.3411100
1741046400000,0.1202100,0.1207400,0.1075100,0.1166800,151557897,17316599.1284600,192800,8612201.9003600
1741132800000,0.1167300,0.1219800,0.1146300,0.1208300,75740768,8943910.1160400,117227,4513068.1495200
1741219200000,0.1208200,0.1233000,0.1156300,0.1175600,61111126,7330436.1496900,102345,3520200.2654500
1741305600000,0.1175400,0.1218800,0.1119600,0.1172600,96210006,11351294.3036500,166277,5746498.1948800
1741392000000,0.1172400,0.1189800,0.1134700,0.1150100,63185007,7344840.2669700,104819,3556130.3366700
1741478400000,0.1150100,0.1153400,0.1003400,0.1031100,119692828,12750462.6248700,150518,5780460.5298700
1741564800000,0.1031200,0.1090400,0.0937800,0.0960400,193537853,19582060.3404300,293673,9636026.7161900
1741651200000,0.0960500,0.1046400,0.0896800,0.1018800,216389659,20996279.5123900,195005,9912726.9054000
1741737600000,0.1018900,0.1066800,0.0991200,0.1033300,98473392,10114043.0154100,200309,4929837.3841900
1741824000000,0.1033300,0.1060400,0.0988100,0.1014700,135319829,13911815.7423300,210775,6893642.7555100
1741910400000,0.1014800,0.1068400,0.1010800,0.1044300,67005328,6994406.1941500,128269,3325463.7209600
1741996800000,0.1044400,0.1084200,0.1041600,0.1078700,119521197,12598524.7296400,144036,6341065.6995200
1742083200000,0.1078600,0.1083900,0.1011400,0.1020800,59338265,6220811.4778600,111091,2936300.5914000
1742169600000,0.1020900,0.1084500,0.1020100,0.1072600,72074576,7619397.4946900,128983,3558617.6778100
1742256000000,0.1072700,0.1075400,0.1015900,0.1053400,59850701,6247820.4996400,99330,3158884.6640100
1742342400000,0.1053500,0.1105000,0.1051000,0.1102400,74552902,8013648.9940200,106200,4118425.4881400
1742428800000,0.1102300,0.1108000,0.1054200,0.1073700,65743551,7084334.4414000,96869,3883494.9534700
1742515200000,0.1074000,0.1085200,0.1037700,0.1059400,43148958,4570040.4788200,77164,2231962.1340700
1742601600000,0.1059600,0.1113000,0.1059100,0.1090900,76295812,8266967.2525900,106016,4248503.1561100
1742688000000,0.1090900,0.1212700,0.1083800,0.1135800,323093121,37513319.0263900,292430,18539775.1930300
1742774400000,0.1135500,0.1214500,0.1115600,0.1179200,156282952,18390424.7603200,177247,8884050.3761700
1742860800000,0.1179300,0.1203700,0.1156300,0.1195000,69412230,8168548.4663700,130118,3817385.6019700
1742947200000,0.1194900,0.1224700,0.1144000,0.1167700,142412661,16874102.6165500,161986,7475655.3109400
1743033600000,0.1167700,0.1251000,0.1164400,0.1237900,142623135,17394779.7582300,180233,9099594.2442800
1743120000000,0.1238000,0.1292600,0.1091000,0.1110900,239660643,28409619.7798100,282590,12914141.1202800
1743206400000,0.1110800,0.1140500,0.1011000,0.1035100,97932228,10409521.4736400,152707,5068604.6510500
1743292800000,0.1035100,0.1075400,0.1014700,0.1032900,95709324,10053843.3462500,116394,4831568.9204900
1743379200000,0.1033200,0.1072300,0.1007700,0.1031400,122290837,12642304.9558400,172878,5401047.3976800
1743465600000,0.1031900,0.1107100,0.1029900,0.1054600,110544381,11853589.6208600,150639,5379285.5510800
1743552000000,0.1054700,0.1085900,0.0957000,0.0974500,106840316,11032087.7426100,182794,5379674.8838700
1743638400000,0.0974400,0.1033900,0.0967000,0.1006900,87740360,8763407.7415600,145733,4512671.2362400
1743724800000,0.1007100,0.1023700,0.0968900,0.1013700,70553169,7065212.6553500,117744,3576337.3424700
1743811200000,0.1013500,0.1024800,0.0981600,0.1000900,46767838,4711098.6470100,68390,2352893.1578100
1743897600000,0.1001100,0.1006600,0.0882900,0.0905600,94621845,8862967.3803200,124399,4317107.7789100
1743984000000,0.0905500,0.0951300,0.0805900,0.0905600,191281670,16875772.3358700,215909,8618071.2929900
1744070400000,0.0905700,0.0938000,0.0852400,0.0860700,74702742,6697570.4753600,126959,3304844.8998000
1744156800000,0.0860800,0.0958000,0.0830400,0.0953400,116028682,10393723.0248700,163347,5297772.5766100
1744243200000,0.0953400,0.0955600,0.0892900,0.0930800,74684642,6936089.5824600,126493,3532283.6647400
1744329600000,0.0930800,0.0971600,0.0920900,0.0961800,62125785,5902903.1327200,98496,3024994.1675300
1744416000000,0.0961600,0.1026300,0.0953500,0.1022500,74264631,7341680.7691400,100813,3768487.6729500
1744502400000,0.1022400,0.1032000,0.0942500,0.0957600,74327272,7306147.5060500,107483,3616211.4218300
1744588800000,0.0957500,0.1002300,0.0949000,0.0966800,76919354,7492752.3271400,110927,3794569.2218000
1744675200000,0.0966800,0.0992500,0.0944000,0.0953900,54837934,5304840.2394400,91092,2575545.7338500
1744761600000,0.0953700,0.0975400,0.0926800,0.0946000,61840703,5897398.8555600,98976,2913895.6136200
1744848000000,0.0946000,0.0988300,0.0943300,0.0969900,44708676,4330697.7221900,77847,2174494.3450000
1744934400000,0.0969600,0.1003800,0.0957800,0.0989900,53326602,5267461.9794800,89308,2623657.9746700
1745020800000,0.0990000,0.1028200,0.0979900,0.1012200,65223527,6548550.8123200,90713,3027696.3170500
1745107200000,0.1012100,0.1045100,0.0991900,0.1035100,91929390,9336627.5167600,116710,4543462.2053900
1745193600000,0.1035200,0.1104800,0.1027700,0.1033800,120327213,12803209.1362300,155784,6643072.0976200
1745280000000,0.1033900,0.1122300,0.1019100,0.1116000,120525271,12886227.1888500,161399,6223776.0359300
1745366400000,0.1115900,0.1147000,0.1095300,0.1132500,77785348,8753767.7329800,113354,4442426.2522200
1745452800000,0.1132700,0.1144500,0.1072200,0.1141700,85035807,9423267.9223000,111452,4506188.4436500
1745539200000,0.1141700,0.1172100,0.1111900,0.1128100,65643628,7518026.8537400,100025,3780003.7773100
1745625600000,0.1128200,0.1184000,0.1128200,0.1148600,98174082,11311637.7116000,122243,6058231.9177400
1745712000000,0.1148700,0.1163200,0.1077000,0.1087400,50102982,5552771.0411100,88716,2770337.4942500
1745798400000,0.1087700,0.1133300,0.1056300,0.1110700,79126130,8734104.5380900,107759,4346470.7938300
1745884800000,0.1110700,0.1134800,0.1073300,0.1082800,55248202,6136616.9978500,93031,3019608.4812200
1745971200000,0.1082600,0.1117700,0.1044400,0.1066800,65671141,7066851.7288500,97139,3324565.3867400
1746057600000,0.1066600,0.1118400,0.1066100,0.1100900,58669792,6440749.1209400,93261,3032350.5650300
1746144000000,0.1100700,0.1117800,0.1073300,0.1086100,46484034,5084729.0929200,83085,2704726.6692300
1746230400000,0.1086100,0.1091800,0.1007300,0.1010100,66652201,6949692.7673300,109749,3038734.6499300
1746316800000,0.1010000,0.1011400,0.0958100,0.0963900,54316003,5326058.2729500,98327,2704134.8112500
1746403200000,0.0963800,0.0998100,0.0955900,0.0984300,55699834,5438781.1943300,98180,2687943.3550300
1746489600000,0.0984500,0.0986300,0.0910200,0.0952200,75171866,7156579.1230700,113929,3567012.5189300
1746576000000,0.0952500,0.0966400,0.0929000,0.0950500,57054571,5425930.5018000,99559,2766896.0773400
1746662400000,0.0950500,0.1067800,0.0949600,0.1061400,82343711,8346071.3150800,122777,4001624.1613200
1746748800000,0.1061000,0.1199000,0.1058300,0.1186900,206542255,23458825.9239400,227694,12254898.7845000
1746835200000,0.1186400,0.1282900,0.1183600,0.1279400,121580725,14790868.9256000,173194,7445243.3509100
1746921600000,0.1279400,0.1305500,0.1183200,0.1202100,96122007,11866070.5221600,165506,5908931.0099100
1747008000000,0.1202000,0.1286800,0.1171800,0.1251400,126398179,15588811.3089200,203507,7527996.9623900
1747094400000,0.1251300,0.1300800,0.1162500,0.1283900,114512747,14054540.2769200,168576,6738477.5394800
1747180800000,0.1283900,0.1304600,0.1196200,0.1206400,103347196,12957752.5025200,164161,5950818.0613600
1747267200000,0.1206000,0.1226400,0.1096900,0.1124400,131013061,14982778.7344300,199193,6917439.4511200
1747353600000,0.1125000,0.1156600,0.1081600,0.1094200,61752220,6976763.0851800,140229,3326402.9898600
1747440000000,0.1094000,0.1098500,0.1037000,0.1053800,61913875,6583147.0893600,114487,3210818.6765400
1747526400000,0.1053900,0.1126500,0.1025600,0.1098000,71972408,7774269.6249700,128892,3791572.7527900
1747612800000,0.1098300,0.1120100,0.1005900,0.1053600,86292743,9039138.7139000,153004,4435398.9494600
1747699200000,0.1053600,0.1079900,0.1015600,0.1058000,67110841,7036763.1112400,122373,3552988.4971600
1747785600000,0.1058300,0.1094000,0.1031900,0.1068800,165771928,17443735.3702200,180090,8848048.3606500
1747872000000,0.1069200,0.1132300,0.1067400,0.1107000,101184360,11110726.4871700,138077,5425682.0781000
1747958400000,0.1107000,0.1138400,0.1011400,0.1020300,133118441,14344093.4694600,209795,7036941.5685500
1748044800000,0.1020600,0.1046700,0.1008700,0.1014400,51843341,5340485.9684700,100167,2567495.1598000
1748131200000,0.1014400,0.1031500,0.0985200,0.1030500,77974476,7852909.8675000,126565,3773771.3178600
1748217600000,0.1030700,0.1046700,0.1002300,0.1016200,62113736,6368139.9405500,106443,3048383.4481600
1748304000000,0.1016400,0.1051100,0.0986500,0.1028900,70086620,7196650.9195700,116578,3530661.7310000
1748390400000,0.1028800,0.1054700,0.0986000,0.1020800,73134541,7439994.5970300,124907,3837878.5737700
1748476800000,0.1020900,0.1046400,0.0973500,0.0982700,84043267,8484213.8702500,160976,4153600.8274200
1748563200000,0.0982600,0.0992400,0.0866500,0.0877400,135151333,12598263.9085200,175659,5934382.7914700
1748649600000,0.0877400,0.0897700,0.0841900,0.0886200,74880282,6532291.2027200,114819,3153947.2622300
1748736000000,0.0886200,0.0898200,0.0856500,0.0892900,46468225,4091358.4222000,88015,2155788.4165000
1748822400000,0.0893000,0.0922800,0.0865800,0.0920900,86145053,7697517.2985100,119610,3790981.8237600
1748908800000,0.0921000,0.0954000,0.0915900,0.0926700,66530393,6212082.0571200,101247,2997829.6844800
1748995200000,0.0926700,0.0947200,0.0893800,0.0900500,66717267,6189349.4273300,97557,3087978.0838500
1749081600000,0.0900600,0.0911600,0.0820000,0.0833300,92176348,8035349.3223800,117498,3909722.4145000
1749168000000,0.0833200,0.0897700,0.0830500,0.0850500,80340867,6943630.6141600,97328,3427582.2630100
1749254400000,0.0850600,0.0881200,0.0849400,0.0871900,52462180,4565731.4921700,74261,2329885.7185600
1749340800000,0.0872100,0.0877400,0.0854900,0.0863600,45467773,3940823.6704500,63783,1894843.0914200
1749427200000,0.0863500,0.0906300,0.0841500,0.0904000,62926571,5472281.0792000,76692,2903569.2197300
1749513600000,0.0904100,0.0943000,0.0888900,0.0940600,81224327,7441468.2036500,103047,3667082.6938000
1749600000000,0.0940700,0.0944300,0.0893100,0.0901600,82585314,7610635.1705200,106890,3834774.8276900
1749686400000,0.0901500,0.0902900,0.0841900,0.0846200,77625433,6775933.0394800,108967,3187373.2679000
1749772800000,0.0846200,0.0846200,0.0773700,0.0813000,144834180,11583794.4931300,156396,5455955.8303200
1749859200000,0.0813200,0.0813300,0.0781100,0.0795000,52498394,4194832.8349900,73271,2233310.5404100
1749945600000,0.0794800,0.0802700,0.0759500,0.0779400,67348392,5267084.2918300,77802,2548770.3130900
1750032000000,0.0779300,0.0814500,0.0768500,0.0781900,90489184,7220539.0626000,102412,3545540.1767200
1750118400000,0.0781800,0.0794900,0.0728200,0.0740500,102250058,7785181.4969400,116812,3710078.3322700
1750204800000,0.0740400,0.0759800,0.0714600,0.0746000,86372572,6387760.8577300,93275,3090401.1643500
1750291200000,0.0745900,0.0754500,0.0726500,0.0740500,42284169,3136634.4834500,60063,1579220.6186800
1750377600000,0.0740700,0.0768300,0.0700300,0.0712900,86054949,6315857.3493900,95034,2980092.3062000
1750464000000,0.0712900,0.0738900,0.0658000,0.0678500,121735818,8585676.9063000,132711,4006451.4036300
1750550400000,0.0678500,0.0692700,0.0612300,0.0652700,149084934,9676370.1045300,136245,4639990.9590900
1750636800000,0.0652600,0.0728700,0.0647800,0.0726800,99418090,6754536.8349600,104650,3406945.0494100
1750723200000,0.0726900,0.0755400,0.0726900,0.0749900,101814333,7533005.4389500,92849,3653882.9490000
1750809600000,0.0749900,0.0755200,0.0712300,0.0716600,85239625,6222880.2408900,96866,3034869.0020800
1750896000000,0.0716700,0.0733500,0.0690100,0.0696700,75805508,5371059.9441900,83963,2639327.1529500
1750982400000,0.0696600,0.0715800,0.0685500,0.0701600,69142472,4846349.8160800,76871,2410796.0866800
1751068800000,0.0701700,0.0737400,0.0686200,0.0729200,76199673,5423353.9193600,74759,2573893.4107800
1751155200000,0.0729200,0.0753800,0.0711200,0.0745700,76513149,5576079.6929900,73510,2754394.8603900
1751241600000,0.0745600,0.0760200,0.0705800,0.0711700,88509978,6449480.5909000,93324,3325585.6442100
1751328000000,0.0711700,0.0717700,0.0673000,0.0677900,73384789,5074347.4330400,88915,2381617.0010700
1751414400000,0.0677700,0.0754800,0.0673000,0.0736800,88549136,6359268.2109600,93064,3040402.2019000
1751500800000,0.0736600,0.0752000,0.0722300,0.0731800,90561064,6670925.4909900,97200,3524303.8380200
1751587200000,0.0731900,0.0740500,0.0689400,0.0695800,73212144,5189958.8268000,97624,2567335.1438300
1751673600000,0.0695800,0.0704900,0.0676200,0.0691200,95523088,6632553.9631800,95085,3298725.7321500
1751760000000,0.0691200,0.0716800,0.0681900,0.0706200,49139972,3419386.5898800,62703,1765598.3832700
1751846400000,0.0706100,0.0713800,0.0685200,0.0693000,41596045,2912096.6145600,61013,1448593.9643500
1751932800000,0.0693000,0.0717300,0.0681200,0.0706900,46485529,3237717.5771300,69090,1542329.4200000
1752019200000,0.0706900,0.0761500,0.0697300,0.0754700,78293322,5695900.4804700,87762,2897098.1535700
1752105600000,0.0754900,0.0815200,0.0744100,0.0812700,93393588,7172959.8436600,97478,3749363.0329000
1752192000000,0.0813000,0.0858800,0.0798900,0.0824200,153845488,12805856.4170500,144825,6297821.8357300
1752278400000,0.0824200,0.0888600,0.0810600,0.0860000,338127334,28464534.7507900,259989,14310786.5461300
1752364800000,0.0860100,0.0915500,0.0823800,0.0867000,314597124,27825288.0855600,269184,13060308.0333600
1752451200000,0.0867000,0.0914400,0.0845000,0.0865800,154890089,13684882.1520200,171730,6609875.0344700
1752537600000,0.0865900,0.0898900,0.0832200,0.0898700,132096683,11312037.5509000,157319,5571332.0998300
1752624000000,0.0898600,0.0928500,0.0877000,0.0896000,140660475,12735972.6085400,137330,6320353.4670000
1752710400000,0.0896000,0.0920600,0.0866600,0.0904600,146217555,13107855.0049900,143687,6461857.0066500
1752796800000,0.0904500,0.0962600,0.0876500,0.0892800,153366258,14113574.0064600,141497,6748529.8099700
1752883200000,0.0892900,0.0915300,0.0867500,0.0906700,101511091,9051391.9639300,98112,4538324.7724400
1752969600000,0.0906600,0.1080100,0.0902900,0.1033000,381796728,38366334.3207900,285095,18937218.3000300
1753056000000,0.1033300,0.1303900,0.1008700,0.1117400,1064869572,124238428.1065700,947120,60099274.8386000
1753142400000,0.1117300,0.1127700,0.1044400,0.1093700,400043407,42984924.5540900,413641,21032213.0568400
1753228800000,0.1093600,0.1103900,0.0993100,0.1020600,253974005,26722895.5268000,304558,12954984.1656200
1753315200000,0.1020800,0.1039600,0.0944400,0.0966500,258043700,25599571.9812200,275279,12347465.1077200
1753401600000,0.0966500,0.1046300,0.0942700,0.1041900,247408725,24802906.8729600,280003,12286805.1908100
1753488000000,0.1042100,0.1063200,0.1027900,0.1040300,138537589,14477280.2529300,142059,7255690.6858600
1753574400000,0.1040100,0.1108300,0.1036000,0.1073500,174448380,18777558.2659800,190669,8953459.9773700
1753660800000,0.1073700,0.1091700,0.0969100,0.0987400,181727450,18626316.9049300,206874,8227610.9006000
1753747200000,0.0987400,0.1014000,0.0942400,0.0965200,150684443,14728443.7440000,165827,7344920.8574000
1753833600000,0.0965200,0.0969800,0.0887100,0.0930400,129593401,12110541.7398200,158028,5816200.4955200
1753920000000,0.0930300,0.0951600,0.0860500,0.0864300,131072665,12007184.9347200,149902,5964132.2923700
1754006400000,0.0864200,0.0865900,0.0811000,0.0836000,162261184,13725648.6560800,170001,6736676.2431900
1754092800000,0.0836000,0.0853200,0.0788200,0.0805300,126737973,10389673.6114100,130156,4938881.3765400
1754179200000,0.0805300,0.0840200,0.0792800,0.0826200,79930209,6593043.9765700,83978,3399457.7714800
1754265600000,0.0826300,0.0865900,0.0823800,0.0861800,145956981,12289538.6976300,126421,5975405.9923500
1754352000000,0.0861800,0.0867700,0.0788000,0.0807900,145404956,12016710.4528400,148714,6057072.0878900
1754438400000,0.0807800,0.0827900,0.0784700,0.0811500,105082777,8481164.3263100,113339,4119442.0739700
1754524800000,0.0811500,0.0857000,0.0800600,0.0856400,107780166,8945480.9319400,109441,4265182.4348300
1754611200000,0.0856500,0.0870800,0.0835200,0.0865300,152967628,13070790.2791600,134779,6482967.4563400
1754697600000,0.0865200,0.0914000,0.0856700,0.0897400,140205951,12471461.1573700,116625,6155399.2687400
1754784000000,0.0897500,0.0918400,0.0858000,0.0879900,125738394,11143407.5057000,124424,5245106.1642000
1754870400000,0.0879800,0.0908000,0.0817000,0.0825200,144466383,12448951.5299800,144969,5853274.0410200
1754956800000,0.0825100,0.0888100,0.0808400,0.0878100,140131467,11817711.9603900,140978,5718035.0522800
1755043200000,0.0878100,0.0912300,0.0864500,0.0905500,166350901,14816030.3810900,143887,7210694.3097100
1755129600000,0.0905300,0.0916800,0.0791900,0.0809400,210548764,17829772.2265400,203706,8505997.5756500
1755216000000,0.0809300,0.0835300,0.0769000,0.0794400,162985025,13064395.4603100,172852,6606604.1263000
1755302400000,0.0794300,0.0835300,0.0790700,0.0829600,102407415,8313051.1387900,112622,4330856.6148600
1755388800000,0.0829700,0.0852800,0.0820000,0.0821400,80485100,6714904.5384000,96340,3078928.7138600
1755475200000,0.0821300,0.0824200,0.0772400,0.0784500,169287881,13406878.7933500,170864,6852470.7332600
1755561600000,0.0784500,0.0795200,0.0749600,0.0752400,108523170,8374560.1580400,135929,4103970.1437100
1755648000000,0.0752500,0.0793600,0.0747700,0.0789300,118370442,9123318.0492400,124728,4658632.3344200
1755734400000,0.0789500,0.0795700,0.0753500,0.0763200,86044355,6646251.9776700,105879,3238640.1407900
1755820800000,0.0763100,0.0835800,0.0730500,0.0832200,161107690,12614708.5308200,158830,6306501.1892500
1755907200000,0.0832200,0.0836200,0.0804100,0.0815300,86834209,7079866.4151100,87945,3389913.3926900
1755993600000,0.0815100,0.0831500,0.0775100,0.0790200,134476148,10721998.3826800,127927,5293287.2515900
1756080000000,0.0790100,0.0802600,0.0706600,0.0718900,144958368,10842916.6134600,151627,5039995.4801100
1756166400000,0.0718800,0.0763000,0.0711800,0.0752200,87884992,6483669.2284600,93007,3251775.2974200
1756252800000,0.0752300,0.0764500,0.0743200,0.0747600,91363426,6881961.1020400,95650,3281661.4157800
1756339200000,0.0747600,0.0812400,0.0741200,0.0811600,174025304,13643828.2039400,155081,6941563.5334700
1756425600000,0.0811800,0.0819000,0.0745400,0.0759600,197841734,15366885.9454300,164990,7274016.1099500
1756512000000,0.0759700,0.0776100,0.0746700,0.0768500,83351765,6361195.1391700,80016,3064409.6008900
1756598400000,0.0768600,0.0794600,0.0756400,0.0756900,76320747,5948745.7823400,79538,2713295.3107400
1756684800000,0.0756900,0.0783000,0.0718500,0.0739300,132904571,9955393.1449600,125657,4881677.4494200
1756771200000,0.0739200,0.0762100,0.0733200,0.0760000,126700198,9494124.1033900,97387,5121280.0364500
1756857600000,0.0760000,0.0775500,0.0750500,0.0768300,62722401,4788125.9362100,74641,2284963.5147200
1756944000000,0.0768400,0.0772500,0.0726000,0.0734300,65623784,4879555.6925600,76399,2323848.9888400
1757030400000,0.0734300,0.0774400,0.0734000,0.0759100,108988445,8253981.1659300,105666,4252509.1997900
1757116800000,0.0759000,0.0772700,0.0746500,0.0754500,55913413,4233905.0734400,72762,2146058.3309900
1757203200000,0.0754800,0.0774700,0.0754100,0.0766600,78542459,6012001.3772700,75338,2893671.3405300
1757289600000,0.0766800,0.0801600,0.0764100,0.0795700,79154253,6206713.7603400,96713,3141798.9899500
1757376000000,0.0795800,0.0823800,0.0783800,0.0808600,111450255,8962842.3701300,122317,4632745.0330500
1757462400000,0.0808500,0.0865700,0.0797800,0.0839500,182779760,15292518.9801200,180661,7826668.9040500
1757548800000,0.0839500,0.0877200,0.0823400,0.0853100,116623906,9864146.1157600,141973,4762148.9132700
1757635200000,0.0853000,0.0863500,0.0833900,0.0860800,75080110,6377915.0257900,100449,3078266.3969900
1757721600000,0.0861000,0.0899100,0.0855700,0.0885400,111695616,9822252.2838800,121555,5039028.9416300
1757808000000,0.0885400,0.0886400,0.0837000,0.0847500,91250010,7821571.8018500,107515,3481790.3613400
1757894400000,0.0847600,0.0867700,0.0804800,0.0829200,122508095,10209777.8695400,128815,4794858.4201000
1757980800000,0.0829300,0.0864100,0.0812900,0.0849500,75104631,6291136.5598700,95898,3160800.5359000
1758067200000,0.0849600,0.0886000,0.0821300,0.0875600,93847129,7947480.4716700,116172,3989691.8192700
1758153600000,0.0875700,0.0909600,0.0859400,0.0893600,94137168,8308266.8140000,114217,4264171.4022700
1758240000000,0.0893500,0.0908800,0.0835400,0.0842500,119943406,10402161.1460300,126978,4762117.0269000
1758326400000,0.0842500,0.0871500,0.0834700,0.0855500,58881227,5021317.7325200,76999,2445755.5110300
1758412800000,0.0855500,0.0868100,0.0833500,0.0838000,68576855,5815249.8480800,77725,2791514.1976800
1758499200000,0.0838000,0.0841500,0.0730000,0.0756100,179134827,13832567.4233500,167417,6423825.3409300
1758585600000,0.0756100,0.0770700,0.0733400,0.0749600,89552768,6742349.7299000,100911,3263454.5915800
1758672000000,0.0749700,0.0786700,0.0738500,0.0766100,73786655,5660895.8112800,88310,2703159.4324300
1758758400000,0.0766000,0.0766000,0.0698000,0.0710800,153655103,11224092.4067800,142721,5388245.0933100
1758844800000,0.0711100,0.0737400,0.0702600,0.0734700,129017573,9302669.3610200,114732,4782550.2455500
1758931200000,0.0734800,0.0734900,0.0714600,0.0723400,55871165,4051020.9707100,60264,2070269.5254900
1759017600000,0.0723500,0.0742200,0.0699200,0.0740100,61658478,4420952.6043200,64512,2275577.3101700
1759104000000,0.0740200,0.0765600,0.0717400,0.0734000,166662726,12362930.1087500,123291,5644685.5863900
1759190400000,0.0734000,0.0760600,0.0706300,0.0742700,154058346,11236876.7568800,124740,5778074.9975900
1759276800000,0.0742800,0.0779100,0.0734000,0.0778100,101409329,7722449.5155300,104781,3851742.8858800
1759363200000,0.0778300,0.0799900,0.0766800,0.0794000,73190386,5746636.9138600,85327,2836757.8316100
1759449600000,0.0794100,0.0800400,0.0753700,0.0782800,106673748,8272055.2850800,113811,4229045.7587100
1759536000000,0.0783100,0.0790500,0.0742200,0.0754100,75321663,5724913.8508000,85917,2847557.8100800
1759622400000,0.0754300,0.0783100,0.0738300,0.0744000,88547352,6714701.5366700,100797,3174774.8517600
1759708800000,0.0743800,0.0780200,0.0733400,0.0771200,91612834,6934401.2410100,111813,3478637.6506100
1759795200000,0.0771100,0.0778100,0.0714100,0.0717200,119445094,8823297.8483800,120213,4164247.9091200
1759881600000,0.0717200,0.0750800,0.0708200,0.0739100,72118128,5244678.0831800,93601,2542454.8986800
1759968000000,0.0739200,0.0740000,0.0700600,0.0722100,76549997,5494098.6014300,108143,2749143.3842400
1760054400000,0.0722200,0.0739000,0.0239500,0.0496300,395075383,21331265.1046600,261721,9915638.2102200
1760140800000,0.0496400,0.0524400,0.0470800,0.0493500,229933619,11489271.4614600,172879,5715309.4931800
1760227200000,0.0493700,0.0565600,0.0480400,0.0559800,162299619,8496271.0404000,129096,4309038.2388700
1760313600000,0.0559700,0.0613100,0.0551300,0.0605100,200805697,11747337.5090200,162575,5753383.5411100
1760400000000,0.0604700,0.0607500,0.0537900,0.0572400,164108000,9247584.0255000,143862,4574124.3138200
1760486400000,0.0572300,0.0597700,0.0540000,0.0548500,128000502,7286017.7310500,130649,3780956.2782500
1760572800000,0.0548500,0.0561200,0.0513400,0.0523800,204878354,11044352.0045600,136446,5230289.7762900
1760659200000,0.0523900,0.0532700,0.0484600,0.0508700,228695771,11552441.8138500,149214,5740236.3841900
1760745600000,0.0508700,0.0525500,0.0506400,0.0520800,60377701,3121730.8269800,64603,1620065.0748200
1760832000000,0.0520800,0.0540700,0.0508200,0.0528300,80852592,4241057.4593500,67111,2124438.6022400
1760918400000,0.0528200,0.0546800,0.0516700,0.0534200,97003395,5186040.8570300,80465,2643729.4940000
1761004800000,0.0534200,0.0555800,0.0510700,0.0514800,120233386,6372862.4546000,93342,3099134.1849600
1761091200000,0.0514700,0.0522400,0.0480900,0.0495100,162386653,8264510.0886000,108039,4280165.5745700
1761177600000,0.0495100,0.0521100,0.0493400,0.0512700,56683160,2876462.0659200,54968,1455731.8074200
1761264000000,0.0512800,0.0534600,0.0509500,0.0523500,71308886,3706351.3783000,63526,1888110.2057900
1761350400000,0.0523300,0.0524200,0.0510900,0.0517600,38299766,1981272.0865100,34960,966084.3829200
1761436800000,0.0517600,0.0540700,0.0509600,0.0536000,51590383,2720233.1575600,43771,1331368.4717600
1761523200000,0.0536100,0.0542100,0.0512300,0.0515600,61716421,3249427.2515000,51610,1605062.8868300
1761609600000,0.0515700,0.0522600,0.0484400,0.0492900,98584477,4965446.0602800,68546,2276165.1614900
1761696000000,0.0492900,0.0512000,0.0482000,0.0495000,86910975,4324508.4237000,75012,2135496.1596200
1761782400000,0.0495000,0.0503000,0.0437400,0.0455300,143721897,6731717.2303700,108379,3318188.4708000
1761868800000,0.0455400,0.0471600,0.0451600,0.0463000,80484309,3710913.7473700,81033,1808175.3199100
1761955200000,0.0463100,0.0514000,0.0458800,0.0499200,185228954,9089545.8880800,142584,4526921.9665800
1762041600000,0.0499100,0.0539700,0.0482200,0.0498500,256173454,13036421.6362900,223431,6494602.0384000
1762128000000,0.0498400,0.0498800,0.0408400,0.0424300,224102696,9918480.0269500,195409,4866821.7871700
1762214400000,0.0424000,0.0435700,0.0390600,0.0413000,264388534,10994706.6084500,219257,5550490.8898800
1762300800000,0.0413000,0.0427500,0.0392500,0.0426100,132473070,5487386.8412800,121500,2822256.9849800
1762387200000,0.0426100,0.0441300,0.0407000,0.0428400,162108777,6886169.2161500,147004,3417671.5885600
1762473600000,0.0428200,0.0494300,0.0422100,0.0481900,156997949,7167416.1903200,163113,3750842.8896500
1762560000000,0.0481900,0.0496700,0.0457300,0.0476700,112755721,5358823.5384400,133199,2710400.4739400
1762646400000,0.0476600,0.0483000,0.0446400,0.0475700,85171695,3954953.8371100,99045,1983391.0842200
1762732800000,0.0475800,0.0487800,0.0464900,0.0481200,93673583,4465707.2400400,102664,2094660.4765200
1762819200000,0.0481300,0.0489600,0.0451100,0.0453400,110676484,5204513.1320700,112408,2555626.7171100
1762905600000,0.0453500,0.0477900,0.0435800,0.0443800,97915181,4482209.6216700,105809,2250487.6751500
1762992000000,0.0443700,0.0462000,0.0412600,0.0423700,104562554,4607859.2787800,114225,2263515.7954100
1763078400000,0.0423700,0.0432200,0.0401500,0.0417500,134060982,5586694.8210700,125096,2679300.6009100
1763164800000,0.0417500,0.0436100,0.0417100,0.0427900,59515937,2543580.1636500,71904,1236303.8011500
1763251200000,0.0428100,0.0434600,0.0398900,0.0410500,81147692,3387527.9057800,80302,1631516.6141900
1763337600000,0.0410400,0.0424000,0.0392700,0.0401900,116975697,4785135.4756000,109360,2470257.0063400
1763424000000,0.0402000,0.0418200,0.0393200,0.0412100,91883155,3717830.4552900,93784,1775328.0823300
1763510400000,0.0412200,0.0417400,0.0378200,0.0399500,116227569,4657507.1668600,99052,2224110.9648200
1763596800000,0.0399500,0.0433500,0.0387400,0.0399800,199029314,8165601.7320600,149417,4027903.4997100
1763683200000,0.0399800,0.0414200,0.0361100,0.0376400,282099644,10804010.9277700,249913,5280800.5593700
1763769600000,0.0376300,0.0391900,0.0358400,0.0374800,106675971,3974554.4942000,103582,1877111.6538900
1763856000000,0.0374700,0.0391800,0.0371500,0.0379500,77779918,2972482.1860500,67211,1462270.2426000
1763942400000,0.0379300,0.0394100,0.0370300,0.0390400,90562872,3460310.4534000,83058,1729221.4026900
1764028800000,0.0390300,0.0401600,0.0382600,0.0395500,117127468,4592121.3533500,91607,2448173.4368100
1764115200000,0.0395400,0.0400600,0.0382500,0.0392300,82704932,3246305.4876300,68135,1484214.7367000
1764201600000,0.0392200,0.0407600,0.0388200,0.0402300,66394253,2634169.3223800,55302,1383905.6772200
1764288000000,0.0402200,0.0423900,0.0387900,0.0397200,152976027,6196212.1016500,96744,2969506.8419100
1764374400000,0.0397100,0.0415400,0.0380200,0.0386200,141288482,5604664.8875000,78499,2600688.1850000
1764460800000,0.0386100,0.0391200,0.0375800,0.0376900,58635340,2258577.7060900,49773,1096909.8506900
1764547200000,0.0376900,0.0381800,0.0335400,0.0343600,105589870,3705797.2336300,77946,1785631.6937800
1764633600000,0.0343500,0.0375700,0.0341600,0.0364900,80717868,2891640.5285400,60652,1566230.5740400
1764720000000,0.0365100,0.0373000,0.0356100,0.0370300,65555209,2399450.4693600,49183,1288798.8039300
1764806400000,0.0370400,0.0373100,0.0353300,0.0359000,47974886,1749429.7426700,42284,795797.0053100
1764892800000,0.0359000,0.0364300,0.0342100,0.0350600,77842493,2757945.8964300,45803,1388117.0382700
1764979200000,0.0350600,0.0355500,0.0343700,0.0351700,41908935,1463000.8834400,31017,753047.2001900
1765065600000,0.0351800,0.0354900,0.0331900,0.0342700,67213605,2319578.7963500,49035,1186945.3213800
1765152000000,0.0342700,0.0357700,0.0341300,0.0350900,45707293,1605100.5860900,33922,829895.3778100
1765238400000,0.0350800,0.0372400,0.0342600,0.0359900,78113147,2791600.3991500,57776,1389202.0010300
1765324800000,0.0359900,0.0364400,0.0346600,0.0348000,57493457,2037186.7380600,40387,984908.7753200
1765411200000,0.0348000,0.0349000,0.0326300,0.0338400,99756338,3340799.9651100,59399,1437441.7913400
1765497600000,0.0338500,0.0341700,0.0318500,0.0330400,75668989,2501929.9250500,39478,1229183.2795900
1765584000000,0.0330400,0.0350000,0.0330000,0.0338600,113044200,3840667.1566200,52369,2041545.1599700
1765670400000,0.0338500,0.0339500,0.0320200,0.0323200,49084801,1623018.4234500,35953,782823.6621200
1765756800000,0.0323300,0.0331000,0.0291300,0.0300400,127458240,3937057.4319000,71775,1869355.3421500
1765843200000,0.0300300,0.0301700,0.0288200,0.0298800,89618527,2647771.2873900,56043,1333043.9378600
1765929600000,0.0298700,0.0302700,0.0274800,0.0276000,90870472,2633527.6667700,56255,1283512.8965900
1766016000000,0.0276100,0.0281600,0.0256500,0.0263000,138749698,3728892.2556300,72090,1933749.6180700
1766102400000,0.0263100,0.0283100,0.0257900,0.0281100,90735810,2471756.2299900,51109,1280833.7227100
1766188800000,0.0281000,0.0296100,0.0280300,0.0287500,79774234,2294145.1136000,42083,1130615.0765000
1766275200000,0.0287600,0.0287800,0.0272200,0.0279800,58266503,1632724.2169700,36002,779886.4982700
1766361600000,0.0279800,0.0285500,0.0274100,0.0278700,65212170,1829355.6133200,41319,897484.8628400
1766448000000,0.0278600,0.0282000,0.0266000,0.0277300,61549282,1687732.7120200,37174,855148.1586600
1766534400000,0.0277400,0.0285300,0.0272400,0.0283400,70777726,1967022.9475700,40152,1046020.6678600
1766620800000,0.0283500,0.0289700,0.0276100,0.0276800,49765593,1415284.1874500,31398,711367.1962600
1766707200000,0.0276700,0.0287100,0.0275300,0.0282900,54298440,1532403.5330900,37824,781297.3356800
1766793600000,0.0282900,0.0301600,0.0282000,0.0300300,95617417,2797182.9853000,47771,1388799.4903600
1766880000000,0.0300300,0.0303700,0.0290700,0.0293900,58242737,1738746.7919400,33388,831806.3949600
1766966400000,0.0294000,0.0303400,0.0286300,0.0287300,61390221,1806560.4141100,43579,924450.4731000
1767052800000,0.0287300,0.0292600,0.0282200,0.0289300,43527330,1254446.4879100,34423,615544.3921400
1767139200000,0.0289200,0.0289700,0.0272400,0.0279200,67306691,1884239.5446900,37258,834499.8553300
1767225600000,0.0279100,0.0295700,0.0273800,0.0294700,75714372,2167101.1138900,40447,1223442.5391000
1767312000000,0.0294800,0.0305100,0.0290500,0.0303800,68484646,2033763.0933800,43288,1000756.4095800
1767398400000,0.0303600,0.0306600,0.0292600,0.0303400,48295720,1450130.6824000,39444,687249.9892600
1767484800000,0.0303500,0.0317400,0.0302300,0.0312500,49048452,1517065.4308000,36819,754539.4463200
1767571200000,0.0312400,0.0331600,0.0308200,0.0325700,127368405,4071882.2215600,61331,2164379.0164300
1767657600000,0.0325700,0.0335400,0.0312600,0.0330000,92332406,2998623.2278400,45890,1356943.1292400
1767744000000,0.0330000,0.0331500,0.0312700,0.0318100,75125567,2405563.8343300,50773,1174696.7038100
1767830400000,0.0318100,0.0332500,0.0307200,0.0317900,102311884,3258350.0269800,58330,1640724.3973500
1767916800000,0.0317700,0.0331000,0.0315800,0.0320000,175707549,5705524.8701800,82696,2853327.7398100
1768003200000,0.0319900,0.0334500,0.0316000,0.0324800,106094614,3462688.4558400,55723,1751816.8069100
1768089600000,0.0324800,0.0325100,0.0307600,0.0310800,75489993,2392781.6039800,40039,996793.2691500
1768176000000,0.0310800,0.0318300,0.0298000,0.0301600,79471513,2436531.1974300,48200,1155607.7599800
1768262400000,0.0301600,0.0330000,0.0301000,0.0325700,88370267,2797750.3746800,51078,1341660.5396100
1768348800000,0.0325800,0.0418300,0.0325800,0.0380800,2873851225,109869555.1790100,1031072,54721953.3985500
1768435200000,0.0380800,0.0387200,0.0330400,0.0337900,1006933819,35265353.2555600,354794,16948131.5977000
1768521600000,0.0337900,0.0359900,0.0330000,0.0348300,525874038,18125830.1832900,241078,8637539.6209300
1768608000000,0.0348200,0.0419000,0.0342900,0.0382400,1149664223,44517949.6929600,503947,21465860.1084000
1768694400000,0.0382400,0.0399400,0.0363400,0.0363700,697742839,26423100.3947300,305451,12890951.8324600
1768780800000,0.0363700,0.0363700,0.0326700,0.0334900,384579914,13152474.9626800,202573,6137777.0316700
1768867200000,0.0334900,0.0351100,0.0311800,0.0313200,449000660,15022397.6858400,209627,7238058.1698100
1768953600000,0.0313300,0.0332900,0.0301200,0.0313900,321437975,10215739.2825400,158981,5103902.1600600
1769040000000,0.0313900,0.0347500,0.0312900,0.0324600,331749741,10839204.8539800,168667,5420074.5810900
1769126400000,0.0324500,0.0330700,0.0313800,0.0318900,220197443,7073829.1225800,114225,3554348.5719100
1769212800000,0.0318900,0.0320200,0.0307300,0.0309400,106025708,3317373.1386900,58160,1587320.2442100
1769299200000,0.0309400,0.0310300,0.0281000,0.0284900,184615994,5466338.2376000,100322,2623506.6733600
1769385600000,0.0284900,0.0299800,0.0283700,0.0295700,168379054,4941820.4659300,86534,2468567.0633400
1769472000000,0.0295600,0.0297900,0.0285000,0.0292600,117237029,3430279.1668000,70126,1615260.1900100
1769558400000,0.0292600,0.0293300,0.0282800,0.0286900,96156882,2765336.7849600,64627,1441996.6044000
1769644800000,0.0286800,0.0287700,0.0258800,0.0263800,143957717,3891231.7054500,78251,1903187.9984200
1769731200000,0.0263700,0.0264900,0.0248900,0.0258800,175595729,4503660.3558500,90512,2283497.6231500
1769817600000,0.0258800,0.0259400,0.0206400,0.0227400,342090156,8010855.3474600,123714,3937705.6283200
1769904000000,0.0227400,0.0238800,0.0216800,0.0221200,273625234,6235468.8488700,95864,3153906.6735200
1769990400000,0.0221300,0.0233600,0.0213200,0.0229300,276943323,6200044.7758400,100813,3137891.1056500
1770076800000,0.0229300,0.0241500,0.0217000,0.0229700,294229455,6737099.8469200,92605,3466598.8997300
1770163200000,0.0229600,0.0234700,0.0219000,0.0223900,228297984,5165250.7479000,77718,2525325.3710200
1770249600000,0.0223900,0.0225800,0.0186000,0.0188400,424057878,8617449.3370500,117832,4187463.1295800
1770336000000,0.0188300,0.0214400,0.0167600,0.0209900,431396900,8290634.6162000,109188,4187316.2275500
1770422400000,0.0209800,0.0213000,0.0199600,0.0209400,208906012,4315435.4875600,61668,2156037.5944700
1770508800000,0.0209600,0.0209600,0.0196700,0.0200300,113294060,2303786.9950700,40463,1124902.1868100
1770595200000,0.0200300,0.0207400,0.0195400,0.0205100,122116470,2469467.5213100,42045,1288957.9446700
1770681600000,0.0205100,0.0210100,0.0197000,0.0198000,104547328,2103518.5889000,39290,1031814.0477700
1770768000000,0.0197900,0.0200200,0.0188100,0.0197700,142611287,2766189.2202500,43685,1432298.5669800
1770854400000,0.0197800,0.0212200,0.0197500,0.0209300,287017643,5934666.5732800,70978,3008126.0636900
1770940800000,0.0209300,0.0218200,0.0201500,0.0216900,146612608,3057170.4945600,44313,1513284.8259800
1771027200000,0.0216800,0.0225300,0.0216300,0.0223400,103679708,2276824.3179700,32632,1162133.7230800
1771113600000,0.0223400,0.0225200,0.0209200,0.0213500,106039981,2306203.2847800,40582,1061129.0380600
1771200000000,0.0213500,0.0217500,0.0209400,0.0216100,70126296,1496362.2190900,30848,735438.4846900
1771286400000,0.0216000,0.0216300,0.0208100,0.0211100,64086657,1356978.1625900,37155,663657.6791300
1771372800000,0.0211100,0.0214000,0.0202300,0.0203800,55746286,1165733.1540400,27651,570671.7129200
1771459200000,0.0203900,0.0206100,0.0195900,0.0203100,63542797,1278841.0942300,27183,616784.9089400
1771545600000,0.0203200,0.0207100,0.0199100,0.0206800,71121975,1453480.3423600,26788,723296.8782800
1771632000000,0.0206800,0.0215600,0.0205500,0.0208700,127898370,2695915.9305600,35787,1369641.1034400
1771718400000,0.0208700,0.0208800,0.0197600,0.0199800,73729334,1487789.5948500,25012,702905.3299600
1771804800000,0.0199800,0.0200100,0.0188700,0.0193300,95782171,1856238.4979500,32463,882594.5549100
1771891200000,0.0193400,0.0195300,0.0188300,0.0193200,70730850,1355569.4028000,29296,661866.9029400
1771977600000,0.0193200,0.0216100,0.0192700,0.0208000,104150142,2132248.7384500,37237,1073488.5670500
1772064000000,0.0208100,0.0213600,0.0197800,0.0202700,220379256,4538039.2260500,51155,2219651.8483400
1772150400000,0.0202700,0.0207500,0.0196100,0.0200000,115723905,2345632.3552800,34522,1162677.4618800
1772236800000,0.0200000,0.0203600,0.0186500,0.0202500,194130989,3802421.7141100,54367,1918373.3414000
1772323200000,0.0202600,0.0208700,0.0190200,0.0196000,120305265,2400485.5687800,39897,1266170.0460500
1772409600000,0.0196000,0.0207200,0.0193100,0.0200700,109347875,2183801.8192900,37497,1118549.9552700
1772496000000,0.0200800,0.0201000,0.0191600,0.0195300,85535122,1678056.8904000,30483,800107.2950900
1772582400000,0.0195400,0.0204100,0.0194100,0.0199600,87954913,1749286.6549000,32520,896062.5383500
1772668800000,0.0199700,0.0200800,0.0191200,0.0195600,64739512,1274122.1876100,23558,618682.7792100
1772755200000,0.0195700,0.0199800,0.0188900,0.0192000,90068718,1759100.4441500,26139,916276.6086300
1772841600000,0.0192100,0.0197600,0.0186700,0.0189000,73452259,1412361.0232900,21635,688182.2848300
1772928000000,0.0189000,0.0189700,0.0184100,0.0186300,76426721,1429357.7993600,26970,734100.6838800
1773014400000,0.0186300,0.0193700,0.0186300,0.0189500,65635242,1251259.6265900,28148,614125.3719200
1773100800000,0.0189500,0.0195800,0.0188700,0.0191500,70122445,1345642.0212900,23254,607989.6990700
1773187200000,0.0191600,0.0196600,0.0189800,0.0194500,67577064,1307474.2258500,22447,635461.7452300
1773273600000,0.0194500,0.0194900,0.0189700,0.0191500,57497672,1105771.4530600,20145,547211.9882100
1773360000000,0.0191600,0.0197200,0.0190400,0.0192000,80076837,1553753.8144200,21624,772745.8303800
1773446400000,0.0192100,0.0193200,0.0188400,0.0191500,37929535,723208.2076700,15649,336686.7199000
1773532800000,0.0191400,0.0196100,0.0190100,0.0194800,45969024,889037.5401200,17449,436064.3520800
1773619200000,0.0194900,0.0208400,0.0194200,0.0207200,118742949,2411627.7154400,32656,1252533.2186300
1773705600000,0.0207300,0.0210700,0.0202100,0.0206600,133321692,2759548.5651100,34215,1377137.6774500
1773792000000,0.0206700,0.0216100,0.0197000,0.0200800,158895863,3308501.1968600,53715,1645208.4114300
1773878400000,0.0200900,0.0201200,0.0191000,0.0193200,50716596,991030.7016500,24301,468173.7948500
1773964800000,0.0193200,0.0201700,0.0192900,0.0195700,59716270,1178121.3432700,23753,616994.8925400
1774051200000,0.0195700,0.0201600,0.0190100,0.0191000,46857999,921895.7141800,17408,436447.3036200
1774137600000,0.0191000,0.0193400,0.0182700,0.0185000,58460687,1099692.2659200,19104,558925.9325300
1774224000000,0.0185100,0.0193300,0.0182700,0.0191200,87643907,1654953.3502100,22274,841374.6040300
1774310400000,0.0191300,0.0191700,0.0187100,0.0191000,52168883,989006.2284600,16628,499046.8594500
1774396800000,0.0191100,0.0193700,0.0189500,0.0192500,46196524,886443.6792200,15326,449089.1864900
1774483200000,0.0192600,0.0193000,0.0180800,0.0182800,64224998,1184261.3506400,19224,560549.0555800
1774569600000,0.0182800,0.0184000,0.0173200,0.0174400,70354826,1251400.4193300,19118,600701.0921700
1774656000000,0.0174400,0.0178900,0.0170900,0.0172500,48814477,853071.6015600,16064,418423.5746500
1774742400000,0.0172500,0.0173800,0.0165300,0.0169400,52810720,899304.5359500,15598,433717.0619800
1774828800000,0.0169500,0.0175500,0.0169300,0.0170400,50174761,865032.4929900,14101,449677.2287600
1774915200000,0.0170400,0.0173500,0.0168100,0.0173400,47711793,815926.8637600,14396,417003.0855100
1775001600000,0.0173300,0.0254800,0.0173300,0.0222900,10319756115,230496304.2909900,1548528,113348676.9589300
1775088000000,0.0222900,0.0228200,0.0193600,0.0195900,2316655514,48326682.2553100,515394,23595813.1470500
1775174400000,0.0195900,0.0209300,0.0191700,0.0197600,895616137,17949854.5965000,205888,8697257.2805700
1775260800000,0.0197500,0.0202500,0.0191100,0.0193300,414821481,8169463.8579300,100532,3848538.6702200
1775347200000,0.0193200,0.0193600,0.0181700,0.0185800,267561150,4974044.2505700,67858,2330602.4736500
1775433600000,0.0185800,0.0187200,0.0177700,0.0178500,250112115,4565556.8835600,80412,2144248.9624000
1775520000000,0.0178500,0.0188500,0.0174500,0.0187400,274722218,4924282.3190000,71533,2473110.5268100
1775606400000,0.0187500,0.0205100,0.0182700,0.0194600,1206703259,23479436.7626200,223589,11605369.4032200
1775692800000,0.0194600,0.0249000,0.0186900,0.0222500,7299920151,165085462.6706000,1056409,81683079.2783100
1775779200000,0.0222500,0.0232200,0.0213900,0.0222400,1574813557,34907640.2985000,323852,17900124.8078600
1775865600000,0.0222400,0.0241700,0.0214300,0.0224100,806184109,17938672.0828700,205211,9112691.4482500
1775952000000,0.0224100,0.0240000,0.0219300,0.0220500,1075126341,24597928.3335000,306702,12451614.4597200
1776038400000,0.0220400,0.0223900,0.0209200,0.0214700,710084830,15255816.8866400,172843,7688939.8558300
1776124800000,0.0214600,0.0220700,0.0202600,0.0203400,529963518,11195309.3559200,142718,5836811.3436500
1776211200000,0.0203400,0.0261600,0.0199600,0.0248300,1176009115,27401128.0901900,355424,14108701.7474500
1776297600000,0.0248300,0.0294000,0.0240600,0.0253000,2594812338,67769284.2410000,744063,32769033.1452900
1776384000000,0.0253100,0.0262200,0.0244300,0.0247800,677271474,17066747.3737600,216199,8195360.0351900
1776470400000,0.0247900,0.0276600,0.0244500,0.0257200,970060928,25443524.3824800,336349,12664953.5372000
1776556800000,0.0257300,0.0378400,0.0253100,0.0325800,8116436961,262532344.3640600,1840530,129437940.1379300
1776643200000,0.0325600,0.0359900,0.0297200,0.0341500,2424917579,77002857.3778000,696107,38347787.7961400
1776729600000,0.0341500,0.0370700,0.0306300,0.0307400,1208251052,40336499.5588500,543012,20284555.0251900
1776816000000,0.0307400,0.0369700,0.0301800,0.0335800,1123958310,37561986.9076700,523082,19127896.0208100
1776902400000,0.0335900,0.0347500,0.0305600,0.0311200,718554970,23272663.8429200,273320,11520449.5152600
1776988800000,0.0311300,0.0349600,0.0308500,0.0320200,872041737,28795953.5485700,358016,14454796.7411100
1777075200000,0.0320200,0.0330700,0.0289300,0.0291900,532366738,16467507.8784700,216931,7668579.3372700
1777161600000,0.0291800,0.0291800,0.0271600,0.0272700,351641403,9925796.2759200,142637,4447090.0553000
1777248000000,0.0272700,0.0286600,0.0268500,0.0282300,492037376,13653603.0231400,185275,6879900.8074000
1777334400000,0.0282300,0.0295300,0.0276200,0.0282100,417405312,11920892.1316400,175675,5755768.5443500
1777420800000,0.0282200,0.0288100,0.0261900,0.0274300,421012611,11516195.0136700,165773,5447323.9104500
1777507200000,0.0274300,0.0282700,0.0261800,0.0263700,249879372,6746021.6023700,110491,3328504.3506200
1777593600000,0.0263700,0.0278600,0.0260300,0.0269700,243457452,6570664.4337000,107718,3240055.5298500
1777680000000,0.0269700,0.0277600,0.0265800,0.0271400,205690007,5583481.6148000,96464,2792659.7294800
1777766400000,0.0271500,0.0277000,0.0258200,0.0262400,301822446,8028392.1921500,114368,3951945.9308500
1777852800000,0.0262400,0.0277700,0.0258700,0.0270400,292581467,7818806.0991000,113265,3694323.4436800
1777939200000,0.0270500,0.0287800,0.0264600,0.0274700,459639274,12700444.7736900,168746,6209458.0165700
1778025600000,0.0274600,0.0288800,0.0266600,0.0267900,326873851,9107136.5337800,133509,4384982.3659900
1778112000000,0.0268100,0.0269600,0.0254300,0.0257200,268445904,7004591.6958900,116131,3180067.6549800
1778198400000,0.0257100,0.0264000,0.0254600,0.0263500,167556486,4342871.8596700,75262,2136561.7018300
1778284800000,0.0263400,0.0269400,0.0258100,0.0261700,143406518,3779718.8719300,73171,1845594.2867000
1778371200000,0.0261600,0.0284200,0.0260200,0.0279800,373129551,10260504.5138700,130941,5134096.5451000
1778457600000,0.0279700,0.0289700,0.0266400,0.0276600,315152939,8806745.4792600,121381,4263009.7243600
1778544000000,0.0276600,0.0280100,0.0257800,0.0275000,240384220,6465670.0809200,95283,2926589.5130300
1778630400000,0.0275000,0.0278900,0.0256400,0.0256700,215353712,5788538.1024400,90596,2726658.1882200
1778716800000,0.0256700,0.0262500,0.0247200,0.0257000,187615174,4791414.0194600,82022,2246223.0518600
1778803200000,0.0257100,0.0260800,0.0235300,0.0241800,211079819,5195104.9672100,82442,2420208.5086900
1778889600000,0.0241700,0.0250000,0.0228800,0.0234100,152811305,3642211.4117400,61319,1727862.5307200
1778976000000,0.0234000,0.0237700,0.0215300,0.0225300,161320434,3730504.0448100,55316,1845165.7103400
1779062400000,0.0225300,0.0228600,0.0218500,0.0224900,156056560,3488502.0029400,59156,1782972.8791500
1779148800000,0.0224900,0.0226100,0.0216300,0.0218800,117916098,2607423.5780800,44263,1329687.3726200
1779235200000,0.0218700,0.0232600,0.0217200,0.0230300,129126169,2908046.3238300,49257,1553708.1405800
1779321600000,0.0230200,0.0233800,0.0223300,0.0231600,137278634,3149517.4832300,49595,1577815.0256400
1779408000000,0.0231500,0.0234200,0.0214500,0.0216400,161313563,3671268.3551200,54317,1742577.7762800
1779494400000,0.0216300,0.0236400,0.0212000,0.0230900,244339709,5486456.6120600,79741,2771559.3369900
1779580800000,0.0230800,0.0231100,0.0218800,0.0223100,106406017,2394231.9241300,41601,1210889.8074200
1779667200000,0.0223100,0.0229900,0.0223100,0.0225600,97174090,2209768.1983900,39431,1072901.5974400
1779753600000,0.0225600,0.0226900,0.0216100,0.0217800,107667912,2388573.2342400,47804,1189750.4197300
1779840000000,0.0217900,0.0225800,0.0212700,0.0215600,124226465,2719045.6930100,53086,1359112.4412000
1779926400000,0.0215600,0.0216600,0.0200400,0.0209400,157921220,3272900.3159000,60035,1561285.4767000
1780012800000,0.0209500,0.0212400,0.0200200,0.0209400,125614222,2610068.5159300,52166,1356862.4561200
1780099200000,0.0209500,0.0216200,0.0208900,0.0211200,100960159,2141910.2480100,47150,1082887.6191300
1780185600000,0.0211300,0.0219500,0.0207400,0.0214200,115832654,2474711.3166400,47006,1128914.1060000
1780272000000,0.0214100,0.0216300,0.0205200,0.0213500,136571692,2873398.9125900,55413,1289050.8439800
1780358400000,0.0213500,0.0213800,0.0190300,0.0194300,173096893,3499328.4551800,60251,1697115.3540000
1780444800000,0.0194300,0.0203000,0.0191800,0.0196800,150186297,2984257.1095600,61806,1465672.4099000
1780531200000,0.0196800,0.0198700,0.0176100,0.0183100,239632255,4423307.6060200,78192,2132681.1478700
1780617600000,0.0182900,0.0183800,0.0158000,0.0166500,311305283,5278321.2760100,86032,2477257.2660100
1780704000000,0.0166500,0.0168600,0.0154700,0.0166900,184592075,3017354.8991700,56467,1592999.1291200
1780790400000,0.0167000,0.0178700,0.0166700,0.0173900,142714710,2445048.7774800,52078,1238161.3832600
1780876800000,0.0173900,0.0181100,0.0171100,0.0177800,116868890,2058764.7849000,47121,1034531.9372400
1780963200000,0.0177800,0.0179400,0.0171900,0.0176200,118293740,2078806.4722600,43875,1008505.8255300
1781049600000,0.0176200,0.0178400,0.0166600,0.0170000,109402913,1899680.3070400,43609,919872.0656300
1781136000000,0.0170000,0.0183700,0.0170000,0.0181000,115609572,2059948.6865300,42667,1121363.4095200
1781222400000,0.0181100,0.0185900,0.0179500,0.0180900,88734685,1620562.2540500,32539,806822.3831200
1781308800000,0.0180900,0.0187600,0.0180900,0.0183800,82333992,1518487.8217500,29900,767351.5449900
1781395200000,0.0183700,0.0186300,0.0176600,0.0185100,72347902,1306424.0521100,30918,659340.3777400
1781481600000,0.0185200,0.0192800,0.0183500,0.0187300,72530590,1359700.7697500,33431,681898.8788500
1781568000000,0.0187300,0.0188200,0.0180900,0.0184400,82311535,1521201.7093800,31278,739779.3322900
1781654400000,0.0184400,0.0188100,0.0177600,0.0180600,78827248,1443597.8234200,30378,698780.0773200
1781740800000,0.0180600,0.0181400,0.0155700,0.0157200,729237119,11773175.8014500,206635,5590368.8994000
1781827200000,0.0157300,0.0161700,0.0153600,0.0158900,237045166,3728484.0806900,80381,1853897.3387200
1781913600000,0.0158900,0.0160500,0.0154600,0.0155900,154778184,2440550.9834700,45983,1272265.1386900
1782000000000,0.0155900,0.0159200,0.0153600,0.0154400,112503167,1759901.0330600,43186,835614.7550500
1782086400000,0.0154300,0.0159100,0.0149700,0.0151400,106527691,1652656.0238200,30740,774645.2065300
1782172800000,0.0151300,0.0154900,0.0142700,0.0152400,161811747,2413280.3676800,41970,1200600.1785400
1782259200000,0.0152400,0.0155700,0.0142600,0.0147000,158765002,2380778.4472300,43739,1174603.3005300
1782345600000,0.0146900,0.0147300,0.0134400,0.0139700,147570526,2090649.1265300,38400,994562.3242800
1782432000000,0.0139700,0.0150800,0.0134600,0.0146600,150889816,2176310.7114500,41884,1108611.7287800
1782518400000,0.0146700,0.0151700,0.0143600,0.0144900,193858311,2858533.5345200,44987,1438070.2058400
1782604800000,0.0144900,0.0154500,0.0144000,0.0145900,187345812,2787189.4059300,42660,1402549.6600600
1782691200000,0.0145900,0.0151300,0.0142500,0.0147400,123689258,1819560.5063000,33945,979728.5600700
1782777600000,0.0147300,0.0147900,0.0140300,0.0142000,67032271,963503.1813700,19265,462587.8884900
1782864000000,0.0142000,0.0152000,0.0138500,0.0147700,117532968,1709671.3311500,29378,839655.0319700
1782950400000,0.0147700,0.0155400,0.0147600,0.0150600,334645748,5068761.5114100,48853,2501596.5657900
1783036800000,0.0150600,0.0156500,0.0149600,0.0155600,75606256,1157118.2948000,21560,541522.2934300
1783123200000,0.0155700,0.0159600,0.0153100,0.0154400,101532453,1582179.7087300,26943,741039.2206900
1783209600000,0.0154400,0.0155100,0.0148300,0.0151300,64911673,979935.8452500,18004,488470.9801900
1783296000000,0.0151400,0.0221800,0.0144900,0.0210400,5214298973,104751008.0469800,897719,52835935.2302100
1783382400000,0.0210400,0.0257000,0.0188500,0.0200100,13632044282,300376536.0828100,2511993,149410647.8145100
1783468800000,0.0200100,0.0209200,0.0181600,0.0183300,2559688542,49177918.2773600,711620,24300048.3328600
1783555200000,0.0183300,0.0193700,0.0175300,0.0183700,945895199,17462927.6445700,325644,8605134.7609300
1783641600000,0.0183600,0.0194400,0.0176000,0.0189000,432705356,7888394.9497400,150772,3827069.8361200
1783728000000,0.0189000,0.0189200,0.0169300,0.0169800,322198533,5737340.6478900,120554,2707626.6064300
1783814400000,0.0169800,0.0179500,0.0166200,0.0167700,387977940,6678485.7426100,122811,3391983.4858400
1783900800000,0.0167700,0.0185800,0.0163800,0.0169300,675061465,11844388.3669600,206666,5953708.5156700
1783987200000,0.0169400,0.0169600,0.0161800,0.0162300,316178818,5211670.9800400,93588,2461658.3752400
1784073600000,0.0162300,0.0167000,0.0159400,0.0164400,298175468,4847299.5922200,102305,2311633.6976700
1784160000000,0.0164500,0.0172100,0.0157200,0.0159000,388835086,6435204.7206900,126126,3212829.1865600
1784246400000,0.0158900,0.0169800,0.0155500,0.0159000,426523331,6835983.5225200,122220,3525401.1919000
1784332800000,0.0159000,0.0166700,0.0150600,0.0156400,461837430,7220301.9171600,131814,3549278.6516100
1784419200000,0.0156300,0.0162000,0.0153200,0.0154500,180417265,2831576.5871000,71421,1376255.4058500
1784505600000,0.0154500,0.0160300,0.0150900,0.0157400,181337893,2815418.1099300,60757,1387560.4491200
1784592000000,0.0157500,0.0159000,0.0152900,0.0155600,137606561,2146159.8065900,51266,1032671.0298300
1784678400000,0.0155600,0.0174300,0.0154800,0.0157700,646052619,10586166.3883300,159529,5379315.7387200
1784764800000,0.0157700,0.0157700,0.0150900,0.0152100,212325708,3267576.3205700,68651,1639893.1183300
1784851200000,0.0152100,0.0156900,0.0150100,0.0152000,236795883,3643330.6652500,70160,1858093.3295500
1784937600000,0.0151900,0.0152300,0.0143500,0.0147700,229476777,3397554.5602500,73691,1471871.5092300
1785024000000,0.0147600,0.0154600,0.0145400,0.0154000,198620959,2971314.5409500,81276,1481425.2310500
1785110400000,0.0154000,0.0156700,0.0140800,0.0142700,240440601,3604955.2042700,99150,1806954.2318600
1785196800000,0.0142700,0.0147500,0.0141300,0.0146600,186951310,2703028.2145600,64965,1364079.8195300
1785283200000,0.0146500,0.0147800,0.0136800,0.0140000,194857126,2750433.5243700,69763,1323549.4005100
1785369600000,0.0139900,0.0147200,0.0139800,0.0141800,153090098,2197125.2557000,50918,1119800.7841300
1785456000000,0.0141900,0.0145500,0.0138500,0.0142700,176861644,2507653.5985200,60373,1230340.6702200
1785542400000,0.0142700,0.0144000,0.0137000,0.0138200,117863064,1657438.1826100,44015,821667.8770200
1785628800000,0.0138200,0.0141400,0.0137700,0.0139300,107545045,1497759.2311600,38415,752441.4223200
1785715200000,0.0139200,0.0139800,0.0133100,0.0133900,190144505,2587633.5707300,42964,1244163.2586700
1785801600000,0.0133800,0.0137400,0.0132600,0.0135300,177224503,2392481.4269600,44429,1209806.3989200
1785888000000,0.0135300,0.0137100,0.0133900,0.0136000,180554936,2443933.1927200,46201,1253387.5983900
1785974400000,0.0135900,0.0147400,0.0134600,0.0136900,421229430,5913709.9941500,87056,2977756.3107100
1786060800000,0.0136900,0.0138700,0.0133700,0.0134700,138328632,1877483.8611600,37743,906695.3376400
1786147200000,0.0134700,0.0139700,0.0134600,0.0137700,80701252,1106095.0432900,20571,552650.2778700
1786233600000,0.0137700,0.0140200,0.0136500,0.0136800,112293883,1555290.3070000,27496,747345.4941300
1786320000000,0.0136800,0.0141500,0.0135100,0.0136100,157517457,2182093.3292400,30466,1002348.5616200
1786406400000,0.0136000,0.0137300,0.0131500,0.0134800,108739181,1464913.7692600,25342,666989.4506700
1786492800000,0.0134800,0.0137200,0.0129300,0.0131100,105612640,1415179.3782000,26577,666924.5187900
1786579200000,0.0131000,0.0134400,0.0130000,0.0131300,73698137,974357.5246500,22136,502248.6009300
1786665600000,0.0131300,0.0133400,0.0128200,0.0131500,92626239,1207818.5407500,23442,609970.3630300
1786752000000,0.0131600,0.0132500,0.0130500,0.0131200,47678931,627215.3877800,16193,310915.5131000
1786838400000,0.0131200,0.0132400,0.0128700,0.0129400,49266778,645114.0636000,14688,317553.4194000
1786924800000,0.0129400,0.0132000,0.0129200,0.0131100,62665506,820824.1189700,15294,433700.7524500
1787011200000,0.0131000,0.0134500,0.0127500,0.0131100,91476008,1196930.0633900,21824,557760.8581300
1787097600000,0.0131200,0.0140000,0.0130700,0.0138500,125944740,1697516.7533100,27432,822782.8016200
1787184000000,0.0138500,0.0145400,0.0137600,0.0144300,107123868,1520729.0631000,30850,734991.9175500
1787270400000,0.0144300,0.0168700,0.0144000,0.0164100,258164920,4039885.6425100,77039,2125377.0472300
1787356800000,0.0164100,0.0174000,0.0145100,0.0160300,376938525,6271804.1950600,136012,2992838.9918300
1787443200000,0.0160400,0.0168900,0.0152900,0.0166700,135687513,2188214.1782700,51751,1119503.2342400
1787529600000,0.0166600,0.0170300,0.0160500,0.0165900,128744371,2128667.9784600,56216,1090436.9717600
1787616000000,0.0165800,0.0170500,0.0161400,0.0162700,104940167,1744739.0419700,43698,857895.3508900
1787702400000,0.0162700,0.0170500,0.0155900,0.0163600,142596285,2314802.7017800,52951,1152852.9720400
1787788800000,0.0163600,0.0165800,0.0160000,0.0164900,61802399,1005480.0299600,28743,529655.4918400
1787875200000,0.0165000,0.0166300,0.0156700,0.0162300,102384850,1647304.0712600,38237,799403.6443900
1787961600000,0.0162300,0.0164100,0.0159400,0.0160500,48081475,774741.6573700,20578,373414.6552600
1788048000000,0.0160500,0.0171200,0.0152800,0.0155600,175588757,2856863.7838200,57005,1383504.2927300
1788134400000,0.0155500,0.0159700,0.0154500,0.0155800,72064992,1131426.3748500,28131,561430.2237300
1788220800000,0.0155900,0.0159100,0.0150300,0.0153500,91606200,1423869.1303600,29400,678909.7391800
1788307200000,0.0153600,0.0158700,0.0151300,0.0157500,77564308,1208355.7737100,26875,614100.4852000
1788393600000,0.0157400,0.0168400,0.0156600,0.0165200,162893339,2656298.7951700,48196,1277663.2035600
1788480000000,0.0165300,0.0166800,0.0159500,0.0163900,99696969,1631732.4098800,32354,792483.8979400
1788566400000,0.0163900,0.0169900,0.0163500,0.0169000,55940113,935630.6007800,20904,486654.3931000
1788652800000,0.0169000,0.0180100,0.0168600,0.0176300,108086421,1883621.9523900,44610,914307.2402900
1788739200000,0.0176300,0.0180600,0.0171200,0.0173200,73517538,1287521.1099000,28263,597856.3702500
1788825600000,0.0173100,0.0178100,0.0171500,0.0173300,64541060,1126547.2170400,27810,587329.4236600
1788912000000,0.0173400,0.0186400,0.0171900,0.0174200,183257216,3289282.9064300,65887,1635750.7169300
1788998400000,0.0174200,0.0177200,0.0159200,0.0159900,162487607,2725413.2994400,57102,1247430.1071400
1789084800000,0.0159800,0.0215000,0.0159800,0.0176400,2300667932,43876971.6451600,539052,22127213.1155300
1789171200000,0.0176400,0.0177100,0.0167800,0.0171100,465805989,8004420.2649800,144499,3862779.1599100
1789257600000,0.0171200,0.0197900,0.0170700,0.0178800,712351950,13083259.5644500,254859,6238306.4202000
1789344000000,0.0178900,0.0184400,0.0171200,0.0174800,218074879,3861608.9952500,82517,1776271.2994400
1789430400000,0.0174900,0.0176000,0.0162200,0.0165700,165911041,2800954.4582600,55737,1292191.2316500
1789516800000,0.0165700,0.0170200,0.0161600,0.0170000,118125882,1954448.9281200,43787,1049735.5760600
1789603200000,0.0170100,0.0173100,0.0166400,0.0172800,93511501,1587158.9304400,31923,702204.6355800
1789689600000,0.0172700,0.0184300,0.0172300,0.0183700,106265313,1898860.2470500,34243,928916.8748300
1789776000000,0.0183700,0.0193500,0.0180900,0.0190300,135309457,2538581.2781100,46385,1233041.6064500
1789862400000,0.0190400,0.0192800,0.0181600,0.0187100,86246206,1608871.3751300,35655,805266.1148900
1789948800000,0.0187200,0.0202900,0.0183700,0.0201000,175282935,3445331.4366900,57241,1750563.6134000
1790035200000,0.0201000,0.0206300,0.0194100,0.0204300,114345412,2273092.3677200,38371,1121873.4269100
1790121600000,0.0204300,0.0210600,0.0191800,0.0193800,128819687,2592305.0365600,45852,1241967.6393100
1790208000000,0.0193800,0.0203500,0.0190900,0.0199800,72785948,1432837.8088200,28556,698901.6013400
1790294400000,0.0199800,0.0212000,0.0198500,0.0211800,100390552,2053088.2836900,36936,1038553.4886400
1790380800000,0.0211900,0.0215800,0.0206200,0.0211300,108369380,2287148.2701600,35837,1129367.9275500
1790467200000,0.0211400,0.0215100,0.0205900,0.0211600,67377451,1419464.9413200,25128,717586.7522400
1790553600000,0.0211500,0.0215700,0.0193600,0.0199100,142611001,2897868.8691500,50796,1386350.7955200
1790640000000,0.0199100,0.0203700,0.0191200,0.0195800,90679041,1788369.9545000,33208,928468.9690700
1790726400000,0.0195900,0.0226100,0.0195200,0.0211600,617441897,13292340.7964400,171073,6707733.5165100
1790812800000,0.0211600,0.0214200,0.0202800,0.0206500,180523781,3757540.9159700,74101,1694529.3306900
1790899200000,0.0206400,0.0221500,0.0199700,0.0207500,180274819,3795280.4940100,64296,1883665.1988000
1790985600000,0.0207400,0.0225800,0.0207200,0.0215200,162128021,3495337.4987700,57234,1753934.9591600
