open_time,open,high,low,close,volume,quote_volume,trades,taker_buy_quote
1710547200000,0.0203500,0.0285000,0.0162920,0.0208140,77921851909,1656253344.7342960,6252293,811800755.6722180
1710633600000,0.0208150,0.0249100,0.0148330,0.0184320,112437968510,2078439237.5381530,8873660,1017104866.3278730
1710720000000,0.0184340,0.0194040,0.0096700,0.0106440,173579511819,2319227151.7909590,9214545,1107401306.4739970
1710806400000,0.0106460,0.0135900,0.0087680,0.0112760,239749422854,2611097776.3337940,9525546,1293771679.9473680
1710892800000,0.0112770,0.0129140,0.0106470,0.0120140,137925701022,1617372442.6264030,6476468,795779464.1743750
1710979200000,0.0120120,0.0149000,0.0109710,0.0138350,120621498586,1551358219.2281720,5776330,767938726.5178340
1711065600000,0.0138350,0.0168790,0.0130380,0.0146430,136638692459,2034842398.8812550,7495031,1006061584.0482620
1711152000000,0.0146440,0.0155570,0.0138550,0.0139170,59014630118,864337049.5327710,3613478,420404166.6809900
1711238400000,0.0139180,0.0144900,0.0126480,0.0142090,56933571485,764158714.1710660,3234530,375784680.8754000
1711324800000,0.0142100,0.0152970,0.0130000,0.0141050,53492149491,747484204.6681630,3336672,363214627.4857880
1711411200000,0.0141060,0.0148800,0.0132030,0.0135350,38589502181,543930354.7015240,2380941,260450077.7087320
1711497600000,0.0135360,0.0140240,0.0123880,0.0126040,39278180187,511736383.5401840,1997138,242898889.8099030
1711584000000,0.0126060,0.0148860,0.0120760,0.0145720,51849188014,684310393.5459390,2631923,334811789.7360240
1711670400000,0.0145720,0.0145780,0.0126540,0.0130000,37850317757,505383234.4232580,1773615,238407997.7861350
1711756800000,0.0130010,0.0157180,0.0128340,0.0139300,68660066753,993735034.9442720,3526833,486329225.9829640
1711843200000,0.0139300,0.0148360,0.0135120,0.0145510,37738136942,534244118.2497870,2044142,259082680.0098140
1711929600000,0.0145510,0.0177680,0.0143130,0.0174360,115851292118,1879495253.9500290,6474186,931757450.4437200
1712016000000,0.0174350,0.0185780,0.0155020,0.0161060,92580485406,1553620591.0136310,5919142,761417020.3783270
1712102400000,0.0161050,0.0185350,0.0156660,0.0157630,58605158290,1001734133.9638640,4468407,491701517.2697450
1712188800000,0.0157630,0.0163520,0.0145610,0.0147930,38669849940,602797601.2087910,2709441,289463540.9933070
1712275200000,0.0147930,0.0150980,0.0132220,0.0138290,43120906733,595779669.8807560,2117986,287073193.2148250
1712361600000,0.0138300,0.0147270,0.0132950,0.0145580,30817371536,428860701.2148790,1688944,209600406.2528620
1712448000000,0.0145580,0.0149200,0.0136450,0.0141500,27453691283,390541913.3633460,1487695,185320704.3918590
1712534400000,0.0141510,0.0149300,0.0138920,0.0143410,28191421527,405332724.9440220,1507573,192515144.4078310
1712620800000,0.0143430,0.0145200,0.0126680,0.0128010,31374717891,420415076.5521150,1463242,193053296.5426290
1712707200000,0.0128030,0.0134270,0.0122110,0.0130900,32593902769,418370170.3052060,1657365,200310294.7933590
1712793600000,0.0130900,0.0131940,0.0123510,0.0126650,21223079571,270653621.7162130,1118965,128776082.8578210
1712880000000,0.0126640,0.0129120,0.0085360,0.0099020,55319709365,595996265.7003240,2161520,277455766.6297740
1712966400000,0.0099030,0.0104940,0.0071120,0.0082300,68999367610,616540093.8392960,2748597,297768698.5774950
1713052800000,0.0082300,0.0095750,0.0077960,0.0094400,57935090001,503248060.0392800,2178857,249020535.0175360
1713139200000,0.0094400,0.0095740,0.0080270,0.0084070,42681436507,378424725.3338900,1486784,183888483.0792790
1713225600000,0.0084070,0.0086210,0.0078620,0.0085150,41090078673,339337627.0327050,1312375,167611556.6326190
1713312000000,0.0085150,0.0097730,0.0081030,0.0091660,71095518932,639539819.1674670,2143955,318560587.5713490
1713398400000,0.0091670,0.0095760,0.0085720,0.0093060,51477749819,469087900.8524710,1625247,234439868.2420510
1713484800000,0.0093050,0.0105630,0.0083070,0.0103480,60005548353,573276433.6793020,1962597,281202360.0646740
1713571200000,0.0103480,0.0111510,0.0098360,0.0110060,37530866460,388573231.9822830,1515570,191230784.9820590
1713657600000,0.0110050,0.0115400,0.0103010,0.0106830,33557528822,366671516.5655270,1369057,176248010.0996190
1713744000000,0.0106830,0.0111940,0.0104360,0.0107270,27265593532,293967604.9499390,1290929,143342099.5210840
1713830400000,0.0107270,0.0116550,0.0100910,0.0111720,38803691263,419554083.0642740,1634133,204751003.3064230
1713916800000,0.0111720,0.0124460,0.0105740,0.0106890,46144628000,529214638.8348550,2252874,256859890.6419110
1714003200000,0.0106890,0.0115790,0.0101360,0.0110910,37293423187,402268651.7788140,1611557,196039131.6990900
1714089600000,0.0110920,0.0111620,0.0102640,0.0103040,24306935030,257881737.1308320,1069142,123826580.8910680
1714176000000,0.0103040,0.0104220,0.0092430,0.0101560,28269173255,275933198.5127040,1183727,133186507.2053860
1714262400000,0.0101570,0.0103780,0.0096280,0.0097290,18497250004,186030304.9178280,798228,90487545.9300250
1714348800000,0.0097290,0.0099730,0.0093080,0.0097860,19556457251,187765779.7888030,901799,91786500.4875740
1714435200000,0.0097880,0.0099680,0.0085920,0.0088980,27847497400,255318160.3781110,1105573,122285257.0347570
1714521600000,0.0088990,0.0093980,0.0081590,0.0091650,28098286682,246936009.7005360,1194613,121140878.8575910
1714608000000,0.0091630,0.0096270,0.0087570,0.0093900,20186298508,187022876.6025470,809999,91275143.0083740
1714694400000,0.0093890,0.0103620,0.0092880,0.0101210,23434735867,230019852.4499700,957331,113475518.4423430
1714780800000,0.0101220,0.0116350,0.0101030,0.0113600,31448259393,347187545.6232890,1333126,170384151.6562250
1714867200000,0.0113590,0.0116640,0.0107230,0.0108180,28412990213,316281659.4861260,1101763,154693869.4269630
1714953600000,0.0108190,0.0127850,0.0108120,0.0116850,41794312107,492494918.0039510,1791136,242686701.5870160
1715040000000,0.0116840,0.0123240,0.0105980,0.0106350,35066571666,404667278.0853700,1424503,192001840.9033910
1715126400000,0.0106360,0.0108430,0.0101700,0.0105280,24735203684,260344293.2783110,986072,127000895.9187140
1715212800000,0.0105280,0.0120150,0.0101850,0.0112750,27734346722,301489043.5170210,1121625,148629169.9614050
1715299200000,0.0112750,0.0118990,0.0105210,0.0107040,28828232064,322925894.1409040,1251332,156058302.1799030
1715385600000,0.0107030,0.0114840,0.0106390,0.0110700,17919740222,198015121.6477300,897692,96217925.9048220
1715472000000,0.0110710,0.0114460,0.0107360,0.0108890,15918765156,175471822.2006650,737952,84174215.7785140
1715558400000,0.0108890,0.0115000,0.0098490,0.0111310,44508202543,475111799.3584390,1760391,230251764.8689800
1715644800000,0.0111320,0.0117260,0.0100910,0.0101520,46076870540,506181321.3600890,1937799,246473325.0706680
1715731200000,0.0101520,0.0116420,0.0100500,0.0114730,34282316962,369801360.7163760,1563128,179584323.1012080
1715817600000,0.0114730,0.0133150,0.0109700,0.0112510,51527049782,623470951.3261070,2169415,307540120.6254040
1715904000000,0.0112520,0.0125400,0.0111000,0.0122370,28747435461,339542424.7058330,1348050,164079915.1446900
1715990400000,0.0122360,0.0125240,0.0112510,0.0116230,21594621180,255970759.6814760,1052474,123938613.0215900
1716076800000,0.0116230,0.0118590,0.0109080,0.0110900,17064532911,193574976.4624550,837390,90992600.7086060
1716163200000,0.0110900,0.0128660,0.0106660,0.0125710,24110193326,279966869.1958970,1215679,138832916.8018540
1716249600000,0.0125700,0.0130940,0.0118860,0.0130640,26707001892,328486550.2015950,1327726,157655470.4729760
1716336000000,0.0130630,0.0142290,0.0124330,0.0135100,45528118586,600721948.6596910,2189968,289369442.3220980
1716422400000,0.0135090,0.0136950,0.0118200,0.0129220,33874337697,436882720.1512630,1817552,204699384.6187030
1716508800000,0.0129220,0.0131070,0.0119600,0.0128680,17848296167,224322734.8278610,1030884,108046062.1922230
1716595200000,0.0128680,0.0136530,0.0126410,0.0130380,20438964377,268261563.3218100,1086799,129531847.9083560
1716681600000,0.0130380,0.0133310,0.0125600,0.0128050,16858517125,218277368.7555150,891660,103038207.8982620
1716768000000,0.0128060,0.0144760,0.0126460,0.0143670,29032099137,395952550.3909710,1533662,194114448.3681070
1716854400000,0.0143670,0.0155220,0.0132990,0.0149030,38916618505,563199509.3998550,2193457,272128438.5614290
1716940800000,0.0149030,0.0160060,0.0138190,0.0139890,27025417542,399218216.8350310,1598889,188599136.3599690
1717027200000,0.0139890,0.0143920,0.0127830,0.0130960,19984880509,268675271.9118030,1099384,124709912.1145810
1717113600000,0.0130950,0.0137650,0.0128260,0.0131780,16325102157,216743542.3565430,925476,101875045.4464490
1717200000000,0.0131770,0.0138300,0.0130820,0.0134090,10990693162,147047113.6178170,650858,70106363.8436310
1717286400000,0.0134090,0.0139240,0.0128310,0.0130170,17078828653,228566243.2455400,972526,108035845.1443900
1717372800000,0.0130170,0.0137890,0.0126960,0.0131100,18293202198,243063170.9656240,1047846,116408645.1239250
1717459200000,0.0131100,0.0133260,0.0127710,0.0132750,10974976499,143347680.0743390,705377,66523146.5019460
1717545600000,0.0132750,0.0137970,0.0130780,0.0133430,14115300981,189444386.5856550,846066,90104972.8753940
1717632000000,0.0133430,0.0141570,0.0131270,0.0133840,17359357323,237631147.3341060,954919,111444779.0644500
1717718400000,0.0133830,0.0136780,0.0101000,0.0114210,31369709352,377300975.8825480,1456403,166165801.6367070
1717804800000,0.0114190,0.0118330,0.0106950,0.0111240,17092912486,192822518.2298740,894915,92817309.5984180
1717891200000,0.0111250,0.0114060,0.0107260,0.0111300,10109191412,111992377.7857900,619012,55619335.3210250
1717977600000,0.0111290,0.0112660,0.0104360,0.0105250,13249457584,142982182.3559640,720620,68947257.2814880
1718064000000,0.0105260,0.0106770,0.0092630,0.0097720,21534800710,215450111.1778090,989970,101288050.2527860
1718150400000,0.0097730,0.0108600,0.0092180,0.0101030,20489806105,207550814.1799590,978392,100232011.2129950
1718236800000,0.0101020,0.0106990,0.0093320,0.0103070,26682919650,265834694.1416700,1147808,129957083.1586040
1718323200000,0.0103070,0.0113500,0.0100930,0.0102480,41478533290,443392395.2362590,1791316,217218080.6941740
1718409600000,0.0102490,0.0107030,0.0101020,0.0103680,13314163665,138741806.7661810,685549,67191102.7045380
1718496000000,0.0103690,0.0105280,0.0098620,0.0104380,9838688765,101273596.5632420,543583,48651312.8427760
1718582400000,0.0104390,0.0105540,0.0088010,0.0091410,18785136866,180649267.1996130,927053,83805582.2511040
1718668800000,0.0091410,0.0091860,0.0076250,0.0083950,26948686816,225759868.9240030,1187580,108638936.5868850
1718755200000,0.0083940,0.0088900,0.0082870,0.0084570,14959159546,128268359.0834000,692416,61276661.4552580
1718841600000,0.0084570,0.0092110,0.0083800,0.0089190,17950139662,158668202.0779260,777483,76718910.6940110
1718928000000,0.0089190,0.0092590,0.0084000,0.0088920,19595787758,173582134.2845500,891813,83059121.1579900
1719014400000,0.0088910,0.0090860,0.0086080,0.0088650,9160094060,80884780.5899970,449982,39331722.6114750
1719100800000,0.0088650,0.0091870,0.0083650,0.0083760,11254442989,99352711.2480960,491035,46725626.4409210
1719187200000,0.0083770,0.0089330,0.0075710,0.0088780,20323977307,168881047.1066570,778759,81803998.2002610
1719273600000,0.0088780,0.0095900,0.0088210,0.0095500,13825874074,127646466.4884070,614817,61787732.6992370
1719360000000,0.0095500,0.0097220,0.0089250,0.0091360,11274396444,104427001.0017680,509141,50713593.5468820
1719446400000,0.0091350,0.0108370,0.0090130,0.0107970,31247019438,318143301.0193440,1163283,159648056.4810080
1719532800000,0.0107970,0.0109110,0.0095910,0.0097040,29566474945,300852503.7668330,1094124,148575506.5659520
1719619200000,0.0097040,0.0103040,0.0093100,0.0094430,17193084423,170558291.4293230,688238,82974408.5500420
1719705600000,0.0094430,0.0099800,0.0093070,0.0098900,14768021477,142158676.1427210,685073,69814154.0492500
1719792000000,0.0098910,0.0102390,0.0096120,0.0098000,15265945074,151528360.5234030,734943,73552456.7546460
1719878400000,0.0098000,0.0103000,0.0093710,0.0096780,19480581358,190601049.6207220,786462,91799898.4353210
1719964800000,0.0096790,0.0098810,0.0086250,0.0086800,19288352144,176094752.9417070,769934,82560594.4248410
1720051200000,0.0086810,0.0088510,0.0072900,0.0073860,26340543583,215314224.0100990,957332,101114966.3003080
1720137600000,0.0073860,0.0075000,0.0062730,0.0072520,45417789146,318890893.5063460,1424028,156901632.6268320
1720224000000,0.0072510,0.0078900,0.0071220,0.0077720,20502548619,152414692.5428140,774605,75327437.1352100
1720310400000,0.0077720,0.0080770,0.0071280,0.0072190,25076625630,189961058.6864170,942746,90676421.4092340
1720396800000,0.0072190,0.0079310,0.0068320,0.0076210,28696633214,214894604.5196410,1142111,104338761.2439810
1720483200000,0.0076210,0.0081710,0.0074800,0.0076300,21749303730,168618484.0016470,844185,80817869.0636460
1720569600000,0.0076300,0.0079850,0.0075030,0.0078790,14454028924,112239788.2257890,582926,54065691.3809230
1720656000000,0.0078800,0.0080480,0.0070060,0.0073090,15774988002,121123057.4318800,567891,55120826.0153560
1720742400000,0.0073080,0.0075560,0.0072030,0.0074560,10191579084,75029116.5235800,392837,36803427.5352290
1720828800000,0.0074560,0.0077090,0.0074010,0.0075650,8487483635,63953996.6619550,311744,30343670.2440640
1720915200000,0.0075650,0.0080600,0.0075610,0.0079560,10259911646,79992983.3032330,392557,38475443.5308290
1721001600000,0.0079550,0.0090830,0.0078680,0.0089980,19942755387,167036058.2878470,688628,82197466.3939540
1721088000000,0.0089970,0.0095060,0.0085210,0.0091750,28390552139,255084517.4184090,1070177,122405807.9267970
1721174400000,0.0091760,0.0094940,0.0085560,0.0087150,15058690765,135109873.9618870,612541,64171059.3090400
1721260800000,0.0087150,0.0090770,0.0083500,0.0086180,13844478765,120917890.2926950,485428,58674127.6848030
1721347200000,0.0086180,0.0096440,0.0083430,0.0093740,24603487039,224133700.6305070,884876,109284757.5459730
1721433600000,0.0093730,0.0095940,0.0090200,0.0092790,15310193024,142942845.9097270,570717,68389607.8509800
1721520000000,0.0092800,0.0097660,0.0087470,0.0095810,16047969786,147839935.8459960,623244,70654861.4063600
1721606400000,0.0095810,0.0096110,0.0088500,0.0089440,16066729469,148456048.2819690,626803,68978854.8082570
1721692800000,0.0089440,0.0090910,0.0082420,0.0084750,17224594054,148894954.3627820,666075,72124692.8974490
1721779200000,0.0084740,0.0089280,0.0083730,0.0085340,12725262502,110300238.3614420,492859,52368528.0856340
1721865600000,0.0085340,0.0086860,0.0075780,0.0079910,21876940602,174896199.7608830,738951,82085059.1029050
1721952000000,0.0079920,0.0086790,0.0079510,0.0086350,14145593614,117868948.9192970,482417,57497280.0223580
1722038400000,0.0086350,0.0089810,0.0082920,0.0085560,15268074302,132329671.6844440,557609,62088529.0237340
1722124800000,0.0085560,0.0094850,0.0083100,0.0088160,28802622781,259609266.0035760,905589,127726000.0014020
1722211200000,0.0088170,0.0108010,0.0087430,0.0101870,84810450995,861964027.3622630,2503466,434522639.9967810
1722297600000,0.0101860,0.0114160,0.0100860,0.0108040,83419332538,903987456.3405380,2695194,454698092.2463170
1722384000000,0.0108020,0.0114900,0.0098500,0.0099700,61753504790,653791670.6589910,1999626,317359001.0697070
1722470400000,0.0099700,0.0102260,0.0090500,0.0095670,50868484423,493434746.9930540,1672321,241260256.7355540
1722556800000,0.0095660,0.0095830,0.0082500,0.0084190,42355730970,379337762.4777920,1334679,182446484.8905270
1722643200000,0.0084200,0.0084560,0.0073230,0.0075110,35232140542,279659854.4021580,1054861,133755128.7013990
1722729600000,0.0075100,0.0077580,0.0067050,0.0069830,33964955964,245618928.9253300,976316,119061757.2295420
1722816000000,0.0069840,0.0071300,0.0052000,0.0059890,99118350280,593065856.4090320,2251970,287214379.7844170
1722902400000,0.0059890,0.0070740,0.0059640,0.0066970,42556950582,281842805.3412080,1166978,140817701.2069080
1722988800000,0.0066960,0.0074500,0.0065830,0.0067860,51300767256,358513052.1765390,1312848,175343189.9211390
1723075200000,0.0067860,0.0078750,0.0066090,0.0077130,34829437950,255734524.9783300,996275,127420692.9295720
1723161600000,0.0077130,0.0079100,0.0072840,0.0075670,21272521643,159868211.5394270,744173,77856600.3871100
1723248000000,0.0075670,0.0076800,0.0073090,0.0073940,11164817375,82764436.6336660,480113,40494359.3242450
1723334400000,0.0073950,0.0076220,0.0066500,0.0066820,22798490485,161951420.0063830,725662,76851654.9647180
1723420800000,0.0066810,0.0072560,0.0066750,0.0072010,23959693079,167784863.6621680,749509,83279760.7840310
1723507200000,0.0072010,0.0072420,0.0068490,0.0071860,13296132008,93872969.6644500,446969,45113148.4817650
1723593600000,0.0071870,0.0073180,0.0068320,0.0069490,17207921539,121862301.2407660,505727,59014893.9361930
1723680000000,0.0069490,0.0075800,0.0067610,0.0069100,42100734311,299400025.7612200,1007400,147403278.5850820
1723766400000,0.0069100,0.0069620,0.0062000,0.0064570,33495367082,221326902.4318600,699204,105122874.4491720
1723852800000,0.0064570,0.0069090,0.0064040,0.0068360,17351260271,115273983.9758520,444610,57550222.8768380
1723939200000,0.0068370,0.0070490,0.0066750,0.0068250,17622983076,121248653.7682750,499891,59197042.4785650
1724025600000,0.0068250,0.0068780,0.0065440,0.0068470,16457287249,110653710.2743340,497958,54289482.0311890
1724112000000,0.0068460,0.0072890,0.0067870,0.0070730,19299057127,136955921.0161030,559317,66794118.8087730
1724198400000,0.0070730,0.0072890,0.0068540,0.0071670,15585658808,110269861.7615750,463125,53524017.9102880
1724284800000,0.0071670,0.0072650,0.0069840,0.0071470,11855218605,84487855.9619110,366815,41110586.9956970
1724371200000,0.0071470,0.0079260,0.0070790,0.0077970,20936936127,154597219.3366390,551800,76484736.1795590
1724457600000,0.0077980,0.0084980,0.0077010,0.0080300,23335771298,187761049.3460180,658667,93919457.0899160
1724544000000,0.0080310,0.0080550,0.0073890,0.0076380,17578072530,134962171.2527470,486745,64128386.8840180
1724630400000,0.0076390,0.0077390,0.0069890,0.0070610,16718242271,123340073.7024360,489378,58333129.7426330
1724716800000,0.0070610,0.0072190,0.0063120,0.0065100,18044600058,124101686.3016880,489885,59739371.8865700
1724803200000,0.0065100,0.0065700,0.0058220,0.0060900,28069899278,174117231.1572990,640239,83096439.3044490
1724889600000,0.0060900,0.0064420,0.0060020,0.0061000,18859948618,117145860.9804690,461237,56428460.5294720
1724976000000,0.0061000,0.0063000,0.0058190,0.0061850,18468811446,113057310.2698720,483314,54577128.2094120
1725062400000,0.0061850,0.0062750,0.0059450,0.0060210,7699216328,47032063.4657260,223886,21501516.6409210
1725148800000,0.0060200,0.0060770,0.0056260,0.0056980,14679617219,86820507.7132520,336279,40475723.9550660
1725235200000,0.0056980,0.0061000,0.0056310,0.0060290,14746322938,86411192.4019750,351347,42423457.3962860
1725321600000,0.0060290,0.0062690,0.0057720,0.0057870,14829878964,89389238.4165280,358939,42484215.9288180
1725408000000,0.0057870,0.0060550,0.0054510,0.0059710,17995438584,104430569.5978170,368957,50331457.9710210
1725494400000,0.0059710,0.0060250,0.0057260,0.0058090,12313165190,72488456.3919280,268808,34583887.8758380
1725580800000,0.0058080,0.0060380,0.0053310,0.0056250,20761682321,119084540.1427830,392045,56303042.0392800
1725667200000,0.0056240,0.0059470,0.0055900,0.0057660,10354769375,59729005.5935310,212043,28312692.7019270
1725753600000,0.0057660,0.0062180,0.0057380,0.0061650,12728628121,75922570.6362490,247187,37750589.7709890
1725840000000,0.0061650,0.0065350,0.0060600,0.0063700,17393203992,108769609.2941560,372232,54431692.6741610
1725926400000,0.0063690,0.0067300,0.0062500,0.0065270,18662480205,121641685.8717730,354753,59087317.3513230
1726012800000,0.0065270,0.0065360,0.0060470,0.0061390,19534323705,122038025.6194890,384700,59582314.6828060
1726099200000,0.0061390,0.0063540,0.0060800,0.0062840,14881429340,92654120.4868700,335420,44997885.8296090
1726185600000,0.0062840,0.0065710,0.0061490,0.0064810,14718424899,93190922.9337520,292403,45572114.4502510
1726272000000,0.0064820,0.0066300,0.0062710,0.0063490,10663517024,68491836.8377170,213868,33124298.9270920
1726358400000,0.0063480,0.0064460,0.0059660,0.0060160,10261700530,64257531.3933090,203004,29229789.3048770
1726444800000,0.0060160,0.0061330,0.0057760,0.0059070,12924326995,76922540.5104600,247030,37193449.5724190
1726531200000,0.0059060,0.0061480,0.0058420,0.0060570,10580906083,63641406.5050240,210132,30906480.7047330
1726617600000,0.0060570,0.0063530,0.0058110,0.0063510,16623647911,100860954.1044420,344735,48290482.4458140
1726704000000,0.0063500,0.0073760,0.0062840,0.0070190,26315083016,179286677.5384400,576167,89322632.6653880
1726790400000,0.0070180,0.0072970,0.0066850,0.0068930,21471930888,149510202.0539920,451551,71600370.7795340
1726876800000,0.0068940,0.0069630,0.0066600,0.0068780,9170893832,62601566.0919620,223425,30241409.5649210
1726963200000,0.0068790,0.0069180,0.0062350,0.0064970,13331901702,87528959.7518250,286372,40831926.4518400
1727049600000,0.0064980,0.0067760,0.0063530,0.0067230,15347829921,101445766.0312730,340043,49290186.4561890
1727136000000,0.0067230,0.0071730,0.0065150,0.0070490,25172632528,172918945.8409710,563844,85607836.8272730
1727222400000,0.0070490,0.0073370,0.0067770,0.0068160,20622073647,144795259.6984280,445347,69331131.2163980
1727308800000,0.0068160,0.0076830,0.0067110,0.0074450,30818295074,225197617.5959520,667747,109758659.4932610
1727395200000,0.0074450,0.0083800,0.0073810,0.0080260,33606195291,265973541.9676940,859084,130671312.7479210
1727481600000,0.0080260,0.0082990,0.0075000,0.0078110,21858206818,171821322.8478320,547025,81220245.3753290
1727568000000,0.0078110,0.0080570,0.0073230,0.0077630,22856410390,175856020.0349200,606740,85681512.1269550
1727654400000,0.0077630,0.0079470,0.0070280,0.0070950,25605752133,192514017.7776930,685833,91381871.9322500
1727740800000,0.0070970,0.0075610,0.0061590,0.0063950,33023742191,227431090.7382780,845933,107613796.8873320
1727827200000,0.0063950,0.0066890,0.0059390,0.0061120,23010174166,146119072.9482540,666391,70514028.8452660
1727913600000,0.0061110,0.0062540,0.0056730,0.0059070,21016601426,124787052.9306940,569832,60321233.2856140
1728000000000,0.0059050,0.0064470,0.0058640,0.0063560,15384047829,95165467.1448660,432090,47175876.1408020
1728086400000,0.0063560,0.0064800,0.0061100,0.0062520,9445552737,59465949.0870270,249946,27863455.8762780
1728172800000,0.0062530,0.0066420,0.0062190,0.0065560,11907530616,76612272.7106610,290899,38339114.0148760
1728259200000,0.0065540,0.0069460,0.0065120,0.0065460,18346083211,123763262.6690930,432786,60295126.7769170
1728345600000,0.0065460,0.0066940,0.0062720,0.0063880,12324314905,79650154.1391650,306948,38628190.1896080
1728432000000,0.0063890,0.0065830,0.0060150,0.0061180,13830106444,87615555.0895620,355403,42268721.0176650
1728518400000,0.0061180,0.0063210,0.0059520,0.0062750,13916984781,85375306.0086820,335709,42488268.7232720
1728604800000,0.0062740,0.0067540,0.0062290,0.0066740,12167568852,78866713.1635230,282867,38971670.0149530
1728691200000,0.0066730,0.0074170,0.0066730,0.0071600,20358005555,143459672.8961260,450607,70115858.0527120
1728777600000,0.0071600,0.0082890,0.0069250,0.0078430,67216120395,518231101.4139650,1416309,256214410.3336290
1728864000000,0.0078440,0.0105560,0.0077110,0.0103000,124574974621,1156527813.3344690,2860551,597505299.4230780
1728950400000,0.0103000,0.0113550,0.0089570,0.0093560,121619549648,1227221974.7380810,3344111,601912009.4311530
1729036800000,0.0093560,0.0095980,0.0086150,0.0088510,55569223754,501396502.5449510,1544755,245618701.4268450
1729123200000,0.0088510,0.0092500,0.0083350,0.0085250,43530741178,381230022.5979160,1246097,183190700.0737480
1729209600000,0.0085250,0.0102190,0.0084140,0.0095930,63034203914,598411159.3166140,1686981,297077323.9944940
1729296000000,0.0095950,0.0098640,0.0091800,0.0095720,32180346127,307227617.9800880,1145252,147209543.4317600
1729382400000,0.0095710,0.0096490,0.0088290,0.0092740,26672770315,245221832.0899260,928509,118454828.2732810
1729468800000,0.0092730,0.0096760,0.0084960,0.0086080,38457175129,347397171.8976910,1174100,163615307.7173900
1729555200000,0.0086080,0.0090400,0.0085390,0.0089140,28233866482,249059729.9661250,846716,120697731.8168080
1729641600000,0.0089140,0.0096170,0.0085880,0.0095200,62316353245,566779465.0584910,1771003,277106027.6784570
1729728000000,0.0095190,0.0104700,0.0095060,0.0098780,56996214528,564592850.7205170,1806680,278694444.4859350
1729814400000,0.0098780,0.0100100,0.0078920,0.0082370,47627637705,432997571.0689730,1268037,200528566.0437270
1729900800000,0.0082370,0.0086840,0.0080440,0.0084590,27319647394,229326688.7404350,739165,114075467.6609750
1729987200000,0.0084590,0.0088190,0.0083020,0.0085850,23797802122,202748100.9504190,606071,98475993.7668530
1730073600000,0.0085840,0.0088140,0.0079470,0.0085210,31710824298,265696997.0024750,855321,125684442.2627860
1730160000000,0.0085210,0.0094610,0.0084770,0.0091360,28544023451,256190049.1366860,927536,123688251.0903910
1730246400000,0.0091370,0.0091860,0.0085380,0.0087730,20133262720,177838314.4441390,681894,83405092.2748650
1730332800000,0.0087720,0.0088450,0.0080780,0.0081770,17329054871,146095428.3987540,555230,69439719.7680010
1730419200000,0.0081780,0.0083470,0.0077010,0.0079250,25362834187,202858344.9981150,703113,95121875.0248390
1730505600000,0.0079260,0.0080910,0.0073110,0.0075510,15832579588,121056033.3496870,488420,57144653.4342130
1730592000000,0.0075500,0.0075870,0.0068250,0.0072480,26744143520,191394216.7393050,731550,91974110.2767200
1730678400000,0.0072480,0.0074390,0.0067280,0.0069910,20387151624,145928170.8110380,636528,69787449.7000360
1730764800000,0.0069910,0.0078230,0.0069860,0.0075460,24958452218,186546352.0099230,700952,90289454.3207050
1730851200000,0.0075470,0.0086420,0.0075450,0.0084550,41710409314,338467620.9119570,1144909,163043217.1394310
1730937600000,0.0084560,0.0093200,0.0083020,0.0087880,32364839539,281868889.4415820,1006207,134084119.5564320
1731024000000,0.0087890,0.0093130,0.0079420,0.0082460,34768268314,296921787.8485810,973743,139566201.9471350
1731110400000,0.0082470,0.0088430,0.0080320,0.0087620,27297882473,232576156.8325040,849832,112927490.9655790
1731196800000,0.0087630,0.0099210,0.0086460,0.0093420,52315208115,485127839.0519470,1780570,229753223.7759410
1731283200000,0.0093430,0.0104180,0.0089770,0.0096640,47591127578,451369051.6971600,1619493,214249059.8269520
1731369600000,0.0096640,0.0106950,0.0086110,0.0098600,69889894410,664180429.1125320,2425675,319523129.9433790
1731456000000,0.0098610,0.0120280,0.0085940,0.0113280,100214746520,1021172786.8203220,3377332,488610698.9423740
1731542400000,0.0113290,0.0125610,0.0096240,0.0098450,71893500381,800545437.6767460,2940421,379243525.0501820
1731628800000,0.0098450,0.0111220,0.0092130,0.0108970,36739135624,366154508.3495150,1470265,179632477.2235870
1731715200000,0.0108970,0.0112570,0.0098720,0.0101190,28237316259,295634300.8369360,1226620,139892951.7520350
1731801600000,0.0101180,0.0111110,0.0093800,0.0105540,42836337886,451087696.5195230,1785133,215545964.6440340
1731888000000,0.0105540,0.0111790,0.0100730,0.0105310,35195949925,370893774.7198850,1345667,178099073.0468230
1731974400000,0.0105320,0.0107260,0.0098290,0.0101230,23602474821,242497056.0125530,963827,115154057.0091040
1732060800000,0.0101230,0.0101410,0.0091730,0.0093310,21490297318,208229289.2653120,880912,97758163.4563820
1732147200000,0.0093310,0.0101490,0.0089090,0.0099780,25656975116,247302472.2209680,1034439,118160296.7189230
1732233600000,0.0099790,0.0101400,0.0090850,0.0094830,21430660115,203968114.1317160,873210,99418879.1956700
1732320000000,0.0094830,0.0101180,0.0092180,0.0095710,28792117075,277632278.9998400,1120609,129746072.9708850
1732406400000,0.0095700,0.0100910,0.0087290,0.0093900,27083262358,253319435.8124550,1016577,120201511.3519760
1732492800000,0.0093900,0.0097050,0.0086470,0.0088870,27109233127,249909335.1761000,989561,116187046.5622510
1732579200000,0.0088870,0.0092260,0.0081540,0.0084930,20310336858,174353659.1838630,749110,78693562.3731990
1732665600000,0.0084930,0.0090440,0.0083320,0.0089950,13158298665,114912808.3426910,508108,54308168.6658190
1732752000000,0.0089940,0.0093280,0.0086790,0.0090540,15887917550,142589645.6711910,560975,65876722.0125210
1732838400000,0.0090540,0.0095340,0.0089200,0.0094830,16316295816,150923660.9319270,516791,72518465.2830620
1732924800000,0.0094830,0.0097060,0.0091790,0.0095430,15904667583,150079728.9980050,538931,70428016.8813200
1733011200000,0.0095440,0.0100340,0.0092140,0.0097010,23417548542,224883513.3899770,830176,106619404.2937650
1733097600000,0.0097000,0.0098660,0.0084220,0.0092620,31302017772,281888082.5303400,958358,130589802.7866560
1733184000000,0.0092620,0.0101390,0.0085550,0.0098420,35130326969,328727056.2804330,1103683,156195475.9178630
1733270400000,0.0098440,0.0105410,0.0093780,0.0099960,31481816354,312391019.6953840,1031293,147586126.3004530
1733356800000,0.0099970,0.0103510,0.0091490,0.0097980,34624394579,343264633.5271400,1066289,162489444.1028630
1733443200000,0.0098010,0.0102080,0.0094000,0.0098070,19469725314,191938833.3883100,718929,89977455.6185030
1733529600000,0.0098070,0.0113120,0.0097500,0.0108000,33831026774,361372719.3108300,1197020,177082030.4332600
1733616000000,0.0108000,0.0110420,0.0101220,0.0103890,23694190497,249028700.9847070,849696,116912059.9186380
1733702400000,0.0103900,0.0104310,0.0073370,0.0084790,55814652661,523518566.0652140,1681757,232023083.0200720
1733788800000,0.0084810,0.0086240,0.0072720,0.0079410,40632660469,322230996.4150630,1231463,154694509.3745980
1733875200000,0.0079410,0.0087630,0.0076290,0.0086390,20330084507,167845698.8803110,753456,81318311.2993640
1733961600000,0.0086400,0.0089820,0.0083370,0.0084770,19698668537,171294900.9636110,689010,81192404.7388350
1734048000000,0.0084770,0.0086070,0.0082060,0.0084570,14891296386,124854145.4608590,536394,61617669.1519880
1734134400000,0.0084560,0.0085680,0.0078140,0.0080770,13233191025,107689338.9878420,457567,51315466.1316780
1734220800000,0.0080780,0.0083510,0.0078110,0.0083090,11687164412,94710452.2788670,466269,46614777.2070560
1734307200000,0.0083070,0.0084510,0.0078000,0.0080850,15541952814,126172210.6340900,536318,61079750.6014580
1734393600000,0.0080850,0.0082490,0.0076210,0.0077140,17203019827,136936712.9029450,578421,66389146.1360720
1734480000000,0.0077150,0.0077690,0.0065640,0.0067930,28415929020,205686310.4891980,804174,94939501.2224510
1734566400000,0.0067930,0.0068740,0.0057550,0.0060590,40498884383,256946881.5278450,1035651,122972694.8586620
1734652800000,0.0060590,0.0065720,0.0054560,0.0065460,33545022379,201042180.9845830,844697,97393822.0133190
1734739200000,0.0065460,0.0069980,0.0060170,0.0061350,19795430653,127607231.4336510,581812,60291234.9768810
1734825600000,0.0061350,0.0065080,0.0059690,0.0061830,16448827640,102464496.4951210,510101,48867369.5692700
1734912000000,0.0061840,0.0067070,0.0060000,0.0066070,16320916334,102523739.7574140,541083,50067614.9403440
1734998400000,0.0066080,0.0067800,0.0063550,0.0066990,11295910723,74350378.3903250,371536,36360670.3282940
1735084800000,0.0066990,0.0068680,0.0064690,0.0065750,12397772826,82674616.5430080,361036,39305477.4401300
1735171200000,0.0065760,0.0066750,0.0060420,0.0061400,13439660519,83987656.0484510,341691,38317803.4836420
1735257600000,0.0061400,0.0067460,0.0060910,0.0063270,15924756574,102159615.6517840,415597,49356250.0203550
1735344000000,0.0063270,0.0065470,0.0061600,0.0064750,7711762428,48705446.1892370,251432,23860339.8669080
1735430400000,0.0064760,0.0064950,0.0061190,0.0062020,7017170407,44423652.9669020,212344,20698824.6878630
1735516800000,0.0062030,0.0065080,0.0060790,0.0062900,12778746958,80637153.5972130,368412,38162013.6802990
1735603200000,0.0062910,0.0066410,0.0060040,0.0063970,13406418113,84967596.8840070,376784,40131215.8193910
1735689600000,0.0063970,0.0065400,0.0061730,0.0064830,8907480452,56695952.9153910,255720,26974880.8234620
1735776000000,0.0064830,0.0067690,0.0064340,0.0067090,9883608294,65530450.0713360,272797,32613230.7135120
1735862400000,0.0067090,0.0071000,0.0065200,0.0070300,10630944140,72625076.9041680,300380,34896506.4285450
1735948800000,0.0070300,0.0071000,0.0067690,0.0069600,7937145838,55114596.0949510,229228,26046134.6704990
1736035200000,0.0069600,0.0070310,0.0067130,0.0069820,7522470304,51679761.1460780,228234,24710878.2293540
1736121600000,0.0069820,0.0072040,0.0067870,0.0069860,9822906289,68488652.6608120,300423,31943886.9710680
1736208000000,0.0069860,0.0070450,0.0060270,0.0060560,14445824734,93760136.1021240,368574,45013848.2275640
1736294400000,0.0060550,0.0061320,0.0054510,0.0056620,20132093250,116205630.8815560,374011,54065961.0617740
1736380800000,0.0056610,0.0057670,0.0053520,0.0055380,14597221269,81164122.2048550,325124,38892622.3075560
1736467200000,0.0055370,0.0058180,0.0055340,0.0057550,12211443420,69434897.8670010,274373,34563499.9426670
1736553600000,0.0057550,0.0058770,0.0056710,0.0057480,5694895512,32719558.5122010,155350,15721810.8521960
1736640000000,0.0057490,0.0057850,0.0055720,0.0056460,5453725925,31068111.9353980,136170,14999792.9015530
1736726400000,0.0056470,0.0057850,0.0048080,0.0051490,27092465044,139822965.8063540,398896,66115491.5618600
1736812800000,0.0051500,0.0054950,0.0051190,0.0054310,12653964379,66801965.9029550,247307,33377040.4231880
1736899200000,0.0054310,0.0058910,0.0052800,0.0058570,15439561450,85565872.2797140,305408,40622268.2886510
1736985600000,0.0058580,0.0059040,0.0055340,0.0056510,14211940567,80893747.0860020,315127,39584741.6779230
1737072000000,0.0056520,0.0061540,0.0056520,0.0061030,12022390080,72093921.7668400,268022,34842007.0827340
1737158400000,0.0061030,0.0062440,0.0055250,0.0056650,24636906207,142324599.5451590,505978,67479019.0223790
1737244800000,0.0056660,0.0057990,0.0044980,0.0046600,42405421271,220854333.7197930,861730,104937149.3207600
1737331200000,0.0046590,0.0046680,0.0038690,0.0040300,61714207441,263914272.9383550,1061029,127132715.1142140
1737417600000,0.0040300,0.0042730,0.0037590,0.0041460,29026424929,116887274.5221130,572044,56781932.3680520
1737504000000,0.0041450,0.0043080,0.0041030,0.0041780,17394359000,73047120.2526040,340908,36333008.9636060
1737590400000,0.0041770,0.0042150,0.0038640,0.0040290,25173908274,102334704.6433860,401570,48297958.5329090
1737676800000,0.0040290,0.0041310,0.0037360,0.0037650,23110028232,91243488.8708960,345115,44831223.9482160
1737763200000,0.0037650,0.0039310,0.0035930,0.0038480,17029322649,64365055.9862060,270399,32381299.5709060
1737849600000,0.0038470,0.0039490,0.0036460,0.0036590,14169416782,54490264.9228380,222657,26055155.5664550
1737936000000,0.0036580,0.0036580,0.0031670,0.0034550,35900965000,120905658.8413590,441124,58460609.9883230
1738022400000,0.0034560,0.0035450,0.0029540,0.0029900,18968658794,62114296.1770160,273581,29444303.0355700
1738108800000,0.0029910,0.0034570,0.0029650,0.0032430,27825922714,90016393.7914750,394541,44699907.5239400
1738195200000,0.0032420,0.0034240,0.0031990,0.0033000,13935294429,46652538.1753610,212085,23402146.5181580
1738281600000,0.0032990,0.0036720,0.0032660,0.0033010,22200236267,76438356.2797220,316324,37860775.7716920
1738368000000,0.0033020,0.0034120,0.0027910,0.0028200,22505846822,70174934.6394130,290671,32626228.5574960
1738454400000,0.0028200,0.0029300,0.0021900,0.0023550,45846761176,119051216.6065990,510518,56936363.8514260
1738540800000,0.0023560,0.0024320,0.0016850,0.0023770,76791576519,159053520.8412410,689610,76921934.4949190
1738627200000,0.0023760,0.0023990,0.0021020,0.0022410,33445335417,74717663.0648840,370697,36770795.9321470
1738713600000,0.0022420,0.0023350,0.0021330,0.0021840,22100369043,49700168.7780600,262235,24127879.2814500
1738800000000,0.0021840,0.0022260,0.0019280,0.0019520,24844335457,51774843.7094460,249991,25080415.7336710
1738886400000,0.0019530,0.0021320,0.0018470,0.0019400,26838378338,53622251.3711310,278044,27226960.5966330
1738972800000,0.0019390,0.0021410,0.0019260,0.0020920,18147148794,36746357.6866050,200557,19390916.9626020
1739059200000,0.0020920,0.0021800,0.0019080,0.0020380,17862008173,37028598.4569370,188860,17808097.4275260
1739145600000,0.0020390,0.0021490,0.0019610,0.0020960,20896226492,43367223.1992250,226605,21606267.4311120
1739232000000,0.0020950,0.0022060,0.0019800,0.0020270,21976948237,45861613.6153020,208866,23429184.5365510
1739318400000,0.0020260,0.0022670,0.0019250,0.0022390,27727159888,56709307.5658380,260983,28702897.8415900
1739404800000,0.0022400,0.0023060,0.0021530,0.0021710,23236092736,51539673.7382790,256683,25092906.0540110
1739491200000,0.0021720,0.0025670,0.0021590,0.0023650,37091079809,88240302.5154410,354587,43602482.6892220
1739577600000,0.0023660,0.0023730,0.0021620,0.0021860,19532420765,44110713.0874980,207336,21294250.8101120
1739664000000,0.0021870,0.0022140,0.0020400,0.0020990,19672859981,41670146.2121810,206585,20684889.8206600
1739750400000,0.0021000,0.0021430,0.0019210,0.0019980,27637826651,56577920.0551890,242045,27337987.8418910
1739836800000,0.0019980,0.0020100,0.0017770,0.0018830,29061812230,54693740.4153790,261868,26705845.2938060
1739923200000,0.0018830,0.0020100,0.0018520,0.0019270,26770763538,52004078.9980760,212952,25436270.1908790
1740009600000,0.0019270,0.0020150,0.0019010,0.0020020,23829630919,46442192.7885060,180635,23389332.1721620
1740096000000,0.0020020,0.0021700,0.0019500,0.0019830,30391573365,62476199.8784390,252950,31392809.4622250
1740182400000,0.0019840,0.0022660,0.0019610,0.0022190,30230864537,64699699.6189410,257778,32758399.2881620
1740268800000,0.0022190,0.0022270,0.0020600,0.0021040,18013781032,38292178.4629940,157010,18517805.8297450
1740355200000,0.0021050,0.0021210,0.0016140,0.0016860,42450120118,79835540.0441830,308979,37903239.6759430
1740441600000,0.0016860,0.0018550,0.0015860,0.0018100,55830928800,95721527.1581740,424100,47989661.5311440
1740528000000,0.0018110,0.0018970,0.0017410,0.0018600,34111819425,61868433.2926510,271701,31073646.0483050
1740614400000,0.0018610,0.0019530,0.0018060,0.0018690,21735602620,40859563.5040380,199517,19728434.3709100
1740700800000,0.0018690,0.0019680,0.0016840,0.0019220,43194479617,77908310.7566790,308609,38663376.7650000
1740787200000,0.0019220,0.0019490,0.0017580,0.0018250,21899368969,40225242.9705000,167160,19772037.9513350
1740873600000,0.0018250,0.0021420,0.0018130,0.0021200,40743166951,79337074.2116150,301921,39951384.1382260
1740960000000,0.0021190,0.0021240,0.0016850,0.0017340,38954107072,74151080.9373770,330854,35600886.8123470
1741046400000,0.0017340,0.0017560,0.0015070,0.0016620,47915173806,78931802.2457660,350349,38762087.9637210
1741132800000,0.0016610,0.0017240,0.0015990,0.0016890,22824060510,37979198.7829300,175577,19202923.1879150
1741219200000,0.0016880,0.0017140,0.0015720,0.0015960,24758595214,40809630.9381660,195823,20682811.6662050
1741305600000,0.0015970,0.0016740,0.0014930,0.0015660,32706268620,51757603.6059360,234082,25510292.8794470
1741392000000,0.0015660,0.0015770,0.0013600,0.0014330,29050227998,43071602.2297670,187666,20470805.8143580
1741478400000,0.0014330,0.0014480,0.0012150,0.0012590,45657705776,60081200.8900080,254062,28539840.6188650
1741564800000,0.0012590,0.0014180,0.0012200,0.0012670,46640762766,61628094.5714750,278532,31488673.7437650
1741651200000,0.0012680,0.0013770,0.0011480,0.0013230,48608739114,61976727.5996480,265647,31187853.2712080
1741737600000,0.0013230,0.0013960,0.0012910,0.0013740,28477308116,38172586.5023910,185756,19290240.4983290
1741824000000,0.0013730,0.0014330,0.0013050,0.0013550,29443501353,40161639.3744000,172296,20381851.4550750
1741910400000,0.0013550,0.0014620,0.0013490,0.0014130,16711117025,23483572.6421030,114498,11776209.0934540
1741996800000,0.0014130,0.0014770,0.0013970,0.0014680,14106778438,20239006.9751040,97271,10546788.6858630
1742083200000,0.0014670,0.0014810,0.0013490,0.0013640,21321059092,30294423.7991900,140542,14556651.8195870
1742169600000,0.0013650,0.0014690,0.0013610,0.0014490,21044523215,29860728.0645060,124905,15454711.9920060
1742256000000,0.0014490,0.0014520,0.0013280,0.0013850,24356306984,33917193.4459810,146703,16648338.6675880
1742342400000,0.0013850,0.0014440,0.0013570,0.0014400,20861865479,29045403.9632370,134491,14417070.6082630
1742428800000,0.0014410,0.0014560,0.0013650,0.0014020,14180042693,19933179.7704260,110977,9919805.8709750
1742515200000,0.0014020,0.0014380,0.0013150,0.0013520,19712363835,26876702.8671000,130126,12493176.0249700
1742601600000,0.0013520,0.0016190,0.0013430,0.0014270,53334712873,78887343.7845250,252503,38872074.5668440
1742688000000,0.0014270,0.0015140,0.0014140,0.0014830,39650624147,57903447.2718440,192237,29533821.6411170
1742774400000,0.0014840,0.0018400,0.0014470,0.0015680,101045773133,166595631.3931180,559682,81895532.7468920
1742860800000,0.0015670,0.0016240,0.0015140,0.0016210,29398100772,46114417.7702120,197316,22645776.7313170
1742947200000,0.0016220,0.0017170,0.0015700,0.0016030,34880497976,57257042.9783510,202365,27463167.6274720
1743033600000,0.0016030,0.0016710,0.0015440,0.0015770,25419174095,40886583.5644430,155502,20067561.7749400
1743120000000,0.0015760,0.0016030,0.0013850,0.0014080,28174955578,41057019.1576390,159376,19726865.5088560
1743206400000,0.0014080,0.0014280,0.0012940,0.0013200,22601746285,30509249.9888540,129180,14231640.9237500
1743292800000,0.0013210,0.0013540,0.0012860,0.0013210,26356622680,34838260.1128340,135798,17998772.7763890
1743379200000,0.0013220,0.0013710,0.0012830,0.0013210,24879274489,33104591.2491760,147637,16848313.0739440
1743465600000,0.0013210,0.0013810,0.0012600,0.0012710,26501894839,34985182.5264530,135891,16462457.6957380
1743552000000,0.0012710,0.0012980,0.0011420,0.0011580,28147122970,34478029.0361050,169278,17540936.8859040
1743638400000,0.0011590,0.0012070,0.0010780,0.0011310,20609037334,23181567.0653950,127526,11837231.9644020
1743724800000,0.0011310,0.0011670,0.0010820,0.0011490,18053139433,20356155.6760620,114293,10623303.5772410
1743811200000,0.0011490,0.0011650,0.0011110,0.0011300,17848484727,20275764.2830030,85892,9913350.6253680
1743897600000,0.0011300,0.0011330,0.0009560,0.0009870,32380011635,34393522.4861710,143458,16927831.4199100
1743984000000,0.0009870,0.0010770,0.0008890,0.0010310,36233938477,35686532.1086610,180812,18183177.3882260
1744070400000,0.0010320,0.0010700,0.0009660,0.0009860,27482443925,27945833.5880190,120480,13638201.4071160
1744156800000,0.0009860,0.0011300,0.0009410,0.0011090,22563563895,23286469.3837400,130693,12230918.8785490
1744243200000,0.0011090,0.0011210,0.0010300,0.0010750,13115302006,14097566.6467660,90993,7081650.7163730
1744329600000,0.0010750,0.0011590,0.0010670,0.0011380,21182745598,23672261.9668930,96091,12076176.2696270
1744416000000,0.0011390,0.0012050,0.0011130,0.0012020,16194298840,18748395.7079880,78862,9606541.1890330
1744502400000,0.0012020,0.0012030,0.0010980,0.0011170,17618112107,20259580.3512960,99175,9430111.3825510
1744588800000,0.0011170,0.0011690,0.0011050,0.0011150,14070256366,15992857.6188620,94275,8127795.3187950
1744675200000,0.0011150,0.0011390,0.0010770,0.0010930,10768431131,11932457.0557930,73907,6035073.1558880
1744761600000,0.0010940,0.0011070,0.0010370,0.0010760,23582033185,25441703.2891060,107565,12563685.6010870
1744848000000,0.0010770,0.0011370,0.0010680,0.0011190,20606210464,22685018.6066060,96789,11735537.8939110
1744934400000,0.0011190,0.0012340,0.0011100,0.0012220,26864865838,32022324.2669240,133981,16823876.9615330
1745020800000,0.0012210,0.0012430,0.0011810,0.0012270,16413708722,19872226.3025410,86584,9917315.0508080
1745107200000,0.0012270,0.0013030,0.0012120,0.0012690,24790887892,31139917.9674690,124037,15852408.3594280
1745193600000,0.0012680,0.0013300,0.0012560,0.0012640,13186982381,17015875.5066030,93752,8544306.0908850
1745280000000,0.0012630,0.0014200,0.0012400,0.0014130,15936906205,21206585.0510030,122945,11266720.4934220
1745366400000,0.0014140,0.0015420,0.0014080,0.0014740,22164928410,32632611.0107490,175733,16949557.0951460
1745452800000,0.0014730,0.0015120,0.0013750,0.0014940,18227910778,26209972.2228720,147062,12931472.1044600
1745539200000,0.0014940,0.0016170,0.0014670,0.0016070,21606777443,33713527.6974430,150015,16948305.8820100
1745625600000,0.0016080,0.0017390,0.0015390,0.0016710,25415119226,41919854.4423240,185469,20961714.0738930
1745712000000,0.0016720,0.0016750,0.0014840,0.0015070,14214332771,22071788.6898320,116510,10410050.5735370
1745798400000,0.0015070,0.0016340,0.0014560,0.0015830,16253303581,25439145.6769900,140426,12824319.0960910
1745884800000,0.0015830,0.0016020,0.0014720,0.0014990,8673266568,13477040.6772940,95257,6286228.4384660
1745971200000,0.0014990,0.0015930,0.0014660,0.0015860,11435592787,17465634.7959880,115764,9390202.2404850
1746057600000,0.0015870,0.0016310,0.0015560,0.0015760,9758446993,15557806.0397200,96621,7487255.5743900
1746144000000,0.0015760,0.0016220,0.0015390,0.0016060,9940423064,15724421.2097180,97743,8199394.3156160
1746230400000,0.0016060,0.0016070,0.0014250,0.0014270,8969829574,13445294.6657860,87394,6313816.7782100
1746316800000,0.0014270,0.0014420,0.0013730,0.0013910,9077529947,12722880.2258080,86810,6458269.7732590
1746403200000,0.0013900,0.0014210,0.0013400,0.0013710,8720384902,12036836.5250300,90556,5921548.4791210
1746489600000,0.0013700,0.0014050,0.0013020,0.0013580,16523142089,22350446.6157930,120096,11045029.1511890
1746576000000,0.0013580,0.0014060,0.0013270,0.0013910,11437167058,15661593.8641160,99803,8485124.6387880
1746662400000,0.0013920,0.0016700,0.0013860,0.0016380,16798689314,25790273.3206810,139409,13624757.8269820
1746748800000,0.0016370,0.0020950,0.0016350,0.0020540,70090172303,133884127.2933000,573803,66599652.9246470
1746835200000,0.0020540,0.0023660,0.0019860,0.0022000,44469447264,94485992.9394740,479960,45964097.4330580
1746921600000,0.0022000,0.0023190,0.0020100,0.0021780,39662629715,86182161.8098250,395864,41714201.0131830
1747008000000,0.0021770,0.0027690,0.0021630,0.0023160,74160607538,183573904.9053510,876297,89278811.2581440
1747094400000,0.0023160,0.0032360,0.0021150,0.0030230,95125631512,261503800.1262980,1207669,128785519.3556490
1747180800000,0.0030240,0.0031660,0.0026230,0.0026710,56806846998,166174982.0947220,724945,80383706.8359270
1747267200000,0.0026710,0.0028180,0.0022940,0.0023690,46277208305,122007045.6843060,669745,59140937.0877010
1747353600000,0.0023690,0.0024480,0.0021680,0.0021910,25709861581,60338134.3777080,359436,29129234.0431640
1747440000000,0.0021910,0.0022030,0.0020360,0.0020890,22468429815,47399785.8217210,274734,23602915.5602850
1747526400000,0.0020900,0.0024560,0.0020760,0.0023430,45891602892,104531741.0338380,463618,49860900.9270320
1747612800000,0.0023440,0.0023470,0.0020110,0.0022320,32838372345,70521626.7526950,340866,33922470.0702210
1747699200000,0.0022330,0.0022960,0.0020740,0.0022220,21598879488,47002767.2100610,259631,22895160.8691540
1747785600000,0.0022230,0.0024850,0.0021620,0.0023370,37954764956,87253386.6128230,381823,42433136.5463170
1747872000000,0.0023370,0.0026250,0.0023310,0.0026140,38137756569,95156534.7708160,431362,47482450.5957260
1747958400000,0.0026140,0.0028090,0.0022360,0.0022600,42943612522,108518125.6137150,457118,51394533.5899280
1748044800000,0.0022590,0.0023570,0.0022240,0.0022900,18599855902,42437442.3297600,222439,21531098.8912680
1748131200000,0.0022910,0.0023250,0.0020920,0.0022820,22737474272,50245302.8351760,249497,24467561.2344210
1748217600000,0.0022820,0.0024040,0.0022200,0.0022430,17285424833,39734887.9327930,212860,19467578.1158470
1748304000000,0.0022420,0.0023900,0.0021640,0.0022940,17361601480,39959727.8973920,213724,19796586.2388840
1748390400000,0.0022950,0.0023860,0.0021870,0.0022990,16585234300,37716036.5908380,196470,18483377.9001000
1748476800000,0.0023000,0.0023990,0.0021460,0.0021590,21435049179,48770359.6055190,219404,23812620.0659320
1748563200000,0.0021600,0.0021770,0.0017480,0.0017650,34532294147,67461669.8632550,304578,31968503.1127300
1748649600000,0.0017660,0.0018700,0.0016660,0.0018390,26369498796,46457860.3631780,242769,23595028.7002750
1748736000000,0.0018390,0.0019540,0.0017660,0.0019210,16220794107,29876970.9538780,168771,15056150.6666610
1748822400000,0.0019200,0.0019830,0.0018050,0.0019490,20582101749,38651754.3636720,191048,20051491.8457590
1748908800000,0.0019500,0.0020470,0.0019290,0.0019530,21578135952,43003136.0876390,183724,21294884.0684830
1748995200000,0.0019540,0.0020100,0.0018200,0.0018410,19406858406,37408494.5560400,158818,18044420.6209880
1749081600000,0.0018410,0.0018890,0.0016350,0.0016620,22943364148,40679025.2625060,183824,20289260.9703380
1749168000000,0.0016620,0.0018310,0.0016570,0.0017020,19457929826,33818227.6863000,158442,17159958.5069650
1749254400000,0.0017020,0.0018500,0.0016970,0.0018070,13005699417,23395858.8058720,121321,12050046.7460010
1749340800000,0.0018080,0.0018780,0.0017430,0.0018280,15264404920,27502511.0557610,126668,13736413.9007060
1749427200000,0.0018270,0.0019850,0.0017780,0.0019780,17127687505,32030515.8102950,149160,16533478.5457150
1749513600000,0.0019780,0.0020730,0.0019330,0.0020500,26845639724,53501110.1123570,204990,26848881.6429200
1749600000000,0.0020510,0.0020640,0.0018670,0.0018850,18656782026,37000188.1129180,171498,18095916.7578900
1749686400000,0.0018850,0.0018860,0.0016870,0.0016950,19970749356,36116293.6451560,166876,17260109.2031940
1749772800000,0.0016950,0.0016970,0.0015270,0.0016480,31645984106,50196221.2898980,258095,25316201.1995950
1749859200000,0.0016480,0.0016640,0.0015700,0.0016090,14668194062,23774046.5646990,128152,11974752.2295080
1749945600000,0.0016090,0.0016320,0.0015700,0.0016240,13563337566,21760671.4190040,110277,10982012.6192850
1750032000000,0.0016250,0.0017140,0.0016020,0.0016130,16172314104,27033032.2323930,141468,13305279.3761850
1750118400000,0.0016120,0.0016520,0.0014810,0.0015320,24683998956,38758172.2954470,165036,19232630.2701350
1750204800000,0.0015320,0.0015700,0.0014420,0.0015480,18000627181,27337378.8053370,146887,13248581.8719140
1750291200000,0.0015480,0.0015750,0.0014940,0.0015260,9943712910,15259603.5731840,95521,7683206.5672600
1750377600000,0.0015260,0.0015660,0.0014140,0.0014550,16212225666,24213469.6254620,127922,12481615.3335280
1750464000000,0.0014560,0.0014910,0.0013070,0.0013670,15881023750,22434048.1147980,122617,10766948.4026350
1750550400000,0.0013670,0.0013920,0.0012240,0.0013010,24351128689,31578409.3382990,156785,15546343.1970990
1750636800000,0.0013010,0.0014960,0.0012930,0.0014890,20980118668,28744287.7328590,154423,14798336.1106580
1750723200000,0.0014900,0.0015520,0.0014760,0.0015160,14691866457,22169968.6235230,142185,11444928.3422920
1750809600000,0.0015150,0.0015370,0.0014370,0.0014490,12056914900,17931244.1160130,117605,8759405.5825770
1750896000000,0.0014500,0.0015150,0.0013800,0.0013930,17068389931,24448339.7514090,118890,12633292.5261360
1750982400000,0.0013920,0.0014520,0.0013680,0.0014380,13845670345,19582937.8589890,110851,10248899.7098010
1751068800000,0.0014380,0.0015610,0.0014190,0.0015330,12570608245,18639185.2720430,103789,9446485.5264760
1751155200000,0.0015340,0.0016580,0.0015090,0.0016290,14749309204,23027747.7401180,112589,11766649.2576580
1751241600000,0.0016290,0.0016420,0.0015280,0.0015610,19649166128,31044693.8318250,158556,15158673.5308030
1751328000000,0.0015610,0.0015680,0.0014220,0.0014350,16063647321,23772753.0180370,108276,11289415.0432620
1751414400000,0.0014360,0.0016900,0.0014100,0.0016430,23538481328,36938601.1913570,175138,18635790.5877120
1751500800000,0.0016430,0.0017140,0.0015830,0.0016400,24791422203,41012468.0582230,186475,20068264.7054000
1751587200000,0.0016390,0.0016690,0.0014850,0.0015180,21361107287,33162189.2754280,144140,16208549.9222660
1751673600000,0.0015190,0.0015610,0.0014660,0.0015090,12158814778,18438224.1111620,98834,8895880.6460430
1751760000000,0.0015090,0.0016370,0.0014880,0.0015860,18325924003,28740712.0489970,154870,14940454.9757990
1751846400000,0.0015870,0.0016370,0.0015270,0.0015490,17776068313,28028912.7673360,152449,13559570.3786410
1751932800000,0.0015490,0.0016070,0.0015120,0.0015840,14188392753,22078559.1110170,125727,11169879.3307680
1752019200000,0.0015850,0.0017050,0.0015510,0.0016940,20303137881,32685530.5108800,141704,16337296.7385070
1752105600000,0.0016940,0.0019550,0.0016630,0.0019110,29495456499,52098342.0483020,209122,26224651.3929190
1752192000000,0.0019120,0.0020190,0.0018140,0.0018530,27938974232,54013021.8570420,261300,26495978.3612190
1752278400000,0.0018540,0.0018730,0.0016930,0.0017750,17962414003,31987289.6497140,175018,16537842.6839510
1752364800000,0.0017750,0.0018600,0.0017590,0.0018020,16405258889,29681981.6989440,167814,14511659.0626190
1752451200000,0.0018020,0.0019440,0.0017540,0.0017860,23640472306,43648172.0499820,233121,21437909.0468730
1752537600000,0.0017850,0.0019010,0.0017030,0.0018990,21341655840,37998608.2750620,218278,19572963.7154700
1752624000000,0.0018980,0.0023200,0.0018900,0.0021490,72242940727,151956655.9631310,560154,74473367.7362160
1752710400000,0.0021500,0.0024740,0.0020780,0.0023120,77956310209,180195756.4040870,702325,88868160.4546620
1752796800000,0.0023130,0.0024940,0.0022130,0.0022910,41392950183,97257145.2596840,489203,47200898.0313040
1752883200000,0.0022920,0.0023710,0.0020950,0.0022120,24675941878,54719967.5326970,289050,26354197.7673570
1752969600000,0.0022130,0.0024110,0.0021920,0.0023080,24978366807,57463794.6779800,281244,28181874.4833570
1753056000000,0.0023080,0.0025050,0.0022420,0.0024590,30659603203,73400925.3750570,338487,36015580.7249970
1753142400000,0.0024590,0.0025920,0.0021900,0.0023540,47719342422,111132572.3299960,421544,54809249.9944790
1753228800000,0.0023550,0.0023560,0.0019810,0.0020770,40014870684,86840306.8838960,299596,42477984.8540060
1753315200000,0.0020780,0.0021220,0.0018960,0.0019840,30190398675,61011869.6978400,257703,29332925.2718520
1753401600000,0.0019860,0.0021030,0.0019060,0.0021020,19927297528,40108077.5872930,213934,20581201.8650690
1753488000000,0.0021020,0.0021160,0.0020510,0.0020580,9324115157,19483000.5596130,123885,9481727.8739300
1753574400000,0.0020590,0.0022470,0.0020490,0.0022050,13532663670,28973257.3762430,171135,14847140.2695410
1753660800000,0.0022050,0.0022880,0.0019730,0.0020050,20551919620,44275925.0196520,258216,20514914.7461200
1753747200000,0.0020060,0.0020890,0.0018980,0.0019440,22026219982,43749497.1869370,209255,21498330.4921060
1753833600000,0.0019450,0.0019650,0.0017980,0.0019150,24159934208,45486707.0920470,200072,21792277.4302710
1753920000000,0.0019150,0.0019790,0.0017990,0.0018080,17198923067,32901496.0582670,158198,16395083.4356860
1754006400000,0.0018090,0.0018260,0.0016810,0.0017580,25834625408,45545038.5130890,228057,22899187.8209600
1754092800000,0.0017590,0.0017980,0.0016490,0.0017070,14955797911,25854731.9371670,151771,12957646.0323270
1754179200000,0.0017070,0.0017950,0.0016810,0.0017780,7783283883,13637556.1669620,108892,7174204.7176380
1754265600000,0.0017790,0.0018470,0.0017660,0.0018370,10210956930,18417095.4245600,173563,8971056.2747160
1754352000000,0.0018370,0.0018400,0.0016560,0.0017040,15776589173,27522510.9510340,152512,13721385.4954870
1754438400000,0.0017050,0.0017790,0.0016500,0.0017520,14095575818,24213616.8751150,144567,12040292.5288410
1754524800000,0.0017520,0.0018610,0.0017380,0.0018580,12415534038,22423222.2005130,171636,11516001.5733240
1754611200000,0.0018570,0.0019280,0.0018220,0.0018860,15722030488,29315162.9485690,198720,14590568.2845250
1754697600000,0.0018870,0.0020150,0.0018680,0.0019790,15584195035,30558210.1322570,201604,15401962.4755180
1754784000000,0.0019800,0.0020340,0.0018820,0.0019770,16939893240,33231182.6860310,183636,16666053.0932540
1754870400000,0.0019780,0.0020310,0.0017890,0.0018050,19501611452,37409596.4056430,195419,17762064.3626230
1754956800000,0.0018060,0.0020150,0.0017770,0.0019890,18878156292,35724474.0920360,194884,18288181.8239690
1755043200000,0.0019900,0.0022500,0.0019890,0.0021310,56754796163,121567773.1796140,489642,60652446.6306690
1755129600000,0.0021320,0.0021940,0.0018230,0.0018670,33878513083,67974576.5079210,323926,31916282.1980080
1755216000000,0.0018670,0.0019170,0.0017600,0.0018140,22721165519,41920767.3299010,198886,21188166.3643820
1755302400000,0.0018130,0.0018930,0.0018060,0.0018830,10873019613,20063916.9673580,116713,10202821.3378740
1755388800000,0.0018830,0.0019540,0.0018490,0.0018690,12152110203,23017099.7192210,125897,11424820.1131550
1755475200000,0.0018690,0.0018720,0.0017540,0.0018000,18656739418,33627997.1525970,152011,16772976.5803030
1755561600000,0.0018010,0.0018330,0.0016970,0.0017120,21741120049,38306165.3586710,181224,18414280.8506280
1755648000000,0.0017130,0.0018880,0.0017010,0.0018630,18248707369,32644798.2076030,163409,16662115.3993390
1755734400000,0.0018630,0.0018890,0.0017710,0.0017900,14589017122,26582720.4211140,168767,13114822.3322730
1755820800000,0.0017900,0.0021230,0.0017020,0.0021210,30710359971,57294852.2165040,236083,29097081.9154760
1755907200000,0.0021210,0.0024550,0.0019940,0.0023020,94436672656,215947034.3992670,865948,105768917.9807950
1755993600000,0.0023020,0.0025500,0.0021130,0.0021620,87274748931,201079744.7148920,794942,98522157.0656780
1756080000000,0.0021620,0.0024890,0.0019280,0.0019760,77866141975,171461237.7846350,733602,83902618.5797330
1756166400000,0.0019760,0.0020280,0.0019470,0.0019600,31032787554,61726458.6030000,289548,30842091.5120570
1756252800000,0.0019590,0.0020810,0.0019490,0.0019760,34354781843,68929669.7038650,266137,35247903.7252690
1756339200000,0.0019750,0.0021120,0.0019410,0.0021090,22252689761,45329882.6299920,203800,23024659.2581880
1756425600000,0.0021090,0.0021150,0.0018820,0.0019430,27911327353,55445913.3805210,222863,26404127.8236750
1756512000000,0.0019440,0.0019910,0.0019040,0.0019520,9391642827,18374257.5377420,100572,8598714.4810860
1756598400000,0.0019510,0.0019950,0.0019010,0.0019020,11547168405,22619784.6354870,94696,10814757.0376020
1756684800000,0.0019020,0.0019500,0.0017600,0.0018080,21119141649,39175415.1732790,168848,18758923.6828780
1756771200000,0.0018080,0.0019410,0.0018000,0.0019340,15274686969,28660194.8684050,150772,14689783.5123310
1756857600000,0.0019330,0.0019740,0.0019030,0.0019520,11804954288,22881942.8880600,108181,10973482.3429100
1756944000000,0.0019520,0.0019640,0.0018320,0.0018460,10190795538,19183606.2169970,115096,9058920.1189580
1757030400000,0.0018450,0.0019700,0.0018430,0.0019160,11768101466,22515692.8522250,138337,11317043.7193830
1757116800000,0.0019150,0.0019240,0.0018650,0.0019040,7549316891,14271886.2336640,95125,7342431.3293160
1757203200000,0.0019040,0.0019630,0.0019010,0.0019380,6998052874,13562840.5450890,85567,6934861.1576040
1757289600000,0.0019360,0.0020590,0.0019250,0.0020320,12405648018,24718563.3464600,136442,12688406.0944570
1757376000000,0.0020320,0.0020870,0.0019480,0.0020070,13799883654,27870893.0253120,162021,13696661.3442080
1757462400000,0.0020070,0.0020960,0.0019850,0.0020490,12965349672,26521235.4748550,138498,12747405.7548070
1757548800000,0.0020490,0.0020810,0.0019780,0.0020740,9615514249,19453875.7679310,102939,9667735.5374060
1757635200000,0.0020740,0.0022630,0.0020500,0.0022500,17991919708,38600558.6255570,165786,19597477.3194050
1757721600000,0.0022490,0.0023400,0.0022070,0.0022580,19398291408,44029715.4611840,195303,21133513.4386130
1757808000000,0.0022590,0.0022680,0.0021030,0.0021300,12767176426,27751725.8378460,138986,13215781.7673410
1757894400000,0.0021310,0.0021580,0.0019300,0.0019950,17540973090,35479322.6754380,169613,16513917.7385580
1757980800000,0.0019960,0.0020670,0.0019630,0.0020530,10768876277,21711775.5506950,111262,10766867.5792130
1758067200000,0.0020530,0.0021780,0.0019940,0.0021550,14619663636,29999107.3320230,141469,14684352.6337320
1758153600000,0.0021550,0.0021990,0.0020940,0.0021500,10165221960,21838385.7650450,105948,11094871.0086800
1758240000000,0.0021500,0.0021740,0.0019870,0.0020120,11622303223,23964733.7309340,102880,11684147.9631220
1758326400000,0.0020110,0.0020510,0.0019880,0.0020260,6921878600,13975346.4900870,80924,7206985.4571450
1758412800000,0.0020270,0.0020650,0.0019740,0.0019810,8703790297,17581312.8042630,91396,8918795.1587460
1758499200000,0.0019810,0.0019930,0.0016700,0.0017360,20854275743,37382798.8575450,198090,17380952.2435750
1758585600000,0.0017360,0.0017520,0.0016810,0.0017020,12258183513,21112188.8650310,109235,10632762.7760270
1758672000000,0.0017020,0.0017440,0.0016370,0.0016900,13592199476,23111586.6973620,107264,11416328.5998140
1758758400000,0.0016910,0.0016980,0.0015330,0.0015770,25336807636,41010739.1387280,157681,20203899.6399800
1758844800000,0.0015760,0.0016680,0.0015660,0.0016610,14894834256,24056149.9477330,111167,12759846.7035870
1758931200000,0.0016610,0.0016710,0.0016170,0.0016280,7203473619,11838839.6554440,58432,5759492.8297030
1759017600000,0.0016290,0.0016720,0.0015760,0.0016680,6413364321,10373985.0781720,62872,5188947.9900510
1759104000000,0.0016680,0.0016690,0.0015340,0.0016160,14036568073,22530901.3421380,101406,11095405.2180790
1759190400000,0.0016150,0.0016360,0.0015470,0.0016180,10332938164,16447083.3803810,86446,8552936.7021180
1759276800000,0.0016190,0.0017080,0.0015840,0.0016980,10352344321,17169966.0689350,98909,8750262.2873620
1759363200000,0.0016980,0.0017780,0.0016770,0.0017610,11977486001,20690793.3555840,103447,10258308.8189910
1759449600000,0.0017620,0.0018220,0.0017120,0.0017810,11787596438,20695894.8395960,103343,10171123.5579340
1759536000000,0.0017810,0.0018320,0.0016710,0.0017130,11739959631,20511124.3117720,103950,9787531.5850410
1759622400000,0.0017130,0.0018010,0.0016830,0.0016960,11080217113,19335846.7893300,94003,9482401.1446820
1759708800000,0.0016970,0.0017990,0.0016770,0.0017790,9731810767,16966190.8037760,97852,8302772.4227080
1759795200000,0.0017800,0.0018230,0.0016200,0.0016260,22967203197,39486604.7353770,152079,19292964.9043180
1759881600000,0.0016260,0.0017640,0.0015910,0.0017250,13309176093,22147675.7522210,116364,11491773.4842290
1759968000000,0.0017250,0.0017300,0.0015810,0.0016250,12877016774,21116818.0871100,109854,10582865.6732080
1760054400000,0.0016240,0.0016620,0.0003640,0.0010000,60047731217,69048330.7937270,314263,32028452.6197600
1760140800000,0.0010000,0.0011050,0.0009650,0.0010100,33908344138,35105087.3918860,165275,16975192.0995160
1760227200000,0.0010100,0.0012270,0.0009970,0.0011850,24304836750,26858339.0468540,143094,13733482.3306450
1760313600000,0.0011860,0.0012740,0.0011580,0.0012650,21367273061,25808703.3934950,131861,13203602.0850420
1760400000000,0.0012650,0.0012720,0.0011060,0.0011990,30237576185,35326822.6837050,146074,17831489.6329170
1760486400000,0.0012000,0.0012240,0.0010900,0.0011100,23352829229,27017541.7447220,120608,13378785.3220920
1760572800000,0.0011090,0.0011620,0.0010510,0.0010820,24251202091,26861934.0046020,133941,13184317.4589240
1760659200000,0.0010820,0.0011060,0.0009730,0.0010410,25673227848,26385475.6865340,137594,13033807.4270060
1760745600000,0.0010420,0.0011340,0.0010380,0.0010590,22724190515,24400347.3240490,112823,12023007.0407700
1760832000000,0.0010590,0.0011120,0.0010380,0.0010860,14042157681,15141989.3579950,82353,7681558.3877960
1760918400000,0.0010860,0.0011540,0.0010610,0.0011090,13625543191,15180700.5866270,81668,7418778.3877950
1761004800000,0.0011090,0.0011490,0.0010480,0.0010570,19428691257,21171301.5753290,104604,10256524.3248600
1761091200000,0.0010560,0.0010640,0.0009750,0.0010100,18484277984,19055196.7004450,91820,9305052.9015250
1761177600000,0.0010100,0.0010760,0.0010050,0.0010630,9089601998,9477593.4365670,58526,4834050.5637800
1761264000000,0.0010630,0.0010960,0.0010470,0.0010820,7956093523,8524192.1962660,59816,4252439.4948800
1761350400000,0.0010820,0.0011040,0.0010610,0.0010870,4827317372,5211398.3819490,46458,2740214.6636150
1761436800000,0.0010880,0.0011410,0.0010660,0.0011310,8457686357,9373459.0530820,51830,4506483.9341430
1761523200000,0.0011300,0.0011670,0.0010790,0.0010870,11566886671,12928047.4354000,70880,6098768.0065130
1761609600000,0.0010870,0.0011130,0.0010200,0.0010470,15125450560,16243924.6924830,77668,7618375.5107600
1761696000000,0.0010460,0.0011060,0.0010150,0.0010540,15353299609,16240362.5868730,83265,8079057.5998690
1761782400000,0.0010540,0.0010660,0.0009110,0.0009490,23475656927,22959512.5649290,111120,11268270.0510810
1761868800000,0.0009490,0.0009990,0.0009460,0.0009760,12633067491,12281991.1613380,75528,6070696.4879720
1761955200000,0.0009760,0.0010230,0.0009680,0.0010110,8352901235,8303719.9966090,57945,4171832.2502870
1762041600000,0.0010110,0.0010280,0.0009660,0.0010000,9194513937,9162417.7673970,56725,4375732.4188220
1762128000000,0.0010000,0.0010040,0.0008010,0.0008470,27516705353,24221973.0431740,128110,11687924.9073510
1762214400000,0.0008460,0.0008750,0.0007640,0.0008090,34097794831,28200692.6489220,158672,13968771.9258750
1762300800000,0.0008090,0.0008460,0.0007690,0.0008300,18114970069,14872209.4581020,96136,7594188.7416610
1762387200000,0.0008300,0.0008310,0.0007730,0.0008160,16113145495,12987381.3789320,79444,6603241.5623420
1762473600000,0.0008160,0.0009950,0.0008160,0.0009670,24822138006,22429768.2869410,136499,11424957.2479070
1762560000000,0.0009670,0.0009900,0.0009060,0.0009370,17606330337,16665685.2467220,102928,8132185.2525350
1762646400000,0.0009370,0.0009690,0.0008860,0.0009510,14371612303,13335589.8518440,76400,6658207.7754140
1762732800000,0.0009500,0.0009910,0.0009420,0.0009740,13390461382,12945196.8702330,72589,6355582.6558860
1762819200000,0.0009740,0.0009930,0.0008860,0.0008900,14491246658,13632800.7735840,101496,6651228.5621170
1762905600000,0.0008910,0.0009470,0.0008570,0.0008840,15524984162,13965017.4404580,83482,6734348.2360860
1762992000000,0.0008840,0.0009170,0.0008100,0.0008380,14277179602,12388221.2039700,91328,6186157.9380910
1763078400000,0.0008380,0.0008460,0.0007880,0.0008050,23878089829,19524144.3416230,119722,9578009.9011910
1763164800000,0.0008050,0.0008500,0.0008040,0.0008200,8496350758,7043186.3973610,56390,3556819.1532960
1763251200000,0.0008210,0.0008300,0.0007560,0.0007830,13939117400,10990779.5584110,72351,5262006.4802110
1763337600000,0.0007820,0.0008200,0.0007470,0.0007650,17542298054,13701393.7827180,90253,6982741.4219610
1763424000000,0.0007640,0.0008180,0.0007460,0.0007990,17329430412,13711059.4330080,78313,6970130.3459160
1763510400000,0.0007990,0.0008060,0.0007210,0.0007680,19748338679,15127388.2011620,80103,7374157.5687790
1763596800000,0.0007680,0.0008279,0.0007284,0.0007512,24213350422,18865052.7780439,237456,9329456.2239390
1763683200000,0.0007511,0.0007714,0.0006429,0.0006859,33543099088,23325892.5529809,350205,11333084.0643984
1763769600000,0.0006860,0.0006980,0.0006510,0.0006773,17473572492,11755988.5794350,170170,5873226.3274392
1763856000000,0.0006772,0.0007004,0.0006671,0.0006751,12716498773,8696600.6753002,112884,4169301.5996478
1763942400000,0.0006749,0.0007498,0.0006660,0.0007401,28462885678,19994937.6722051,256214,9946561.7760427
1764028800000,0.0007400,0.0007574,0.0007083,0.0007509,18279898310,13409289.1066970,197280,6701098.6414516
1764115200000,0.0007510,0.0007677,0.0007111,0.0007576,14407792396,10633563.5012712,167646,5231791.1904909
1764201600000,0.0007576,0.0007836,0.0007441,0.0007628,10210391673,7768962.4999441,134083,3859772.3361643
1764288000000,0.0007628,0.0008059,0.0007401,0.0007480,17114579926,13099354.4697116,209086,6613638.8530984
1764374400000,0.0007480,0.0007674,0.0007219,0.0007262,9990758199,7392073.0761636,118044,3597882.4348241
1764460800000,0.0007262,0.0007424,0.0007006,0.0007027,10127134612,7342319.1525369,119080,3651806.4419625
1764547200000,0.0007027,0.0007050,0.0006183,0.0006554,22480250796,14527376.1341954,259640,7095158.3597362
1764633600000,0.0006553,0.0007479,0.0006402,0.0007174,17977689354,12525165.2509483,208009,6242073.4223872
1764720000000,0.0007174,0.0007455,0.0006951,0.0007330,12569503428,9053824.9218725,167356,4512815.5012522
1764806400000,0.0007331,0.0007433,0.0006958,0.0007044,9541433978,6883166.3570468,144269,3394432.7543194
1764892800000,0.0007043,0.0007156,0.0006491,0.0006732,13998813205,9601161.7616391,177577,4465398.0894158
1764979200000,0.0006732,0.0007115,0.0006650,0.0007084,11055985648,7569447.1717991,132427,3862170.0406380
1765065600000,0.0007083,0.0007271,0.0006550,0.0006727,18776342133,13005089.5369557,232159,6213627.8332758
1765152000000,0.0006728,0.0007627,0.0006665,0.0007327,18632023349,13420539.5031616,243607,6444204.6303474
1765238400000,0.0007327,0.0008190,0.0007069,0.0007860,20596348665,15676818.7934836,271305,7723520.6906265
1765324800000,0.0007859,0.0007891,0.0007075,0.0007136,18344672206,13638137.7592489,247528,6449813.7939155
1765411200000,0.0007136,0.0007267,0.0006590,0.0007026,20277519811,13855854.2643946,274217,6349240.8198157
1765497600000,0.0007027,0.0007092,0.0006430,0.0006740,15653591715,10622138.7791406,206151,4967864.8019451
1765584000000,0.0006739,0.0006910,0.0006650,0.0006713,7206583412,4884414.1422796,110994,2376942.9821256
1765670400000,0.0006712,0.0006731,0.0006210,0.0006321,12622497126,8146680.0674447,168339,3665510.3160684
1765756800000,0.0006322,0.0006549,0.0005872,0.0006091,19221047374,11943575.3955520,234460,5590327.5459242
1765843200000,0.0006091,0.0006213,0.0005892,0.0006117,13774502618,8357618.9570821,178394,3897652.6016988
1765929600000,0.0006117,0.0006288,0.0005578,0.0005651,19589526895,11573971.1924799,220775,5481363.5801105
1766016000000,0.0005651,0.0006010,0.0005279,0.0005467,24777784079,14054710.6706855,251040,6862545.1153445
1766102400000,0.0005468,0.0006066,0.0005396,0.0005911,15185589752,8797396.2738327,181585,4272884.7771172
1766188800000,0.0005910,0.0006350,0.0005701,0.0005963,28495320565,16962745.5600304,242407,8022623.5978758
1766275200000,0.0005963,0.0005993,0.0005678,0.0005789,9797302986,5715890.3242717,128196,2760552.1451266
1766361600000,0.0005789,0.0005969,0.0005710,0.0005822,13019861338,7625519.8787675,183001,3610642.9359975
1766448000000,0.0005823,0.0005850,0.0005576,0.0005733,11932579747,6817387.7516474,149570,3417900.8100214
1766534400000,0.0005733,0.0005795,0.0005506,0.0005757,9198382682,5185684.2168616,106173,2454677.9743998
1766620800000,0.0005757,0.0005967,0.0005611,0.0005620,12707520822,7371424.7841743,130971,3386204.4144659
1766707200000,0.0005618,0.0005929,0.0005588,0.0005800,11139715403,6429098.5992540,130844,3360403.4714548
1766793600000,0.0005801,0.0005930,0.0005707,0.0005905,5197997292,3021258.2027118,90304,1517488.3894990
1766880000000,0.0005905,0.0006016,0.0005705,0.0005830,7850808083,4615364.2335091,91132,2183958.7922956
1766966400000,0.0005831,0.0006033,0.0005507,0.0005525,13013865253,7444863.7626588,148409,3515324.6810746
1767052800000,0.0005524,0.0005548,0.0005280,0.0005331,14938284841,8036566.9540973,156002,3763215.4825324
1767139200000,0.0005331,0.0005505,0.0005133,0.0005422,13584098218,7253522.7402026,131050,3605687.5622608
1767225600000,0.0005422,0.0005970,0.0005359,0.0005946,15765298702,8890322.9853813,147334,4430507.1773598
1767312000000,0.0005946,0.0006814,0.0005865,0.0006770,42499501369,26493957.6342339,400961,13295737.7267370
1767398400000,0.0006770,0.0006881,0.0006404,0.0006780,23410681358,15499033.7212791,276300,7703744.9669086
1767484800000,0.0006780,0.0008791,0.0006717,0.0008506,91817434914,71784779.3339441,966482,36112376.2890537
1767571200000,0.0008509,0.0008608,0.0007546,0.0008029,52143019404,41568138.5822259,652315,19702125.5881977
1767657600000,0.0008029,0.0008730,0.0007719,0.0008053,47671880046,39006727.9414714,581711,18897833.6123377
1767744000000,0.0008054,0.0008093,0.0007621,0.0007718,23469920463,18346629.0834517,310277,9000986.0373133
1767830400000,0.0007718,0.0007804,0.0007005,0.0007168,23061502461,16864828.2083949,323799,7880289.8751831
1767916800000,0.0007168,0.0007335,0.0006976,0.0007112,16040710603,11462921.7804311,216257,5502667.8399993
1768003200000,0.0007111,0.0007127,0.0006902,0.0006958,8701946301,6104791.9988504,110369,2945887.6666740
1768089600000,0.0006959,0.0007129,0.0006726,0.0006858,12025623429,8369198.1789119,146001,3886397.5660704
1768176000000,0.0006859,0.0007185,0.0006666,0.0006702,16880991969,11619978.4955562,218550,5683616.8422327
1768262400000,0.0006703,0.0007595,0.0006676,0.0007397,21558513447,15241226.7170182,239825,7884286.5233973
1768348800000,0.0007398,0.0007503,0.0006955,0.0007015,17060854379,12316969.8294832,232632,5834755.6595580
1768435200000,0.0007016,0.0007040,0.0006571,0.0006726,18786988266,12755640.7909310,210302,6169372.9915348
1768521600000,0.0006727,0.0006873,0.0006440,0.0006832,14171620433,9531851.4092782,170111,4629609.5116739
1768608000000,0.0006832,0.0006905,0.0006618,0.0006648,9330878360,6309628.8398478,111528,3164009.3270822
1768694400000,0.0006648,0.0006726,0.0006206,0.0006311,11613686574,7572705.6382750,134056,3608319.8235696
1768780800000,0.0006311,0.0006311,0.0005451,0.0006053,20715173182,12323400.9505385,266675,5528958.9084450
1768867200000,0.0006053,0.0006401,0.0005577,0.0005630,34507312617,20626510.5768174,346688,9619578.0436842
1768953600000,0.0005629,0.0006297,0.0005619,0.0006093,21639510590,12841624.4650174,245761,6241029.3673562
1769040000000,0.0006092,0.0006203,0.0005825,0.0005914,10327565328,6209979.8456814,138117,2984281.2307809
1769126400000,0.0005915,0.0006167,0.0005770,0.0005896,10497206561,6247566.4913121,135447,3152512.9745598
1769212800000,0.0005897,0.0005969,0.0005786,0.0005909,5721971863,3371811.4173378,65347,1693849.3811224
1769299200000,0.0005909,0.0005935,0.0005280,0.0005432,13509687201,7562492.0105012,149826,3639922.2818762
1769385600000,0.0005432,0.0005851,0.0005417,0.0005768,11042153828,6272354.4669620,131297,3077175.8525034
1769472000000,0.0005768,0.0005938,0.0005605,0.0005914,10442448753,6018141.3507058,122872,3010779.6086445
1769558400000,0.0005914,0.0006160,0.0005816,0.0005966,14442687182,8628663.4355495,170150,4250785.5278247
1769644800000,0.0005967,0.0005985,0.0005232,0.0005446,17332911984,9577593.2783714,200446,4669655.3513450
1769731200000,0.0005446,0.0005656,0.0005191,0.0005579,19372205177,10544928.1490178,256575,5264492.7931803
1769817600000,0.0005579,0.0005584,0.0004244,0.0004751,28817419851,14077987.3044079,276175,6669864.3051222
1769904000000,0.0004750,0.0004942,0.0004562,0.0004675,17525698520,8340685.2815095,206787,4193964.9033912
1769990400000,0.0004676,0.0004935,0.0004515,0.0004851,19285662026,9122659.9329079,235804,4668130.1740784
1770076800000,0.0004850,0.0005074,0.0004553,0.0004723,28928078953,13970182.9811407,278165,6748033.6636871
1770163200000,0.0004722,0.0004869,0.0004529,0.0004692,18357677655,8636561.1712344,194684,4404900.0328433
1770249600000,0.0004693,0.0004765,0.0003700,0.0003785,47043896167,19569739.0176734,312410,9078830.4958294
1770336000000,0.0003785,0.0004503,0.0003348,0.0004345,38996697888,15476263.4258991,247664,7738562.3947721
1770422400000,0.0004344,0.0004362,0.0004039,0.0004274,18830484761,7953960.3596240,133897,3868655.8793012
1770508800000,0.0004275,0.0004276,0.0003991,0.0004055,10263341455,4243518.8653170,98551,1986669.6577956
1770595200000,0.0004056,0.0004106,0.0003837,0.0004017,11303386799,4501726.3622266,89081,2156626.2150528
1770681600000,0.0004017,0.0004040,0.0003807,0.0003857,10433868348,4065884.3035212,68803,1854495.9548432
1770768000000,0.0003857,0.0003944,0.0003681,0.0003817,14891681845,5647405.7108093,90257,2714025.8650684
1770854400000,0.0003816,0.0004050,0.0003815,0.0003993,12998387523,5116924.7216209,85572,2524515.0391919
1770940800000,0.0003992,0.0004126,0.0003851,0.0004092,13560225571,5410872.5102066,82202,2663847.1600886
1771027200000,0.0004092,0.0004686,0.0004084,0.0004560,17847480576,7854255.5530697,126176,3905012.7185975
1771113600000,0.0004559,0.0004632,0.0004211,0.0004336,19600064698,8680682.5995282,139494,3998806.9711736
1771200000000,0.0004336,0.0004522,0.0004272,0.0004423,11465432993,5022809.8397764,85557,2436823.1991838
1771286400000,0.0004422,0.0004426,0.0004225,0.0004299,9802717410,4238161.2494051,79701,2038781.6513155
1771372800000,0.0004300,0.0004412,0.0004094,0.0004157,9782498726,4153920.2010722,73351,1968338.2325162
1771459200000,0.0004157,0.0004202,0.0004024,0.0004123,8244437086,3391107.0167181,70134,1600312.1335828
1771545600000,0.0004124,0.0004313,0.0004026,0.0004231,13060327528,5473203.2290288,117231,2813462.8458795
1771632000000,0.0004233,0.0004276,0.0004072,0.0004076,7042817536,2951773.9314654,61235,1405371.9143432
1771718400000,0.0004074,0.0004080,0.0003856,0.0003900,8676121853,3434217.7177123,68857,1578050.8899657
1771804800000,0.0003903,0.0003948,0.0003625,0.0003756,15086802474,5717115.0775627,109910,2652799.6059329
1771891200000,0.0003755,0.0003812,0.0003653,0.0003760,10152477352,3789242.9407340,69206,1799493.9080694
1771977600000,0.0003761,0.0004264,0.0003745,0.0004073,15209895830,6091798.3142692,115349,3076181.7610215
1772064000000,0.0004073,0.0004101,0.0003794,0.0003884,11486496288,4539300.2211711,89644,2156911.2633578
1772150400000,0.0003885,0.0004020,0.0003707,0.0003808,13551032392,5251187.9186731,85179,2581954.6706773
1772236800000,0.0003807,0.0003833,0.0003467,0.0003806,21230057318,7691029.2728810,117405,3632500.0525990
1772323200000,0.0003806,0.0004014,0.0003682,0.0003791,16035920597,6198038.7759776,110163,3159575.5129296
1772409600000,0.0003792,0.0004096,0.0003709,0.0003889,14911901451,5817720.5168413,105757,2905085.8253234
1772496000000,0.0003889,0.0004041,0.0003771,0.0004007,12187896062,4736009.5840429,97143,2347412.9650595
1772582400000,0.0004007,0.0004393,0.0003934,0.0004180,18559852486,7745479.8076916,131993,3755480.4873956
1772668800000,0.0004181,0.0004288,0.0004022,0.0004093,10671930625,4423788.6359188,90398,2128296.4361788
1772755200000,0.0004094,0.0004133,0.0003859,0.0003931,12108859706,4825032.9038371,83194,2299337.3560323
1772841600000,0.0003932,0.0003954,0.0003781,0.0003816,6147027824,2376253.5315347,40561,1155227.6727307
1772928000000,0.0003816,0.0003857,0.0003706,0.0003787,8488924334,3210936.6864626,55441,1557214.7607841
1773014400000,0.0003786,0.0004137,0.0003783,0.0003989,13826969115,5452494.1941641,105920,2769917.6948535
1773100800000,0.0003989,0.0004557,0.0003988,0.0004241,32660181331,14055794.5322389,209733,6995001.1532621
1773187200000,0.0004241,0.0004405,0.0004130,0.0004335,17575185161,7481019.2334675,114294,3757129.5316920
1773273600000,0.0004336,0.0004555,0.0004237,0.0004482,15369857732,6723618.5824662,108712,3351311.7352774
1773360000000,0.0004483,0.0004969,0.0004465,0.0004514,23241575705,10905954.2600720,195032,5457848.2502644
1773446400000,0.0004513,0.0004582,0.0004373,0.0004435,8026078124,3578760.1329291,66872,1750721.0829481
1773532800000,0.0004435,0.0004519,0.0004371,0.0004479,12341118135,5462206.2518641,87875,2689746.2481663
1773619200000,0.0004479,0.0005120,0.0004471,0.0004794,38625029419,18749092.7879346,284176,9432021.0641090
1773705600000,0.0004794,0.0004827,0.0004581,0.0004671,12900824978,6044172.9454752,99085,2890114.6178112
1773792000000,0.0004671,0.0004837,0.0004303,0.0004363,14488903496,6586338.0901637,112828,3180024.5232136
1773878400000,0.0004364,0.0004413,0.0004093,0.0004165,11592494048,4899439.0466897,80964,2401227.6256999
1773964800000,0.0004165,0.0004259,0.0004068,0.0004121,11939303263,4973620.3451047,77419,2370136.1699908
1774051200000,0.0004122,0.0004232,0.0003981,0.0004018,9877100217,4086216.3713959,61627,1992534.1403851
1774137600000,0.0004018,0.0004063,0.0003872,0.0003944,9864141674,3931880.6234791,76134,1878438.1067244
1774224000000,0.0003944,0.0004252,0.0003914,0.0004161,16828918362,6918538.2651823,104358,3505629.1048382
1774310400000,0.0004162,0.0004204,0.0004043,0.0004158,8940400207,3688420.5557729,56189,1825441.8906750
1774396800000,0.0004158,0.0004308,0.0004143,0.0004184,10071847517,4247619.1213625,57514,2151222.8993261
1774483200000,0.0004184,0.0004196,0.0003848,0.0003937,10697452093,4256267.4893143,55845,2003547.3518632
1774569600000,0.0003936,0.0003992,0.0003802,0.0003831,9778940556,3785962.8094392,54329,1816171.6085983
1774656000000,0.0003832,0.0003924,0.0003736,0.0003758,10166283590,3876453.6924514,57341,1591256.5257033
1774742400000,0.0003756,0.0003807,0.0003568,0.0003662,8798081853,3252016.2098394,53338,1513721.7645970
1774828800000,0.0003663,0.0003884,0.0003663,0.0003760,9399023852,3577023.0628281,60772,1806899.4712316
1774915200000,0.0003759,0.0003853,0.0003703,0.0003839,8833432031,3339642.2477804,54877,1629448.2618323
1775001600000,0.0003840,0.0003995,0.0003796,0.0003867,9096851451,3551482.2605756,51352,1695057.4223058
1775088000000,0.0003867,0.0003906,0.0003594,0.0003675,9933156551,3677235.2176802,67971,1764838.4201804
1775174400000,0.0003676,0.0003909,0.0003658,0.0003858,9192105237,3507623.0740391,54352,1736606.0131193
1775260800000,0.0003858,0.0003873,0.0003724,0.0003802,6581657059,2503229.1317464,38693,1227351.5427859
1775347200000,0.0003802,0.0003812,0.0003636,0.0003812,7369803366,2732759.7923409,51777,1361728.9588400
1775433600000,0.0003813,0.0003950,0.0003736,0.0003754,12316989531,4750568.8685328,62969,2222189.9539948
1775520000000,0.0003753,0.0004022,0.0003605,0.0004000,15019110776,5638367.3561773,83142,2892130.5522378
1775606400000,0.0004000,0.0004063,0.0003864,0.0003879,11059338907,4400582.1233630,75876,2094719.2021149
1775692800000,0.0003879,0.0004142,0.0003824,0.0003977,12757978070,5028478.2503189,72581,2645526.5573516
1775779200000,0.0003979,0.0004131,0.0003896,0.0004042,10481835877,4182204.3224329,59982,2026417.0968256
1775865600000,0.0004042,0.0004101,0.0003877,0.0003981,9553986208,3806518.1374539,51953,1804842.8923068
1775952000000,0.0003981,0.0003995,0.0003716,0.0003743,10862674565,4137601.8329622,52492,1996452.9785484
1776038400000,0.0003743,0.0004548,0.0003735,0.0004459,22702888187,9398149.1837194,112447,4933753.5825499
1776124800000,0.0004458,0.0004490,0.0004056,0.0004088,21129330060,8953056.9852931,104161,4196773.1902923
1776211200000,0.0004088,0.0004505,0.0004081,0.0004452,17781677179,7630308.9590375,112916,3898004.1927807
1776297600000,0.0004452,0.0006300,0.0004420,0.0005602,109042979023,57471082.3531507,742190,28374423.5954573
1776384000000,0.0005603,0.0005797,0.0005233,0.0005263,51139776284,27877801.5939575,409816,12906155.9884526
1776470400000,0.0005263,0.0005472,0.0004901,0.0004924,32670254375,16877619.9987972,276553,7990210.5049397
1776556800000,0.0004924,0.0008927,0.0004824,0.0005718,368150217877,232872218.9459795,2970479,115601220.1515323
1776643200000,0.0005717,0.0006959,0.0005433,0.0005779,117148302972,68682053.9974310,1092814,33402692.2729182
1776729600000,0.0005778,0.0005967,0.0005227,0.0005477,41959524615,22943483.4901905,367984,10933625.9179219
1776816000000,0.0005478,0.0006619,0.0005401,0.0005418,68404959198,39091180.3994346,594492,18884670.4415240
1776902400000,0.0005418,0.0005466,0.0004985,0.0005306,33198476958,17186928.5007182,252896,7975588.3369121
1776988800000,0.0005307,0.0005593,0.0005275,0.0005457,24951738243,13520352.6992246,204282,6997495.5424583
1777075200000,0.0005457,0.0005467,0.0005096,0.0005155,14222903494,7453183.4278447,150474,3296440.1376107
1777161600000,0.0005155,0.0005336,0.0005033,0.0005196,11651951380,6072058.5965785,118478,2877276.4623285
1777248000000,0.0005197,0.0005369,0.0004913,0.0005126,16059845162,8172373.8179400,173882,3890524.0728505
1777334400000,0.0005125,0.0005160,0.0005022,0.0005111,10167243880,5174564.3218179,131697,2561120.0683269
1777420800000,0.0005111,0.0005519,0.0004805,0.0005021,24242947005,12527417.1673387,225814,5963285.5149752
1777507200000,0.0005022,0.0005341,0.0004948,0.0005212,17168462283,8905489.4082723,163741,4528237.7372789
1777593600000,0.0005212,0.0005413,0.0005136,0.0005167,13555697563,7141697.4362200,135495,3438185.5954312
1777680000000,0.0005167,0.0005708,0.0005043,0.0005566,17809447938,9603812.6856374,163846,4746827.3607446
1777766400000,0.0005565,0.0005598,0.0005263,0.0005356,12855357480,6916033.6547298,121228,3272323.8258737
1777852800000,0.0005357,0.0005590,0.0005219,0.0005373,18387590368,9961264.4887231,170305,4722761.7009714
1777939200000,0.0005375,0.0006063,0.0005340,0.0005904,35206274015,20474265.2538823,323154,9923867.8938775
1778025600000,0.0005903,0.0006150,0.0005749,0.0005963,25925421562,15417975.3642596,257464,7374278.1524944
1778112000000,0.0005963,0.0006187,0.0005753,0.0006028,19925381326,11917024.6499570,237038,5690292.9052528
1778198400000,0.0006029,0.0006411,0.0005938,0.0006276,15874203841,9794861.6876204,201982,4862367.1424752
1778284800000,0.0006276,0.0006371,0.0006011,0.0006038,11806883783,7270530.4152353,120596,3383265.0618432
1778371200000,0.0006039,0.0006677,0.0005936,0.0006459,19266117876,12157676.2623392,216053,6021977.3532648
1778457600000,0.0006458,0.0006488,0.0006071,0.0006358,14710477883,9213210.5138283,175062,4387804.1132592
1778544000000,0.0006357,0.0006382,0.0005896,0.0006038,13112393197,8017909.9956414,155905,3848008.3720502
1778630400000,0.0006036,0.0006650,0.0005825,0.0005933,21220119048,13241021.6340606,247129,6315013.8094606
1778716800000,0.0005933,0.0006454,0.0005774,0.0006322,14732505985,9030739.9063618,174620,4475892.5944324
1778803200000,0.0006323,0.0006419,0.0005693,0.0005891,15084651954,9125916.8183026,171465,4339286.0104224
1778889600000,0.0005891,0.0006142,0.0005536,0.0005651,13452346651,7820973.5674404,140503,3840735.6206320
1778976000000,0.0005652,0.0006041,0.0005521,0.0005680,18725070770,10925865.0808617,184334,5445038.2652736
1779062400000,0.0005682,0.0006324,0.0005570,0.0006206,22978015857,13555498.6517752,266808,6536605.9029256
1779148800000,0.0006207,0.0006533,0.0006003,0.0006099,33925582043,21345816.2457795,341394,10241027.6762925
1779235200000,0.0006100,0.0006495,0.0006037,0.0006263,15099734058,9508473.4039112,193544,4614162.2498012
1779321600000,0.0006263,0.0006456,0.0005883,0.0006137,16280021380,10005534.7039867,191078,4665413.2422205
1779408000000,0.0006138,0.0006232,0.0005511,0.0005584,15227346059,9018309.9611955,183115,4216374.2766455
1779494400000,0.0005585,0.0005623,0.0005214,0.0005430,16458402051,8931499.3507641,170235,4050361.0957219
1779580800000,0.0005430,0.0005491,0.0005082,0.0005224,11743984066,6208920.3340715,114588,2776418.4959498
1779667200000,0.0005225,0.0005459,0.0005225,0.0005264,10343526740,5530064.8368389,113495,2683817.2670667
1779753600000,0.0005265,0.0005413,0.0005108,0.0005189,11304775876,5925377.6663510,147715,2868101.9321518
1779840000000,0.0005190,0.0005318,0.0004987,0.0005049,9201500817,4751108.8877648,126695,2340253.9515685
1779926400000,0.0005048,0.0005083,0.0004778,0.0004993,11201739178,5511169.2127323,139475,2665052.9190059
1780012800000,0.0004993,0.0005123,0.0004802,0.0005003,8650151145,4303699.6303174,113802,2174135.5017954
1780099200000,0.0005003,0.0005120,0.0004928,0.0005028,5801481244,2912637.1806433,76734,1438518.9752821
1780185600000,0.0005029,0.0005191,0.0004921,0.0005122,8330696987,4225385.9292277,96830,1922996.4548835
1780272000000,0.0005123,0.0005260,0.0004978,0.0005250,12367992724,6308185.9475660,163375,3133994.9829920
1780358400000,0.0005252,0.0005271,0.0004560,0.0004710,16305654740,7982170.2681353,188493,3772845.0137454
1780444800000,0.0004711,0.0005119,0.0004594,0.0004819,12582996991,6154713.2898846,175446,3124022.6457187
1780531200000,0.0004818,0.0004886,0.0004179,0.0004404,18770276145,8381416.7128861,218136,3998109.2447937
1780617600000,0.0004403,0.0004421,0.0003827,0.0004034,21309020830,8742897.8765381,240332,4082095.1381498
1780704000000,0.0004034,0.0004113,0.0003742,0.0004018,11210360058,4457670.9492742,133203,2185405.3057323
1780790400000,0.0004018,0.0004263,0.0003965,0.0004133,8843622185,3637120.5155906,99651,1812252.2328110
1780876800000,0.0004133,0.0004291,0.0004025,0.0004161,7954191568,3312661.8567538,90333,1641491.3636439
1780963200000,0.0004160,0.0004221,0.0003985,0.0004125,11296931848,4650410.2154674,110506,2341098.6917486
1781049600000,0.0004126,0.0004231,0.0003969,0.0004080,10993836342,4514644.6377626,119686,2208318.6567706
1781136000000,0.0004080,0.0004504,0.0004080,0.0004350,12414162734,5373133.3759262,118587,2604405.0902190
1781222400000,0.0004351,0.0004462,0.0004242,0.0004311,9171875191,3981548.7909570,83805,1945468.0395865
1781308800000,0.0004311,0.0004428,0.0004263,0.0004339,6049360090,2635692.2832043,58211,1355062.5858910
1781395200000,0.0004338,0.0004487,0.0004182,0.0004477,5037968865,2172330.8517408,62263,1067564.1042345
1781481600000,0.0004476,0.0004871,0.0004460,0.0004642,11460810298,5339736.0747283,124204,2601211.1020549
1781568000000,0.0004642,0.0004729,0.0004502,0.0004690,7614385924,3527524.4114060,80349,1742515.7159390
1781654400000,0.0004690,0.0004775,0.0004426,0.0004513,8983729209,4141328.3792921,99110,1939260.5673994
1781740800000,0.0004514,0.0004615,0.0004224,0.0004473,7538923355,3336389.8999510,86232,1636561.1062660
1781827200000,0.0004473,0.0004544,0.0004173,0.0004383,7320250062,3165503.3735500,76258,1537777.7049994
1781913600000,0.0004383,0.0004430,0.0004243,0.0004370,4362015187,1894354.8632916,54468,979001.0070199
1782000000000,0.0004369,0.0004690,0.0004325,0.0004387,9686808366,4383711.9872605,92742,2121070.5225945
1782086400000,0.0004388,0.0004610,0.0004261,0.0004332,7445545413,3336569.2583772,79739,1589837.0593697
1782172800000,0.0004330,0.0004346,0.0004013,0.0004169,8124330307,3391474.7514873,85088,1588692.9772678
1782259200000,0.0004170,0.0004199,0.0003826,0.0004024,8040388129,3247730.6527560,87696,1544009.4622485
1782345600000,0.0004024,0.0004103,0.0003838,0.0004054,13342154032,5344391.6762277,103097,2251929.0673170
1782432000000,0.0004054,0.0004255,0.0003775,0.0004090,12893059199,5125264.3804889,110789,2676873.5114213
1782518400000,0.0004091,0.0004164,0.0003951,0.0003987,5451958179,2227440.3183609,57047,1069028.4424895
1782604800000,0.0003988,0.0004223,0.0003956,0.0004101,8835703950,3625781.5553535,81839,1816433.4543796
1782691200000,0.0004101,0.0004428,0.0004015,0.0004239,13674542578,5767006.1681615,134312,2775654.6867206
1782777600000,0.0004238,0.0004240,0.0003987,0.0004091,6577643361,2706450.2846129,66477,1302934.0241361
1782864000000,0.0004091,0.0004311,0.0003990,0.0004214,7624841730,3164075.8021977,78421,1520849.3324456
1782950400000,0.0004214,0.0004423,0.0004188,0.0004260,7695295832,3307094.6934207,72798,1655226.5688854
1783036800000,0.0004259,0.0004612,0.0004232,0.0004551,7370789023,3251520.7314485,65331,1674955.3700872
1783123200000,0.0004551,0.0004599,0.0004374,0.0004409,9958606851,4484103.9718796,84790,2091399.1012317
1783209600000,0.0004408,0.0004690,0.0004245,0.0004644,7561921237,3352467.2609489,72692,1581885.6266571
1783296000000,0.0004643,0.0004703,0.0004286,0.0004406,9654750021,4311308.6038742,91105,2086926.6171375
1783382400000,0.0004407,0.0004438,0.0004150,0.0004214,5957928885,2539720.9372900,61923,1166655.3370034
1783468800000,0.0004215,0.0004251,0.0004010,0.0004102,6303124715,2576085.7366132,63781,1244703.2302193
1783555200000,0.0004101,0.0004184,0.0004071,0.0004104,5163802600,2127803.8298211,43259,1072581.7065054
1783641600000,0.0004104,0.0004213,0.0004055,0.0004138,5155142723,2140508.7009309,40775,1117785.1799963
1783728000000,0.0004138,0.0004299,0.0004091,0.0004097,6243607547,2616833.4744880,54386,1263031.8567331
1783814400000,0.0004097,0.0004155,0.0004062,0.0004100,3206364390,1319966.0283741,35077,638351.4619389
1783900800000,0.0004100,0.0004180,0.0003973,0.0004044,6958571161,2828539.5612469,74635,1371309.9819061
1783987200000,0.0004045,0.0004211,0.0004024,0.0004163,6488033849,2673999.5167846,63999,1311167.3955611
1784073600000,0.0004164,0.0004272,0.0004137,0.0004227,6424892520,2702069.3491856,54973,1359612.9348882
1784160000000,0.0004226,0.0004250,0.0003995,0.0004011,5443148306,2243474.7208915,50999,1021408.8072995
1784246400000,0.0004011,0.0004102,0.0003940,0.0003995,6698840351,2689025.4247250,59948,1305434.6093973
1784332800000,0.0003996,0.0004026,0.0003925,0.0003940,3858731904,1530870.9303020,32009,748154.4418952
1784419200000,0.0003941,0.0004102,0.0003936,0.0003977,5530434087,2220630.4076089,47226,1118326.5368024
1784505600000,0.0003978,0.0004146,0.0003944,0.0004111,7291336448,2963613.0753761,65535,1478186.6545532
1784592000000,0.0004110,0.0004168,0.0004067,0.0004130,4136444743,1707122.4217269,35003,839814.6465717
1784678400000,0.0004130,0.0004325,0.0004095,0.0004258,7853822712,3308571.2500220,63428,1577185.9394837
1784764800000,0.0004259,0.0004533,0.0004144,0.0004342,12565575876,5488440.8989600,95782,2643349.7509450
1784851200000,0.0004342,0.0004419,0.0004189,0.0004298,6206658911,2674019.0446276,65045,1295398.8265114
1784937600000,0.0004298,0.0004569,0.0004215,0.0004496,10753589197,4740392.0646565,86799,2302411.0638858
1785024000000,0.0004497,0.0005410,0.0004489,0.0005328,72877212477,37190054.7380820,569050,18414088.8471084
1785110400000,0.0005328,0.0005584,0.0005082,0.0005141,43450196724,23115158.8932579,482584,11350678.2673675
1785196800000,0.0005142,0.0005795,0.0005127,0.0005415,38122872798,20902231.0244959,456982,10642996.3433352
1785283200000,0.0005415,0.0005709,0.0005211,0.0005552,25399821928,13874242.6873967,329317,6891463.2369012
1785369600000,0.0005551,0.0006318,0.0005447,0.0005762,34715627159,20502720.3378176,470095,10211777.6934079
1785456000000,0.0005763,0.0006146,0.0005728,0.0005992,18944683484,11200019.7073612,292522,5525551.8247688
1785542400000,0.0005994,0.0006119,0.0005522,0.0005590,12972707701,7579065.6243960,201163,3557551.4144058
1785628800000,0.0005591,0.0006384,0.0005588,0.0005974,21388890474,13012769.2450197,319915,6434692.5456547
1785715200000,0.0005973,0.0006174,0.0005841,0.0005963,15100495589,9024842.0420267,221862,4444445.1048380
1785801600000,0.0005963,0.0006045,0.0005650,0.0005772,10014139378,5835311.3885463,154498,2847060.4912529
1785888000000,0.0005771,0.0005895,0.0005653,0.0005844,6374218522,3672627.4418626,102263,1826659.6871827
1785974400000,0.0005847,0.0006089,0.0005804,0.0005872,9362375653,5561751.9155498,129329,2639193.8592929
1786060800000,0.0005871,0.0006230,0.0005865,0.0005995,8267887091,4992580.3629205,106251,2448726.1929928
1786147200000,0.0005995,0.0006607,0.0005954,0.0006299,12377492619,7872407.7777978,152277,3933130.3279628
1786233600000,0.0006298,0.0008850,0.0006213,0.0008475,47871951244,37398434.4761423,681225,18531465.8889362
1786320000000,0.0008475,0.0009042,0.0007500,0.0008280,66128550229,53269445.4225016,1097696,25837960.8442720
1786406400000,0.0008281,0.0008282,0.0007410,0.0007885,24546843770,19008154.1231848,477281,9333679.0618460
1786492800000,0.0007884,0.0008160,0.0007530,0.0007959,19293693586,15078474.1147559,398552,7560764.0549039
1786579200000,0.0007958,0.0008409,0.0007301,0.0007426,23874609785,18710607.3202188,453301,9051407.8418799
1786665600000,0.0007426,0.0008075,0.0007330,0.0007910,15769564992,12122748.7935971,329856,6129238.9570167
1786752000000,0.0007909,0.0009441,0.0007649,0.0008464,48821899556,42063231.7874445,810938,20995267.6727381
1786838400000,0.0008464,0.0008886,0.0008060,0.0008278,27691839207,23535001.9210261,470258,11614096.9396241
1786924800000,0.0008277,0.0008520,0.0007703,0.0007794,15319403891,12302924.7981530,264482,5766419.2942939
1787011200000,0.0007794,0.0007983,0.0007574,0.0007682,10424351890,8096843.0147750,200362,3971275.2416891
1787097600000,0.0007681,0.0009183,0.0007450,0.0008765,28001952462,23584852.7616382,472140,11812832.2201851
1787184000000,0.0008766,0.0013300,0.0008479,0.0011681,429636862400,503325373.0552399,7443437,253375999.1093158
1787270400000,0.0011684,0.0015699,0.0011001,0.0012217,220839870823,286426059.8148463,4508287,141344502.1004193
1787356800000,0.0012218,0.0013488,0.0009600,0.0011789,68933600504,81152157.9996707,1652423,38827064.4941455
1787443200000,0.0011790,0.0012737,0.0010908,0.0011920,44208644861,52745281.7514733,1159437,25928182.7980986
1787529600000,0.0011920,0.0011929,0.0011023,0.0011487,19435564707,22244958.0753901,588477,10314556.3532841
1787616000000,0.0011487,0.0011622,0.0010409,0.0010519,18369395396,20258655.5729537,466363,9480139.7559878
1787702400000,0.0010519,0.0010711,0.0010005,0.0010553,12331542452,12793943.0293534,344154,6318074.6011843
1787788800000,0.0010556,0.0010692,0.0010053,0.0010214,13475661026,13933005.7108375,277360,6583589.1028814
1787875200000,0.0010213,0.0010417,0.0009607,0.0010144,14672530832,14663757.1844216,275194,7009622.7418265
1787961600000,0.0010143,0.0010345,0.0009758,0.0009910,9083149469,9182350.2356746,189074,4413115.0259105
1788048000000,0.0009910,0.0010021,0.0008876,0.0009026,11811407220,11260163.7321486,227278,4860407.6637570
1788134400000,0.0009027,0.0009384,0.0008761,0.0008810,13104730667,11919721.7907769,256875,5791043.0060094
1788220800000,0.0008810,0.0008923,0.0008513,0.0008586,11805346266,10278467.1123671,235944,4876118.6999971
1788307200000,0.0008586,0.0009174,0.0008504,0.0008714,20034273983,17642763.6349680,328989,8786727.9652171
1788393600000,0.0008713,0.0009440,0.0008532,0.0009028,20156214330,18177239.0800615,329465,8987079.4028990
1788480000000,0.0009028,0.0009087,0.0007452,0.0008299,17454689487,14771718.3565733,320344,6887865.1022940
1788566400000,0.0008300,0.0009448,0.0008224,0.0009377,17617900582,15342681.2932195,280105,7548097.7164457
1788652800000,0.0009381,0.0010528,0.0008836,0.0009090,58690127689,55999771.6831899,799883,26888917.1893086
1788739200000,0.0009091,0.0009426,0.0008924,0.0009165,16103304953,14810764.0098573,269494,7069775.5461784
1788825600000,0.0009166,0.0009496,0.0008868,0.0009045,15894545773,14614952.6132720,310942,6893596.7390502
1788912000000,0.0009045,0.0009317,0.0008382,0.0008797,12773245483,11420261.1522420,230400,5352461.7893002
1788998400000,0.0008797,0.0008817,0.0008270,0.0008295,10409521597,8887996.0940584,209305,4349772.5033839
1789084800000,0.0008295,0.0008708,0.0008125,0.0008532,11673838010,9813746.9535911,214858,4909976.4663524
1789171200000,0.0008534,0.0008804,0.0008519,0.0008588,6459823574,5595847.1864844,127237,2850615.7304202
1789257600000,0.0008589,0.0008602,0.0008222,0.0008272,5640086259,4749521.5143312,118146,2217154.7818727
1789344000000,0.0008271,0.0008740,0.0008249,0.0008584,9987074563,8512515.5420134,168535,4145367.2764411
1789430400000,0.0008585,0.0008734,0.0008256,0.0008534,12775429868,10923244.1334175,189057,5459908.7965957
1789516800000,0.0008534,0.0009042,0.0008411,0.0008947,17867940993,15617710.8407127,269049,7843546.9394899
1789603200000,0.0008948,0.0009830,0.0008924,0.0009531,21584652168,20378221.7514906,303305,9776412.5108320
1789689600000,0.0009534,0.0009989,0.0009397,0.0009866,14347695378,13942855.4426470,214120,7021390.2797849
1789776000000,0.0009868,0.0010696,0.0009240,0.0009390,19445309165,19086307.9555020,277693,9057362.6943664
1789862400000,0.0009389,0.0009777,0.0008879,0.0009660,15350413895,14182925.3959422,225328,6291164.8946234
1789948800000,0.0009660,0.0010924,0.0009429,0.0010621,29189700563,30050193.8419357,433030,14649557.7463987
1790035200000,0.0010620,0.0011333,0.0010434,0.0011056,23375713063,25436684.4059903,388287,12629943.1763052
1790121600000,0.0011057,0.0011581,0.0009872,0.0010251,24552136318,26743184.4179957,551614,12431572.3368307
1790208000000,0.0010250,0.0012313,0.0010205,0.0010317,36223998314,40536341.1240864,677659,19824394.4326761
1790294400000,0.0010317,0.0010881,0.0010084,0.0010730,13441374755,14063241.1531390,356844,6763615.4191573
1790380800000,0.0010729,0.0010906,0.0010169,0.0010326,7117582250,7486087.7201653,185321,3609503.8738170
1790467200000,0.0010326,0.0010473,0.0010058,0.0010271,5989580204,6139469.6354275,131309,2947615.1587839
1790553600000,0.0010270,0.0010508,0.0009588,0.0009810,14188036743,14119454.1361969,240657,6749477.4862329
1790640000000,0.0009811,0.0010380,0.0009267,0.0009932,12538843594,12316373.7326223,214462,5905070.3571775
1790726400000,0.0009935,0.0010460,0.0009821,0.0010020,9509063100,9590798.4167777,174602,4597277.5944828
1790812800000,0.0010021,0.0010052,0.0009519,0.0009578,9154944692,8930535.2005841,151947,4444780.8415811
1790899200000,0.0009578,0.0010518,0.0009520,0.0010242,17397483370,17732405.9500544,291045,8190324.8079863
