open_time,open,high,low,close,volume,quote_volume,trades,taker_buy_quote
1605052800000,0.10801,0.11950,0.09175,0.09423,234967430,24668304.57058,184897,12702735.51959
1605139200000,0.09398,0.10360,0.08201,0.09872,331337766,30227967.93768,187355,15304489.82730
1605225600000,0.09872,0.12636,0.09602,0.10685,692496048,77401474.21321,479676,39806953.06059
1605312000000,0.10686,0.11835,0.09864,0.10962,306048070,33374486.12064,204558,16432453.29375
1605398400000,0.10949,0.11900,0.10165,0.10735,216889917,24023532.78119,141007,11385338.66255
1605484800000,0.10736,0.10754,0.09977,0.10099,108453178,11199972.45106,91723,5052593.56426
1605571200000,0.10105,0.10220,0.08853,0.09800,218539446,20866422.38442,148728,9182757.39564
1605657600000,0.09801,0.09892,0.08507,0.08847,116194606,10455754.13949,88688,4650059.17476
1605744000000,0.08836,0.09500,0.08628,0.08894,112940843,10218588.62812,70992,4628843.24358
1605830400000,0.08888,0.09224,0.08740,0.08899,67301035,6040899.17022,40120,2632839.38687
1605916800000,0.08902,0.08966,0.08382,0.08615,121254680,10475066.41297,67706,4206027.02214
1606003200000,0.08616,0.08640,0.07379,0.07932,136401550,10816159.31656,67116,4606618.13607
1606089600000,0.07947,0.09522,0.07947,0.08728,214654482,19052079.15408,93160,8765367.69036
1606176000000,0.08736,0.09286,0.08240,0.08694,137711955,12017726.55903,76360,5325287.33216
1606262400000,0.08684,0.09470,0.08560,0.08899,114042330,10314258.56492,70537,4719062.28310
1606348800000,0.08890,0.09463,0.06682,0.07708,136952331,10786343.19396,64123,4954956.09285
1606435200000,0.07709,0.08097,0.07200,0.07976,41283167,3141761.46183,23232,1549743.20695
1606521600000,0.07979,0.08350,0.07619,0.08216,34840156,2771080.51469,21281,1274903.92300
1606608000000,0.08219,0.08259,0.07933,0.08079,26738426,2163066.93702,18857,995940.53633
1606694400000,0.08068,0.08568,0.07724,0.08167,72282022,5894977.50404,43331,2559801.59944
1606780800000,0.08165,0.09585,0.07800,0.08544,196190432,17144590.61926,101093,8207915.51346
1606867200000,0.08543,0.13900,0.08400,0.12596,861746534,101101746.18374,446324,52904529.27683
1606953600000,0.12585,0.14050,0.11006,0.12118,681075038,85617152.48961,424468,42351976.90827
1607040000000,0.12117,0.12847,0.09798,0.10055,307707570,34771259.81996,180258,15884464.02332
1607126400000,0.10054,0.11834,0.09761,0.11576,247210642,27142775.35548,129042,13213634.14238
1607212800000,0.11577,0.11639,0.10324,0.10727,111574499,12189954.02581,87763,5642038.10706
1607299200000,0.10738,0.10760,0.10172,0.10276,63284214,6648866.05809,49296,3073170.04933
1607385600000,0.10282,0.10554,0.09256,0.09271,112421544,11022755.82178,61837,5104627.93806
1607472000000,0.09271,0.10307,0.08589,0.09871,160334909,15265800.28487,80905,7431768.78411
1607558400000,0.09880,0.09939,0.08952,0.09152,55296153,5210062.61639,38329,2489351.28475
1607644800000,0.09154,0.09565,0.08674,0.08944,70520801,6415274.12779,46091,3153137.19021
1607731200000,0.08943,0.10386,0.08916,0.09738,131395322,12881424.18687,68758,6031256.78915
1607817600000,0.09738,0.10133,0.09551,0.09707,58026910,5704106.01898,32894,2528601.03333
1607904000000,0.09705,0.09833,0.09335,0.09504,30551578,2915699.56330,19961,1371050.69993
1607990400000,0.09500,0.09984,0.09339,0.09473,48040700,4628755.63859,26739,2113433.56988
1608076800000,0.09471,0.09739,0.09077,0.09528,54462335,5114308.05373,31842,2427754.44896
1608163200000,0.09527,0.09901,0.09169,0.09371,80297869,7660006.87935,44061,3424204.24313
1608249600000,0.09379,0.10061,0.09304,0.09990,79936092,7675022.32266,42475,3596917.98792
1608336000000,0.09987,0.10949,0.09714,0.10336,128729113,13370991.44680,65604,5933071.23248
1608422400000,0.10336,0.10352,0.09410,0.09573,70394518,6922199.17818,38838,2916571.96220
1608508800000,0.09572,0.09923,0.08729,0.08939,65789522,6048507.68526,40040,2854562.70091
1608595200000,0.08938,0.09325,0.08607,0.08952,50371181,4525744.94085,52767,2254405.50899
1608681600000,0.08945,0.10475,0.07506,0.08054,195294385,17203200.00535,116180,8573746.76706
1608768000000,0.08050,0.09558,0.07750,0.09082,294058475,26208749.01583,146049,12834358.88857
1608854400000,0.09085,0.09592,0.08649,0.09129,80907616,7439223.52472,49349,3332133.30258
1608940800000,0.09129,0.09161,0.08692,0.08907,36034199,3232885.57409,26690,1575940.96998
1609027200000,0.08908,0.09230,0.08333,0.08667,72282233,6399097.38565,44805,3055550.49120
1609113600000,0.08668,0.09061,0.08492,0.08642,55952419,4912659.88571,31751,2472968.37570
1609200000000,0.08647,0.08742,0.08131,0.08393,40421235,3391667.81546,25359,1504975.79137
1609286400000,0.08395,0.09098,0.08291,0.08627,73849781,6406820.08005,38963,3126841.08956
1609372800000,0.08627,0.08636,0.08146,0.08451,27090465,2275588.77908,19577,1049484.12894
1609459200000,0.08451,0.08961,0.08334,0.08589,66361653,5739128.29990,35788,2729767.59710
1609545600000,0.08592,0.08745,0.08164,0.08532,42855873,3634643.92590,26181,1639528.98007
1609632000000,0.08535,0.08914,0.08300,0.08780,71500846,6187788.13247,39682,2964006.35531
1609718400000,0.08795,0.09824,0.07955,0.08489,158083175,13892535.42610,74086,6114209.84243
1609804800000,0.08494,0.09450,0.08215,0.09216,69148237,6129155.62021,44556,2913602.48210
1609891200000,0.09216,0.11820,0.09010,0.10567,168927190,17295160.61782,88705,8271149.61848
1609977600000,0.10581,0.20741,0.10214,0.20148,805544928,118128379.63029,575161,59003083.18071
1610064000000,0.20230,0.21500,0.15213,0.16512,611641260,111709097.20375,531527,54768839.83703
1610150400000,0.16519,0.17599,0.14243,0.15197,138506814,21233974.98439,124007,9659389.81055
1610236800000,0.15198,0.17100,0.12820,0.14049,142120637,21279352.22783,105218,9648345.19007
1610323200000,0.14050,0.14103,0.09915,0.12124,143615878,16705648.19691,104584,7895676.92741
1610409600000,0.12123,0.18800,0.11615,0.17069,525110740,82926638.04406,369130,41604653.35802
1610496000000,0.17059,0.17787,0.15142,0.17009,260812698,42581545.40860,221650,20635095.33052
1610582400000,0.17031,0.17454,0.15738,0.16618,137594650,22722323.44454,109655,10643803.16370
1610668800000,0.16615,0.16747,0.13979,0.15540,91791881,14157543.11402,83762,6518461.43107
1610755200000,0.15548,0.16588,0.14735,0.15260,84369092,13212657.76411,71001,5736198.14602
1610841600000,0.15259,0.16541,0.14526,0.15495,85028639,13159425.13973,72696,6062204.05566
1610928000000,0.15508,0.16949,0.14950,0.16731,125211119,20199634.97986,116265,8740349.58686
1611014400000,0.16728,0.16795,0.15649,0.15983,60787776,9896353.52687,56140,4290584.02155
1611100800000,0.15983,0.16737,0.14497,0.15697,56345513,8716976.28097,53400,3908393.15151
1611187200000,0.15719,0.15810,0.12779,0.13171,60901321,8716473.96647,62911,3857602.38369
1611273600000,0.13162,0.14617,0.11715,0.14478,71465893,9659677.02380,62296,4568176.42651
1611360000000,0.14478,0.16007,0.14315,0.14786,76791062,11655167.42238,62542,5518890.32869
1611446400000,0.14801,0.16509,0.14590,0.15630,121866355,19164037.58607,87675,8265776.15673
1611532800000,0.15627,0.15845,0.14600,0.15021,48986383,7540131.17144,52337,3365412.04263
1611619200000,0.15020,0.15224,0.13911,0.14876,34100258,4963741.97208,46335,2254047.60941
1611705600000,0.14871,0.14896,0.12999,0.13472,36702096,5098621.80484,41195,2357256.11479
1611792000000,0.13459,0.15766,0.13435,0.15225,138125214,20839246.72372,94607,9769334.06901
1611878400000,0.15204,0.16799,0.14600,0.15656,110593871,17429697.57682,104019,7678345.57605
1611964800000,0.15663,0.16632,0.15336,0.15600,48132510,7664162.43289,51939,3535534.97790
1612051200000,0.15609,0.15960,0.14847,0.15196,33383952,5153467.06418,38335,2105166.32097
1612137600000,0.15191,0.15588,0.14828,0.15585,32301497,4883620.43809,37510,2236819.45890
1612224000000,0.15569,0.18109,0.15415,0.17689,136567047,23014296.91822,104444,10868779.70202
1612310400000,0.17675,0.18657,0.16521,0.18433,70744974,12353853.30399,68252,5491572.26278
1612396800000,0.18404,0.19298,0.16648,0.17651,68776646,12290359.92849,76170,5287714.25223
1612483200000,0.17650,0.29980,0.17443,0.24951,326209349,77327354.84606,285501,37523192.64731
1612569600000,0.24910,0.28913,0.21572,0.24751,414935500,105142999.67966,450619,51157257.54780
1612656000000,0.24752,0.25480,0.21810,0.23152,100331657,23795611.13230,140518,11485843.14846
1612742400000,0.23117,0.25237,0.22360,0.23965,87004007,20777191.74052,97135,9560153.59629
1612828800000,0.23964,0.24974,0.23358,0.24824,74381410,17978850.25507,75224,8026608.19636
1612915200000,0.24870,0.26500,0.22115,0.24447,102533604,25217470.49993,109980,11313271.18371
1613001600000,0.24468,0.28245,0.23407,0.26977,96956902,25537793.28350,101637,11773183.23047
1613088000000,0.27015,0.39094,0.26502,0.34759,179582013,58622400.09419,206099,28673053.16871
1613174400000,0.34767,0.58980,0.34219,0.49513,608916672,308466480.95470,938227,154702843.42610
1613260800000,0.49512,0.57625,0.44136,0.45275,177939585,89824679.89241,278689,43737747.71204
1613347200000,0.45269,0.51628,0.38850,0.46323,140255587,63172436.15217,214095,30791605.22973
1613433600000,0.46385,0.49200,0.42499,0.44753,68829189,31536078.49743,107787,15198771.27174
1613520000000,0.44744,0.45894,0.39755,0.43611,63218291,27231952.05900,88911,13265144.18977
1613606400000,0.43612,0.46570,0.41935,0.44772,50687788,22411802.53547,81480,10734619.75694
1613692800000,0.44780,0.54859,0.43014,0.51274,110252935,52911872.05951,174178,25003399.64571
1613779200000,0.51279,0.51487,0.40631,0.44935,68175836,32340819.60508,107311,14431906.69594
1613865600000,0.44923,0.46727,0.43374,0.46139,30061887,13698349.48191,60764,6277571.24210
1613952000000,0.46156,0.49000,0.34035,0.41713,81109037,34408037.29894,137968,16085297.00005
1614038400000,0.41741,0.42057,0.26153,0.34356,101164725,33883281.35249,172395,16671994.48361
1614124800000,0.34295,0.39519,0.31846,0.35903,51821188,19089964.42948,96096,9176356.44891
1614211200000,0.35903,0.39824,0.34057,0.34468,36575966,13506621.66259,65615,6729812.56066
1614297600000,0.34469,0.36176,0.31319,0.34394,31952443,10769586.10709,59201,5303068.31306
1614384000000,0.34379,0.40951,0.33970,0.37342,55369059,20776571.23159,85275,10081121.40994
1614470400000,0.37270,0.38464,0.30620,0.33514,45691722,15500721.65353,79617,7461527.90998
1614556800000,0.33476,0.38241,0.33192,0.37022,35137328,12492200.84483,57850,6149724.48779
1614643200000,0.37042,0.41720,0.35466,0.38112,55136579,21213328.67090,94984,10313667.67623
1614729600000,0.38112,0.40998,0.37171,0.39169,44908993,17660107.77818,72754,8317684.51183
1614816000000,0.39177,0.40499,0.36295,0.37909,30121669,11582505.99431,61003,5488676.51777
1614902400000,0.37943,0.38340,0.35664,0.38096,21549220,7975526.03906,47350,3876284.75324
1614988800000,0.38157,0.39147,0.36640,0.39111,11935844,4529745.20831,30328,2222993.70886
1615075200000,0.39112,0.40899,0.38452,0.40080,32482430,12910319.49151,62551,5975673.45723
1615161600000,0.40105,0.41417,0.38040,0.41226,22849443,9073593.54619,48385,4173932.05618
1615248000000,0.41254,0.48500,0.40092,0.48104,73085288,32259265.34897,126208,15163418.43590
1615334400000,0.48067,0.48480,0.41640,0.43402,49511884,21765652.34284,90378,10034027.34645
1615420800000,0.43424,0.46936,0.40523,0.43023,71900931,31778507.21977,111793,14910550.49553
1615507200000,0.43082,0.44515,0.40225,0.42701,48143414,20578074.90509,84831,9453571.61743
1615593600000,0.42708,0.46947,0.40622,0.43981,62489095,27297771.05873,106907,12816113.18091
1615680000000,0.43995,0.48676,0.42222,0.45227,117881413,54022980.76216,182572,25568053.57291
1615766400000,0.45271,0.47640,0.40777,0.42737,61348425,26867347.35535,111357,12279048.14199
1615852800000,0.42785,0.43637,0.39500,0.41704,37003454,15169520.76924,70948,7022101.95816
1615939200000,0.41746,0.42747,0.39021,0.42432,29147378,11899803.64176,59246,5487066.26966
1616025600000,0.42444,0.45228,0.41622,0.42858,39786989,17165620.12728,77064,8223759.88542
1616112000000,0.42841,0.46782,0.41366,0.43741,39383331,17493143.89379,75181,7996160.46761
1616198400000,0.43767,0.46700,0.41974,0.42146,36796019,16394228.33880,66766,7686072.43865
1616284800000,0.42149,0.43043,0.40294,0.42971,31927539,13337593.20392,60227,6367448.17073
1616371200000,0.42998,0.50387,0.41268,0.42512,131204231,61210772.59112,214764,29952015.90675
1616457600000,0.42515,0.46449,0.40180,0.46244,77731307,33914683.16071,140568,16582086.08126
1616544000000,0.46265,0.54539,0.41000,0.42881,129553365,63747912.51185,229197,30100604.44814
1616630400000,0.42859,0.44328,0.40025,0.40906,84631558,35714905.58315,143866,17197099.97854
1616716800000,0.40901,0.44190,0.40734,0.43939,46294365,19721583.01010,83830,9544115.65512
1616803200000,0.43974,0.46268,0.42608,0.45795,68882820,30619821.40358,105265,14153287.42305
1616889600000,0.45795,0.50306,0.44013,0.48740,77712730,37066400.90236,127206,17387426.80687
1616976000000,0.48828,0.50064,0.46062,0.49451,53904318,26023899.24717,101584,12306623.56845
1617062400000,0.49461,0.54575,0.48166,0.50919,65194520,33108257.91892,118554,15841822.28871
1617148800000,0.50970,0.57043,0.45773,0.56280,105879566,54605656.82143,193577,26150621.37706
1617235200000,0.56354,0.57273,0.52519,0.53325,74518251,40558201.44158,137532,19067251.62416
1617321600000,0.53375,0.78000,0.51629,0.68804,354865484,242692219.92157,639583,119437303.53303
1617408000000,0.68798,0.70127,0.59814,0.60233,161660469,103797263.64082,299419,49489354.23445
1617494400000,0.60220,0.63534,0.59163,0.63103,59603437,36876437.62845,133425,17332040.73695
1617580800000,0.63138,0.67769,0.60259,0.61315,81267999,52137591.71707,159323,23975529.52159
1617667200000,0.61305,0.62718,0.57185,0.60605,93433132,56574538.93730,180452,26410162.41369
1617753600000,0.60610,0.60757,0.49325,0.53575,104413900,56511542.37388,187302,26652799.84261
1617840000000,0.53575,0.58778,0.53091,0.58387,40644863,22779931.04576,91084,10746602.62321
1617926400000,0.58371,0.61299,0.56256,0.59519,41920008,24619573.82897,84383,11787090.74150
1618012800000,0.59547,0.63700,0.57500,0.59493,50138686,30455907.19429,106806,14573973.78699
1618099200000,0.59517,0.66279,0.55468,0.65684,84870843,51816215.22190,145212,25454575.71771
1618185600000,0.65772,0.67439,0.61474,0.64550,60750114,38561537.65423,134547,17209965.93085
1618272000000,0.64552,0.70600,0.61161,0.70588,56667160,37136730.30421,135297,18410845.29578
1618358400000,0.70517,0.70696,0.62051,0.65978,53024093,35133495.65479,134951,16477890.91914
1618444800000,0.65984,0.72883,0.64538,0.71998,65012838,44947882.64763,164135,21703152.66608
1618531200000,0.72041,0.72346,0.63067,0.66192,49699049,33243789.55934,131981,15030500.12634
1618617600000,0.66191,0.69100,0.63236,0.64662,53336393,35406682.15995,135114,16782884.64767
1618704000000,0.64721,0.65206,0.40142,0.56702,93750987,50722898.36643,192988,22786932.80907
1618790400000,0.56682,0.61590,0.49868,0.51504,57037841,31609674.41661,130491,15494467.74491
1618876800000,0.51515,0.62967,0.47029,0.58778,135415297,76702907.02913,290845,36971009.14520
1618963200000,0.58777,0.58832,0.53792,0.54240,48206141,27128256.28658,130508,13160773.44514
1619049600000,0.54227,0.55788,0.46371,0.46558,53895961,27967505.44644,130877,13823632.51053
1619136000000,0.46576,0.48623,0.35766,0.46032,90651569,37693780.21653,160104,18588169.66452
1619222400000,0.46015,0.46091,0.41212,0.41596,34653653,15121204.40610,91077,7391278.03128
1619308800000,0.41609,0.46389,0.40076,0.42753,40714081,17687718.05676,94377,8654978.30859
1619395200000,0.42766,0.54500,0.42220,0.52206,92635756,47085772.29309,167071,22892713.33790
1619481600000,0.52201,0.54862,0.50823,0.54795,39631719,20911934.15823,90419,9740202.67337
1619568000000,0.54777,0.55509,0.49034,0.52098,28180698,14587972.95494,67686,6679110.49708
1619654400000,0.52089,0.52927,0.48166,0.51545,25685108,13101486.51010,67358,6389076.41563
1619740800000,0.51535,0.53584,0.49355,0.52942,19733375,10152541.44113,55488,4789540.48578
1619827200000,0.52999,0.55563,0.51833,0.53678,29214432,15746703.74754,74969,7398857.66140
1619913600000,0.53685,0.57281,0.50392,0.56755,33967455,18207382.13050,82828,9247591.57191
1620000000000,0.56792,0.64639,0.55880,0.58362,80036367,48024446.54269,157235,22873666.75245
1620086400000,0.58392,0.58498,0.51487,0.52888,39810727,21900934.27693,86975,10403096.03575
1620172800000,0.52880,0.58255,0.52277,0.57997,31861386,17822309.61733,75145,8540105.01034
1620259200000,0.57997,0.60834,0.55358,0.58206,42019400,24280298.17646,100812,11263728.30754
1620345600000,0.58191,0.64637,0.55851,0.59540,54789337,33284841.24407,132873,15293479.53038
1620432000000,0.59525,0.68752,0.58742,0.60571,81806545,52265620.78295,168167,24384097.59141
1620518400000,0.60564,0.62348,0.56001,0.58599,39597216,23161724.99749,86562,10594940.17695
1620604800000,0.58599,0.59133,0.47124,0.50526,44738157,24272685.46811,94860,10700163.99904
1620691200000,0.50547,0.53349,0.48802,0.53280,34499383,17718213.00296,79138,8717867.82023
1620777600000,0.53293,0.54568,0.43769,0.44865,42007946,21407666.50056,88885,10359778.19141
1620864000000,0.45022,0.49018,0.41443,0.46392,54830698,25177862.31554,110924,12486909.35829
1620950400000,0.46498,0.50086,0.45426,0.48431,33457972,16008923.12098,75085,8019230.20165
1621036800000,0.48474,0.51638,0.44090,0.44373,36904869,17534550.81484,88342,8450230.27579
1621123200000,0.44441,0.48260,0.41634,0.44589,27962606,12606225.73255,79649,6024042.83593
1621209600000,0.44559,0.44561,0.38409,0.40641,46530332,19092611.96881,105642,9355725.53574
1621296000000,0.40658,0.44549,0.40142,0.42427,30824076,13117635.86230,75437,6390025.52957
1621382400000,0.42418,0.43356,0.15370,0.29151,104907987,34098032.80101,188484,16680188.57812
1621468800000,0.29102,0.50400,0.25591,0.46068,180125259,72100608.32273,388036,36553820.19319
1621555200000,0.46075,0.52229,0.30382,0.35893,204599404,83221777.72796,384092,40341627.41987
1621641600000,0.35884,0.36134,0.30000,0.32166,61135679,19990979.71952,115816,9818225.21446
1621728000000,0.32189,0.33842,0.21725,0.27492,84771919,23000404.31063,146530,11435201.60568
1621814400000,0.27494,0.32286,0.26167,0.32179,69019836,20395961.61721,113413,9961214.50348
1621900800000,0.32188,0.33199,0.28267,0.32162,49117996,15114839.16682,92582,7449294.08253
1621987200000,0.32175,0.35785,0.31124,0.35785,42812049,14430981.52141,80500,6932364.08223
1622073600000,0.35761,0.42344,0.33000,0.37028,102724203,39653564.33385,186648,19816695.95964
1622160000000,0.37047,0.37508,0.30717,0.32148,54606969,18312532.37145,111239,9307169.88630
1622246400000,0.32154,0.34685,0.28330,0.30485,36021159,11207008.45016,83761,5479604.32012
1622332800000,0.30471,0.32855,0.28382,0.31263,23142396,7198116.28722,61858,3333237.50529
1622419200000,0.31280,0.35306,0.29411,0.33435,53687342,17605066.50064,86681,8458909.74775
1622505600000,0.33435,0.34054,0.31658,0.32772,32593046,10719459.23705,67156,4974548.65735
1622592000000,0.32769,0.34441,0.31949,0.33678,24477598,8196090.48952,57785,3970319.31457
1622678400000,0.33701,0.38000,0.33091,0.35631,57986880,20780746.58713,97455,10080196.18347
1622764800000,0.35622,0.35671,0.30718,0.32444,40152848,13067438.28367,77816,6234199.44517
1622851200000,0.32457,0.35143,0.30571,0.31349,33041166,10753208.51188,70681,5214498.48676
1622937600000,0.31349,0.33438,0.31042,0.32576,25689974,8251340.85516,51637,4189420.16761
1623024000000,0.32563,0.33762,0.29501,0.29716,32179457,10298529.07041,59282,5102319.42855
1623110400000,0.29704,0.29970,0.25624,0.28364,48313933,13515301.06277,77141,6438465.18226
1623196800000,0.28366,0.29985,0.27622,0.29610,46048624,13293700.91607,81568,6794541.46743
1623283200000,0.29618,0.30690,0.28032,0.29131,31931359,9326325.11302,73911,4535264.11815
1623369600000,0.29131,0.31391,0.25712,0.26502,60944273,17485889.67579,101416,8521514.52444
1623456000000,0.26494,0.26549,0.24175,0.25351,39688348,9997642.56702,73916,4804439.64202
1623542400000,0.25353,0.27382,0.24532,0.26672,37971572,9824390.42892,69952,4924921.32323
1623628800000,0.26667,0.27877,0.26011,0.27533,47846265,12942510.31263,79289,6466306.19322
1623715200000,0.27541,0.27916,0.26122,0.26932,45949888,12445675.96616,79149,6132323.95078
1623801600000,0.26918,0.27163,0.24964,0.25347,32368531,8412775.96725,64577,4030497.84761
1623888000000,0.25351,0.26417,0.24598,0.25091,36418734,9248476.95086,59948,4481910.43689
1623974400000,0.25092,0.25691,0.22222,0.23395,43102576,10288559.86902,74981,4981971.74230
1624060800000,0.23394,0.24352,0.22351,0.22618,40709473,9465054.38784,59354,4705780.64542
1624147200000,0.22628,0.23608,0.20695,0.22608,66289082,14756543.36944,87097,7257370.57845
1624233600000,0.22616,0.22947,0.17253,0.17330,88402746,17581308.54834,121639,8786661.26922
1624320000000,0.17321,0.18700,0.14378,0.16997,104915102,17572228.00732,116476,8475763.25565
1624406400000,0.16999,0.19500,0.16118,0.18579,86219679,15945543.44067,102492,8230699.47064
1624492800000,0.18582,0.19867,0.17449,0.19694,71815249,13541317.86761,79662,6974320.59683
1624579200000,0.19692,0.20306,0.17242,0.17686,54870970,10189084.75909,69256,5055307.05443
1624665600000,0.17686,0.18939,0.16992,0.18849,70635303,12699862.37078,82390,6390745.37163
1624752000000,0.18877,0.19442,0.17789,0.19150,190327517,34817307.95366,145042,18711919.11635
1624838400000,0.19142,0.20652,0.18606,0.20379,73529266,14448026.09068,86514,7660191.08548
1624924800000,0.20381,0.22686,0.20259,0.22545,75306363,16417370.83580,93391,8252319.84645
1625011200000,0.22540,0.25550,0.21742,0.24751,216716354,52191017.18112,215634,26457852.47610
1625097600000,0.24748,0.24780,0.21998,0.23646,94358390,21731166.06847,119159,11201702.59568
1625184000000,0.23647,0.23783,0.21753,0.23509,61880241,13993857.17937,90499,7028775.71483
1625270400000,0.23522,0.24219,0.22592,0.24208,42545375,9992629.99243,66901,4668350.37210
1625356800000,0.24206,0.26118,0.23852,0.24987,98891036,24973366.74833,126301,12356256.37857
1625443200000,0.25001,0.29724,0.24759,0.28320,326691286,90547345.50396,391308,45854517.64607
1625529600000,0.28338,0.28883,0.26630,0.28024,108645915,29892725.09072,131285,13924928.32400
1625616000000,0.28037,0.28112,0.26876,0.27504,70179825,19340231.36139,86336,9546777.73453
1625702400000,0.27504,0.27527,0.23601,0.24314,70891579,17892193.97511,89564,8373738.82127
1625788800000,0.24322,0.25234,0.22957,0.25082,50208482,12007088.62974,73644,6097996.46743
1625875200000,0.25077,0.25462,0.23270,0.24123,38871111,9428303.09482,64592,4519565.95151
1625961600000,0.24130,0.24798,0.23121,0.24555,72311160,17369960.38409,87672,8605692.86911
1626048000000,0.24558,0.24562,0.23016,0.23848,33445723,7952004.31959,55662,3857489.37885
1626134400000,0.23840,0.24546,0.22642,0.23453,59002037,13938630.65174,82772,6887122.99205
1626220800000,0.23445,0.23535,0.21059,0.23218,47833030,10639815.54637,77646,5309217.43661
1626307200000,0.23205,0.23437,0.21584,0.22120,34061362,7621715.74463,69973,3582516.21019
1626393600000,0.22120,0.22491,0.20694,0.20896,36805140,7909059.62265,70316,3942232.24342
1626480000000,0.20883,0.21622,0.20015,0.21019,51045219,10529742.00815,71068,5346051.06191
1626566400000,0.21012,0.22233,0.20295,0.21062,47115236,10015390.63844,66030,4954291.54199
1626652800000,0.21058,0.21110,0.19060,0.19759,38812784,7690070.10101,63676,3832255.75714
1626739200000,0.19770,0.20317,0.17335,0.18086,90032484,16443047.97219,105399,8060573.84504
1626825600000,0.18096,0.19848,0.17491,0.19728,71640059,13499083.19228,76555,6640329.83904
1626912000000,0.19727,0.20717,0.19252,0.20653,63323560,12708695.43066,74557,6051530.36264
1626998400000,0.20648,0.22488,0.20075,0.21310,77080268,16410757.17119,90783,7828220.85643
1627084800000,0.21329,0.22302,0.20908,0.21547,58313814,12548798.05082,70474,6204518.18015
1627171200000,0.21561,0.21966,0.20769,0.21944,38508194,8206928.38813,52112,3992974.40842
1627257600000,0.21945,0.24109,0.21700,0.22214,97939068,22325381.94899,106615,10794559.39535
1627344000000,0.22209,0.32250,0.22206,0.26153,1042590595,304691205.92573,941722,157230949.14959
1627430400000,0.26169,0.28141,0.25280,0.26415,320204353,84452205.70199,307899,41822702.67398
1627516800000,0.26446,0.28961,0.25245,0.27509,234020060,62264110.10685,222833,30489033.73062
1627603200000,0.27503,0.27700,0.25506,0.27612,90818814,24097043.59394,110273,11302728.97808
1627689600000,0.27608,0.29973,0.27155,0.28808,156773806,44332914.04028,168150,21506825.99601
1627776000000,0.28809,0.28852,0.26204,0.26716,63494185,17588688.31637,82061,8365917.69549
1627862400000,0.26728,0.29216,0.25800,0.27100,94894500,25502262.25778,113050,12155047.05482
1627948800000,0.27096,0.27354,0.25409,0.26833,57150932,14899678.19835,85961,6961454.74783
1628035200000,0.26927,0.27953,0.25647,0.27750,86634019,23012827.25406,119400,10874670.31604
1628121600000,0.27750,0.29550,0.26550,0.29480,110807691,30894661.21121,142247,14904389.93775
1628208000000,0.29480,0.29950,0.27769,0.29694,75863421,21882868.83901,116700,10002910.48633
1628294400000,0.29698,0.30860,0.28950,0.30598,77425977,23144025.78507,123811,10711163.60357
1628380800000,0.30590,0.30632,0.27818,0.28720,66549425,19575187.52527,107367,8979328.10024
1628467200000,0.28714,0.29992,0.27024,0.29686,71232734,20403312.62497,103190,9467362.07173
1628553600000,0.29677,0.32167,0.29349,0.31213,118427257,36812442.56634,189304,17567076.85156
1628640000000,0.31246,0.36034,0.30685,0.32628,268268223,90204692.57079,337334,39809607.11546
1628726400000,0.32626,0.34014,0.29700,0.31261,120636946,38203732.35451,170544,17769554.86317
1628812800000,0.31272,0.34469,0.31272,0.34126,108039933,35854096.51318,151586,16965067.09843
1628899200000,0.34122,0.34167,0.32503,0.33872,67926564,22666441.70881,100461,10279669.08067
1628985600000,0.33877,0.34289,0.32452,0.34262,56470099,18835620.34149,99354,8800427.33068
1629072000000,0.34259,0.35748,0.32768,0.33844,88688001,30702153.37673,134629,13655935.09896
1629158400000,0.33837,0.35251,0.30694,0.31329,109795730,36580894.55910,161537,16926556.17521
1629244800000,0.31336,0.32858,0.28837,0.30482,94462373,29021298.98930,135376,13588982.35795
1629331200000,0.30482,0.32678,0.29256,0.32493,135713939,42642800.62694,167503,20098911.78863
1629417600000,0.32494,0.33811,0.31965,0.33327,92595800,30346451.04288,140308,13836408.00359
1629504000000,0.33346,0.34991,0.32481,0.33903,127413458,43313607.82200,178602,19504101.34657
1629590400000,0.33893,0.37389,0.33189,0.36535,241903880,86071592.48160,300250,39404001.06270
1629676800000,0.36535,0.38031,0.35500,0.37560,140588137,51869627.89576,200908,23348642.24756
1629763200000,0.37574,0.38417,0.33109,0.34649,123202650,44551242.49563,176147,20714718.13217
1629849600000,0.34671,0.36949,0.32783,0.35609,103072549,35904134.25731,153136,16769509.35244
1629936000000,0.35608,0.35948,0.31548,0.32127,84550683,28116626.05451,131608,13488922.71224
1630022400000,0.32121,0.34194,0.30252,0.34039,110136767,35337362.83477,141380,16859490.05931
1630108800000,0.34036,0.35078,0.33694,0.34698,78881673,27052150.05903,110129,12796794.38872
1630195200000,0.34698,0.35690,0.32701,0.35375,124481705,42878869.33730,163135,20517248.41990
1630281600000,0.35370,0.35405,0.33000,0.33433,78662705,26753232.59014,111479,12233140.79813
1630368000000,0.33429,0.36350,0.32173,0.34006,103691944,35672063.78339,148043,16790408.06120
1630454400000,0.34007,0.35500,0.33264,0.35292,61164866,21044919.00515,106835,9449456.40834
1630540800000,0.35291,0.36800,0.34758,0.35775,78287336,27976853.44059,131982,12691097.78343
1630627200000,0.35777,0.40184,0.34713,0.39435,169350009,63979760.06578,242026,30085523.68882
1630713600000,0.39435,0.96700,0.39252,0.93794,2600551919,1651735807.42757,3428519,853442460.93514
1630800000000,0.93794,0.98000,0.61000,0.62619,1401843037,1023732569.57851,1928127,505204909.70730
1630886400000,0.62604,0.66000,0.56940,0.63802,604147363,379862701.80826,907004,178601930.86691
1630972800000,0.63775,0.68511,0.40000,0.50948,528721556,308876819.63999,773255,145326084.22947
1631059200000,0.50981,0.54752,0.46000,0.53387,297503076,151198043.98565,508966,73376550.83649
1631145600000,0.53385,0.65000,0.52000,0.58091,393656807,234096939.36982,637733,109708126.97463
1631232000000,0.58094,0.58800,0.50476,0.52803,145729166,79081717.60394,249227,37967613.86176
1631318400000,0.52796,0.55400,0.51719,0.52560,102435629,54707470.42010,184433,25605231.18439
1631404800000,0.52570,0.53235,0.49589,0.51920,93106225,47869694.87549,186732,21798960.77822
1631491200000,0.51920,0.57300,0.45000,0.49259,269881281,137923643.71737,431667,66402193.86257
1631577600000,0.49231,0.52193,0.48713,0.50505,101716866,51065710.87724,207795,24759516.56275
1631664000000,0.50498,0.53973,0.49641,0.53117,82517661,42426236.88716,148858,19758204.73593
1631750400000,0.53138,0.55393,0.50787,0.53675,159872464,84975280.74548,252061,39530160.13103
1631836800000,0.53674,0.60359,0.52111,0.54957,317705058,176846311.14833,517360,83708226.75037
1631923200000,0.54966,0.56700,0.52715,0.53690,95192490,51387918.26305,186391,23408903.98563
1632009600000,0.53680,0.53814,0.48532,0.49976,71831885,36788139.16351,146275,17443994.05750
1632096000000,0.49981,0.50558,0.39978,0.42033,160139869,70891487.50307,274596,34233389.82451
1632182400000,0.42015,0.43261,0.37171,0.38150,140714120,57409985.03385,238620,29072493.13482
1632268800000,0.38154,0.43189,0.37155,0.42946,126810277,51494617.74264,213989,24742477.33454
1632355200000,0.42941,0.53725,0.41136,0.53111,374099044,184666607.47188,514585,92768601.53144
1632441600000,0.53086,0.54175,0.43710,0.47906,295175165,141437331.56900,440503,68437345.12978
1632528000000,0.47903,0.49578,0.44372,0.45574,125264618,58059946.90837,211336,28960198.60329
1632614400000,0.45574,0.45599,0.40527,0.43438,97375775,41996935.51954,181414,20634000.75372
1632700800000,0.43430,0.44863,0.41278,0.41422,77099150,33283488.28555,144188,16591601.98794
1632787200000,0.41420,0.42771,0.39136,0.39327,66176631,26997323.75594,122682,13403677.05641
1632873600000,0.39315,0.41460,0.38779,0.39649,70127842,28049654.05322,118593,13614116.75657
1632960000000,0.39645,0.45556,0.39258,0.43427,252517755,109037537.81827,350770,53516133.40679
1633046400000,0.43434,0.47891,0.43302,0.47769,206184898,94652668.92436,266183,46806360.28341
1633132800000,0.47771,0.49479,0.46396,0.47425,79964602,38401175.81157,149901,18787517.34365
1633219200000,0.47431,0.54980,0.47052,0.51849,188280063,97509721.13786,305372,46951527.09050
1633305600000,0.51849,0.53891,0.48612,0.51184,147638485,75448107.49970,246703,35939526.75247
1633392000000,0.51184,0.53686,0.49341,0.52440,112742147,57360660.07750,201311,26717764.36796
1633478400000,0.52466,0.58980,0.50238,0.55587,263875105,142758959.51534,411786,68548957.14440
1633564800000,0.55555,0.55594,0.51834,0.54924,89841297,47994198.58022,188624,22848534.33864
1633651200000,0.54943,0.57205,0.52337,0.56956,96695771,52661595.87231,216689,25812281.43661
1633737600000,0.56999,0.59000,0.51685,0.52823,127114366,69477321.93436,249448,31653408.89929
1633824000000,0.52820,0.53500,0.49524,0.49997,72720445,37518262.59196,151809,17323721.98601
1633910400000,0.50011,0.51988,0.48147,0.49689,102364804,51646533.08541,188829,24546308.01821
1633996800000,0.49689,0.49697,0.45227,0.48888,75190719,35577536.43378,163506,17277514.90110
1634083200000,0.48887,0.51053,0.47635,0.50528,50999445,25050385.51671,115239,12252929.51419
1634169600000,0.50552,0.51448,0.49961,0.51185,45126815,22874868.70561,113495,10602224.88765
1634256000000,0.51185,0.54180,0.46818,0.48190,149735744,74574751.58344,282606,35516545.05991
1634342400000,0.48188,0.49516,0.47319,0.48298,82191416,39768948.76424,153140,18957111.46194
1634428800000,0.48313,0.48623,0.45250,0.46978,54587137,25947273.73318,109312,11820023.83725
1634515200000,0.47001,0.47726,0.45912,0.47326,54786786,25689084.89804,143268,12127428.91699
1634601600000,0.47311,0.47750,0.46291,0.47397,31934881,15045496.71816,96211,6819825.43680
1634688000000,0.47392,0.49001,0.46371,0.48693,62510973,29882685.32456,148256,14148236.33940
1634774400000,0.48713,0.49577,0.46151,0.46779,73638368,35370152.46216,170500,16525318.09193
1634860800000,0.46781,0.48613,0.46520,0.47894,48506817,23053644.73136,115848,10684196.80382
1634947200000,0.47888,0.48370,0.46782,0.48239,37863562,18066875.73146,108402,8587584.70254
1635033600000,0.48239,0.48266,0.45584,0.46951,34879608,16446227.24691,103097,7196208.91668
1635120000000,0.46960,0.48426,0.46844,0.47959,31243374,14885407.40924,81336,7032792.09168
1635206400000,0.47945,0.49731,0.47139,0.48424,65860380,31898463.51013,128208,14859969.60625
1635292800000,0.48432,0.48474,0.37481,0.41880,121457229,52491931.19302,201775,23875455.89754
1635379200000,0.41904,0.44260,0.40881,0.43925,62421027,26707052.41659,121140,12932380.56712
1635465600000,0.43919,0.46673,0.43568,0.46504,130986784,59194022.00072,211172,28497539.01586
1635552000000,0.46471,0.47902,0.44851,0.47671,96629233,44787761.19065,173489,22050318.86360
1635638400000,0.47689,0.66215,0.45716,0.47232,556927618,298941801.83476,797239,143676839.29017
1635724800000,0.47242,0.49143,0.44024,0.47868,167631081,78523811.20528,263387,37950961.28646
1635811200000,0.47909,0.49911,0.46229,0.49756,95458812,45900570.55802,185149,22609136.94239
1635897600000,0.49787,0.51700,0.42084,0.49194,177517120,86012964.90280,316412,40547253.80326
1635984000000,0.49200,0.54025,0.47722,0.49220,201609044,102738760.82126,361237,48741363.22729
1636070400000,0.49202,0.51768,0.49011,0.51433,114918955,58107781.52002,230393,28614008.17263
1636156800000,0.51446,0.51507,0.47549,0.49944,64215696,31737639.68797,152966,14778244.65761
1636243200000,0.49966,0.50611,0.48662,0.49152,37034654,18250526.71003,91154,8026669.14487
1636329600000,0.49154,0.50395,0.47600,0.49198,64867489,31474220.16696,139526,14565762.38670
1636416000000,0.49186,0.50290,0.48035,0.49153,112762144,55559586.52183,190383,25335615.93827
1636502400000,0.49151,0.50540,0.42185,0.46185,128989792,61338299.09951,214219,27843984.46449
1636588800000,0.46182,0.47576,0.45177,0.46679,70580460,32754001.93418,134613,15528552.38276
1636675200000,0.46660,0.46958,0.44176,0.45667,51525258,23500327.07334,107098,11112974.95097
1636761600000,0.45656,0.47200,0.45656,0.46967,38335374,17826806.13571,102903,8338498.53108
1636848000000,0.46967,0.50238,0.46550,0.49247,122324836,58884058.33607,223271,28268627.96565
1636934400000,0.49248,0.50937,0.47900,0.49362,128101978,63094168.77262,222879,29143013.34073
1637020800000,0.49363,0.49393,0.40719,0.46491,171860159,79075597.57392,266998,37292127.11073
1637107200000,0.46566,0.52931,0.44256,0.49948,266376574,131174776.46321,421552,64581968.04053
1637193600000,0.49946,0.51810,0.44046,0.45732,184231791,87919234.81934,294161,42102911.33195
1637280000000,0.45725,0.48118,0.43818,0.47878,80262306,36813322.10261,163417,18167343.12783
1637366400000,0.47864,0.57507,0.47732,0.55962,410151587,221238176.46077,611312,108820393.84084
1637452800000,0.55966,0.57365,0.51806,0.54887,179417509,97087581.35524,337190,47853933.82738
1637539200000,0.54906,0.64090,0.53996,0.54272,428496239,253496508.97236,699293,122313789.11608
1637625600000,0.54269,0.54272,0.50563,0.52436,139133401,72496027.93706,280716,34119231.72274
1637712000000,0.52436,0.52474,0.48643,0.50342,77604236,38983450.35654,162181,18994968.01184
1637798400000,0.50332,0.51970,0.48855,0.51342,104931067,52708733.91859,191914,25739461.95539
1637884800000,0.51343,0.61400,0.48000,0.58085,557432457,312491027.06847,880262,151205406.11868
1637971200000,0.58057,0.63762,0.54071,0.61926,343437061,202498321.91218,618871,97460336.00726
1638057600000,0.61969,0.64784,0.53089,0.57634,200690907,115870768.40763,375177,55013934.01118
1638144000000,0.57652,0.59471,0.55637,0.57126,81613517,46937607.85824,186540,22275084.06992
1638230400000,0.57147,0.57166,0.53272,0.53652,83345010,45705388.30063,192584,21727458.16104
1638316800000,0.53666,0.57648,0.53505,0.56885,84120751,47076329.35530,196233,22892062.26831
1638403200000,0.56886,0.57999,0.51916,0.53556,73555851,39521188.81202,170906,18702491.02743
1638489600000,0.53577,0.53604,0.45366,0.47327,75913269,37974294.55913,165778,17511794.44915
1638576000000,0.47315,0.47402,0.29694,0.39993,242880761,92096691.14888,356561,43790760.03138
1638662400000,0.39984,0.40565,0.34751,0.36326,120804448,44987266.58434,203926,22406343.25602
1638748800000,0.36346,0.39619,0.31974,0.38073,233742476,83634194.57948,357053,41973564.28089
1638835200000,0.38061,0.40857,0.37982,0.39589,132798086,52531169.20131,258762,25905245.66786
1638921600000,0.39565,0.41799,0.37085,0.40586,93853691,37024883.77997,188272,18338546.30775
1639008000000,0.40588,0.40865,0.35617,0.35791,78716204,30057536.88873,154701,14420376.22474
1639094400000,0.35787,0.37189,0.33590,0.33752,90205214,32224285.14694,146614,15880780.80142
1639180800000,0.33799,0.36544,0.33000,0.35711,83412461,29257397.63646,148460,14517837.85177
1639267200000,0.35690,0.36292,0.34518,0.35808,36292984,12839320.59399,85127,6108323.18067
1639353600000,0.35809,0.36100,0.31112,0.31687,76578863,25468506.33751,136318,12400956.74651
1639440000000,0.31686,0.33019,0.30592,0.32660,72834879,23269197.04433,134006,11420527.97787
1639526400000,0.32660,0.34848,0.30762,0.34117,64118524,21069285.25221,122010,10334038.26086
1639612800000,0.34119,0.35222,0.33338,0.33450,56448164,19443771.66079,111089,9412660.18626
1639699200000,0.33467,0.34520,0.30881,0.32294,96057579,31247330.35808,163479,15092645.53786
1639785600000,0.32288,0.33757,0.31630,0.33359,38971594,12812962.76245,89090,6244344.90751
1639872000000,0.33356,0.33667,0.32244,0.32461,31598613,10398030.11401,67032,5050732.56658
1639958400000,0.32463,0.32919,0.30343,0.31743,43035263,13570624.12154,96789,6427968.16590
1640044800000,0.31746,0.33340,0.31387,0.33147,36588780,11918767.27957,80759,6149726.68981
1640131200000,0.33151,0.34357,0.33132,0.33973,46102158,15616811.42613,88854,7400895.69137
1640217600000,0.33984,0.36326,0.33255,0.36290,52344738,18198579.27870,109651,8521413.55215
1640304000000,0.36300,0.37254,0.35284,0.36020,47006511,17119651.42062,103115,8162729.63059
1640390400000,0.36044,0.37283,0.35751,0.36548,37149220,13513576.68557,79964,6502214.08701
1640476800000,0.36537,0.37318,0.35310,0.37140,27961092,10155884.16694,73631,4781795.40121
1640563200000,0.37140,0.38968,0.36799,0.37533,36703963,13947712.41576,85042,6477220.65453
1640649600000,0.37533,0.38105,0.33656,0.34055,59173896,20898584.23888,112301,9921374.72109
1640736000000,0.34055,0.34610,0.32508,0.33096,44487666,14985482.31589,81838,7310620.96444
1640822400000,0.33101,0.34103,0.32134,0.33573,36352541,12121185.46599,79606,5784590.07184
1640908800000,0.33557,0.34489,0.32258,0.32797,35948926,12044653.27755,79016,5804616.43974
1640995200000,0.32794,0.36856,0.32790,0.36611,172522151,61564366.95496,226923,30726578.13861
1641081600000,0.36630,0.43221,0.35298,0.39533,641781862,258538911.06921,739897,131113203.41841
1641168000000,0.39536,0.41320,0.36442,0.37385,275946030,106982009.28525,381966,52525558.97491
1641254400000,0.37389,0.37660,0.35407,0.35733,111734497,40643674.72516,178340,19477882.75954
1641340800000,0.35733,0.38545,0.31156,0.33095,152678552,55218038.45983,247563,26556046.61565
1641427200000,0.33094,0.33655,0.31335,0.33423,70870578,23053593.66797,131231,11055198.84268
1641513600000,0.33423,0.33776,0.30891,0.33169,99049926,32267321.00794,172001,15656477.76639
1641600000000,0.33169,0.33741,0.30377,0.31247,86496914,27763152.79528,137469,13651772.48310
1641686400000,0.31245,0.33999,0.31014,0.32300,136258171,44417251.88250,177589,22061197.30947
1641772800000,0.32289,0.34629,0.29565,0.31172,178898137,57480162.10564,220208,28201054.95545
1641859200000,0.31190,0.32283,0.30375,0.32256,64252211,20132011.16623,95978,9669802.54302
1641945600000,0.32273,0.34090,0.31870,0.33868,44330132,14579883.33546,88494,7181301.23770
1642032000000,0.33871,0.34157,0.31828,0.32078,41270523,13593026.27997,78792,6387500.00010
1642118400000,0.32075,0.33039,0.31349,0.32940,37955745,12251684.87718,78648,5817134.44664
1642204800000,0.32941,0.34420,0.32747,0.33411,52831806,17725944.11457,98160,8790184.82870
1642291200000,0.33409,0.33896,0.32802,0.33725,30044746,10035654.79779,60661,4624959.75941
1642377600000,0.33720,0.33839,0.31424,0.32071,29346237,9483306.74376,65550,4588601.07806
1642464000000,0.32064,0.32297,0.30363,0.31236,41751905,12983891.61516,75297,6290253.73333
1642550400000,0.31229,0.31322,0.29215,0.29768,47597481,14347209.49905,77059,7051533.93883
1642636800000,0.29772,0.31045,0.28156,0.28231,58142521,17297643.56127,96295,8322246.51978
1642723200000,0.28218,0.28595,0.23228,0.23986,95204608,24727990.45322,143003,12076438.66396
1642809600000,0.23979,0.24421,0.19488,0.21723,127472381,27705436.79684,160722,13770457.66389
1642896000000,0.21731,0.22842,0.21144,0.22484,83914288,18420739.87216,99862,9120131.08533
1642982400000,0.22485,0.23850,0.19012,0.21205,330165256,70359755.23554,330312,34610699.26933
1643068800000,0.21198,0.21703,0.20540,0.21402,116609508,24566419.32129,127454,12561075.64996
1643155200000,0.21408,0.24371,0.21074,0.22419,184725075,42280974.25703,202755,21553232.14306
1643241600000,0.22413,0.25548,0.21600,0.23558,363468090,86713475.93016,332427,42707312.83376
1643328000000,0.23562,0.25310,0.23149,0.25190,169761893,40768643.96815,190401,21591499.43679
1643414400000,0.25178,0.27034,0.25109,0.26657,157567310,41248447.78557,171509,21055214.93592
1643500800000,0.26655,0.26932,0.25248,0.25624,83394415,21745933.52404,107475,11076898.59938
1643587200000,0.25624,0.27122,0.24240,0.27043,112707882,28944587.65694,143465,14712974.50493
1643673600000,0.27044,0.30980,0.26903,0.28232,437226767,128437104.86121,409884,65542843.28924
1643760000000,0.28233,0.28833,0.26823,0.27617,169040176,47097146.01175,193714,23169515.96378
1643846400000,0.27617,0.29670,0.27334,0.29269,392186766,112191437.52643,390119,56958959.82923
1643932800000,0.29256,0.30737,0.28586,0.30636,158597997,46709597.41453,189408,22348516.96446
1644019200000,0.30625,0.31667,0.30093,0.31453,88528967,27405883.16739,134856,13608916.20777
1644105600000,0.31445,0.32960,0.30300,0.31888,83981076,26550806.23542,125889,13032419.12561
1644192000000,0.31893,0.32667,0.31280,0.32665,63356532,20275460.48705,110162,10014335.77869
1644278400000,0.32661,0.32834,0.30001,0.31340,118732917,37087447.42183,178445,17963934.05613
1644364800000,0.31349,0.31817,0.30169,0.31798,49338575,15324966.13258,82417,7529243.15694
1644451200000,0.31790,0.33936,0.30263,0.30375,162396033,52486118.19063,201862,25504015.53338
1644537600000,0.30380,0.31019,0.27800,0.28432,68074875,20286913.87203,110830,10235816.07811
1644624000000,0.28428,0.29231,0.27216,0.28566,61989571,17478677.41343,101321,8580291.85819
1644710400000,0.28548,0.29274,0.27511,0.28054,65094809,18550405.37340,104221,8451675.23712
1644796800000,0.28070,0.28993,0.27066,0.28816,62276189,17426321.30385,104910,9057527.31782
1644883200000,0.28816,0.31478,0.28727,0.31394,65250067,19697220.73446,106558,9998468.86683
1644969600000,0.31405,0.31446,0.29686,0.30642,61685136,18914762.18512,103776,9244369.52692
1645056000000,0.30634,0.30806,0.27049,0.27437,56256867,16315781.27738,87890,7799136.47407
1645142400000,0.27442,0.28291,0.26273,0.26779,57513901,15685961.45635,82686,7715853.66211
1645228800000,0.26772,0.28214,0.26357,0.27214,116540557,31858387.80836,141539,15861565.84100
1645315200000,0.27202,0.27211,0.24642,0.25218,56349475,14371359.93876,77809,7242600.15770
1645401600000,0.25226,0.26519,0.22799,0.22954,86271389,21559512.08793,103863,10825588.80895
1645488000000,0.22946,0.24544,0.22021,0.24472,66610479,15533298.36692,82367,7755924.39102
1645574400000,0.24470,0.25483,0.23745,0.23928,57229258,14048877.06350,77276,7210667.89481
1645660800000,0.23920,0.24152,0.20623,0.23650,125335258,27699948.38067,145002,13558520.14469
1645747200000,0.23645,0.26677,0.23507,0.26355,200121601,50685776.08484,220366,26134961.50940
1645833600000,0.26354,0.28716,0.26265,0.27736,144158417,39868690.47686,164572,20443297.77630
1645920000000,0.27741,0.28147,0.26029,0.26851,122045421,33012638.52065,153316,16928855.73118
1646006400000,0.26850,0.29497,0.26520,0.29371,124769284,34389250.51023,149179,16787547.49020
1646092800000,0.29366,0.31125,0.29195,0.30654,121892970,36724870.26007,160795,17936565.76233
1646179200000,0.30654,0.30685,0.28591,0.29492,62865409,18549947.90697,96814,9320683.46325
1646265600000,0.29506,0.29524,0.27511,0.28247,54690844,15565446.22988,90831,7515187.19881
1646352000000,0.28261,0.29436,0.25678,0.26236,138456161,38445088.47640,176858,19403173.21992
1646438400000,0.26237,0.26908,0.25469,0.26801,32487486,8546720.18912,60722,4118733.37823
1646524800000,0.26805,0.27030,0.25475,0.25720,34569978,9038360.59323,59145,4519006.84937
1646611200000,0.25710,0.26415,0.24392,0.25142,80157305,20408745.16521,109643,9833191.87478
1646697600000,0.25148,0.26123,0.24800,0.25946,56160101,14331444.55848,87223,7183711.48618
1646784000000,0.25957,0.27445,0.25772,0.27317,41944454,11217549.11509,84997,5772434.50100
1646870400000,0.27308,0.27476,0.25205,0.26270,45753363,11881898.52926,76307,5763635.27941
1646956800000,0.26268,0.26775,0.25300,0.25859,50501905,13154706.05768,83906,6508115.47411
1647043200000,0.25862,0.26291,0.25556,0.25721,25960592,6728024.66420,49376,3298918.49646
1647129600000,0.25720,0.26130,0.24437,0.24591,26141505,6644910.02516,48984,3148357.51889
1647216000000,0.24598,0.25897,0.24305,0.25864,34451074,8642885.16046,55183,4334272.34848
1647302400000,0.25872,0.25873,0.24468,0.25411,39974188,10074539.42182,59154,5200459.64391
1647388800000,0.25422,0.27200,0.24781,0.27186,77323257,19932565.56378,109634,10338687.72609
1647475200000,0.27188,0.29788,0.26880,0.28315,191758662,54636896.71161,238242,25890919.60728
1647561600000,0.28311,0.30100,0.27412,0.29947,68751586,19483322.77611,110691,10547951.21394
1647648000000,0.29942,0.30464,0.29133,0.29808,45753729,13607466.52761,70416,6370556.79510
1647734400000,0.29809,0.30590,0.28311,0.29906,36277095,10668333.62191,76576,5381277.72777
1647820800000,0.29906,0.30341,0.28768,0.29278,58566864,17257608.88170,94427,8178313.67292
1647907200000,0.29278,0.31000,0.28997,0.30831,45090390,13559859.46074,77895,6800648.64652
1647993600000,0.30831,0.30887,0.29454,0.30731,101912374,30824841.05123,136410,14722547.18103
1648080000000,0.30744,0.31593,0.30262,0.31383,58628889,18186487.26273,99223,8753170.58771
1648166400000,0.31389,0.31773,0.29764,0.30325,51647212,15983211.57428,89283,7596861.88313
1648252800000,0.30329,0.33076,0.30329,0.32486,102766655,32797448.29034,140076,16194466.82809
1648339200000,0.32486,0.35947,0.32201,0.34160,162322187,55135196.53999,191502,26142101.54675
1648425600000,0.34170,0.35516,0.32832,0.33515,76644689,26545340.85529,118711,12583905.54624
1648512000000,0.33521,0.38259,0.33338,0.35358,127576528,45505969.57884,183299,21906550.64257
1648598400000,0.35361,0.41531,0.34200,0.37484,338008880,129522923.57464,443035,62203559.85861
1648684800000,0.37478,0.38613,0.34171,0.36105,107481093,39762774.10976,175087,18726685.33919
1648771200000,0.36100,0.37599,0.33510,0.37559,84594524,30573510.93274,159900,14331319.37046
1648857600000,0.37563,0.42106,0.37064,0.37999,136486821,53327030.19732,229274,25822172.17978
1648944000000,0.38011,0.40300,0.36653,0.38425,97698145,37305931.34776,159447,17739838.76821
1649030400000,0.38425,0.38475,0.34429,0.36066,58780495,21329434.00525,117685,10045537.17458
1649116800000,0.36071,0.36775,0.34254,0.34509,49311370,17593090.68088,114924,8575441.72439
1649203200000,0.34509,0.34550,0.29660,0.29913,85343295,26974800.12398,165818,12682051.70444
1649289600000,0.29910,0.32671,0.29202,0.32535,100767794,31660417.39273,163263,15489291.58275
1649376000000,0.32526,0.34415,0.29275,0.29968,339133977,110946007.39823,415240,54596223.20893
1649462400000,0.29968,0.30671,0.29511,0.30469,81220256,24437604.86091,123346,12109027.58379
1649548800000,0.30484,0.30748,0.29016,0.29103,45963267,13830158.49100,85640,6793695.83533
1649635200000,0.29103,0.29320,0.25501,0.26343,71559382,19560956.07213,117481,9361590.68385
1649721600000,0.26339,0.28849,0.25960,0.27949,109354824,30133552.61278,145116,14543994.36088
1649808000000,0.27960,0.30344,0.27647,0.29848,206106025,60203458.51585,255823,29786547.19079
1649894400000,0.29852,0.30390,0.27819,0.28649,176880975,51585831.77728,201704,25547855.51405
1649980800000,0.28649,0.29808,0.28212,0.29108,80053334,23149790.53372,105756,11252588.71004
1650067200000,0.29106,0.29796,0.28555,0.29639,53464687,15630589.58900,72011,7771209.29482
1650153600000,0.29638,0.29840,0.28159,0.28281,45944844,13468817.84143,66603,6478602.15056
1650240000000,0.28287,0.29180,0.26905,0.29094,109615657,30675765.71312,106007,15101316.46805
1650326400000,0.29097,0.30250,0.28509,0.30129,51543454,15089377.20261,83444,7284830.74527
1650412800000,0.30126,0.30865,0.29197,0.30225,74053018,22251270.96014,109261,10861908.50864
1650499200000,0.30215,0.31839,0.29506,0.30298,109942197,33997027.24280,143834,15696108.38817
1650585600000,0.30313,0.32486,0.29766,0.30631,149658904,46315681.13295,181235,22068586.45206
1650672000000,0.30640,0.32459,0.30567,0.32362,180716555,57059801.13266,228430,27869265.39771
1650758400000,0.32362,0.32366,0.29620,0.30234,78666082,24265256.13197,111816,11709152.73590
1650844800000,0.30234,0.30247,0.27543,0.29224,85206059,24330448.53111,124208,11781551.81213
1650931200000,0.29223,0.30058,0.26254,0.26861,125452400,35554543.12256,161031,16782637.31387
1651017600000,0.26875,0.28016,0.26495,0.27481,51819545,14176440.17609,90786,6851680.42640
1651104000000,0.27483,0.29141,0.26759,0.28490,96653016,26987152.53451,134994,13188978.19590
1651190400000,0.28489,0.30549,0.27309,0.27661,467348382,135424341.53758,438267,67232699.32457
1651276800000,0.27661,0.28402,0.24320,0.25861,139990818,37501951.64391,177224,18302777.16305
1651363200000,0.25854,0.27355,0.25004,0.26768,90218613,23786306.54525,128873,11899577.62962
1651449600000,0.26774,0.27151,0.25341,0.26533,61834437,16189203.50549,97874,8377149.82620
1651536000000,0.26535,0.26890,0.25341,0.25861,80379244,21174958.63489,95173,10398179.33192
1651622400000,0.25862,0.29197,0.25683,0.28306,184933197,50562633.98065,177201,25129344.22745
1651708800000,0.28294,0.28590,0.24704,0.25465,84077837,22216812.54660,116701,11091840.15645
1651795200000,0.25464,0.25540,0.23800,0.24711,72427187,17874608.50948,95280,8832716.33700
1651881600000,0.24711,0.24803,0.22700,0.23518,50423134,12162741.09282,72444,6095290.88135
1651968000000,0.23510,0.26650,0.23494,0.23971,522733679,131274012.50066,400090,66388691.31128
1652054400000,0.23968,0.24214,0.18584,0.18754,203229123,43347839.23393,215453,21693748.93204
1652140800000,0.18744,0.21186,0.17901,0.18834,234271093,45684681.79715,227224,23054508.02450
1652227200000,0.18850,0.19444,0.13242,0.14345,301709563,49401392.20834,268212,24912588.40098
1652313600000,0.14344,0.15059,0.10658,0.13028,312804187,39452013.35706,291686,20363001.43056
1652400000000,0.13029,0.16400,0.12977,0.14958,105864151,15921960.51924,105154,7959531.62343
1652486400000,0.14951,0.18700,0.14861,0.18370,403815834,67741389.26794,290093,34332334.53486
1652572800000,0.18383,0.18963,0.17017,0.18679,273729353,48534275.13631,202487,24605794.59502
1652659200000,0.18669,0.18698,0.16620,0.17338,154860651,26981124.39640,124631,13533348.48317
1652745600000,0.17345,0.18530,0.16823,0.18048,107596042,19007492.68883,95837,9436558.30640
1652832000000,0.18049,0.19855,0.16462,0.16575,271960973,49441710.08668,203225,24493488.58829
1652918400000,0.16564,0.18138,0.15787,0.17735,145965430,24832954.22224,119928,12338174.98030
1653004800000,0.17734,0.18976,0.17126,0.18054,146043156,26200981.93510,118769,13137529.58461
1653091200000,0.18051,0.18681,0.17056,0.18180,94857004,16950796.00615,90730,8539763.56225
1653177600000,0.18180,0.19581,0.18108,0.19218,103052161,19332950.86109,89465,9928458.37438
1653264000000,0.19217,0.19680,0.17143,0.17635,113143216,21169821.29094,98122,10507208.83506
1653350400000,0.17643,0.18059,0.16386,0.17878,94772765,16459622.27477,76468,8053878.91205
1653436800000,0.17879,0.18107,0.16838,0.17427,67814139,11765374.92197,58673,5797339.32274
1653523200000,0.17425,0.17646,0.15330,0.16308,107171314,17657069.63509,91445,8791572.53471
1653609600000,0.16305,0.18088,0.15159,0.15532,440804124,73289158.02975,278055,36578699.67893
1653696000000,0.15532,0.16023,0.15062,0.15722,109476479,17118359.78082,84757,8636242.78987
1653782400000,0.15726,0.16370,0.15316,0.16340,80528799,12762252.22802,65354,6376548.65402
1653868800000,0.16332,0.17756,0.16094,0.17703,87700687,14924341.16972,80291,7342863.43076
1653955200000,0.17689,0.17951,0.16785,0.17512,76701232,13360506.63716,76308,6559642.07195
1654041600000,0.17526,0.18590,0.16372,0.16984,165041235,29117943.99985,141504,14462873.65625
1654128000000,0.16993,0.19453,0.16950,0.18006,660623620,119127890.31166,413135,60520572.17619
1654214400000,0.18012,0.18500,0.16843,0.17501,133192182,23462776.01762,110306,11562903.53261
1654300800000,0.17499,0.18210,0.16936,0.17799,100875101,17667295.62863,83710,8819880.97510
1654387200000,0.17786,0.18600,0.17258,0.18257,124453573,22462013.52503,99042,11539756.00490
1654473600000,0.18243,0.19575,0.18136,0.19439,96607750,18319495.70119,93114,8951477.95993
1654560000000,0.19441,0.20240,0.17605,0.20216,142081159,26566599.76405,123310,13193868.18034
1654646400000,0.20229,0.20268,0.18527,0.18770,97687330,18703419.90580,92072,9578838.73468
1654732800000,0.18766,0.18772,0.17918,0.18198,72152431,13234665.63693,67548,6289138.74130
1654819200000,0.18203,0.19170,0.16559,0.16793,108315167,19028731.84665,96552,9094780.14930
1654905600000,0.16793,0.17315,0.15611,0.16129,78397751,12881860.72578,76411,6582385.99628
1654992000000,0.16130,0.16201,0.14285,0.14447,104938743,15708350.32328,108012,7835678.02022
1655078400000,0.14437,0.14558,0.12427,0.12777,171386435,22600956.69755,163583,11177269.58115
1655164800000,0.12771,0.12983,0.11504,0.12670,144832589,18063608.20497,137315,8981762.70935
1655251200000,0.12682,0.13485,0.11270,0.13481,132379636,16129651.00508,122784,8065249.76678
1655337600000,0.13477,0.13597,0.12191,0.12415,148116375,19125970.44122,118109,9803519.22502
1655424000000,0.12417,0.13423,0.12300,0.13099,135061991,17392898.14657,96322,8740187.54277
1655510400000,0.13099,0.13429,0.11336,0.12364,124063058,15299532.74193,101803,7482527.24432
1655596800000,0.12358,0.13405,0.11782,0.13316,109016654,13672167.01714,88002,6977193.64622
1655683200000,0.13312,0.13877,0.12667,0.13610,109378119,14631687.79037,95191,7351205.47587
1655769600000,0.13611,0.14683,0.13387,0.13998,82744483,11709456.46834,83004,5850844.41224
1655856000000,0.14000,0.14043,0.13178,0.13386,72508503,9820047.24992,71446,4963455.50256
1655942400000,0.13375,0.14377,0.13292,0.14313,85843537,11988719.15771,74939,5752834.04878
1656028800000,0.14313,0.14928,0.14190,0.14676,87388174,12675784.40076,74647,6199744.11719
1656115200000,0.14679,0.15571,0.14197,0.15087,118466900,17723748.06820,88839,8765769.98492
1656201600000,0.15081,0.15291,0.14070,0.14148,71819797,10609167.42065,64724,5385186.80197
1656288000000,0.14148,0.15015,0.13999,0.14725,122495608,17843741.91184,87399,8686494.26079
1656374400000,0.14721,0.15459,0.14186,0.14343,158988534,23662490.37446,95982,11452955.49475
1656460800000,0.14348,0.14468,0.13532,0.13918,93004112,12986107.56459,64615,6411165.81236
1656547200000,0.13918,0.13989,0.12382,0.13345,109652520,14237234.36170,76581,7181633.67063
1656633600000,0.13338,0.13818,0.12705,0.13572,146890713,19733943.13858,94366,9409114.61745
1656720000000,0.13577,0.14120,0.13279,0.14117,136553537,18726919.38714,75574,9025103.11987
1656806400000,0.14111,0.14118,0.13407,0.13954,74212315,10197982.50535,48835,5089124.07042
1656892800000,0.13953,0.15012,0.13442,0.14838,184936118,26718907.47363,102113,12958514.75204
1656979200000,0.14838,0.14942,0.13913,0.14293,94063277,13564277.42007,71162,6381631.31045
1657065600000,0.14295,0.14430,0.13900,0.14304,74315981,10494070.81428,56821,5233500.57851
1657152000000,0.14303,0.14792,0.14067,0.14688,62982911,9099701.56794,53119,4656380.94891
1657238400000,0.14695,0.15260,0.14445,0.14650,86855834,12896817.40955,74846,6380379.31398
1657324800000,0.14647,0.15266,0.14646,0.15080,42893405,6429764.48059,44619,3111403.32402
1657411200000,0.15080,0.15763,0.14613,0.15004,155258113,23569453.76119,101815,11608427.43621
1657497600000,0.15005,0.15198,0.13505,0.13596,128189102,18296054.67650,82779,9105047.14203
1657584000000,0.13598,0.13777,0.13072,0.13126,58639713,7927889.21726,51057,3835772.91334
1657670400000,0.13125,0.13699,0.12545,0.13569,70672982,9271511.74681,60673,4650921.55870
1657756800000,0.13567,0.13762,0.12888,0.13678,65199568,8663332.68420,56168,4234922.48651
1657843200000,0.13684,0.14183,0.13520,0.13990,54414577,7533182.68836,54224,3708573.35418
1657929600000,0.13992,0.14449,0.13621,0.14240,42126619,5908287.67862,47852,2741575.82167
1658016000000,0.14239,0.14630,0.13809,0.13868,39301886,5573000.43934,47699,2725218.34122
1658102400000,0.13863,0.15348,0.13827,0.15104,91752965,13642170.01789,83351,6795127.52480
1658188800000,0.15107,0.15636,0.14588,0.15457,90227381,13680539.36199,90145,6785303.82553
1658275200000,0.15457,0.15883,0.14376,0.14571,106795452,16393341.84344,92913,7980036.56296
1658361600000,0.14575,0.14792,0.14000,0.14551,71041208,10193057.92847,71054,4793525.06401
1658448000000,0.14551,0.14956,0.13905,0.14017,66274932,9610837.66128,70408,4691832.40552
1658534400000,0.14016,0.14506,0.13780,0.14240,51287501,7241207.74422,60455,3536101.92341
1658620800000,0.14241,0.14629,0.14134,0.14361,35538855,5115613.67282,43981,2513040.62441
1658707200000,0.14358,0.14394,0.13125,0.13145,66002222,8997260.55823,60345,4429563.68784
1658793600000,0.13140,0.13475,0.12901,0.13433,41907347,5490145.52166,48542,2811360.31224
1658880000000,0.13435,0.14457,0.13176,0.14448,51456332,7051068.25674,53822,3509491.32695
1658966400000,0.14452,0.15278,0.13927,0.14975,67520470,9847115.65197,73512,4909945.32844
1659052800000,0.14977,0.15333,0.14393,0.14946,64967663,9706425.88082,77197,4969330.88223
1659139200000,0.14946,0.15720,0.14620,0.14799,84162046,12859262.47503,79861,6059818.94143
1659225600000,0.14799,0.16333,0.14494,0.15024,130283089,19978117.64826,104342,10159651.70699
1659312000000,0.15030,0.16882,0.14924,0.16403,258523431,41430488.38174,180948,20349688.02880
1659398400000,0.16405,0.16999,0.15001,0.16772,153033268,24235859.81297,121613,12296182.26669
1659484800000,0.16773,0.16776,0.15424,0.15494,98559364,15911489.96257,90333,7761501.38967
1659571200000,0.15495,0.16013,0.15273,0.15573,81543993,12731325.02903,74473,5925059.86176
1659657600000,0.15573,0.16414,0.15476,0.16386,56901213,9107159.48516,62690,4307975.21514
1659744000000,0.16385,0.16531,0.16169,0.16250,36387566,5960665.29986,45482,3125695.12413
1659830400000,0.16250,0.16468,0.15898,0.16207,30349337,4916406.80095,42250,2512058.89583
1659916800000,0.16203,0.16647,0.16003,0.16294,49901908,8161509.22757,57004,3743492.72145
1660003200000,0.16288,0.16499,0.15142,0.15454,90593114,14335431.29600,78342,6495282.35345
1660089600000,0.15451,0.16598,0.15060,0.16531,85199094,13499772.19209,77737,6619826.53050
1660176000000,0.16528,0.18574,0.16527,0.17022,179445447,30913047.69195,148050,15643003.53124
1660262400000,0.17027,0.17649,0.16675,0.17513,70507497,12086056.87448,80973,5987219.40524
1660348800000,0.17514,0.17514,0.17050,0.17392,29803392,5161912.91723,42373,2555069.78623
1660435200000,0.17399,0.17550,0.16930,0.17155,33944713,5861722.65273,47380,2975698.37118
1660521600000,0.17152,0.23241,0.16975,0.19892,2923151043,630417373.78869,1412699,324322134.24901
1660608000000,0.19893,0.20891,0.18318,0.18629,844865259,163977008.93283,493178,82148240.46501
1660694400000,0.18626,0.18700,0.17280,0.17711,400314414,71994516.65478,281138,34000386.33713
1660780800000,0.17712,0.18165,0.15538,0.16706,277787249,48471480.52543,219690,23531186.94024
1660867200000,0.16703,0.16835,0.14575,0.15005,291137192,44803157.42090,223134,21980379.02859
1660953600000,0.14997,0.15309,0.14242,0.14680,137697719,20519248.32395,115515,9672864.60620
1661040000000,0.14679,0.15165,0.14498,0.14979,84740132,12577167.98957,77363,6042315.31847
1661126400000,0.14976,0.14982,0.14090,0.14662,98487685,14210011.02852,92379,6860217.52776
1661212800000,0.14666,0.14893,0.14153,0.14846,79871522,11664429.51937,80289,5601552.58232
1661299200000,0.14845,0.15165,0.14359,0.14801,104315079,15503239.90797,93139,7309582.84747
1661385600000,0.14801,0.16152,0.14751,0.15676,380848516,59298254.92212,239625,29573195.35624
1661472000000,0.15675,0.15691,0.14218,0.14283,174720903,26445625.40791,141659,13206264.43533
1661558400000,0.14278,0.14413,0.13893,0.14194,61622632,8739663.40203,67262,4435973.01393
1661644800000,0.14194,0.14550,0.13893,0.13966,62274525,8898429.13130,63021,4255832.63850
1661731200000,0.13970,0.14874,0.13781,0.14765,90857835,13094550.15281,84902,6345410.70434
1661817600000,0.14761,0.14970,0.14123,0.14595,83832087,12289792.08143,79272,5964267.40353
1661904000000,0.14598,0.15018,0.14366,0.14461,63471910,9341806.80462,68909,4544893.39131
1661990400000,0.14460,0.14553,0.13868,0.14356,75115346,10647542.40263,75740,5356899.56708
1662076800000,0.14358,0.14611,0.13854,0.14080,58583777,8335244.52748,63449,3950492.44125
1662163200000,0.14080,0.14222,0.13967,0.14166,25848541,3650646.53251,35702,1735416.66886
1662249600000,0.14167,0.14366,0.13969,0.14336,33565668,4761169.37392,37795,2217538.47075
1662336000000,0.14336,0.14592,0.14000,0.14438,53548692,7646723.62678,55304,3943893.49767
1662422400000,0.14439,0.14768,0.13059,0.13174,108262702,15069688.70657,94540,7425727.65585
1662508800000,0.13174,0.13742,0.12809,0.13550,81748820,10814022.55687,72833,5156209.88049
1662595200000,0.13548,0.14191,0.13246,0.14003,136765615,18833633.07699,109097,9385042.36804
1662681600000,0.14008,0.15080,0.13923,0.14975,78769817,11518394.94425,81863,5567360.85334
1662768000000,0.14974,0.15165,0.14621,0.14895,45879641,6829694.70998,53682,3172133.80006
1662854400000,0.14899,0.15431,0.14659,0.15179,71488716,10808150.59980,70475,5443083.71503
1662940800000,0.15179,0.15575,0.14772,0.15175,86330117,13154966.15447,84616,6353005.01647
1663027200000,0.15174,0.15425,0.13850,0.13924,90873376,13333333.46667,84333,6510878.17975
1663113600000,0.13921,0.14151,0.13632,0.13968,53553833,7457723.66489,56885,3495860.80048
1663200000000,0.13965,0.13991,0.13191,0.13369,60853265,8262903.88316,63108,4004847.25322
1663286400000,0.13370,0.13852,0.13171,0.13830,59914502,8130401.36803,57801,3959529.64089
1663372800000,0.13829,0.14182,0.13782,0.14150,28537209,3983968.23968,33660,2070055.46739
1663459200000,0.14150,0.14163,0.12510,0.12894,48173003,6487088.02095,46403,3075780.13469
1663545600000,0.12894,0.13154,0.12482,0.13070,60188652,7730459.20481,54871,3695730.53131
1663632000000,0.13073,0.13165,0.12679,0.12888,56978468,7387178.00653,53563,3709066.69942
1663718400000,0.12889,0.13582,0.12258,0.12401,105130824,13566247.10358,83710,6707522.83694
1663804800000,0.12402,0.13381,0.12388,0.13257,53704140,6918251.06375,52348,3570108.60263
1663891200000,0.13257,0.13575,0.12749,0.13183,66169848,8697174.32977,61754,4272973.58230
1663977600000,0.13188,0.13298,0.12926,0.12985,39714276,5220067.07578,40804,2483584.38736
1664064000000,0.12989,0.13226,0.12740,0.12910,33974183,4430946.35527,35762,2239716.63905
1664150400000,0.12910,0.13039,0.12300,0.12861,86790093,11044819.55650,66296,5361611.05386
1664236800000,0.12857,0.13575,0.12577,0.12791,112817036,14830644.26467,82223,7431953.76263
1664323200000,0.12793,0.12894,0.12236,0.12767,66648560,8354761.45737,54475,4009444.00421
1664409600000,0.12767,0.12876,0.12466,0.12846,57644536,7311381.66724,50907,3604553.42080
1664496000000,0.12849,0.13032,0.12654,0.12752,63911507,8218503.51165,55601,4127452.73583
1664582400000,0.12752,0.12900,0.12680,0.12748,32726687,4188392.79112,33072,1921009.64302
1664668800000,0.12751,0.12779,0.12256,0.12289,40037009,5011415.98955,33528,2391011.94077
1664755200000,0.12287,0.12779,0.12114,0.12730,44016949,5495446.05208,34558,2710614.81663
1664841600000,0.12727,0.13204,0.12617,0.12883,101032913,12988741.71877,57654,6567893.22220
1664928000000,0.12883,0.12889,0.12490,0.12834,41964025,5344395.51335,35183,2589560.26218
1665014400000,0.12833,0.13110,0.12764,0.12829,58251371,7547585.51676,43852,3641575.00047
1665100800000,0.12825,0.12918,0.12610,0.12840,40459615,5178715.05674,33403,2551685.57157
1665187200000,0.12839,0.13277,0.12835,0.13077,67831637,8880409.83758,45421,4722056.05081
1665273600000,0.13078,0.13144,0.12915,0.13072,30284740,3943546.46650,29505,1890145.37333
1665360000000,0.13072,0.13215,0.12407,0.12483,52926095,6799690.81654,42393,3350135.45323
1665446400000,0.12480,0.12481,0.12059,0.12219,52680567,6476931.95712,45254,3062261.50412
1665532800000,0.12221,0.12346,0.12033,0.12132,35578970,4346112.71241,36184,2114000.65612
1665619200000,0.12132,0.12151,0.10855,0.11718,100214682,11458580.14491,71157,5464260.58075
1665705600000,0.11712,0.12073,0.11346,0.11496,57608222,6776315.52239,40253,3298910.98216
1665792000000,0.11496,0.11564,0.11325,0.11462,34628812,3969867.55522,25867,1938571.17196
1665878400000,0.11462,0.11927,0.11454,0.11794,52393988,6134586.28952,32291,2878955.25440
1665964800000,0.11791,0.12218,0.11645,0.12147,81586203,9772666.23850,45397,4950911.07825
1666051200000,0.12148,0.12275,0.11807,0.12046,75969848,9166579.39241,47365,4383860.25651
1666137600000,0.12046,0.12098,0.11332,0.11437,70089678,8243971.97735,41235,4152466.48864
1666224000000,0.11438,0.11795,0.11327,0.11418,60248157,6957797.63591,40608,3479844.74555
1666310400000,0.11417,0.11594,0.10966,0.11558,73132747,8272944.31469,50686,3969585.73416
1666396800000,0.11558,0.11991,0.11414,0.11730,96287320,11233940.78733,57650,5724901.24390
1666483200000,0.11736,0.12019,0.11410,0.11945,84934456,9932660.34506,55960,4548567.97861
1666569600000,0.11948,0.11983,0.11526,0.11757,62274280,7309084.25095,42155,3535786.83836
1666656000000,0.11754,0.12424,0.11700,0.12123,73771274,8865592.89424,47859,4400133.98244
1666742400000,0.12123,0.12502,0.12105,0.12377,60953540,7517369.78386,45848,3876636.71781
1666828800000,0.12376,0.13069,0.12275,0.12323,107077577,13553662.78162,73909,6698642.10478
1666915200000,0.12326,0.12620,0.12089,0.12502,79776441,9847804.07064,53345,5136471.89211
1667001600000,0.12502,0.13081,0.12482,0.12746,100944783,12897063.26006,65079,6446687.45818
1667088000000,0.12748,0.12901,0.12128,0.12298,67489392,8494586.24478,53217,4206649.71092
1667174400000,0.12298,0.12519,0.12104,0.12328,77597346,9539059.10811,52478,4679323.24763
1667260800000,0.12331,0.12510,0.12170,0.12194,51685095,6376193.29764,40879,3141610.77074
1667347200000,0.12195,0.12333,0.11575,0.11808,85217534,10235946.24912,63220,4941198.11995
1667433600000,0.11811,0.12773,0.11786,0.12398,94697817,11746633.02354,63654,5781529.84627
1667520000000,0.12396,0.13204,0.12352,0.13128,82355367,10571648.00103,62256,5235497.18386
1667606400000,0.13131,0.14142,0.13131,0.13731,204326242,28109486.93274,113028,13179043.22825
1667692800000,0.13730,0.13826,0.12749,0.12792,124792186,16863075.58561,79828,7097589.09194
1667779200000,0.12788,0.13750,0.12761,0.13279,184643442,24654494.21376,106720,11794095.00264
1667865600000,0.13281,0.13445,0.09496,0.10813,311164980,36535836.55604,192968,17062836.92768
1667952000000,0.10811,0.10892,0.07835,0.08084,243972458,23265191.17083,143065,11389772.53914
1668038400000,0.08078,0.09784,0.07930,0.09684,216161492,19314604.46020,120102,9747464.11227
1668124800000,0.09681,0.09837,0.08830,0.09363,112721019,10476850.41491,77133,5119210.69207
1668211200000,0.09359,0.09381,0.08783,0.08932,66149868,5982607.09612,47772,2845345.64027
1668297600000,0.08929,0.09168,0.08535,0.08754,83280214,7378790.14945,58127,3650248.93877
1668384000000,0.08754,0.08926,0.08193,0.08807,109165771,9379242.79957,71957,4895327.70758
1668470400000,0.08808,0.09368,0.08664,0.09170,83246038,7553048.33954,59804,3730906.65818
1668556800000,0.09169,0.09698,0.08924,0.09139,128346184,11919644.38195,75796,5858480.95183
1668643200000,0.09139,0.09378,0.08882,0.09059,71855352,6539176.80275,50920,3168252.10899
1668729600000,0.09062,0.09450,0.09053,0.09346,102440483,9518378.27648,59763,4988432.06650
1668816000000,0.09346,0.09955,0.09155,0.09779,188087866,18164419.13479,90471,9259712.55778
1668902400000,0.09780,0.10053,0.09243,0.09342,203625387,19899578.30609,102492,10061574.92900
1668988800000,0.09347,0.09594,0.08896,0.09343,160166348,14878086.75441,91613,7722894.29490
1669075200000,0.09342,0.09648,0.08973,0.09617,97262604,9107417.20121,64280,4474516.47565
1669161600000,0.09621,0.10310,0.09539,0.10131,173085516,17264609.82771,91533,8572628.16100
1669248000000,0.10132,0.10500,0.09883,0.10160,89555694,9076019.46056,58554,4436620.27472
1669334400000,0.10156,0.10157,0.09764,0.09967,56494193,5609003.00112,42842,2860714.81980
1669420800000,0.09965,0.10116,0.09714,0.09829,41297810,4102675.26595,33736,2083892.21579
1669507200000,0.09827,0.10409,0.09770,0.09771,99136826,9964479.22664,60107,4769910.93697
1669593600000,0.09778,0.10710,0.09384,0.10256,423471527,42679759.35421,201143,21065527.27383
1669680000000,0.10267,0.10268,0.09801,0.10201,46599137,4688868.86313,31168,2285908.80689
1669766400000,0.10201,0.10201,0.10201,0.10201,0,0.00000,0,0.00000
1669852800000,0.10201,0.10201,0.10201,0.10201,0,0.00000,0,0.00000
1669939200000,0.10201,0.10201,0.10201,0.10201,0,0.00000,0,0.00000
1670025600000,0.10201,0.10201,0.10201,0.10201,0,0.00000,0,0.00000
1670112000000,0.10201,0.10201,0.10201,0.10201,0,0.00000,0,0.00000
1670198400000,0.10201,0.10201,0.10201,0.10201,0,0.00000,0,0.00000
1670284800000,0.10201,0.10201,0.10201,0.10201,0,0.00000,0,0.00000
1670371200000,0.10201,0.10201,0.10201,0.10201,0,0.00000,0,0.00000
1670457600000,0.10201,0.10201,0.10201,0.10201,0,0.00000,0,0.00000
1670544000000,0.10201,0.10201,0.10201,0.10201,0,0.00000,0,0.00000
1670630400000,0.10201,0.10201,0.10201,0.10201,0,0.00000,0,0.00000
1670716800000,0.10201,0.10201,0.10201,0.10201,0,0.00000,0,0.00000
1670803200000,0.10201,0.10201,0.10201,0.10201,0,0.00000,0,0.00000
1670889600000,0.10201,0.10201,0.10201,0.10201,0,0.00000,0,0.00000
1670976000000,0.10201,0.10201,0.10201,0.10201,0,0.00000,0,0.00000
1671062400000,0.10201,0.10201,0.10201,0.10201,0,0.00000,0,0.00000
1671148800000,0.10201,0.10201,0.10201,0.10201,0,0.00000,0,0.00000
1671235200000,0.10201,0.10201,0.10201,0.10201,0,0.00000,0,0.00000
1671321600000,0.10201,0.10201,0.10201,0.10201,0,0.00000,0,0.00000
1671408000000,0.10201,0.10201,0.10201,0.10201,0,0.00000,0,0.00000
1671494400000,0.10201,0.10201,0.10201,0.10201,0,0.00000,0,0.00000
1671580800000,0.10201,0.10201,0.10201,0.10201,0,0.00000,0,0.00000
1671667200000,0.10201,0.10201,0.10201,0.10201,0,0.00000,0,0.00000
1671753600000,0.10201,0.10201,0.10201,0.10201,0,0.00000,0,0.00000
1671840000000,0.10201,0.10201,0.10201,0.10201,0,0.00000,0,0.00000
1671926400000,0.10201,0.10201,0.10201,0.10201,0,0.00000,0,0.00000
1672012800000,0.10201,0.10201,0.10201,0.10201,0,0.00000,0,0.00000
1672099200000,0.10201,0.10201,0.10201,0.10201,0,0.00000,0,0.00000
1672185600000,0.10201,0.10201,0.10201,0.10201,0,0.00000,0,0.00000
1672272000000,0.10201,0.10201,0.10201,0.10201,0,0.00000,0,0.00000
1672358400000,0.10201,0.10201,0.10201,0.10201,0,0.00000,0,0.00000
1672444800000,0.10201,0.10201,0.10201,0.10201,0,0.00000,0,0.00000
1672531200000,0.10201,0.10201,0.10201,0.10201,0,0.00000,0,0.00000
1672617600000,0.10201,0.10201,0.10201,0.10201,0,0.00000,0,0.00000
1672704000000,0.10201,0.10201,0.10201,0.10201,0,0.00000,0,0.00000
1672790400000,0.10201,0.10201,0.10201,0.10201,0,0.00000,0,0.00000
1672876800000,0.10201,0.10201,0.10201,0.10201,0,0.00000,0,0.00000
1672963200000,0.10201,0.10201,0.10201,0.10201,0,0.00000,0,0.00000
1673049600000,0.10201,0.10201,0.10201,0.10201,0,0.00000,0,0.00000
1673136000000,0.10201,0.10201,0.10201,0.10201,0,0.00000,0,0.00000
1673222400000,0.10201,0.10201,0.10201,0.10201,0,0.00000,0,0.00000
1673308800000,0.10201,0.10201,0.10201,0.10201,0,0.00000,0,0.00000
1673395200000,0.10201,0.10201,0.10201,0.10201,0,0.00000,0,0.00000
1673481600000,0.10201,0.10201,0.10201,0.10201,0,0.00000,0,0.00000
1673568000000,0.10201,0.10201,0.10201,0.10201,0,0.00000,0,0.00000
1673654400000,0.10201,0.10201,0.10201,0.10201,0,0.00000,0,0.00000
1673740800000,0.10201,0.10201,0.10201,0.10201,0,0.00000,0,0.00000
1673827200000,0.10201,0.10201,0.10201,0.10201,0,0.00000,0,0.00000
1673913600000,0.10201,0.10201,0.10201,0.10201,0,0.00000,0,0.00000
1674000000000,0.10201,0.10201,0.10201,0.10201,0,0.00000,0,0.00000
1674086400000,0.10201,0.10201,0.10201,0.10201,0,0.00000,0,0.00000
1674172800000,0.10201,0.10201,0.10201,0.10201,0,0.00000,0,0.00000
1674259200000,0.10201,0.10201,0.10201,0.10201,0,0.00000,0,0.00000
1674345600000,0.10201,0.10201,0.10201,0.10201,0,0.00000,0,0.00000
1674432000000,0.10201,0.10201,0.10201,0.10201,0,0.00000,0,0.00000
1674518400000,0.10201,0.10201,0.10201,0.10201,0,0.00000,0,0.00000
1674604800000,0.10201,0.10201,0.10201,0.10201,0,0.00000,0,0.00000
1674691200000,0.10201,0.10201,0.10201,0.10201,0,0.00000,0,0.00000
1674777600000,0.10201,0.10201,0.10201,0.10201,0,0.00000,0,0.00000
1674864000000,0.10201,0.10201,0.10201,0.10201,0,0.00000,0,0.00000
1674950400000,0.10201,0.10201,0.10201,0.10201,0,0.00000,0,0.00000
1675036800000,0.10201,0.10201,0.10201,0.10201,0,0.00000,0,0.00000
1675123200000,0.10201,0.10201,0.10201,0.10201,0,0.00000,0,0.00000
1675209600000,0.10201,0.10201,0.10201,0.10201,0,0.00000,0,0.00000
1675296000000,0.10201,0.10201,0.10201,0.10201,0,0.00000,0,0.00000
1675382400000,0.10201,0.10201,0.10201,0.10201,0,0.00000,0,0.00000
1675468800000,0.10201,0.10201,0.10201,0.10201,0,0.00000,0,0.00000
1675555200000,0.10201,0.10201,0.10201,0.10201,0,0.00000,0,0.00000
1675641600000,0.10201,0.10201,0.10201,0.10201,0,0.00000,0,0.00000
1675728000000,0.10201,0.10201,0.10201,0.10201,0,0.00000,0,0.00000
1675814400000,0.10201,0.10201,0.10201,0.10201,0,0.00000,0,0.00000
1675900800000,0.10201,0.10201,0.10201,0.10201,0,0.00000,0,0.00000
1675987200000,0.10201,0.10201,0.10201,0.10201,0,0.00000,0,0.00000
1676073600000,0.10201,0.10201,0.10201,0.10201,0,0.00000,0,0.00000
1676160000000,0.10201,0.10201,0.10201,0.10201,0,0.00000,0,0.00000
1676246400000,0.10201,0.10201,0.10201,0.10201,0,0.00000,0,0.00000
1676332800000,0.10201,0.10201,0.10201,0.10201,0,0.00000,0,0.00000
1676419200000,0.10201,0.10201,0.10201,0.10201,0,0.00000,0,0.00000
1676505600000,0.10201,0.10201,0.10201,0.10201,0,0.00000,0,0.00000
1676592000000,0.10201,0.10201,0.10201,0.10201,0,0.00000,0,0.00000
1676678400000,0.10201,0.10201,0.10201,0.10201,0,0.00000,0,0.00000
1676764800000,0.10201,0.10201,0.10201,0.10201,0,0.00000,0,0.00000
1676851200000,0.10201,0.10201,0.10201,0.10201,0,0.00000,0,0.00000
1676937600000,0.10201,0.10201,0.10201,0.10201,0,0.00000,0,0.00000
1677024000000,0.10201,0.10201,0.10201,0.10201,0,0.00000,0,0.00000
1677110400000,0.10201,0.10201,0.10201,0.10201,0,0.00000,0,0.00000
1677196800000,0.10201,0.10201,0.10201,0.10201,0,0.00000,0,0.00000
1677283200000,0.10201,0.10201,0.10201,0.10201,0,0.00000,0,0.00000
1677369600000,0.10201,0.10201,0.10201,0.10201,0,0.00000,0,0.00000
1677456000000,0.10201,0.10201,0.10201,0.10201,0,0.00000,0,0.00000
1677542400000,0.10201,0.10201,0.10201,0.10201,0,0.00000,0,0.00000
1677628800000,0.10201,0.10201,0.10201,0.10201,0,0.00000,0,0.00000
1677715200000,0.10201,0.10201,0.10201,0.10201,0,0.00000,0,0.00000
1677801600000,0.10201,0.10201,0.10201,0.10201,0,0.00000,0,0.00000
1677888000000,0.10201,0.10201,0.10201,0.10201,0,0.00000,0,0.00000
1677974400000,0.10201,0.10201,0.10201,0.10201,0,0.00000,0,0.00000
1678060800000,0.10201,0.10201,0.10201,0.10201,0,0.00000,0,0.00000
1678147200000,0.10201,0.10201,0.10201,0.10201,0,0.00000,0,0.00000
1678233600000,0.10201,0.10201,0.10201,0.10201,0,0.00000,0,0.00000
1678320000000,0.10201,0.10201,0.10201,0.10201,0,0.00000,0,0.00000
1678406400000,0.10201,0.10201,0.10201,0.10201,0,0.00000,0,0.00000
1678492800000,0.10201,0.10201,0.10201,0.10201,0,0.00000,0,0.00000
1678579200000,0.10201,0.10201,0.10201,0.10201,0,0.00000,0,0.00000
1678665600000,0.10201,0.10201,0.10201,0.10201,0,0.00000,0,0.00000
1678752000000,0.10201,0.10201,0.10201,0.10201,0,0.00000,0,0.00000
1678838400000,0.10201,0.10201,0.10201,0.10201,0,0.00000,0,0.00000
1678924800000,0.10201,0.10201,0.10201,0.10201,0,0.00000,0,0.00000
1679011200000,0.10201,0.10201,0.10201,0.10201,0,0.00000,0,0.00000
1679097600000,0.10201,0.10201,0.10201,0.10201,0,0.00000,0,0.00000
1679184000000,0.10201,0.10201,0.10201,0.10201,0,0.00000,0,0.00000
1679270400000,0.10201,0.10201,0.10201,0.10201,0,0.00000,0,0.00000
1679356800000,0.10201,0.10201,0.10201,0.10201,0,0.00000,0,0.00000
1679443200000,0.10201,0.10201,0.10201,0.10201,0,0.00000,0,0.00000
1679529600000,0.10201,0.10201,0.10201,0.10201,0,0.00000,0,0.00000
1679616000000,0.10201,0.10201,0.10201,0.10201,0,0.00000,0,0.00000
1679702400000,0.10201,0.10201,0.10201,0.10201,0,0.00000,0,0.00000
1679788800000,0.10201,0.10201,0.10201,0.10201,0,0.00000,0,0.00000
1679875200000,0.10201,0.10201,0.10201,0.10201,0,0.00000,0,0.00000
1679961600000,0.10201,0.10201,0.10201,0.10201,0,0.00000,0,0.00000
1680048000000,0.10201,0.10201,0.10201,0.10201,0,0.00000,0,0.00000
1680134400000,0.10201,0.10201,0.10201,0.10201,0,0.00000,0,0.00000
1680220800000,0.10201,0.10201,0.10201,0.10201,0,0.00000,0,0.00000
1680307200000,0.10201,0.10201,0.10201,0.10201,0,0.00000,0,0.00000
1680393600000,0.10201,0.10201,0.10201,0.10201,0,0.00000,0,0.00000
1680480000000,0.10201,0.10201,0.10201,0.10201,0,0.00000,0,0.00000
1680566400000,0.10201,0.10201,0.10201,0.10201,0,0.00000,0,0.00000
1680652800000,0.10201,0.10201,0.10201,0.10201,0,0.00000,0,0.00000
1680739200000,0.10201,0.10201,0.10201,0.10201,0,0.00000,0,0.00000
1680825600000,0.10201,0.10201,0.10201,0.10201,0,0.00000,0,0.00000
1680912000000,0.10201,0.10201,0.10201,0.10201,0,0.00000,0,0.00000
1680998400000,0.10201,0.10201,0.10201,0.10201,0,0.00000,0,0.00000
1681084800000,0.10201,0.10201,0.10201,0.10201,0,0.00000,0,0.00000
1681171200000,0.10201,0.10201,0.10201,0.10201,0,0.00000,0,0.00000
1681257600000,0.10201,0.10201,0.10201,0.10201,0,0.00000,0,0.00000
1681344000000,0.10201,0.10201,0.10201,0.10201,0,0.00000,0,0.00000
1681430400000,0.10201,0.10201,0.10201,0.10201,0,0.00000,0,0.00000
1681516800000,0.10201,0.10201,0.10201,0.10201,0,0.00000,0,0.00000
1681603200000,0.10201,0.10201,0.10201,0.10201,0,0.00000,0,0.00000
1681689600000,0.10201,0.10201,0.10201,0.10201,0,0.00000,0,0.00000
1681776000000,0.10201,0.10201,0.10201,0.10201,0,0.00000,0,0.00000
1681862400000,0.10201,0.10201,0.10201,0.10201,0,0.00000,0,0.00000
1681948800000,0.10201,0.10201,0.10201,0.10201,0,0.00000,0,0.00000
1682035200000,0.10201,0.10201,0.10201,0.10201,0,0.00000,0,0.00000
1682121600000,0.10201,0.10201,0.10201,0.10201,0,0.00000,0,0.00000
1682208000000,0.10201,0.10201,0.10201,0.10201,0,0.00000,0,0.00000
1682294400000,0.10201,0.10201,0.10201,0.10201,0,0.00000,0,0.00000
1682380800000,0.10201,0.10201,0.10201,0.10201,0,0.00000,0,0.00000
1682467200000,0.10201,0.10201,0.10201,0.10201,0,0.00000,0,0.00000
1682553600000,0.10201,0.10201,0.10201,0.10201,0,0.00000,0,0.00000
1682640000000,0.10201,0.10201,0.10201,0.10201,0,0.00000,0,0.00000
1682726400000,0.10201,0.10201,0.10201,0.10201,0,0.00000,0,0.00000
1682812800000,0.10201,0.10201,0.10201,0.10201,0,0.00000,0,0.00000
1682899200000,0.10201,0.10201,0.10201,0.10201,0,0.00000,0,0.00000
1682985600000,0.10201,0.10201,0.10201,0.10201,0,0.00000,0,0.00000
1683072000000,0.10201,0.10201,0.10201,0.10201,0,0.00000,0,0.00000
1683158400000,0.10201,0.10201,0.10201,0.10201,0,0.00000,0,0.00000
1683244800000,0.10201,0.10201,0.10201,0.10201,0,0.00000,0,0.00000
1683331200000,0.10201,0.10201,0.10201,0.10201,0,0.00000,0,0.00000
1683417600000,0.10201,0.10201,0.10201,0.10201,0,0.00000,0,0.00000
1683504000000,0.10201,0.10201,0.10201,0.10201,0,0.00000,0,0.00000
1683590400000,0.10201,0.10201,0.10201,0.10201,0,0.00000,0,0.00000
1683676800000,0.10201,0.10201,0.10201,0.10201,0,0.00000,0,0.00000
1683763200000,0.10201,0.10201,0.10201,0.10201,0,0.00000,0,0.00000
1683849600000,0.10201,0.10201,0.10201,0.10201,0,0.00000,0,0.00000
1683936000000,0.10201,0.10201,0.10201,0.10201,0,0.00000,0,0.00000
1684022400000,0.10201,0.10201,0.10201,0.10201,0,0.00000,0,0.00000
1684108800000,0.10201,0.10201,0.10201,0.10201,0,0.00000,0,0.00000
1684195200000,0.10201,0.10201,0.10201,0.10201,0,0.00000,0,0.00000
1684281600000,0.10201,0.10201,0.10201,0.10201,0,0.00000,0,0.00000
1684368000000,0.10201,0.10201,0.10201,0.10201,0,0.00000,0,0.00000
1684454400000,0.10201,0.10201,0.10201,0.10201,0,0.00000,0,0.00000
1684540800000,0.10201,0.10201,0.10201,0.10201,0,0.00000,0,0.00000
1684627200000,0.10201,0.10201,0.10201,0.10201,0,0.00000,0,0.00000
1684713600000,0.10201,0.10201,0.10201,0.10201,0,0.00000,0,0.00000
1684800000000,0.10201,0.10201,0.10201,0.10201,0,0.00000,0,0.00000
1684886400000,0.10201,0.10201,0.10201,0.10201,0,0.00000,0,0.00000
1684972800000,0.10201,0.10201,0.10201,0.10201,0,0.00000,0,0.00000
1685059200000,0.10201,0.10201,0.10201,0.10201,0,0.00000,0,0.00000
1685145600000,0.10201,0.10201,0.10201,0.10201,0,0.00000,0,0.00000
1685232000000,0.10201,0.10201,0.10201,0.10201,0,0.00000,0,0.00000
1685318400000,0.10201,0.10201,0.10201,0.10201,0,0.00000,0,0.00000
1685404800000,0.10201,0.10201,0.10201,0.10201,0,0.00000,0,0.00000
1685491200000,0.10201,0.10201,0.10201,0.10201,0,0.00000,0,0.00000
1685577600000,0.10201,0.10201,0.10201,0.10201,0,0.00000,0,0.00000
1685664000000,0.10201,0.10201,0.10201,0.10201,0,0.00000,0,0.00000
1685750400000,0.10201,0.10201,0.10201,0.10201,0,0.00000,0,0.00000
1685836800000,0.10201,0.10201,0.10201,0.10201,0,0.00000,0,0.00000
1685923200000,0.10201,0.10201,0.10201,0.10201,0,0.00000,0,0.00000
1686009600000,0.10201,0.10201,0.10201,0.10201,0,0.00000,0,0.00000
1686096000000,0.10201,0.10201,0.10201,0.10201,0,0.00000,0,0.00000
1686182400000,0.10201,0.10201,0.10201,0.10201,0,0.00000,0,0.00000
1686268800000,0.10201,0.10201,0.10201,0.10201,0,0.00000,0,0.00000
1686355200000,0.10201,0.10201,0.10201,0.10201,0,0.00000,0,0.00000
1686441600000,0.10201,0.10201,0.10201,0.10201,0,0.00000,0,0.00000
1686528000000,0.10201,0.10201,0.10201,0.10201,0,0.00000,0,0.00000
1686614400000,0.10201,0.10201,0.10201,0.10201,0,0.00000,0,0.00000
1686700800000,0.10201,0.10201,0.10201,0.10201,0,0.00000,0,0.00000
1686787200000,0.10201,0.10201,0.10201,0.10201,0,0.00000,0,0.00000
1686873600000,0.10201,0.10201,0.10201,0.10201,0,0.00000,0,0.00000
1686960000000,0.10201,0.10201,0.10201,0.10201,0,0.00000,0,0.00000
1687046400000,0.10201,0.10201,0.10201,0.10201,0,0.00000,0,0.00000
1687132800000,0.10201,0.10201,0.10201,0.10201,0,0.00000,0,0.00000
1687219200000,0.10201,0.10201,0.10201,0.10201,0,0.00000,0,0.00000
1687305600000,0.10201,0.10201,0.10201,0.10201,0,0.00000,0,0.00000
1687392000000,0.10201,0.10201,0.10201,0.10201,0,0.00000,0,0.00000
1687478400000,0.10201,0.10201,0.10201,0.10201,0,0.00000,0,0.00000
1687564800000,0.10201,0.10201,0.10201,0.10201,0,0.00000,0,0.00000
1687651200000,0.10201,0.10201,0.10201,0.10201,0,0.00000,0,0.00000
1687737600000,0.10201,0.10201,0.10201,0.10201,0,0.00000,0,0.00000
1687824000000,0.10201,0.10201,0.10201,0.10201,0,0.00000,0,0.00000
1687910400000,0.10201,0.10201,0.10201,0.10201,0,0.00000,0,0.00000
1687996800000,0.10201,0.10201,0.10201,0.10201,0,0.00000,0,0.00000
1688083200000,0.10201,0.10201,0.10201,0.10201,0,0.00000,0,0.00000
1688169600000,0.10201,0.10201,0.10201,0.10201,0,0.00000,0,0.00000
1688256000000,0.10201,0.10201,0.10201,0.10201,0,0.00000,0,0.00000
1688342400000,0.10201,0.10201,0.10201,0.10201,0,0.00000,0,0.00000
1688428800000,0.10201,0.10201,0.10201,0.10201,0,0.00000,0,0.00000
1688515200000,0.10201,0.10201,0.10201,0.10201,0,0.00000,0,0.00000
1688601600000,0.10201,0.10201,0.10201,0.10201,0,0.00000,0,0.00000
1688688000000,0.10201,0.10201,0.10201,0.10201,0,0.00000,0,0.00000
1688774400000,0.10201,0.10201,0.10201,0.10201,0,0.00000,0,0.00000
1688860800000,0.10201,0.10201,0.10201,0.10201,0,0.00000,0,0.00000
1688947200000,0.10201,0.10201,0.10201,0.10201,0,0.00000,0,0.00000
1689033600000,0.10201,0.10201,0.10201,0.10201,0,0.00000,0,0.00000
1689120000000,0.10201,0.10201,0.10201,0.10201,0,0.00000,0,0.00000
1689206400000,0.10201,0.10201,0.10201,0.10201,0,0.00000,0,0.00000
1689292800000,0.10201,0.10201,0.10201,0.10201,0,0.00000,0,0.00000
1689379200000,0.10201,0.10201,0.10201,0.10201,0,0.00000,0,0.00000
1689465600000,0.10201,0.10201,0.10201,0.10201,0,0.00000,0,0.00000
1689552000000,0.10201,0.10201,0.10201,0.10201,0,0.00000,0,0.00000
1689638400000,0.10201,0.10201,0.10201,0.10201,0,0.00000,0,0.00000
1689724800000,0.10201,0.10201,0.10201,0.10201,0,0.00000,0,0.00000
1689811200000,0.10201,0.10201,0.10201,0.10201,0,0.00000,0,0.00000
1689897600000,0.10201,0.10201,0.10201,0.10201,0,0.00000,0,0.00000
1689984000000,0.10201,0.10201,0.10201,0.10201,0,0.00000,0,0.00000
1690070400000,0.10201,0.10201,0.10201,0.10201,0,0.00000,0,0.00000
1690156800000,0.10201,0.10201,0.10201,0.10201,0,0.00000,0,0.00000
1690243200000,0.10201,0.10201,0.10201,0.10201,0,0.00000,0,0.00000
1690329600000,0.10201,0.10201,0.10201,0.10201,0,0.00000,0,0.00000
1690416000000,0.10201,0.10201,0.10201,0.10201,0,0.00000,0,0.00000
1690502400000,0.10201,0.10201,0.10201,0.10201,0,0.00000,0,0.00000
1690588800000,0.10201,0.10201,0.10201,0.10201,0,0.00000,0,0.00000
1690675200000,0.10201,0.10201,0.10201,0.10201,0,0.00000,0,0.00000
1690761600000,0.10201,0.10201,0.10201,0.10201,0,0.00000,0,0.00000
1690848000000,0.10201,0.10201,0.10201,0.10201,0,0.00000,0,0.00000
1690934400000,0.10201,0.10201,0.10201,0.10201,0,0.00000,0,0.00000
1691020800000,0.10201,0.10201,0.10201,0.10201,0,0.00000,0,0.00000
1691107200000,0.10201,0.10201,0.10201,0.10201,0,0.00000,0,0.00000
1691193600000,0.10201,0.10201,0.10201,0.10201,0,0.00000,0,0.00000
1691280000000,0.10201,0.10201,0.10201,0.10201,0,0.00000,0,0.00000
1691366400000,0.10201,0.10201,0.10201,0.10201,0,0.00000,0,0.00000
1691452800000,0.10201,0.10201,0.10201,0.10201,0,0.00000,0,0.00000
1691539200000,0.10201,0.10201,0.10201,0.10201,0,0.00000,0,0.00000
1691625600000,0.10201,0.10201,0.10201,0.10201,0,0.00000,0,0.00000
1691712000000,0.10201,0.10201,0.10201,0.10201,0,0.00000,0,0.00000
1691798400000,0.10201,0.10201,0.10201,0.10201,0,0.00000,0,0.00000
1691884800000,0.10201,0.10201,0.10201,0.10201,0,0.00000,0,0.00000
1691971200000,0.10201,0.10201,0.10201,0.10201,0,0.00000,0,0.00000
1692057600000,0.10201,0.10201,0.10201,0.10201,0,0.00000,0,0.00000
1692144000000,0.10201,0.10201,0.10201,0.10201,0,0.00000,0,0.00000
1692230400000,0.10201,0.10201,0.10201,0.10201,0,0.00000,0,0.00000
1692316800000,0.10201,0.10201,0.10201,0.10201,0,0.00000,0,0.00000
1692403200000,0.10201,0.10201,0.10201,0.10201,0,0.00000,0,0.00000
1692489600000,0.10201,0.10201,0.10201,0.10201,0,0.00000,0,0.00000
1692576000000,0.10201,0.10201,0.10201,0.10201,0,0.00000,0,0.00000
1692662400000,0.10201,0.10201,0.10201,0.10201,0,0.00000,0,0.00000
1692748800000,0.10201,0.10201,0.10201,0.10201,0,0.00000,0,0.00000
1692835200000,0.10201,0.10201,0.10201,0.10201,0,0.00000,0,0.00000
1692921600000,0.10201,0.10201,0.10201,0.10201,0,0.00000,0,0.00000
1693008000000,0.10201,0.10201,0.10201,0.10201,0,0.00000,0,0.00000
1693094400000,0.10201,0.10201,0.10201,0.10201,0,0.00000,0,0.00000
1693180800000,0.10201,0.10201,0.10201,0.10201,0,0.00000,0,0.00000
1693267200000,0.10201,0.10201,0.10201,0.10201,0,0.00000,0,0.00000
1693353600000,0.10201,0.10201,0.10201,0.10201,0,0.00000,0,0.00000
1693440000000,0.10201,0.10201,0.10201,0.10201,0,0.00000,0,0.00000
1693526400000,0.10201,0.10201,0.10201,0.10201,0,0.00000,0,0.00000
1693612800000,0.10201,0.10201,0.10201,0.10201,0,0.00000,0,0.00000
1693699200000,0.10201,0.10201,0.10201,0.10201,0,0.00000,0,0.00000
1693785600000,0.10201,0.10201,0.10201,0.10201,0,0.00000,0,0.00000
1693872000000,0.10201,0.10201,0.10201,0.10201,0,0.00000,0,0.00000
1693958400000,0.10201,0.10201,0.10201,0.10201,0,0.00000,0,0.00000
1694044800000,0.10201,0.10201,0.10201,0.10201,0,0.00000,0,0.00000
1694131200000,0.10201,0.10201,0.10201,0.10201,0,0.00000,0,0.00000
1694217600000,0.10201,0.10201,0.10201,0.10201,0,0.00000,0,0.00000
1694304000000,0.10201,0.10201,0.10201,0.10201,0,0.00000,0,0.00000
1694390400000,0.10201,0.10201,0.10201,0.10201,0,0.00000,0,0.00000
1694476800000,0.10201,0.10201,0.10201,0.10201,0,0.00000,0,0.00000
1694563200000,0.10201,0.10201,0.10201,0.10201,0,0.00000,0,0.00000
1694649600000,0.10201,0.10201,0.10201,0.10201,0,0.00000,0,0.00000
1694736000000,0.10201,0.10201,0.10201,0.10201,0,0.00000,0,0.00000
1694822400000,0.10201,0.10201,0.10201,0.10201,0,0.00000,0,0.00000
1694908800000,0.10201,0.10201,0.10201,0.10201,0,0.00000,0,0.00000
1694995200000,0.10201,0.10201,0.10201,0.10201,0,0.00000,0,0.00000
1695081600000,0.10201,0.10201,0.10201,0.10201,0,0,0,0
1695168000000,0.10201,0.10201,0.10201,0.10201,0,0,0,0
1695254400000,0.10201,0.10201,0.10201,0.10201,0,0,0,0
1695340800000,0.10201,0.10201,0.10201,0.10201,0,0,0,0
1695427200000,0.10201,0.10201,0.10201,0.10201,0,0,0,0
1695513600000,0.10201,0.10201,0.10201,0.10201,0,0,0,0
1695600000000,0.10201,0.10201,0.10201,0.10201,0,0,0,0
1695686400000,0.10201,0.10201,0.10201,0.10201,0,0,0,0
1695772800000,0.10201,0.10201,0.10201,0.10201,0,0,0,0
1695859200000,0.10201,0.10201,0.10201,0.10201,0,0,0,0
1695945600000,0.10201,0.10201,0.10201,0.10201,0,0,0,0
1696032000000,0.10201,0.10201,0.10201,0.10201,0,0,0,0
1696118400000,0.10201,0.10201,0.10201,0.10201,0,0,0,0
1696204800000,0.10201,0.10201,0.10201,0.10201,0,0,0,0
1696291200000,0.10201,0.10201,0.10201,0.10201,0,0,0,0
1696377600000,0.10201,0.10201,0.10201,0.10201,0,0,0,0
1696464000000,0.10201,0.10201,0.10201,0.10201,0,0,0,0
1696550400000,0.10201,0.10201,0.10201,0.10201,0,0,0,0
1696636800000,0.10201,0.10201,0.10201,0.10201,0,0,0,0
1696723200000,0.10201,0.10201,0.10201,0.10201,0,0,0,0
1696809600000,0.10201,0.10201,0.10201,0.10201,0,0,0,0
1696896000000,0.10201,0.10201,0.10201,0.10201,0,0,0,0
1696982400000,0.10201,0.10201,0.10201,0.10201,0,0,0,0
1697068800000,0.10201,0.10201,0.10201,0.10201,0,0,0,0
1697155200000,0.10201,0.10201,0.10201,0.10201,0,0,0,0
1697241600000,0.10201,0.10201,0.10201,0.10201,0,0,0,0
1697328000000,0.10201,0.10201,0.10201,0.10201,0,0,0,0
1697414400000,0.10201,0.10201,0.10201,0.10201,0,0,0,0
1697500800000,0.10201,0.10201,0.10201,0.10201,0,0,0,0
1697587200000,0.10201,0.10201,0.10201,0.10201,0,0,0,0
1697673600000,0.10201,0.10201,0.10201,0.10201,0,0,0,0
1697760000000,0.10201,0.10201,0.10201,0.10201,0,0,0,0
1697846400000,0.10201,0.10201,0.10201,0.10201,0,0,0,0
1697932800000,0.10201,0.10201,0.10201,0.10201,0,0,0,0
1698019200000,0.10201,0.10201,0.10201,0.10201,0,0,0,0
1698105600000,0.10201,0.10201,0.10201,0.10201,0,0,0,0
1698192000000,0.10201,0.10201,0.10201,0.10201,0,0,0,0
1698278400000,0.10201,0.10201,0.10201,0.10201,0,0,0,0
1698364800000,0.10201,0.10201,0.10201,0.10201,0,0,0,0
1698451200000,0.10201,0.10201,0.10201,0.10201,0,0,0,0
1698537600000,0.10201,0.10201,0.10201,0.10201,0,0,0,0
1698624000000,0.10201,0.10201,0.10201,0.10201,0,0,0,0
1698710400000,0.10201,0.10201,0.10201,0.10201,0,0,0,0
1698796800000,0.10201,0.10201,0.10201,0.10201,0,0,0,0
1698883200000,0.10201,0.10201,0.10201,0.10201,0,0,0,0
1698969600000,0.10201,0.10201,0.10201,0.10201,0,0,0,0
1699056000000,0.10201,0.10201,0.10201,0.10201,0,0,0,0
1699142400000,0.10201,0.10201,0.10201,0.10201,0,0,0,0
1699228800000,0.10201,0.10201,0.10201,0.10201,0,0,0,0
1699315200000,0.10201,0.10201,0.10201,0.10201,0,0,0,0
1699401600000,0.10201,0.10201,0.10201,0.10201,0,0,0,0
1699488000000,0.10201,0.10201,0.10201,0.10201,0,0,0,0
1699574400000,0.10201,0.10201,0.10201,0.10201,0,0,0,0
1699660800000,0.10201,0.10201,0.10201,0.10201,0,0,0,0
1699747200000,0.10201,0.10201,0.10201,0.10201,0,0,0,0
1699833600000,0.10201,0.10201,0.10201,0.10201,0,0,0,0
1699920000000,0.10201,0.10201,0.10201,0.10201,0,0,0,0
1700006400000,0.10201,0.10201,0.10201,0.10201,0,0,0,0
1700092800000,0.10201,0.10201,0.10201,0.10201,0,0,0,0
1700179200000,0.10201,0.10201,0.10201,0.10201,0,0,0,0
1700265600000,0.10201,0.10201,0.10201,0.10201,0,0,0,0
1700352000000,0.10201,0.10201,0.10201,0.10201,0,0,0,0
1700438400000,0.10201,0.10201,0.10201,0.10201,0,0,0,0
1700524800000,0.10201,0.10201,0.10201,0.10201,0,0,0,0
1700611200000,0.10201,0.10201,0.10201,0.10201,0,0,0,0
1700697600000,0.10201,0.10201,0.10201,0.10201,0,0,0,0
1700784000000,0.10201,0.10201,0.10201,0.10201,0,0,0,0
1700870400000,0.10201,0.10201,0.10201,0.10201,0,0,0,0
1700956800000,0.10201,0.10201,0.10201,0.10201,0,0,0,0
1701043200000,0.10201,0.10201,0.10201,0.10201,0,0,0,0
1701129600000,0.10201,0.10201,0.10201,0.10201,0,0,0,0
1701216000000,0.10201,0.10201,0.10201,0.10201,0,0,0,0
1701302400000,0.10201,0.10201,0.10201,0.10201,0,0,0,0
1701388800000,0.10201,0.10201,0.10201,0.10201,0,0,0,0
1701475200000,0.10201,0.10201,0.10201,0.10201,0,0,0,0
1701561600000,0.10201,0.10201,0.10201,0.10201,0,0,0,0
1701648000000,0.10201,0.10201,0.10201,0.10201,0,0,0,0
1701734400000,0.10201,0.10201,0.10201,0.10201,0,0,0,0
1701820800000,0.10201,0.10201,0.10201,0.10201,0,0,0,0
1701907200000,0.10201,0.10201,0.10201,0.10201,0,0,0,0
1701993600000,0.10201,0.10201,0.10201,0.10201,0,0,0,0
1702080000000,0.10201,0.10201,0.10201,0.10201,0,0,0,0
1702166400000,0.10201,0.10201,0.10201,0.10201,0,0,0,0
1702252800000,0.10201,0.10201,0.10201,0.10201,0,0,0,0
1702339200000,0.10201,0.10201,0.10201,0.10201,0,0,0,0
1702425600000,0.10201,0.10201,0.10201,0.10201,0,0,0,0
1702512000000,0.10201,0.10201,0.10201,0.10201,0,0,0,0
1702598400000,0.10201,0.10201,0.10201,0.10201,0,0,0,0
1702684800000,0.10201,0.10201,0.10201,0.10201,0,0,0,0
1702771200000,0.10201,0.10201,0.10201,0.10201,0,0,0,0
1702857600000,0.10201,0.10201,0.10201,0.10201,0,0,0,0
1702944000000,0.10201,0.10201,0.10201,0.10201,0,0,0,0
1703030400000,0.10201,0.10201,0.10201,0.10201,0,0,0,0
1703116800000,0.10201,0.10201,0.10201,0.10201,0,0,0,0
1703203200000,0.10201,0.10201,0.10201,0.10201,0,0,0,0
1703289600000,0.10201,0.10201,0.10201,0.10201,0,0,0,0
1703376000000,0.10201,0.10201,0.10201,0.10201,0,0,0,0
1703462400000,0.10201,0.10201,0.10201,0.10201,0,0,0,0
1703548800000,0.10201,0.10201,0.10201,0.10201,0,0,0,0
1703635200000,0.10201,0.10201,0.10201,0.10201,0,0,0,0
1703721600000,0.10201,0.10201,0.10201,0.10201,0,0,0,0
1703808000000,0.10201,0.10201,0.10201,0.10201,0,0,0,0
1703894400000,0.10201,0.10201,0.10201,0.10201,0,0,0,0
1703980800000,0.10201,0.10201,0.10201,0.10201,0,0,0,0
1704067200000,0.10201,0.10201,0.10201,0.10201,0,0,0,0
1704153600000,0.10201,0.10201,0.10201,0.10201,0,0,0,0
1704240000000,0.10201,0.10201,0.10201,0.10201,0,0,0,0
1704326400000,0.10201,0.10201,0.10201,0.10201,0,0,0,0
1704412800000,0.10201,0.10201,0.10201,0.10201,0,0,0,0
1704499200000,0.10201,0.10201,0.10201,0.10201,0,0,0,0
1704585600000,0.10201,0.10201,0.10201,0.10201,0,0,0,0
1704672000000,0.10201,0.10201,0.10201,0.10201,0,0,0,0
1704758400000,0.10201,0.10201,0.10201,0.10201,0,0,0,0
1704844800000,0.10201,0.10201,0.10201,0.10201,0,0,0,0
1704931200000,0.10201,0.10201,0.10201,0.10201,0,0,0,0
1705017600000,0.10201,0.10201,0.10201,0.10201,0,0,0,0
1705104000000,0.10201,0.10201,0.10201,0.10201,0,0,0,0
1705190400000,0.10201,0.10201,0.10201,0.10201,0,0,0,0
1705276800000,0.10201,0.10201,0.10201,0.10201,0,0,0,0
1705363200000,0.10201,0.10201,0.10201,0.10201,0,0,0,0
1705449600000,0.10201,0.10201,0.10201,0.10201,0,0,0,0
1705536000000,0.10201,0.10201,0.10201,0.10201,0,0,0,0
1705622400000,0.10201,0.10201,0.10201,0.10201,0,0,0,0
1705708800000,0.10201,0.10201,0.10201,0.10201,0,0,0,0
1705795200000,0.10201,0.10201,0.10201,0.10201,0,0,0,0
1705881600000,0.10201,0.10201,0.10201,0.10201,0,0,0,0
1705968000000,0.10201,0.10201,0.10201,0.10201,0,0,0,0
1706054400000,0.10201,0.10201,0.10201,0.10201,0,0,0,0
1706140800000,0.10201,0.10201,0.10201,0.10201,0,0,0,0
1706227200000,0.10201,0.10201,0.10201,0.10201,0,0,0,0
1706313600000,0.10201,0.10201,0.10201,0.10201,0,0,0,0
1706400000000,0.10201,0.10201,0.10201,0.10201,0,0,0,0
1706486400000,0.10201,0.10201,0.10201,0.10201,0,0,0,0
1706572800000,0.10201,0.10201,0.10201,0.10201,0,0,0,0
1706659200000,0.10201,0.10201,0.10201,0.10201,0,0,0,0
1706745600000,0.10201,0.10201,0.10201,0.10201,0,0,0,0
1706832000000,0.10201,0.10201,0.10201,0.10201,0,0,0,0
1706918400000,0.10201,0.10201,0.10201,0.10201,0,0,0,0
1707004800000,0.10201,0.10201,0.10201,0.10201,0,0,0,0
1707091200000,0.10201,0.10201,0.10201,0.10201,0,0,0,0
1707177600000,0.10201,0.10201,0.10201,0.10201,0,0,0,0
1707264000000,0.10201,0.10201,0.10201,0.10201,0,0,0,0
1707350400000,0.10201,0.10201,0.10201,0.10201,0,0,0,0
1707436800000,0.10201,0.10201,0.10201,0.10201,0,0,0,0
1707523200000,0.10201,0.10201,0.10201,0.10201,0,0,0,0
1707609600000,0.10201,0.10201,0.10201,0.10201,0,0,0,0
1707696000000,0.10201,0.10201,0.10201,0.10201,0,0,0,0
1707782400000,0.10201,0.10201,0.10201,0.10201,0,0,0,0
1707868800000,0.10201,0.10201,0.10201,0.10201,0,0,0,0
1707955200000,0.10201,0.10201,0.10201,0.10201,0,0,0,0
1708041600000,0.10201,0.10201,0.10201,0.10201,0,0,0,0
1708128000000,0.10201,0.10201,0.10201,0.10201,0,0,0,0
1708214400000,0.10201,0.10201,0.10201,0.10201,0,0,0,0
1708300800000,0.10201,0.10201,0.10201,0.10201,0,0,0,0
1708387200000,0.10201,0.10201,0.10201,0.10201,0,0,0,0
1708473600000,0.10201,0.10201,0.10201,0.10201,0,0,0,0
1708560000000,0.10201,0.10201,0.10201,0.10201,0,0,0,0
1708646400000,0.10201,0.10201,0.10201,0.10201,0,0,0,0
1708732800000,0.10201,0.10201,0.10201,0.10201,0,0,0,0
1708819200000,0.10201,0.10201,0.10201,0.10201,0,0,0,0
1708905600000,0.10201,0.10201,0.10201,0.10201,0,0,0,0
1708992000000,0.10201,0.10201,0.10201,0.10201,0,0,0,0
1709078400000,0.10201,0.10201,0.10201,0.10201,0,0,0,0
1709164800000,0.10201,0.10201,0.10201,0.10201,0,0,0,0
1709251200000,0.10201,0.10201,0.10201,0.10201,0,0,0,0
1709337600000,0.10201,0.10201,0.10201,0.10201,0,0,0,0
1709424000000,0.10201,0.10201,0.10201,0.10201,0,0,0,0
1709510400000,0.10201,0.10201,0.10201,0.10201,0,0,0,0
1709596800000,0.10201,0.10201,0.10201,0.10201,0,0,0,0
1709683200000,0.10201,0.10201,0.10201,0.10201,0,0,0,0
1709769600000,0.10201,0.10201,0.10201,0.10201,0,0,0,0
1709856000000,0.10201,0.10201,0.10201,0.10201,0,0,0,0
1709942400000,0.10201,0.10201,0.10201,0.10201,0,0,0,0
1710028800000,0.10201,0.10201,0.10201,0.10201,0,0,0,0
1710115200000,0.10201,0.10201,0.10201,0.10201,0,0,0,0
1710201600000,0.10201,0.10201,0.10201,0.10201,0,0,0,0
1710288000000,0.10201,0.10201,0.10201,0.10201,0,0,0,0
1710374400000,0.10201,0.10201,0.10201,0.10201,0,0,0,0
1710460800000,0.10201,0.10201,0.10201,0.10201,0,0,0,0
1710547200000,0.10201,0.10201,0.10201,0.10201,0,0,0,0
1710633600000,0.10201,0.10201,0.10201,0.10201,0,0,0,0
1710720000000,0.10201,0.10201,0.10201,0.10201,0,0,0,0
1710806400000,0.10201,0.10201,0.10201,0.10201,0,0,0,0
1710892800000,0.10201,0.10201,0.10201,0.10201,0,0,0,0
1710979200000,0.10201,0.10201,0.10201,0.10201,0,0,0,0
1711065600000,0.10201,0.10201,0.10201,0.10201,0,0,0,0
1711152000000,0.10201,0.10201,0.10201,0.10201,0,0,0,0
1711238400000,0.10201,0.10201,0.10201,0.10201,0,0,0,0
1711324800000,0.10201,0.10201,0.10201,0.10201,0,0,0,0
1711411200000,0.10201,0.10201,0.10201,0.10201,0,0,0,0
1711497600000,0.10201,0.10201,0.10201,0.10201,0,0,0,0
1711584000000,0.10201,0.10201,0.10201,0.10201,0,0,0,0
1711670400000,0.10201,0.10201,0.10201,0.10201,0,0,0,0
1711756800000,0.10201,0.10201,0.10201,0.10201,0,0,0,0
1711843200000,0.10201,0.10201,0.10201,0.10201,0,0,0,0
1711929600000,0.10201,0.10201,0.10201,0.10201,0,0,0,0
1712016000000,0.10201,0.10201,0.10201,0.10201,0,0,0,0
1712102400000,0.10201,0.10201,0.10201,0.10201,0,0,0,0
1712188800000,0.10201,0.10201,0.10201,0.10201,0,0,0,0
1712275200000,0.10201,0.10201,0.10201,0.10201,0,0,0,0
1712361600000,0.10201,0.10201,0.10201,0.10201,0,0,0,0
1712448000000,0.10201,0.10201,0.10201,0.10201,0,0,0,0
1712534400000,0.10201,0.10201,0.10201,0.10201,0,0,0,0
1712620800000,0.10201,0.10201,0.10201,0.10201,0,0,0,0
1712707200000,0.10201,0.10201,0.10201,0.10201,0,0,0,0
1712793600000,0.10201,0.10201,0.10201,0.10201,0,0,0,0
1712880000000,0.10201,0.10201,0.10201,0.10201,0,0,0,0
1712966400000,0.10201,0.10201,0.10201,0.10201,0,0,0,0
1713052800000,0.10201,0.10201,0.10201,0.10201,0,0,0,0
1713139200000,0.10201,0.10201,0.10201,0.10201,0,0,0,0
1713225600000,0.10201,0.10201,0.10201,0.10201,0,0,0,0
1713312000000,0.10201,0.10201,0.10201,0.10201,0,0,0,0
1713398400000,0.10201,0.10201,0.10201,0.10201,0,0,0,0
1713484800000,0.10201,0.10201,0.10201,0.10201,0,0,0,0
1713571200000,0.10201,0.10201,0.10201,0.10201,0,0,0,0
1713657600000,0.10201,0.10201,0.10201,0.10201,0,0,0,0
1713744000000,0.10201,0.10201,0.10201,0.10201,0,0,0,0
1713830400000,0.10201,0.10201,0.10201,0.10201,0,0,0,0
1713916800000,0.10201,0.10201,0.10201,0.10201,0,0,0,0
1714003200000,0.10201,0.10201,0.10201,0.10201,0,0,0,0
1714089600000,0.10201,0.10201,0.10201,0.10201,0,0,0,0
1714176000000,0.10201,0.10201,0.10201,0.10201,0,0,0,0
1714262400000,0.10201,0.10201,0.10201,0.10201,0,0,0,0
1714348800000,0.10201,0.10201,0.10201,0.10201,0,0,0,0
1714435200000,0.10201,0.10201,0.10201,0.10201,0,0,0,0
1714521600000,0.10201,0.10201,0.10201,0.10201,0,0,0,0
1714608000000,0.10201,0.10201,0.10201,0.10201,0,0,0,0
1714694400000,0.10201,0.10201,0.10201,0.10201,0,0,0,0
1714780800000,0.10201,0.10201,0.10201,0.10201,0,0,0,0
1714867200000,0.10201,0.10201,0.10201,0.10201,0,0,0,0
1714953600000,0.10201,0.10201,0.10201,0.10201,0,0,0,0
1715040000000,0.10201,0.10201,0.10201,0.10201,0,0,0,0
1715126400000,0.10201,0.10201,0.10201,0.10201,0,0,0,0
1715212800000,0.10201,0.10201,0.10201,0.10201,0,0,0,0
1715299200000,0.10201,0.10201,0.10201,0.10201,0,0,0,0
1715385600000,0.10201,0.10201,0.10201,0.10201,0,0,0,0
1715472000000,0.10201,0.10201,0.10201,0.10201,0,0,0,0
1715558400000,0.10201,0.10201,0.10201,0.10201,0,0,0,0
1715644800000,0.10201,0.10201,0.10201,0.10201,0,0,0,0
1715731200000,0.10201,0.10201,0.10201,0.10201,0,0,0,0
1715817600000,0.10201,0.10201,0.10201,0.10201,0,0,0,0
1715904000000,0.10201,0.10201,0.10201,0.10201,0,0,0,0
1715990400000,0.10201,0.10201,0.10201,0.10201,0,0,0,0
1716076800000,0.10201,0.10201,0.10201,0.10201,0,0,0,0
1716163200000,0.10201,0.10201,0.10201,0.10201,0,0,0,0
1716249600000,0.10201,0.10201,0.10201,0.10201,0,0,0,0
1716336000000,0.10201,0.10201,0.10201,0.10201,0,0,0,0
1716422400000,0.10201,0.10201,0.10201,0.10201,0,0,0,0
1716508800000,0.10201,0.10201,0.10201,0.10201,0,0,0,0
1716595200000,0.10201,0.10201,0.10201,0.10201,0,0,0,0
1716681600000,0.10201,0.10201,0.10201,0.10201,0,0,0,0
1716768000000,0.10201,0.10201,0.10201,0.10201,0,0,0,0
1716854400000,0.10201,0.10201,0.10201,0.10201,0,0,0,0
1716940800000,0.10201,0.10201,0.10201,0.10201,0,0,0,0
1717027200000,0.10201,0.10201,0.10201,0.10201,0,0,0,0
1717113600000,0.10201,0.10201,0.10201,0.10201,0,0,0,0
1717200000000,0.10201,0.10201,0.10201,0.10201,0,0,0,0
1717286400000,0.10201,0.10201,0.10201,0.10201,0,0,0,0
1717372800000,0.10201,0.10201,0.10201,0.10201,0,0,0,0
1717459200000,0.10201,0.10201,0.10201,0.10201,0,0,0,0
1717545600000,0.10201,0.10201,0.10201,0.10201,0,0,0,0
1717632000000,0.10201,0.10201,0.10201,0.10201,0,0,0,0
1717718400000,0.10201,0.10201,0.10201,0.10201,0,0,0,0
1717804800000,0.10201,0.10201,0.10201,0.10201,0,0,0,0
1717891200000,0.10201,0.10201,0.10201,0.10201,0,0,0,0
1717977600000,0.10201,0.10201,0.10201,0.10201,0,0,0,0
1718064000000,0.10201,0.10201,0.10201,0.10201,0,0,0,0
1718150400000,0.10201,0.10201,0.10201,0.10201,0,0,0,0
1718236800000,0.10201,0.10201,0.10201,0.10201,0,0,0,0
1718323200000,0.10201,0.10201,0.10201,0.10201,0,0,0,0
1718409600000,0.10201,0.10201,0.10201,0.10201,0,0,0,0
1718496000000,0.10201,0.10201,0.10201,0.10201,0,0,0,0
1718582400000,0.10201,0.10201,0.10201,0.10201,0,0,0,0
1718668800000,0.10201,0.10201,0.10201,0.10201,0,0,0,0
1718755200000,0.10201,0.10201,0.10201,0.10201,0,0,0,0
1718841600000,0.10201,0.10201,0.10201,0.10201,0,0,0,0
1718928000000,0.10201,0.10201,0.10201,0.10201,0,0,0,0
1719014400000,0.10201,0.10201,0.10201,0.10201,0,0,0,0
1719100800000,0.10201,0.10201,0.10201,0.10201,0,0,0,0
1719187200000,0.10201,0.10201,0.10201,0.10201,0,0,0,0
1719273600000,0.10201,0.10201,0.10201,0.10201,0,0,0,0
1719360000000,0.10201,0.10201,0.10201,0.10201,0,0,0,0
1719446400000,0.10201,0.10201,0.10201,0.10201,0,0,0,0
1719532800000,0.10201,0.10201,0.10201,0.10201,0,0,0,0
1719619200000,0.10201,0.10201,0.10201,0.10201,0,0,0,0
1719705600000,0.10201,0.10201,0.10201,0.10201,0,0,0,0
1719792000000,0.10201,0.10201,0.10201,0.10201,0,0,0,0
1719878400000,0.10201,0.10201,0.10201,0.10201,0,0,0,0
1719964800000,0.10201,0.10201,0.10201,0.10201,0,0,0,0
1720051200000,0.10201,0.10201,0.10201,0.10201,0,0,0,0
1720137600000,0.10201,0.10201,0.10201,0.10201,0,0,0,0
1720224000000,0.10201,0.10201,0.10201,0.10201,0,0,0,0
1720310400000,0.10201,0.10201,0.10201,0.10201,0,0,0,0
1720396800000,0.10201,0.10201,0.10201,0.10201,0,0,0,0
1720483200000,0.10201,0.10201,0.10201,0.10201,0,0,0,0
1720569600000,0.10201,0.10201,0.10201,0.10201,0,0,0,0
1720656000000,0.10201,0.10201,0.10201,0.10201,0,0,0,0
1720742400000,0.10201,0.10201,0.10201,0.10201,0,0,0,0
1720828800000,0.10201,0.10201,0.10201,0.10201,0,0,0,0
1720915200000,0.10201,0.10201,0.10201,0.10201,0,0,0,0
1721001600000,0.10201,0.10201,0.10201,0.10201,0,0,0,0
1721088000000,0.10201,0.10201,0.10201,0.10201,0,0,0,0
1721174400000,0.10201,0.10201,0.10201,0.10201,0,0,0,0
1721260800000,0.10201,0.10201,0.10201,0.10201,0,0,0,0
1721347200000,0.10201,0.10201,0.10201,0.10201,0,0,0,0
1721433600000,0.10201,0.10201,0.10201,0.10201,0,0,0,0
1721520000000,0.10201,0.10201,0.10201,0.10201,0,0,0,0
1721606400000,0.10201,0.10201,0.10201,0.10201,0,0,0,0
1721692800000,0.10201,0.10201,0.10201,0.10201,0,0,0,0
1721779200000,0.10201,0.10201,0.10201,0.10201,0,0,0,0
1721865600000,0.10201,0.10201,0.10201,0.10201,0,0,0,0
1721952000000,0.10201,0.10201,0.10201,0.10201,0,0,0,0
1722038400000,0.10201,0.10201,0.10201,0.10201,0,0,0,0
1722124800000,0.10201,0.10201,0.10201,0.10201,0,0,0,0
1722211200000,0.10201,0.10201,0.10201,0.10201,0,0,0,0
1722297600000,0.10201,0.10201,0.10201,0.10201,0,0,0,0
1722384000000,0.10201,0.10201,0.10201,0.10201,0,0,0,0
1722470400000,0.10201,0.10201,0.10201,0.10201,0,0,0,0
1722556800000,0.10201,0.10201,0.10201,0.10201,0,0,0,0
1722643200000,0.10201,0.10201,0.10201,0.10201,0,0,0,0
1722729600000,0.10201,0.10201,0.10201,0.10201,0,0,0,0
1722816000000,0.10201,0.10201,0.10201,0.10201,0,0,0,0
1722902400000,0.10201,0.10201,0.10201,0.10201,0,0,0,0
1722988800000,0.10201,0.10201,0.10201,0.10201,0,0,0,0
1723075200000,0.10201,0.10201,0.10201,0.10201,0,0,0,0
1723161600000,0.10201,0.10201,0.10201,0.10201,0,0,0,0
1723248000000,0.10201,0.10201,0.10201,0.10201,0,0,0,0
1723334400000,0.10201,0.10201,0.10201,0.10201,0,0,0,0
1723420800000,0.10201,0.10201,0.10201,0.10201,0,0,0,0
1723507200000,0.10201,0.10201,0.10201,0.10201,0,0,0,0
1723593600000,0.10201,0.10201,0.10201,0.10201,0,0,0,0
1723680000000,0.10201,0.10201,0.10201,0.10201,0,0,0,0
1723766400000,0.10201,0.10201,0.10201,0.10201,0,0,0,0
1723852800000,0.10201,0.10201,0.10201,0.10201,0,0,0,0
1723939200000,0.10201,0.10201,0.10201,0.10201,0,0,0,0
1724025600000,0.10201,0.10201,0.10201,0.10201,0,0,0,0
1724112000000,0.10201,0.10201,0.10201,0.10201,0,0,0,0
1724198400000,0.10201,0.10201,0.10201,0.10201,0,0,0,0
1724284800000,0.10201,0.10201,0.10201,0.10201,0,0,0,0
1724371200000,0.10201,0.10201,0.10201,0.10201,0,0,0,0
1724457600000,0.10201,0.10201,0.10201,0.10201,0,0,0,0
1724544000000,0.10201,0.10201,0.10201,0.10201,0,0,0,0
1724630400000,0.10201,0.10201,0.10201,0.10201,0,0,0,0
1724716800000,0.10201,0.10201,0.10201,0.10201,0,0,0,0
1724803200000,0.10201,0.10201,0.10201,0.10201,0,0,0,0
1724889600000,0.10201,0.10201,0.10201,0.10201,0,0,0,0
1724976000000,0.10201,0.10201,0.10201,0.10201,0,0,0,0
1725062400000,0.10201,0.10201,0.10201,0.10201,0,0,0,0
1725148800000,0.10201,0.10201,0.10201,0.10201,0,0,0,0
1725235200000,0.10201,0.10201,0.10201,0.10201,0,0,0,0
1725321600000,0.10201,0.10201,0.10201,0.10201,0,0,0,0
1725408000000,0.10201,0.10201,0.10201,0.10201,0,0,0,0
1725494400000,0.10201,0.10201,0.10201,0.10201,0,0,0,0
1725580800000,0.10201,0.10201,0.10201,0.10201,0,0,0,0
1725667200000,0.10201,0.10201,0.10201,0.10201,0,0,0,0
1725753600000,0.10201,0.10201,0.10201,0.10201,0,0,0,0
1725840000000,0.10201,0.10201,0.10201,0.10201,0,0,0,0
1725926400000,0.10201,0.10201,0.10201,0.10201,0,0,0,0
1726012800000,0.10201,0.10201,0.10201,0.10201,0,0,0,0
1726099200000,0.10201,0.10201,0.10201,0.10201,0,0,0,0
1726185600000,0.10201,0.10201,0.10201,0.10201,0,0,0,0
1726272000000,0.10201,0.10201,0.10201,0.10201,0,0,0,0
1726358400000,0.10201,0.10201,0.10201,0.10201,0,0,0,0
1726444800000,0.10201,0.10201,0.10201,0.10201,0,0,0,0
1726531200000,0.10201,0.10201,0.10201,0.10201,0,0,0,0
1726617600000,0.10201,0.10201,0.10201,0.10201,0,0,0,0
1726704000000,0.10201,0.10201,0.10201,0.10201,0,0,0,0
1726790400000,0.10201,0.10201,0.10201,0.10201,0,0,0,0
1726876800000,0.10201,0.10201,0.10201,0.10201,0,0,0,0
1726963200000,0.10201,0.10201,0.10201,0.10201,0,0,0,0
1727049600000,0.10201,0.10201,0.10201,0.10201,0,0,0,0
1727136000000,0.10201,0.10201,0.10201,0.10201,0,0,0,0
1727222400000,0.10201,0.10201,0.10201,0.10201,0,0,0,0
1727308800000,0.10201,0.10201,0.10201,0.10201,0,0,0,0
1727395200000,0.10201,0.10201,0.10201,0.10201,0,0,0,0
1727481600000,0.10201,0.10201,0.10201,0.10201,0,0,0,0
1727568000000,0.10201,0.10201,0.10201,0.10201,0,0,0,0
1727654400000,0.10201,0.10201,0.10201,0.10201,0,0,0,0
1727740800000,0.10201,0.10201,0.10201,0.10201,0,0,0,0
1727827200000,0.10201,0.10201,0.10201,0.10201,0,0,0,0
1727913600000,0.10201,0.10201,0.10201,0.10201,0,0,0,0
1728000000000,0.10201,0.10201,0.10201,0.10201,0,0,0,0
1728086400000,0.10201,0.10201,0.10201,0.10201,0,0,0,0
1728172800000,0.10201,0.10201,0.10201,0.10201,0,0,0,0
1728259200000,0.10201,0.10201,0.10201,0.10201,0,0,0,0
1728345600000,0.10201,0.10201,0.10201,0.10201,0,0,0,0
1728432000000,0.10201,0.10201,0.10201,0.10201,0,0,0,0
1728518400000,0.10201,0.10201,0.10201,0.10201,0,0,0,0
1728604800000,0.10201,0.10201,0.10201,0.10201,0,0,0,0
1728691200000,0.10201,0.10201,0.10201,0.10201,0,0,0,0
1728777600000,0.10201,0.10201,0.10201,0.10201,0,0,0,0
1728864000000,0.10201,0.10201,0.10201,0.10201,0,0,0,0
1728950400000,0.10201,0.10201,0.10201,0.10201,0,0,0,0
1729036800000,0.10201,0.10201,0.10201,0.10201,0,0,0,0
1729123200000,0.10201,0.10201,0.10201,0.10201,0,0,0,0
1729209600000,0.10201,0.10201,0.10201,0.10201,0,0,0,0
1729296000000,0.10201,0.10201,0.10201,0.10201,0,0,0,0
1729382400000,0.10201,0.10201,0.10201,0.10201,0,0,0,0
1729468800000,0.10201,0.10201,0.10201,0.10201,0,0,0,0
1729555200000,0.10201,0.10201,0.10201,0.10201,0,0,0,0
1729641600000,0.10201,0.10201,0.10201,0.10201,0,0,0,0
1729728000000,0.10201,0.10201,0.10201,0.10201,0,0,0,0
1729814400000,0.10201,0.10201,0.10201,0.10201,0,0,0,0
1729900800000,0.10201,0.10201,0.10201,0.10201,0,0,0,0
1729987200000,0.10201,0.10201,0.10201,0.10201,0,0,0,0
1730073600000,0.10201,0.10201,0.10201,0.10201,0,0,0,0
1730160000000,0.10201,0.10201,0.10201,0.10201,0,0,0,0
1730246400000,0.10201,0.10201,0.10201,0.10201,0,0,0,0
1730332800000,0.10201,0.10201,0.10201,0.10201,0,0,0,0
1730419200000,0.10201,0.10201,0.10201,0.10201,0,0,0,0
1730505600000,0.10201,0.10201,0.10201,0.10201,0,0,0,0
1730592000000,0.10201,0.10201,0.10201,0.10201,0,0,0,0
1730678400000,0.10201,0.10201,0.10201,0.10201,0,0,0,0
1730764800000,0.10201,0.10201,0.10201,0.10201,0,0,0,0
1730851200000,0.10201,0.10201,0.10201,0.10201,0,0,0,0
1730937600000,0.10201,0.10201,0.10201,0.10201,0,0,0,0
1731024000000,0.10201,0.10201,0.10201,0.10201,0,0,0,0
1731110400000,0.10201,0.10201,0.10201,0.10201,0,0,0,0
1731196800000,0.10201,0.10201,0.10201,0.10201,0,0,0,0
1731283200000,0.10201,0.10201,0.10201,0.10201,0,0,0,0
1731369600000,0.10201,0.10201,0.10201,0.10201,0,0,0,0
1731456000000,0.10201,0.10201,0.10201,0.10201,0,0,0,0
1731542400000,0.10201,0.10201,0.10201,0.10201,0,0,0,0
1731628800000,0.10201,0.10201,0.10201,0.10201,0,0,0,0
1731715200000,0.10201,0.10201,0.10201,0.10201,0,0,0,0
1731801600000,0.10201,0.10201,0.10201,0.10201,0,0,0,0
1731888000000,0.10201,0.10201,0.10201,0.10201,0,0,0,0
1731974400000,0.10201,0.10201,0.10201,0.10201,0,0,0,0
1732060800000,0.10201,0.10201,0.10201,0.10201,0,0,0,0
1732147200000,0.10201,0.10201,0.10201,0.10201,0,0,0,0
1732233600000,0.10201,0.10201,0.10201,0.10201,0,0,0,0
1732320000000,0.10201,0.10201,0.10201,0.10201,0,0,0,0
1732406400000,0.10201,0.10201,0.10201,0.10201,0,0,0,0
1732492800000,0.10201,0.10201,0.10201,0.10201,0,0,0,0
1732579200000,0.10201,0.10201,0.10201,0.10201,0,0,0,0
1732665600000,0.10201,0.10201,0.10201,0.10201,0,0,0,0
1732752000000,0.10201,0.10201,0.10201,0.10201,0,0,0,0
1732838400000,0.10201,0.10201,0.10201,0.10201,0,0,0,0
1732924800000,0.10201,0.10201,0.10201,0.10201,0,0,0,0
1733011200000,0.10201,0.10201,0.10201,0.10201,0,0,0,0
1733097600000,0.10201,0.10201,0.10201,0.10201,0,0,0,0
1733184000000,0.10201,0.10201,0.10201,0.10201,0,0,0,0
1733270400000,0.10201,0.10201,0.10201,0.10201,0,0,0,0
1733356800000,0.10201,0.10201,0.10201,0.10201,0,0,0,0
1733443200000,0.10201,0.10201,0.10201,0.10201,0,0,0,0
1733529600000,0.10201,0.10201,0.10201,0.10201,0,0,0,0
1733616000000,0.10201,0.10201,0.10201,0.10201,0,0,0,0
1733702400000,0.10201,0.10201,0.10201,0.10201,0,0,0,0
1733788800000,0.10201,0.10201,0.10201,0.10201,0,0,0,0
1733875200000,0.10201,0.10201,0.10201,0.10201,0,0,0,0
1733961600000,0.10201,0.10201,0.10201,0.10201,0,0,0,0
1734048000000,0.10201,0.10201,0.10201,0.10201,0,0,0,0
1734134400000,0.10201,0.10201,0.10201,0.10201,0,0,0,0
1734220800000,0.10201,0.10201,0.10201,0.10201,0,0,0,0
1734307200000,0.10201,0.10201,0.10201,0.10201,0,0,0,0
1734393600000,0.10201,0.10201,0.10201,0.10201,0,0,0,0
1734480000000,0.10201,0.10201,0.10201,0.10201,0,0,0,0
1734566400000,0.10201,0.10201,0.10201,0.10201,0,0,0,0
1734652800000,0.10201,0.10201,0.10201,0.10201,0,0,0,0
1734739200000,0.10201,0.10201,0.10201,0.10201,0,0,0,0
1734825600000,0.10201,0.10201,0.10201,0.10201,0,0,0,0
1734912000000,0.10201,0.10201,0.10201,0.10201,0,0,0,0
1734998400000,0.10201,0.10201,0.10201,0.10201,0,0,0,0
1735084800000,0.10201,0.10201,0.10201,0.10201,0,0,0,0
1735171200000,0.10201,0.10201,0.10201,0.10201,0,0,0,0
1735257600000,0.10201,0.10201,0.10201,0.10201,0,0,0,0
1735344000000,0.10201,0.10201,0.10201,0.10201,0,0,0,0
1735430400000,0.10201,0.10201,0.10201,0.10201,0,0,0,0
1735516800000,0.10201,0.10201,0.10201,0.10201,0,0,0,0
1735603200000,0.10201,0.10201,0.10201,0.10201,0,0,0,0
1735689600000,0.10201,0.10201,0.10201,0.10201,0,0,0,0
1735776000000,0.10201,0.10201,0.10201,0.10201,0,0,0,0
1735862400000,0.10201,0.10201,0.10201,0.10201,0,0,0,0
1735948800000,0.10201,0.10201,0.10201,0.10201,0,0,0,0
1736035200000,0.10201,0.10201,0.10201,0.10201,0,0,0,0
1736121600000,0.10201,0.10201,0.10201,0.10201,0,0,0,0
1736208000000,0.10201,0.10201,0.10201,0.10201,0,0,0,0
1736294400000,0.10201,0.10201,0.10201,0.10201,0,0,0,0
1736380800000,0.10201,0.10201,0.10201,0.10201,0,0,0,0
1736467200000,0.10201,0.10201,0.10201,0.10201,0,0,0,0
1736553600000,0.10201,0.10201,0.10201,0.10201,0,0,0,0
1736640000000,0.10201,0.10201,0.10201,0.10201,0,0,0,0
1736726400000,0.10201,0.10201,0.10201,0.10201,0,0,0,0
1736812800000,0.10201,0.10201,0.10201,0.10201,0,0,0,0
1736899200000,0.10201,0.10201,0.10201,0.10201,0,0,0,0
1736985600000,0.10201,0.10201,0.10201,0.10201,0,0,0,0
1737072000000,0.10201,0.10201,0.10201,0.10201,0,0,0,0
1737158400000,0.10201,0.10201,0.10201,0.10201,0,0,0,0
1737244800000,0.10201,0.10201,0.10201,0.10201,0,0,0,0
1737331200000,0.10201,0.10201,0.10201,0.10201,0,0,0,0
1737417600000,0.10201,0.10201,0.10201,0.10201,0,0,0,0
1737504000000,0.10201,0.10201,0.10201,0.10201,0,0,0,0
1737590400000,0.10201,0.10201,0.10201,0.10201,0,0,0,0
1737676800000,0.10201,0.10201,0.10201,0.10201,0,0,0,0
1737763200000,0.10201,0.10201,0.10201,0.10201,0,0,0,0
1737849600000,0.10201,0.10201,0.10201,0.10201,0,0,0,0
1737936000000,0.10201,0.10201,0.10201,0.10201,0,0,0,0
1738022400000,0.10201,0.10201,0.10201,0.10201,0,0,0,0
1738108800000,0.10201,0.10201,0.10201,0.10201,0,0,0,0
1738195200000,0.10201,0.10201,0.10201,0.10201,0,0,0,0
1738281600000,0.10201,0.10201,0.10201,0.10201,0,0,0,0
1738368000000,0.10201,0.10201,0.10201,0.10201,0,0,0,0
1738454400000,0.10201,0.10201,0.10201,0.10201,0,0,0,0
1738540800000,0.10201,0.10201,0.10201,0.10201,0,0,0,0
1738627200000,0.10201,0.10201,0.10201,0.10201,0,0,0,0
1738713600000,0.10201,0.10201,0.10201,0.10201,0,0,0,0
1738800000000,0.10201,0.10201,0.10201,0.10201,0,0,0,0
1738886400000,0.10201,0.10201,0.10201,0.10201,0,0,0,0
1738972800000,0.10201,0.10201,0.10201,0.10201,0,0,0,0
1739059200000,0.10201,0.10201,0.10201,0.10201,0,0,0,0
1739145600000,0.10201,0.10201,0.10201,0.10201,0,0,0,0
1739232000000,0.10201,0.10201,0.10201,0.10201,0,0,0,0
1739318400000,0.10201,0.10201,0.10201,0.10201,0,0,0,0
1739404800000,0.10201,0.10201,0.10201,0.10201,0,0,0,0
1739491200000,0.10201,0.10201,0.10201,0.10201,0,0,0,0
1739577600000,0.10201,0.10201,0.10201,0.10201,0,0,0,0
1739664000000,0.10201,0.10201,0.10201,0.10201,0,0,0,0
1739750400000,0.10201,0.10201,0.10201,0.10201,0,0,0,0
1739836800000,0.10201,0.10201,0.10201,0.10201,0,0,0,0
1739923200000,0.10201,0.10201,0.10201,0.10201,0,0,0,0
1740009600000,0.10201,0.10201,0.10201,0.10201,0,0,0,0
1740096000000,0.10201,0.10201,0.10201,0.10201,0,0,0,0
1740182400000,0.10201,0.10201,0.10201,0.10201,0,0,0,0
1740268800000,0.10201,0.10201,0.10201,0.10201,0,0,0,0
1740355200000,0.10201,0.10201,0.10201,0.10201,0,0,0,0
1740441600000,0.10201,0.10201,0.10201,0.10201,0,0,0,0
1740528000000,0.10201,0.10201,0.10201,0.10201,0,0,0,0
1740614400000,0.10201,0.10201,0.10201,0.10201,0,0,0,0
1740700800000,0.10201,0.10201,0.10201,0.10201,0,0,0,0
1740787200000,0.10201,0.10201,0.10201,0.10201,0,0,0,0
1740873600000,0.10201,0.10201,0.10201,0.10201,0,0,0,0
1740960000000,0.10201,0.10201,0.10201,0.10201,0,0,0,0
1741046400000,0.10201,0.10201,0.10201,0.10201,0,0,0,0
1741132800000,0.10201,0.10201,0.10201,0.10201,0,0,0,0
1741219200000,0.10201,0.10201,0.10201,0.10201,0,0,0,0
1741305600000,0.10201,0.10201,0.10201,0.10201,0,0,0,0
1741392000000,0.10201,0.10201,0.10201,0.10201,0,0,0,0
1741478400000,0.10201,0.10201,0.10201,0.10201,0,0,0,0
1741564800000,0.10201,0.10201,0.10201,0.10201,0,0,0,0
1741651200000,0.10201,0.10201,0.10201,0.10201,0,0,0,0
1741737600000,0.10201,0.10201,0.10201,0.10201,0,0,0,0
1741824000000,0.10201,0.10201,0.10201,0.10201,0,0,0,0
1741910400000,0.10201,0.10201,0.10201,0.10201,0,0,0,0
1741996800000,0.10201,0.10201,0.10201,0.10201,0,0,0,0
1742083200000,0.10201,0.10201,0.10201,0.10201,0,0,0,0
1742169600000,0.10201,0.10201,0.10201,0.10201,0,0,0,0
1742256000000,0.10201,0.10201,0.10201,0.10201,0,0,0,0
1742342400000,0.10201,0.10201,0.10201,0.10201,0,0,0,0
1742428800000,0.10201,0.10201,0.10201,0.10201,0,0,0,0
1742515200000,0.10201,0.10201,0.10201,0.10201,0,0,0,0
1742601600000,0.10201,0.10201,0.10201,0.10201,0,0,0,0
1742688000000,0.10201,0.10201,0.10201,0.10201,0,0,0,0
1742774400000,0.10201,0.10201,0.10201,0.10201,0,0,0,0
1742860800000,0.10201,0.10201,0.10201,0.10201,0,0,0,0
1742947200000,0.10201,0.10201,0.10201,0.10201,0,0,0,0
1743033600000,0.10201,0.10201,0.10201,0.10201,0,0,0,0
1743120000000,0.10201,0.10201,0.10201,0.10201,0,0,0,0
1743206400000,0.10201,0.10201,0.10201,0.10201,0,0,0,0
1743292800000,0.10201,0.10201,0.10201,0.10201,0,0,0,0
1743379200000,0.10201,0.10201,0.10201,0.10201,0,0,0,0
1743465600000,0.10201,0.10201,0.10201,0.10201,0,0,0,0
1743552000000,0.10201,0.10201,0.10201,0.10201,0,0,0,0
1743638400000,0.10201,0.10201,0.10201,0.10201,0,0,0,0
1743724800000,0.10201,0.10201,0.10201,0.10201,0,0,0,0
1743811200000,0.10201,0.10201,0.10201,0.10201,0,0,0,0
1743897600000,0.10201,0.10201,0.10201,0.10201,0,0,0,0
1743984000000,0.10201,0.10201,0.10201,0.10201,0,0,0,0
1744070400000,0.10201,0.10201,0.10201,0.10201,0,0,0,0
1744156800000,0.10201,0.10201,0.10201,0.10201,0,0,0,0
1744243200000,0.10201,0.10201,0.10201,0.10201,0,0,0,0
1744329600000,0.10201,0.10201,0.10201,0.10201,0,0,0,0
1744416000000,0.10201,0.10201,0.10201,0.10201,0,0,0,0
1744502400000,0.10201,0.10201,0.10201,0.10201,0,0,0,0
1744588800000,0.10201,0.10201,0.10201,0.10201,0,0,0,0
1744675200000,0.10201,0.10201,0.10201,0.10201,0,0,0,0
1744761600000,0.10201,0.10201,0.10201,0.10201,0,0,0,0
1744848000000,0.10201,0.10201,0.10201,0.10201,0,0,0,0
1744934400000,0.10201,0.10201,0.10201,0.10201,0,0,0,0
1745020800000,0.10201,0.10201,0.10201,0.10201,0,0,0,0
1745107200000,0.10201,0.10201,0.10201,0.10201,0,0,0,0
1745193600000,0.10201,0.10201,0.10201,0.10201,0,0,0,0
1745280000000,0.10201,0.10201,0.10201,0.10201,0,0,0,0
1745366400000,0.10201,0.10201,0.10201,0.10201,0,0,0,0
1745452800000,0.10201,0.10201,0.10201,0.10201,0,0,0,0
1745539200000,0.10201,0.10201,0.10201,0.10201,0,0,0,0
1745625600000,0.10201,0.10201,0.10201,0.10201,0,0,0,0
1745712000000,0.10201,0.10201,0.10201,0.10201,0,0,0,0
1745798400000,0.10201,0.10201,0.10201,0.10201,0,0,0,0
1745884800000,0.10201,0.10201,0.10201,0.10201,0,0,0,0
1745971200000,0.10201,0.10201,0.10201,0.10201,0,0,0,0
1746057600000,0.10201,0.10201,0.10201,0.10201,0,0,0,0
1746144000000,0.10201,0.10201,0.10201,0.10201,0,0,0,0
1746230400000,0.10201,0.10201,0.10201,0.10201,0,0,0,0
1746316800000,0.10201,0.10201,0.10201,0.10201,0,0,0,0
1746403200000,0.10201,0.10201,0.10201,0.10201,0,0,0,0
1746489600000,0.10201,0.10201,0.10201,0.10201,0,0,0,0
1746576000000,0.10201,0.10201,0.10201,0.10201,0,0,0,0
1746662400000,0.10201,0.10201,0.10201,0.10201,0,0,0,0
1746748800000,0.10201,0.10201,0.10201,0.10201,0,0,0,0
1746835200000,0.10201,0.10201,0.10201,0.10201,0,0,0,0
1746921600000,0.10201,0.10201,0.10201,0.10201,0,0,0,0
1747008000000,0.10201,0.10201,0.10201,0.10201,0,0,0,0
1747094400000,0.10201,0.10201,0.10201,0.10201,0,0,0,0
1747180800000,0.10201,0.10201,0.10201,0.10201,0,0,0,0
1747267200000,0.10201,0.10201,0.10201,0.10201,0,0,0,0
1747353600000,0.1294100,0.1384100,0.1280000,0.1304800,208050621,27624644.5540200,329957,13466901.8684700
1747440000000,0.1304800,0.1337000,0.1161500,0.1187600,183707311,22214891.7698900,251247,10541057.9634100
1747526400000,0.1187600,0.1272800,0.1172800,0.1259400,196754848,24296262.4369900,326172,12150828.0779500
1747612800000,0.1259800,0.1293400,0.1160100,0.1287100,183486746,22671809.6080000,304161,11043894.5847600
1747699200000,0.1287000,0.1378800,0.1264400,0.1367700,186496128,24770141.5413700,348602,12682893.8032500
1747785600000,0.1367800,0.1507900,0.1323000,0.1494900,167237408,23793794.9943900,330580,12165220.8823600
1747872000000,0.1495100,0.1603400,0.1454000,0.1519700,163732358,24848782.2508400,322907,12622180.8258700
1747958400000,0.1519400,0.1576300,0.1448700,0.1482800,83427775,12695560.9623400,204971,6301630.1577800
1748044800000,0.1483000,0.1541600,0.1452600,0.1461200,44284048,6578412.5797400,120901,3492880.6436900
1748131200000,0.1461100,0.1599500,0.1371400,0.1418500,210192419,31111607.2745700,317697,15886032.7494000
1748217600000,0.1418800,0.1480000,0.1383800,0.1405600,59780067,8531213.6238300,109921,4342159.7104100
1748304000000,0.1405400,0.1434200,0.1352000,0.1419700,38761746,5408071.2380800,87859,2567025.6348100
1748390400000,0.1419600,0.1476900,0.1357200,0.1406000,52170599,7385285.3058800,93156,3703894.1485600
1748476800000,0.1406700,0.1428700,0.1350200,0.1356400,26389837,3674939.0340800,59448,1854110.9171800
1748563200000,0.1356500,0.1448200,0.1288700,0.1391300,104657939,14469093.8844600,139102,7333478.0968200
1748649600000,0.1391100,0.1474600,0.1210500,0.1237100,91691974,11759613.6150900,131213,5925409.0683200
1748736000000,0.1237200,0.1294900,0.1184400,0.1287000,44006644,5444752.1243500,72673,2850204.4632900
1748822400000,0.1287000,0.1369100,0.1276800,0.1342000,69623766,9186164.9220000,108383,4559979.8272700
1748908800000,0.1342200,0.1356400,0.1278600,0.1287800,33494669,4433514.8813400,53233,2068545.3323800
1748995200000,0.1287800,0.1306000,0.1223000,0.1236300,27724411,3513061.2963800,44024,1725316.5670500
1749081600000,0.1236300,0.1243600,0.1113600,0.1142000,35800179,4253472.2272700,54721,2021990.0062200
1749168000000,0.1142100,0.1177600,0.1099900,0.1128200,48583960,5536180.4149600,64500,2758768.5464600
1749254400000,0.1128300,0.1171000,0.1124600,0.1152600,19311767,2235476.4325300,32625,1142081.5052200
1749340800000,0.1152900,0.1152900,0.1105500,0.1120900,30705913,3457591.3383400,38935,1677551.6125300
1749427200000,0.1120900,0.1156100,0.1095400,0.1150500,46251308,5169622.3187600,49477,2601098.0698000
1749513600000,0.1150800,0.1161900,0.1042000,0.1073500,119403306,12925815.2729200,106865,6855144.0234200
1749600000000,0.1073500,0.1074900,0.1013800,0.1033100,77897214,8108857.8863800,77207,3919480.4367900
1749686400000,0.1033200,0.1060600,0.0977000,0.0985800,68952330,7048560.6498600,72239,3277258.7243100
1749772800000,0.0985900,0.0985900,0.0902100,0.0945700,117416980,10951212.6357400,90440,5263672.0550800
1749859200000,0.0946000,0.0960500,0.0911500,0.0935200,26380411,2485255.9910000,53066,1233104.2924500
1749945600000,0.0935100,0.0939800,0.0905700,0.0924900,26691387,2468995.2144900,27792,1189478.3270200
1750032000000,0.0925100,0.0946200,0.0909500,0.0911200,30132993,2808070.1600700,30030,1376434.1226800
1750118400000,0.0910900,0.0923200,0.0865200,0.0890300,28392436,2555779.7271100,30667,1217270.0655800
1750204800000,0.0890200,0.0902800,0.0860600,0.0894000,20863739,1846756.0032300,32775,934417.3600200
1750291200000,0.0894200,0.0902900,0.0880100,0.0899500,11071462,987022.7749900,23022,503109.9013400
1750377600000,0.0899400,0.0960000,0.0894900,0.0936800,85995807,8044104.9329700,125097,3917177.4997400
1750464000000,0.0936600,0.0972500,0.0840000,0.0863800,64525160,5974728.9462900,68485,2896096.9199400
1750550400000,0.0863800,0.0873900,0.0786700,0.0836900,60245736,4923261.5873400,72697,2449213.8933200
1750636800000,0.0836800,0.0913500,0.0836800,0.0902600,25984636,2235954.7591900,41474,1111654.5235400
1750723200000,0.0902900,0.0931500,0.0899100,0.0920200,16969271,1551985.7686600,31789,725889.7566500
1750809600000,0.0920400,0.0932700,0.0876000,0.0890400,16406533,1495020.9540400,34061,714578.6216300
1750896000000,0.0890400,0.0909700,0.0861800,0.0869000,12151198,1072201.7594300,31165,576514.5922300
1750982400000,0.0869400,0.0878200,0.0849700,0.0867200,10518212,907758.8825000,28027,458934.7572600
1751068800000,0.0867200,0.0891000,0.0856000,0.0886800,10010427,870007.8317600,25578,393804.3345000
1751155200000,0.0887200,0.0907200,0.0870400,0.0899500,10111418,892470.7262100,27143,441839.3044200
1751241600000,0.0899300,0.0900000,0.0865200,0.0876300,9876703,870682.3844200,27185,456812.0278200
1751328000000,0.0875900,0.0883700,0.0845000,0.0846400,17276792,1489440.2450200,38412,722095.6665300
1751414400000,0.0846600,0.0915400,0.0841500,0.0904300,18463256,1628538.9563200,43517,761580.8712000
1751500800000,0.0904300,0.0919100,0.0896300,0.0911100,13838032,1258636.4002400,35245,692453.7361500
1751587200000,0.0910900,0.0913600,0.0862700,0.0875500,10873796,959821.9556600,32890,468132.2401600
1751673600000,0.0875400,0.0881300,0.0866800,0.0877700,7817726,683520.7648300,21852,334105.2807800
1751760000000,0.0877500,0.0895500,0.0865000,0.0887100,6903798,606023.2935400,19648,311919.5483700
1751846400000,0.0887100,0.0941500,0.0883400,0.0908400,64712153,5902539.7559500,108645,2894852.0395700
1751932800000,0.0908300,0.0970000,0.0894300,0.0943800,104738289,9831501.2214600,139984,4741398.7685700
1752019200000,0.0943500,0.0952900,0.0911400,0.0948700,28115085,2620496.3355200,67854,1133745.6631400
1752105600000,0.0948200,0.0986900,0.0928000,0.0983500,25688115,2436239.5877100,52345,1193801.9085700
1752192000000,0.0983600,0.1013700,0.0954200,0.0973300,33768203,3341058.2852900,55630,1523938.0734600
1752278400000,0.0973800,0.1074700,0.0967800,0.1027200,69956716,7147606.2140800,78830,3379236.0801700
1752364800000,0.1027100,0.1048100,0.0997300,0.1031400,18977717,1937808.0487900,40433,940831.7265800
1752451200000,0.1031600,0.1065800,0.0989800,0.1014000,24268639,2505298.3582500,56017,1205787.2338500
1752537600000,0.1013500,0.1022700,0.0973200,0.1021900,18762188,1868942.8825300,44937,950122.1539900
1752624000000,0.1021800,0.1043500,0.1012600,0.1032300,20697734,2130905.1545700,48994,1100246.9927600
1752710400000,0.1032100,0.1044200,0.1001700,0.1035600,15821740,1617811.1516100,46004,767732.0581800
1752796800000,0.1035400,0.1075300,0.1013600,0.1058400,21032388,2205596.3339600,52768,1121588.0604400
1752883200000,0.1058800,0.1110200,0.1020500,0.1069800,49382552,5249972.6643400,116109,2572453.0830000
1752969600000,0.1070100,0.1110000,0.1061300,0.1101000,21493062,2328859.3059000,49589,1125911.0876600
1753056000000,0.1100900,0.1147100,0.1075200,0.1130300,22761661,2539846.0755200,51808,1192472.5058700
1753142400000,0.1130400,0.1135300,0.1068100,0.1133000,26912310,2974862.1062300,57746,1433045.7189600
1753228800000,0.1133300,0.1166700,0.1023500,0.1054600,32534654,3605550.2015100,93639,1687086.0931000
1753315200000,0.1054500,0.1072500,0.0963800,0.1036600,23107838,2377152.5883800,59256,1103241.9438400
1753401600000,0.1036800,0.1044200,0.1001200,0.1042900,16686600,1709757.3103800,56128,865090.9952700
1753488000000,0.1042700,0.1047800,0.1030200,0.1034700,10657392,1106953.4593100,31357,548685.8510900
1753574400000,0.1034700,0.1107600,0.1033700,0.1082900,36095094,3881124.2900400,65110,1848957.9454800
1753660800000,0.1082800,0.1127600,0.1009600,0.1018400,30735950,3328061.7372600,61911,1685773.7686900
1753747200000,0.1018800,0.1038300,0.0982100,0.1004700,17016452,1723628.7097100,53561,847825.8133900
1753833600000,0.1004600,0.1005200,0.0953400,0.0999400,15598132,1531948.2977100,40386,718830.4056500
1753920000000,0.0999600,0.1028400,0.0951500,0.0954300,23243909,2321802.7887400,47722,1157469.2407200
1754006400000,0.0954400,0.0959800,0.0900700,0.0920800,34405183,3220045.2792400,56390,1634545.1261900
1754092800000,0.0920400,0.0937700,0.0884100,0.0906500,16449789,1497899.2053000,40609,764039.6269600
1754179200000,0.0906900,0.0930500,0.0894100,0.0923900,9022182,829396.3188000,21895,391635.7490700
1754265600000,0.0924000,0.0955100,0.0921200,0.0954800,8739303,819344.4509300,23789,442478.0241200
1754352000000,0.0954900,0.0956700,0.0902900,0.0917600,15335440,1433105.6765000,37667,776362.1239000
1754438400000,0.0917800,0.0927300,0.0891700,0.0919400,13700551,1248445.9373200,48319,714525.4465800
1754524800000,0.0919500,0.0945400,0.0913400,0.0945200,14698281,1366687.4455100,41975,749934.4275700
1754611200000,0.0945200,0.0964200,0.0937600,0.0961700,14963391,1422463.6995500,41179,722480.5826900
1754697600000,0.0961800,0.0993200,0.0959200,0.0983200,11828786,1158265.3669500,34935,540595.3441500
1754784000000,0.0983100,0.1004300,0.0963200,0.0977000,14999399,1473328.7378100,41658,710781.2725700
1754870400000,0.0977300,0.0995200,0.0925200,0.0930600,20774584,2004842.3969000,51003,997980.8754800
1754956800000,0.0930500,0.0988600,0.0922600,0.0979700,15626540,1484985.1307300,38551,706573.2462800
1755043200000,0.0979900,0.1028900,0.0971400,0.1023500,51323970,5173132.6282800,74383,2599057.4264900
1755129600000,0.1023500,0.1029500,0.0920800,0.0938700,63984830,6300943.7943800,102402,2739402.1589600
1755216000000,0.0938600,0.0962000,0.0909800,0.0937900,17130547,1607231.5943500,51481,820328.0293400
1755302400000,0.0937900,0.0983800,0.0934600,0.0981000,20167078,1927380.9772700,53800,968657.9305400
1755388800000,0.0981200,0.0998500,0.0970100,0.0971100,12461331,1226763.9837900,40625,535959.5950000
1755475200000,0.0971000,0.0971400,0.0912600,0.0928500,16415207,1532874.9563600,53128,792811.0180700
1755561600000,0.0928400,0.0941300,0.0887300,0.0890200,17909168,1635286.3780200,51295,823324.3254300
1755648000000,0.0890100,0.0934700,0.0884100,0.0931400,17751392,1611609.2461200,39710,771834.8438400
1755734400000,0.0931400,0.0938400,0.0901300,0.0905800,11501708,1055331.7493800,30978,526034.8608800
1755820800000,0.0905600,0.0980600,0.0880300,0.0971200,21660067,2014827.5488600,58307,944733.0488500
1755907200000,0.0971400,0.0989100,0.0825000,0.0964400,53660790,5127838.6477400,50858,2556721.6677500
1755993600000,0.0964400,0.0981100,0.0932000,0.0949000,22826793,2170169.7205800,50676,1095870.1432200
1756080000000,0.0949300,0.0959100,0.0868700,0.0883900,21001557,1923309.2280500,53448,941610.8883800
1756166400000,0.0884000,0.0926600,0.0874200,0.0920600,19379200,1745488.8574400,43847,835483.3797600
1756252800000,0.0920700,0.0926900,0.0903000,0.0909800,14021180,1282147.7217400,39287,656277.4306900
1756339200000,0.0909900,0.0931400,0.0904700,0.0930800,11311152,1040453.3149600,30095,537804.5943000
1756425600000,0.0930900,0.0931500,0.0879100,0.0890000,15940262,1435177.9550400,37700,688012.4077500
1756512000000,0.0890200,0.0910400,0.0880900,0.0907900,10522924,946494.7869900,25405,465026.7170100
1756598400000,0.0907900,0.0916800,0.0887600,0.0888000,8313302,751335.9339300,25820,356486.1766800
1756684800000,0.0887900,0.0904700,0.0853300,0.0872200,14253927,1250280.8333100,33138,575892.3184600
1756771200000,0.0872300,0.0898200,0.0867100,0.0896300,11053677,980208.6011200,32817,467092.4943100
1756857600000,0.0896400,0.0906800,0.0883600,0.0898600,10439342,936357.8794900,73748,471393.8742000
1756944000000,0.0898600,0.0900200,0.0861600,0.0870600,9305796,816294.9034400,36622,404368.9305600
1757030400000,0.0870700,0.0894700,0.0868000,0.0878300,12384043,1089533.0100100,46927,558649.2666100
1757116800000,0.0877900,0.0883100,0.0865900,0.0869900,6562396,573338.3611900,18316,284009.0622600
1757203200000,0.0869900,0.0890000,0.0869400,0.0886200,9050570,797561.6791000,26641,401787.0116700
1757289600000,0.0886300,0.0908400,0.0882600,0.0901000,11203040,1003560.4575700,28274,491131.5241200
1757376000000,0.0901000,0.0925900,0.0893500,0.0917500,16219598,1475654.4823700,30638,738894.3260700
1757462400000,0.0917500,0.0926600,0.0903200,0.0917700,12004713,1098643.0428500,28722,575681.8154800
1757548800000,0.0917700,0.0921500,0.0895400,0.0905800,14826031,1344919.9460000,31870,691104.8412400
1757635200000,0.0906000,0.0920000,0.0892000,0.0915700,17542313,1586637.4071100,37536,807989.9908200
1757721600000,0.0915800,0.0946700,0.0910800,0.0937300,20828427,1931322.2394000,44119,970453.3701800
1757808000000,0.0937600,0.0942600,0.0903400,0.0912800,19993321,1846078.7080700,46011,854602.0440700
1757894400000,0.0913100,0.0924600,0.0870100,0.0884700,14450595,1295880.0145600,41594,606108.3477600
1757980800000,0.0884400,0.0899200,0.0871800,0.0893700,10297556,912363.8772600,30206,463382.2607900
1758067200000,0.0893700,0.0918200,0.0878400,0.0915500,13199664,1180688.0875900,37344,569641.4743000
1758153600000,0.0915700,0.0935600,0.0910900,0.0927800,10867102,1003111.8822900,27966,488952.5247900
1758240000000,0.0927900,0.0930500,0.0887000,0.0890300,13306360,1203974.5397200,34869,601861.4343800
1758326400000,0.0890200,0.0904400,0.0886400,0.0893800,6896951,616763.1274700,26171,302866.1599300
1758412800000,0.0893800,0.0900600,0.0883500,0.0889600,7461611,664814.1590300,25031,346606.2759200
1758499200000,0.0889600,0.0890400,0.0805600,0.0839100,30520061,2582656.3257900,51735,1183275.3067200
1758585600000,0.0839200,0.0854900,0.0823200,0.0842900,15730880,1325270.5039200,28781,652350.3928900
1758672000000,0.0843000,0.0853700,0.0824000,0.0832300,12767030,1076051.3386700,28340,567955.5746100
1758758400000,0.0832300,0.0834300,0.0779100,0.0787800,24460860,1977751.1992500,51330,977710.1292300
1758844800000,0.0788100,0.0814700,0.0777700,0.0813100,16617582,1319794.7993700,33730,678557.1313400
1758931200000,0.0813200,0.0817000,0.0802400,0.0805800,7872122,637344.0496400,20304,314705.5019700
1759017600000,0.0805900,0.0830200,0.0796200,0.0829100,11442212,925303.5370600,21865,414017.2774400
1759104000000,0.0829100,0.0834100,0.0807700,0.0821900,14661015,1208867.6373200,28934,672168.1620600
1759190400000,0.0821700,0.0821700,0.0797200,0.0816000,14499832,1174979.2977500,25109,521627.3854100
1759276800000,0.0815800,0.0852400,0.0809000,0.0850000,15671095,1307621.0566300,29353,685502.6764200
1759363200000,0.0850100,0.0871300,0.0846500,0.0867600,19678549,1690887.7236300,39256,900110.1278200
1759449600000,0.0867600,0.0878200,0.0855900,0.0866800,15113950,1308549.3777500,36395,638996.2146000
1759536000000,0.0866900,0.0869700,0.0828700,0.0836000,11395932,964622.5614500,27678,521668.4507300
1759622400000,0.0836200,0.0860900,0.0826700,0.0830100,14521235,1224446.6826300,33893,641340.3005900
1759708800000,0.0830200,0.0851100,0.0826200,0.0843900,13404740,1124595.7533200,31523,549862.8805100
1759795200000,0.0843900,0.0849700,0.0802800,0.0808800,32887697,2727365.4381500,57545,1327289.6058500
1759881600000,0.0808800,0.0848400,0.0793100,0.0837100,24288029,1993596.0035800,50247,912259.8534500
1759968000000,0.0837100,0.0838200,0.0792700,0.0817000,18222328,1484068.7618600,38949,753794.1992500
1760054400000,0.0817200,0.0820900,0.0404700,0.0612800,105402037,6880968.2225000,104110,3350323.8647800
1760140800000,0.0612600,0.0651500,0.0599500,0.0622300,49570932,3113023.9103500,54576,1549020.7488300
1760227200000,0.0622300,0.0692500,0.0610600,0.0682600,37540140,2442187.2010500,46905,1213547.5622400
1760313600000,0.0683000,0.0715600,0.0674100,0.0710800,33442847,2316366.4937200,46926,1205682.9491800
1760400000000,0.0711200,0.0712300,0.0643500,0.0690800,39271904,2644188.3651000,50252,1335535.1226400
1760486400000,0.0690500,0.0699300,0.0647900,0.0658700,25390678,1718971.8680200,36910,892706.0782200
1760572800000,0.0658100,0.0672800,0.0626700,0.0634000,32752017,2133994.1163700,43188,1065652.9955800
1760659200000,0.0634300,0.0640800,0.0578600,0.0605700,34265046,2069404.6261100,40483,1016399.3353800
1760745600000,0.0605700,0.0622600,0.0597000,0.0606600,15778371,963466.4817000,27846,526258.4429700
1760832000000,0.0606500,0.0633000,0.0598700,0.0615900,15315113,943579.9873800,23363,511843.9019100
1760918400000,0.0615800,0.0641000,0.0605000,0.0628700,19618096,1232540.7504900,28214,584262.2361000
1761004800000,0.0628700,0.0646700,0.0601800,0.0607800,17546603,1088592.3807800,28381,525237.9010100
1761091200000,0.0607600,0.0614500,0.0575700,0.0595400,20830675,1248820.3792200,31495,610117.2075100
1761177600000,0.0595600,0.0616000,0.0592900,0.0608400,12198387,735543.8204400,23804,360564.0006400
1761264000000,0.0608500,0.0632900,0.0596900,0.0606100,15103712,921093.4059200,24363,490832.2098300
1761350400000,0.0606100,0.0606800,0.0592300,0.0601300,20231759,1211767.4682000,25023,523338.3836000
1761436800000,0.0601300,0.0634100,0.0599300,0.0629800,16253587,999736.0662800,28142,481117.1877900
1761523200000,0.0629800,0.0637500,0.0608100,0.0613100,14713031,916675.8132300,26219,482866.2099400
1761609600000,0.0613400,0.0622500,0.0587900,0.0601300,18581991,1129868.9463900,27161,534810.3960800
1761696000000,0.0601100,0.0613600,0.0581900,0.0596700,16495147,991002.0755300,25115,525577.8262100
1761782400000,0.0596500,0.0606300,0.0548200,0.0561100,28544698,1634352.0612900,40333,820457.8480700
1761868800000,0.0561100,0.0578900,0.0558100,0.0574500,19411844,1101133.0616800,27205,519822.9846900
1761955200000,0.0574600,0.0582900,0.0568500,0.0579700,14591979,839627.2064600,24366,486196.6295500
1762041600000,0.0579700,0.0583400,0.0555800,0.0576400,14483262,826005.2664500,23412,415569.2443700
1762128000000,0.0576100,0.0577000,0.0492300,0.0506400,37495303,1978290.1089700,42523,915139.0438700
1762214400000,0.0506500,0.0516300,0.0468900,0.0495600,40212425,1993926.1242400,42842,986114.0875100
1762300800000,0.0495300,0.0517200,0.0469800,0.0513900,27288006,1362483.1025200,27753,707204.1982200
1762387200000,0.0513800,0.0517600,0.0494100,0.0514900,22268014,1129645.8247500,27300,571901.0241500
1762473600000,0.0514900,0.0575900,0.0511800,0.0566200,28680842,1545607.7248300,38474,755749.7227700
1762560000000,0.0566200,0.0576400,0.0542000,0.0568900,30389332,1697436.9468800,37981,797648.9089100
1762646400000,0.0568900,0.0578600,0.0545100,0.0568400,18725485,1053022.3114700,26882,517679.4248000
1762732800000,0.0568300,0.0580800,0.0561000,0.0573000,21407128,1222989.3116800,27576,590079.3538300
1762819200000,0.0573400,0.0747900,0.0562600,0.0630500,1307186308,84607636.2231000,1016697,42095965.3882900
1762905600000,0.0630500,0.0634100,0.0568400,0.0575000,326655797,19692137.9637900,299358,9322654.9956800
1762992000000,0.0575100,0.0575100,0.0522700,0.0525600,188035443,10304456.1030800,202205,4922870.6587000
1763078400000,0.0525600,0.0571000,0.0500700,0.0521100,247689520,13232735.0688200,236308,6537851.2598700
1763164800000,0.0521100,0.0559400,0.0520900,0.0532100,115535645,6240610.3090000,132566,3180147.4492700
1763251200000,0.0532100,0.0532200,0.0502900,0.0516800,48456254,2507442.1845900,71014,1238859.9295300
1763337600000,0.0516900,0.0535000,0.0498700,0.0508000,57675939,2989596.0907700,80638,1459996.6900600
1763424000000,0.0507900,0.0525800,0.0496400,0.0521100,33970235,1734735.1302300,62730,847374.3067000
1763510400000,0.0521100,0.0530500,0.0478200,0.0493200,44004507,2213694.2964500,55604,1101620.5927000
1763596800000,0.0493200,0.0518400,0.0473500,0.0481600,44527810,2193681.2467000,38837,1111438.4064500
1763683200000,0.0481500,0.0490300,0.0442300,0.0463400,67835435,3145326.5380800,43256,1577857.3792100
1763769600000,0.0463000,0.0474600,0.0443500,0.0456400,55668080,2560243.3154000,46103,1314618.1358900
1763856000000,0.0456700,0.0481200,0.0455700,0.0463100,45557438,2133565.8091600,46205,1075504.9422500
1763942400000,0.0463100,0.0479300,0.0453500,0.0472600,22054798,1025563.2376900,37268,497714.6170500
1764028800000,0.0472600,0.0487500,0.0464600,0.0477900,33039157,1575522.6664900,30047,726586.1809400
1764115200000,0.0477900,0.0480400,0.0461900,0.0474900,17440750,823245.2647800,24728,392143.7485200
1764201600000,0.0475200,0.0497300,0.0472800,0.0487500,27003403,1304384.3735200,37044,563516.3620300
1764288000000,0.0487500,0.0489200,0.0465300,0.0476200,32474010,1558456.4640000,35638,759695.5071300
1764374400000,0.0475700,0.0492500,0.0471600,0.0473600,34219853,1649103.7418400,40573,841220.2046100
1764460800000,0.0473400,0.0478000,0.0462400,0.0462500,27766079,1307828.4956400,24135,664575.5439900
1764547200000,0.0462200,0.0463300,0.0430000,0.0451100,41006411,1810009.6087700,32671,795361.9869000
1764633600000,0.0451100,0.0467500,0.0438000,0.0463700,25864674,1170870.0844600,21118,581492.4354200
1764720000000,0.0463600,0.0470600,0.0455700,0.0466700,20589944,958601.9731600,24575,479249.7808500
1764806400000,0.0467000,0.0472900,0.0457600,0.0463000,39632459,1843896.0202200,29905,876046.6286700
1764892800000,0.0463000,0.0599800,0.0460800,0.0527600,2871437550,160919833.2413600,1332241,81010367.3517100
1764979200000,0.0527600,0.0539500,0.0482800,0.0483000,414888519,20903065.7613300,269333,9873906.9404500
1765065600000,0.0482900,0.0483800,0.0462200,0.0468700,127876859,6035749.9020000,119176,2880905.1210500
1765152000000,0.0468900,0.0481200,0.0466000,0.0469600,83378122,3957026.5232800,73355,2013202.5010900
1765238400000,0.0469600,0.0485700,0.0464500,0.0477400,69761062,3304347.6742400,66458,1611808.5851300
1765324800000,0.0477500,0.0518900,0.0467000,0.0478200,156336815,7631545.5411000,109567,3684481.4034100
1765411200000,0.0478300,0.0497100,0.0455100,0.0463300,152082937,7265951.1760000,143827,3677065.3898100
1765497600000,0.0463400,0.0465100,0.0443800,0.0454500,44617122,2039018.3429800,46189,936375.0258000
1765584000000,0.0454600,0.0458600,0.0450100,0.0454900,20967747,952239.4400600,26984,466399.3315000
1765670400000,0.0454800,0.0472200,0.0437700,0.0440600,67767679,3102153.2766800,71267,1520562.4830900
1765756800000,0.0440500,0.0447100,0.0412700,0.0423300,40889474,1766142.9058900,49296,832566.6709700
1765843200000,0.0423300,0.0424800,0.0412500,0.0420600,30533759,1279883.1548700,37455,636731.8419200
1765929600000,0.0420800,0.0421700,0.0396400,0.0404100,40878926,1670882.8782500,36205,821440.6857900
1766016000000,0.0403900,0.0412200,0.0378800,0.0386000,46682972,1857532.9056800,40766,878891.7570100
1766102400000,0.0386200,0.0410600,0.0381500,0.0408200,29150042,1151650.7062100,30607,566258.1328100
1766188800000,0.0408100,0.0424700,0.0406700,0.0412500,39330904,1626416.2386500,36325,807676.0575200
1766275200000,0.0412700,0.0424800,0.0398600,0.0406800,42826671,1769097.3667900,37331,871981.6343000
1766361600000,0.0406900,0.0416800,0.0402900,0.0408400,28443049,1164967.6460700,31597,615555.4798300
1766448000000,0.0408400,0.0497900,0.0400500,0.0456400,1243663904,57374678.6888200,670866,29076406.6136500
1766534400000,0.0456200,0.0468500,0.0418800,0.0426100,307846147,13333479.0515100,175488,6528400.4864300
1766620800000,0.0426300,0.0431800,0.0411200,0.0412800,85050050,3591526.8075700,66524,1663245.8190000
1766707200000,0.0412800,0.0417700,0.0401500,0.0406700,51135475,2094103.9322700,50622,1041177.3838000
1766793600000,0.0406700,0.0419800,0.0404400,0.0415000,30065925,1230638.1058400,31648,629959.3551300
1766880000000,0.0415000,0.0427900,0.0408500,0.0412600,41064234,1707963.4516100,38603,798068.9649100
1766966400000,0.0412900,0.0436900,0.0410400,0.0414800,111462610,4685268.9144800,84101,2305186.1252100
1767052800000,0.0414800,0.0427900,0.0406300,0.0419600,69274457,2905147.8590000,62170,1484230.8908600
1767139200000,0.0419500,0.0437700,0.0417200,0.0422300,77054279,3286391.8405200,61392,1693863.0611500
1767225600000,0.0422200,0.0426800,0.0413000,0.0426600,26553656,1111565.8617700,26675,538733.9515900
1767312000000,0.0426800,0.0442300,0.0422900,0.0440400,25423984,1093138.7370200,35566,556184.9548000
1767398400000,0.0440600,0.0441800,0.0428400,0.0438400,21502051,937036.0357700,24011,422446.5555000
1767484800000,0.0438600,0.0450700,0.0438100,0.0445500,22439304,995524.0837700,29334,491423.3229300
1767571200000,0.0445300,0.0459600,0.0437300,0.0453100,28102351,1255908.9376600,32960,602325.7967600
1767657600000,0.0453400,0.0469200,0.0445900,0.0465200,29457064,1346900.0543900,33661,639944.8757600
1767744000000,0.0465400,0.0493000,0.0455900,0.0466600,146977720,6982367.1985100,91986,3367595.1316500
1767830400000,0.0466600,0.0529100,0.0461600,0.0487500,698520042,34787681.8778000,441618,17220472.3826300
1767916800000,0.0487100,0.0493300,0.0472600,0.0479400,132856305,6386771.2921000,121221,2931091.3619500
1768003200000,0.0479400,0.0494000,0.0475700,0.0478700,96457920,4669441.5859700,96200,2282495.9900100
1768089600000,0.0478600,0.0478600,0.0459000,0.0463100,36637596,1723297.6677600,34944,835899.0051300
1768176000000,0.0462900,0.0463500,0.0448500,0.0454000,34369770,1569049.9934000,38354,742748.8722500
1768262400000,0.0454100,0.0475200,0.0454100,0.0474500,33746913,1559735.1236200,37879,782996.4424100
1768348800000,0.0474400,0.0482500,0.0470600,0.0477600,25931251,1236830.0090400,31366,607659.6219000
1768435200000,0.0477500,0.0478800,0.0459800,0.0464400,17655146,830736.1398400,20715,404700.7798500
1768521600000,0.0464500,0.0471900,0.0455400,0.0470000,14057719,651400.8623200,16032,346672.5446100
1768608000000,0.0470000,0.0479300,0.0465800,0.0477200,10475789,496187.5012800,13950,243866.3868500
1768694400000,0.0477000,0.0479700,0.0455000,0.0456300,15147578,709256.1096800,25028,377584.3708500
1768780800000,0.0456100,0.0465800,0.0420400,0.0454200,34884437,1558075.2075500,56978,794424.3561900
1768867200000,0.0454400,0.0462800,0.0423000,0.0425800,19059226,844150.7043900,19757,421952.5951800
1768953600000,0.0426100,0.0446800,0.0426100,0.0442700,20463107,897253.7087900,20111,441883.4790600
1769040000000,0.0442500,0.0451500,0.0433100,0.0438100,12063196,532949.9903000,14719,270388.9069800
1769126400000,0.0438100,0.0449000,0.0435200,0.0441500,10235961,451933.9835400,12449,223287.5659500
1769212800000,0.0441400,0.0444500,0.0437000,0.0442200,8350570,367510.5306400,11052,188050.1279200
1769299200000,0.0442600,0.0443200,0.0407900,0.0415900,15816406,675678.8127700,20781,335533.0198200
1769385600000,0.0416100,0.0440800,0.0415000,0.0427900,21135280,904334.5385500,21200,445757.4806300
1769472000000,0.0427600,0.0438000,0.0415200,0.0429000,17348942,739590.5870400,20213,390194.5218300
1769558400000,0.0428700,0.0431600,0.0411900,0.0419300,13345463,563222.2243800,16518,296542.3831700
1769644800000,0.0419200,0.0422000,0.0388600,0.0395300,22292717,895244.3681900,24196,446725.1953700
1769731200000,0.0395500,0.0397500,0.0375500,0.0390200,20356387,787283.4267500,24519,397243.2786800
1769817600000,0.0390300,0.0399900,0.0330100,0.0359400,53753912,2006430.1713900,48430,1051637.0371700
1769904000000,0.0359100,0.0408000,0.0343300,0.0349700,250890125,9453987.5317000,193928,4703308.7996100
1769990400000,0.0349900,0.0363800,0.0334800,0.0359800,46477059,1628350.2738400,43778,777224.0795000
1770076800000,0.0359800,0.0359800,0.0330000,0.0342100,36482899,1267065.4675900,47464,637375.6708300
1770163200000,0.0342100,0.0351500,0.0329900,0.0341300,28935592,992380.1197200,26689,496389.5598000
1770249600000,0.0341400,0.0344100,0.0284600,0.0285600,41794586,1313185.0286800,38936,630890.1720000
1770336000000,0.0285900,0.0325600,0.0262400,0.0322900,38875807,1154072.7655200,33266,593578.3816200
1770422400000,0.0322800,0.0370400,0.0318000,0.0337300,349068306,11903186.9330400,232508,5927634.1053500
1770508800000,0.0337100,0.0360700,0.0325500,0.0329100,158741054,5414792.6547400,110690,2545381.9655000
1770595200000,0.0329000,0.0347000,0.0319600,0.0341500,87169899,2880048.9016800,68583,1395515.8676000
1770681600000,0.0341500,0.0345400,0.0326600,0.0335500,39873571,1339311.0197500,44982,636701.8096700
1770768000000,0.0335300,0.0337200,0.0311600,0.0326400,35623535,1147319.0202500,36242,604479.0006800
1770854400000,0.0326700,0.0335900,0.0317700,0.0327900,28701525,942804.8547500,22508,507937.2469600
1770940800000,0.0327900,0.0350700,0.0324200,0.0346800,50756379,1728193.4995600,41667,872747.5574900
1771027200000,0.0347000,0.0358000,0.0344100,0.0354800,20530996,722279.2391200,19839,391079.9249200
1771113600000,0.0354800,0.0357900,0.0333300,0.0341800,19842826,687924.5202500,20270,316637.9152100
1771200000000,0.0342000,0.0347400,0.0334900,0.0344400,27585013,943259.8976100,24338,486200.3114500
1771286400000,0.0344500,0.0344800,0.0333000,0.0337100,14282212,483911.6792000,15918,247383.2122800
1771372800000,0.0337200,0.0347800,0.0329600,0.0331800,16902683,573719.3583500,17832,284100.2506000
1771459200000,0.0331900,0.0337100,0.0322600,0.0332600,12784144,422234.1548600,17821,230433.9779900
1771545600000,0.0332600,0.0338700,0.0326000,0.0335700,18630859,620220.1415200,18079,308485.9948000
1771632000000,0.0335700,0.0338900,0.0332500,0.0332800,10451881,350961.6938200,13284,178139.2217700
1771718400000,0.0332700,0.0332700,0.0319000,0.0322900,11874772,385994.9950300,13790,195151.6117300
1771804800000,0.0323000,0.0323100,0.0307900,0.0312800,16806527,528663.4393400,17811,240632.3089000
1771891200000,0.0312600,0.0318700,0.0304200,0.0309700,21974944,684223.7004500,21678,342828.1437600
1771977600000,0.0309900,0.0334600,0.0309700,0.0325100,19631940,633236.9684300,22524,321878.8085700
1772064000000,0.0325200,0.0328300,0.0312600,0.0318000,16077023,516834.9235200,17413,277514.7856800
1772150400000,0.0318100,0.0327900,0.0310500,0.0316200,15436308,494388.5288200,20942,264692.8220100
1772236800000,0.0316100,0.0318600,0.0294300,0.0315600,28881278,883143.6786800,30221,423906.7250300
1772323200000,0.0315500,0.0321800,0.0297800,0.0302100,17544344,544138.4667700,19797,301164.5755800
1772409600000,0.0302400,0.0327200,0.0297500,0.0306200,124863354,3878547.6910300,95895,1898402.2435000
1772496000000,0.0306300,0.0312900,0.0297200,0.0305700,31801053,967828.5738600,29670,424923.9014000
1772582400000,0.0305700,0.0311200,0.0298000,0.0309700,18365245,560422.0344800,24158,300647.5538500
1772668800000,0.0309600,0.0310500,0.0299300,0.0303700,11573114,353938.1689800,14578,164144.1176700
1772755200000,0.0303500,0.0309300,0.0295600,0.0296800,11428615,345369.9298300,23267,167748.5615000
1772841600000,0.0296800,0.0301500,0.0291300,0.0292100,11684439,346087.6583500,15660,172591.4976100
1772928000000,0.0292300,0.0293700,0.0285500,0.0288100,15428111,447628.7637600,17609,216069.5461100
1773014400000,0.0288000,0.0294100,0.0287200,0.0288000,21892307,634753.9414700,20078,363547.0493700
1773100800000,0.0288000,0.0293700,0.0286800,0.0290400,22649371,658295.3472800,17923,356347.7212600
1773187200000,0.0290400,0.0306200,0.0289800,0.0297900,55199398,1642125.2540500,48632,782741.3846700
1773273600000,0.0297800,0.0305100,0.0294100,0.0302500,21669901,649731.1892400,24470,321373.9749400
1773360000000,0.0302500,0.0309600,0.0301200,0.0303800,16005500,487849.7651200,17986,248718.2898800
1773446400000,0.0303900,0.0304600,0.0297600,0.0300600,9791159,294659.9235800,10969,143125.9231800
1773532800000,0.0300400,0.0308300,0.0298900,0.0306100,12197544,371085.0223200,11887,185830.7117100
1773619200000,0.0306300,0.0317800,0.0304300,0.0316700,15404733,479763.9739800,14652,234369.6237400
1773705600000,0.0316600,0.0367600,0.0313200,0.0320600,341715220,11465189.6391600,196188,5594955.0039800
1773792000000,0.0320900,0.0355700,0.0312700,0.0316000,174049166,5724838.5194400,97726,2895444.4984500
1773878400000,0.0316000,0.0339000,0.0309700,0.0319400,151489268,4861368.3344400,92597,2350026.2385500
1773964800000,0.0319300,0.0321500,0.0311900,0.0317400,23443441,740903.4625800,25242,372809.8767300
1774051200000,0.0317400,0.0327200,0.0310100,0.0311600,24490492,786439.6887400,24605,373897.0146800
1774137600000,0.0311600,0.0312200,0.0297200,0.0300600,17514246,533478.8271700,19102,255428.2045800
1774224000000,0.0300600,0.0313100,0.0295100,0.0312400,16691733,508122.9331700,16506,238584.5608700
1774310400000,0.0312300,0.0345000,0.0307200,0.0326300,179338996,5840955.6196200,108439,2880469.5718300
1774396800000,0.0326300,0.0353100,0.0317400,0.0322000,220695259,7436506.1003100,123882,3861474.5995500
1774483200000,0.0322000,0.0322000,0.0304400,0.0307000,37665291,1172164.3216900,29193,503003.0905900
1774569600000,0.0307200,0.0314800,0.0300900,0.0301800,27119889,833637.8752800,24691,441523.4059400
1774656000000,0.0301800,0.0308600,0.0294600,0.0302700,27332880,826846.7235100,21244,422524.1826500
1774742400000,0.0302900,0.0303300,0.0284900,0.0290500,16371541,481776.6272900,14467,218544.2715900
1774828800000,0.0290500,0.0298900,0.0288900,0.0292100,15323860,450218.4024100,14235,257749.3856900
1774915200000,0.0292100,0.0294800,0.0282400,0.0290500,15139137,435478.2659200,15291,228981.8152600
1775001600000,0.0290500,0.0301500,0.0287100,0.0294700,16027157,470286.3361200,17181,239982.6639900
1775088000000,0.0294700,0.0304600,0.0284200,0.0291200,36824607,1079428.5668400,29544,539314.4030000
1775174400000,0.0291200,0.0300600,0.0288400,0.0291300,24412547,716396.6238700,17479,372553.1639700
1775260800000,0.0291300,0.0305600,0.0291100,0.0298400,59161321,1765999.6449800,43877,874958.5471400
1775347200000,0.0298400,0.0308900,0.0292900,0.0299100,49394653,1476740.4398700,34294,653529.0117400
1775433600000,0.0299200,0.0304100,0.0296700,0.0299600,19076393,572406.0030100,18003,267592.1663100
1775520000000,0.0299500,0.0306100,0.0287500,0.0305400,25004433,735055.5030100,17658,391162.5788100
1775606400000,0.0305200,0.0305700,0.0295900,0.0297300,20259846,610708.7431800,13138,314391.6081100
1775692800000,0.0297300,0.0302600,0.0293600,0.0299900,12516850,373152.4192900,11347,189536.6937700
1775779200000,0.0300000,0.0305100,0.0296600,0.0302700,10138529,304704.0582900,11683,154179.3758500
1775865600000,0.0302800,0.0303500,0.0296200,0.0300700,10176297,305130.1319900,10733,146324.8672300
1775952000000,0.0300400,0.0303000,0.0292000,0.0293500,20231212,599598.4410100,18378,282552.0705800
1776038400000,0.0293400,0.0302800,0.0291100,0.0302400,18652773,549867.6168300,16080,302800.7167700
1776124800000,0.0302500,0.0304300,0.0294500,0.0298600,13403804,402137.8749200,11595,194079.4363000
1776211200000,0.0298300,0.0304600,0.0295500,0.0304100,8809125,263567.7605600,11003,133470.5179000
1776297600000,0.0304100,0.0314900,0.0302400,0.0313000,21809389,673039.1380900,20490,329740.4516900
1776384000000,0.0313200,0.0322300,0.0307600,0.0319100,24622623,775454.8434500,20344,388648.9910800
1776470400000,0.0319400,0.0319600,0.0303000,0.0306000,19288128,600861.7065200,15782,322314.8333700
1776556800000,0.0306200,0.0312000,0.0297100,0.0298100,29952324,913414.2581000,21972,425080.6190900
1776643200000,0.0298300,0.0314200,0.0298100,0.0309800,32144998,992435.7562500,19220,492817.8620900
1776729600000,0.0309800,0.0312100,0.0304600,0.0309900,20004833,617417.4665700,15154,296692.3855700
1776816000000,0.0309900,0.0316300,0.0309100,0.0309700,16574887,518353.8775500,11418,240212.9301800
1776902400000,0.0309700,0.0310100,0.0302600,0.0308500,20166237,616908.9892000,14418,298559.7410500
1776988800000,0.0308600,0.0313200,0.0306100,0.0310000,16747362,517222.9547800,12746,285692.0660200
1777075200000,0.0310000,0.0317000,0.0308800,0.0314500,23999807,749455.8350700,15424,373216.8354800
1777161600000,0.0314700,0.0332900,0.0312700,0.0330200,58580272,1901284.1199600,41827,896054.3711400
1777248000000,0.0330300,0.0330400,0.0307200,0.0311700,31776531,1006192.0744800,23952,468799.5894400
1777334400000,0.0311600,0.0313900,0.0306100,0.0311200,16587085,513623.9004700,15626,254565.2647900
1777420800000,0.0311200,0.0314900,0.0300100,0.0306800,18657138,575886.3475300,15185,275027.4544100
1777507200000,0.0306800,0.0308200,0.0300200,0.0305500,13636149,415880.4106200,12560,211857.3257000
1777593600000,0.0305400,0.0309900,0.0302700,0.0304500,14782289,453453.6834700,12554,204519.3348300
1777680000000,0.0304500,0.0310300,0.0301600,0.0306600,21628236,659626.3697100,15765,297185.4387200
1777766400000,0.0306700,0.0310100,0.0302700,0.0305700,17774751,543384.8775600,18088,276114.5107000
1777852800000,0.0305500,0.0313000,0.0303700,0.0304800,29415865,905879.8780800,25328,467923.9285900
1777939200000,0.0304700,0.0316200,0.0304600,0.0311700,23893546,745742.5465000,19962,361491.4613700
1778025600000,0.0311700,0.0323100,0.0311200,0.0318300,29932881,953220.4068700,24865,474156.2610700
1778112000000,0.0318300,0.0319600,0.0310800,0.0316700,22746128,717521.8572100,20591,353239.0338600
1778198400000,0.0316700,0.0324600,0.0312900,0.0323900,20980312,666782.7892700,16481,325393.3683300
1778284800000,0.0324000,0.0332200,0.0321300,0.0328200,26606242,866612.1255800,20475,425317.8181900
1778371200000,0.0328100,0.0374200,0.0322600,0.0338200,335977109,11572690.7986700,124783,5678370.0625500
1778457600000,0.0338300,0.0346200,0.0329700,0.0339000,121986822,4134054.7611500,64709,1977712.6060300
1778544000000,0.0339000,0.0339000,0.0319100,0.0324300,47098187,1548116.7813200,40367,661837.9573700
1778630400000,0.0324200,0.0330300,0.0308800,0.0312000,33129471,1056258.0285800,33022,525097.3656000
1778716800000,0.0312000,0.0324400,0.0307700,0.0318700,23104256,729772.6413800,22442,384790.6363100
1778803200000,0.0318700,0.0340800,0.0300400,0.0308800,120878197,3930511.3809500,78232,1881163.5107500
1778889600000,0.0308800,0.0333900,0.0305000,0.0325400,223145400,7151511.3049800,142495,3542160.7563400
1778976000000,0.0325400,0.0325400,0.0300600,0.0307400,77043583,2431350.5542400,58155,1131954.8913700
1779062400000,0.0307500,0.0310900,0.0301000,0.0308600,31503991,964747.4447100,32861,440118.1199900
1779148800000,0.0308600,0.0309600,0.0292000,0.0293400,25484304,763276.9195900,25211,372836.5414500
1779235200000,0.0293500,0.0298100,0.0289700,0.0296300,16571754,487353.2347500,16315,232577.8718900
1779321600000,0.0296300,0.0306500,0.0295300,0.0303700,20659363,622190.8893500,23168,319528.7455400
1779408000000,0.0303800,0.0306800,0.0292400,0.0294100,21365986,643955.8109700,26284,308111.2176200
1779494400000,0.0294100,0.0306500,0.0288900,0.0303700,25462388,757735.2218700,22567,374403.2571700
1779580800000,0.0303800,0.0305000,0.0291000,0.0296100,13780571,411796.6089800,16624,192009.4592800
1779667200000,0.0296000,0.0303200,0.0295300,0.0297000,24752972,740478.2171500,20783,356873.9150600
1779753600000,0.0297100,0.0298100,0.0287700,0.0289400,14798497,433412.7789800,14660,195935.3108800
1779840000000,0.0289500,0.0291500,0.0277400,0.0279600,23174355,658604.9293300,24815,335399.4638100
1779926400000,0.0279600,0.0280500,0.0265200,0.0274600,22165900,601940.7231200,18311,310979.8988200
1780012800000,0.0274600,0.0283000,0.0270700,0.0279000,21173803,585480.8146600,17270,284338.0261800
1780099200000,0.0279100,0.0299700,0.0279100,0.0282700,63653926,1835137.0881600,42599,873001.2196800
1780185600000,0.0282900,0.0304600,0.0282300,0.0288500,131759629,3851111.0287500,69542,1883988.3844400
1780272000000,0.0288300,0.0291500,0.0276400,0.0282100,44771051,1266446.4969900,31680,601024.0760800
1780358400000,0.0282300,0.0286100,0.0259200,0.0263900,43463233,1190244.4978200,32006,578212.7706500
1780444800000,0.0264100,0.0269100,0.0255500,0.0262800,36718027,970214.8824500,22914,473316.8491300
1780531200000,0.0262900,0.0263800,0.0242200,0.0249900,36888532,928100.0490100,26079,485590.4297000
1780617600000,0.0249900,0.0251400,0.0220800,0.0228000,52804796,1229742.1316700,40152,603974.4176600
1780704000000,0.0228100,0.0230700,0.0214000,0.0227000,23636933,529815.3876800,19996,268015.3989600
1780790400000,0.0226800,0.0238400,0.0224900,0.0233100,25471357,588138.6590600,17661,289787.7254300
1780876800000,0.0233200,0.0237500,0.0227200,0.0232600,27215418,635330.2447200,18558,315621.1620300
1780963200000,0.0232600,0.0233400,0.0219400,0.0224400,29856595,674735.7007400,19216,328810.2726900
1781049600000,0.0224600,0.0229800,0.0215100,0.0219300,65934440,1476036.1071700,33016,741247.6450500
1781136000000,0.0219300,0.0229000,0.0219100,0.0227300,31590754,708052.4921700,20852,360858.6277100
1781222400000,0.0227400,0.0229500,0.0221700,0.0227000,27948984,631927.4056800,20558,329853.1895700
1781308800000,0.0227100,0.0231100,0.0226500,0.0228800,19778661,452845.8520000,12788,212916.7195100
1781395200000,0.0228700,0.0234600,0.0223900,0.0234000,20724874,473634.5319900,16859,233480.3001400
1781481600000,0.0234000,0.0241100,0.0232500,0.0234600,23778005,560604.1356900,15105,273184.6300500
1781568000000,0.0234500,0.0237700,0.0228800,0.0233000,23034092,537947.9636200,16151,273447.6700500
1781654400000,0.0233000,0.0237000,0.0226300,0.0230600,27024411,626693.7236900,17161,305260.0378200
1781740800000,0.0230800,0.0232300,0.0210800,0.0217800,30178003,667913.8359700,16780,323287.0240500
1781827200000,0.0218000,0.0219200,0.0210700,0.0214400,18763411,401867.5568900,13153,192775.6669800
1781913600000,0.0214400,0.0219500,0.0212000,0.0218700,17508541,377353.0149000,14087,199665.4652400
1782000000000,0.0218700,0.0222300,0.0213100,0.0213700,14532836,316854.2824800,12353,168236.3151700
1782086400000,0.0213700,0.0221800,0.0211800,0.0213900,18363220,398773.7099400,13274,206984.8065700
1782172800000,0.0213700,0.0216200,0.0202900,0.0209000,52631405,1105752.9373700,21788,533069.5703400
1782259200000,0.0209200,0.0210100,0.0193300,0.0201900,28333229,576361.5919000,17888,290813.6482200
1782345600000,0.0202000,0.0204500,0.0189600,0.0196800,28766762,567422.6056600,15195,292667.2995300
1782432000000,0.0196800,0.0211400,0.0189800,0.0203100,66556299,1345983.8536000,28949,675703.5314800
1782518400000,0.0203200,0.0245000,0.0202800,0.0217800,393956144,8597744.7452600,127419,4253039.9770200
1782604800000,0.0217900,0.0234900,0.0201600,0.0205200,183358732,3939715.9042800,67094,1800405.5348000
1782691200000,0.0205200,0.0215900,0.0201800,0.0204000,84992537,1764613.0952000,40309,874761.5486700
1782777600000,0.0204000,0.0204000,0.0196200,0.0198800,37216736,741437.3133100,21937,380822.9742600
1782864000000,0.0198800,0.0215000,0.0194600,0.0209100,38739621,793621.8042400,22413,396369.0387800
1782950400000,0.0209200,0.0212600,0.0205200,0.0210700,33619586,704214.0964700,21633,359412.9874300
1783036800000,0.0210400,0.0216800,0.0209600,0.0216000,26428182,562713.0096900,13216,294130.1885900
1783123200000,0.0215900,0.0219100,0.0212700,0.0216300,17882851,385911.2192600,12089,183710.2057400
1783209600000,0.0216300,0.0217000,0.0209600,0.0213200,17430720,370778.9696500,10092,175072.3675000
1783296000000,0.0213300,0.0214400,0.0204500,0.0210500,21350995,447205.7013600,12011,218870.3839200
1783382400000,0.0210500,0.0211400,0.0201600,0.0204700,19111344,393551.8446900,11519,194686.1531200
1783468800000,0.0204700,0.0205000,0.0197200,0.0201400,23916397,478371.5220600,16247,262330.4052800
1783555200000,0.0201400,0.0203600,0.0198000,0.0201600,15413434,309731.9502900,12119,143004.4804000
1783641600000,0.0201500,0.0206900,0.0200600,0.0205400,15825905,324000.6650600,10827,168378.1789800
1783728000000,0.0205400,0.0212000,0.0203700,0.0203900,25353067,526845.5555300,13316,258533.8857800
1783814400000,0.0203800,0.0210800,0.0200700,0.0201500,49213743,1015402.8733600,26050,511624.3379600
1783900800000,0.0201400,0.0204700,0.0194300,0.0197000,25629352,512278.4611300,14272,273852.1038900
1783987200000,0.0197000,0.0202900,0.0195700,0.0201800,18383309,365816.9773600,12927,171104.0164000
1784073600000,0.0202000,0.0202900,0.0198000,0.0200000,18008859,360328.5239000,12360,176869.4187500
1784160000000,0.0199900,0.0202600,0.0196300,0.0197100,15222813,303546.9802800,9974,160308.9806800
1784246400000,0.0196900,0.0200400,0.0194800,0.0197500,16382388,322981.6670300,12091,163457.0055300
1784332800000,0.0197300,0.0199000,0.0195100,0.0198700,31276165,616378.7996800,29458,308897.6485000
1784419200000,0.0198600,0.0199300,0.0195000,0.0195600,12112317,239248.5791400,8978,128017.0881800
1784505600000,0.0195500,0.0199700,0.0192800,0.0198500,19402580,380708.1986900,11605,183377.8919900
1784592000000,0.0198400,0.0201600,0.0195800,0.0198700,23174693,460812.4356700,12860,190248.1320800
1784678400000,0.0198800,0.0201000,0.0196600,0.0197800,22119039,439358.4903000,10759,228542.8590900
1784764800000,0.0197700,0.0199800,0.0193000,0.0194300,21067342,414164.7629800,12284,215922.7202800
1784851200000,0.0194400,0.0197600,0.0192400,0.0193600,19376564,377103.7283900,9703,196041.9372500
1784937600000,0.0193700,0.0197600,0.0193100,0.0196100,10928702,213167.9741200,7857,107158.9428100
1785024000000,0.0196100,0.0199400,0.0196000,0.0198600,17998403,355505.2063000,8426,177431.1322900
1785110400000,0.0198700,0.0198700,0.0185100,0.0186000,23483260,452144.1680700,12299,230393.9003600
1785196800000,0.0186000,0.0186900,0.0179900,0.0183600,34202688,625739.2779400,13452,274183.1412100
1785283200000,0.0183500,0.0185100,0.0174700,0.0177800,29142899,522901.8161800,12412,259867.5488300
1785369600000,0.0177800,0.0191500,0.0176800,0.0181400,57535958,1066400.4155400,22035,498875.6778900
1785456000000,0.0181300,0.0191000,0.0180400,0.0186000,43450969,805687.3108700,17055,402740.3627900
1785542400000,0.0186200,0.0188500,0.0181900,0.0183100,20347724,378130.1185800,11705,197012.8569500
1785628800000,0.0183300,0.0185700,0.0181500,0.0182500,15416117,282984.8723300,9240,157695.6896500
1785715200000,0.0182600,0.0199100,0.0178100,0.0182300,144300952,2687918.1257600,52134,1304289.3837700
1785801600000,0.0182500,0.0184500,0.0173600,0.0174000,52649121,940691.0299900,22079,474244.6669700
1785888000000,0.0174000,0.0177600,0.0173200,0.0175600,26103686,459538.3405400,13223,245282.9710100
1785974400000,0.0175500,0.0182000,0.0175500,0.0180200,32464817,580917.1154800,13687,283994.1065100
1786060800000,0.0180200,0.0182100,0.0177300,0.0179100,22490318,404643.2098900,10677,185345.3937500
1786147200000,0.0179100,0.0185300,0.0178600,0.0185100,15476957,281697.7701800,9958,167071.2885600
1786233600000,0.0185100,0.0195400,0.0184800,0.0188900,59638868,1140224.6113000,29657,561967.2385400
1786320000000,0.0188900,0.0191800,0.0182600,0.0183400,27541133,515324.3080400,14053,232959.9524000
1786406400000,0.0183400,0.0184800,0.0177200,0.0178600,28335588,513598.6725300,13599,279256.2640600
1786492800000,0.0178600,0.0181300,0.0171900,0.0173000,29003293,514276.7804000,23543,242142.7626000
1786579200000,0.0173000,0.0175800,0.0170700,0.0173600,22995174,397703.3899800,11084,211617.2179400
1786665600000,0.0173600,0.0173700,0.0167700,0.0171200,21950562,373174.4543100,9676,180980.7202700
1786752000000,0.0171300,0.0176000,0.0170400,0.0173000,26154576,453554.4099600,10594,229644.8105700
1786838400000,0.0173000,0.0173900,0.0169300,0.0170100,14609433,251767.2775600,7442,116876.7887900
1786924800000,0.0170100,0.0172600,0.0166700,0.0167800,31011188,524837.1557700,12437,238705.8949500
1787011200000,0.0167600,0.0167700,0.0162600,0.0164200,23912737,393035.0290400,11184,185043.1763600
1787097600000,0.0164300,0.0177800,0.0163100,0.0175000,35873982,607721.0233100,16576,292258.6495200
1787184000000,0.0175000,0.0186000,0.0173900,0.0182800,58646892,1058192.0689400,25936,524975.5162800
1787270400000,0.0182800,0.0203100,0.0182300,0.0201500,55324526,1071161.6873000,28825,498295.1030300
1787356800000,0.0201400,0.0212700,0.0194900,0.0199000,77181456,1563389.9880300,33219,788279.6383200
1787443200000,0.0199100,0.0207900,0.0189200,0.0203900,39615951,784664.1236900,19666,412630.8678900
1787529600000,0.0203800,0.0204000,0.0195900,0.0197600,41834059,832337.1894300,18325,382752.5260100
1787616000000,0.0197600,0.0201900,0.0188800,0.0192300,27018958,530831.2663200,15378,274384.4203900
1787702400000,0.0192100,0.0200700,0.0191500,0.0199400,35642386,695061.8361600,16801,351076.0025500
1787788800000,0.0199500,0.0206300,0.0196200,0.0203600,30685705,617979.8828100,15345,314008.0561400
1787875200000,0.0203700,0.0209400,0.0194100,0.0200300,44143872,888546.5128400,20162,427110.5329300
1787961600000,0.0200300,0.0204900,0.0199100,0.0201500,21660716,436615.3323200,13571,202206.0735500
1788048000000,0.0201600,0.0203300,0.0188600,0.0191400,22925759,454922.2616600,13323,262550.0161700
1788134400000,0.0191300,0.0199400,0.0190800,0.0196100,25716066,503873.5430800,16422,259332.5625700
1788220800000,0.0196100,0.0205500,0.0196000,0.0199900,46486232,931899.3357200,24028,456166.2736200
1788307200000,0.0199800,0.0214700,0.0196400,0.0202000,106607544,2180737.9697200,41699,1068172.6102200
1788393600000,0.0202000,0.0214100,0.0200700,0.0208400,80578776,1660782.1566900,32891,795772.0105600
1788480000000,0.0208400,0.0215400,0.0203200,0.0208200,50549148,1057826.7950700,33260,496759.7232400
1788566400000,0.0208200,0.0215300,0.0207400,0.0214600,20390949,432126.0738000,12365,215645.2308900
1788652800000,0.0214400,0.0216700,0.0208600,0.0212600,34033257,725904.8189500,16431,345053.3111500
1788739200000,0.0212600,0.0215500,0.0207800,0.0210200,21879253,461914.4389600,12163,248840.9877900
1788825600000,0.0210200,0.0219700,0.0209000,0.0216500,27259574,585040.7231400,16480,299123.3192800
1788912000000,0.0216400,0.0223700,0.0212300,0.0215700,49222450,1077738.2870500,26309,494456.8304200
1788998400000,0.0215700,0.0231100,0.0207400,0.0211700,122737555,2699915.7178700,60558,1305739.1422400
1789084800000,0.0211700,0.0217200,0.0204000,0.0213100,60073000,1270771.3158100,32572,614457.7539300
1789171200000,0.0213000,0.0231000,0.0212700,0.0228000,120903576,2699250.7772100,51738,1354531.9472900
1789257600000,0.0227800,0.0445800,0.0227400,0.0311600,7089787762,253694944.3538600,2753774,124659505.1968600
1789344000000,0.0311700,0.0422300,0.0290300,0.0314900,4863986731,167476101.9510800,2122680,82664143.6234700
1789430400000,0.0314800,0.0355700,0.0265700,0.0277900,1755601415,53706065.5555400,1045248,26238953.0140800
1789516800000,0.0277800,0.0298800,0.0251800,0.0268900,930875141,25505573.0650100,515617,12496185.0620900
1789603200000,0.0268700,0.0269500,0.0253200,0.0263400,428602312,11172754.2126200,174482,5290255.2520500
1789689600000,0.0263400,0.0275000,0.0253900,0.0273200,399398760,10570493.9116900,168170,5086381.8112100
1789776000000,0.0273200,0.0281500,0.0264100,0.0275500,292308757,7964571.5250300,119900,3825502.3484300
1789862400000,0.0275500,0.0282500,0.0258400,0.0266300,260257944,6978456.9033600,107111,3159841.8714900
1789948800000,0.0266300,0.0276200,0.0260400,0.0274700,213327504,5740825.0960500,100563,2824791.7830700
1790035200000,0.0274700,0.0295600,0.0268200,0.0284300,310851922,8730318.1992700,126182,4395985.5535100
1790121600000,0.0284400,0.0290500,0.0267400,0.0276000,200357988,5621531.7442400,91370,2846401.8231600
1790208000000,0.0276000,0.0322600,0.0272300,0.0300400,1157338221,35076767.5591000,414581,17316289.3278500
1790294400000,0.0300400,0.0308900,0.0292900,0.0307900,382674922,11514326.8903500,173900,5494856.7826100
1790380800000,0.0308000,0.0318300,0.0303400,0.0311400,244477184,7607228.9075600,114115,3767584.8685000
1790467200000,0.0311400,0.0314500,0.0302000,0.0307800,125517512,3848140.5768800,56991,1727570.5426400
1790553600000,0.0307800,0.0307800,0.0287200,0.0299700,148445906,4391405.1295500,77459,2035059.8525500
1790640000000,0.0299700,0.0302400,0.0288800,0.0298900,92311656,2745864.9703100,58736,1403022.9819200
1790726400000,0.0298800,0.0320100,0.0296500,0.0313200,213531395,6657346.2786900,100794,3436315.5417000
1790812800000,0.0313100,0.0321000,0.0303900,0.0309400,140946587,4400414.4469700,80141,2142527.2074700
1790899200000,0.0309400,0.0313200,0.0297000,0.0302100,92170929,2816429.2287000,53456,1439688.1917600
1790985600000,0.0302200,0.0302700,0.0292900,0.0298800,57744300,1716994.9856300,39206,846568.8129100
