open_time,open,high,low,close,volume,quote_volume,trades,taker_buy_quote
1580774400000,115.50,115.50,108.47,111.29,26628.215,2955633.41638,19902,1409114.10025
1580860800000,111.29,124.76,110.04,122.94,108596.428,13019385.94727,31955,6654024.94749
1580947200000,123.09,125.36,117.15,120.87,52416.412,6375445.24066,25376,2735986.11419
1581033600000,120.84,123.38,118.26,118.88,50706.740,6096321.30162,26414,2826416.67951
1581120000000,118.88,132.32,113.16,126.64,150490.454,18961100.60159,66591,9389555.06409
1581206400000,126.56,131.41,124.00,128.67,58992.758,7566165.12587,28307,3467589.84902
1581292800000,128.73,129.18,122.95,127.84,47034.188,5947792.06165,29290,2635496.79779
1581379200000,127.88,134.30,124.14,129.83,79948.978,10293546.40333,46040,5020032.20303
1581465600000,129.93,137.67,128.94,133.70,94220.558,12615932.65673,51554,5826923.96110
1581552000000,133.70,138.74,127.00,131.17,106069.328,14016457.44552,53823,6318409.94634
1581638400000,131.20,135.12,128.28,133.53,54395.738,7164911.32998,22323,3490690.67193
1581724800000,133.59,133.86,115.00,120.84,69640.740,8658827.29926,28522,3373496.13763
1581811200000,120.76,123.65,100.14,110.60,105526.534,12041938.15035,65429,5627706.85896
1581897600000,110.73,116.59,101.65,114.66,115379.187,12632495.84648,77433,6275194.68082
1581984000000,114.66,117.72,107.11,115.77,75008.231,8533721.71327,50735,4080382.96452
1582070400000,115.80,116.02,103.66,104.99,65187.259,7329377.05635,38226,3297215.38364
1582156800000,104.99,107.53,99.00,104.89,53050.256,5500245.38596,38987,2552296.59523
1582243200000,104.88,110.58,103.05,107.50,77410.401,8264600.93403,35936,3921380.63158
1582329600000,107.55,109.49,103.10,103.97,61289.595,6478830.48849,37407,3100483.29419
1582416000000,103.93,109.59,103.61,108.23,61684.087,6626776.77089,37974,3161108.37218
1582502400000,108.23,109.49,100.01,103.61,81309.883,8474145.23037,44858,3958462.00904
1582588800000,103.73,103.88,94.75,95.68,90735.462,8920754.19591,48707,4161750.60809
1582675200000,95.64,96.85,78.98,84.29,157302.896,13620929.19557,58951,5996091.25970
1582761600000,84.30,93.94,79.34,89.98,142351.532,12478577.77364,64208,6197362.65948
1582848000000,89.94,92.71,72.89,88.05,180063.230,15860860.55098,67103,7622949.40012
1582934400000,88.09,90.45,85.11,85.36,78033.044,6873662.66524,38539,3256988.81135
1583020800000,85.37,90.02,83.27,84.56,97461.350,8452987.55312,42366,4069555.71252
1583107200000,84.59,92.08,84.17,90.41,92013.079,8172865.42760,37145,4024704.53148
1583193600000,90.42,90.74,87.06,88.55,64028.163,5683520.74466,24866,2720245.11031
1583280000000,88.55,90.06,85.33,86.86,60900.425,5346225.76836,20599,2474454.99269
1583366400000,86.97,92.67,86.97,89.89,92715.505,8368610.48136,26871,4100374.71631
1583452800000,89.90,94.34,89.06,94.11,86195.518,7927561.60003,25765,3850373.30238
1583539200000,94.12,94.34,87.53,88.27,56462.444,5132638.04894,18204,2233211.88723
1583625600000,88.23,88.23,72.82,73.74,146678.437,11714643.81370,42990,5274220.81013
1583712000000,73.81,75.64,67.69,73.65,204023.389,14712018.57847,62582,7161001.26594
1583798400000,73.64,76.44,71.45,74.78,107951.369,7982275.85622,32591,3843547.92785
1583884800000,74.79,75.45,67.20,72.30,100050.193,7207502.25868,32152,3608799.63847
1583971200000,72.30,72.63,41.12,44.14,239175.187,13227675.59030,66759,6112805.38226
1584057600000,44.26,53.08,31.18,51.24,285782.849,12803899.06521,126224,6484347.10357
1584144000000,51.20,51.20,45.03,45.80,113317.531,5436369.29542,41609,2592052.50365
1584230400000,45.90,50.94,45.27,47.22,80726.900,3810785.79543,26483,1952602.60421
1584316800000,47.19,47.67,38.37,43.07,130322.239,5552849.45765,32458,2708444.48255
1584403200000,43.03,46.72,42.33,45.45,77760.155,3498128.91804,23486,1808774.40216
1584489600000,45.45,63.26,44.95,62.62,331305.100,17511249.22726,45966,10000082.00654
1584576000000,62.56,70.98,56.44,65.47,402196.040,24969122.89038,73636,12826095.33755
1584662400000,65.45,78.00,62.06,71.62,419963.992,29323441.52907,122457,14691854.70645
1584748800000,71.64,75.65,67.18,71.25,301245.506,21622388.45685,86863,10609664.57827
1584835200000,71.26,73.59,61.60,62.48,214009.958,14616707.78799,46910,7459065.79263
1584921600000,62.40,71.41,61.00,70.77,142749.910,9467743.00010,35001,4871122.02617
1585008000000,70.77,71.57,67.04,69.45,91218.218,6321927.70048,23657,3073019.78527
1585094400000,69.44,70.41,66.01,67.78,89692.933,6090577.89608,24130,3119134.29693
1585180800000,67.79,68.80,66.44,68.18,78937.662,5338462.89575,19350,2711828.12549
1585267200000,68.18,73.00,66.70,67.36,121461.788,8471015.91766,30970,4264545.04629
1585353600000,67.47,67.47,61.85,65.18,113190.121,7269067.34958,31819,3458789.71549
1585440000000,65.19,65.69,60.24,60.44,58104.141,3669932.13517,15150,1647030.03786
1585526400000,60.40,67.50,60.32,65.79,104377.119,6758166.00242,25565,3764249.78233
1585612800000,65.83,66.40,63.87,64.90,61932.795,4031319.97930,17667,1858793.02676
1585699200000,64.90,67.05,62.30,65.89,71336.820,4588154.95582,19124,2462594.71265
1585785600000,66.03,71.74,65.03,67.62,96934.267,6584525.19265,25112,3345485.40369
1585872000000,67.62,70.44,66.23,67.37,96936.692,6630540.39173,27155,3155985.44917
1585958400000,67.37,69.50,66.64,68.49,84114.674,5754799.60785,27237,3082185.81341
1586044800000,68.50,68.87,65.59,66.75,48829.012,3277854.60703,15062,1220299.05643
1586131200000,66.75,73.40,66.75,73.28,102539.861,7239467.75633,24240,4106380.18924
1586217600000,73.19,76.23,70.13,72.21,136437.955,10036802.50940,31040,4703133.48632
1586304000000,72.23,76.91,71.17,75.64,114749.046,8562161.76772,31780,4336992.28511
1586390400000,75.66,84.30,74.05,82.93,228715.540,18228827.06025,53042,9170154.60409
1586476800000,82.82,83.32,70.00,73.99,280209.412,21261013.05499,67915,10207922.14007
1586563200000,74.01,77.73,73.11,74.98,189622.765,14250859.34378,55522,7358696.95555
1586649600000,75.06,78.42,73.00,74.27,164710.417,12467247.05055,47634,6332257.57246
1586736000000,74.16,74.19,70.49,73.22,152261.645,11000995.71772,51327,5319406.01780
1586822400000,73.22,74.59,0.10,72.39,113670.362,8155600.05829,31998,3925168.32859
1586908800000,72.40,73.70,70.12,70.70,49947.928,3587697.57396,21494,1564013.97802
1586995200000,70.73,77.47,67.44,76.18,108209.489,7972985.81032,44669,4042495.30588
1587081600000,76.26,78.24,74.25,76.30,90672.017,6880375.35894,28389,3162809.50557
1587168000000,76.26,80.55,76.10,80.10,110522.424,8723041.66354,35009,4479410.73184
1587254400000,80.18,83.63,77.29,80.38,188434.178,15232602.53062,60992,7363072.63507
1587340800000,80.38,82.92,72.88,74.39,206843.015,16224095.73404,67396,7794972.13478
1587427200000,74.37,76.04,72.91,74.42,116610.341,8693832.37030,31496,4215853.39719
1587513600000,74.42,82.14,74.08,80.86,163106.400,12876119.86654,46531,6517627.23221
1587600000000,80.86,85.00,78.94,81.37,176565.321,14367956.74334,47838,6955728.09029
1587686400000,81.37,83.03,80.57,81.45,74253.642,6085152.30044,22162,2762088.78534
1587772800000,81.45,88.39,80.43,85.81,151292.613,12816118.82295,37707,6416506.26888
1587859200000,85.85,87.58,82.33,84.09,142647.687,12158756.02571,34714,5810671.87622
1587945600000,84.09,84.62,80.10,82.77,153359.287,12607447.33768,33700,6162158.31495
1588032000000,82.80,83.38,79.57,82.32,124106.401,10133743.91877,28958,5218481.72969
1588118400000,82.34,86.34,82.05,85.53,172140.005,14533267.67343,45618,6832097.13758
1588204800000,85.48,88.93,80.41,80.76,271439.870,22929162.83194,81242,10964606.00280
1588291200000,80.73,84.19,80.73,82.98,133581.894,11048549.81820,52059,5519798.40668
1588377600000,83.00,84.90,81.55,83.47,76181.309,6315859.03457,30343,3216837.45831
1588464000000,83.47,84.11,79.62,81.08,96818.831,7936006.08318,33579,3247326.39628
1588550400000,81.08,81.21,75.35,79.53,140126.599,10979695.05843,50219,5492087.65713
1588636800000,79.53,81.23,77.54,79.35,73235.159,5830940.92064,26331,2881226.16437
1588723200000,79.34,81.05,76.56,77.09,75805.002,6015707.80576,25830,2925567.48908
1588809600000,77.11,80.11,76.12,78.90,104258.744,8163401.69252,36102,4221382.70747
1588896000000,78.89,83.38,77.06,81.86,139772.366,11194028.91248,43437,5612819.63464
1588982400000,81.85,82.67,79.20,79.79,141609.456,11475219.73464,48905,5515560.34173
1589068800000,79.75,79.83,66.96,72.12,306363.179,22101261.19256,122293,10644664.26045
1589155200000,72.10,73.51,65.73,69.69,267743.323,18764724.11367,108277,9202945.45335
1589241600000,69.68,75.11,69.30,73.30,192420.562,13899773.84711,66615,6874404.56184
1589328000000,73.29,74.90,72.10,73.78,102160.836,7510222.71531,40797,3572763.64570
1589414400000,73.78,76.00,73.06,74.53,93049.672,6929149.89872,38461,3454763.43825
1589500800000,74.52,74.99,71.67,72.33,89164.678,6537435.70041,38152,3001643.04927
1589587200000,72.31,74.48,71.97,73.62,60981.289,4485016.16590,29389,2347030.79267
1589673600000,73.62,77.25,73.41,74.99,89671.147,6804880.07347,35090,3504877.37743
1589760000000,74.99,78.36,74.80,76.12,84173.380,6447522.62383,34320,2995695.86394
1589846400000,76.14,77.24,74.12,77.15,65201.810,4934407.84490,25976,2515285.82556
1589932800000,77.16,78.65,74.60,78.23,100369.026,7732390.84203,33920,3554530.97757
1590019200000,78.21,78.51,71.04,73.11,105374.162,7921929.24525,36133,4011504.44923
1590105600000,73.11,75.69,72.37,74.84,89064.069,6636019.11431,31078,3448774.87253
1590192000000,74.84,75.83,73.35,73.84,70476.460,5240402.60689,24939,2433856.91118
1590278400000,73.84,75.55,71.54,71.66,80110.438,5911291.24302,28197,3003024.11219
1590364800000,71.68,73.83,71.17,73.65,45847.452,3334181.70955,22373,1694619.04660
1590451200000,73.65,73.99,71.24,72.60,55798.469,4053925.99944,22785,1999595.97577
1590537600000,72.60,74.85,72.28,73.65,63724.286,4692809.97323,19923,2451761.02579
1590624000000,73.67,75.41,72.12,75.11,73194.178,5398496.75895,22790,2713754.78903
1590710400000,75.13,75.67,73.35,74.17,58874.802,4378398.15036,20432,1963984.29056
1590796800000,74.20,79.83,73.62,79.06,116600.393,9000453.13625,39521,4620737.87969
1590883200000,79.11,80.93,75.51,76.32,128308.321,10031059.11894,45498,4875327.11266
1590969600000,76.31,80.45,75.58,80.15,138118.334,10751993.04540,53407,5431163.82209
1591056000000,80.20,82.47,75.97,78.28,136461.297,10895484.14738,47126,5166403.80635
1591142400000,78.28,78.72,76.44,78.24,96797.194,7522255.77114,28369,3541457.38074
1591228800000,78.25,79.31,76.61,78.63,112509.793,8784067.50335,32452,4143670.51515
1591315200000,78.62,79.90,77.79,77.93,85361.330,6728488.60529,25289,3388593.94098
1591401600000,77.90,79.24,77.05,78.35,51545.234,4027815.61117,17755,1927683.54353
1591488000000,78.40,78.82,75.79,77.94,53195.649,4119206.74208,16767,1770845.43627
1591574400000,77.94,78.58,76.85,77.77,36841.493,2860807.77955,10646,1437228.93783
1591660800000,77.79,78.04,76.59,77.50,37220.382,2879906.38794,12945,1496095.83130
1591747200000,77.49,78.63,77.10,78.32,48315.901,3765235.10799,16001,1877161.65978
1591833600000,78.32,79.03,68.26,72.30,124021.341,9486517.21237,38109,4397206.96381
1591920000000,72.29,74.87,71.17,73.30,34057.215,2499100.14386,17038,1200587.96628
1592006400000,73.31,74.43,72.60,74.17,22040.750,1617216.87603,11484,829666.58175
1592092800000,74.17,74.36,71.99,72.61,29408.654,2151980.66685,12262,1094408.70250
1592179200000,72.61,72.67,68.58,71.83,51587.729,3638985.36715,29453,1752514.25579
1592265600000,71.83,73.15,71.45,72.65,34500.011,2495254.26969,15551,1149659.33135
1592352000000,72.66,73.57,70.62,72.40,36486.482,2639775.02403,18783,1293801.00803
1592438400000,72.42,72.65,70.69,71.46,28911.328,2077633.92861,15130,1060125.13636
1592524800000,71.45,71.48,69.84,70.15,38242.759,2699289.58979,18302,1364250.91536
1592611200000,70.15,71.24,69.24,70.99,26733.176,1878376.68175,14256,1005961.11317
1592697600000,71.04,71.39,69.99,70.19,18339.765,1298151.44526,9738,622325.50624
1592784000000,70.18,72.76,70.05,72.38,36915.239,2651431.98181,17363,1353644.93752
1592870400000,72.34,76.50,71.55,74.08,77833.427,5757723.40303,33988,2906668.28588
1592956800000,74.08,75.35,70.76,72.40,70552.183,5146294.75062,32789,2350453.78809
1593043200000,72.39,72.40,70.07,71.17,31320.972,2234254.06909,17819,1101355.67438
1593129600000,71.17,71.60,69.69,70.70,37851.041,2669109.63033,19305,1158815.69113
1593216000000,70.69,71.17,64.95,66.96,37918.091,2574979.94081,24375,1103776.24228
1593302400000,66.95,68.68,66.00,67.70,26853.658,1808854.04505,16291,847662.59005
1593388800000,67.69,69.31,66.73,68.96,42027.082,2852883.55786,24905,1407477.70632
1593475200000,68.98,69.28,67.47,68.17,28571.941,1950783.84080,14283,1016562.49273
1593561600000,68.20,69.12,67.35,68.35,38794.694,2646105.85687,18809,1372787.37770
1593648000000,68.38,68.95,65.37,66.62,61806.351,4147177.79615,35074,2047170.40931
1593734400000,66.62,67.17,65.79,66.42,50495.096,3360067.93460,21425,1423509.82769
1593820800000,66.40,68.31,66.19,67.60,30549.205,2056771.33505,17792,1079145.17364
1593907200000,67.60,67.76,65.62,67.25,36138.779,2416918.51647,19928,1160508.86941
1593993600000,67.26,70.65,67.03,70.24,77786.468,5369357.70535,33589,2670423.38342
1594080000000,70.24,70.98,69.12,69.95,58590.485,4107578.46499,25982,1939929.27664
1594166400000,69.96,73.37,69.39,72.73,99006.014,7116757.12347,41628,3426462.34568
1594252800000,72.72,73.94,70.42,71.90,94906.754,6845576.00128,39563,3326966.33903
1594339200000,71.90,71.97,70.12,71.75,89130.819,6333610.33469,37036,3128435.79009
1594425600000,71.76,73.05,71.28,72.67,72705.112,5236077.44817,30480,2579807.84716
1594512000000,72.69,73.19,70.79,72.17,112681.550,8114531.15682,46704,3945842.03781
1594598400000,72.18,75.89,70.72,71.91,183391.714,13470836.24604,62619,6577624.47628
1594684800000,71.91,72.73,70.01,72.00,100314.074,7175525.05146,43856,3544163.88052
1594771200000,71.99,72.24,70.46,71.20,72522.763,5174357.00613,31642,2566458.71423
1594857600000,71.18,71.50,68.10,69.39,80612.381,5601519.67302,35172,2739550.44067
1594944000000,69.36,70.16,68.70,69.57,50796.950,3526158.92836,19974,1797365.81264
1595030400000,69.57,69.72,68.64,69.16,30607.071,2118929.73719,12681,1024169.81166
1595116800000,69.16,70.38,68.67,70.32,45000.296,3124377.97575,15758,1518935.80949
1595203200000,70.34,70.42,68.54,68.89,52867.777,3688015.98245,17901,1737272.35493
1595289600000,68.86,71.26,68.63,71.12,73310.033,5160028.36410,24178,2571565.76618
1595376000000,71.12,73.52,71.10,73.45,90926.922,6553745.01787,30143,3309684.92320
1595462400000,73.46,74.17,72.47,73.44,71923.049,5266395.47609,26777,2496257.06571
1595548800000,73.47,73.52,71.27,72.06,60839.118,4391421.20776,27478,2098431.97786
1595635200000,72.07,75.11,71.98,74.74,80046.878,5901530.34037,29025,3042654.60450
1595721600000,74.74,77.64,74.20,75.36,105684.752,8000537.42066,40523,3776211.13581
1595808000000,75.35,79.50,73.25,77.69,205765.028,15736609.97650,79917,7695144.53607
1595894400000,77.75,81.19,76.06,79.92,181321.230,14323476.09988,74386,7136037.22923
1595980800000,79.95,84.88,79.12,81.57,191874.888,15868836.39655,75163,7803315.82900
1596067200000,81.55,82.58,79.21,81.25,105182.731,8514970.03733,44809,4073327.15197
1596153600000,81.28,83.78,80.08,82.60,91855.010,7539333.92514,43014,3718252.74767
1596240000000,82.62,94.49,81.94,93.19,256162.190,22863375.76738,99866,11381442.78410
1596326400000,93.21,95.91,79.28,85.34,315377.030,27541735.45350,133986,13141589.80266
1596412800000,85.33,89.88,83.80,87.80,155642.850,13657397.61525,73270,6752364.13706
1596499200000,87.82,89.30,84.84,86.97,110102.014,9621240.43903,46936,4781497.26079
1596585600000,86.95,93.73,85.90,92.40,202352.819,18219372.37195,83686,9198790.22180
1596672000000,92.39,104.90,90.21,100.57,416948.608,41294308.69518,154574,20656122.55606
1596758400000,100.58,104.11,92.33,96.59,287194.845,28440101.85646,107017,13590868.77408
1596844800000,96.59,102.48,94.73,98.50,166039.299,16429550.88611,68420,7848036.06085
1596931200000,98.52,99.00,94.72,97.90,126129.631,12258412.00464,57032,5978249.11781
1597017600000,97.90,98.59,93.07,95.58,129836.253,12549394.32672,59538,6176145.62433
1597104000000,95.61,96.81,85.70,88.68,199408.644,18288801.42626,83239,8955168.46144
1597190400000,88.66,92.36,84.16,91.85,175213.067,15571350.23492,81863,7973818.97290
1597276800000,91.82,93.33,85.73,92.97,175225.781,15729266.67550,75738,8012254.79831
1597363200000,92.95,93.14,90.01,92.13,176478.616,16227525.54850,79066,8297697.80539
1597449600000,92.08,96.38,91.20,94.08,229813.310,21583001.68267,95621,10806776.58909
1597536000000,94.10,95.52,91.33,95.21,146958.789,13792981.22465,66561,6729290.90679
1597622400000,95.17,100.44,93.01,97.79,208269.957,20283681.96383,87689,10153959.61613
1597708800000,97.79,98.98,91.79,92.79,122645.600,11677555.52991,64812,5552077.79231
1597795200000,92.78,93.91,86.86,87.82,142011.079,12794288.12091,79861,6385549.06777
1597881600000,87.84,91.79,87.14,91.62,72889.013,6542920.82953,38254,3319044.14352
1597968000000,91.61,95.82,86.56,86.75,190589.330,17475998.12034,83525,8390970.90252
1598054400000,86.76,91.00,85.14,90.85,92994.787,8191180.13443,52095,4080923.31385
1598140800000,90.86,93.06,87.77,91.48,98597.450,8891946.78875,52219,4478245.87420
1598227200000,91.48,93.47,89.47,91.84,78549.928,7196121.12980,43340,3537491.82027
1598313600000,91.83,92.10,82.57,84.56,133561.860,11606527.75678,70225,5388121.90992
1598400000000,84.56,87.55,83.58,85.90,109798.697,9429551.90617,56346,4605434.74234
1598486400000,85.91,86.64,81.75,83.45,120459.860,10104466.96546,72070,5101909.07773
1598572800000,83.49,86.05,82.42,85.06,68578.465,5803042.28306,37548,2828667.24764
1598659200000,85.06,86.74,84.45,85.06,49260.699,4217192.66930,33840,2129308.34991
1598745600000,85.05,89.04,85.01,88.34,88752.866,7736376.26038,49521,3850935.72233
1598832000000,88.34,89.04,85.88,86.25,79456.818,6939684.54276,43652,3196803.51215
1598918400000,86.24,90.94,85.00,89.11,137447.122,12144938.81867,69130,5930035.72969
1599004800000,89.12,89.86,79.47,83.38,152492.984,12864243.39140,72635,5718312.87731
1599091200000,83.36,83.67,61.81,66.62,227925.943,17279937.36613,107574,8120267.50727
1599177600000,66.63,73.93,65.87,72.53,215582.734,15093860.91741,112188,7417815.34770
1599264000000,72.56,74.23,64.92,68.06,193860.085,13471241.25321,88723,6714984.30017
1599350400000,68.09,71.69,66.05,70.17,133413.265,9240602.02907,63416,4700909.28787
1599436800000,70.15,78.22,65.79,76.06,226504.385,16334086.44319,87957,8010641.81495
1599523200000,76.06,77.80,70.01,74.76,194994.750,14517219.83180,77192,7317637.34555
1599609600000,74.73,77.44,74.06,75.55,74332.236,5652554.02416,38476,2745181.64878
1599696000000,75.50,77.79,75.00,77.03,77046.798,5895038.91214,41564,2794617.89992
1599782400000,77.04,77.47,74.52,77.09,72883.812,5546635.21595,42660,2791502.88353
1599868800000,77.09,80.20,75.47,79.41,103844.910,8086196.60150,51666,4219077.30003
1599955200000,79.37,79.41,73.09,75.57,117800.542,8965224.69238,58245,4253908.46422
1600041600000,75.55,76.85,73.81,75.16,87277.796,6578811.53557,44781,3324440.99795
1600128000000,75.16,76.20,72.72,72.92,85941.595,6398573.25675,50972,3174013.01503
1600214400000,72.93,74.32,70.85,73.03,66749.562,4860080.12493,40812,2474917.64057
1600300800000,73.04,74.79,71.39,73.36,79400.702,5796933.53182,46894,3054101.49391
1600387200000,73.36,73.78,70.19,72.23,74901.221,5418662.21366,42824,2578041.66160
1600473600000,72.23,73.54,71.33,72.85,64323.185,4665718.22146,38612,2351936.57376
1600560000000,72.84,72.98,69.28,70.72,76514.803,5421994.49033,44031,2596930.74475
1600646400000,70.74,71.68,64.68,66.80,142584.347,9714779.18451,63906,4886654.27084
1600732800000,66.81,68.92,66.32,68.11,85882.967,5844189.22962,41721,2902946.07418
1600819200000,68.11,68.50,64.35,64.88,81794.640,5453870.24018,43628,2756641.71484
1600905600000,64.88,68.59,64.29,67.81,70670.256,4728106.58257,39040,2396109.60641
1600992000000,67.81,69.42,66.49,68.57,73319.059,4980757.62602,39974,2457085.03291
1601078400000,68.56,69.95,68.29,69.05,61901.781,4277907.63137,34699,2164646.62097
1601164800000,69.05,70.09,67.12,68.82,72690.563,4985570.62651,34657,2344057.13878
1601251200000,68.82,70.02,67.02,67.36,69833.648,4819519.73344,36564,2225171.08287
1601337600000,67.37,68.89,66.61,68.46,73774.083,4984206.95253,36012,2557149.00314
1601424000000,68.46,69.24,66.55,69.24,61385.966,4153730.44923,32633,2058008.59325
1601510400000,69.24,71.10,67.22,68.09,101111.906,7030094.78759,44482,3332125.12659
1601596800000,68.09,68.85,63.79,65.97,110592.132,7289586.07329,65229,3475922.11007
1601683200000,65.96,66.67,65.46,65.61,36064.854,2382728.86322,24322,1237857.40709
1601769600000,65.59,66.85,64.93,66.42,37802.905,2500412.59040,25750,1263280.06982
1601856000000,66.43,67.23,65.57,67.12,38247.985,2535480.00382,25118,1221849.94259
1601942400000,67.13,68.44,64.55,65.28,104422.834,6955781.81218,43489,3269204.52282
1602028800000,65.28,66.33,64.05,65.95,67994.103,4447097.93481,34521,2231234.73070
1602115200000,65.94,67.42,64.15,66.43,88839.272,5859671.88969,42736,2991759.18425
1602201600000,66.43,67.93,65.78,67.33,74685.866,5009833.76484,32642,2517435.88027
1602288000000,67.33,69.49,67.31,68.00,88727.363,6074974.83398,35629,2944668.78705
1602374400000,68.01,72.62,67.71,71.77,123588.255,8727676.76364,48070,4125533.79536
1602460800000,71.77,74.60,70.12,71.68,158114.503,11470311.56739,57874,5526151.16359
1602547200000,71.68,73.49,70.44,71.33,72297.800,5184945.05419,34886,2435394.95039
1602633600000,71.34,72.15,69.00,70.07,81980.957,5774866.52145,37164,2802882.23078
1602720000000,70.07,70.55,68.09,69.34,68464.159,4747446.08937,33695,2209939.13654
1602806400000,69.34,70.15,65.44,66.13,71622.119,4787069.21928,38980,2234821.16863
1602892800000,66.13,67.53,65.23,67.31,48296.442,3194822.70465,28918,1617960.67230
1602979200000,67.33,67.40,66.55,67.34,26073.985,1745846.65812,35159,774887.47626
1603065600000,67.37,77.75,66.16,74.89,347261.552,25560927.83828,115277,13265367.15485
1603152000000,74.88,77.00,70.20,70.69,369443.759,27291463.70966,101366,13582360.34739
1603238400000,70.69,77.16,70.42,74.79,199742.624,14857721.78802,76003,7463373.25567
1603324800000,74.79,78.10,74.04,75.05,193149.540,14698273.70035,70067,6991170.34695
1603411200000,75.05,75.41,70.80,72.20,120183.308,8819562.99870,53772,3981304.02445
1603497600000,72.20,73.87,71.41,73.36,99511.301,7226043.21226,49833,3593226.06620
1603584000000,73.35,73.81,70.40,71.14,86333.133,6237127.74488,45449,2948686.71598
1603670400000,71.15,72.60,68.48,69.20,128052.695,9062818.61953,59107,4434441.93660
1603756800000,69.19,72.32,69.02,70.79,118742.162,8365735.37352,51966,4176783.50106
1603843200000,70.77,71.20,66.79,67.98,114741.040,7898459.75148,51075,3769984.96080
1603929600000,67.97,68.86,65.64,67.10,94580.821,6365091.00482,39391,3059853.04720
1604016000000,67.10,72.57,63.93,69.67,262305.182,17954895.89025,95548,8942537.12509
1604102400000,69.65,72.99,68.56,70.15,137779.267,9701234.05726,61348,4837435.72585
1604188800000,70.14,70.69,68.18,68.83,79458.081,5508023.66330,41736,2642217.45211
1604275200000,68.83,69.66,64.69,64.95,130576.345,8714120.97406,55440,4261325.45082
1604361600000,64.93,65.51,63.02,64.32,146646.556,9392087.76857,53195,4554724.27884
1604448000000,64.31,65.27,62.14,64.71,122242.585,7806175.32671,52004,3969488.18434
1604534400000,64.71,70.14,63.51,67.78,196252.116,13056792.19599,71481,6715224.87264
1604620800000,67.79,70.86,67.39,70.12,238985.951,16588579.79818,92837,7921947.81820
1604707200000,70.13,72.31,64.90,66.63,279441.605,19303788.67065,106627,9260386.11338
1604793600000,66.61,69.35,65.61,68.11,116090.268,7879890.65686,48621,3775584.01585
1604880000000,68.11,69.17,66.36,68.13,124722.242,8449581.12808,52513,4239606.21529
1604966400000,68.15,69.75,67.42,68.91,130720.763,8976921.34863,55772,4287202.50285
1605052800000,68.90,71.70,68.72,69.35,122338.800,8594868.26318,49977,4110780.10235
1605139200000,69.35,79.78,68.35,77.67,562079.915,42726782.20059,195308,21428211.12501
1605225600000,77.68,79.37,75.65,77.80,165093.121,12774422.97012,67919,6507481.99654
1605312000000,77.79,80.01,74.44,77.28,164150.148,12642316.51142,69435,6017964.68625
1605398400000,77.29,77.72,73.52,75.02,134432.572,10095206.23911,62275,4804814.11672
1605484800000,75.04,82.75,74.49,80.73,199847.110,15843163.82292,82299,7567847.92198
1605571200000,80.75,83.98,80.07,83.27,153626.035,12616364.94665,69708,5722863.43188
1605657600000,83.24,83.89,76.79,80.08,190143.967,15218017.16167,90639,7077396.52898
1605744000000,80.10,85.03,77.78,82.32,188896.162,15420918.94956,83598,7367814.62923
1605830400000,82.33,85.06,82.13,83.37,134915.875,11269617.33874,72599,5228488.04635
1605916800000,83.36,94.76,82.94,94.72,331317.380,29390406.49373,149815,14183511.59756
1606003200000,94.67,95.64,85.60,90.63,328339.241,29740865.67636,151516,14036386.26811
1606089600000,90.60,95.74,89.43,94.33,310974.345,28684899.66115,140331,13166938.11942
1606176000000,94.32,123.40,92.21,114.71,1015578.943,113030392.49931,483140,53407358.72867
1606262400000,114.70,116.54,98.10,102.24,469433.381,51720880.87459,254166,23777997.53329
1606348800000,102.20,104.33,83.55,91.92,581367.706,53346997.87177,333915,26006415.05439
1606435200000,91.94,95.74,86.91,92.34,278100.132,25430450.83513,148863,12547257.91094
1606521600000,92.35,113.76,90.97,109.14,478119.775,49195385.85746,205690,24484128.81249
1606608000000,109.12,114.68,104.20,108.23,517874.464,56422690.72090,226664,27545747.41467
1606694400000,108.26,118.67,106.71,113.07,465487.252,52627977.83635,219789,25884924.92116
1606780800000,113.08,116.53,100.00,103.93,442480.580,48331844.25451,259447,22931590.25427
1606867200000,103.92,108.00,100.59,105.30,286322.357,29959258.18749,158277,14629465.62060
1606953600000,105.28,108.62,103.52,107.66,166961.923,17783792.45410,95919,8485488.96584
1607040000000,107.65,111.18,97.35,98.92,178706.319,18811216.44406,111303,9238977.84675
1607126400000,98.91,103.75,96.51,103.12,92852.187,9364137.76452,51813,4921100.66323
1607212800000,103.12,104.72,99.25,102.18,81639.564,8320046.09085,46498,3933585.09850
1607299200000,102.20,104.57,100.36,101.68,89795.571,9203382.24764,46436,4464575.16398
1607385600000,101.70,101.91,93.24,95.11,96448.921,9397274.81734,51450,4225863.80075
1607472000000,95.05,96.16,88.56,95.61,105351.960,9810756.78842,56840,4807602.03754
1607558400000,95.54,96.06,90.82,93.04,60406.853,5639397.07686,40958,2686981.84377
1607644800000,93.05,95.32,87.85,93.33,156603.355,14459048.54439,76634,7168963.91410
1607731200000,93.36,97.42,93.00,94.87,90421.442,8659101.53735,56061,4128137.74000
1607817600000,94.88,99.49,93.78,97.70,83734.353,8165125.68751,55973,3568562.86838
1607904000000,97.69,97.84,94.31,96.78,72691.690,6986479.74081,48858,3355100.48040
1607990400000,96.76,97.64,94.10,97.07,66936.122,6436409.39945,51344,3042154.17414
1608076800000,97.08,105.67,94.59,105.43,142145.620,14249600.71420,74794,6653023.46741
1608163200000,105.45,115.99,101.23,108.40,272435.076,29386702.75800,124235,13180015.87593
1608249600000,108.36,114.24,104.04,108.15,210421.909,22890166.87838,100079,10491646.67900
1608336000000,108.16,112.65,105.70,108.47,122965.558,13378317.32929,77770,6187325.90227
1608422400000,108.47,114.68,104.34,109.65,227651.038,25174562.32283,108979,11810987.59531
1608508800000,109.63,119.69,101.39,104.01,318867.867,34977972.66716,141696,16184931.68425
1608595200000,103.97,106.60,96.02,105.78,187816.950,19252355.83273,110207,9230501.61037
1608681600000,105.74,106.44,87.01,91.37,176501.330,17172308.74804,105850,8088783.36758
1608768000000,91.44,99.58,87.54,98.57,134323.800,12433562.24149,85531,5898594.87243
1608854400000,98.58,105.28,95.83,103.21,237482.197,24156487.28668,103616,11586671.30170
1608940800000,103.21,112.83,102.12,108.08,259964.302,27776679.61923,128349,13225877.00887
1609027200000,108.08,113.51,100.96,107.59,242327.665,26117139.52027,132526,11804817.35767
1609113600000,107.56,111.14,104.29,107.28,202541.943,21897410.88794,112538,10370420.89038
1609200000000,107.25,108.92,99.05,104.03,168095.207,17336060.43665,108721,8037904.87547
1609286400000,104.11,105.76,98.97,101.93,130238.364,13317361.42230,91325,6391509.53170
1609372800000,101.90,102.48,96.73,99.63,97809.207,9717986.31349,79406,4546901.02951
1609459200000,99.64,102.98,86.12,88.01,624301.604,57651904.77538,193339,29091172.38991
1609545600000,88.03,94.03,84.50,87.06,457919.803,40490111.01981,175340,20529255.81844
1609632000000,87.09,92.37,85.28,89.85,308712.114,27420254.72864,132621,13266525.69149
1609718400000,89.91,97.35,85.03,89.11,387538.700,35004004.87149,162154,16208448.12192
1609804800000,89.11,90.41,85.50,89.24,213420.300,18885994.53549,109137,9108207.67346
1609891200000,89.22,95.23,88.06,94.41,354840.938,32714151.36754,152983,14260886.89926
1609977600000,94.42,108.46,92.16,99.05,469956.929,47292818.29741,192438,21192497.89375
1610064000000,99.11,100.99,92.10,96.36,291523.262,28165766.17042,138000,13093596.92601
1610150400000,96.37,111.58,94.29,110.17,332515.816,34541192.93511,145466,16023414.08595
1610236800000,110.20,158.60,110.17,146.99,1691583.757,239230399.52881,665572,115851778.22323
1610323200000,146.82,148.58,106.19,125.40,1210998.610,152787350.36250,526694,72797797.65047
1610409600000,125.22,135.90,116.51,128.56,509213.155,64224126.68282,255520,30351274.12012
1610496000000,128.61,137.74,120.17,133.35,408692.905,53127988.25104,206884,24608954.51082
1610582400000,133.34,138.16,129.18,133.20,263478.817,35121107.91148,144751,16042493.69027
1610668800000,133.20,137.10,116.51,124.48,272228.716,34765740.44181,154164,15860011.26450
1610755200000,124.42,132.64,121.41,125.00,231104.863,29306528.46185,136912,13874725.15965
1610841600000,124.97,127.16,120.25,124.36,190541.644,23599145.57464,121291,11399120.71776
1610928000000,124.38,132.92,121.01,129.61,241826.474,30656064.33644,146814,13379155.64671
1611014400000,129.69,135.28,122.46,124.56,271600.872,35319572.89640,156682,14567666.18774
1611100800000,124.58,127.44,111.43,121.25,333304.555,39640059.52856,180958,18882126.74490
1611187200000,121.27,122.08,99.59,99.86,363745.550,39386295.72291,195338,18710741.31690
1611273600000,99.81,108.32,93.87,104.84,382959.946,38933263.54909,162920,18358888.69890
1611360000000,104.82,110.13,102.09,105.37,340377.128,36046767.89923,128715,16646741.75624
1611446400000,105.39,111.15,103.59,106.27,266799.333,28620454.06482,109020,13409874.55429
1611532800000,106.30,113.50,104.79,105.05,356193.483,38948529.16528,127651,17980184.17535
1611619200000,105.00,106.44,100.32,105.01,240601.227,24945133.86952,106016,11485345.21214
1611705600000,105.00,105.10,94.40,96.58,268510.345,26519508.22592,110755,12888359.67852
1611792000000,96.54,105.70,94.90,102.81,258479.424,26162903.33464,116903,12247767.99208
1611878400000,102.81,110.48,101.14,104.72,320271.050,33800410.89963,148725,15967313.86597
1611964800000,104.73,106.40,100.61,105.36,169060.350,17520352.22356,85983,8298720.29943
1612051200000,105.36,106.49,100.11,102.53,144703.022,14955498.66934,82364,6707324.68409
1612137600000,102.52,106.00,100.33,103.75,182152.252,18874674.95303,90805,8972724.37050
1612224000000,103.70,111.32,103.28,110.03,274558.210,29342947.41598,116531,13464148.42338
1612310400000,110.04,119.03,110.04,117.19,327807.524,37769892.53386,141804,16324907.07437
1612396800000,117.17,119.12,110.00,111.11,255667.174,29085238.16942,129269,12979127.00534
1612483200000,111.10,122.98,110.51,120.56,393653.985,46445826.34391,158497,20612439.35419
1612569600000,120.60,123.55,114.64,119.20,319660.640,38246257.52249,155441,16391781.09746
1612656000000,119.22,122.33,112.37,118.48,240564.546,28216821.26945,136615,12771789.79392
1612742400000,118.53,126.98,114.95,126.59,257916.501,31326785.60482,143246,13738102.84947
1612828800000,126.59,138.27,124.14,137.57,288145.032,37398833.65520,160967,16966957.78934
1612915200000,137.61,149.33,125.98,139.94,502835.774,69169550.53007,228719,31333927.90920
1613001600000,139.94,168.30,138.31,165.18,568359.582,87548291.01442,271437,41837787.00013
1613088000000,165.04,174.13,155.52,170.26,405177.597,66785477.90031,214054,31107012.96952
1613174400000,170.31,297.44,170.30,268.27,2055971.995,492970647.62770,987857,244862133.28158
1613260800000,268.42,279.98,222.52,231.06,813231.081,200412998.86621,417455,94179789.62466
1613347200000,231.16,291.21,193.44,260.00,1461087.811,371997416.09561,703195,180596367.26826
1613433600000,259.96,273.59,242.63,250.06,702758.312,182699532.21818,348776,89069987.72514
1613520000000,249.99,272.17,235.18,266.83,567814.401,144848421.22176,305402,70106094.81176
1613606400000,266.82,305.87,258.83,281.39,844126.741,238974737.51595,461947,112951164.02513
1613692800000,281.61,338.56,270.13,324.47,894249.798,280630778.89532,517443,135803036.00836
1613779200000,324.42,335.83,281.32,297.70,569797.540,179806953.81504,376385,80317888.52152
1613865600000,297.82,317.83,290.50,301.88,454332.892,137419727.82624,276130,66760365.48378
1613952000000,301.93,303.79,225.66,271.83,544582.578,147947263.87100,369271,72192336.14743
1614038400000,271.78,273.50,200.00,231.33,623418.425,143150126.42440,443634,70982309.85813
1614124800000,231.33,263.38,218.08,237.64,579448.501,140165468.83930,292646,69770527.22301
1614211200000,237.64,249.19,217.00,218.54,526736.463,125053267.21824,225734,60787363.45898
1614297600000,218.68,224.38,202.03,206.81,323005.030,68923889.95746,185101,32412323.19921
1614384000000,206.84,224.56,205.34,210.85,321433.304,69007173.78978,163124,33347414.95502
1614470400000,210.73,212.19,181.38,197.13,383910.523,75430000.31199,184466,36861440.63420
1614556800000,197.24,225.17,196.12,225.15,289352.130,60584957.73021,159232,28869502.23684
1614643200000,225.12,230.46,209.26,216.09,284199.127,62425732.39455,153185,29400227.70330
1614729600000,216.06,236.27,214.04,222.90,252699.357,57262451.26740,156971,27292904.35269
1614816000000,222.80,230.40,206.06,211.43,262471.959,57056057.65318,163665,27050539.69502
1614902400000,211.43,211.86,196.20,205.86,233357.612,47608830.97941,152628,22666443.08270
1614988800000,205.88,210.89,200.63,208.90,161232.508,33310373.30977,109989,16531458.54255
1615075200000,208.90,215.23,206.53,215.02,172837.578,36502560.33074,115253,17567462.88880
1615161600000,214.92,219.40,206.66,218.44,188516.075,40143234.82522,131376,20310182.79112
1615248000000,218.52,246.17,215.06,244.55,308901.512,71789363.47767,215938,33704765.90743
1615334400000,244.56,250.57,226.00,234.78,315197.223,75304680.96904,225168,34283098.32567
1615420800000,234.68,244.54,225.45,235.72,287529.736,67671448.67785,192815,32460912.22775
1615507200000,235.70,240.06,215.00,225.00,264695.454,60008097.16176,181024,28270440.53123
1615593600000,225.06,245.72,217.19,243.75,247513.208,57784523.68446,162333,27215322.70298
1615680000000,243.81,250.88,231.00,231.20,262093.691,63009243.37280,166530,28589792.22904
1615766400000,231.14,240.98,218.18,221.56,232213.601,52856021.95676,161059,25674647.82310
1615852800000,221.39,225.33,210.51,223.91,178507.056,39230614.45934,139424,19523684.26251
1615939200000,223.99,231.50,216.96,229.75,186676.804,41992667.99595,121407,19670651.71304
1616025600000,229.78,238.23,222.13,225.97,231248.386,53286195.76318,144338,24316707.85632
1616112000000,226.04,231.89,219.54,225.75,162369.894,37046677.96681,102903,16886099.70729
1616198400000,225.76,237.06,224.48,227.58,142331.774,33030302.13067,105190,15283801.14773
1616284800000,227.53,231.00,219.54,221.15,140524.744,31570386.59439,103861,13765655.94891
1616371200000,221.16,223.28,202.05,206.68,194026.076,41903231.52041,146574,18643539.41810
1616457600000,206.71,213.19,203.00,207.11,161831.287,33825363.14303,137251,15327686.61510
1616544000000,207.06,214.77,186.22,190.92,219463.742,44827462.05975,158305,19937992.54796
1616630400000,190.93,195.97,181.94,189.19,297995.864,56235508.05071,163706,28761988.35929
1616716800000,189.06,204.04,188.34,203.75,157633.482,30996416.29837,119180,14943648.36223
1616803200000,203.75,205.19,192.88,201.77,187884.240,37519202.43572,110279,17496227.67647
1616889600000,201.77,208.32,196.00,208.10,142135.330,28677918.57986,104908,13879973.23040
1616976000000,208.09,218.14,204.04,215.23,243709.184,51643606.46050,142913,24039828.84125
1617062400000,215.28,220.67,210.51,216.62,216404.642,46638015.98183,137723,22213870.87477
1617148800000,216.65,226.40,204.16,222.92,289427.211,62215349.73968,161964,30665325.63637
1617235200000,222.90,237.54,220.88,233.79,270456.873,62166512.25639,192753,29472784.77475
1617321600000,233.85,251.95,229.50,243.94,294650.034,71235179.59852,196828,33820130.96816
1617408000000,243.96,250.57,221.89,223.08,279058.392,66545288.23154,173972,30635789.28565
1617494400000,223.07,277.02,221.10,271.29,598754.380,155344945.21415,362654,76661111.50839
1617580800000,271.36,279.78,253.71,274.40,423816.605,112798796.95791,255376,53030021.37171
1617667200000,274.44,285.62,256.34,276.57,391148.828,106671822.51135,270515,48407713.14712
1617753600000,276.66,294.46,244.50,253.87,568135.080,152407016.38538,340084,71587518.02130
1617840000000,253.98,270.29,251.10,268.23,230899.169,60446100.03944,169389,28032621.75698
1617926400000,268.28,274.84,261.32,265.42,211739.196,56829382.95358,142817,26826236.94622
1618012800000,265.44,287.32,263.72,283.73,295549.976,81661033.34881,213749,39019114.26455
1618099200000,283.79,295.81,279.14,287.34,297465.392,85607299.48620,209506,40043005.53947
1618185600000,287.26,299.68,272.53,280.74,269186.586,76880649.87841,208576,35280096.39618
1618272000000,280.85,302.58,277.31,294.84,361660.548,104641778.74781,219090,50958427.30008
1618358400000,294.84,319.66,284.61,305.99,461611.057,139887315.49144,318418,64597877.87408
1618444800000,306.00,330.89,299.08,327.51,394975.430,123949221.03824,254343,58312652.78542
1618531200000,327.45,396.72,318.66,379.38,796268.517,282796385.36557,557503,134104178.58940
1618617600000,379.47,412.08,352.83,357.05,573541.026,218656331.65696,436868,102679973.14965
1618704000000,357.23,361.95,230.00,317.58,844257.661,256573484.07620,583316,121529445.17491
1618790400000,317.74,326.98,277.98,294.09,487177.566,147769264.71287,344940,70188912.44755
1618876800000,294.07,330.38,273.11,317.44,561305.494,171262635.20764,404616,84286640.16051
1618963200000,317.51,329.06,293.22,295.22,389490.123,122317689.31792,295444,58696680.91781
1619049600000,295.21,314.53,272.30,276.07,425115.381,126090814.49140,327981,60424372.29228
1619136000000,276.13,282.70,230.00,262.51,568821.281,144793766.98806,388470,71288305.72647
1619222400000,262.47,263.27,239.12,246.22,329929.388,82410529.22872,241660,39689491.51167
1619308800000,246.21,269.50,233.60,247.24,394140.628,100997878.86818,278876,49838171.41945
1619395200000,247.27,281.15,244.10,278.58,334130.235,89996077.67342,259465,44667224.55347
1619481600000,278.56,293.41,274.56,293.18,263133.715,75104422.74144,214900,36251126.78965
1619568000000,293.22,299.27,275.61,289.09,275796.428,79222145.77960,227759,38057990.86716
1619654400000,289.06,290.45,273.84,286.88,230075.102,64997675.98335,178647,30763477.46155
1619740800000,286.97,330.93,282.42,319.96,372748.522,115798934.18647,282539,55402300.67732
1619827200000,320.01,329.41,308.22,322.63,242480.895,77213968.33593,197302,36452197.50825
1619913600000,322.60,324.85,303.76,315.65,206139.031,64706406.00903,174680,28576044.72326
1620000000000,315.62,343.89,315.01,343.11,341353.154,112609379.17777,267541,53040329.35414
1620086400000,343.29,384.09,315.48,361.16,733159.237,258431220.91370,613037,122824652.77555
1620172800000,361.18,421.25,358.59,397.54,665419.432,265040298.15012,624590,125110183.82207
1620259200000,397.53,454.67,373.00,443.84,605852.784,249737647.90045,638071,122070497.25067
1620345600000,443.85,478.49,392.50,405.06,590166.788,257704349.19718,615738,123681481.69607
1620432000000,405.06,429.17,393.42,409.72,305127.234,125546744.32788,302114,61178256.45408
1620518400000,409.78,410.85,374.00,407.38,331219.791,130562327.73962,304322,61210699.02971
1620604800000,407.47,431.48,356.52,371.36,408750.466,163977235.28849,364487,76771870.32438
1620691200000,371.54,434.78,360.57,427.10,428729.370,169049062.05854,387952,83348845.25576
1620777600000,427.03,439.80,348.62,358.77,489289.599,198833100.65016,435118,90601342.76649
1620864000000,359.33,384.94,337.52,357.64,429112.932,154865051.38975,401816,73112425.84471
1620950400000,357.63,386.18,354.71,371.46,220229.163,81747711.70861,212055,38498082.62776
1621036800000,371.48,375.28,333.75,336.74,256066.779,90620597.24183,243660,42654096.96583
1621123200000,336.47,367.37,311.86,331.68,292664.151,99466275.43433,263154,48235910.24267
1621209600000,331.59,332.07,281.72,294.76,438364.476,133747054.47203,416407,64661085.80580
1621296000000,294.88,318.72,290.60,304.87,277162.650,85115665.87000,278791,39653119.73506
1621382400000,304.85,310.67,132.74,189.33,985770.278,224388192.01979,640128,106712590.47536
1621468800000,189.24,237.94,165.39,226.75,604831.019,126085731.20238,435769,61297934.02149
1621555200000,226.81,235.49,165.00,188.20,532767.204,106883854.90912,369647,52840936.60934
1621641600000,188.30,194.20,169.01,178.05,397625.209,72478923.88570,259446,35664561.61981
1621728000000,178.17,184.07,122.28,149.75,640197.912,95345679.91657,364026,48794635.38207
1621814400000,149.84,201.29,146.03,201.14,538177.742,92093935.27509,309940,42898383.09211
1621900800000,201.16,215.68,178.01,195.05,532006.605,103374114.63922,343395,49822559.55307
1621987200000,195.05,221.46,191.50,213.93,359078.048,74801852.56782,237448,37109038.16188
1622073600000,214.02,215.26,191.44,205.00,242942.884,49630496.41688,195417,23985423.89906
1622160000000,205.01,206.37,170.80,183.07,308116.221,57094492.08897,234289,28253250.11194
1622246400000,183.16,210.16,170.61,176.74,475436.107,91661205.39928,310886,46215029.26947
1622332800000,176.78,190.50,165.37,181.72,270646.883,49084857.22091,196698,23419608.49150
1622419200000,181.65,198.57,172.71,197.38,266012.732,49319669.83906,178947,23449845.72487
1622505600000,197.36,201.27,184.30,191.32,236554.752,45179483.36698,166692,21974770.31545
1622592000000,191.34,209.49,186.66,202.43,299662.503,60093327.20949,183687,30898673.82939
1622678400000,202.40,215.89,198.25,210.37,300104.395,62368287.10624,208402,29594081.76941
1622764800000,210.32,210.41,180.40,191.20,346290.282,66258453.00203,246552,30485281.11307
1622851200000,191.13,198.51,178.56,185.17,244812.257,46345718.54140,179479,22038105.15333
1622937600000,185.10,193.25,181.94,185.45,198828.048,37386147.58160,139185,19094318.88370
1623024000000,185.46,193.44,169.65,172.38,241378.699,44666116.70480,161166,21303581.09401
1623110400000,172.46,174.96,152.62,166.07,359660.524,59471384.47907,235876,30148357.35239
1623196800000,166.11,177.62,157.93,176.81,240499.610,40656728.28530,152274,20615233.93648
1623283200000,176.83,179.66,164.45,170.15,204827.172,35344104.63890,132220,17550218.72761
1623369600000,170.18,173.97,163.32,165.60,179942.826,30523624.60390,113673,15115173.46361
1623456000000,165.56,165.70,154.22,163.50,184315.720,29604850.87227,113488,14779098.89473
1623542400000,163.50,172.90,156.90,172.55,191413.476,31283398.43593,100572,15337567.22559
1623628800000,172.51,178.00,167.58,177.84,161797.782,27883422.24117,97856,13474111.96946
1623715200000,177.85,179.36,169.55,171.94,160509.176,27921926.41995,100530,12706697.92805
1623801600000,171.89,174.83,163.18,164.49,178431.745,30092096.56555,102107,14700023.95168
1623888000000,164.40,173.99,160.40,163.92,180243.634,30269577.10166,98895,14809322.92973
1623974400000,163.96,164.97,150.58,155.31,200865.644,31825922.57091,114501,15777391.35839
1624060800000,155.26,160.86,150.85,150.85,192644.310,30065407.59608,110017,15449421.09265
1624147200000,150.84,155.48,141.27,153.29,210514.798,31398170.40368,107280,15574863.75360
1624233600000,153.28,154.13,122.65,122.94,362059.321,48951763.24446,189368,22841757.47850
1624320000000,122.92,131.41,101.58,119.28,534037.446,62779614.13754,248534,29979457.91572
1624406400000,119.28,131.61,113.81,127.37,295744.148,37144282.88775,153978,18541574.99270
1624492800000,127.42,134.64,120.21,131.32,249955.428,31969603.24839,135183,14868889.22355
1624579200000,131.33,134.60,118.78,119.73,322891.443,40380336.86573,175488,19275271.77296
1624665600000,119.74,126.19,115.10,124.25,297354.873,35768551.31092,148870,17749162.65352
1624752000000,124.26,127.44,118.15,127.16,233803.176,28670359.28055,120504,13981102.38023
1624838400000,127.09,134.16,124.67,132.14,235338.910,30286077.28242,124452,13713940.81603
1624924800000,132.18,148.15,130.31,140.78,321714.097,45017085.45170,169335,22445266.50768
1625011200000,140.78,146.64,134.18,145.60,274590.359,38426647.10742,148582,18270227.90599
1625097600000,145.59,145.77,132.94,138.12,250621.735,34317397.08615,169202,17461664.72145
1625184000000,138.09,140.57,129.49,135.34,206377.213,27428177.91521,137413,14300988.20792
1625270400000,135.33,140.25,132.16,138.74,159067.911,21796999.75928,95811,10935065.69581
1625356800000,138.72,143.44,133.69,140.14,166279.343,23134715.24370,93407,10610285.98132
1625443200000,140.20,140.20,129.06,132.35,191086.855,25639348.60944,106167,11843430.01967
1625529600000,132.45,138.69,131.62,134.88,174426.671,23468075.22769,99571,10741855.35240
1625616000000,134.83,139.34,133.49,135.05,145453.492,19915469.80492,77631,9279336.40073
1625702400000,135.07,135.07,123.42,126.45,175937.375,22629782.94342,95448,10711012.26098
1625788800000,126.45,130.40,121.00,128.33,159261.329,20121429.75134,84144,10159745.80087
1625875200000,128.32,131.07,125.00,128.41,147714.040,18763092.98848,83344,9127874.37989
1625961600000,128.44,130.85,125.12,128.35,161068.675,20558829.52575,92464,10242304.77411
1626048000000,128.37,135.10,125.01,126.53,269744.235,35217873.74770,151627,16685280.31959
1626134400000,126.51,127.61,121.66,123.85,176989.285,22054862.33166,105624,10785141.40106
1626220800000,123.87,124.78,115.45,123.06,204262.049,24579444.55498,109125,12690522.97561
1626307200000,123.11,124.99,116.31,122.84,144818.387,17397386.31864,80087,8596603.88988
1626393600000,122.84,124.24,114.26,114.71,179436.474,21335258.88315,97192,10364271.27775
1626480000000,114.68,118.95,113.14,116.04,143053.572,16618068.32746,74317,8908771.71657
1626566400000,116.05,121.97,114.74,115.75,131526.660,15561858.95701,59688,7558985.75653
1626652800000,115.76,175.20,109.42,137.97,3477208.629,475669601.53855,921220,244519933.00399
1626739200000,137.95,147.36,115.10,125.11,2949715.917,370953588.95580,953755,193249530.60015
1626825600000,125.15,151.61,124.02,138.96,1550812.016,215078266.18580,609235,109233104.15541
1626912000000,139.03,146.50,135.14,142.16,652561.280,92371278.55920,310519,46682231.90916
1626998400000,142.13,145.68,135.25,142.76,373546.424,52473826.51077,185720,25642131.75662
1627084800000,142.77,149.05,137.91,140.78,397992.180,57443022.79093,182962,27431262.35034
1627171200000,140.78,142.92,136.48,139.53,256329.783,35683313.54876,142378,16549440.63287
1627257600000,139.53,157.13,138.66,142.14,625126.956,93765350.59115,300734,44068649.77189
1627344000000,142.11,147.70,137.30,145.94,380691.406,54306032.83757,178910,26294137.21860
1627430400000,145.94,156.83,142.74,152.72,499460.699,75798388.84381,235537,37045477.15558
1627516800000,152.72,165.13,147.83,164.37,389569.409,60399782.31577,209824,29844401.27982
1627603200000,164.34,167.43,153.35,165.30,401651.816,64280178.43170,227799,30535748.33928
1627689600000,165.32,168.19,159.60,163.67,208123.758,34077562.79992,122314,16220493.47370
1627776000000,163.66,174.00,157.64,160.19,328657.540,54912711.13529,185491,26384371.04511
1627862400000,160.19,164.35,156.04,161.68,230972.155,37078871.42988,143135,17645682.70630
1627948800000,161.70,164.06,153.19,156.48,202173.839,31735205.88993,127715,15736838.57908
1628035200000,156.49,164.92,151.14,161.64,255964.340,40286250.07045,148830,20604763.38773
1628121600000,161.59,165.38,154.83,164.56,299045.639,48145403.79691,168519,22465524.71181
1628208000000,164.55,168.43,160.16,167.37,245554.286,40336802.28765,149611,18271004.86203
1628294400000,167.32,173.72,164.17,170.45,331992.575,55946746.23319,197720,25320152.47627
1628380800000,170.49,172.61,159.38,161.60,268649.163,44685624.95878,170475,20555554.70728
1628467200000,161.60,181.43,156.73,179.19,405116.781,68658780.92759,256413,33249936.62944
1628553600000,179.18,180.40,169.21,175.99,309854.451,54348578.94807,191345,25606213.44907
1628640000000,176.01,188.29,175.74,181.61,273097.501,49883797.20542,176515,23159817.50020
1628726400000,181.56,190.87,170.43,180.34,286412.116,51398775.52868,178691,24481319.51358
1628812800000,180.41,204.73,177.80,204.73,258074.621,48621649.41247,173324,24110685.75238
1628899200000,204.62,204.92,190.45,199.21,313572.770,61820218.59730,203370,27571701.58510
1628985600000,199.17,217.92,191.37,216.29,331249.285,67411049.47919,220034,31338577.76931
1629072000000,216.29,217.33,199.10,201.46,324401.739,67959162.69475,225742,30639388.20554
1629158400000,201.46,211.77,186.01,194.73,377454.544,75392940.69088,272375,36538070.22201
1629244800000,194.73,214.04,185.91,209.95,437803.500,88432354.89076,289135,42008879.53390
1629331200000,209.93,221.37,199.04,220.28,371071.262,77292577.36793,257792,36123752.45066
1629417600000,220.37,236.00,218.34,233.05,334030.041,76457806.80688,268682,36242269.76278
1629504000000,232.92,249.45,226.93,237.61,341950.473,81201375.98418,302102,38782430.78348
1629590400000,237.64,257.44,230.30,255.74,342803.694,82743570.08715,299957,39587670.27547
1629676800000,255.74,285.33,254.97,270.82,701168.602,192502315.12852,549094,94818623.39241
1629763200000,270.76,274.52,244.51,248.37,351497.689,91630632.56085,352752,43526438.95264
1629849600000,248.40,265.10,239.52,264.72,307659.942,77369178.54117,296963,37447490.81697
1629936000000,264.72,265.34,230.51,232.22,320167.302,78126232.63809,285070,36223190.15398
1630022400000,232.24,243.67,222.31,242.39,317840.726,74437183.57092,245461,33965834.77592
1630108800000,242.35,243.28,234.55,236.83,195823.489,46605459.60101,163921,22598623.16568
1630195200000,236.83,247.50,224.46,225.33,323582.233,75778608.38175,215539,33250250.86197
1630281600000,225.33,231.09,215.06,216.65,312636.186,70050658.30609,244256,31577892.15321
1630368000000,216.66,229.27,212.76,223.97,313626.439,69750120.38277,257519,32656028.08553
1630454400000,223.97,240.92,216.20,239.33,343056.424,79439515.43705,247969,37650112.86033
1630540800000,239.37,246.40,235.01,239.35,268204.420,64731059.19474,187679,28100248.82133
1630627200000,239.35,252.00,233.27,247.85,281582.427,68855603.60743,210310,31584114.61109
1630713600000,247.87,256.89,245.44,252.09,258401.564,65025973.55380,202752,29510908.57850
1630800000000,252.13,269.54,248.48,264.86,296151.511,76757097.68944,232403,34804932.60402
1630886400000,264.89,266.08,250.16,255.91,278745.933,72048670.38165,202925,33026679.96934
1630972800000,255.93,256.80,170.35,207.44,712017.047,155987676.11496,441226,70495976.13888
1631059200000,207.51,211.98,184.31,202.00,499511.106,99947278.66916,337577,48663127.66945
1631145600000,201.98,208.06,194.66,202.61,335458.513,67939664.94044,258148,32987987.99505
1631232000000,202.57,215.00,187.14,193.06,360266.094,72428803.72505,258565,34569615.64421
1631318400000,193.01,204.00,191.61,194.13,218800.289,43356971.78941,170287,20883603.81286
1631404800000,194.15,206.44,189.11,203.60,190708.139,38110021.01049,153679,17898286.97014
1631491200000,203.66,215.07,186.37,196.70,337034.968,66110013.70743,243656,31356356.45900
1631577600000,196.70,206.06,194.69,205.79,218448.031,43750977.12067,164003,20996260.85313
1631664000000,205.77,209.88,202.33,209.20,185400.457,38217189.25940,139537,18975712.94100
1631750400000,209.20,219.82,202.56,208.34,299896.575,63635723.34579,208972,30339964.63823
1631836800000,208.38,209.68,195.15,199.38,203022.026,40952284.99512,152319,19282667.55347
1631923200000,199.39,205.82,195.24,199.49,165552.894,33439561.44662,127977,15960630.17609
1632009600000,199.55,201.36,190.24,193.07,203785.200,40057414.84261,157511,18749403.55174
1632096000000,193.03,193.61,167.72,170.10,485382.196,86276474.37942,323936,42209936.32061
1632182400000,170.09,176.96,154.77,157.37,490928.261,82249598.65280,336617,41482474.81840
1632268800000,157.37,176.23,154.03,175.45,314302.194,52219224.53611,237817,25388690.66463
1632355200000,175.36,184.93,171.49,184.45,404221.035,72355872.21585,264574,35480564.46394
1632441600000,184.45,185.24,156.44,165.49,412999.007,70141628.64303,275328,33862954.57108
1632528000000,165.48,171.81,159.11,164.24,312743.276,51729748.85609,207437,25088951.39101
1632614400000,164.23,165.13,150.43,161.99,340631.640,54349449.28049,200995,26660723.00060
1632700800000,161.99,167.40,153.28,153.52,259899.555,41785996.76835,165694,20216438.42876
1632787200000,153.51,158.53,146.21,147.16,325064.041,49734161.20894,201397,24751854.79799
1632873600000,147.13,160.93,146.36,152.49,390412.460,60250556.97414,224021,29787234.59087
1632960000000,152.54,170.00,151.79,166.19,320732.797,51581315.91207,182226,24836393.46719
1633046400000,166.17,177.02,163.24,176.75,314815.685,53911528.42908,182646,26374472.63202
1633132800000,176.74,182.88,171.62,177.60,189044.293,33486468.97991,142859,16327558.27716
1633219200000,177.66,182.21,173.50,178.24,219746.383,38951309.12955,150421,19131394.08291
1633305600000,178.30,180.35,167.85,174.35,268027.817,46511767.87587,181266,22632984.19436
1633392000000,174.31,184.99,171.81,182.83,258175.499,45715457.59395,156350,22400066.72166
1633478400000,182.84,190.73,170.66,185.29,414424.140,75284281.81185,236511,35520075.31909
1633564800000,185.35,198.52,179.98,189.43,437210.475,82994686.66036,278985,40071641.88942
1633651200000,189.42,199.00,185.94,189.81,281718.544,54093571.29445,216782,25608755.97841
1633737600000,189.84,194.71,186.64,193.98,209438.716,40181833.41214,161064,19319152.27833
1633824000000,193.97,195.90,181.33,182.28,218276.503,41518081.90823,165829,19946898.34127
1633910400000,182.30,191.30,178.17,182.96,232346.778,43039706.42738,140711,19766270.74286
1633996800000,182.91,182.96,170.21,180.73,291431.757,51382598.04293,190237,25936480.05033
1634083200000,180.68,183.90,173.15,183.30,317979.719,56811876.29501,199352,27849441.09341
1634169600000,183.32,189.97,182.30,187.07,231094.044,42996095.26670,169063,20565221.57678
1634256000000,187.08,195.18,181.90,194.33,261157.340,49239433.26762,199943,23198124.84456
1634342400000,194.33,198.70,189.53,190.62,229425.737,44566566.79757,178460,20369881.97202
1634428800000,190.57,193.18,179.00,186.43,194885.341,36630054.31267,165663,16992668.12227
1634515200000,186.45,190.76,180.52,186.84,198690.820,36949662.92780,170575,17229236.52887
1634601600000,186.81,195.49,186.17,194.22,236588.936,45249970.59184,173307,21817944.79943
1634688000000,194.23,206.20,189.53,201.92,262616.829,52076587.43736,198569,23594725.71379
1634774400000,201.92,208.44,192.40,196.81,335419.831,67522115.13292,253078,31684272.27131
1634860800000,196.86,203.56,192.75,195.66,221857.946,44075723.21014,183773,20483596.47183
1634947200000,195.66,199.01,191.44,198.09,167128.347,32780544.74339,127169,14902054.23212
1635033600000,198.09,214.50,197.05,202.80,613360.177,127842086.30170,386862,59951496.74052
1635120000000,202.80,210.20,201.56,209.03,289665.986,59860184.26121,198775,28141811.49964
1635206400000,209.03,209.10,195.01,198.74,255049.608,51753590.54061,182897,23089691.39030
1635292800000,198.72,202.36,166.17,175.23,469195.237,86102563.40487,297842,40031246.81213
1635379200000,175.23,186.63,173.17,183.63,363175.331,65781185.68014,241093,31145516.66581
1635465600000,183.67,189.42,181.81,187.92,249242.099,46342744.20893,192085,21554026.92113
1635552000000,187.92,189.55,179.51,184.02,197725.399,36582536.71347,169430,17232886.68380
1635638400000,184.04,200.51,183.51,193.00,353223.868,67793486.22059,265355,31825830.21887
1635724800000,193.05,195.00,183.51,189.38,264256.368,50307221.27331,195542,22773927.42568
1635811200000,189.33,203.12,187.65,200.40,243953.964,47578241.62141,194287,21582706.16405
1635897600000,200.42,206.00,192.94,202.20,341639.382,68439638.58250,262743,31583648.83546
1635984000000,202.20,204.96,193.82,199.01,250451.356,49936349.30369,200233,23062314.61882
1636070400000,199.04,200.11,191.47,194.61,161786.751,31650022.14018,155191,13982248.81839
1636156800000,194.62,197.97,185.31,191.38,160323.267,30658249.95262,135328,14445354.73830
1636243200000,191.38,194.13,189.83,194.13,116896.579,22436505.82977,107663,10371106.29910
1636329600000,194.13,213.59,193.49,212.18,404245.015,82432485.95162,287492,38447726.24403
1636416000000,212.26,239.22,211.19,234.58,922144.295,211622596.98960,620011,100597343.53186
1636502400000,234.58,248.22,205.40,217.29,652336.925,151442158.72442,488421,71367099.03840
1636588800000,217.28,235.35,213.30,231.93,418784.479,95065824.30654,303092,47165356.67015
1636675200000,231.91,236.51,212.31,221.55,347850.484,77849780.04841,272940,36587170.49244
1636761600000,221.57,233.20,217.40,229.02,276352.986,62073539.98370,235243,29508626.09591
1636848000000,229.02,232.23,220.11,229.30,181102.615,40912834.75568,186934,18860702.27012
1636934400000,229.34,240.78,223.77,224.71,360901.988,83860346.33542,302498,38774126.00294
1637020800000,224.67,224.72,186.95,198.52,541125.312,110601650.74117,427625,51372585.17161
1637107200000,198.48,200.81,184.70,189.44,411227.255,78409452.68262,322537,37521638.20739
1637193600000,189.47,191.30,170.00,175.63,486977.572,87803540.83165,349044,41697684.30124
1637280000000,175.69,189.49,173.93,189.45,349869.312,64382828.55140,265238,31849813.72097
1637366400000,189.39,198.23,186.18,193.84,313386.587,60525639.95423,253896,28000655.26976
1637452800000,193.85,208.81,187.33,207.28,348373.460,68988757.96157,287200,33498672.72382
1637539200000,207.29,209.19,188.62,198.01,493112.072,96521815.87289,375962,46123362.12554
1637625600000,198.02,201.07,184.56,187.73,346662.462,66308587.55061,285418,32435139.48032
1637712000000,187.72,205.30,184.45,204.27,781301.116,153939496.20793,482375,73922491.09640
1637798400000,204.30,215.90,202.34,214.94,426156.829,88995886.72389,300505,42975870.73036
1637884800000,214.96,215.87,177.94,183.72,516550.988,98219808.92865,371012,45800594.74341
1637971200000,183.63,189.96,180.61,182.58,253346.935,46937623.01868,188450,21917317.86364
1638057600000,182.55,183.13,164.00,178.66,450681.517,78803019.95371,310612,37105740.87226
1638144000000,178.65,184.59,175.70,182.08,323513.895,58268508.19992,223642,27284936.13471
1638230400000,182.08,186.50,174.53,180.11,371328.079,67237343.43445,279848,31369995.42774
1638316800000,180.10,185.74,176.70,178.36,249970.031,45316034.77816,197940,21163412.41872
1638403200000,178.39,178.59,172.43,176.14,208580.973,36653742.87036,175499,17296355.92600
1638489600000,176.14,180.62,158.09,167.13,320530.931,55245473.89326,240344,25314872.58066
1638576000000,167.16,167.78,108.54,142.48,927018.174,127713030.76409,447300,59932104.61076
1638662400000,142.44,144.94,126.29,134.44,487087.881,65698389.04481,252855,31648111.26922
1638748800000,134.43,139.85,121.81,137.20,586288.690,76067950.99878,289822,37364258.30791
1638835200000,137.20,144.67,135.51,138.19,448852.787,62411193.87921,244470,29872293.73717
1638921600000,138.18,148.78,134.98,147.57,561462.350,80185978.55098,294429,38444125.08071
1639008000000,147.56,151.41,135.53,135.97,598664.060,85845603.55942,313274,42073979.43348
1639094400000,135.95,141.54,131.17,132.87,475675.730,65086629.83066,236623,32129189.01472
1639180800000,132.89,141.83,130.41,140.55,366925.374,50572605.49156,189735,24719252.95756
1639267200000,140.51,140.89,133.82,138.11,255592.304,35133635.14775,146143,17295150.07403
1639353600000,138.13,139.85,123.54,126.26,392561.217,51224446.72503,204858,25065707.51764
1639440000000,126.26,134.12,124.50,131.48,442676.105,57031095.05407,208651,28484587.01090
1639526400000,131.45,136.66,124.05,134.10,392442.260,51014261.11258,203019,24925247.79376
1639612800000,134.11,135.97,129.76,130.29,248935.133,33250124.34300,134921,15814800.05340
1639699200000,130.27,132.34,123.85,128.22,286140.534,36849336.42609,164295,17893792.51345
1639785600000,128.20,132.40,126.16,129.53,219855.638,28540110.35334,117319,13686973.39552
1639872000000,129.53,133.15,128.47,128.98,209142.443,27384548.31180,107608,13064593.16197
1639958400000,128.98,130.13,122.44,127.17,299350.966,37690957.93546,135631,18054372.33110
1640044800000,127.15,134.80,125.35,133.54,247075.921,32261555.44975,113110,15833482.09429
1640131200000,133.61,142.96,131.11,135.09,318068.276,43263672.85750,160522,21082996.91341
1640217600000,135.10,147.41,131.57,146.65,381853.795,52996602.79465,194245,25039511.44453
1640304000000,146.65,156.71,144.64,149.39,616804.954,93412231.36765,284321,46252849.50909
1640390400000,149.41,153.76,148.06,149.97,252008.265,38085869.07522,147950,18667513.95682
1640476800000,150.06,150.97,145.00,149.06,206815.109,30754283.26151,123560,14347390.81792
1640563200000,149.07,155.73,148.88,150.93,251587.080,38419598.16198,135406,17786517.10173
1640649600000,150.94,150.96,134.51,134.68,427563.902,60238421.90956,192962,29192387.41370
1640736000000,134.68,136.87,131.20,133.38,313527.182,42167492.67387,152610,20653640.19729
1640822400000,133.39,135.78,129.26,133.01,270952.544,36009004.69684,140740,17577633.56859
1640908800000,133.01,142.49,131.00,133.59,387244.582,52830556.99449,190531,26141353.63619
1640995200000,133.62,139.40,133.53,138.14,188390.443,25675527.62281,104604,12315519.03842
1641081600000,138.16,143.26,136.21,141.95,174868.529,24455112.44735,108290,11540019.40838
1641168000000,141.94,142.97,136.25,139.17,182809.332,25592068.72016,120749,12314497.59865
1641254400000,139.17,140.00,133.34,134.72,230899.306,31553434.89964,138590,14978146.92344
1641340800000,134.69,137.05,116.64,122.57,399066.166,51745544.54035,207291,24322425.78238
1641427200000,122.48,125.31,117.80,124.29,336398.899,40896766.97807,172553,20265380.94636
1641513600000,124.28,134.92,115.16,134.63,1026878.482,131113127.66623,419112,62456347.81508
1641600000000,134.61,146.93,131.55,141.93,1650053.336,228173076.11542,601386,118534696.85557
1641686400000,141.85,157.99,140.40,152.99,1369764.759,200356234.81108,547865,104312386.95620
1641772800000,152.94,154.94,139.78,147.91,1197196.417,176128973.12284,557967,93018230.50815
1641859200000,147.96,156.24,141.03,141.58,639836.238,95037628.83613,322288,46801605.26415
1641945600000,141.59,144.69,138.32,143.37,618537.994,87727404.03982,302733,39198989.71173
1642032000000,143.37,144.83,137.00,141.46,485022.790,68604517.30349,246228,32615793.74235
1642118400000,141.46,146.91,138.99,141.09,472003.627,67457221.34097,233863,32680616.60329
1642204800000,141.10,142.55,138.53,141.41,223108.187,31397032.15396,124304,14182057.53702
1642291200000,141.38,142.77,135.52,137.38,279283.704,38779053.89482,146295,17417608.85302
1642377600000,137.43,138.28,132.63,135.68,343225.579,46486155.25939,178006,22750256.18240
1642464000000,135.68,136.97,127.22,130.53,352456.648,46145363.10488,188121,21445087.05406
1642550400000,130.53,132.07,126.00,126.61,350088.340,45227870.88974,182225,22904543.94879
1642636800000,126.63,133.64,120.44,120.99,295857.901,37992946.20333,165639,18787835.92315
1642723200000,120.98,122.23,102.29,105.59,641198.222,73377497.60267,294746,34711826.83102
1642809600000,105.59,107.63,85.09,96.94,821084.840,78796054.43310,335650,38543513.96648
1642896000000,96.97,100.79,92.77,99.44,480899.986,46666240.04266,179974,24341291.11623
1642982400000,99.44,100.14,80.46,90.37,1103023.683,97130143.73264,373360,48445462.49089
1643068800000,90.35,92.42,87.78,89.41,544896.665,49033591.15683,199930,23764205.52478
1643155200000,89.42,99.15,88.29,92.99,530087.407,49172081.25197,201089,24900691.83478
1643241600000,92.99,94.07,87.10,91.61,551769.994,50225725.79771,210353,24267047.59242
1643328000000,91.61,95.99,89.66,95.43,407421.778,37824613.06735,180101,18866962.23243
1643414400000,95.41,97.84,93.19,96.52,267005.392,25551594.98993,116289,12497790.85020
1643500800000,96.51,98.09,91.88,92.69,277304.005,26433187.53196,121792,12971421.30149
1643587200000,92.66,94.95,88.20,94.10,292730.329,26731273.96554,124852,12848891.49040
1643673600000,94.11,97.46,93.70,97.19,241155.510,23039431.83307,105239,11240738.49562
1643760000000,97.18,99.44,92.00,92.81,300723.486,28932128.91990,127562,13998111.50265
1643846400000,92.82,95.20,90.15,95.09,259873.909,24103021.15813,110459,12129232.70615
1643932800000,95.09,103.23,94.24,102.90,318422.587,31428923.51610,146147,15743549.74100
1644019200000,102.87,106.63,101.01,103.49,282459.634,29374163.95197,145384,13527986.15539
1644105600000,103.46,109.01,102.36,108.64,256806.680,27154419.26883,114680,13567773.90482
1644192000000,108.66,116.98,105.83,115.79,283443.126,31791557.55841,136700,15240418.09506
1644278400000,115.79,119.44,109.31,112.71,368800.577,41730162.03498,167219,20219488.91615
1644364800000,112.69,118.18,110.11,114.91,281303.346,32233611.71868,147860,16042233.60650
1644451200000,114.88,117.43,109.67,111.56,373074.358,42468976.74715,158898,20163152.10660
1644537600000,111.54,114.56,102.52,103.94,336988.096,37114737.66701,166570,17481946.03629
1644624000000,103.94,106.61,99.81,103.98,291664.692,30070520.63409,141370,14333558.62889
1644710400000,103.95,106.24,100.63,101.87,234934.598,24311614.46197,118678,12437388.67843
1644796800000,101.86,104.66,98.50,103.70,235633.478,23974121.16207,110719,11904110.22353
1644883200000,103.77,109.87,103.55,109.27,204423.893,21936287.58845,108346,10176189.79903
1644969600000,109.28,116.11,105.94,115.28,384659.060,42598169.29280,159680,21076203.89896
1645056000000,115.24,118.66,103.11,104.59,848160.092,95963241.81446,297585,47585706.44057
1645142400000,104.60,110.56,103.33,105.19,468624.799,50113174.90573,179733,25578269.95555
1645228800000,105.19,106.66,99.75,102.37,300198.157,31005132.12129,138522,14526136.61322
1645315200000,102.37,102.54,94.83,97.92,388088.089,37916081.15704,146729,18527915.15917
1645401600000,97.88,101.43,86.25,86.92,553211.477,52565197.41119,199127,25721323.09108
1645488000000,86.93,93.91,84.13,93.56,406075.534,36347581.61647,150131,17909604.19434
1645574400000,93.56,96.19,88.00,88.22,335935.454,31223970.08294,122910,15491002.97354
1645660800000,88.24,90.99,76.97,87.75,659752.686,54494388.75273,219161,27269490.26126
1645747200000,87.75,94.07,85.99,92.60,329243.116,29484533.75806,131894,14852724.20602
1645833600000,92.59,96.03,91.49,93.67,211421.793,19764853.85161,108716,9765528.66537
1645920000000,93.67,95.46,86.06,88.16,270436.691,24634509.70709,118011,12123179.43387
1646006400000,88.17,100.60,86.49,100.47,303374.097,28211457.69776,127827,14134843.62536
1646092800000,100.48,102.95,96.41,99.98,315729.008,31520761.84270,146623,14953842.24682
1646179200000,99.99,103.65,96.58,100.77,329340.256,32891351.40655,149001,15820261.23279
1646265600000,100.78,102.86,94.73,96.67,359736.889,35606144.38236,165527,17112606.80073
1646352000000,96.66,97.02,87.68,89.45,298332.418,27786691.85462,133300,13546952.49068
1646438400000,89.47,90.28,86.60,89.58,186073.829,16514616.56330,89827,8018102.40539
1646524800000,89.57,90.65,84.73,85.57,238574.072,20862166.71357,111667,9743191.86093
1646611200000,85.57,90.48,83.39,85.75,317607.702,27502948.49229,129876,13341515.66761
1646697600000,85.73,97.39,85.18,96.25,463411.404,41824274.12350,193280,21404533.12087
1646784000000,96.25,101.76,95.32,99.69,789496.012,78278201.13962,280360,37659635.10199
1646870400000,99.70,105.47,92.77,104.57,1109190.005,110678183.54528,406393,54998294.22988
1646956800000,104.57,104.64,94.69,94.86,732916.386,73543533.89873,263687,35430579.82949
1647043200000,94.86,101.08,94.76,99.08,442464.766,43248407.73485,168942,21494594.52270
1647129600000,99.06,102.93,91.78,93.67,482249.717,47141454.00251,210226,23076795.26745
1647216000000,93.66,98.82,92.03,98.11,402792.632,38257133.00229,170225,18470904.38344
1647302400000,98.11,98.38,92.71,95.07,301177.935,28794965.95232,136335,13282110.78568
1647388800000,95.08,99.86,94.20,98.33,334812.093,32347635.59805,159134,15521388.32574
1647475200000,98.33,100.44,96.04,96.30,257692.652,25219685.99293,110962,12116391.33815
1647561600000,96.28,99.54,92.92,98.66,334394.271,32100071.44978,136752,15787824.20361
1647648000000,98.65,104.74,98.59,102.91,334105.913,33925462.41239,147800,16422006.37707
1647734400000,102.91,118.18,101.10,115.65,1528694.548,170699902.10233,582325,84812765.74321
1647820800000,115.70,124.07,112.10,123.48,1563266.236,185548762.10255,620942,92843995.35505
1647907200000,123.49,132.86,121.25,130.66,1066564.605,136548256.43609,414087,68730251.30647
1647993600000,130.69,138.88,126.43,129.74,1039532.919,136840224.35496,454910,66989612.65836
1648080000000,129.73,134.02,123.42,129.88,668319.660,85801127.16006,307330,41437994.45105
1648166400000,129.90,132.50,121.60,126.16,541126.163,68891003.28119,257787,32045918.70802
1648252800000,126.16,131.89,125.33,128.11,496633.816,63908643.69606,250339,30345652.12027
1648339200000,128.12,133.28,124.73,132.84,315960.732,40610126.02512,175137,19468884.68699
1648425600000,132.88,138.20,125.60,127.62,693802.205,92631291.86749,309642,41571231.81621
1648512000000,127.61,135.87,127.08,130.23,457111.320,59946350.32098,217159,27770469.07083
1648598400000,130.27,137.07,126.26,133.09,501282.940,66485968.91664,248286,31294400.20379
1648684800000,133.10,137.44,125.20,127.20,605543.776,80123095.34786,308391,36868210.34501
1648771200000,127.18,130.70,121.04,128.15,364349.742,46106246.26547,209235,21662342.99390
1648857600000,128.14,131.61,126.35,127.44,314284.219,40612052.18350,191458,18527561.61054
1648944000000,127.43,135.74,124.23,132.64,406443.639,53225413.88197,247595,24877533.54145
1649030400000,132.65,134.50,125.45,133.20,519206.260,68084910.03383,273342,32244144.25971
1649116800000,133.23,136.62,126.25,126.94,438321.105,57815489.73191,243461,26697096.41184
1649203200000,126.94,127.15,113.05,113.56,625494.668,75286586.38827,312878,35886351.56430
1649289600000,113.53,117.75,110.89,116.72,360504.938,41296661.37596,201026,20083312.82664
1649376000000,116.72,118.10,108.22,110.75,368529.862,41835112.20364,191261,20033031.05771
1649462400000,110.76,117.93,110.39,114.72,406237.505,46380367.46933,221121,22150592.78227
1649548800000,114.73,115.60,110.20,111.05,291462.972,32865544.28579,142749,15857046.91490
1649635200000,111.03,112.20,98.53,100.71,510730.148,53411203.98046,233078,25021370.66404
1649721600000,100.68,105.28,99.41,102.37,324458.122,33166309.10271,162246,16098278.02118
1649808000000,102.38,107.00,100.98,105.28,400842.371,41718257.64624,177704,20338011.90842
1649894400000,105.28,108.42,101.36,106.06,383486.926,40394222.10473,182635,20138903.66506
1649980800000,106.07,111.49,105.70,109.16,687593.042,74710726.00853,262858,37120865.25136
1650067200000,109.17,110.38,106.49,108.21,254496.584,27617687.36852,101606,13571228.67838
1650153600000,108.18,109.75,103.95,104.28,231130.378,24941581.25390,96484,11925973.31951
1650240000000,104.23,108.87,100.65,108.64,390012.663,40841178.65597,164842,19701149.15325
1650326400000,108.66,110.63,105.83,109.59,307829.895,33391228.64115,133242,15991335.63951
1650412800000,109.59,109.70,105.19,107.03,299091.756,32166457.54353,135765,14860324.67275
1650499200000,107.01,109.90,99.39,102.01,359000.349,38080144.69528,157436,17217054.41083
1650585600000,102.04,105.97,101.23,103.59,296784.825,30762685.14926,138851,15096891.92782
1650672000000,103.59,104.48,101.00,101.83,157501.035,16227868.23753,81770,7586893.14214
1650758400000,101.81,102.49,98.69,99.91,189810.598,19130805.42238,93673,9102777.32632
1650844800000,99.91,100.15,93.15,99.41,349535.352,33804293.04730,154862,16105832.04305
1650931200000,99.41,101.28,91.22,93.04,355438.153,34457238.26969,167661,16465129.87105
1651017600000,93.04,96.28,92.17,95.56,208441.753,19738160.48632,101576,9812143.63590
1651104000000,95.56,99.85,94.62,96.38,328848.212,31838045.87435,135316,15780966.77440
1651190400000,96.40,99.64,90.39,91.97,363862.178,34610812.25177,155476,16471547.16576
1651276800000,91.96,94.43,80.44,84.62,329860.753,29575251.39428,151420,13722824.71414
1651363200000,84.63,90.56,83.61,89.90,287603.196,25090513.39740,127597,12569612.84878
1651449600000,89.86,90.97,86.23,89.22,277989.177,24713638.80962,116579,12435184.04286
1651536000000,89.22,90.71,86.38,88.11,240730.652,21461417.70358,105258,10452944.47844
1651622400000,88.12,95.96,87.61,95.79,293326.384,26730987.42028,134263,13263002.20406
1651708800000,95.81,97.53,84.46,87.45,435324.822,39831624.49692,186668,18861801.24305
1651795200000,87.43,88.41,84.28,87.66,307751.310,26657467.49025,123002,13172413.65947
1651881600000,87.67,87.84,81.48,83.44,247118.338,21087333.46775,103653,10255794.79102
1651968000000,83.45,85.40,79.71,82.89,364401.711,30246725.90644,147216,14685271.96542
1652054400000,82.92,85.66,68.48,69.67,759966.818,58086455.79442,273410,27915671.99853
1652140800000,69.67,78.97,68.03,73.33,810999.681,60012541.03256,292487,29997945.06817
1652227200000,73.35,74.59,53.52,58.17,1292547.698,83592169.86596,420259,41655835.31103
1652313600000,58.19,61.61,44.81,53.76,1381449.000,71648943.67532,398959,35389287.82965
1652400000000,53.77,62.64,52.62,57.99,561241.724,33157499.87215,179567,16132372.56793
1652486400000,57.98,61.47,55.10,60.89,452271.425,26538258.72264,136017,13345790.40941
1652572800000,60.89,63.09,58.27,63.04,590462.077,35780858.63596,153963,18331995.76147
1652659200000,63.04,63.23,55.22,57.88,728009.059,42279752.67597,188121,20683525.67365
1652745600000,57.87,61.17,56.38,60.14,499966.690,29567643.08446,138436,14682782.68401
1652832000000,60.15,61.67,55.04,55.64,518398.787,30270797.73606,150467,14603846.62427
1652918400000,55.67,59.41,53.25,58.82,531536.304,30008156.62957,153946,15291343.92543
1653004800000,58.81,60.17,55.67,57.29,540355.282,31328813.51380,153525,15426941.60247
1653091200000,57.30,58.23,55.69,56.99,369417.139,21072744.19251,99824,10259850.81551
1653177600000,56.98,61.86,56.44,61.48,354622.276,20866014.06005,100264,10135918.91991
1653264000000,61.47,64.81,58.80,59.82,680471.484,42523482.82161,173280,20905251.95175
1653350400000,59.81,62.51,58.06,62.33,452154.148,27379152.31778,135777,13249751.22887
1653436800000,62.33,64.16,60.66,62.19,500767.209,31194295.21520,141479,15019217.13900
1653523200000,62.18,63.35,55.41,58.11,572826.302,34000886.84709,162212,16855555.63654
1653609600000,58.09,58.84,53.98,54.83,572416.702,32082974.50333,172636,15616953.32869
1653696000000,54.82,57.06,54.00,56.50,330297.546,18436285.68411,87773,9226268.49369
1653782400000,56.48,57.91,55.03,57.82,250426.321,14164086.70096,68314,7197828.09794
1653868800000,57.84,63.50,57.32,63.12,437211.730,26556155.23071,118572,13010054.11685
1653955200000,63.14,65.32,60.21,64.55,472275.845,29561903.12154,140914,14698662.91491
1654041600000,64.56,68.04,58.48,59.13,700721.296,44560187.20730,181429,21350779.09754
1654128000000,59.13,60.32,57.87,59.76,360686.701,21336799.77217,113699,10689379.11430
1654214400000,59.75,59.98,56.21,58.18,412131.108,23928530.31938,114977,12069169.03247
1654300800000,58.17,59.23,57.13,58.64,216623.575,12592596.05421,68942,6232475.87527
1654387200000,58.64,59.21,57.59,58.56,208630.467,12198560.06666,66735,5926580.78921
1654473600000,58.55,61.98,58.35,60.00,377470.407,22898482.75719,108366,10975693.81184
1654560000000,60.02,60.80,55.93,58.32,531792.453,31091442.88835,136456,15380507.44368
1654646400000,58.31,59.35,57.32,58.02,283288.591,16525487.65869,84147,8271219.86726
1654732800000,58.00,58.58,57.03,57.70,243301.909,14045228.65931,69620,6918865.93695
1654819200000,57.72,57.96,53.02,53.87,384327.919,21208915.08363,98606,10403967.03020
1654905600000,53.86,54.65,48.33,49.05,390915.611,19983844.25336,102199,9472787.92623
1654992000000,49.06,49.86,45.43,46.09,543838.930,25976249.53303,132969,13232966.82782
1655078400000,46.07,46.53,39.35,42.52,999462.522,42183726.24589,248530,20998880.86808
1655164800000,42.52,44.53,38.91,43.50,729924.705,31008009.00439,171291,15247484.50959
1655251200000,43.49,45.91,38.52,45.82,845389.005,35264200.63622,182466,17256068.45365
1655337600000,45.81,46.40,41.05,41.85,543770.219,23402360.07195,130075,12049784.62257
1655424000000,41.87,44.36,41.35,43.58,459844.042,19928112.46324,114346,10034524.40850
1655510400000,43.58,44.24,38.42,41.56,620123.895,25485406.01645,129850,12713518.38586
1655596800000,41.56,45.24,39.85,44.30,491117.456,20780412.41961,100355,10297799.64045
1655683200000,44.30,46.25,43.00,45.35,471696.983,21157140.30978,110501,10402887.88432
1655769600000,45.34,48.54,44.59,47.07,506543.112,23781232.93887,112728,11384571.26181
1655856000000,47.08,47.28,44.34,45.13,481416.982,22037321.18732,103836,10823751.37877
1655942400000,45.13,48.86,44.99,48.60,527936.793,24933945.17176,98121,12547719.58014
1656028800000,48.58,52.65,48.57,51.69,647291.144,32513671.20500,105549,15822636.23155
1656115200000,51.71,52.79,49.55,52.27,293552.850,15091266.47524,75457,7373937.93695
1656201600000,52.29,53.33,49.10,49.28,376823.634,19394543.85018,81549,9602928.35222
1656288000000,49.27,51.66,48.48,49.13,335772.986,16788385.16470,84837,8510813.78504
1656374400000,49.13,49.80,45.72,46.26,416281.851,20017632.69689,88304,9929799.79416
1656460800000,46.25,47.00,43.86,44.56,566899.113,25671201.79919,116733,12304848.24613
1656547200000,44.57,44.89,40.16,42.32,629275.008,26313331.02250,123945,13240028.99820
1656633600000,42.31,43.53,40.64,41.75,625838.527,26196856.46739,107104,13409255.92163
1656720000000,41.75,43.29,40.67,42.90,387543.929,16250803.74518,74824,8070341.46753
1656806400000,42.90,43.47,41.43,42.76,315975.118,13390188.34513,69056,6613302.52334
1656892800000,42.77,44.55,41.50,44.30,459415.379,19707373.99129,85451,9692180.44465
1656979200000,44.28,44.87,41.73,43.07,570618.177,24794361.49790,102094,12223032.99163
1657065600000,43.06,44.78,42.40,44.23,588932.689,25583376.13827,86168,12781239.06627
1657152000000,44.22,46.33,43.64,46.00,343010.276,15426768.18164,74430,7664242.21402
1657238400000,46.01,47.36,44.80,45.73,363482.712,16730789.97496,84347,8299628.89882
1657324800000,45.73,48.16,45.70,47.80,292358.939,13799576.45408,66305,6984459.98456
1657411200000,47.81,47.83,44.66,45.11,292978.214,13509889.25677,69367,6468615.66928
1657497600000,45.14,45.17,41.20,41.48,422711.335,18415794.34311,95696,9110382.34389
1657584000000,41.50,42.11,39.63,39.81,523793.071,21493886.29591,85493,10949696.66978
1657670400000,39.81,42.50,39.29,42.39,688722.283,28121507.99123,107473,14052636.76962
1657756800000,42.40,43.90,40.52,43.68,392097.527,16513959.98398,87232,8129382.54294
1657843200000,43.70,44.79,43.01,43.24,364958.599,16027140.19730,87023,7792225.43173
1657929600000,43.24,45.02,42.05,44.84,364967.191,15897996.31944,82581,7861691.74864
1658016000000,44.84,47.13,44.11,45.95,461197.969,21217502.29779,107905,10606725.72731
1658102400000,45.97,49.74,45.89,48.89,595995.714,28560897.39368,138576,14060965.77148
1658188800000,48.89,50.85,47.28,50.08,648698.961,31873729.63782,144842,15708168.31783
1658275200000,50.08,50.88,46.66,47.09,451949.094,22240589.99712,124621,11091121.51778
1658361600000,47.09,48.50,45.35,48.15,358998.055,16939359.07158,107448,8474325.85120
1658448000000,48.15,50.78,47.56,48.33,440779.346,21741901.89251,116346,10794222.16602
1658534400000,48.34,50.26,46.54,47.61,301634.782,14567174.01086,91461,6885484.26864
1658620800000,47.61,50.11,47.53,48.86,280484.374,13667221.69711,83587,6967197.09919
1658707200000,48.86,49.37,44.79,44.91,404592.523,18893156.84061,101147,8866416.28471
1658793600000,44.90,45.01,42.37,43.96,417822.130,18250009.97983,94132,9148422.04237
1658880000000,43.98,48.11,42.83,48.03,506794.759,22903082.31504,110887,11356854.03013
1658966400000,48.01,53.76,47.61,52.45,714920.019,35875009.23238,148001,16910549.99279
1659052800000,52.46,54.64,49.90,50.63,691754.565,35985285.84401,144661,16911829.50923
1659139200000,50.65,53.54,50.08,50.70,514762.883,26774787.08937,117683,12939925.67230
1659225600000,50.71,53.92,50.23,51.05,443476.386,23084851.25074,118257,11438318.14574
1659312000000,51.05,52.51,48.41,49.52,446012.780,22519186.88379,111569,10647780.22988
1659398400000,49.54,50.23,46.98,48.48,497177.114,24148816.64339,119122,11900704.79614
1659484800000,48.49,50.48,47.03,48.76,369360.656,18168785.80379,95597,8801313.16762
1659571200000,48.75,50.44,48.33,49.34,338336.727,16679019.60321,95126,8238847.95802
1659657600000,49.36,52.43,49.29,52.33,398786.436,20405326.57060,127951,10068594.93945
1659744000000,52.34,53.56,51.72,52.55,260358.322,13694405.50564,79991,6911530.67150
1659830400000,52.56,54.69,51.70,53.37,458541.366,24595649.15481,105800,12247990.70440
1659916800000,53.38,56.25,53.22,56.16,472145.562,25838690.42513,112073,13256842.99477
1660003200000,56.15,58.50,52.14,52.84,1059347.397,58911925.25963,191465,29385221.52114
1660089600000,52.83,55.18,50.85,54.57,565971.816,29962524.13164,129830,14602655.16095
1660176000000,54.57,57.25,54.49,55.56,385712.646,21583073.70385,101399,10475495.14574
1660262400000,55.57,56.47,54.03,56.09,361357.488,19985413.79726,98778,9841417.07723
1660348800000,56.09,57.71,55.53,57.05,396575.817,22493713.26825,105154,11121827.09069
1660435200000,57.06,58.16,54.51,55.01,350428.420,19803445.76174,97698,9769403.86039
1660521600000,55.01,56.87,52.22,53.10,473424.367,25582968.16883,110837,12307517.32975
1660608000000,53.09,53.73,51.89,52.46,416137.551,22001784.39944,104297,10892452.90597
1660694400000,52.44,55.25,51.66,53.04,557664.458,29756677.53439,130033,14663359.27381
1660780800000,53.06,54.27,49.31,50.35,573243.663,30259064.39584,125708,14474201.19535
1660867200000,50.34,50.52,44.16,44.77,691887.526,32524070.21668,142588,15459742.91225
1660953600000,44.78,46.28,44.27,45.63,354770.030,16113294.69974,84818,8007736.68723
1661040000000,45.63,47.53,45.33,46.78,311333.745,14423570.24129,78642,7064265.46583
1661126400000,46.76,47.25,44.12,47.19,446664.638,20408185.82755,102975,10063402.15757
1661212800000,47.21,48.79,45.58,48.51,430245.047,20451674.58605,99859,9989408.43447
1661299200000,48.54,50.64,47.23,49.04,392791.361,19259198.80374,99493,9669418.45543
1661385600000,49.05,50.21,48.62,49.16,304181.620,15031778.43576,79590,7411114.05891
1661472000000,49.16,49.17,43.65,44.26,598511.041,27974686.41651,134839,13523531.87144
1661558400000,44.27,45.27,43.63,45.03,280940.712,12536158.92593,72688,6366141.05327
1661644800000,45.04,46.02,43.95,44.14,283469.415,12801944.67781,77096,6438134.12770
1661731200000,44.14,47.66,43.51,47.48,385861.782,17662096.19095,101898,9111010.72371
1661817600000,47.48,48.23,45.06,45.57,417295.042,19498647.83183,101729,9237400.55940
1661904000000,45.58,46.38,44.12,44.45,506212.566,22903408.67165,107390,10854964.34621
1661990400000,44.46,44.84,43.06,44.76,431997.999,19010041.84590,89418,9463575.27619
1662076800000,44.76,46.40,44.16,45.65,416302.197,18839011.16801,85620,9266078.37001
1662163200000,45.65,46.94,45.04,46.67,404613.852,18688124.94858,86860,8991986.41555
1662249600000,46.68,47.63,45.96,47.59,319163.653,14958529.43028,75021,7694422.65874
1662336000000,47.58,48.63,46.28,47.60,417065.220,19767566.95511,97025,9933592.23720
1662422400000,47.61,48.81,42.60,42.66,693804.832,31829343.61280,138793,15385198.89526
1662508800000,42.68,45.63,42.15,44.93,475947.369,20774450.90532,91645,10343227.50889
1662595200000,44.93,46.52,44.13,46.25,372360.764,16862708.64852,90266,8415417.79278
1662681600000,46.25,49.59,46.15,49.01,489973.586,23545441.89038,118316,11806802.32322
1662768000000,49.01,50.17,48.43,48.70,391964.278,19294200.35805,98810,9520773.68882
1662854400000,48.70,49.06,47.05,48.26,370363.647,17815508.65026,85899,8858292.79403
1662940800000,48.26,49.89,46.81,47.07,490700.185,23695434.20975,107819,11794951.14656
1663027200000,47.08,48.18,43.20,43.80,680057.611,31117633.01274,132130,15311319.21828
1663113600000,43.80,45.76,43.55,45.52,432033.479,19239026.25583,83987,9828010.87605
1663200000000,45.51,45.65,43.15,43.85,471819.278,20842921.58715,93080,10011417.10270
1663286400000,43.84,44.42,42.63,43.79,331565.553,14477094.60422,73898,6899733.56577
1663372800000,43.78,44.75,43.75,44.50,204973.609,9066221.19611,53303,4439202.91435
1663459200000,44.50,44.60,39.59,40.28,467724.665,19886760.85368,92457,9457305.13868
1663545600000,40.29,41.00,38.91,40.70,507827.626,20321065.43698,93515,9974246.77460
1663632000000,40.70,41.54,39.94,40.58,350690.419,14302060.47212,75153,7199919.04086
1663718400000,40.58,42.80,39.12,39.60,653672.020,26655801.29501,116567,13533990.43458
1663804800000,39.59,42.30,39.45,41.89,337978.333,13887226.74855,75005,6978324.15831
1663891200000,41.89,42.90,40.49,42.12,356027.943,14800050.78539,76647,7096159.69432
1663977600000,42.13,42.80,41.33,41.56,188825.465,7960995.61915,48912,3907215.78787
1664064000000,41.55,42.39,40.55,41.10,246869.850,10273204.78749,56505,4928208.46417
1664150400000,41.09,41.82,40.18,41.68,399921.670,16466743.14560,79459,8197003.56458
1664236800000,41.68,43.68,41.00,41.50,444269.068,18885983.11127,92999,9045910.63881
1664323200000,41.51,41.86,39.83,41.24,436232.326,17791317.95677,84756,8377783.43320
1664409600000,41.24,42.37,40.67,42.25,382525.166,15849567.81791,78771,8250277.39699
1664496000000,42.26,42.87,41.51,41.92,413543.405,17429645.53427,89331,8608466.86433
1664582400000,41.91,42.47,41.58,41.73,197215.948,8297183.23655,55309,3920978.69042
1664668800000,41.74,41.93,39.55,39.81,352771.155,14405260.62542,73168,6684689.35052
1664755200000,39.81,41.34,39.22,41.20,404264.465,16348122.06746,78051,7921025.47868
1664841600000,41.21,42.75,41.05,42.31,383793.830,16109599.47063,70442,8275770.60533
1664928000000,42.31,43.00,41.26,42.14,887391.513,37320036.23918,119909,19113863.15422
1665014400000,42.14,42.84,41.89,42.02,398522.143,16883833.71196,80169,8428819.43031
1665100800000,42.02,42.43,41.28,42.27,292510.065,12228761.29680,69603,6069709.19195
1665187200000,42.28,42.92,41.84,42.34,293227.728,12443601.82057,68532,6195414.35232
1665273600000,42.34,43.16,42.15,42.93,258188.800,11031858.10008,57723,5462084.54446
1665360000000,42.92,43.50,41.75,41.80,450896.622,19323497.51028,94014,9651264.69479
1665446400000,41.81,41.82,40.55,41.23,383609.567,15790259.38358,90459,7629946.13514
1665532800000,41.22,42.45,41.16,41.70,334115.280,14005685.76503,79046,6909940.88409
1665619200000,41.70,41.73,37.96,40.31,621853.894,24744958.89612,120515,11928482.73937
1665705600000,40.30,41.68,39.55,40.18,320228.860,13052405.92484,71224,6270649.12213
1665792000000,40.18,41.12,39.95,40.46,240969.501,9770840.15452,60845,4782230.05940
1665878400000,40.47,42.16,40.32,41.72,304273.249,12584359.36941,72869,6504647.71375
1665964800000,41.73,41.89,40.92,41.50,316931.050,13107680.85947,71070,6269794.31189
1666051200000,41.51,41.79,40.07,40.70,386803.324,15805082.62321,82508,7349644.32315
1666137600000,40.70,40.90,39.26,39.66,347116.824,13977213.19880,76307,6917078.60573
1666224000000,39.67,40.66,39.12,39.65,351032.499,14021881.66041,80157,6816227.36985
1666310400000,39.64,40.94,38.50,40.56,427703.456,16983575.25648,99228,8505222.50602
1666396800000,40.57,41.18,40.04,40.85,225132.927,9145992.64075,66720,4715952.27720
1666483200000,40.84,41.94,39.88,41.70,396512.669,16193614.96610,94940,7501322.74567
1666569600000,41.69,41.91,39.70,40.08,480529.516,19441381.47182,100615,9074561.03364
1666656000000,40.07,42.07,39.61,41.32,526588.644,21426822.91333,110421,10743243.37610
1666742400000,41.31,42.85,41.04,41.97,539257.459,22747981.53055,120900,11591694.11571
1666828800000,41.96,43.51,41.04,41.26,606240.378,25625900.86665,136767,12284096.37969
1666915200000,41.26,42.59,40.95,42.41,391704.528,16329975.18407,100593,7938515.06072
1667001600000,42.41,44.01,42.39,42.87,445053.794,19202801.67826,117810,9602886.72431
1667088000000,42.88,43.64,41.33,41.91,371443.042,15815011.25128,92807,7282810.27475
1667174400000,41.91,42.73,41.21,41.82,401345.979,16788539.22744,91519,8487173.05520
1667260800000,41.82,42.37,41.04,41.04,287675.850,12012440.35017,65297,5633517.61955
1667347200000,41.04,41.95,39.81,40.81,609617.893,24912102.82537,118970,11861700.53225
1667433600000,40.80,42.72,40.68,41.78,444470.207,18645539.02664,93611,9111558.31663
1667520000000,41.79,45.14,41.62,44.53,500053.870,21828853.89831,105394,10443692.25168
1667606400000,44.55,46.07,44.49,45.44,445064.164,20154265.54553,102485,10159798.83459
1667692800000,45.43,46.00,43.40,43.63,421010.482,18992303.07383,98691,9232292.77578
1667779200000,43.62,47.40,43.32,45.69,1318150.201,60548042.26258,225523,30178418.42606
1667865600000,45.69,47.19,34.30,38.31,1716727.168,71459321.44509,306588,34567785.03397
1667952000000,38.29,38.49,30.58,32.13,1257926.107,44775353.16677,243082,22004698.80068
1668038400000,32.12,37.24,31.52,36.87,876180.430,30391095.59976,160595,14929482.78437
1668124800000,36.85,37.66,34.31,35.80,536990.582,19372866.33303,117202,9515096.08186
1668211200000,35.79,35.84,33.27,33.79,369651.189,12584973.57269,77032,5954431.40110
1668297600000,33.79,34.70,32.75,33.36,500411.691,16850746.03565,96894,8212947.52108
1668384000000,33.35,34.57,31.50,34.41,547173.119,18172261.51728,102953,8793396.86783
1668470400000,34.43,35.19,33.75,34.28,431628.034,14890789.50844,73283,7315681.93683
1668556800000,34.28,34.55,32.85,33.76,296957.815,10025737.06993,57703,4624745.60971
1668643200000,33.77,34.05,33.00,33.75,250748.757,8417525.15781,49858,4290631.18921
1668729600000,33.78,34.71,33.36,34.46,383399.178,13064057.60193,62670,6367209.12284
1668816000000,34.46,35.92,33.90,35.55,795335.775,27934454.42273,120488,14255413.78744
1668902400000,35.56,36.14,34.36,34.53,584843.266,20679747.96542,93747,10334923.26622
1668988800000,34.53,35.04,33.54,34.44,558542.192,19164136.53756,102357,9666480.32395
1669075200000,34.44,37.34,34.17,37.30,969525.242,34715525.22651,150234,17636662.76290
1669161600000,37.29,44.19,36.79,43.06,3871389.711,163053544.98673,480300,83918850.00624
1669248000000,43.08,43.41,41.35,41.99,1617195.215,68727810.69689,254876,34885354.81492
1669334400000,41.99,42.44,40.16,40.49,947975.716,38946174.19277,180343,18965113.79065
1669420800000,40.50,42.26,40.32,41.05,759385.382,31398121.04626,146236,15651394.97129
1669507200000,41.05,42.18,40.38,40.60,533827.789,22118188.38248,110804,10615664.69733
1669593600000,40.60,40.89,38.69,39.93,670685.866,26550409.22797,138509,12683521.20206
1669680000000,39.94,43.49,39.52,43.09,1312037.321,55504015.90736,223299,28232724.46227
1669766400000,43.10,44.91,41.86,43.16,959193.449,41609275.68336,184082,20907372.70185
1669852800000,43.15,46.44,42.58,45.45,1517508.665,68078796.40009,240732,34731786.63756
1669939200000,45.45,46.27,44.00,45.73,873312.028,39497457.05915,168484,19640809.96098
1670025600000,45.72,46.45,44.54,45.00,660031.617,29892312.53025,133976,15148735.24208
1670112000000,45.01,45.58,44.07,44.66,519844.900,23257675.63291,111969,11829019.36793
1670198400000,44.66,48.00,44.56,46.94,1306402.708,61195438.67710,241746,30850370.74345
1670284800000,46.94,47.98,45.39,46.19,901564.236,41999512.63446,176120,21044742.71925
1670371200000,46.19,47.68,43.57,44.01,1351334.229,61483980.54379,234976,30145073.89781
1670457600000,44.01,45.31,43.30,45.13,762448.811,33718418.46402,149376,17439735.54916
1670544000000,45.14,47.40,44.57,46.61,1489183.915,69397245.61437,226849,35922114.01654
1670630400000,46.61,48.00,46.12,46.55,1230614.099,57854128.87325,183258,29891614.93536
1670716800000,46.54,47.68,46.35,46.61,807139.713,38001801.94781,134029,19385116.99094
1670803200000,46.60,49.93,44.28,48.87,2590740.276,123670709.88677,369579,64071948.01542
1670889600000,48.87,50.59,46.95,48.27,1803727.708,87290195.56424,260699,44864263.62444
1670976000000,48.27,49.90,47.88,48.65,1150222.362,56338131.00825,189770,28488030.96556
1671062400000,48.65,49.00,46.25,46.56,1014975.450,48540883.97838,183269,24520313.03102
1671148800000,46.56,47.18,42.08,43.38,1159408.333,52134619.28877,206955,25634676.01295
1671235200000,43.37,43.80,41.24,43.15,854920.225,36302415.84132,153526,18033447.56636
1671321600000,43.15,43.37,42.00,42.40,420880.329,17965057.65514,89124,8950545.14311
1671408000000,42.39,43.61,40.24,41.21,736706.485,31263473.53750,136390,15708885.93752
1671494400000,41.20,43.14,40.91,42.10,600302.289,25386321.95290,122282,12562771.67604
1671580800000,42.11,43.20,41.25,42.59,603200.956,25530661.60271,117513,12741294.24037
1671667200000,42.57,43.36,41.36,42.76,643984.990,27341774.34779,116100,13211430.76389
1671753600000,42.75,43.47,42.51,43.28,416013.257,17861947.58609,82129,9266307.72122
1671840000000,43.26,44.29,42.98,43.74,838696.645,36795965.46136,129689,19251803.99959
1671926400000,43.74,44.64,43.61,44.43,811013.628,35729172.17646,118678,18467709.18518
1672012800000,44.45,45.76,44.15,44.96,804122.489,36175538.84925,128344,18558499.78156
1672099200000,44.97,45.48,43.27,44.12,626567.945,27854673.41315,113315,12985413.94506
1672185600000,44.11,44.19,42.30,42.94,766829.182,33025822.81100,132258,15950354.87848
1672272000000,42.94,43.61,41.77,42.49,585124.545,25112539.49079,112697,12586371.72411
1672358400000,42.50,42.71,41.20,41.98,546584.213,22887259.57431,100965,11085173.65795
1672444800000,41.98,43.25,41.61,42.01,465789.207,19731782.42491,82730,9886767.17591
1672531200000,42.01,42.42,41.06,42.19,469568.425,19577980.88432,80191,9624271.57160
1672617600000,42.19,44.10,41.45,43.54,770878.782,33201392.18111,112692,16672408.02402
1672704000000,43.55,43.90,42.21,42.80,600112.165,25881455.92457,98705,12611698.73967
1672790400000,42.81,46.39,42.64,45.71,866550.003,38767427.11266,135127,19361760.95733
1672876800000,45.71,46.15,44.52,44.88,641496.427,29095989.75869,103826,13571689.92545
1672963200000,44.88,46.06,43.80,45.80,741465.146,33408157.75589,125575,16115380.57683
1673049600000,45.81,46.96,45.80,46.31,477016.791,22176625.95477,88043,11196152.20682
1673136000000,46.31,48.11,45.66,47.83,718428.580,33928813.91141,124531,16870873.87800
1673222400000,47.82,50.84,47.67,48.80,1052453.983,52017329.11914,169187,26359139.82373
1673308800000,48.79,49.69,47.55,48.40,561000.730,27165589.99198,105464,13342226.92546
1673395200000,48.38,49.22,46.55,49.00,786548.353,37508636.58990,135604,18745412.48086
1673481600000,49.02,49.93,46.97,49.33,1055367.535,51286365.86976,169798,25309518.15890
1673568000000,49.32,52.61,48.55,51.45,910496.156,45570439.27166,153278,22302311.18488
1673654400000,51.45,54.38,49.30,51.59,1148146.305,59697887.49166,208943,28485157.83919
1673740800000,51.58,52.52,49.76,51.77,737391.024,37767074.75231,138205,18189671.99130
1673827200000,51.78,52.97,47.80,49.28,815718.304,41009165.23536,157314,19050875.36579
1673913600000,49.27,50.42,48.33,49.28,601880.527,29764632.44535,123361,14235733.39275
1674000000000,49.29,50.13,45.80,46.81,872542.234,42066696.44765,178509,19649934.57066
1674086400000,46.80,49.17,46.62,49.02,517229.284,24873786.08788,106587,11912035.18232
1674172800000,49.02,52.00,48.80,51.81,646885.669,32415073.71092,126597,16667076.16754
1674259200000,51.81,53.99,50.46,52.43,810861.722,42401814.52643,151993,20021249.01527
1674345600000,52.45,53.50,50.36,51.45,605565.900,31539374.33686,123655,15130753.56103
1674432000000,51.45,53.93,51.35,51.99,696147.776,36782934.85938,141967,17437050.03290
1674518400000,51.99,52.98,47.76,48.93,661712.617,33930194.44568,146853,15784806.42045
1674604800000,48.93,51.94,48.19,50.50,517076.709,25772035.80279,115314,12484793.78590
1674691200000,50.51,51.22,49.24,50.77,479842.902,24214298.66366,109990,11482465.43454
1674777600000,50.77,52.23,49.52,51.77,575825.144,29417569.93363,127236,14038744.44091
1674864000000,51.78,52.25,49.95,50.69,316452.861,16147137.22668,79821,7572596.85369
1674950400000,50.69,58.58,50.48,56.70,4088387.947,232011384.77688,633506,117110322.55536
1675036800000,56.72,60.84,55.48,59.18,3035927.238,177285345.56236,511229,90198380.04548
1675123200000,59.19,62.50,58.68,60.27,2023782.772,122667032.12103,371964,61234168.70950
1675209600000,60.25,63.83,58.26,62.93,1285844.659,77852689.48480,254275,38105502.57145
1675296000000,62.95,64.01,60.39,61.66,688197.213,42973836.97397,155038,20055375.30454
1675382400000,61.65,64.80,60.94,62.86,890693.985,55820284.57700,189270,26796037.93395
1675468800000,62.86,63.40,61.00,61.57,394160.981,24381535.87930,105400,11260676.88113
1675555200000,61.56,61.67,58.22,59.56,626964.040,37471469.13017,141112,17544679.32019
1675641600000,59.57,64.26,59.00,61.93,1262917.696,78330616.32736,241466,38849108.94896
1675728000000,61.93,66.40,61.66,65.75,1069816.107,68903757.53951,242862,34361651.41070
1675814400000,65.74,66.69,62.34,64.04,766561.938,49657777.06190,184015,23457850.39641
1675900800000,64.04,64.66,55.23,57.31,1023719.598,61926425.01236,218357,29115934.39760
1675987200000,57.32,58.72,56.58,57.74,753998.664,43592915.15084,172226,20730170.70114
1676073600000,57.74,62.71,57.64,61.94,825029.666,49845766.27529,192036,24624252.10727
1676160000000,61.94,63.37,60.56,62.68,612974.230,38206240.75327,160669,18691024.81035
1676246400000,62.68,64.41,60.28,63.15,1675909.911,105032472.76546,372915,50871213.83963
1676332800000,63.15,69.41,61.99,68.03,1535462.306,101477646.06954,369657,51198133.25412
1676419200000,68.03,74.15,67.62,73.23,1384074.903,96885439.45922,344857,48545963.84358
1676505600000,73.24,78.15,71.68,73.70,1318570.231,98908028.63906,367573,48232922.39977
1676592000000,73.70,75.10,70.50,73.18,1007917.098,73353171.84929,293627,35255171.19139
1676678400000,73.17,75.56,71.68,72.05,549911.983,40322231.98526,166774,19215470.35426
1676764800000,72.05,73.48,70.00,70.57,656757.410,47081176.16718,183576,21790267.15807
1676851200000,70.56,74.35,70.15,72.41,807719.923,58685163.02009,250404,27798962.47426
1676937600000,72.39,73.08,68.50,70.84,711290.988,50503600.48808,230121,23596778.89673
1677024000000,70.83,74.11,68.26,73.44,903999.959,63664439.14621,271517,30758917.65383
1677110400000,73.44,74.02,70.26,71.04,580498.050,41800605.22217,202678,19401480.39051
1677196800000,71.04,71.39,67.14,70.05,686917.157,47904768.46801,229592,22271213.09913
1677283200000,70.03,70.60,66.77,69.39,469908.918,32417411.28356,165095,14955180.54431
1677369600000,69.38,74.69,69.00,74.04,557418.133,39899777.09862,198376,20020743.97348
1677456000000,74.03,75.00,72.02,74.26,765956.252,56314059.16251,266697,27052885.86811
1677542400000,74.26,74.70,71.02,71.70,573431.183,41592830.26572,216270,20157090.83211
1677628800000,71.72,74.17,71.07,74.10,481309.132,35096438.45442,176391,16348849.75271
1677715200000,74.09,74.41,70.67,72.51,412329.550,29860342.86735,174452,13930566.22926
1677801600000,72.50,72.51,66.00,69.36,700147.564,47844193.42385,229510,22034927.46903
1677888000000,69.35,69.90,65.30,67.33,411566.272,27981792.29858,146452,13007244.34611
1677974400000,67.32,68.82,64.40,65.30,503948.745,33589669.70817,167034,15589629.47977
1678060800000,65.31,65.86,61.17,62.45,998712.364,62839938.64166,297447,29213615.04745
1678147200000,62.45,63.43,60.16,62.01,750338.634,46343966.07638,223374,21903464.48425
1678233600000,62.02,62.50,57.27,58.16,735722.929,44196499.10188,228048,20437378.93249
1678320000000,58.16,60.35,52.81,54.68,927157.991,52827914.05874,243573,24568842.84305
1678406400000,54.68,54.82,46.60,49.91,1676764.808,83836265.14608,372668,39514032.24032
1678492800000,49.92,51.51,43.50,46.62,1637241.149,75771775.65995,375046,36200311.77238
1678579200000,46.62,53.79,45.42,53.25,1152507.214,55204025.66821,273668,26615618.38266
1678665600000,53.24,57.49,51.08,56.35,1394603.412,75397336.07750,371483,36359568.37908
1678752000000,56.35,60.48,54.15,58.34,1121558.175,64585867.69171,357477,31486519.77302
1678838400000,58.33,59.53,50.59,51.98,1033823.376,56586432.10884,307710,26874925.58473
1678924800000,51.96,53.60,51.22,52.87,731890.264,38494745.97329,241906,19057813.90187
1679011200000,52.88,58.54,52.15,58.20,753341.021,41512470.38811,236151,19782849.44894
1679097600000,58.20,60.23,55.09,55.78,695733.670,40254737.64393,217289,19181882.82585
1679184000000,55.78,58.60,55.02,57.60,542725.000,30927504.51363,182744,15211948.52285
1679270400000,57.60,59.03,55.14,55.49,949898.524,54125580.74035,324315,25785252.08190
1679356800000,55.48,58.90,53.79,58.44,725228.659,41074933.53312,287831,19998791.84813
1679443200000,58.44,59.31,53.49,58.90,909450.426,51694345.39903,324396,25119654.69362
1679529600000,58.89,64.18,55.51,63.46,2159928.255,131811277.83676,560434,65388987.28833
1679616000000,63.48,64.68,59.55,61.55,1274801.069,78849877.26862,400872,38007777.46980
1679702400000,61.56,62.42,57.27,58.12,754235.537,45118854.75190,258571,21721120.43743
1679788800000,58.12,60.38,57.30,59.05,468082.560,27706092.51791,171083,13084036.58779
1679875200000,59.07,59.26,54.40,56.05,725591.361,41030916.69266,226796,19080443.66683
1679961600000,56.04,56.77,54.62,56.47,480054.355,26699241.45748,176078,12727750.87926
1680048000000,56.47,58.97,56.31,58.02,509183.492,29392317.08789,168738,14328753.88869
1680134400000,58.02,59.14,55.11,56.51,557603.494,31664602.02650,180320,14828033.28850
1680220800000,56.49,58.65,55.32,58.52,406031.116,23143372.24842,138692,11096455.67964
1680307200000,58.53,60.15,57.93,58.62,450189.159,26519344.84820,137395,12639972.17374
1680393600000,58.62,59.41,55.89,57.02,413257.235,23960191.35947,142994,11355623.18106
1680480000000,57.01,58.95,55.15,57.81,513291.025,29273233.03749,172814,13692996.41292
1680566400000,57.82,58.18,56.59,57.59,324092.070,18642318.31055,119837,8830646.67964
1680652800000,57.58,59.04,56.41,57.78,364274.747,21144895.86490,135612,9863501.48184
1680739200000,57.77,57.84,55.79,56.60,255346.823,14473706.85064,96123,6510118.14107
1680825600000,56.60,56.73,55.33,55.98,203187.172,11359367.58185,86543,5550771.60857
1680912000000,55.97,56.46,55.10,55.62,152593.954,8522077.39110,57123,3858524.07991
1680998400000,55.63,56.15,54.39,55.69,215227.260,11890430.26352,77749,5711882.07741
1681084800000,55.70,57.88,55.01,57.69,316428.900,17822244.79593,105859,8693571.28807
1681171200000,57.68,58.41,56.75,56.94,477431.859,27475281.90900,129546,12728801.92504
1681257600000,56.94,57.13,54.47,55.84,480908.658,26705785.23426,142154,12281593.46762
1681344000000,55.85,57.67,55.33,57.27,301382.847,17099690.24824,103870,8280175.07589
1681430400000,57.26,60.15,56.70,60.00,643139.027,37483622.42115,163178,17814072.02082
1681516800000,60.00,60.69,58.80,59.70,477947.084,28529919.59288,130336,13432642.91213
1681603200000,59.69,62.06,58.20,61.03,678098.133,40890958.09229,159501,19471934.67517
1681689600000,61.03,61.15,57.55,58.55,698387.916,41247621.54042,151050,19259289.36916
1681776000000,58.57,60.40,57.58,59.72,547446.452,32517192.29712,135806,15213774.15620
1681862400000,59.72,59.76,51.47,52.98,759333.005,41748223.24606,184097,19660277.04582
1681948800000,52.98,53.55,50.05,51.66,656939.939,34275778.04015,157736,16487863.80288
1682035200000,51.67,52.28,47.92,48.79,669386.706,33732888.93056,146848,15754149.90785
1682121600000,48.80,50.38,48.51,50.20,327457.213,16157072.59306,83893,7998869.16836
1682208000000,50.22,51.07,48.65,50.11,457520.968,22889910.89045,105903,10716279.55982
1682294400000,50.13,51.07,48.69,50.07,497841.932,24857655.47806,117912,11919133.65083
1682380800000,50.08,51.72,49.08,51.59,525933.684,26257288.07956,134004,12699957.98989
1682467200000,51.60,53.51,47.00,49.76,798860.765,40617940.58472,186170,19003940.78076
1682553600000,49.75,51.40,49.11,50.64,637743.082,32016377.67844,153618,15191551.78608
1682640000000,50.62,50.68,49.25,49.98,306263.724,15309243.91745,96389,7615639.00853
1682726400000,49.97,51.46,49.76,51.01,276061.184,13998773.58241,81214,6515516.48540
1682812800000,51.02,51.10,49.19,49.56,300997.254,15122986.50654,86045,7163132.90271
1682899200000,49.57,49.95,47.71,48.28,402010.296,19551909.84949,106509,9229429.41177
1682985600000,48.26,48.90,47.52,48.52,319434.129,15403159.39978,87310,7533069.22729
1683072000000,48.53,49.49,46.93,49.22,346095.049,16594961.51583,98531,7885026.77368
1683158400000,49.23,49.36,48.23,48.69,214781.222,10481734.12907,70924,5011204.61238
1683244800000,48.69,49.41,47.71,48.64,306579.645,14919639.66279,85313,7028278.36030
1683331200000,48.65,48.96,44.95,45.35,462717.062,21485448.36115,112733,9912124.06062
1683417600000,45.36,46.23,45.24,45.41,324474.601,14850391.60674,87680,7370702.61459
1683504000000,45.41,45.83,40.24,41.68,754292.909,32385703.46201,169939,15505230.45201
1683590400000,41.68,42.09,40.05,41.98,591833.963,24383722.29005,131491,11723519.82318
1683676800000,41.98,43.92,40.43,42.97,668298.004,28258162.05715,153452,13938672.21269
1683763200000,42.98,43.03,39.20,40.83,542435.963,22258279.02263,131943,10836162.58014
1683849600000,40.82,40.92,38.65,40.86,550919.739,21865822.93181,132231,10840654.38350
1683936000000,40.86,41.00,39.88,40.60,328302.812,13281358.87798,90412,6499218.28635
1684022400000,40.60,41.85,40.10,41.19,370402.149,15157662.47508,93559,7270984.52884
1684108800000,41.20,42.80,40.25,41.96,489058.493,20495772.26626,111945,10066250.33394
1684195200000,41.97,43.53,41.41,43.19,624743.667,26621045.26469,136621,12666465.23947
1684281600000,43.19,45.45,42.94,44.27,1046126.948,46317957.85354,217348,22669534.05253
1684368000000,44.28,44.54,41.98,43.14,506862.185,22113782.31845,117608,10611343.75038
1684454400000,43.15,44.91,43.11,44.48,485163.608,21367961.72147,114830,10527222.62801
1684540800000,44.49,44.52,43.70,44.30,320301.471,14116178.63619,75177,7033191.89296
1684627200000,44.31,44.36,42.93,43.85,350568.537,15290941.77960,81917,7307208.98785
1684713600000,43.84,44.24,42.95,43.42,384804.421,16757982.17068,90231,8103972.05701
1684800000000,43.42,44.57,43.06,43.36,417974.132,18302663.61584,96403,9028482.83890
1684886400000,43.37,43.43,40.28,41.03,574214.864,23853100.61556,121916,11551737.02453
1684972800000,41.04,41.62,39.60,40.90,484263.016,19759506.14593,102846,9594954.98481
1685059200000,40.90,42.26,40.69,41.88,473505.238,19612459.26701,97693,9597517.24990
1685145600000,41.88,42.48,41.49,42.19,251624.338,10576947.53070,67661,5256279.28537
1685232000000,42.20,44.33,42.07,43.85,334380.078,14421560.41683,79067,7101065.60554
1685318400000,43.86,44.12,42.82,43.31,312534.846,13559481.62721,75020,6264707.23465
1685404800000,43.30,44.14,42.86,43.81,300508.657,13079680.07946,75979,6464715.85869
1685491200000,43.81,44.31,41.46,41.80,551460.723,23501548.83568,112827,11380733.77067
1685577600000,41.81,42.35,40.77,41.86,524776.647,21905407.01240,110319,10548128.97127
1685664000000,41.87,42.91,41.31,42.66,325196.638,13763026.28656,75580,6575622.25214
1685750400000,42.67,43.41,42.12,42.57,269092.901,11497027.62260,67144,5497212.94982
1685836800000,42.58,43.52,42.21,42.57,240196.471,10339522.59437,63351,4800478.58110
1685923200000,42.57,42.75,37.48,39.04,646883.106,26159502.92625,135722,12351724.32320
1686009600000,39.04,40.24,37.77,40.06,333616.906,13020540.90110,84746,6075662.25378
1686096000000,40.06,40.08,37.97,38.44,306846.873,11928752.15121,74281,5929756.50259
1686182400000,38.45,39.26,37.50,38.76,238952.169,9191616.38389,61921,4597791.19535
1686268800000,38.77,39.26,38.05,38.40,220104.074,8505641.77446,53113,4348153.60699
1686355200000,38.41,38.53,24.76,29.73,2155696.848,64865094.41784,326218,31357112.53634
1686441600000,29.74,30.02,28.47,29.08,628514.755,18399310.27111,107780,9156841.14645
1686528000000,29.08,29.46,27.90,29.09,662958.780,19031316.50627,121035,9910845.39980
1686614400000,29.08,29.78,28.53,29.66,597572.670,17409742.40381,106121,8533149.06079
1686700800000,29.67,30.43,28.00,29.01,989970.909,29320457.67365,155933,14236298.92127
1686787200000,29.00,29.97,28.77,29.66,482649.604,14168884.24223,85773,6888437.94277
1686873600000,29.65,31.33,29.41,30.59,522049.982,15812711.99396,92663,7831020.25858
1686960000000,30.59,31.48,30.41,31.10,286085.217,8895133.25068,62303,4385500.92374
1687046400000,31.11,31.21,29.77,30.20,289443.970,8878801.12747,65482,4224843.35493
1687132800000,30.20,31.09,29.88,30.81,288820.764,8815124.01841,61617,4413489.25303
1687219200000,30.82,32.99,30.72,32.75,1317118.224,41985879.92276,203089,20388408.59926
1687305600000,32.76,34.32,32.56,33.41,769290.875,25730425.14051,136344,12815903.15363
1687392000000,33.41,34.58,31.99,32.87,712882.904,23917737.24152,118022,11553647.30102
1687478400000,32.88,35.69,32.76,34.68,996463.939,34116940.56819,179387,16781707.50274
1687564800000,34.69,35.80,33.87,35.07,683431.812,23847386.46034,139942,11323819.48024
1687651200000,35.08,36.94,34.82,35.36,536914.455,19158274.62483,119952,9145910.33131
1687737600000,35.36,37.00,33.80,36.01,1118675.142,39709392.48376,202374,19701759.35544
1687824000000,36.01,37.16,35.19,36.02,914579.099,33071154.98996,201844,15807274.47099
1687910400000,36.01,36.08,32.29,33.73,612639.234,21110793.17834,136622,10189480.95005
1687996800000,33.74,34.64,33.54,34.20,380275.446,12973134.14481,93758,6406527.77260
1688083200000,34.20,38.94,33.87,37.75,1880500.982,69526166.22863,370624,33602956.23579
1688169600000,37.75,39.39,37.38,38.07,857950.461,32695050.70985,194767,15704521.85763
1688256000000,38.07,38.35,36.61,38.26,666594.637,25081274.04038,173001,11927249.33636
1688342400000,38.27,38.46,37.20,37.60,477257.540,18033608.74372,137413,8583420.31930
1688428800000,37.61,38.17,35.68,36.16,608496.397,22583920.69542,143549,10483543.24098
1688515200000,36.15,36.65,34.41,35.00,587894.181,20850913.78190,136667,10230649.81825
1688601600000,35.00,36.07,33.41,33.43,692587.042,24030001.41485,165966,11365231.16169
1688688000000,33.43,34.09,33.08,33.96,409420.336,13789343.82257,103213,6960683.16365
1688774400000,33.96,34.17,32.88,33.64,273062.391,9136616.53116,74888,4138611.31099
1688860800000,33.64,33.85,33.20,33.35,197039.062,6603515.57147,57771,3243038.38776
1688947200000,33.36,34.20,32.28,33.54,389240.953,12913218.20152,92463,6124761.68782
1689033600000,33.55,33.80,33.01,33.50,221085.392,7378571.06590,59998,3634114.10417
1689120000000,33.50,34.06,33.00,33.39,267340.064,8975322.56523,73920,4434725.73023
1689206400000,33.39,36.22,32.86,36.03,631107.381,21930371.47561,131730,10688399.46287
1689292800000,36.03,36.56,32.96,34.19,665516.791,23398169.19705,139899,11253326.35773
1689379200000,34.20,34.77,33.63,33.96,261190.112,8914831.49539,67543,4405136.80378
1689465600000,33.96,34.12,32.43,32.67,352858.992,11772975.64215,78076,5505943.50949
1689552000000,32.67,33.48,32.00,32.97,451687.943,14856690.36911,109367,7238777.06575
1689638400000,32.99,33.67,31.21,32.06,474254.688,15367216.12699,112435,7423347.19172
1689724800000,32.06,32.77,31.90,32.08,397601.225,12836310.35578,96226,6505066.82148
1689811200000,32.09,33.17,31.92,32.62,393390.033,12792487.55751,102883,6269243.68528
1689897600000,32.63,33.16,32.30,33.14,333023.389,10937476.14441,79340,5478137.74264
1689984000000,33.15,33.65,32.26,32.57,292916.208,9666958.91835,77977,4499198.66026
1690070400000,32.58,34.08,32.39,33.58,350603.056,11733924.19030,91688,5864127.90852
1690156800000,33.59,33.82,31.28,32.01,422444.210,13708462.74737,99696,6265293.07130
1690243200000,32.01,32.06,31.09,31.38,269633.186,8507411.74059,66443,3919890.51808
1690329600000,31.37,31.95,30.72,31.62,384346.166,12029393.03111,92798,5988747.93149
1690416000000,31.62,31.99,31.29,31.85,205068.508,6487196.76473,54522,3193641.07843
1690502400000,31.86,32.61,31.59,32.19,266777.909,8569918.68335,71555,4054538.54613
1690588800000,32.19,32.62,32.12,32.53,180772.468,5842997.56421,48497,3065190.78741
1690675200000,32.54,32.78,31.06,32.17,364450.027,11686974.64464,78189,5580487.65452
1690761600000,32.16,32.34,31.22,31.62,277852.664,8834986.38843,72857,3907456.72521
1690848000000,31.62,31.80,30.12,31.78,370131.466,11523924.19631,91029,5953663.45755
1690934400000,31.78,32.34,31.43,31.93,477689.192,15235029.84557,114135,7445813.19259
1691020800000,31.94,32.17,31.15,31.27,368888.328,11735197.94209,82482,5650752.06382
1691107200000,31.28,31.46,30.46,30.79,392509.854,12184921.46338,91497,5534665.44513
1691193600000,30.79,31.01,30.35,30.88,255393.866,7837274.17265,69116,4059845.05138
1691280000000,30.88,32.90,30.74,32.47,485277.813,15441235.40163,106655,7867244.33213
1691366400000,32.48,33.54,31.74,32.47,834529.647,27287274.12503,150335,12843381.42062
1691452800000,32.48,33.33,32.20,32.89,408739.713,13415806.14886,87457,6781319.07843
1691539200000,32.90,33.32,32.61,32.85,265613.963,8753529.51643,69477,4172874.30393
1691625600000,32.84,33.00,32.24,32.36,242403.844,7902158.64764,71779,3809091.28247
1691712000000,32.36,32.89,32.14,32.50,202446.850,6584432.30337,64881,3308359.06755
1691798400000,32.49,32.58,32.05,32.26,125070.358,4048706.96270,50881,1850105.49043
1691884800000,32.25,32.42,31.75,31.98,155564.013,4987435.96889,55228,2387343.01931
1691971200000,31.98,32.36,31.76,31.92,173195.410,5547891.03672,64247,2782140.18637
1692057600000,31.93,31.93,28.31,29.82,387043.868,11803678.71617,108071,5434285.68242
1692144000000,29.82,29.89,27.37,28.39,555030.118,15972200.51307,125792,7501058.04750
1692230400000,28.39,28.73,22.50,25.68,724585.112,19288290.60704,150524,9245950.70057
1692316800000,25.69,26.72,25.63,26.43,471706.867,12365498.31750,96967,6192570.32285
1692403200000,26.43,26.77,26.25,26.75,222142.967,5884555.93122,55284,2808608.92349
1692489600000,26.75,27.21,26.58,26.96,160830.982,4327094.16468,46920,2148479.17115
1692576000000,26.96,27.03,25.71,26.36,273209.576,7230223.13006,65555,3587654.12642
1692662400000,26.36,26.83,25.53,26.31,360172.290,9448490.00149,78372,4633829.13172
1692748800000,26.32,26.89,25.71,26.50,424307.259,11201905.44746,79996,5679527.31904
1692835200000,26.49,26.55,24.80,25.15,588597.546,14985294.41685,100544,7376134.18453
1692921600000,25.15,25.66,24.25,25.55,608159.925,15240334.59165,102239,7598164.70935
1693008000000,25.55,25.72,25.15,25.30,203780.650,5184499.08835,44093,2502780.31810
1693094400000,25.29,25.95,25.13,25.84,201714.430,5165126.46193,44995,2567888.44748
1693180800000,25.83,26.43,25.30,26.06,287703.898,7448776.63112,61939,3664044.42345
1693267200000,26.06,27.50,25.41,27.10,428480.432,11386141.32137,80546,5441900.50699
1693353600000,27.11,27.18,26.54,26.95,255483.735,6866997.52171,53953,3354415.69702
1693440000000,26.94,27.17,25.47,26.01,319465.084,8442835.42222,69775,4124655.27212
1693526400000,26.01,26.20,25.02,25.22,250726.374,6414586.98267,62652,3024161.11375
1693612800000,25.23,25.43,24.95,25.30,194204.634,4889297.95028,51764,2333920.34724
1693699200000,25.30,25.77,25.26,25.59,168833.100,4306438.01203,44482,2187432.02446
1693785600000,25.58,25.97,25.20,25.60,191854.761,4898659.91658,49440,2354401.72902
1693872000000,25.60,25.93,25.21,25.72,171477.599,4399710.18803,45235,2158527.01744
1693958400000,25.73,25.88,25.00,25.61,227799.693,5810218.30748,51258,2731408.52438
1694044800000,25.62,26.26,25.51,26.08,234613.659,6066701.66488,48649,3136498.98343
1694131200000,26.07,26.49,25.64,26.19,305991.395,7987961.66485,57680,4280747.97189
1694217600000,26.18,26.60,26.08,26.54,140394.456,3697151.45649,32784,1884675.74764
1694304000000,26.54,26.57,25.07,25.58,323610.957,8325302.49184,64532,4005228.96317
1694390400000,25.58,25.67,24.25,24.71,430168.749,10744876.37314,86222,5131936.98125
1694476800000,24.70,25.82,24.65,25.16,297450.305,7532042.54339,68482,3883312.31488
1694563200000,25.15,25.88,24.98,25.50,229792.171,5851587.26657,54057,2905463.07689
1694649600000,25.50,25.90,25.26,25.59,212085.680,5439851.68396,54340,2703154.80534
1694736000000,25.59,26.77,25.40,26.49,257590.774,6697710.89632,59145,3388680.56184
1694822400000,26.49,27.21,26.31,26.76,231069.582,6174884.49899,50885,2952032.52562
1694908800000,26.77,26.78,25.51,25.81,218735.179,5721718.00511,45097,2834030.71637
1694995200000,25.82,26.76,25.48,25.94,270681.778,7098200.90537,57101,3509477.04176
1695081600000,25.93,26.52,25.72,26.32,227853.316,5967379.97206,50723,3142311.13005
1695168000000,26.33,26.55,26.01,26.52,234123.179,6150369.23594,51299,2951894.76630
1695254400000,26.53,26.75,25.82,26.17,237938.239,6244160.90716,57808,2961876.41956
1695340800000,26.17,26.81,25.95,26.68,245634.094,6496623.57668,56258,3146732.35435
1695427200000,26.68,26.95,26.49,26.74,219732.995,5871352.07430,45844,2932832.21021
1695513600000,26.75,26.88,26.19,26.34,208688.984,5556386.61656,43599,2763205.12265
1695600000000,26.34,27.07,26.02,26.96,214325.386,5721661.71958,46787,2818605.24445
1695686400000,26.95,27.34,26.22,26.51,265079.086,7120729.96900,53517,3276650.66274
1695772800000,26.52,27.19,26.14,26.35,315663.736,8400169.37670,57038,4137542.00552
1695859200000,26.36,27.18,26.25,26.93,237366.943,6344731.04060,48437,3242788.80070
1695945600000,26.93,27.72,26.79,27.33,355362.936,9671358.83911,59944,4876188.53917
1696032000000,27.32,28.24,27.12,27.72,241540.173,6683226.71983,46939,3401193.44616
1696118400000,27.72,28.72,27.35,28.18,329584.015,9211109.83228,59117,4472575.33144
1696204800000,28.19,28.59,26.60,27.33,303605.115,8464214.34549,63461,4046002.39949
1696291200000,27.34,27.94,26.87,27.03,244224.757,6712141.96085,49551,3371211.49010
1696377600000,27.03,27.19,26,26.99,230319.909,6166565.03099,56909,2992238.88075
1696464000000,26.99,27.55,26.62,26.86,214972.171,5810559.83897,50900,2805709.06535
1696550400000,26.87,27.17,26.69,26.87,174425.719,4704332.41546,42755,2372004.39054
1696636800000,26.87,27.29,26.65,26.78,160781.739,4324947.08653,42263,2113803.96894
1696723200000,26.78,26.93,26.32,26.53,198645.865,5287538.72139,41252,2672360.05116
1696809600000,26.53,26.69,24.85,25.90,416494.496,10815603.83918,81940,5036433.94020
1696896000000,25.91,26.24,25.36,25.62,192945.673,4999043.79312,45558,2471542.34834
1696982400000,25.61,25.79,25.05,25.51,204420.786,5191378.48989,42471,2642471.85598
1697068800000,25.50,25.50,24.71,25.03,202335.549,5073430.61619,41624,2451345.65995
1697155200000,25.03,25.75,24.88,25.35,178925.905,4516108.23223,39581,2222724.96765
1697241600000,25.36,25.71,25.32,25.45,122909.302,3139314.04489,27771,1539916.36091
1697328000000,25.45,25.83,25.30,25.59,136522.658,3492662.10051,30557,1780923.37812
1697414400000,25.60,26.83,25.57,25.75,312610.236,8123289.90528,57529,4133965.23833
1697500800000,25.75,25.84,24.38,24.97,386707.079,9731198.11109,55842,4553627.33715
1697587200000,24.96,25.36,24.58,24.74,211252.759,5262143.38255,37583,2495931.63490
1697673600000,24.74,25.04,24.33,24.85,176977.032,4379563.23084,35631,2093970.29888
1697760000000,24.85,25.92,24.82,25.27,231207.764,5878841.54934,50342,2928237.40952
1697846400000,25.27,26.47,25.24,26.08,221602.745,5751683.64988,43677,2887175.15968
1697932800000,26.08,26.41,25.58,26.26,259278.689,6728896.66432,44831,3431266.86030
1698019200000,26.27,27.98,26.05,27.66,436046.621,11646245.83848,87041,5699522.25438
1698105600000,27.67,28.80,27.03,28.03,588491.313,16437589.01276,115762,8014688.74790
1698192000000,28.03,28.36,27.16,27.70,418098.618,11635899.27269,79967,5756160.92815
1698278400000,27.70,28.84,26.89,27.98,494384.580,13819831.44136,98825,6840095.06630
1698364800000,27.98,28.05,27,27.62,244477.073,6753476.38468,55966,3190130.04475
1698451200000,27.63,28.57,27.57,28.40,219343.354,6179607.11185,51228,3124289.43064
1698537600000,28.40,28.88,28.06,28.64,191852.216,5462453.24197,48523,2672206.34573
1698624000000,28.64,29.55,28.20,29.48,351073.074,10170488.83663,73890,5172227.61642
1698710400000,29.48,30.96,28.15,29.35,648556.035,19259551.34952,125504,9042254.46019
1698796800000,29.35,30.23,28.30,29.93,485817.969,14156328.66082,100308,6732102.02195
1698883200000,29.93,30.31,27.94,28.58,474296.683,13853454.55173,101032,6841951.59431
1698969600000,28.60,29.10,27.64,28.98,303582.635,8655059.27238,75428,4009925.66057
1699056000000,28.98,30.07,28.78,29.86,253285.493,7449113.38040,62455,3728461.94462
1699142400000,29.86,30.72,29.33,30.44,433930.745,13140275.88873,95080,6134182.67778
1699228800000,30.44,31.43,29.93,31.12,422677.632,12971598.63588,92518,6105229.91430
1699315200000,31.12,31.89,30.01,30.86,509995.985,15804696.34384,124021,7417633.93406
1699401600000,30.86,31.74,30.60,31.40,320900.084,10038153.16569,82545,4894485.84357
1699488000000,31.40,32.76,26.40,30.50,889251.724,27480008.99667,198727,13038543.86645
1699574400000,30.50,32.33,30.05,32.15,574175.705,17932947.32281,131956,8668957.81563
1699660800000,32.15,33.34,31.10,33.14,568266.527,18393263.21388,131828,8899532.81583
1699747200000,33.14,34.01,31.69,33.67,522901.476,17277894.67235,115079,8212972.24281
1699833600000,33.67,34.35,31.74,32.05,537088.702,17794756.69643,132623,8767405.83593
1699920000000,32.05,32.56,29.78,30.92,538921.184,16987590.19919,121315,8031483.86912
1700006400000,30.93,32.39,30.89,32.30,413388.015,13134745.30760,106106,6698406.07822
1700092800000,32.30,32.69,30,30.59,573858.499,18114556.62855,146932,8916369.84790
1700179200000,30.58,31.34,29.49,30.77,410440.484,12544243.14508,112131,5922768.51669
1700265600000,30.78,30.78,29,29.91,300661.844,8962143.29356,72399,4425100.65493
1700352000000,29.91,30.67,29.21,30.58,218865.583,6564303.64445,56598,3255055.70877
1700438400000,30.58,31.27,30.21,30.71,302968.281,9341115.33651,88112,4535325.19736
1700524800000,30.71,31.27,27.60,28.01,444117.483,13077640.78041,120223,5978308.26269
1700611200000,28.01,29.52,27.90,29.18,350592.481,10039553.73761,81481,4763327.38990
1700697600000,29.17,29.83,28.92,29.60,212683.197,6248171.77427,59288,2959440.14182
1700784000000,29.60,30.56,29.52,30.11,253296.796,7608364.97582,63945,3765763.80424
1700870400000,30.11,31.30,29.98,31.17,248970.788,7679252.55170,61571,3817264.73544
1700956800000,31.17,31.25,29.78,30.77,254080.136,7819279.13267,63253,3598255.26916
1701043200000,30.78,31.01,29.04,29.79,309828.323,9255110.16306,79885,4504000.67845
1701129600000,29.79,30.51,29.11,30.02,265314.650,7932256.18525,69226,3726761.48344
1701216000000,30.03,30.44,29.48,30,303873.293,9085580.14677,75707,4592488.13118
1701302400000,30.01,30.31,29.74,30.20,208946.766,6280476.17514,58549,2858758.65823
1701388800000,30.21,30.73,29.98,30.69,223343.351,6792931.85810,56735,3153517.20400
1701475200000,30.70,32.03,30.64,31.92,282782.231,8874720.00326,68717,4350655.92354
1701561600000,31.92,32.04,31.04,31.59,305727.824,9630738.10722,71571,4636702.25937
1701648000000,31.59,32.86,30.63,32.46,472675.702,15148416.12130,107576,7244067.88670
1701734400000,32.47,32.82,31.48,32.63,343515.362,11050427.13276,86883,5318033.69244
1701820800000,32.63,33,31.37,32,425527.333,13714520.30083,103231,6681911.38058
1701907200000,32,33.51,31.77,33.27,436332.149,14308803.35537,107784,6821243.62335
1701993600000,33.27,35.78,32.98,34.76,537464.531,18413964.22624,133089,9310120.42407
1702080000000,34.75,35.86,34.25,35.03,491072.268,17228738.04311,125640,8180494.19697
1702166400000,35.03,36.44,34.41,34.93,432216.071,15262272.04336,112225,7495229.76010
1702252800000,34.94,35.10,30.25,32.35,598274.231,19518294.58431,160761,8930255.03816
1702339200000,32.36,33.46,32.15,32.98,342756.003,11225418.74028,99293,5444784.75301
1702425600000,32.97,33.73,31.70,33.32,435853.582,14245488.21920,112471,6760775.96489
1702512000000,33.33,34.19,32.01,34.05,372443.258,12507953.19620,95281,5881651.75096
1702598400000,34.06,34.12,31.79,32,267127.182,8839027.64951,79757,4253806.26141
1702684800000,31.99,33.13,31.66,32.87,230571.398,7529613.18746,69015,3631800.24414
1702771200000,32.86,32.97,31.74,31.89,253148.333,8215025.87089,74852,3904980.12393
1702857600000,31.89,32.19,29.64,31.52,470233.455,14497894.12262,117737,6782457.92725
1702944000000,31.52,32.16,30.22,30.55,347454.782,10857185.32315,84082,5310169.93203
1703030400000,30.54,31.88,30.30,31.22,346507.635,10765078.59396,84690,5123321.89038
1703116800000,31.23,32.45,30.93,32.23,284271.640,9057727.80420,79679,4368289.63368
1703203200000,32.24,33.21,31.90,33.17,320620.498,10463429.77628,89118,4856780.42986
1703289600000,33.18,33.48,32.06,33.44,237630.091,7739417.59791,66979,3704555.11720
1703376000000,33.43,35.52,32.58,34.48,549925.709,18787747.73775,127882,8709738.19937
1703462400000,34.48,35.60,34.07,35.36,357913.671,12530033.39490,91533,6295512.03488
1703548800000,35.37,37.08,33.79,36.21,579186.422,20683271.54023,133791,9612458.25938
1703635200000,36.22,38.88,34.46,38.53,673644.552,24940367.26922,151991,12034872.77362
1703721600000,38.52,38.61,36.34,36.89,561102.742,20984952.42746,154260,10150723.47170
1703808000000,36.90,37.26,32.08,33.00,1152990.933,39419749.13186,241595,19130592.80669
1703894400000,33.01,33.59,32.54,32.92,434388.321,14335060.36203,107648,6651883.13722
1703980800000,32.93,33.17,30.72,31.76,475879.921,15444599.17680,110780,6829986.04675
1704067200000,31.76,33.72,31.05,33.35,473133.547,15244889.52025,115284,7211236.07419
1704153600000,33.36,33.98,32.27,32.86,358123.747,11911216.75910,92746,5399431.77237
1704240000000,32.87,33.53,25.61,28.97,872985.634,25786051.21339,187731,11523904.00368
1704326400000,28.95,30.60,28.36,30.02,414132.666,12276491.15451,101678,5731939.21339
1704412800000,30.04,30.20,28.05,29.55,487273.839,14214921.71728,123981,6851262.46151
1704499200000,29.55,29.57,27.57,28.75,285309.375,8140165.17302,85617,3882042.90607
1704585600000,28.75,29.33,26.71,27.13,321711.974,9083454.55789,97074,4321777.12497
1704672000000,27.14,28.51,25.09,28.46,513122.264,13806368.10707,127848,6341358.97002
1704758400000,28.46,28.56,26.32,27.36,405249.999,11123592.60238,107613,5327279.34262
1704844800000,27.36,29.93,26.72,29.45,482583.994,13490676.66562,137792,6420942.00993
1704931200000,29.46,30.80,29.15,30.04,467373.645,14026032.19560,128949,6839384.51567
1705017600000,30.05,31.16,27.87,28.97,503596.493,15067607.76930,139878,6941802.90006
1705104000000,29.00,29.99,28.08,29.54,253349.488,7377516.73550,74104,3413746.24586
1705190400000,29.53,29.67,28.17,28.25,271911.905,7901882.08416,78110,3783928.64851
1705276800000,28.25,29.85,28.22,29.20,308905.784,9009155.29828,83668,4532095.77319
1705363200000,29.20,29.79,28.82,29.47,235782.773,6933267.28799,69199,3190648.30124
1705449600000,29.46,29.64,28.62,28.87,247198.775,7193127.85676,74710,3448709.14255
1705536000000,28.87,29.17,27.29,27.89,341048.191,9653129.06303,82965,4682669.24770
1705622400000,27.89,28.03,25.71,27.59,446454.625,12014575.60198,99116,5713154.96822
1705708800000,27.60,28.95,27.31,28.74,282119.568,7917567.75873,64946,3979200.76602
1705795200000,28.74,29.83,28.47,28.56,228654.314,6647190.88650,58403,3040487.20857
1705881600000,28.56,28.84,27.27,27.64,362429.838,10161006.80156,105121,4925864.33825
1705968000000,27.64,28.08,25.73,26.92,379002.248,10148795.08330,96437,4762231.98456
1706054400000,26.92,27.70,26.51,27.12,230617.510,6242319.35127,69279,3095581.79859
1706140800000,27.13,27.18,26.35,26.99,221954.241,5933145.57520,65587,2985550.62519
1706227200000,26.99,28.15,26.82,27.72,201101.362,5542354.22532,58814,2645839.03829
1706313600000,27.71,28.12,27.51,28.10,136157.367,3787784.53450,39584,1873440.42985
1706400000000,28.10,28.62,27.35,27.60,185780.146,5192066.27266,52404,2400561.52246
1706486400000,27.61,28.19,27.14,28.11,167290.702,4641689.91508,50322,2317793.21376
1706572800000,28.12,28.72,27.37,27.51,230902.706,6498539.19629,62466,3175295.47720
1706659200000,27.52,27.73,26.27,26.64,298287.418,8056121.80528,78440,4033341.51571
1706745600000,26.64,27.39,26.18,27.26,257966.245,6927019.38513,68846,3093830.76890
1706832000000,27.27,27.65,26.94,27.64,146265.605,3990262.61059,47916,1936220.14656
1706918400000,27.64,27.96,27.28,27.74,131960.938,3638716.86240,42348,1715659.77371
1707004800000,27.75,27.75,26.65,26.77,183306.926,4990027.44631,50504,2398296.65429
1707091200000,26.78,27.52,26.48,27.26,206277.345,5591009.98388,56592,2772585.18536
1707177600000,27.26,27.51,26.27,26.33,239947.266,6494845.97025,55347,3126743.02423
1707264000000,26.34,27.05,26.00,26.94,304224.556,8041946.96762,67072,4152945.40506
1707350400000,26.94,27.11,26.43,26.92,197673.696,5296401.93450,50212,2619950.94778
1707436800000,26.92,27.76,26.85,27.50,278142.653,7596080.42662,70809,3523524.08967
1707523200000,27.50,27.70,26.92,27.51,190499.580,5213733.90540,52226,2347792.29182
1707609600000,27.52,28.40,27.29,27.53,246972.177,6867538.62854,65316,3294106.66073
1707696000000,27.54,28.43,27.00,28.26,264840.300,7346093.01681,71270,3487325.67814
1707782400000,28.26,28.48,27.29,27.88,264991.680,7396145.65623,74850,3408079.73458
1707868800000,27.88,28.53,27.50,28.12,299450.112,8388380.71598,81053,4124362.60650
1707955200000,28.13,29.18,28.00,29.08,425216.534,12201800.82953,104422,5689012.05295
1708041600000,29.07,29.48,28.15,29.06,346323.596,10027781.32765,84917,4584579.45055
1708128000000,29.07,30.34,28.26,30.28,585430.183,17152579.00552,136944,8340794.37628
1708214400000,30.29,30.65,29.51,29.78,425869.744,12761155.90857,102062,5808583.31031
1708300800000,29.78,30.41,29.52,30.14,326336.401,9787173.72252,89586,4564704.16972
1708387200000,30.14,30.90,28.38,29.86,701869.359,21004022.34488,168277,9914360.07071
1708473600000,29.86,30.13,28.25,29.44,436522.761,12693102.70370,128298,5900864.60474
1708560000000,29.45,31.01,28.81,29.68,454227.066,13673409.91232,130356,6209023.39340
1708646400000,29.68,29.87,28.78,29.51,393603.504,11556911.25847,118357,5605665.35013
1708732800000,29.52,30.83,29.08,30.51,418113.235,12654677.62778,118994,5978920.53928
1708819200000,30.51,31.11,29.77,31.02,358269.386,10852865.98711,109897,5107486.42457
1708905600000,31.03,31.98,29.96,31.82,527905.171,16375502.92143,147037,7604948.03194
1708992000000,31.82,32.56,31.40,32.11,528720.370,16948192.40191,141726,7460334.10995
1709078400000,32.12,33.10,27.69,31.24,877222.881,27502797.72301,221536,13010723.09562
1709164800000,31.25,33.89,30.99,32.03,774198.930,25338307.88498,220234,11627218.13317
1709251200000,32.03,34.29,32.03,34.00,513368.623,17049040.82124,147762,7960310.81301
1709337600000,34.01,40.99,33.85,39.92,1154191.044,42060559.54829,281227,20642215.26561
1709424000000,39.91,40.24,33.74,38.07,899267.061,34030052.90149,255190,15663248.74399
1709510400000,38.07,40.23,36.68,39.31,888011.920,34624634.44008,286812,16327691.18085
1709596800000,39.31,41.41,30.92,35.47,1335622.438,50726972.39504,471713,23888439.18820
1709683200000,35.46,39.04,34.74,38.72,767704.971,28673432.30463,254477,13636452.72889
1709769600000,38.73,39.89,38.04,39.23,653985.570,25552933.77808,205752,12227557.00005
1709856000000,39.23,41.00,37.35,40.55,653718.400,25649863.76637,223149,12764490.45261
1709942400000,40.56,41.17,39.71,40.44,455682.634,18411701.90832,155311,8916699.11890
1710028800000,40.43,41.51,39.09,40.39,632133.808,25534523.47847,200118,12478398.42471
1710115200000,40.39,44.26,37.80,43.19,984235.248,41069147.21608,326357,20227671.62998
1710201600000,43.20,44.00,39.63,42.61,740801.324,31282742.98804,255790,14605409.19177
1710288000000,42.61,44.21,41.96,42.98,580502.593,24888084.42006,188314,11927468.77080
1710374400000,42.98,43.00,38.63,40.70,691153.372,28316472.03693,248548,13891126.38200
1710460800000,40.70,41.38,35.57,38.95,891928.798,34107985.61965,325256,15887113.08723
1710547200000,38.96,39.52,35.30,36.13,561261.219,21077472.50432,212913,10377817.97959
1710633600000,36.13,37.76,34.14,37.20,494935.974,18049366.20943,179828,8511340.13509
1710720000000,37.20,37.49,34.56,35.49,429370.764,15427734.13154,174383,7760017.69500
1710806400000,35.49,35.84,31.52,32.72,868791.000,28845470.72573,290487,13953799.31228
1710892800000,32.72,36.28,31.57,35.80,643527.803,21847430.91399,244735,10160659.78129
1710979200000,35.80,36.36,34.81,35.79,486046.322,17383255.58909,170770,8817633.76954
1711065600000,35.78,36.81,34.04,35.13,500918.185,17704822.71563,177109,8655671.29174
1711152000000,35.13,36.43,34.58,35.73,290922.836,10397170.38967,111309,4903666.80561
1711238400000,35.73,37.46,35.44,37.07,260853.000,9475673.77256,90661,4474824.39730
1711324800000,37.08,38.43,36.58,38.06,277372.612,10406537.91016,88161,5171105.73587
1711411200000,38.05,39.60,37.54,38.85,348975.368,13437502.08211,113355,6592442.56781
1711497600000,38.84,39.28,36.39,37.95,343800.036,13044295.30104,112927,6221352.83925
1711584000000,37.95,39.10,37.41,38.37,231346.081,8868560.79063,80869,4172970.70066
1711670400000,38.37,40.61,37.85,39.87,510068.628,20100929.36919,136834,9972578.69406
1711756800000,39.88,40.10,38.46,38.83,246968.138,9700755.72340,77780,4446458.15059
1711843200000,38.82,40.17,38.67,40.08,207891.465,8254350.31257,69138,3708800.46855
1711929600000,40.07,40.58,36.76,37.82,394835.997,15228591.87640,122254,7327410.46136
1712016000000,37.81,37.83,34.50,36.03,417197.394,14942231.42720,125254,6930160.36359
1712102400000,36.02,37.05,34.87,35.65,322373.462,11636248.17732,97137,5268283.61697
1712188800000,35.64,37.76,35.15,37.03,343141.684,12542542.08140,102464,6293139.79641
1712275200000,37.03,37.29,35.22,35.93,274364.298,9909418.16930,96067,4790287.86609
1712361600000,35.93,37.53,35.75,37.15,232084.813,8533606.88120,78650,4159367.61856
1712448000000,37.15,38.02,36.86,37.49,208739.132,7819975.37049,69678,3795258.75282
1712534400000,37.50,39.66,37.03,39.22,280501.300,10795840.06459,88520,5433689.82910
1712620800000,39.22,39.51,36.92,37.07,370810.157,14238055.50303,108313,6894843.11864
1712707200000,37.07,37.30,35.20,37.02,319379.095,11648288.64103,96774,5627158.92894
1712793600000,37.01,37.55,36.30,36.90,205285.856,7595621.40460,73428,3708042.19914
1712880000000,36.89,38.53,28.04,31.79,799614.741,27414645.17771,200605,12498478.79180
1712966400000,31.79,32.34,25.00,28.18,919348.105,26634059.25912,227012,12454604.91980
1713052800000,28.19,30.40,27.14,30.09,688748.452,20019698.32950,174290,9504982.34179
1713139200000,30.08,31.48,27.14,28.41,623026.561,18250377.17876,166535,8941723.86765
1713225600000,28.42,28.84,26.71,28.17,683878.584,18970616.87950,182670,9031278.52644
1713312000000,28.16,28.39,26.51,27.57,505890.094,13952001.69322,140938,6801455.90118
1713398400000,27.58,29.28,26.96,29.02,614385.876,17391070.69448,144870,8839388.24338
1713484800000,29.01,30.36,26.91,29.56,561892.360,16250720.72495,156101,7664946.43267
1713571200000,29.57,31.54,29.26,31.48,246039.832,7453439.25427,84818,3688554.17426
1713657600000,31.48,31.63,30.05,30.65,284938.843,8790337.09437,88950,4126071.93753
1713744000000,30.65,31.91,30.56,31.68,355666.720,11168401.64746,95828,5393089.96002
1713830400000,31.68,32.04,30.98,31.27,280209.839,8809119.27676,81797,4339712.18597
1713916800000,31.27,32.25,29.58,30.03,351405.409,10913674.93485,111280,5383072.19021
1714003200000,30.04,30.99,29.40,30.50,272863.148,8226031.98888,93258,3981522.55931
1714089600000,30.50,30.71,29.53,30.24,247691.289,7488883.46141,84928,3692514.97992
1714176000000,30.25,30.43,28.83,29.58,287543.098,8494590.36283,98213,4194748.88291
1714262400000,29.58,30.19,29.19,29.34,208682.897,6216717.22712,71013,2850496.03933
1714348800000,29.35,29.63,28.26,29.41,301603.482,8717889.19303,91240,3968151.23033
1714435200000,29.42,29.71,26.95,28.03,405611.615,11354720.40826,126703,5474721.66202
1714521600000,28.03,28.67,26.40,28.57,431706.443,11890565.36113,132313,5760153.17877
1714608000000,28.57,29.47,27.81,29.08,207225.906,5946713.26136,66089,2878627.78412
1714694400000,29.08,30.16,28.77,29.74,226992.619,6683056.20794,72681,3321645.57721
1714780800000,29.74,29.92,29.15,29.17,178495.556,5279517.39968,57375,2574376.59542
1714867200000,29.18,29.53,28.66,29.22,211648.961,6142156.62795,60070,3176417.12982
1714953600000,29.21,30.03,28.72,29.06,271294.756,7949937.75111,77973,3608536.13015
1715040000000,29.05,29.37,28.48,28.57,239412.788,6935238.34248,70349,3351637.47481
1715126400000,28.56,29.67,28.16,29.39,296116.530,8546696.69431,86726,4084603.22408
1715212800000,29.39,30.19,28.75,29.98,255887.550,7565498.69673,82564,3804855.78807
1715299200000,29.98,30.33,28.74,29.15,270186.913,7991083.94422,79716,3733703.77028
1715385600000,29.15,29.36,28.53,28.57,150642.560,4374229.66202,49748,2128025.48902
1715472000000,28.56,28.69,27.60,27.80,189766.297,5360259.94134,52332,2606274.43679
1715558400000,27.80,28.49,26.84,28.12,330877.655,9236580.05641,90061,4466896.96019
1715644800000,28.13,28.26,27.28,27.39,257375.829,7154205.45407,69219,3705169.04560
1715731200000,27.38,29.15,27.27,29.01,235931.857,6648414.09464,70684,3229839.21270
1715817600000,29.01,29.54,28.58,29.41,227728.571,6626760.47509,65559,3144207.26500
1715904000000,29.41,30.00,29.08,29.83,185359.709,5482691.00920,48705,2515404.36888
1715990400000,29.84,30.02,29.25,29.77,156657.124,4659353.48772,39249,2286488.82886
1716076800000,29.77,29.89,28.79,28.81,141579.919,4146935.96910,39980,2071313.93721
1716163200000,28.82,31.23,28.46,31.06,288950.581,8622863.23043,76047,4529205.07648
1716249600000,31.06,31.41,30.59,31.11,202127.587,6258916.31140,66832,3089495.00370
1716336000000,31.12,31.23,30.32,30.76,174813.619,5381658.95279,64277,2545853.04397
1716422400000,30.76,31.11,28.80,30.44,298739.490,9024086.52861,102179,4277376.57558
1716508800000,30.43,32.45,29.15,30.59,696768.321,21291942.37292,144600,10106355.81963
1716595200000,30.59,30.96,30.14,30.58,181171.432,5534910.35832,49057,2772330.30812
1716681600000,30.59,30.64,29.65,29.83,151531.194,4566963.05252,51996,1990216.72283
1716768000000,29.82,30.97,29.76,30.82,180223.960,5496886.05852,58828,2755308.96414
1716854400000,30.82,30.90,29.88,30.09,275021.245,8340696.91804,79658,4241219.07804
1716940800000,30.09,30.48,29.76,29.87,204042.485,6144506.27328,60572,2995103.26786
1717027200000,29.88,30.34,29.10,29.97,233610.153,6971932.24195,69586,3248436.05106
1717113600000,29.97,30.36,29.68,30.26,194573.500,5846815.26913,59182,2782014.57648
1717200000000,30.26,30.42,29.92,30.03,109581.156,3310665.79832,36803,1592108.29392
1717286400000,30.03,30.17,29.33,29.34,162069.502,4830035.74098,47938,2189224.02290
1717372800000,29.33,30.00,29.18,29.60,213485.120,6325548.43072,61040,3426698.48753
1717459200000,29.60,30.16,29.23,30.00,256346.978,7614839.57946,68122,3857001.26809
1717545600000,30.00,30.60,29.94,30.34,219197.364,6644738.72016,60314,3309527.46101
1717632000000,30.35,30.51,29.68,30.22,159061.349,4801480.75141,45369,2409103.49044
1717718400000,30.22,30.48,25.37,27.95,519861.228,14815258.45606,101958,6932670.51639
1717804800000,27.96,28.18,26.35,26.46,373182.587,10163308.80356,76381,4554565.98116
1717891200000,26.46,26.86,25.81,26.85,241912.459,6369199.75055,51903,3104178.51622
1717977600000,26.86,26.94,25.89,26.23,236931.754,6264245.10525,59243,3032168.33390
1718064000000,26.24,26.41,24.68,25.56,355772.687,9072825.40372,78872,4173931.22554
1718150400000,25.56,26.95,24.95,26.57,319557.899,8381751.44874,77529,4004870.40010
1718236800000,26.58,26.67,25.79,25.96,206102.485,5407959.87334,58859,2711990.91442
1718323200000,25.96,26.65,24.87,25.95,235094.928,6073096.78501,70269,2823388.36481
1718409600000,25.95,26.17,25.69,26.02,125338.827,3253441.29191,37172,1564711.74555
1718496000000,26.03,26.44,25.45,25.80,168393.736,4347704.30621,40715,2487099.87535
1718582400000,25.78,25.94,24.00,24.90,276625.584,6920918.95229,70806,3354405.55696
1718668800000,24.90,24.98,21.02,23.09,585706.044,13429050.30832,118121,6107453.54878
1718755200000,23.09,23.77,22.79,23.70,199902.598,4673600.43882,47641,2296496.84551
1718841600000,23.69,24.33,23.26,23.55,240226.470,5718856.15996,62651,2854544.15066
1718928000000,23.55,24.16,23.40,23.73,277440.487,6596425.41024,61888,3101895.46471
1719014400000,23.73,24.29,23.51,24.08,132325.493,3165403.92363,34082,1559255.80866
1719100800000,24.07,24.48,23.31,23.46,156874.462,3767416.27115,46002,1803851.93399
1719187200000,23.47,23.65,21.97,23.16,415094.429,9440053.12207,109256,4669730.50392
1719273600000,23.16,24.37,22.98,24.23,229389.167,5450974.40817,66163,2784545.00851
1719360000000,24.24,24.37,23.42,23.88,183953.174,4399429.26865,51691,2127439.39362
1719446400000,23.87,24.73,23.67,24.72,203393.103,4925296.53051,47073,2421178.74798
1719532800000,24.71,25.14,24.44,24.68,207541.695,5143546.16582,52139,2516907.27346
1719619200000,24.68,25.15,24.30,24.36,140028.480,3471384.84612,34237,1660007.17336
1719705600000,24.35,24.91,23.55,24.83,209716.603,5094088.49003,50573,2473864.80962
1719792000000,24.83,25.04,23.92,24.02,204701.497,5024325.22192,48623,2643651.76364
1719878400000,24.02,24.75,23.84,24.70,146813.543,3542709.29925,37962,1758533.69850
1719964800000,24.69,25.08,23.33,24.57,448632.087,10887955.51745,98558,5559089.35763
1720051200000,24.57,24.63,21.74,21.93,528842.174,12133025.96148,111390,5888933.94960
1720137600000,21.94,23.16,19.18,22.86,759042.254,16008282.24658,147891,7764360.53918
1720224000000,22.86,23.71,22.42,23.34,250087.001,5745534.62268,55328,2858360.82673
1720310400000,23.34,23.64,21.81,21.88,208388.259,4796805.19190,57564,2275783.10522
1720396800000,21.87,23.57,20.86,22.96,398303.428,8947719.07353,98234,4247923.26587
1720483200000,22.95,24.39,22.79,24.08,285658.919,6771413.42312,67548,3306433.83076
1720569600000,24.07,24.13,23.19,23.85,295334.986,7006529.67839,62627,3384336.39264
1720656000000,23.85,24.49,23.52,23.85,333773.872,7996819.90502,70021,4031652.73715
1720742400000,23.86,24.53,23.54,24.51,252657.143,6079593.57303,60583,3072338.08599
1720828800000,24.51,26.21,24.39,26.04,354256.269,9033247.07530,73413,4516482.35474
1720915200000,26.04,27.57,25.50,27.04,485801.913,12730373.63942,76931,6364671.44076
1721001600000,27.03,27.96,26.57,27.35,335475.977,9122446.45374,74183,4494552.54088
1721088000000,27.35,28.09,25.93,27.98,732154.310,19890723.88583,122428,9851909.63405
1721174400000,27.98,28.59,27.33,27.44,417773.242,11711867.90130,80799,5461327.11357
1721260800000,27.44,28.18,26.62,27.33,261814.428,7207011.01502,65610,3500992.21333
1721347200000,27.34,27.96,26.21,27.49,325895.413,8813433.13549,75663,4235538.47901
1721433600000,27.49,28.36,27.27,28.00,185099.020,5162848.84963,48280,2440553.63737
1721520000000,28.01,28.87,27.55,28.33,394423.912,11169463.28134,85408,5480279.22801
1721606400000,28.33,28.62,26.56,26.75,300596.622,8222907.94449,67470,3950723.30787
1721692800000,26.75,27.32,26.25,26.50,239333.349,6402434.20213,62771,2962183.01171
1721779200000,26.49,27.41,26.37,26.77,178408.747,4804553.42383,51847,2186206.04992
1721865600000,26.77,26.79,24.72,25.69,305224.928,7774532.62047,81093,3642330.54389
1721952000000,25.69,27.14,25.66,26.90,165995.939,4380297.15457,44001,2111930.00664
1722038400000,26.90,27.25,26.43,26.91,114767.628,3082550.32306,43696,1568051.30580
1722124800000,26.90,27.08,26.38,26.64,101451.104,2712615.13650,36079,1265995.87810
1722211200000,26.64,27.81,26.64,26.74,188369.947,5135090.70567,57616,2516094.18713
1722297600000,26.73,27.14,26.08,26.22,166672.012,4439399.11746,47755,2069051.14735
1722384000000,26.22,27.34,26.05,26.66,194463.303,5179802.70582,54499,2562033.98392
1722470400000,26.64,27.14,23.97,25.68,414941.463,10595435.36655,96181,5034665.92677
1722556800000,25.68,25.96,24.11,24.34,259262.043,6485971.20023,69536,3122859.21519
1722643200000,24.34,25.01,22.75,23.33,302799.675,7227333.87486,71007,3518672.31275
1722729600000,23.33,23.61,21.39,22.22,257486.859,5804102.55822,58526,2795674.27550
1722816000000,22.23,22.97,18.90,22.04,1176442.913,24511872.41889,225833,11988648.71238
1722902400000,22.04,22.92,21.87,22.43,327089.382,7341337.75981,79509,3636598.86570
1722988800000,22.43,23.23,21.76,22.15,317813.007,7113555.56203,78941,3482948.87211
1723075200000,22.15,24.01,21.79,23.76,323817.814,7530030.47406,77894,3839197.93049
1723161600000,23.75,24.50,23.56,24.41,284831.202,6854328.70141,67371,3394871.07321
1723248000000,24.40,24.58,24.02,24.47,178685.499,4346716.91357,39348,2156767.97913
1723334400000,24.47,25.07,23.93,24.30,277095.628,6769341.60296,56973,3300660.24129
1723420800000,24.30,25.45,23.61,25.43,383392.507,9418061.47809,84548,4747204.40512
1723507200000,25.42,25.92,25.08,25.39,365538.110,9314203.39956,75848,4680264.98900
1723593600000,25.40,25.85,25.05,25.64,219452.330,5600715.55876,59329,2808760.57294
1723680000000,25.65,25.76,24.61,25.12,244665.172,6176036.80222,57569,3055223.51045
1723766400000,25.11,26.02,24.71,25.25,282359.914,7162142.24013,71666,3623202.79596
1723852800000,25.25,26.45,24.88,26.13,202853.511,5203378.74397,51495,2556157.62984
1723939200000,26.13,26.45,25.75,25.86,167889.527,4375322.45681,43208,2224548.97298
1724025600000,25.87,26.05,25.25,26.03,159390.706,4091135.59018,47954,2048098.64704
1724112000000,26.03,26.30,25.00,25.20,173849.475,4448862.85620,52653,2130986.09836
1724198400000,25.21,26.01,24.77,25.85,165713.280,4192722.52233,45055,1953799.55895
1724284800000,25.86,26.54,25.55,26.17,157211.515,4103251.68809,45496,2074456.46222
1724371200000,26.18,27.16,25.69,27.01,214752.622,5659825.61365,61712,2916352.46299
1724457600000,27.02,27.37,26.50,26.87,147965.267,3982509.89224,44829,1903715.53052
1724544000000,26.87,27.08,25.95,26.32,169034.202,4469866.69337,50335,2153989.77821
1724630400000,26.33,26.45,24.70,24.80,226768.264,5784488.61462,57542,2644669.08134
1724716800000,24.80,24.93,23.26,23.94,291851.123,7096479.37121,62762,3429368.78932
1724803200000,23.94,24.37,23.00,23.64,251830.239,5996352.15862,65882,2814411.72245
1724889600000,23.65,24.14,23.03,23.28,140169.805,3329674.14105,44347,1569792.25129
1724976000000,23.26,23.84,22.88,23.76,166803.186,3875887.22251,51160,2072965.41931
1725062400000,23.76,23.94,23.14,23.42,132357.056,3107681.17184,37928,1462317.17741
1725148800000,23.42,23.47,22.54,22.70,161061.950,3724801.41551,46135,1873449.23549
1725235200000,22.69,23.92,22.56,23.87,178737.849,4146233.33153,51694,2164594.30270
1725321600000,23.87,25.15,23.77,24.14,422607.243,10321439.78325,86389,5086481.91456
1725408000000,24.14,24.67,23.23,24.03,554171.305,13308732.70647,117499,6533794.72800
1725494400000,24.03,24.19,23.22,23.97,232063.533,5501033.68144,60011,2551058.03868
1725580800000,23.98,24.17,22.56,23.18,316436.064,7427915.39567,81027,3525474.52276
1725667200000,23.17,23.79,22.87,23.60,138320.239,3231806.92119,42250,1672094.95297
1725753600000,23.59,24.34,23.39,23.89,154891.093,3708043.10067,46276,1764258.97368
1725840000000,23.90,24.40,23.70,24.23,198778.004,4790678.94073,45524,2434462.04260
1725926400000,24.23,24.27,23.80,23.97,124878.001,2997937.01000,34535,1464913.86710
1726012800000,23.96,24.09,23.26,23.85,181180.493,4291167.61949,43465,2098802.86702
1726099200000,23.85,24.32,23.82,24.00,119864.104,2881938.07778,38331,1466585.74207
1726185600000,24.01,24.49,23.63,24.35,131228.189,3157799.60284,43074,1514068.61864
1726272000000,24.36,24.54,24.04,24.48,97358.052,2363872.78661,28646,1102820.91079
1726358400000,24.47,24.72,23.36,23.53,133678.868,3228209.88811,38546,1538599.89389
1726444800000,23.54,23.60,23.00,23.36,177818.912,4139421.07881,44068,2066318.55055
1726531200000,23.36,24.22,23.13,23.93,127917.622,3041065.50875,33903,1518156.86777
1726617600000,23.95,24.72,23.22,24.71,153219.896,3653219.60431,43641,1803931.53691
1726704000000,24.71,25.45,24.71,25.04,158098.224,3955015.73830,45567,2133154.50100
1726790400000,25.04,25.44,24.53,25.14,157126.295,3927234.79511,47992,1926604.65819
1726876800000,25.13,25.55,24.86,25.45,98450.861,2480788.13554,32219,1229029.43302
1726963200000,25.45,25.48,24.35,24.88,127884.295,3183422.26598,39503,1542939.36096
1727049600000,24.88,25.41,24.59,25.06,135863.397,3404434.34807,42632,1662221.51209
1727136000000,25.05,25.96,24.85,25.83,143361.415,3647298.02878,45620,1781903.23280
1727222400000,25.82,26.17,25.40,25.55,130776.169,3369785.97453,39468,1595575.52383
1727308800000,25.55,26.19,25.24,25.96,172341.810,4460867.85520,50063,2254398.89146
1727395200000,25.96,26.44,25.74,25.97,182350.058,4772788.13095,56269,2308792.05697
1727481600000,25.98,26.68,25.24,25.70,265714.076,6904374.82831,66966,3597060.50232
1727568000000,25.70,25.78,25.12,25.51,153147.199,3904027.50880,45272,1749797.78809
1727654400000,25.50,25.63,24.16,24.43,237380.342,5913686.44955,59210,2732251.28905
1727740800000,24.42,24.86,22.11,22.57,594871.710,13824848.34317,114286,6554235.60514
1727827200000,22.56,23.55,22.40,22.85,302959.188,6973208.96591,68060,3365916.03879
1727913600000,22.85,23.29,22.09,23.04,246796.165,5614022.26498,62805,2684108.69360
1728000000000,23.05,23.68,22.86,23.62,155861.656,3622019.89964,45859,1814207.27673
1728086400000,23.62,24.06,23.46,23.83,110665.335,2627876.91699,34697,1305554.80852
1728172800000,23.83,24.42,23.71,24.22,122275.849,2945128.34228,40861,1376254.63110
1728259200000,24.22,24.52,23.60,23.67,141832.395,3429656.80217,59376,1699364.28529
1728345600000,23.67,24.04,23.04,23.16,155910.688,3642549.36490,46993,1758854.56912
1728432000000,23.17,23.39,22.53,22.68,146234.792,3368494.41094,45012,1680581.86952
1728518400000,22.69,22.98,22.30,22.98,158946.725,3604413.70038,45470,1820729.44197
1728604800000,22.97,23.87,22.93,23.60,201774.389,4747114.97598,52011,2363841.19258
1728691200000,23.61,24.16,23.55,23.98,111459.012,2663619.66640,34720,1362867.02137
1728777600000,23.99,24.24,23.26,23.75,132382.722,3145342.53848,39462,1516175.95663
1728864000000,23.75,24.51,23.39,24.45,157144.340,3781085.29250,51030,1831954.11211
1728950400000,24.46,24.63,23.53,24.18,182151.146,4405235.55185,61725,2154034.59054
1729036800000,24.18,24.39,23.88,24.03,128999.206,3112648.87250,43858,1482120.17171
1729123200000,24.04,24.22,23.40,23.70,143293.219,3399443.29410,43048,1602113.96041
1729209600000,23.70,24.15,23.49,23.73,173152.101,4103674.70319,46556,2199582.91210
1729296000000,23.72,24.21,23.69,24.19,172024.925,4122838.85025,38499,2005078.13449
1729382400000,24.19,24.71,23.82,24.70,154586.984,3754079.70681,43547,1824089.28014
1729468800000,24.71,24.75,23.70,23.89,136782.937,3309263.92341,40137,1470864.56318
1729555200000,23.89,23.95,23.16,23.47,152982.813,3601885.98186,42475,1649242.65499
1729641600000,23.47,23.49,22.47,23.27,189009.040,4353347.54662,51612,1921207.40240
1729728000000,23.27,23.56,22.93,23.44,131561.453,3063296.79553,39339,1503768.42996
1729814400000,23.43,23.53,20.83,21.88,247231.136,5587028.36436,59094,2531932.36270
1729900800000,21.88,22.34,21.62,22.11,153210.660,3368411.14857,37429,1521615.05852
1729987200000,22.12,22.45,21.95,22.31,88319.619,1962906.53676,21997,1008835.84215
1730073600000,22.29,22.75,22.00,22.64,141577.495,3166651.83484,36178,1549447.57303
1730160000000,22.64,23.41,22.56,23.36,179274.785,4128775.94688,46061,2118196.66974
1730246400000,23.37,23.48,22.92,23.11,118853.172,2761499.63524,34930,1274317.12592
1730332800000,23.11,23.21,22.10,22.17,178885.428,4027957.30794,45656,1885390.30875
1730419200000,22.18,22.74,21.81,22.35,164683.654,3671952.02424,43753,1806279.30738
1730505600000,22.35,22.75,22.06,22.30,115303.024,2579656.17946,31095,1304614.11202
1730592000000,22.30,22.33,21.05,21.78,255221.635,5525574.67988,59863,2641436.28750
1730678400000,21.78,22.15,21.14,21.46,205569.034,4466547.57371,54035,2316352.80039
1730764800000,21.46,22.13,21.41,21.99,190031.783,4145496.42157,47976,1791626.01344
1730851200000,21.98,23.39,21.96,23.34,346298.627,7919886.53130,80671,3966874.03722
1730937600000,23.35,23.95,23.14,23.49,260258.795,6129844.78737,61881,3082610.68207
1731024000000,23.49,23.82,23.20,23.82,184234.594,4331453.04224,47907,2234981.36961
1731110400000,23.82,24.98,23.71,24.94,257972.123,6233129.81461,64245,2992590.04731
1731196800000,24.95,26.97,24.60,25.96,475989.720,12274761.55676,114528,6066724.03919
1731283200000,25.95,26.89,25.36,26.81,476117.432,12411209.45331,122668,6141455.63739
1731369600000,26.82,27.28,24.70,26.24,661908.261,17212511.54086,172199,8621776.07092
1731456000000,26.25,26.67,24.45,25.56,597953.007,15271461.43686,164383,7675757.60345
1731542400000,25.57,26.44,24.58,25.11,460259.238,11725823.15367,131537,5827398.94543
1731628800000,25.10,28.09,24.72,27.88,492882.127,12985084.59290,134380,6685162.25909
1731715200000,27.88,30.33,27.60,30.07,653845.337,18878814.74059,154008,9290583.47625
1731801600000,30.09,30.35,27.01,27.42,395201.389,11287448.77056,105998,5245757.98215
1731888000000,27.42,29.86,27.41,29.62,405002.925,11671583.85058,119227,5844336.49653
1731974400000,29.65,30.10,28.06,28.55,334029.875,9756664.10961,96055,4506259.37503
1732060800000,28.55,28.56,26.76,27.30,359194.485,9951490.45449,102218,4774103.31344
1732147200000,27.31,29.64,26.97,28.78,504840.256,14486337.35977,141561,7186292.53714
1732233600000,28.78,29.94,28.30,29.91,418904.083,12194617.50179,121570,6112888.68066
1732320000000,29.91,35.50,29.40,33.83,1118166.182,36500679.51115,252253,17795802.72941
1732406400000,33.82,36.61,31.85,34.25,988788.247,33633053.44678,217327,16142661.84093
1732492800000,34.26,35.21,32.36,33.29,663766.241,22469038.32944,163093,10496112.59871
1732579200000,33.29,35.53,30.95,33.30,718923.471,23482086.84465,176399,11371042.47894
1732665600000,33.29,38.62,32.90,38.18,1059082.395,38215061.90726,240519,18919741.87380
1732752000000,38.17,38.17,35.35,36.90,381668.261,13919659.11717,111467,6819768.77433
1732838400000,36.90,37.63,35.22,37.50,295834.999,10758654.56575,92137,5085569.09997
1732924800000,37.49,40.45,36.75,39.52,474877.976,18418822.85956,128924,9549865.77670
1733011200000,39.52,46.89,38.02,46.07,858619.576,36302835.28739,249615,17646519.65480
1733097600000,46.07,58.30,46.07,52.31,7541506.397,401885057.74676,1843271,203170375.11339
1733184000000,52.29,62.31,52.29,57.42,2373372.545,133006177.16046,719440,65715916.19827
1733270400000,57.43,63.13,55.32,58.50,1307963.520,77108315.57667,492025,36553631.89945
1733356800000,58.49,71.67,51.30,64.91,1958751.362,125674154.55452,712069,60617986.08021
1733443200000,64.92,65.80,59.13,61.81,1033287.090,63800332.39689,395212,31053498.72673
1733529600000,61.81,62.94,58.41,60.02,558442.235,33728583.91930,245547,16286897.71484
1733616000000,60.02,60.38,57.72,58.32,370212.220,21839112.93485,183235,10784603.63938
1733702400000,58.33,58.35,41.18,47.17,1200376.616,60986754.81109,384887,28084958.63437
1733788800000,47.17,47.86,40.07,45.55,1129106.695,49649694.03950,332051,23934725.69152
1733875200000,45.55,49.99,43.38,49.12,655402.189,30758065.16470,225291,14890513.15234
1733961600000,49.11,51.41,47.53,48.68,617424.482,30573531.30328,222742,13897969.58901
1734048000000,48.69,49.76,47.59,48.87,408876.967,19866624.15722,165422,9391245.85147
1734134400000,48.87,49.08,45.07,46.13,384141.137,17992289.99684,147487,8358913.90924
1734220800000,46.12,47.83,44.50,47.29,458195.141,21098077.01150,165154,10399659.19863
1734307200000,47.29,48.26,43.02,44.81,543439.262,24636366.27180,191556,11439666.25161
1734393600000,44.81,47.02,43.60,44.38,534466.818,24034255.14031,192251,11939927.14049
1734480000000,44.37,44.78,38.03,38.70,656780.149,27205434.15878,231509,12378109.05314
1734566400000,38.69,40.27,34.62,36.26,724570.465,27283310.76348,216207,12685220.20720
1734652800000,36.25,38.44,31.42,38.09,800455.708,28503815.35358,230422,13664831.47481
1734739200000,38.08,40.56,35.04,35.60,518720.581,19470017.28352,182331,9279724.36615
1734825600000,35.60,37.16,34.37,35.27,510609.914,18197873.63868,167884,9030674.79315
1734912000000,35.28,39.70,34.45,39.09,452571.736,16686660.93468,173916,8086388.81067
1734998400000,39.10,45.46,38.30,43.56,1209097.220,50749709.13194,343243,24719360.34538
1735084800000,43.56,49.32,43.43,45.76,1475241.570,68479068.22228,409178,33087928.35453
1735171200000,45.75,46.40,40.56,40.63,894137.679,38331395.42567,272632,18169774.52547
1735257600000,40.62,42.34,38.91,39.33,714668.823,29009895.29329,229359,14427976.76984
1735344000000,39.33,43.90,38.80,43.42,499657.872,20298711.17029,169273,10240285.89951
1735430400000,43.41,43.86,39.34,39.75,494112.037,20536065.08870,165676,9642131.94598
1735516800000,39.76,41.66,37.41,38.53,605978.042,23911437.67779,184144,11338903.74427
1735603200000,38.54,39.54,37.47,37.89,334839.430,12845161.74152,108022,6454411.64848
1735689600000,37.90,40.63,37.17,39.41,369086.341,14346465.62212,115086,7199360.17510
1735776000000,39.40,41.28,38.83,40.30,376614.505,15101890.25496,130769,7368856.32218
1735862400000,40.29,43.90,39.26,43.18,385049.006,16008248.03371,142760,7759498.09374
1735948800000,43.17,43.71,42.07,42.69,266549.977,11407011.88244,108960,5535907.39393
1736035200000,42.70,44.53,42.01,43.69,370096.623,15972707.49057,150139,7814974.45661
1736121600000,43.70,44.71,42.51,43.82,356619.878,15532062.36279,141072,7053186.88252
1736208000000,43.82,43.83,38.45,38.63,451286.374,18424826.40727,158042,8490407.73615
1736294400000,38.63,39.19,35.39,37.57,506209.743,18971507.64671,170317,8740256.16278
1736380800000,37.57,38.14,35.56,36.82,338851.482,12494716.05751,122021,6035122.84347
1736467200000,36.82,37.76,36.02,37.52,314470.319,11634053.13864,113256,5786985.48678
1736553600000,37.52,37.87,36.71,37.27,214310.549,7998676.72162,83601,3654977.02021
1736640000000,37.27,37.54,36.31,36.83,228626.222,8458527.88342,81257,4245798.88987
1736726400000,36.84,37.74,33.00,35.37,479992.588,16735877.72276,151604,7882608.69542
1736812800000,35.37,37.91,35.09,37.69,232194.877,8461556.65822,90006,4521701.71087
1736899200000,37.70,40.32,36.78,40.07,459590.365,17698663.98580,140691,8628513.83966
1736985600000,40.07,40.73,38.56,39.51,372132.246,14726005.41798,127524,6970219.50558
1737072000000,39.50,44.59,39.46,43.54,688763.189,29688305.91027,192550,14550344.84584
1737158400000,43.54,44.30,39.01,39.96,479087.400,19588994.57365,155712,9403548.28202
1737244800000,39.97,40.62,34.99,35.71,583656.914,21979258.87817,191263,10312112.90401
1737331200000,35.71,39.19,34.62,36.28,601415.409,21985149.43115,202553,10649900.51532
1737417600000,36.28,38.13,34.35,36.86,335438.914,12181651.65233,138294,5691456.32545
1737504000000,36.84,37.53,35.59,35.80,237524.744,8689499.21443,90258,4306135.01636
1737590400000,35.82,36.39,34.46,35.51,322700.687,11376056.23463,106767,5368966.95515
1737676800000,35.49,36.15,34.23,34.97,232086.885,8195102.36573,83414,4011821.73477
1737763200000,34.97,35.66,34.53,35.17,147613.870,5191142.35863,65704,2480108.41265
1737849600000,35.19,35.67,33.74,33.78,146843.285,5118250.91009,49490,2397151.16887
1737936000000,33.78,33.93,30.30,33.20,409484.170,13208195.05634,102642,6128332.56277
1738022400000,33.22,33.57,30.79,31.00,194271.110,6308374.26534,58444,2968597.26248
1738108800000,31.03,33.15,30.94,32.09,188504.642,6010127.71763,59045,3003336.72490
1738195200000,32.09,34.92,31.77,34.07,245290.996,8254367.09404,71036,4093045.71652
1738281600000,34.08,35.09,33.07,33.90,205757.307,6987639.34880,72286,3440754.88112
1738368000000,33.92,34.78,30.36,30.41,346124.977,11437136.47331,89119,5423922.81027
1738454400000,30.39,31.29,25.00,26.85,660864.615,18672471.04477,163264,8619140.20517
1738540800000,26.87,27.13,19.95,26.82,1156979.940,27913261.12278,269541,12636581.25938
1738627200000,26.81,27.22,24.15,25.62,528207.737,13410688.47563,145710,6441025.78475
1738713600000,25.63,26.32,24.97,25.30,268223.247,6888013.24240,101415,3399219.34687
1738800000000,25.30,25.79,23.93,24.54,281232.608,6980883.72441,98422,3402402.16817
1738886400000,24.55,26.25,24.16,25.01,466699.626,11768808.11505,128538,5530667.55758
1738972800000,25.02,25.79,24.37,25.74,184637.432,4606519.58631,69448,2414399.21879
1739059200000,25.74,26.64,24.75,25.74,218430.248,5631483.45069,74318,2770526.04236
1739145600000,25.73,27.05,25.01,27.04,214393.332,5642849.81280,80626,2981294.16119
1739232000000,27.04,28.36,26.33,26.97,281735.117,7732317.28552,90567,3439155.00423
1739318400000,26.96,27.98,25.62,27.89,256511.411,6843590.11248,88558,3446293.74316
1739404800000,27.90,28.61,26.92,27.69,183501.248,5068832.19525,73536,2455583.29519
1739491200000,27.69,28.99,27.13,27.92,455034.912,12847791.61810,112144,6236528.79473
1739577600000,27.93,28.27,26.81,27.03,150382.335,4123661.87607,55184,2000887.87435
1739664000000,27.03,27.39,26.51,26.74,143284.239,3857543.96452,55075,1929648.99755
1739750400000,26.73,27.42,25.90,26.48,205197.605,5462039.16772,71298,2584927.76045
1739836800000,26.47,26.58,24.93,25.72,189542.583,4860154.47031,80763,2376955.66015
1739923200000,25.73,26.52,25.39,26.49,273285.203,7135033.60203,73751,3423237.24287
1740009600000,26.49,27.91,26.27,27.63,188027.386,5064701.11825,66233,2366121.59841
1740096000000,27.63,28.53,26.22,26.60,247053.181,6790595.87374,94731,3348704.15378
1740182400000,26.60,27.61,26.45,27.34,139083.730,3765588.93124,54462,1881272.91362
1740268800000,27.35,27.77,26.73,27.06,146995.965,3995905.31118,55031,1846780.51108
1740355200000,27.07,27.16,23.67,24.11,422344.328,10712100.30592,117016,5184231.13687
1740441600000,24.10,25.33,22.68,25.28,500102.302,11966630.99120,147337,5818613.58864
1740528000000,25.29,26.66,24.86,26.34,386366.879,9956841.35809,137220,4823278.25608
1740614400000,26.34,27.13,25.21,26.15,242439.221,6391410.73879,93151,3059431.27226
1740700800000,26.15,26.27,23.94,25.89,323565.720,8068350.41465,105146,3998895.16399
1740787200000,25.89,26.44,24.73,25.44,212430.583,5411934.48702,74222,2676498.76810
1740873600000,25.45,27.97,25.09,27.33,328117.086,8664737.21590,105319,4246502.31799
1740960000000,27.32,27.51,23.74,24.00,393660.028,10077720.75850,120817,4874110.00838
1741046400000,24.01,24.52,22.23,24.14,357569.413,8391251.80481,116767,3908386.29288
1741132800000,24.14,24.98,23.78,24.92,176756.198,4302270.74783,64565,2193717.97784
1741219200000,24.92,25.36,24.18,24.38,216390.411,5354281.97885,68875,2725949.75854
1741305600000,24.37,25.00,23.21,24.20,266364.791,6467489.51103,76420,3110905.63401
1741392000000,24.19,24.48,23.72,24.05,159189.019,3841786.72589,50887,1737617.67100
1741478400000,24.05,24.25,21.61,21.96,268248.194,6102062.15772,67176,3010067.27028
1741564800000,21.96,23.19,20.50,20.94,309620.006,6792841.99061,83316,3111513.00671
1741651200000,20.94,22.34,19.64,21.73,306960.407,6490325.96358,80938,3203737.47515
1741737600000,21.73,22.37,21.06,22.14,242953.669,5303078.21639,67232,2648893.78886
1741824000000,22.13,22.49,21.50,22.13,172659.354,3781814.49413,57556,1841421.80120
1741910400000,22.13,23.06,22.09,22.61,196388.643,4428976.08352,53731,1974268.40154
1741996800000,22.61,23.28,22.48,23.11,224038.211,5119856.87939,52724,2595553.72868
1742083200000,23.11,23.30,22.29,22.63,172149.484,3919750.23093,53160,2006116.27073
1742169600000,22.63,23.58,22.56,23.31,161960.724,3738055.85661,59778,1819573.98671
1742256000000,23.31,24.14,22.53,24.09,231876.420,5340806.88547,65322,2485535.82135
1742342400000,24.09,24.65,23.71,24.28,248747.546,6002382.56699,77403,2929397.48655
1742428800000,24.27,24.42,23.58,23.64,118399.184,2840846.05922,44840,1289403.49341
1742515200000,23.64,23.88,22.80,22.94,150706.472,3508308.10256,44720,1733815.35541
1742601600000,22.94,23.59,22.89,23.33,100897.404,2347372.57614,52147,1241839.70091
1742688000000,23.33,25.79,22.45,23.31,424503.957,10010725.94416,106998,4664021.14188
1742774400000,23.32,24.11,23.12,23.92,147882.407,3508333.68915,54019,1666721.45008
1742860800000,23.93,24.21,23.50,24.06,129465.286,3098106.59575,86967,1452402.22275
1742947200000,24.07,24.59,23.73,23.98,148242.159,3587920.51476,112854,1789722.09280
1743033600000,23.98,24.40,23.60,23.88,156175.267,3754668.75288,79983,1799609.59437
1743120000000,23.89,24.10,22.52,22.83,247737.717,5713817.32208,61778,2677552.46467
1743206400000,22.84,22.93,21.02,21.37,219556.320,4777999.92280,54471,2205351.37412
1743292800000,21.37,22.18,21.27,22.01,137797.136,3007688.03380,38186,1528722.87656
1743379200000,22.01,22.55,21.50,22.30,243421.502,5371149.61987,54898,2601847.77706
1743465600000,22.30,23.08,22.27,22.58,167323.910,3791337.02959,48426,1953754.56612
1743552000000,22.59,22.81,21.13,21.44,320393.225,7076380.59626,66136,3580742.17423
1743638400000,21.44,22.01,20.58,21.60,161679.025,3451211.12857,46541,1693822.68628
1743724800000,21.60,21.88,20.99,21.67,160542.385,3463543.62570,52088,1705722.67164
1743811200000,21.66,21.87,21.18,21.44,76410.887,1639094.14579,25933,846222.50068
1743897600000,21.43,21.46,19.44,19.93,178943.818,3666252.09352,54660,1761811.65453
1743984000000,19.94,20.32,17.79,19.67,395419.148,7587487.66778,93271,3795472.03023
1744070400000,19.68,20.21,18.91,18.96,161433.315,3158451.27036,55082,1531651.05632
1744156800000,18.95,20.97,18.56,20.75,232787.525,4604821.24932,63337,2257604.11616
1744243200000,20.75,20.87,19.50,19.92,185674.487,3743265.47246,55670,1883448.33735
1744329600000,19.92,20.94,19.85,20.49,124274.180,2532736.08255,41842,1213498.93603
1744416000000,20.49,21.40,20.32,21.31,101232.027,2118111.95034,36522,1044068.84366
1744502400000,21.31,21.38,20.44,20.57,141728.765,2950186.21962,53817,1412964.29201
1744588800000,20.58,21.10,20.51,20.53,131444.001,2728569.58383,50073,1356326.61501
1744675200000,20.53,20.83,20.18,20.25,102483.419,2105793.23331,36989,1010788.77234
1744761600000,20.25,20.53,19.89,20.14,158923.924,3207556.46305,52227,1500386.87624
1744848000000,20.14,20.57,20.04,20.39,96068.942,1948170.08670,35249,976429.46668
1744934400000,20.38,21.19,20.20,20.87,122597.884,2545913.29310,37354,1124119.00034
1745020800000,20.88,21.33,20.80,21.05,76488.598,1615521.50175,34146,833294.03020
1745107200000,21.06,21.43,20.92,21.25,137118.661,2909099.57577,39667,1407547.00480
1745193600000,21.24,21.58,20.79,20.93,154291.090,3282007.46478,44172,1721146.77150
1745280000000,20.94,22.18,20.51,22.12,151794.390,3218574.22014,47943,1556238.34577
1745366400000,22.13,22.80,22.01,22.40,149162.412,3336181.15611,46270,1474863.09602
1745452800000,22.39,22.43,21.53,22.18,115846.918,2549074.02746,41598,1287689.83512
1745539200000,22.19,22.66,21.94,22.35,153594.304,3439867.80387,45880,1650598.66288
1745625600000,22.34,22.83,22.14,22.57,110665.539,2490481.95684,35464,1111127.03587
1745712000000,22.57,22.64,21.25,21.30,166857.689,3631591.39709,46232,1675433.53949
1745798400000,21.30,25.24,20.86,23.55,1267708.134,30041325.36602,244041,14855784.02454
1745884800000,23.56,24.14,22.81,23.09,286079.980,6727523.68546,69855,2986175.44369
1745971200000,23.09,24.60,22.70,23.48,400347.492,9438195.75992,82672,4463041.86387
1746057600000,23.47,23.67,22.93,23.12,167265.389,3902230.51222,48371,1807504.52331
1746144000000,23.12,24.02,22.98,23.62,303759.654,7136352.58397,71425,3654887.84559
1746230400000,23.63,23.72,22.02,22.47,215276.710,4923686.80081,55417,2308961.07217
1746316800000,22.47,22.58,21.60,21.89,239408.103,5263057.88895,56879,2489846.73149
1746403200000,21.89,22.21,21.50,21.76,190785.011,4169374.90942,48387,2092908.34365
1746489600000,21.76,22.02,20.43,21.15,294169.420,6217004.76582,67982,2892985.56146
1746576000000,21.15,21.62,20.75,21.40,199219.247,4231815.56216,50572,1973225.37952
1746662400000,21.41,23.29,21.37,23.19,307430.412,6905876.47095,75484,3071841.27576
1746748800000,23.19,24.34,22.96,23.94,285938.219,6793079.01143,83649,3129530.14976
1746835200000,23.94,25.25,23.76,25.20,265927.050,6458020.17694,79708,3311560.49857
1746921600000,25.18,25.35,24.08,24.57,218331.394,5392008.00977,70731,2563922.49335
1747008000000,24.57,25.72,23.76,24.81,321853.181,8025139.63992,100929,3753759.81686
1747094400000,24.82,25.86,23.45,25.68,289495.144,7158840.33445,87278,3324857.43101
1747180800000,25.68,26.05,24.62,24.75,257006.131,6515055.49954,78487,2939759.30738
1747267200000,24.76,25.32,22.53,23.67,354809.484,8419444.21468,101457,3913697.84768
1747353600000,23.68,24.12,23.22,23.39,172724.940,4107728.83802,58669,2006065.18231
1747440000000,23.38,23.49,22.57,22.85,168352.814,3863946.11728,57864,1843962.79705
1747526400000,22.86,24.04,22.59,23.87,182383.565,4261500.45940,61813,2015196.24105
1747612800000,23.88,23.95,22.47,23.39,165512.404,3822536.79237,53327,1861889.55745
1747699200000,23.39,23.84,22.89,23.54,145904.651,3411825.29879,49542,1631694.06104
1747785600000,23.54,24.27,23.11,23.96,200610.135,4748826.13601,60188,2206664.11091
1747872000000,23.96,25.60,23.86,24.99,264806.556,6571105.89527,70259,3037059.00635
1747958400000,25.00,25.71,23.27,23.33,345480.631,8409572.73982,96254,4014428.58206
1748044800000,23.34,23.71,23.00,23.17,168925.743,3957368.15731,46459,1814115.38990
1748131200000,23.17,23.67,22.53,23.64,237342.853,5447899.52511,66586,2797659.46475
1748217600000,23.65,24.04,23.36,23.50,181017.619,4287600.37275,48718,2069272.00502
1748304000000,23.50,24.23,23.06,23.95,194731.834,4647620.02778,52377,2268457.59456
1748390400000,23.95,24.28,23.30,23.81,197924.384,4716767.66734,54051,2236132.27201
1748476800000,23.81,24.24,23.06,23.18,171334.622,4045332.78171,53213,2049532.32232
1748563200000,23.17,23.34,21.58,21.78,361318.392,8098592.83778,81544,3787682.93946
1748649600000,21.77,22.08,21.26,21.86,195626.946,4234062.25045,53951,2015915.56466
1748736000000,21.86,22.17,21.52,22.10,167927.014,3671593.43459,45011,1664964.70786
1748822400000,22.09,22.36,21.56,22.30,182572.251,3993384.76297,52345,1833985.95961
1748908800000,22.31,22.64,22.06,22.31,159484.341,3565037.26778,43926,1644395.06299
1748995200000,22.31,22.55,21.46,21.49,177562.856,3918764.72602,42075,1796331.99165
1749081600000,21.49,21.70,20.27,20.51,281397.012,5931965.48015,59010,2814285.40752
1749168000000,20.51,21.51,20.35,21.23,151625.908,3186418.55823,41913,1537448.48260
1749254400000,21.23,21.74,21.19,21.62,111044.338,2391812.48686,33353,1144947.50644
1749340800000,21.61,21.79,21.19,21.49,129724.740,2789448.75784,29924,1485058.58603
1749427200000,21.49,22.30,21.15,22.29,147590.659,3198652.56113,37893,1517706.61380
1749513600000,22.29,22.91,21.87,22.71,203459.191,4570194.27358,49442,2079560.30345
1749600000000,22.69,22.71,21.65,21.86,236962.930,5277733.85741,55672,2538053.06570
1749686400000,21.86,21.88,20.59,20.67,221006.943,4699374.05951,55960,2145490.70779
1749772800000,20.67,20.69,19.46,20.44,257286.003,5160247.55083,56711,2317950.33195
1749859200000,20.45,20.52,20.00,20.17,111771.965,2268947.47230,32147,1191845.83372
1749945600000,20.18,20.42,19.86,20.11,97231.153,1958926.39221,31691,930642.29571
1750032000000,20.11,20.91,19.90,20.15,170752.999,3510994.18789,45477,1695171.63307
1750118400000,20.16,20.42,19.37,19.60,181119.911,3602764.08051,52066,1770010.06811
1750204800000,19.61,20.05,19.13,19.83,156000.797,3056969.64028,42682,1432241.58107
1750291200000,19.83,20.00,19.53,19.87,108206.969,2138920.88516,33029,1025484.96143
1750377600000,19.88,20.23,18.89,19.49,164256.932,3232209.31233,42348,1439896.29450
1750464000000,19.49,19.69,18.19,18.79,158128.097,3024821.75126,45171,1396379.04155
1750550400000,18.78,19.00,17.34,18.28,233790.975,4256444.42690,57706,2112481.72800
1750636800000,18.28,19.80,18.04,19.72,255865.314,4803783.74291,48755,2332060.36111
1750723200000,19.73,20.21,19.64,20.10,164429.570,3276973.28953,45274,1527186.50454
1750809600000,20.10,20.31,19.58,19.68,148434.984,2968721.15120,41293,1448187.61230
1750896000000,19.68,20.15,19.11,19.25,122067.569,2387906.39613,36693,1127468.89005
1750982400000,19.25,19.60,19.08,19.44,120918.810,2337750.50200,32596,1191545.13715
1751068800000,19.44,19.91,19.31,19.86,96933.473,1894929.23338,25755,922789.03813
1751155200000,19.85,20.44,19.71,20.33,124869.774,2496618.99121,31174,1298531.00350
1751241600000,20.33,20.50,19.69,20.03,221308.156,4463147.00113,45370,2025002.31563
1751328000000,20.02,20.07,19.00,19.25,143209.167,2797123.89376,38729,1381973.27044
1751414400000,19.24,20.60,19.07,20.48,163196.043,3270985.25516,39734,1684944.07877
1751500800000,20.48,20.96,20.24,20.43,192273.788,3960796.58358,44325,1779929.63232
1751587200000,20.43,20.53,19.62,19.69,143748.156,2881110.97885,36774,1370930.01436
1751673600000,19.69,19.97,19.55,19.77,109010.824,2156111.30132,25135,1125617.06843
1751760000000,19.78,20.29,19.63,20.04,141061.282,2816384.54784,30287,1357134.91794
1751846400000,20.03,20.27,19.65,19.83,143331.612,2863726.41235,28758,1322451.90164
1751932800000,19.83,20.19,19.57,20.00,148898.387,2963876.87892,29460,1363237.37648
1752019200000,20.00,20.87,19.79,20.71,217463.818,4410447.89467,37744,2211259.50943
1752105600000,20.72,21.68,20.56,21.52,248212.837,5212471.98569,40525,2517852.52827
1752192000000,21.51,22.54,21.26,21.79,349114.153,7664421.91774,67490,3727292.30253
1752278400000,21.79,22.15,21.15,21.83,189085.207,4091466.72754,44533,1909997.84285
1752364800000,21.84,23.09,21.65,22.27,238912.134,5356364.40667,56559,2577424.46187
1752451200000,22.27,23.28,21.82,22.12,227344.505,5141771.79959,60077,2316342.83177
1752537600000,22.13,22.38,21.12,22.30,232176.184,5017125.96638,58913,2483186.32213
1752624000000,22.31,23.09,21.69,22.69,288606.544,6472992.87592,67251,2992951.00726
1752710400000,22.68,23.00,22.17,22.64,242729.259,5496045.23743,56342,2663313.76367
1752796800000,22.65,24.96,22.58,23.65,490789.844,11722976.05247,95432,5898628.00349
1752883200000,23.66,24.81,23.01,24.34,275627.292,6585325.65309,63959,3254432.86746
1752969600000,24.33,25.97,24.14,25.21,372690.275,9385835.72029,82545,4464200.03418
1753056000000,25.22,25.88,24.69,25.02,311827.459,7882378.82254,84048,3787802.13617
1753142400000,25.02,25.75,24.10,25.45,347323.346,8643597.54779,89327,4430040.75267
1753228800000,25.46,25.79,22.87,23.25,259178.437,6337945.88200,85962,2883320.15953
1753315200000,23.28,23.61,21.89,22.78,322818.216,7384888.07409,82086,3013820.22718
1753401600000,22.77,23.07,22.07,22.75,264458.212,5959234.56293,69136,2783133.13172
1753488000000,22.75,22.99,22.27,22.49,226025.319,5107732.05443,56004,2345260.16348
1753574400000,22.49,23.28,22.31,23.17,246717.247,5618132.29280,57697,2656415.72639
1753660800000,23.18,23.75,21.61,21.72,336726.075,7656561.12887,79934,3667305.17823
1753747200000,21.72,22.07,20.86,21.21,287850.076,6175314.28423,80814,3054732.53436
1753833600000,21.21,21.41,20.20,21.32,276015.444,5776343.46671,87072,2860049.18000
1753920000000,21.33,22.00,20.39,20.53,271725.901,5800304.53592,76421,2750762.49540
1754006400000,20.54,20.90,19.97,20.37,330892.570,6782363.18987,93194,3242948.23117
1754092800000,20.37,20.58,19.74,20.03,215963.404,4350415.45872,56370,2065464.98692
1754179200000,20.03,20.72,19.84,20.61,147988.451,3014365.25233,44119,1535912.23758
1754265600000,20.61,21.81,20.51,21.73,196288.880,4134260.59437,68996,2036647.24887
1754352000000,21.73,21.74,20.68,21.09,219776.975,4653188.23313,67638,2217037.74718
1754438400000,21.09,21.49,20.57,21.07,180285.182,3789555.92025,97600,1724346.16728
1754524800000,21.07,21.99,20.88,21.95,198284.749,4254910.13147,77378,2221461.69629
1754611200000,21.95,22.95,21.74,22.57,359166.756,7996769.44115,113203,3874421.84477
1754697600000,22.57,23.29,22.53,23.16,227683.128,5243680.74311,55861,2647757.30798
1754784000000,23.17,23.52,22.48,23.05,249201.066,5750991.18111,59076,2813922.80625
1754870400000,23.05,23.75,22.32,22.54,373766.427,8634065.97333,78523,4168095.50285
1754956800000,22.54,23.72,22.04,23.43,281225.332,6460387.58504,59357,3177404.89825
1755043200000,23.43,24.08,23.07,23.89,267918.327,6338072.39893,61274,3068580.41654
1755129600000,23.89,24.25,21.83,22.19,307702.731,7060845.26862,79405,3339015.32786
1755216000000,22.20,22.71,21.52,22.24,218388.196,4842849.25020,57134,2259489.48479
1755302400000,22.25,23.48,22.23,23.22,201958.265,4617248.18248,45779,2324325.28901
1755388800000,23.23,23.56,22.78,22.85,179496.384,4170309.77427,48483,1922107.77829
1755475200000,22.85,22.92,21.85,22.17,219658.011,4899052.28842,87535,2155072.24764
1755561600000,22.17,22.42,21.24,21.28,252966.236,5520682.78155,63280,2480465.31111
1755648000000,21.29,22.34,21.11,22.22,226837.867,4920377.29135,58698,2336923.36876
1755734400000,22.22,22.42,21.71,21.97,176160.020,3873389.45490,52020,1876776.58954
1755820800000,21.98,23.27,21.10,23.20,286529.099,6397336.12145,77016,3085802.79597
1755907200000,23.21,23.73,22.76,23.29,260925.734,6043251.85813,77841,3047856.53364
1755993600000,23.27,23.66,22.48,22.94,308475.264,7079597.37319,68848,3313353.14309
1756080000000,22.94,23.26,21.36,21.67,256907.984,5711775.14786,97066,2635871.65384
1756166400000,21.68,23.56,21.54,23.19,300377.363,6763411.01599,105037,3382796.63296
1756252800000,23.21,23.71,22.82,23.55,308765.596,7197443.79328,65405,3476051.74435
1756339200000,23.56,23.91,22.88,23.46,231674.289,5439657.98397,58154,2617063.60224
1756425600000,23.46,23.62,22.29,22.67,256820.911,5876261.28236,65073,2879088.12916
1756512000000,22.68,24.44,22.29,24.21,317486.629,7396617.87875,73885,3837987.28103
1756598400000,24.22,24.87,23.56,23.58,594624.078,14401491.41771,132809,7083302.72208
1756684800000,23.58,23.60,22.21,22.75,321499.771,7362216.01408,77834,3445365.41483
1756771200000,22.75,23.34,22.42,23.27,228073.655,5248951.15612,59278,2551131.58354
1756857600000,23.27,24.13,23.13,23.92,247405.260,5849815.98762,66465,2948968.42511
1756944000000,23.92,24.07,22.98,23.23,271627.107,6374819.64884,69051,2921804.35873
1757030400000,23.22,24.35,23.20,23.91,290724.863,6920527.44907,65260,3505873.79961
1757116800000,23.91,24.09,23.39,23.62,143998.248,3407739.49861,37580,1671840.25282
1757203200000,23.63,25.41,23.61,24.63,412615.944,10201956.04791,97729,4912892.61933
1757289600000,24.62,25.54,24.45,25.08,392194.092,9872293.61716,100246,4670851.95150
1757376000000,25.08,25.66,24.46,24.88,312970.077,7850701.79974,77893,3690567.27471
1757462400000,24.88,25.34,24.21,24.64,229073.516,5673927.75459,68015,2563358.74038
1757548800000,24.64,24.98,24.01,24.58,215497.930,5295662.68168,57946,2452059.23412
1757635200000,24.58,25.00,24.10,24.97,214991.971,5296387.56032,55171,2647455.64131
1757721600000,24.98,25.60,24.64,25.34,250871.225,6312980.31609,64185,2708128.68042
1757808000000,25.34,25.34,23.88,24.21,223312.116,5475132.98876,64989,2139617.12880
1757894400000,24.22,24.47,22.68,23.20,294563.406,6929098.79125,71989,2946288.79931
1757980800000,23.20,23.89,22.89,23.68,246110.361,5790041.94327,60065,2735406.40213
1758067200000,23.68,24.13,23.12,23.99,225705.629,5304804.41276,62051,2565435.59864
1758153600000,23.99,24.49,23.85,24.37,216268.016,5240577.30843,56107,2617972.12582
1758240000000,24.38,24.66,23.01,23.16,229256.104,5435189.67951,57010,2359352.76486
1758326400000,23.17,23.59,22.97,23.26,134460.806,3123433.97934,35250,1593132.98025
1758412800000,23.26,23.35,22.80,22.91,117221.278,2702703.40429,37549,1274706.24120
1758499200000,22.91,23.00,19.65,21.05,408352.105,8695162.19145,130309,3804018.88274
1758585600000,21.04,21.31,20.61,21.01,167229.394,3520050.58038,44933,1627546.19721
1758672000000,21.01,21.57,20.62,21.13,143963.359,3060109.76641,44109,1428654.89774
1758758400000,21.13,21.15,19.87,20.08,248788.730,5097283.77302,66594,2477456.21521
1758844800000,20.09,20.68,19.87,20.65,190469.359,3854842.55300,44947,1849189.23644
1758931200000,20.65,21.18,20.50,20.89,155987.139,3257088.83966,35557,1584039.86724
1759017600000,20.90,21.33,20.60,21.28,97351.825,2032667.21351,30309,1086829.20378
1759104000000,21.29,23.14,21.22,22.65,554812.449,12357532.96595,104274,6139386.99125
1759190400000,22.65,23.06,21.91,22.40,356559.847,8003189.14810,75176,3577687.67628
1759276800000,22.39,34.16,22.12,31.18,5347688.586,154284796.87641,936453,76951847.09966
1759363200000,31.19,38.97,29.62,32.63,7562956.926,256244639.52351,1779720,125487588.15720
1759449600000,32.64,36.01,31.37,31.56,1930540.009,64396846.95357,541241,31068618.51616
1759536000000,31.57,36.74,29.59,34.21,2085224.876,67867525.17093,541769,33200495.96300
1759622400000,34.20,37.07,33.51,35.36,1974706.901,69450524.94282,560748,32918802.77402
1759708800000,35.37,35.97,34.16,34.48,667044.399,23222188.06378,246963,10867591.85805
1759795200000,34.48,34.60,29.70,29.92,757603.299,24279021.10253,210617,11373734.73153
1759881600000,29.91,34.29,28.46,33.13,1485452.433,46390552.94808,389865,22837394.94259
1759968000000,33.12,36.33,30.01,35.12,1949211.517,63720546.60775,402304,31137744.80870
1760054400000,35.11,49.06,28.94,37.69,9605396.271,414673998.88140,2694321,203493510.49110
1760140800000,37.69,43.64,33.45,39.52,3129746.768,120868811.98779,1005064,59297390.08519
1760227200000,39.53,59.39,37.12,53.19,6070132.815,316921426.76113,2522862,158811602.84919
1760313600000,53.20,61.19,49.38,50.73,3072196.588,167181532.27270,1287045,82223131.36511
1760400000000,50.73,51.27,43.36,45.19,2447692.178,112695713.68835,813015,54509920.61774
1760486400000,45.19,52.88,44.30,45.56,2513730.594,121395913.32980,1067411,58238093.02971
1760572800000,45.55,49.84,41.78,42.18,1945301.739,90050571.41454,851107,43879159.83117
1760659200000,42.19,46.89,38.69,43.19,2043190.691,85958009.34905,733945,42723929.82788
1760745600000,43.18,47.60,42.04,42.53,1343283.206,59928861.88757,587762,29376972.45948
1760832000000,42.53,45.72,41.76,43.54,1047671.403,45610774.21883,385906,22450335.05068
1760918400000,43.55,51.76,41.35,48.79,1942357.138,89786060.50617,763997,44144715.95203
1761004800000,48.78,50.97,44.17,45.16,1822792.846,85127580.10295,668391,39743136.46297
1761091200000,45.18,47.50,40.63,41.52,1301218.501,57588901.65069,468265,28121433.18905
1761177600000,41.52,43.51,40.81,41.72,813330.335,34071220.03789,288562,16422929.98124
1761264000000,41.73,43.48,39.30,41.84,1174692.810,48807631.99290,386920,23108761.37690
1761350400000,41.85,42.33,40.46,41.99,661985.709,27454603.43060,227553,13675527.20512
1761436800000,41.99,51.92,41.15,49.85,2372722.248,112432801.89127,815861,54943803.85361
1761523200000,49.84,54.23,47.82,48.61,2180645.648,110687980.75669,721099,54382832.19888
1761609600000,48.61,49.69,45.04,45.74,1011253.947,48091079.52852,357558,23306700.69020
1761696000000,45.73,49.45,45.13,46.37,1046257.440,49327875.00610,372887,23403092.79113
1761782400000,46.37,47.58,41.11,43.93,1098675.784,48748464.85069,386249,23679972.42528
1761868800000,43.93,53.29,43.61,52.86,1447847.487,69032488.80249,478144,34759576.00985
1761955200000,52.85,76.73,52.21,73.66,10228780.641,691837951.14953,3565027,348267694.91172
1762041600000,73.68,96.70,70.27,89.68,10165922.894,877536310.41901,4185475,445647710.65178
1762128000000,89.67,119.80,80.00,118.93,9990666.609,956334739.65158,4516160,487983931.73450
1762214400000,118.91,150.00,110.00,120.68,12074704.702,1554922737.74852,7123506,769783191.99456
1762300800000,120.67,122.68,100.01,104.18,5312666.732,583748901.65155,3489638,282106289.84549
1762387200000,104.18,129.25,97.13,113.18,5697244.773,640818392.67561,3530085,314197530.06832
1762473600000,113.22,122.54,99.82,101.19,4437967.730,492500891.92132,2797118,233902876.05251
1762560000000,101.19,103.07,74.76,81.54,5519284.003,461818338.77168,2748097,221995826.84337
1762646400000,81.54,95.46,72.79,81.67,4475923.570,378789122.62098,2303298,184224603.02803
1762732800000,81.69,85.50,71.30,72.67,2910527.288,230210174.20311,1420383,109645884.52441
1762819200000,72.66,77.48,65.46,67.05,2455507.971,172547243.57992,1232052,81325584.07478
1762905600000,67.06,72.40,63.51,67.07,2491472.229,169787375.73837,1208179,82493788.79845
1762992000000,67.07,71.61,61.53,63.62,2133133.711,141820692.29261,1023075,70190928.90704
1763078400000,63.61,78.01,61.31,74.35,3403857.978,239935123.18174,1554412,117674258.05458
1763164800000,74.32,95.12,70.06,92.36,7505418.248,622226877.15169,3410552,307888183.77804
1763251200000,92.32,102.20,82.77,85.54,7635459.912,696666557.71304,3763829,336552151.42349
1763337600000,85.54,89.42,78.50,82.20,4025144.329,334412554.71863,1933364,159411413.93871
1763424000000,82.20,82.20,73.10,77.62,2778310.324,213100566.64585,1302847,102138796.08371
1763510400000,77.61,82.42,72.20,79.56,2400220.311,183510450.20574,1168973,88326464.96139
1763596800000,79.56,85.48,72.66,72.85,2493478.294,196348549.78186,1195054,93747325.84054
1763683200000,72.86,74.14,58.50,60.44,2780174.387,182775042.91405,1145943,85660894.59124
1763769600000,60.44,61.48,52.64,56.98,2342927.906,131710214.86389,936037,63360946.26521
1763856000000,56.99,62.12,56.33,56.43,1941397.970,115728463.02751,818060,55343770.74252
1763942400000,56.44,60.88,54.87,56.59,1555419.902,88983940.06519,642366,44395436.12900
1764028800000,56.60,57.70,54.23,57.23,1156775.366,64773375.68762,468244,32167199.99231
1764115200000,57.23,69.56,57.18,69.41,3191096.122,200633086.87498,1214434,99650336.88111
1764201600000,69.41,71.00,61.30,61.69,1960283.835,126928675.91212,784096,61068132.66007
1764288000000,61.69,61.71,57.10,58.19,1721051.170,101177755.92011,607031,49259549.59113
1764374400000,58.20,58.64,55.75,56.49,760121.744,43382954.31292,344536,20503350.76220
1764460800000,56.50,57.37,53.20,53.35,760651.137,42136227.49361,313316,19049656.78191
1764547200000,53.35,53.43,46.60,48.31,1956629.978,95635389.85872,596891,45800508.26808
1764633600000,48.31,51.03,46.04,47.36,1642779.874,78676519.83916,503989,38602108.71085
1764720000000,47.36,52.74,46.13,48.72,2082250.316,102668931.57272,688372,49376105.85184
1764806400000,48.71,51.01,47.07,49.42,1237584.589,60919619.26982,431543,28738631.40130
1764892800000,49.42,52.45,46.37,46.95,1914986.452,94754425.92313,661830,46025398.42476
1764979200000,46.96,48.92,46.08,47.36,891703.185,42118182.54677,297581,20687011.64243
1765065600000,47.37,47.55,42.95,44.49,1467117.429,66343667.43301,387342,30624047.97273
1765152000000,44.49,52.57,44.30,49.65,2330753.573,114273614.82553,669911,58605553.63748
1765238400000,49.65,51.33,47.18,50.36,2096155.486,103152491.10800,622982,46255381.97236
1765324800000,50.36,53.08,46.39,46.80,1775850.381,88135177.08478,586741,41933847.66922
1765411200000,46.81,49.58,45.44,48.10,1590956.332,75600140.27252,546979,36723239.12455
1765497600000,48.09,48.65,45.42,46.49,991064.915,46693702.65634,321183,22077899.89798
1765584000000,46.49,47.18,44.17,44.90,775392.517,35258512.92672,271484,15927599.62082
1765670400000,44.91,45.46,40.63,40.97,967942.815,41691819.60138,290325,18870824.70528
1765756800000,40.97,43.69,39.13,40.85,1436209.603,59817437.89791,435433,29016940.50135
1765843200000,40.85,42.59,39.18,41.12,1164082.996,47682455.46775,375288,23811158.18953
1765929600000,41.12,41.47,37.89,38.07,978717.393,38887673.49788,321705,18652715.78968
1766016000000,38.07,39.19,35.10,35.70,1070669.031,39951127.65537,344866,18764655.38950
1766102400000,35.71,39.75,35.02,38.61,1143152.784,42872693.35060,353396,21518715.06852
1766188800000,38.61,41.25,38.36,40.03,843069.750,33478679.58120,271779,17025289.22509
1766275200000,40.01,40.06,37.54,38.32,616720.204,23878378.23156,203667,11374992.53763
1766361600000,38.31,39.36,37.31,38.36,629646.466,24153676.62349,231118,11393576.14576
1766448000000,38.36,38.97,36.67,37.75,553350.403,20834031.84093,214120,9882987.52152
1766534400000,37.76,38.51,36.18,38.29,535013.540,19946004.06494,197994,9912343.68783
1766620800000,38.29,40.36,37.79,37.94,838964.626,32967993.06530,266313,16510124.48132
1766707200000,37.93,39.82,37.75,39.25,547909.507,21343041.77734,203938,10165844.66899
1766793600000,39.24,47.14,39.02,44.57,2727815.460,119350398.83482,779251,60364504.84139
1766880000000,44.56,45.84,43.41,44.00,1256071.229,55720133.84364,418915,26708434.80680
1766966400000,44.00,45.17,41.85,42.38,1330152.529,57739473.53952,445816,27070114.22799
1767052800000,42.37,43.69,42.09,42.61,644909.677,27582504.79267,211862,13116795.34816
1767139200000,42.61,43.40,40.60,41.62,650977.003,27335062.45456,222480,12546228.65677
1767225600000,41.62,44.45,40.96,43.32,892741.725,38228310.35149,270884,18562463.30118
1767312000000,43.33,43.51,41.05,42.74,782047.130,32922605.44054,254116,15418286.99489
1767398400000,42.75,45.12,42.18,43.21,806141.841,34791680.81264,257086,17362623.80080
1767484800000,43.20,44.12,42.08,43.40,722555.708,31145008.34862,227698,14363594.39782
1767571200000,43.41,44.46,42.32,44.08,786101.607,34019220.01784,269430,15728737.48375
1767657600000,44.08,46.70,42.84,44.64,1156540.435,51724735.72994,362182,24663017.08235
1767744000000,44.64,44.69,40.38,40.86,920823.387,38742535.83779,299482,17662161.99108
1767830400000,40.86,41.41,37.55,38.68,1119056.528,43704066.10946,332055,21012639.50867
1767916800000,38.68,39.63,37.56,37.79,735177.178,28387946.85521,244158,13615955.09528
1768003200000,37.78,37.93,36.63,37.24,585188.313,21790691.86649,178964,10403667.71531
1768089600000,37.25,38.19,36.55,37.29,550161.490,20629953.33188,171033,9961430.96462
1768176000000,37.28,39.49,36.75,39.41,1251203.843,47684921.18766,350795,23806073.77024
1768262400000,39.40,67.77,39.16,58.72,21560251.735,1228042168.60307,5300144,611022662.62298
1768348800000,58.72,89.00,55.56,79.83,25120248.505,1849366322.06454,7777556,943845818.97153
1768435200000,79.84,86.95,75.35,80.69,14205393.487,1148884811.93217,5906154,581356125.17053
1768521600000,80.69,96.57,79.29,85.40,13329335.984,1183925289.58197,5957219,597725473.67084
1768608000000,85.40,85.62,73.10,74.47,8179567.731,635924404.43735,2882795,313492628.64645
1768694400000,74.47,90.94,71.00,79.00,10217818.874,827792806.80402,3692132,402527761.78336
1768780800000,78.99,88.00,72.41,75.40,7374499.186,593380435.28856,2916019,291900593.47518
1768867200000,75.40,75.93,67.69,69.83,6518571.569,468868050.87826,2241910,232164552.80711
1768953600000,69.84,72.31,66.24,67.23,4094479.505,283183539.56023,1526390,141387735.64461
1769040000000,67.23,68.35,62.23,62.73,3398762.412,223035506.60147,1331294,109160533.30241
1769126400000,62.73,72.77,62.54,67.49,4906948.604,336648557.66676,1985541,169643875.31594
1769212800000,67.50,67.51,62.79,63.27,2154205.360,140524758.97172,767852,68380987.06614
1769299200000,63.27,65.98,58.61,58.76,2455387.091,152626594.38139,927230,72905419.40613
1769385600000,58.76,61.68,57.80,59.90,2120278.612,126469280.88764,887527,64767013.05489
1769472000000,59.90,65.66,59.63,62.33,3350379.495,208870610.67021,1321319,102945591.65802
1769558400000,62.33,63.62,57.53,58.27,2086799.361,126044316.88931,869165,61446317.37514
1769644800000,58.27,59.06,53.51,54.57,2295502.274,128535448.96523,897936,63152841.81096
1769731200000,54.57,55.36,49.51,51.35,2156779.156,111699142.84142,867920,54254966.85785
1769817600000,51.35,51.46,41.13,44.27,3136746.507,143530081.35177,931378,70536416.09473
1769904000000,44.27,46.78,42.06,43.89,2170782.851,96248919.84971,762597,48918778.59603
1769990400000,43.89,45.66,42.10,44.05,1765063.155,77878728.10483,719956,39697983.32186
1770076800000,44.05,44.86,40.23,41.40,2133154.572,91505565.39693,724732,45049962.87578
1770163200000,41.41,42.63,39.32,39.53,1871843.853,77158735.81616,659636,39327543.05292
1770249600000,39.53,40.80,33.58,34.05,3292358.528,122267714.99247,1028466,59094079.96608
1770336000000,34.06,39.72,30.81,37.75,3100961.319,110114650.80981,930153,54396239.20810
1770422400000,37.75,38.04,35.01,36.82,1688403.737,61793720.32240,508859,30756826.71482
1770508800000,36.82,38.47,35.44,37.12,1445361.806,53161261.01047,446355,26739243.99445
1770595200000,37.12,37.48,34.56,36.49,1359557.141,49146390.12568,398632,23635751.30940
1770681600000,36.49,37.20,34.24,35.20,1070919.706,37832448.63497,323214,18640250.93092
1770768000000,35.20,35.90,32.21,33.90,1632425.622,55296951.37063,447748,27860799.43070
1770854400000,33.91,35.15,33.07,34.34,1064481.327,36311717.51333,310127,17504131.52087
1770940800000,34.34,39.13,33.81,37.03,1709379.216,62497300.41074,469766,30632161.76114
1771027200000,37.03,41.53,36.93,40.13,2384902.276,93623996.25681,601052,44915175.99602
1771113600000,40.12,41.38,36.68,37.54,1854126.095,72227505.46989,502283,33819744.27049
1771200000000,37.55,39.23,36.71,38.09,1117886.289,42098135.78177,351042,20041411.27426
1771286400000,38.09,38.73,36.55,37.29,879685.257,33068946.72897,283898,15670121.08253
1771372800000,37.29,38.23,35.20,35.51,784825.173,28993337.53847,246539,13749953.42179
1771459200000,35.52,36.36,34.06,34.53,738816.115,25836159.71579,216840,12367274.86703
1771545600000,34.54,35.40,32.74,35.15,1254076.395,42465516.52490,304143,19773781.98613
1771632000000,35.16,36.02,33.84,33.93,824976.145,28590056.85678,218986,13317921.49917
1771718400000,33.93,34.51,32.61,33.09,674315.091,22613807.27107,198492,10863622.89186
1771804800000,33.09,33.74,31.03,31.94,1272952.054,41148560.77318,321569,19687812.70083
1771891200000,31.94,33.37,31.22,32.34,793193.264,25492829.67104,238166,12373916.01880
1771977600000,32.35,36.14,32.11,34.78,1159019.418,39744074.87020,301300,19328428.32400
1772064000000,34.77,36.23,33.64,34.14,879171.423,30669615.91792,252978,14721421.68938
1772150400000,34.14,35.72,32.45,33.24,847948.756,28991931.24598,225276,13922445.39168
1772236800000,33.25,33.45,30.53,32.83,1405784.063,44516763.00226,303238,21284804.43200
1772323200000,32.84,34.54,31.03,31.84,1130218.246,37105367.17686,287997,18564561.63640
1772409600000,31.84,35.24,31.36,34.78,1057034.269,35329545.05892,301611,18058829.59287
1772496000000,34.78,34.92,32.35,34.16,918967.165,30877264.50853,279458,15388021.77470
1772582400000,34.17,36.29,33.56,35.03,1135831.201,39829902.94006,314468,20780231.54194
1772668800000,35.03,35.43,33.65,34.29,709749.406,24557112.06954,224978,11837200.67913
1772755200000,34.30,34.75,32.07,32.44,646721.510,21558650.27084,193455,10295478.97930
1772841600000,32.44,32.86,31.53,31.77,435824.303,14063250.42334,124729,6660458.54175
1772928000000,31.78,31.82,30.05,30.39,743856.619,23055549.89043,212940,10432356.12440
1773014400000,30.38,32.93,30.13,32.08,851064.472,27036142.68897,279828,13624960.21684
1773100800000,32.07,33.52,32.03,32.32,767853.504,25219120.81069,245633,12210154.01592
1773187200000,32.32,32.77,31.63,32.42,523499.087,16849644.90741,177424,7974890.91784
1773273600000,32.42,32.96,31.86,32.85,572076.718,18592514.76655,178378,9200891.68403
1773360000000,32.85,34.20,32.07,32.30,781893.075,25995592.44306,214844,12992424.29931
1773446400000,32.31,33.30,32.16,32.66,386428.741,12571263.60031,125395,6058478.00646
1773532800000,32.65,34.15,32.31,33.81,942292.125,31533346.92799,214915,15691536.41519
1773619200000,33.81,37.04,33.61,35.91,1544759.431,54510700.08009,325439,27499997.71015
1773705600000,35.91,36.33,34.30,35.23,1090942.354,38451645.83120,280375,18469831.68778
1773792000000,35.23,35.83,31.97,32.56,1098346.723,37087511.68413,270768,16584620.16224
1773878400000,32.57,32.85,31.08,31.35,611258.306,19390172.62886,177737,8952230.85095
1773964800000,31.35,32.23,31.29,32.01,690681.849,21931065.24167,175762,11330208.01361
1774051200000,32.01,33.37,31.03,31.39,734410.673,23872591.15081,172756,11218481.05066
1774137600000,31.38,32.66,30.76,32.14,853263.265,27073772.54454,220481,13135315.76141
1774224000000,32.13,34.87,32.07,34.46,1341285.020,45246265.52701,344626,22777048.75155
1774310400000,34.47,35.07,33.44,34.31,689850.528,23604475.49006,195399,11466014.65924
1774396800000,34.31,34.98,33.59,34.09,529569.621,18091330.49592,143233,8963261.30185
1774483200000,34.10,34.41,31.95,32.28,562441.186,18544058.82594,152196,8736815.22282
1774569600000,32.28,32.86,31.35,31.64,454966.094,14571519.88572,134510,6826728.42713
1774656000000,31.63,32.67,31.10,31.68,387611.333,12341567.49329,113284,5851514.98236
1774742400000,31.68,32.34,30.83,31.79,389784.971,12365388.46003,112764,6053499.65691
1774828800000,31.80,32.99,31.61,32.02,600711.511,19445696.55671,151348,9098113.25039
1774915200000,32.03,33.33,31.71,32.69,810791.127,26410859.95069,186890,12726928.79362
1775001600000,32.68,33.13,31.51,31.64,681917.765,22104720.74269,165718,10439937.37210
1775088000000,31.64,31.95,29.25,30.12,1038450.255,31339284.69713,257452,14166854.80647
1775174400000,30.12,30.58,29.65,29.84,479513.582,14439060.45867,111979,6689637.39319
1775260800000,29.84,30.83,29.52,30.83,640997.988,19232633.01891,127195,9835133.52763
1775347200000,30.83,30.98,29.65,30.42,575161.225,17348146.43905,131647,8072304.72031
1775433600000,30.43,31.25,29.81,30.02,701460.829,21527267.48588,131754,10393821.97114
1775520000000,30.01,34.04,29.85,33.57,972815.346,30787872.00161,206072,16006010.70887
1775606400000,33.57,33.92,31.84,32.11,1180186.812,38899141.47111,280077,18417262.93456
1775692800000,32.11,37.75,31.51,35.96,1651309.573,57568269.52505,354806,28358466.04315
1775779200000,35.96,46.27,35.56,45.68,7406386.975,311560329.98674,1827124,154655663.02938
1775865600000,45.69,47.82,43.13,46.22,4070804.839,185646997.90482,1180614,92537537.90408
1775952000000,46.22,47.85,40.67,40.87,3250585.150,140578842.68406,841524,69141880.50354
1776038400000,40.87,43.56,39.64,41.36,2119391.707,87790751.37052,532950,43130941.71687
1776124800000,41.36,41.67,37.63,38.21,1323791.850,52777757.33487,353159,24407322.64633
1776211200000,38.20,39.07,37.72,37.98,787999.961,30150609.48008,240681,14458757.68393
1776297600000,37.99,38.56,36.32,36.90,1060869.383,39667380.26326,302150,19010324.58715
1776384000000,36.90,38.15,36.21,36.83,1032713.456,38298206.23221,269844,18097578.80395
1776470400000,36.82,37.39,34.11,34.49,861243.299,30678692.10421,221152,13447219.04500
1776556800000,34.50,35.87,33.29,33.50,988799.161,33934506.08646,246073,16516542.52974
1776643200000,33.50,34.74,33.26,34.22,633240.282,21574280.03729,178574,10945232.35470
1776729600000,34.22,37.15,34.06,36.63,1314433.454,46684837.96531,357230,23478172.52157
1776816000000,36.63,37.58,35.28,35.33,1005000.375,36721938.07875,279115,17087793.18649
1776902400000,35.33,36.68,34.47,36.44,835121.116,29591339.86647,233307,14507581.76783
1776988800000,36.45,37.39,35.38,36.57,922959.667,33745495.35842,237799,16711109.03098
1777075200000,36.58,36.69,35.71,36.11,387147.200,14024601.02719,125640,6767442.23272
1777161600000,36.11,37.09,35.88,36.24,475816.635,17393189.56664,142338,8526815.20951
1777248000000,36.24,37.14,34.41,35.49,564905.118,20100096.83523,174371,9271147.55678
1777334400000,35.49,35.80,34.59,34.80,302340.924,10596923.40521,128983,5049260.50882
1777420800000,34.80,35.74,33.59,34.51,501759.413,17405709.18411,153226,8332032.46283
1777507200000,34.51,35.55,34.02,35.37,367194.628,12702116.92762,129078,6319606.29849
1777593600000,35.37,38.81,34.93,37.59,1088664.846,40389858.41021,309489,20130932.35235
1777680000000,37.58,38.64,36.66,37.11,718831.410,26919275.18114,206412,12782858.84689
1777766400000,37.12,39.61,36.79,39.22,1714695.528,66163451.99923,324291,33411673.07268
1777852800000,39.21,51.07,38.93,47.45,8039109.505,377075061.20052,2734079,186469495.30730
1777939200000,47.45,50.12,44.47,49.05,3053741.486,142675414.49775,1062663,68186787.21793
1778025600000,49.06,58.12,47.58,51.36,5353303.791,285746383.08252,2222189,139814415.91714
1778112000000,51.37,54.27,49.25,52.08,2398342.761,123571778.67764,930130,59626805.11777
1778198400000,52.09,52.60,47.16,50.23,1933278.601,95755362.34521,690338,45607200.84931
1778284800000,50.23,52.83,48.67,49.00,1753681.395,88236598.59768,657509,41934283.17187
1778371200000,49.00,49.92,45.75,47.59,1231605.779,59608956.11007,479077,27466514.70307
1778457600000,47.59,47.80,46.02,46.77,906064.426,42502839.95820,343580,20461814.67960
1778544000000,46.76,47.12,44.62,46.35,834080.845,38197637.95877,305957,18199360.27803
1778630400000,46.35,47.55,43.29,43.79,1067155.030,48086973.69970,335378,21835141.65315
1778716800000,43.78,46.98,43.08,46.29,958278.959,43313599.23606,325294,21403376.87672
1778803200000,46.30,46.40,42.78,43.34,814948.779,36184128.74091,292209,16719404.49681
1778889600000,43.34,43.56,40.48,41.23,605870.874,25196404.19256,203564,11884252.34995
1778976000000,41.22,42.73,39.66,40.75,746772.917,30968541.33508,247979,14779877.28661
1779062400000,40.75,43.35,40.13,42.78,1319446.397,54813565.76213,438596,26990885.17047
1779148800000,42.78,43.41,41.66,42.17,819697.723,34890112.54969,294406,17072260.86041
1779235200000,42.17,50.78,41.51,50.70,3009995.504,143013750.28372,951869,71199612.05172
1779321600000,50.69,54.50,46.91,48.92,3071965.866,152802989.93673,914377,74353985.77997
1779408000000,48.93,49.59,42.34,42.68,1757891.880,80227165.89155,593100,36289299.42123
1779494400000,42.69,46.73,41.62,45.95,1953156.364,86513420.43973,613541,43434682.09517
1779580800000,45.96,47.26,44.45,45.84,1171028.752,53546836.11971,404884,25578612.13288
1779667200000,45.85,47.43,44.28,44.74,1034340.856,47463133.10811,387821,22150769.25969
1779753600000,44.75,45.65,42.88,43.52,859310.772,37983925.01045,345484,18135740.27741
1779840000000,43.53,44.38,42.12,42.50,693336.000,30033684.29357,280335,14746167.03001
1779926400000,42.49,42.68,38.37,40.05,1104393.310,44226117.12586,377153,19841713.87959
1780012800000,40.05,40.88,38.92,39.38,734555.189,29358523.88843,267699,13439431.51487
1780099200000,39.38,40.28,38.47,39.41,533386.788,20969572.39269,198211,9558766.13338
1780185600000,39.41,40.58,38.70,40.17,722512.195,28604748.12577,253568,13369511.48776
1780272000000,40.18,41.53,37.91,39.56,1127304.610,44648181.66497,375010,20643205.12147
1780358400000,39.56,40.55,36.82,37.77,1435415.345,55938363.48281,477365,26748267.10375
1780444800000,37.78,40.39,37.74,39.16,1176046.465,46289018.86648,461169,22696734.33917
1780531200000,39.17,39.76,33.15,34.23,1642303.199,58585911.73236,534179,27124021.19519
1780617600000,34.22,34.22,29.43,31.46,2010725.368,63369128.28254,685685,30507114.22898
1780704000000,31.46,32.80,29.52,32.60,906430.006,28345992.89326,344732,14151272.49859
1780790400000,32.61,38.31,32.31,36.91,2190498.501,79414954.84322,733591,39626179.88898
1780876800000,36.91,37.62,36.24,36.87,1010692.995,37363573.12040,341113,18945288.45924
1780963200000,36.87,38.44,35.03,35.13,1104428.152,40455679.52785,388666,19389992.07341
1781049600000,35.13,35.66,33.26,33.65,801730.843,27722444.43169,276574,13456074.10590
1781136000000,33.66,36.20,33.64,35.66,767100.033,26874676.39342,228905,13145132.59560
1781222400000,35.66,35.81,34.23,34.36,535680.853,18866826.86962,194539,9428340.15579
1781308800000,34.35,35.80,34.25,35.50,384253.079,13457834.20136,156920,6708111.54018
1781395200000,35.50,38.35,34.55,38.29,650201.056,23389549.38917,235581,11571612.48451
1781481600000,38.28,40.20,37.38,38.26,1129985.913,43922524.23570,394225,21131491.36210
1781568000000,38.27,38.81,36.81,37.48,620278.538,23417231.18526,211810,11296205.69883
1781654400000,37.48,38.14,35.68,36.24,531061.795,19737645.91564,217302,9144713.77211
1781740800000,36.24,36.62,34.47,35.42,483414.332,17183727.14182,204219,8159864.14556
1781827200000,35.42,37.57,34.43,37.39,396806.433,14056262.93690,171332,6909399.46107
1781913600000,37.38,38.20,35.94,36.92,605084.582,22310174.07437,244282,11059001.21205
1782000000000,36.92,37.33,34.59,34.74,321875.310,11642266.16140,132454,5039263.55279
1782086400000,34.75,35.70,34.09,34.46,526185.979,18438793.16869,193226,8927860.24258
1782172800000,34.46,36.51,33.46,36.24,639986.914,22493295.18668,267399,11296150.63707
1782259200000,36.24,36.99,31.99,33.75,1126677.390,38598923.85203,333348,18405641.54758
1782345600000,33.76,35.48,32.14,33.97,796117.438,27013603.78219,287935,13231506.03635
1782432000000,33.98,35.04,32.66,34.21,681159.462,23104838.08572,264681,11363326.26184
1782518400000,34.21,34.51,32.76,32.98,385083.079,13021683.17881,146319,6003501.01255
1782604800000,32.98,33.16,31.73,32.18,358495.707,11605450.93186,150531,5048811.51493
1782691200000,32.17,33.99,31.76,33.26,443943.078,14615485.68490,188960,7161812.95576
1782777600000,33.26,33.61,32.27,32.51,348084.738,11444708.51310,147195,5459249.76245
1782864000000,32.51,33.89,31.72,33.09,468407.743,15350846.97629,174638,7391277.80217
1782950400000,33.09,34.97,32.99,34.56,572259.524,19547076.71669,193902,9719897.78773
1783036800000,34.56,36.62,34.53,35.84,546089.092,19488586.70290,191837,9664220.40579
1783123200000,35.83,36.58,34.94,35.68,353727.631,12628181.76257,120741,5775567.33886
1783209600000,35.68,35.81,34.52,35.71,310301.992,10917950.56726,102236,5248452.81489
1783296000000,35.72,35.88,33.96,35.11,407175.326,14193435.86139,125258,6732953.80468
1783382400000,35.12,37.36,34.54,35.30,633889.798,22731648.93629,185793,10665925.90653
1783468800000,35.31,35.83,33.20,34.36,607352.785,20690504.46492,196037,9861361.61150
1783555200000,34.37,34.59,33.61,34.15,342968.400,11695277.90852,115461,5753502.72925
1783641600000,34.15,35.53,33.91,34.84,440519.674,15367698.88536,138637,7735156.39928
1783728000000,34.84,35.45,33.82,33.92,289209.336,10059411.98991,102734,4477429.12282
1783814400000,33.92,35.53,33.66,34.41,390133.142,13476948.01858,122036,6667659.31268
1783900800000,34.42,35.18,32.58,32.86,596153.106,20037198.20364,165384,9976218.20985
1783987200000,32.87,34.30,32.37,34.12,541842.535,18137020.04508,155430,8376097.58595
1784073600000,34.13,35.58,33.92,34.49,666326.371,23095443.93781,194867,10951289.20557
1784160000000,34.49,34.71,33.16,33.31,405504.631,13750822.82707,120519,7134290.17143
1784246400000,33.32,34.50,33.00,34.25,500169.142,16899922.92494,152098,8633121.01386
1784332800000,34.26,34.43,33.54,34.16,279854.603,9492999.59575,101194,4790876.83057
1784419200000,34.16,35.00,33.67,34.34,352100.397,12088009.44489,114063,5876557.69149
1784505600000,34.35,34.69,33.58,34.16,373264.930,12756117.14127,125389,6116613.61458
1784592000000,34.15,35.19,33.80,34.89,442355.390,15271239.16773,125303,7712465.28464
1784678400000,34.90,35.08,33.19,33.51,542954.399,18324985.76208,143971,8573803.49847
1784764800000,33.51,33.78,32.63,32.89,498780.902,16604819.91630,124854,7970155.31913
1784851200000,32.90,33.12,31.83,32.11,367208.679,11952543.57211,118807,5511793.39653
1784937600000,32.12,32.80,31.91,32.43,266613.921,8601134.97974,86167,4276728.87763
1785024000000,32.44,33.07,32.32,32.90,246662.861,8047317.66021,81851,3934753.37463
1785110400000,32.91,33.02,31.03,31.21,435794.119,14048385.01399,128263,6297059.76854
1785196800000,31.22,31.81,29.86,31.38,587016.199,18133737.97107,161163,8430774.05335
1785283200000,31.38,31.57,28.86,29.65,592467.068,17881414.48287,165685,8268293.44897
1785369600000,29.64,30.63,29.16,30.25,391516.835,11753868.58928,140303,5720550.22541
1785456000000,30.25,30.98,29.52,30.84,410600.080,12382805.75953,134681,6194927.35437
1785542400000,30.84,32.20,30.53,31.14,564588.917,17712681.38430,178025,8215454.74742
1785628800000,31.15,31.72,31.06,31.46,301627.320,9465876.17004,94284,4748998.53719
1785715200000,31.46,31.52,30.66,31.20,279911.883,8719893.02757,95714,4305637.14038
1785801600000,31.20,31.67,30.92,31.27,239648.688,7499435.40850,87040,3826730.66781
1785888000000,31.27,31.67,30.73,30.85,305639.401,9554107.35177,96120,4377005.76929
1785974400000,30.86,31.44,30.03,31.15,490692.063,15039726.17905,119809,7570273.86093
1786060800000,31.16,31.35,30.65,30.77,291634.623,9029292.65089,92882,4233222.52147
1786147200000,30.78,32.31,30.48,31.94,441201.028,13826706.23581,114873,7040732.48677
1786233600000,31.95,32.07,30.90,31.00,269097.676,8512076.71449,94213,4075599.27797
1786320000000,31.01,31.30,30.70,30.83,279870.016,8694062.78066,96514,4267487.63934
1786406400000,30.83,31.00,30.22,30.70,294813.607,9024442.87988,99890,4355960.40737
1786492800000,30.71,30.76,29.84,30.03,239111.198,7265333.44400,86541,3610226.57818
1786579200000,30.03,30.47,29.85,30.41,165540.737,5000951.28540,61857,2620751.47395
1786665600000,30.41,30.64,29.58,30.14,229538.692,6896227.47180,85660,2994042.92850
1786752000000,30.14,30.22,29.65,29.73,164568.853,4938619.43109,51437,2252919.34673
1786838400000,29.73,30.42,29.44,29.97,246853.652,7380929.65952,79844,3598421.99739
1786924800000,29.97,30.66,29.83,30.46,222884.062,6758422.61139,69541,3367867.77520
1787011200000,30.46,30.66,29.71,29.81,209354.387,6281298.36662,62335,3054312.42165
1787097600000,29.81,32.29,29.56,31.77,621444.398,19187075.81465,150386,9427813.14542
1787184000000,31.78,33.61,31.42,32.69,724881.244,23564338.50229,190544,11441540.30994
1787270400000,32.69,39.68,32.62,38.75,1867223.791,67445526.55634,401388,32960727.91838
1787356800000,38.75,47.68,33.50,41.04,4819590.122,203934462.52616,1554542,94857781.61983
1787443200000,41.05,43.81,38.42,42.42,2079848.576,86382763.02394,800808,41274053.93699
1787529600000,42.42,43.42,40.57,41.62,1177370.993,49192362.82935,556477,23259318.86819
1787616000000,41.61,43.77,37.46,37.88,1267459.564,52078603.65016,510017,25037117.39404
1787702400000,37.89,39.54,36.86,39.25,691919.555,26497676.77156,281471,13052352.90759
1787788800000,39.24,40.64,38.05,39.54,610984.810,24026935.93138,237219,11157357.86119
1787875200000,39.56,40.13,36.89,38.48,568696.829,21850263.50209,208097,9975514.38817
1787961600000,38.48,42.63,38.23,41.26,1070564.646,43684755.83089,356634,21496952.48869
1788048000000,41.25,44.54,40.43,41.71,1273444.135,53758736.89251,422742,25613637.92547
1788134400000,41.71,48.47,40.51,44.86,2041264.957,91482767.52795,767240,43929991.56259
1788220800000,44.86,47.48,42.69,43.85,1382714.342,62526219.15951,590801,29455384.18273
1788307200000,43.86,43.94,41.09,42.64,779376.768,32992394.91730,331877,15895605.05844
1788393600000,42.64,47.73,42.01,47.44,1151156.105,51853276.34476,440509,25657460.69654
1788480000000,47.44,64.22,46.07,62.54,6146924.604,330309637.95324,2093858,163128597.41440
1788566400000,62.53,74.63,61.70,65.47,8097577.240,549551834.24504,2863365,267702665.35060
1788652800000,65.47,78.75,65.20,71.25,5916478.372,418539379.14933,2643571,199624748.40815
1788739200000,71.25,72.40,61.99,62.81,2650954.618,178509464.32906,1201231,83410671.35515
1788825600000,62.81,64.99,61.23,62.45,1905453.084,119983469.37932,918842,57145790.29401
1788912000000,62.46,66.43,58.18,58.55,2513134.909,159279225.22952,1130014,72450983.47268
1788998400000,58.55,58.96,53.84,54.02,1576875.773,89419594.96691,710376,42088320.98581
1789084800000,54.01,59.43,53.97,56.85,1586268.283,89398373.42510,693767,42740264.35122
1789171200000,56.85,57.26,54.56,54.71,568103.874,31870424.53760,263286,15446588.45739
1789257600000,54.72,56.14,52.56,52.96,726553.185,39400574.42673,307498,18695593.29294
1789344000000,52.96,56.39,52.62,53.74,931383.302,50640909.66383,396398,24456792.54201
1789430400000,53.75,54.16,49.59,50.38,956273.938,49733809.81408,407804,24091185.62061
1789516800000,50.39,57.55,49.88,56.09,2067213.890,112068300.28549,860457,55051220.32367
1789603200000,56.10,62.49,55.75,61.04,2642978.929,156544540.69927,1036250,76374506.09210
1789689600000,61.03,65.07,57.40,63.55,2122752.931,128224126.71659,1018854,62025043.22240
1789776000000,63.54,64.25,57.28,58.65,1456385.017,88055602.74920,754224,40260906.45785
1789862400000,58.65,58.80,54.45,57.56,1236167.627,69790165.03500,557490,33152261.93780
1789948800000,57.57,61.68,56.17,59.15,1468084.903,86296602.25001,683602,41648419.82551
1790035200000,59.15,65.74,58.02,64.23,2105499.562,129619455.71739,888022,61457490.76475
1790121600000,64.22,65.72,57.14,57.58,2206174.081,135170068.22865,949574,62500225.31621
1790208000000,57.58,64.33,56.89,63.57,1558087.550,95290076.61613,719178,45727092.63153
1790294400000,63.56,65.28,61.19,63.97,1287037.757,81337993.60180,616502,37823189.25872
1790380800000,63.99,73.66,62.00,71.82,2361638.667,164454662.55992,1054226,81062440.42632
1790467200000,71.83,73.30,66.40,68.53,1788797.283,124677448.35787,808651,59561105.51073
1790553600000,68.54,68.93,62.88,65.51,1431061.408,93757391.75276,694832,45376977.12800
1790640000000,65.50,65.70,58.85,60.74,1421850.364,86666954.66910,699630,39614430.93375
1790726400000,60.75,63.43,59.55,60.52,890033.057,54561789.50933,448882,26675640.74112
1790812800000,60.53,60.93,57.88,58.19,774728.483,45877558.78945,402480,21656430.63807
1790899200000,58.19,60.60,55.37,58.88,997655.287,58477435.35780,457039,26949506.17772
