open_time,open,high,low,close,volume,quote_volume,trades,taker_buy_quote
1673913600000,0.2255000,0.2845000,0.2238000,0.2791000,1264439423,336151765.4451000,1235994,164955095.3272000
1674000000000,0.2792000,0.2986000,0.2310000,0.2486000,822124828,224827250.8919000,939554,109583806.7525000
1674086400000,0.2487000,0.2745000,0.2439000,0.2722000,288226302,74713525.8617000,325042,37146219.9416000
1674172800000,0.2722000,0.2950000,0.2580000,0.2831000,300450380,82423886.1533000,300992,39765776.4833000
1674259200000,0.2832000,0.3081000,0.2654000,0.2681000,309200541,88897164.0777000,337054,40821015.8188000
1674345600000,0.2682000,0.2842000,0.2500000,0.2656000,146741499,39943329.8463000,183447,18934590.3732000
1674432000000,0.2656000,0.3079000,0.2630000,0.2850000,400587151,115675813.6859000,449593,55238185.6580000
1674518400000,0.2851000,0.2938000,0.2510000,0.2661000,199713950,55940690.3221000,227328,25783601.2085000
1674604800000,0.2660000,0.2799000,0.2520000,0.2704000,181541642,48132153.6577000,197658,23501656.8116000
1674691200000,0.2705000,0.2819000,0.2597000,0.2637000,126314628,34063615.5009000,147726,16328672.9633000
1674777600000,0.2638000,0.3000000,0.2555000,0.2812000,230910010,65016932.6632000,252501,31297279.2739000
1674864000000,0.2813000,0.3131000,0.2791000,0.2948000,285648882,83644481.5607000,280110,39890189.0428000
1674950400000,0.2949000,0.2974000,0.2833000,0.2898000,118354672,34217270.9671000,129142,15630271.9078000
1675036800000,0.2898000,0.2898000,0.2575000,0.2660000,116132867,31632440.7697000,131673,14146919.7090000
1675123200000,0.2660000,0.2876000,0.2583000,0.2753000,152997196,41838397.7407000,159346,20372849.6853000
1675209600000,0.2754000,0.3005000,0.2572000,0.2892000,210123694,58170025.3251000,222212,28836143.5630000
1675296000000,0.2893000,0.3037000,0.2716000,0.2751000,205944663,59696462.7017000,210428,26967827.4912000
1675382400000,0.2750000,0.3382000,0.2682000,0.3303000,470781712,146123683.3284000,454184,72069597.6798000
1675468800000,0.3304000,0.3513000,0.3150000,0.3320000,557602557,184808178.1539000,513083,90570053.2231000
1675555200000,0.3321000,0.4646000,0.3268000,0.4495000,1231779431,486954992.1603000,1339833,247060249.7302000
1675641600000,0.4496000,0.4764000,0.4063000,0.4329000,971689519,425872537.1583000,1286659,211006710.3884000
1675728000000,0.4330000,0.6000000,0.4329000,0.5414000,1129780754,600317366.2884000,1676418,301148103.1114000
1675814400000,0.5413000,0.6092000,0.4443000,0.4776000,926698980,477823521.2370000,1302796,227040016.8016000
1675900800000,0.4777000,0.4971000,0.3636000,0.3893000,819235654,362866986.4946000,1143673,170893714.8074000
1675987200000,0.3893000,0.4522000,0.3784000,0.4217000,720520262,302485146.4767000,1003299,148864130.4104000
1676073600000,0.4217000,0.4291000,0.3961000,0.4170000,286946981,118237787.7126000,329067,56316480.1962000
1676160000000,0.4169000,0.4250000,0.3922000,0.3980000,238167217,98145815.5855000,297755,45500881.6241000
1676246400000,0.3981000,0.4089000,0.3653000,0.3856000,302377120,117039185.1763000,352143,55744968.5485000
1676332800000,0.3856000,0.4630000,0.3777000,0.4526000,798692816,346103677.9418000,956479,173225800.6842000
1676419200000,0.4526000,0.4800000,0.4074000,0.4735000,494379651,220026846.8902000,617808,106102124.8909000
1676505600000,0.4736000,0.4838000,0.4101000,0.4131000,383630473,174899269.9719000,489813,80142472.3194000
1676592000000,0.4131000,0.4484000,0.4112000,0.4429000,234504525,101932056.9424000,275319,50829761.1128000
1676678400000,0.4428000,0.4554000,0.4292000,0.4321000,142716019,62544713.0315000,166124,29137434.0372000
1676764800000,0.4322000,0.4431000,0.4070000,0.4144000,156934310,67271854.8878000,177220,31248065.0729000
1676851200000,0.4145000,0.4305000,0.4003000,0.4178000,127313863,53445970.4559000,171959,25378121.3801000
1676937600000,0.4179000,0.5021000,0.4121000,0.4345000,753011314,346875975.0436000,912440,166775137.6170000
1677024000000,0.4345000,0.4418000,0.4032000,0.4380000,301872683,127207814.0104000,376928,60624954.3532000
1677110400000,0.4379000,0.4729000,0.4262000,0.4364000,269491447,120581725.3048000,362182,57454960.4526000
1677196800000,0.4365000,0.4808000,0.4275000,0.4740000,650633709,298817384.1740000,805707,145529671.1048000
1677283200000,0.4739000,0.4831000,0.4040000,0.4262000,389884657,170699983.7673000,482490,79672090.4881000
1677369600000,0.4261000,0.4370000,0.4166000,0.4337000,195284868,83573227.6713000,258453,39990501.6606000
1677456000000,0.4337000,0.4508000,0.4208000,0.4344000,211889339,92227209.6336000,289819,45112997.6556000
1677542400000,0.4345000,0.4918000,0.4296000,0.4397000,573634513,260043291.0331000,710014,124883502.9228000
1677628800000,0.4397000,0.4937000,0.4385000,0.4839000,455485506,215189907.4168000,569167,105492406.2109000
1677715200000,0.4838000,0.4877000,0.4481000,0.4682000,298792409,138194224.7214000,396494,65511693.5102000
1677801600000,0.4683000,0.4701000,0.3940000,0.4395000,391519061,168138931.9799000,458485,80817548.6814000
1677888000000,0.4396000,0.4539000,0.4066000,0.4296000,303589523,130385324.3056000,345669,63816914.5393000
1677974400000,0.4295000,0.4450000,0.4231000,0.4315000,221406853,96035895.2963000,281233,47702211.2413000
1678060800000,0.4315000,0.4316000,0.4104000,0.4188000,165414127,69686753.4086000,244833,34265454.2443000
1678147200000,0.4189000,0.4284000,0.3850000,0.3996000,283523774,114704808.8703000,360468,55774703.4332000
1678233600000,0.3996000,0.4049000,0.3376000,0.3474000,318325756,117928931.4107000,383649,56673712.2704000
1678320000000,0.3474000,0.3719000,0.3121000,0.3196000,400758055,137008602.6528000,439247,67377242.7674000
1678406400000,0.3196000,0.3375000,0.2957000,0.3336000,503939577,160765635.4238000,510345,80858219.7768000
1678492800000,0.3337000,0.3407000,0.3022000,0.3152000,273858420,86923138.9106000,324964,42764005.3396000
1678579200000,0.3150000,0.3879000,0.3079000,0.3796000,327492346,107993193.3805000,356494,53499156.0152000
1678665600000,0.3797000,0.4022000,0.3533000,0.3885000,416193340,157879973.4677000,525619,78511111.4455000
1678752000000,0.3885000,0.4845000,0.3741000,0.4506000,656325457,285470024.4894000,879439,139372474.2896000
1678838400000,0.4505000,0.4830000,0.3762000,0.4094000,649181000,280547833.4223000,861608,133270968.4780000
1678924800000,0.4093000,0.4375000,0.3954000,0.4210000,391971202,164623014.1544000,565001,80031258.8102000
1679011200000,0.4210000,0.4517000,0.4096000,0.4515000,329040235,142058580.4335000,461472,69213673.4484000
1679097600000,0.4516000,0.4615000,0.4085000,0.4172000,278756396,122982648.9238000,425471,57161797.3829000
1679184000000,0.4171000,0.4351000,0.4118000,0.4195000,189547070,80246748.1670000,300270,38971046.1435000
1679270400000,0.4195000,0.4225000,0.3829000,0.3920000,237421953,95581792.8902000,371147,45750132.0143000
1679356800000,0.3920000,0.4149000,0.3785000,0.3953000,201607200,79902375.1231000,334872,38790736.6216000
1679443200000,0.3954000,0.4035000,0.3597000,0.3789000,246278524,95489550.3710000,397953,46069781.9668000
1679529600000,0.3789000,0.3932000,0.3730000,0.3865000,146565459,56116767.2338000,219529,27101785.7235000
1679616000000,0.3865000,0.3883000,0.3583000,0.3674000,141254372,52552854.1470000,227732,25012830.8252000
1679702400000,0.3675000,0.3773000,0.3560000,0.3637000,95936790,35108828.9761000,155513,16982447.4244000
1679788800000,0.3637000,0.3782000,0.3603000,0.3720000,87252633,32322354.2262000,133452,16309464.8033000
1679875200000,0.3721000,0.3742000,0.3331000,0.3457000,123949376,43557221.5634000,188282,20575833.7167000
1679961600000,0.3456000,0.3588000,0.3324000,0.3557000,152809095,52637151.0250000,215866,25998880.8979000
1680048000000,0.3558000,0.4064000,0.3537000,0.3846000,353796178,133584749.2929000,414968,65187269.7590000
1680134400000,0.3846000,0.3902000,0.3548000,0.3651000,178025218,66009206.4460000,268111,30459734.1066000
1680220800000,0.3652000,0.3704000,0.3536000,0.3662000,104398612,37963859.5649000,177893,18076261.7445000
1680307200000,0.3661000,0.3766000,0.3584000,0.3634000,72133635,26391425.2170000,126499,12370623.1176000
1680393600000,0.3634000,0.3641000,0.3425000,0.3490000,63627778,22561107.8260000,131617,10314133.2090000
1680480000000,0.3491000,0.3601000,0.3363000,0.3511000,113751540,39691192.3034000,205705,18914993.5539000
1680566400000,0.3511000,0.3636000,0.3447000,0.3610000,114869068,40726179.0279000,194129,19904134.2097000
1680652800000,0.3610000,0.3752000,0.3524000,0.3638000,127505466,46301485.7934000,208236,21469411.5665000
1680739200000,0.3638000,0.3646000,0.3481000,0.3525000,84759337,30131174.8991000,141727,13970633.5811000
1680825600000,0.3526000,0.3536000,0.3413000,0.3451000,73554904,25450433.1113000,125810,11623618.5305000
1680912000000,0.3452000,0.3481000,0.3350000,0.3390000,63639222,21775439.5904000,107585,9870376.9650000
1680998400000,0.3390000,0.3518000,0.3248000,0.3436000,111115649,37428950.4859000,163836,17854073.7215000
1681084800000,0.3437000,0.3577000,0.3363000,0.3557000,127188465,43964939.3650000,171512,21743244.6590000
1681171200000,0.3557000,0.3645000,0.3500000,0.3525000,178426435,63801090.8846000,230138,29636029.3892000
1681257600000,0.3525000,0.3543000,0.3306000,0.3417000,161050847,54848300.8624000,214765,25945409.0867000
1681344000000,0.3418000,0.3649000,0.3377000,0.3611000,159182573,56070061.0756000,207547,27442582.4142000
1681430400000,0.3612000,0.4158000,0.3605000,0.4053000,541967021,211326032.1538000,634044,102376786.2375000
1681516800000,0.4054000,0.4258000,0.3914000,0.4078000,429599718,177140342.2235000,501032,84466707.1292000
1681603200000,0.4078000,0.4129000,0.3950000,0.4057000,180835661,73305436.8947000,242633,34145867.9042000
1681689600000,0.4056000,0.4485000,0.3920000,0.4267000,466734293,196708964.8110000,556522,95493315.5990000
1681776000000,0.4267000,0.4451000,0.4122000,0.4247000,321225901,137268244.7222000,414110,65275679.2988000
1681862400000,0.4247000,0.4286000,0.3629000,0.3729000,341571890,134109361.8991000,446823,60527179.9986000
1681948800000,0.3729000,0.3811000,0.3470000,0.3639000,262050721,96073859.0578000,338752,45997953.8238000
1682035200000,0.3639000,0.3668000,0.3240000,0.3331000,219790693,76672355.2347000,289754,35694167.9859000
1682121600000,0.3331000,0.3482000,0.3290000,0.3478000,104679608,35512004.0802000,143540,17777841.0812000
1682208000000,0.3478000,0.3478000,0.3239000,0.3353000,124144844,41797331.4036000,165849,19681328.9623000
1682294400000,0.3354000,0.3449000,0.3240000,0.3317000,141266296,47292320.2856000,189828,22993368.9943000
1682380800000,0.3317000,0.3478000,0.3183000,0.3446000,164593760,54453324.1603000,215041,26932437.5256000
1682467200000,0.3446000,0.3630000,0.3096000,0.3339000,266040534,90930491.0678000,315391,43426212.7966000
1682553600000,0.3339000,0.3480000,0.3289000,0.3438000,200302795,67886785.4938000,244368,33489024.8659000
1682640000000,0.3437000,0.3473000,0.3298000,0.3328000,124155333,41952672.6724000,168148,19600336.9206000
1682726400000,0.3329000,0.3445000,0.3312000,0.3409000,89413567,30230489.4308000,122075,15050190.5601000
1682812800000,0.3410000,0.3411000,0.3255000,0.3271000,108804811,36340228.2623000,134691,17107345.0238000
1682899200000,0.3272000,0.3302000,0.3131000,0.3182000,99205659,31836837.8791000,130549,15145891.5002000
1682985600000,0.3181000,0.3210000,0.3111000,0.3185000,80985051,25632665.7804000,113424,12531915.9173000
1683072000000,0.3186000,0.3286000,0.2986000,0.3251000,154423206,47889572.0039000,197148,23251111.9386000
1683158400000,0.3250000,0.3260000,0.3068000,0.3102000,89016400,28224539.2137000,128686,13266613.6547000
1683244800000,0.3101000,0.3137000,0.2988000,0.3102000,127271848,39027662.3817000,162128,18475816.3217000
1683331200000,0.3102000,0.3137000,0.2753000,0.2877000,204096667,59372948.4111000,213173,27322069.3181000
1683417600000,0.2876000,0.2983000,0.2865000,0.2896000,121285872,35384585.4384000,136872,17442238.4463000
1683504000000,0.2897000,0.2929000,0.2386000,0.2595000,234318790,61819658.0090000,279100,28272924.1031000
1683590400000,0.2595000,0.2649000,0.2472000,0.2631000,151146180,38528091.5703000,166040,18782286.7604000
1683676800000,0.2632000,0.2735000,0.2434000,0.2625000,212500647,55533230.6698000,242241,27243186.9119000
1683763200000,0.2625000,0.2628000,0.2327000,0.2412000,169330523,41559993.1251000,203985,19678986.4971000
1683849600000,0.2412000,0.2468000,0.2272000,0.2453000,147472641,35010725.4393000,194500,17375194.1132000
1683936000000,0.2453000,0.2460000,0.2365000,0.2379000,77602905,18569900.7889000,113210,8713773.0770000
1684022400000,0.2379000,0.2472000,0.2327000,0.2411000,74381566,17886421.6354000,103215,8605389.0326000
1684108800000,0.2411000,0.2534000,0.2347000,0.2463000,166594479,41141913.1348000,184738,20021648.5631000
1684195200000,0.2463000,0.2489000,0.2388000,0.2445000,127274687,30921292.0033000,150463,14797353.7230000
1684281600000,0.2446000,0.2605000,0.2363000,0.2568000,166010753,41134196.1695000,193632,19886863.2841000
1684368000000,0.2568000,0.2588000,0.2407000,0.2466000,142381215,35692233.5851000,169730,17038164.1257000
1684454400000,0.2467000,0.2840000,0.2417000,0.2647000,633320015,167689203.1827000,587728,82481980.0262000
1684540800000,0.2648000,0.2665000,0.2537000,0.2587000,328774320,85360301.1347000,282657,40451545.1284000
1684627200000,0.2587000,0.2589000,0.2391000,0.2428000,224886349,56059022.6991000,203889,25625541.1742000
1684713600000,0.2428000,0.2454000,0.2341000,0.2392000,193135072,46288166.7654000,183896,22072867.4376000
1684800000000,0.2393000,0.2484000,0.2367000,0.2450000,158075605,38541579.9782000,160638,18960873.0059000
1684886400000,0.2451000,0.2453000,0.2174000,0.2315000,233198037,53806347.5831000,210066,25173034.8188000
1684972800000,0.2315000,0.2467000,0.2227000,0.2370000,363955511,85729122.6985000,300038,43192695.6103000
1685059200000,0.2370000,0.2500000,0.2303000,0.2451000,239386833,57509625.6642000,231755,28443972.8637000
1685145600000,0.2451000,0.2638000,0.2414000,0.2549000,383897390,98060062.0673000,337427,49326948.3163000
1685232000000,0.2550000,0.2728000,0.2532000,0.2679000,294928121,77521523.6738000,280541,38201860.7689000
1685318400000,0.2680000,0.2708000,0.2559000,0.2606000,192565588,50471946.1060000,183051,23546086.2338000
1685404800000,0.2606000,0.2843000,0.2562000,0.2763000,325223018,89021961.0613000,304624,43235028.5155000
1685491200000,0.2762000,0.2897000,0.2584000,0.2638000,341122496,92998143.0893000,310314,44316642.0790000
1685577600000,0.2638000,0.2697000,0.2529000,0.2627000,187844490,49102483.1088000,201633,24015687.3689000
1685664000000,0.2626000,0.2797000,0.2566000,0.2731000,193179154,52547968.2097000,221172,25969629.4989000
1685750400000,0.2731000,0.2751000,0.2650000,0.2685000,83357401,22569611.4463000,108221,10713422.2672000
1685836800000,0.2685000,0.2799000,0.2649000,0.2707000,102219428,27998705.7846000,122861,13963056.1750000
1685923200000,0.2706000,0.2719000,0.2193000,0.2410000,229912383,57353425.8992000,221720,26246401.4148000
1686009600000,0.2410000,0.2517000,0.2325000,0.2459000,151089543,36584469.2719000,144856,17777260.7080000
1686096000000,0.2460000,0.2469000,0.2254000,0.2287000,156662849,36844119.6157000,152938,17844132.9596000
1686182400000,0.2287000,0.2321000,0.2217000,0.2275000,98063674,22295078.1512000,102856,10949080.3428000
1686268800000,0.2276000,0.2300000,0.2155000,0.2193000,128274721,28691209.5818000,125927,13719506.2275000
1686355200000,0.2193000,0.2196000,0.1657000,0.1878000,347472551,65927009.5586000,399321,31366685.0385000
1686441600000,0.1877000,0.1897000,0.1789000,0.1829000,159226999,29306538.8057000,143135,14340221.6222000
1686528000000,0.1829000,0.1897000,0.1753000,0.1850000,198002810,36444094.8677000,165080,17667583.0988000
1686614400000,0.1851000,0.1945000,0.1826000,0.1895000,222133343,41861066.5360000,188967,20467860.6102000
1686700800000,0.1895000,0.1931000,0.1758000,0.1796000,148893943,27690795.7635000,146389,13336592.5221000
1686787200000,0.1797000,0.1885000,0.1700000,0.1821000,174914223,31503378.2502000,155994,15592900.3169000
1686873600000,0.1822000,0.1955000,0.1802000,0.1903000,269228757,50670261.6328000,232055,24838266.7231000
1686960000000,0.1904000,0.2004000,0.1886000,0.1975000,130185083,25549300.9411000,139691,12774306.2835000
1687046400000,0.1975000,0.1976000,0.1778000,0.1828000,183669242,34968840.8672000,177613,16241882.1418000
1687132800000,0.1829000,0.1931000,0.1808000,0.1896000,172483656,32104181.3479000,183214,16018672.5537000
1687219200000,0.1895000,0.1997000,0.1820000,0.1996000,223952554,42604576.0769000,196889,21052855.5443000
1687305600000,0.1997000,0.2290000,0.1988000,0.2219000,378167415,80846950.8437000,340664,39869286.2408000
1687392000000,0.2220000,0.2543000,0.2215000,0.2287000,742855482,178739766.9961000,694465,88540518.2543000
1687478400000,0.2287000,0.2494000,0.2286000,0.2381000,345246083,82535473.0511000,361897,40158943.1510000
1687564800000,0.2381000,0.2405000,0.2202000,0.2297000,196487602,45615634.4023000,222775,21123121.2337000
1687651200000,0.2298000,0.2401000,0.2251000,0.2274000,166081670,38518451.7028000,173153,18312816.2950000
1687737600000,0.2274000,0.2331000,0.2150000,0.2199000,232583680,52353185.1483000,209576,25118137.8692000
1687824000000,0.2200000,0.2377000,0.2186000,0.2340000,343108372,79345758.1209000,286031,38928779.8530000
1687910400000,0.2340000,0.2348000,0.2039000,0.2140000,332541021,73596404.4530000,282518,34397175.1573000
1687996800000,0.2141000,0.2247000,0.2137000,0.2180000,156736325,34317713.8325000,141488,17053878.2333000
1688083200000,0.2181000,0.2320000,0.2044000,0.2271000,354408171,78818555.4082000,320487,38383845.3018000
1688169600000,0.2270000,0.2410000,0.2219000,0.2366000,262567952,61300109.1766000,229407,30185187.0076000
1688256000000,0.2365000,0.2387000,0.2250000,0.2360000,255311983,59501565.6057000,216439,28060866.9489000
1688342400000,0.2360000,0.2513000,0.2359000,0.2452000,258169380,63138164.9469000,234207,31046921.8628000
1688428800000,0.2453000,0.2495000,0.2328000,0.2385000,196322694,47293883.3384000,184950,22319041.4567000
1688515200000,0.2386000,0.2429000,0.2226000,0.2262000,176211806,40730112.3503000,168254,19807406.4779000
1688601600000,0.2262000,0.2363000,0.2124000,0.2129000,215132914,48285390.2674000,196423,22970106.5559000
1688688000000,0.2129000,0.2240000,0.2104000,0.2231000,187972399,40921325.1892000,168051,20431883.6695000
1688774400000,0.2231000,0.2260000,0.2145000,0.2193000,118460827,26109963.5377000,110830,12822630.8001000
1688860800000,0.2192000,0.2210000,0.2158000,0.2171000,88390811,19292971.4802000,82308,9641013.1986000
1688947200000,0.2171000,0.2189000,0.2083000,0.2149000,153479740,32738206.2756000,131016,15746507.7822000
1689033600000,0.2150000,0.2189000,0.2111000,0.2137000,110703841,23802566.8598000,95119,11478888.5591000
1689120000000,0.2138000,0.2211000,0.2099000,0.2195000,288995890,62247293.8726000,199292,29600381.8682000
1689206400000,0.2195000,0.2376000,0.2148000,0.2333000,525465650,120087743.1951000,346662,59234683.6303000
1689292800000,0.2334000,0.2561000,0.2225000,0.2373000,463405917,110832617.5834000,366681,54885266.6105000
1689379200000,0.2373000,0.2464000,0.2306000,0.2413000,207995282,49858918.6840000,189795,24084475.9277000
1689465600000,0.2414000,0.2486000,0.2337000,0.2356000,216249580,52298243.4782000,193779,25197527.8344000
1689552000000,0.2357000,0.2462000,0.2280000,0.2362000,239068056,56396750.5175000,217211,27410216.4773000
1689638400000,0.2361000,0.2391000,0.2205000,0.2253000,143147192,32719171.2032000,141286,15663915.2808000
1689724800000,0.2253000,0.2314000,0.2232000,0.2249000,152123869,34562353.0302000,133467,17015331.4593000
1689811200000,0.2249000,0.2316000,0.2185000,0.2227000,141792609,31975311.3301000,138552,14705132.0118000
1689897600000,0.2226000,0.2264000,0.2201000,0.2249000,103007605,23065724.6894000,96109,11265768.3667000
1689984000000,0.2250000,0.2273000,0.2170000,0.2196000,72437380,16185296.8961000,80975,7540714.3130000
1690070400000,0.2196000,0.2256000,0.2174000,0.2233000,75680172,16798731.3004000,77861,8034716.9213000
1690156800000,0.2233000,0.2260000,0.2080000,0.2121000,151190072,32653542.9279000,139711,15160420.5728000
1690243200000,0.2121000,0.2135000,0.2074000,0.2097000,89595752,18812265.6111000,96231,8884754.1097000
1690329600000,0.2097000,0.2147000,0.2042000,0.2116000,109901920,23103038.4382000,102416,11213286.1993000
1690416000000,0.2117000,0.2179000,0.2095000,0.2146000,95027904,20374307.4636000,105825,10249720.6576000
1690502400000,0.2145000,0.2173000,0.2124000,0.2157000,71385257,15353267.7753000,71994,7555208.7274000
1690588800000,0.2157000,0.2181000,0.2138000,0.2148000,57246677,12339726.4717000,68977,6186087.5947000
1690675200000,0.2148000,0.2149000,0.2024000,0.2099000,99718926,20934318.4853000,94974,9690606.2905000
1690761600000,0.2098000,0.2138000,0.2062000,0.2078000,99255107,20775291.7361000,95635,10745273.8464000
1690848000000,0.2078000,0.2107000,0.1996000,0.2105000,139431117,28444938.5439000,112578,14029297.5221000
1690934400000,0.2105000,0.2147000,0.2030000,0.2040000,157641365,32968815.4049000,114707,16212698.4357000
1691020800000,0.2039000,0.2059000,0.2000000,0.2015000,102755920,20924526.1376000,78943,10175788.2848000
1691107200000,0.2015000,0.2034000,0.1959000,0.1980000,102137564,20496731.9983000,81721,9968700.0507000
1691193600000,0.1980000,0.1981000,0.1915000,0.1943000,71182106,13798237.8779000,85812,6536835.4149000
1691280000000,0.1942000,0.2000000,0.1936000,0.1970000,67467366,13331522.7582000,80404,6673558.9579000
1691366400000,0.1970000,0.2002000,0.1894000,0.1953000,93680160,18367167.6883000,86628,8883009.2893000
1691452800000,0.1954000,0.2020000,0.1929000,0.2003000,132351179,26035151.0081000,102188,13287369.9554000
1691539200000,0.2002000,0.2035000,0.1952000,0.1987000,100174076,19991281.2673000,82139,9720550.5387000
1691625600000,0.1987000,0.2039000,0.1963000,0.2008000,74036969,14798833.1887000,69408,7301410.9443000
1691712000000,0.2008000,0.2037000,0.1996000,0.2023000,46413756,9363566.8157000,57511,4586298.2644000
1691798400000,0.2022000,0.2034000,0.1992000,0.2002000,38930287,7848470.4444000,44728,3717648.1257000
1691884800000,0.2003000,0.2220000,0.1993000,0.2188000,251394748,53677930.1423000,169255,27325479.7682000
1691971200000,0.2187000,0.2348000,0.2120000,0.2198000,754771803,168606200.2016000,475266,83003223.2179000
1692057600000,0.2198000,0.2219000,0.1900000,0.2027000,293980150,62135506.2228000,223795,28991567.1553000
1692144000000,0.2027000,0.2055000,0.1909000,0.1961000,181454422,36229557.1659000,145883,17480838.7103000
1692230400000,0.1962000,0.2012000,0.1601000,0.1876000,277707390,52266279.3271000,234520,25450493.1144000
1692316800000,0.1876000,0.2048000,0.1824000,0.1994000,403307098,79432214.3638000,327424,38935753.1327000
1692403200000,0.1994000,0.2199000,0.1990000,0.2096000,313011555,65952228.0825000,259785,33048302.1557000
1692489600000,0.2097000,0.2127000,0.2029000,0.2048000,127015153,26310223.8549000,132403,13372947.3078000
1692576000000,0.2047000,0.2089000,0.1959000,0.2013000,177639642,35929372.9666000,150793,17500161.2375000
1692662400000,0.2013000,0.2044000,0.1850000,0.1961000,185324413,36107774.4720000,153242,17317155.0105000
1692748800000,0.1961000,0.2100000,0.1951000,0.2083000,175207166,35510541.9625000,153232,18293912.5107000
1692835200000,0.2083000,0.2169000,0.2038000,0.2090000,281695334,59398076.1462000,215807,29383431.2346000
1692921600000,0.2091000,0.2178000,0.2000000,0.2170000,415804298,87599253.8187000,275647,44302195.6667000
1693008000000,0.2170000,0.2176000,0.2057000,0.2075000,175023177,36824398.9861000,137911,17427839.6369000
1693094400000,0.2075000,0.2144000,0.2062000,0.2100000,161325633,33990395.7922000,137774,16683163.0715000
1693180800000,0.2101000,0.2122000,0.2025000,0.2069000,140783980,29189886.1897000,122583,13354753.6652000
1693267200000,0.2068000,0.2174000,0.2018000,0.2158000,194413153,41030151.8437000,162175,20246515.2407000
1693353600000,0.2158000,0.2350000,0.2125000,0.2335000,414129114,92862398.2741000,282539,47585985.3597000
1693440000000,0.2335000,0.2570000,0.2225000,0.2291000,1429680388,340843615.0979000,743219,168547966.6926000
1693526400000,0.2292000,0.2394000,0.2219000,0.2300000,469001504,108300683.3349000,323348,54088856.0429000
1693612800000,0.2300000,0.2537000,0.2242000,0.2514000,506851684,121027320.6535000,392800,59824226.6370000
1693699200000,0.2513000,0.2736000,0.2472000,0.2589000,836564555,217229127.3549000,652358,107671040.9112000
1693785600000,0.2589000,0.2698000,0.2522000,0.2673000,453211429,118274794.1698000,404570,59276440.5744000
1693872000000,0.2672000,0.2718000,0.2486000,0.2498000,355832562,91934342.9034000,317780,45576572.6553000
1693958400000,0.2499000,0.2615000,0.2451000,0.2564000,354926944,89705851.3051000,328776,44616565.2369000
1694044800000,0.2564000,0.2576000,0.2405000,0.2489000,211984389,52403000.3900000,199823,26017481.2462000
1694131200000,0.2489000,0.2554000,0.2367000,0.2384000,255060029,62732984.8511000,248746,30451236.2494000
1694217600000,0.2385000,0.2406000,0.2333000,0.2350000,119870123,28337834.5865000,124210,13440816.0787000
1694304000000,0.2350000,0.2351000,0.2124000,0.2307000,190922038,43172065.5102000,218610,20394359.4031000
1694390400000,0.2307000,0.2362000,0.2173000,0.2229000,303875647,68884631.6393000,317643,33916983.8411000
1694476800000,0.2228000,0.2380000,0.2212000,0.2251000,197321410,45301539.8893000,221062,22671307.8117000
1694563200000,0.2251000,0.2303000,0.2210000,0.2234000,173198380,39026054.0494000,199806,19420442.8382000
1694649600000,0.2234000,0.2311000,0.2229000,0.2295000,134089814,30414997.3175000,162517,14791277.3346000
1694736000000,0.2296000,0.2378000,0.2269000,0.2371000,141908071,32973010.0982000,171450,16008333.2456000
1694822400000,0.2371000,0.2411000,0.2337000,0.2362000,120879755,28710622.3261000,148496,14268795.0918000
1694908800000,0.2362000,0.2363000,0.2225000,0.2255000,97192048,22333276.3863000,127164,10086067.3477000
1694995200000,0.2256000,0.2344000,0.2231000,0.2268000,119785554,27483874.1724000,144336,13275429.0618000
1695081600000,0.2267000,0.2359000,0.2252000,0.2334000,110579394,25592414.0020000,131124,12739314.8459000
1695168000000,0.2335000,0.2363000,0.2244000,0.2275000,117081605,26875583.3863000,136118,12674836.1565000
1695254400000,0.2276000,0.2381000,0.2224000,0.2233000,263506986,60554090.9602000,254929,28924431.2822000
1695340800000,0.2232000,0.2237000,0.2181000,0.2233000,109317249,24189385.3613000,115481,11366763.9502000
1695427200000,0.2233000,0.2249000,0.2155000,0.2211000,88767692,19606412.5382000,99193,9403139.2824000
1695513600000,0.2211000,0.2217000,0.2116000,0.2151000,83382915,18143825.1247000,97225,8406499.4726000
1695600000000,0.2152000,0.2189000,0.2125000,0.2161000,80173513,17281053.0129000,95782,8692312.4078000
1695686400000,0.2161000,0.2176000,0.2100000,0.2139000,71004519,15216215.0340000,78949,7486767.6377000
1695772800000,0.2139000,0.2161000,0.2091000,0.2112000,90612013,19219326.2367000,97196,9462214.8776000
1695859200000,0.2111000,0.2196000,0.2095000,0.2181000,116907844,25236073.8506000,115660,12721119.1462000
1695945600000,0.2182000,0.2214000,0.2147000,0.2189000,102722579,22415105.5434000,108491,11077139.6377000
1696032000000,0.2190000,0.2237000,0.2182000,0.2227000,70917922,15650650.7013000,79139,7766711.1175000
1696118400000,0.2228000,0.2374000,0.2224000,0.2348000,141675642,32598005.5526000,144230,15825694.6708000
1696204800000,0.2348000,0.2390000,0.2169000,0.2218000,158417506,36361937.7030000,158397,16889543.2149000
1696291200000,0.2219000,0.2280000,0.2148000,0.2182000,160321668,35524833.7936000,148942,17363044.0559000
1696377600000,0.2181000,0.2228000,0.2092000,0.2193000,116283787,25237084.0750000,115156,12182837.2033000
1696464000000,0.2193000,0.2212000,0.2129000,0.2156000,65336995,14178763.5869000,74973,6731734.9040000
1696550400000,0.2156000,0.2277000,0.2155000,0.2251000,88968331,19701044.8787000,94565,9859976.3213000
1696636800000,0.2251000,0.2267000,0.2196000,0.2205000,52426317,11665308.0943000,63914,5587167.8380000
1696723200000,0.2206000,0.2221000,0.2165000,0.2184000,52554672,11543118.9275000,62454,5410923.8740000
1696809600000,0.2185000,0.2213000,0.2012000,0.2074000,126137959,26493562.2349000,126500,12404173.7734000
1696896000000,0.2073000,0.2127000,0.2010000,0.2041000,99698709,20623301.5255000,100322,9791880.6802000
1696982400000,0.2040000,0.2065000,0.1973000,0.2057000,117377139,23863258.4756000,107779,11178042.8561000
1697068800000,0.2057000,0.2064000,0.1986000,0.2025000,141662139,28759460.0171000,95470,13818553.4533000
1697155200000,0.2026000,0.2108000,0.2018000,0.2090000,83345920,17099752.7634000,71802,8690727.2735000
1697241600000,0.2089000,0.2169000,0.2083000,0.2126000,124306432,26532912.0861000,115616,13111348.8825000
1697328000000,0.2127000,0.2151000,0.2107000,0.2118000,59077023,12582661.4589000,69157,6271451.1145000
1697414400000,0.2118000,0.2232000,0.2098000,0.2138000,124902004,26900064.8278000,107991,12768174.5562000
1697500800000,0.2138000,0.2159000,0.2019000,0.2058000,79932791,16714079.7402000,77801,7913275.8548000
1697587200000,0.2058000,0.2099000,0.2015000,0.2030000,75102978,15478345.5226000,74289,7461391.4350000
1697673600000,0.2029000,0.2064000,0.1987000,0.2036000,104001392,21023385.5913000,92110,10282809.4927000
1697760000000,0.2036000,0.2234000,0.2031000,0.2182000,294072780,63980100.3554000,210136,32640873.1605000
1697846400000,0.2183000,0.2333000,0.2165000,0.2270000,260276923,58830416.7517000,197760,29303737.4582000
1697932800000,0.2270000,0.2344000,0.2160000,0.2324000,196815316,44764554.1178000,163232,21542723.8922000
1698019200000,0.2324000,0.2518000,0.2255000,0.2516000,300804737,71278710.1841000,270736,35061743.3378000
1698105600000,0.2516000,0.2875000,0.2454000,0.2747000,574869635,153742654.1422000,634453,75169697.3525000
1698192000000,0.2748000,0.3199000,0.2696000,0.3026000,610814779,178482385.5235000,779274,87978095.6953000
1698278400000,0.3027000,0.3115000,0.2745000,0.2966000,376195872,110728728.4826000,412655,52804739.8089000
1698364800000,0.2967000,0.3245000,0.2859000,0.3180000,379619691,117094118.7065000,535336,57397361.8688000
1698451200000,0.3181000,0.3647000,0.3132000,0.3521000,548250406,189493066.0686000,687377,94381137.2441000
1698537600000,0.3520000,0.3912000,0.3470000,0.3663000,586674232,218948790.8111000,834804,109629238.6084000
1698624000000,0.3663000,0.3795000,0.3567000,0.3588000,294142448,107969624.2146000,445280,51612896.6217000
1698710400000,0.3589000,0.3790000,0.3350000,0.3634000,335429532,121005734.4045000,512256,58467226.9427000
1698796800000,0.3634000,0.3874000,0.3391000,0.3856000,302640847,108826577.0234000,500325,53695400.0246000
1698883200000,0.3856000,0.3890000,0.3403000,0.3482000,240177260,86685997.8466000,352035,41810835.3605000
1698969600000,0.3481000,0.3693000,0.3296000,0.3567000,214130367,74259068.2889000,330503,36187324.4581000
1699056000000,0.3567000,0.3665000,0.3507000,0.3613000,127929750,45819707.2611000,199092,22708903.9499000
1699142400000,0.3612000,0.3748000,0.3456000,0.3659000,171077529,61873988.4066000,290763,29664512.6202000
1699228800000,0.3659000,0.4072000,0.3561000,0.3913000,292765426,112793317.5444000,451347,55472429.8468000
1699315200000,0.3914000,0.3947000,0.3480000,0.3639000,256650398,94628135.2788000,403531,44589151.4713000
1699401600000,0.3640000,0.3807000,0.3582000,0.3715000,155466726,57591564.2073000,264470,27648125.7813000
1699488000000,0.3716000,0.4113000,0.3200000,0.3911000,335678709,127722155.8542000,588171,59703572.4494000
1699574400000,0.3912000,0.4440000,0.3723000,0.4434000,291890597,118257127.6343000,570144,58606241.1268000
1699660800000,0.4434000,0.4543000,0.4174000,0.4269000,293457778,128759825.6028000,598770,61603602.9789000
1699747200000,0.4269000,0.4348000,0.3948000,0.4298000,210766983,87910237.9250000,403422,42723371.4734000
1699833600000,0.4298000,0.4396000,0.3707000,0.3741000,169980172,68492737.6461000,383984,32562311.5698000
1699920000000,0.3742000,0.3974000,0.3585000,0.3844000,191603206,72858449.0623000,367597,35197078.0431000
1700006400000,0.3843000,0.4489000,0.3790000,0.4461000,230985485,96511541.8769000,391309,48095770.6956000
1700092800000,0.4461000,0.4547000,0.4122000,0.4335000,331476379,144453862.2661000,623475,69406609.3882000
1700179200000,0.4336000,0.4800000,0.4128000,0.4415000,492378378,220233874.2748000,833292,107048270.4386000
1700265600000,0.4415000,0.4669000,0.3950000,0.4627000,305241327,133249222.9526000,528258,66034990.1372000
1700352000000,0.4627000,0.5172000,0.4481000,0.4997000,447047436,216840927.9042000,804677,108904518.5919000
1700438400000,0.4998000,0.5800000,0.4971000,0.5202000,604317698,330003740.5734000,1149112,165000331.8729000
1700524800000,0.5202000,0.5425000,0.4600000,0.4607000,513767436,260552251.3204000,1082949,124969586.5861000
1700611200000,0.4608000,0.5488000,0.4606000,0.5161000,354634302,184131813.7116000,702996,91111287.4603000
1700697600000,0.5161000,0.5223000,0.4853000,0.4962000,195936973,97681768.1987000,414325,47123178.7936000
1700784000000,0.4963000,0.5678000,0.4938000,0.5317000,310636862,167711618.1089000,661562,82975485.4815000
1700870400000,0.5316000,0.5415000,0.5172000,0.5324000,148673529,78574067.9314000,340607,37593828.7723000
1700956800000,0.5324000,0.5440000,0.5050000,0.5345000,159100054,83714552.0973000,357400,39535341.5891000
1701043200000,0.5346000,0.5534000,0.4975000,0.5142000,236319982,124080685.5602000,565241,59785868.5365000
1701129600000,0.5142000,0.5466000,0.4886000,0.5407000,198423777,103753801.7989000,480777,51214242.8718000
1701216000000,0.5407000,0.5603000,0.5208000,0.5228000,145374762,78096027.0063000,384567,38063247.1223000
1701302400000,0.5228000,0.5378000,0.5154000,0.5286000,103391403,54346598.6634000,292500,25833006.1876000
1701388800000,0.5287000,0.5646000,0.5225000,0.5548000,166993321,90555121.4555000,394056,46436396.9017000
1701475200000,0.5548000,0.5796000,0.5410000,0.5589000,194359948,108251728.1073000,476057,52404889.1416000
1701561600000,0.5589000,0.5855000,0.5500000,0.5584000,217810225,123592368.1643000,559234,59497872.6597000
1701648000000,0.5583000,0.5695000,0.4963000,0.5429000,290561170,156650702.0974000,621187,72223583.0653000
1701734400000,0.5430000,0.5480000,0.5156000,0.5336000,177078877,93916579.4906000,467364,44745381.1832000
1701820800000,0.5336000,0.5442000,0.5017000,0.5046000,158988760,83116361.1075000,392965,38856149.4002000
1701907200000,0.5045000,0.5370000,0.4881000,0.5267000,153272816,78828214.7656000,372560,37504394.1971000
1701993600000,0.5268000,0.5463000,0.5205000,0.5389000,117783078,62863852.0109000,313111,30322092.3345000
1702080000000,0.5389000,0.5565000,0.5055000,0.5134000,164021431,87860602.9792000,409195,39908826.0249000
1702166400000,0.5135000,0.5307000,0.5012000,0.5287000,112533487,58207783.2731000,286342,27771082.2038000
1702252800000,0.5287000,0.5359000,0.4560000,0.4924000,263068677,131581346.1643000,674883,60517156.2502000
1702339200000,0.4924000,0.6061000,0.4912000,0.6036000,446827433,247264738.4918000,1030549,124306761.3794000
1702425600000,0.6036000,0.6590000,0.5643000,0.6292000,764000269,466021140.5409000,1817360,232158711.4910000
1702512000000,0.6293000,0.7170000,0.6227000,0.7057000,391875943,261769242.6782000,1039397,129702303.4095000
1702598400000,0.7057000,0.7521000,0.6672000,0.6702000,344560511,246443108.8898000,1004183,119301445.0311000
1702684800000,0.6702000,0.6975000,0.6369000,0.6469000,236766529,157853080.8773000,661234,75231039.4554000
1702771200000,0.6470000,0.6633000,0.6189000,0.6387000,161339756,103082913.7502000,484675,50014908.3629000
1702857600000,0.6386000,0.7095000,0.5886000,0.7083000,343396309,222217307.3735000,1066426,107924392.1018000
1702944000000,0.7083000,0.7455000,0.6874000,0.7088000,282291702,201404426.4797000,960071,97948011.7487000
1703030400000,0.7085000,0.7910000,0.6916000,0.7364000,296884891,219628498.9290000,980071,108768038.2616000
1703116800000,0.7364000,0.7649000,0.7004000,0.7646000,184653859,133291577.4291000,615096,64389892.3670000
1703203200000,0.7645000,0.7806000,0.7064000,0.7208000,175997923,130077349.2869000,671830,62963914.4655000
1703289600000,0.7209000,0.7504000,0.7011000,0.7369000,119580068,86962065.7691000,468157,40974308.7989000
1703376000000,0.7369000,0.7533000,0.6934000,0.7108000,117670161,85771730.1184000,473937,40086282.0164000
1703462400000,0.7109000,0.7550000,0.7046000,0.7406000,125277961,91114533.6906000,455650,42814444.4176000
1703548800000,0.7407000,0.7961000,0.7010000,0.7679000,250886881,189159348.3340000,945502,89776710.2977000
1703635200000,0.7679000,0.7714000,0.7139000,0.7385000,119299329,88314491.0696000,519354,41846127.0917000
1703721600000,0.7385000,0.7564000,0.6752000,0.6846000,125161852,89162332.6921000,528218,41364916.7283000
1703808000000,0.6846000,0.7239000,0.6614000,0.6877000,124695046,86266381.0322000,500146,40794488.2186000
1703894400000,0.6877000,0.7021000,0.6673000,0.6903000,63806124,43942094.2737000,289348,20042570.9472000
1703980800000,0.6904000,0.7078000,0.6641000,0.6730000,60502024,41919457.2085000,273273,20011439.0158000
1704067200000,0.6731000,0.7373000,0.6710000,0.7334000,69111095,48867311.2413000,314523,23362626.2161000
1704153600000,0.7335000,0.7606000,0.7026000,0.7338000,129115528,94267752.5186000,515491,45163696.6277000
1704240000000,0.7339000,0.7420000,0.5537000,0.6575000,191645144,127449430.4469000,864929,58892337.0158000
1704326400000,0.6574000,0.7303000,0.6414000,0.7267000,101028465,69462919.3391000,462299,33097223.1719000
1704412800000,0.7267000,0.7480000,0.6655000,0.6901000,144413427,102399207.8333000,649061,49990551.1282000
1704499200000,0.6901000,0.6905000,0.6188000,0.6484000,91437186,59351419.0463000,430112,28055913.2408000
1704585600000,0.6484000,0.6622000,0.6093000,0.6219000,88815065,56625570.0803000,471349,27245127.9608000
1704672000000,0.6220000,0.6833000,0.5662000,0.6820000,128510868,80681440.1790000,578963,38368062.0420000
1704758400000,0.6819000,0.6909000,0.6244000,0.6470000,107956569,70520435.8046000,506274,33604286.6461000
1704844800000,0.6470000,0.7376000,0.6295000,0.7173000,127828476,85209378.5526000,609539,42149647.5126000
1704931200000,0.7173000,0.7804000,0.6972000,0.7256000,154563982,114113656.6720000,706554,55563006.8436000
1705017600000,0.7255000,0.7312000,0.6529000,0.6855000,113682080,79663603.8909000,535336,37094927.6860000
1705104000000,0.6855000,0.6995000,0.6560000,0.6889000,50334987,34078597.4891000,262544,16518581.7214000
1705190400000,0.6889000,0.6928000,0.6499000,0.6518000,47324625,31832665.0109000,253701,14496025.4690000
1705276800000,0.6518000,0.6945000,0.6498000,0.6844000,70405478,47804577.1264000,333144,23620615.3217000
1705363200000,0.6843000,0.7065000,0.6638000,0.6905000,77350912,53260092.1658000,372177,25064460.8127000
1705449600000,0.6905000,0.6993000,0.6680000,0.6777000,53980127,36881509.0480000,271260,17632002.6204000
1705536000000,0.6777000,0.6797000,0.6059000,0.6192000,92295903,58890929.2158000,351735,27566067.0132000
1705622400000,0.6193000,0.6350000,0.5809000,0.6180000,89122464,54578530.7462000,332720,26075185.9217000
1705708800000,0.6180000,0.6196000,0.5969000,0.6125000,44464751,27026353.3377000,161198,13067068.9596000
1705795200000,0.6124000,0.6195000,0.5912000,0.5938000,35459747,21575139.5482000,141928,10148039.1251000
1705881600000,0.5938000,0.5985000,0.5500000,0.5604000,92643308,53418955.0534000,350631,25450670.9000000
1705968000000,0.5605000,0.5747000,0.5243000,0.5705000,93188880,51243338.1063000,360611,24249385.4466000
1706054400000,0.5706000,0.6017000,0.5585000,0.6008000,71105211,41458353.5603000,287410,20428235.1971000
1706140800000,0.6007000,0.6020000,0.5660000,0.5798000,59787395,35085760.5701000,243750,16731338.4381000
1706227200000,0.5797000,0.6193000,0.5737000,0.6101000,44835029,26930632.2145000,189977,13259355.7178000
1706313600000,0.6101000,0.6245000,0.6050000,0.6235000,34166344,21017223.3614000,133300,10283942.2458000
1706400000000,0.6234000,0.6328000,0.5929000,0.6021000,47671607,29316926.0650000,181221,13874699.5108000
1706486400000,0.6021000,0.6320000,0.5916000,0.6281000,47175312,28855368.2761000,178238,13997922.1855000
1706572800000,0.6282000,0.6409000,0.5944000,0.5997000,70978277,44215194.9637000,261087,21163997.0981000
1706659200000,0.5997000,0.6030000,0.5627000,0.5662000,81085415,47075874.6419000,295846,22222841.8190000
1706745600000,0.5663000,0.5763000,0.5386000,0.5419000,75278232,41829293.2802000,297475,20228524.7382000
1706832000000,0.5420000,0.5796000,0.5389000,0.5694000,91069542,50779034.7611000,317951,24468804.0133000
1706918400000,0.5694000,0.5742000,0.5531000,0.5619000,47788998,26928469.9007000,164442,12731808.1429000
1707004800000,0.5619000,0.5625000,0.5206000,0.5243000,59326849,32143840.6323000,201804,14731478.1182000
1707091200000,0.5245000,0.5430000,0.5086000,0.5274000,71194942,37450421.8738000,232271,17889899.7871000
1707177600000,0.5274000,0.5423000,0.5211000,0.5290000,57169452,30385947.4785000,174662,14533454.9120000
1707264000000,0.5291000,0.5648000,0.5241000,0.5586000,75880550,41364651.1679000,220058,19984101.4695000
1707350400000,0.5586000,0.5644000,0.5471000,0.5592000,49093684,27328495.3287000,146601,12570763.3764000
1707436800000,0.5593000,0.6188000,0.5569000,0.6086000,120998412,71889245.7464000,353886,34891541.3728000
1707523200000,0.6086000,0.6348000,0.6008000,0.6281000,88518542,54793418.1794000,279741,27445260.0303000
1707609600000,0.6281000,0.6486000,0.6219000,0.6312000,77848458,49446598.9975000,250903,23232663.9894000
1707696000000,0.6313000,0.6740000,0.6217000,0.6677000,88585850,57352445.1929000,309176,27554197.5026000
1707782400000,0.6677000,0.6879000,0.6498000,0.6680000,107983000,72477271.9020000,408508,34514735.5503000
1707868800000,0.6680000,0.6870000,0.6525000,0.6822000,81495390,54689709.0566000,291880,26128087.0278000
1707955200000,0.6822000,0.6890000,0.6427000,0.6543000,93146476,62078308.1404000,317168,28871017.8682000
1708041600000,0.6543000,0.7336000,0.6487000,0.7076000,217042577,152310452.0522000,749148,72416459.0211000
1708128000000,0.7077000,0.7899000,0.6876000,0.7874000,221315345,160965854.3607000,812703,78832443.7290000
1708214400000,0.7873000,0.8759000,0.7825000,0.8245000,267402926,221682444.3299000,1117411,106860023.8185000
1708300800000,0.8245000,0.9970000,0.8245000,0.9803000,292678384,268009584.2650000,1341087,132332636.6486000
1708387200000,0.9805000,1.0982000,0.8700000,1.0556000,389108829,377707596.3499000,1768353,184134421.4526000
1708473600000,1.0557000,1.1645000,0.9409000,1.1461000,334917363,345380303.3888000,1657946,170045146.1567000
1708560000000,1.1460000,1.2113000,1.0347000,1.1070000,336449162,381066338.4690000,1835340,186244953.2072000
1708646400000,1.1069000,1.2390000,1.0328000,1.0589000,288670234,321916450.1341000,1517785,155101881.8191000
1708732800000,1.0589000,1.0979000,0.9810000,1.0788000,179625807,187982712.9131000,988203,92368506.2013000
1708819200000,1.0787000,1.1416000,1.0737000,1.1046000,167701623,186644640.0255000,990613,90727099.0962000
1708905600000,1.1047000,1.1526000,1.0527000,1.1168000,165924660,183142828.6888000,937007,88715472.7723000
1708992000000,1.1168000,1.1237000,1.0570000,1.0763000,103378890,112963819.0900000,602926,53645571.5145000
1709078400000,1.0763000,1.3849000,1.0691000,1.3514000,316947429,390035802.3178000,2021817,187503889.0437000
1709164800000,1.3514000,1.5230000,1.2866000,1.4722000,226496158,319878256.6108000,1767604,157259138.6438000
1709251200000,1.4722000,1.8472000,1.4717000,1.7252000,312068648,521589213.5719000,2318595,260970148.6958000
1709337600000,1.7257000,1.9440000,1.5758000,1.8051000,200704818,347377977.5127000,1571341,169109978.0591000
1709424000000,1.8051000,1.9758000,1.6355000,1.7740000,176102129,325201000.9085000,1597909,157993471.6801000
1709510400000,1.7741000,1.9180000,1.6991000,1.7281000,163481564,293045766.4329000,1410643,142080427.2725000
1709596800000,1.7284000,1.9670000,1.2660000,1.7369000,276056229,479191892.8860000,2323197,227716212.9132000
1709683200000,1.7369000,2.4833000,1.6940000,2.4316000,375656403,786448393.1490000,3617705,389825165.6718000
1709769600000,2.4317000,2.8645000,2.4097000,2.5790000,383730364,1016703664.2287000,4393233,502608865.2943000
1709856000000,2.5791000,2.9596000,2.4484000,2.7483000,265642593,711309429.1158000,3108576,346142624.5495000
1709942400000,2.7483000,3.1209000,2.6957000,3.0839000,193078375,571438399.7201000,2707263,280204246.8935000
1710028800000,3.0840000,3.1362000,2.6733000,2.7683000,122387525,348798476.2584000,1646200,166435788.6022000
1710115200000,2.7692000,2.9666000,2.6486000,2.7074000,121927455,341335645.6035000,2039368,164656621.6847000
1710201600000,2.7075000,2.8192000,2.4800000,2.6779000,146530025,391640957.4290000,1851050,188340407.6444000
1710288000000,2.6781000,2.8604000,2.5866000,2.6589000,109821610,296918328.7248000,1481283,142878856.8055000
1710374400000,2.6590000,3.0027000,2.5470000,2.8566000,193893691,528163381.9155000,2486872,253679772.0970000
1710460800000,2.8569000,2.8750000,2.3470000,2.6853000,254895188,680569511.1190000,3127273,323311287.1754000
1710547200000,2.6852000,2.6939000,2.2819000,2.4245000,137971622,343372124.7559000,1655796,165832700.2810000
1710633600000,2.4246000,3.0282000,2.3500000,2.8122000,210808501,576982527.7271000,2620393,277229132.9845000
1710720000000,2.8123000,2.8914000,2.4564000,2.4905000,179819509,471860901.0522000,2061530,224370259.3737000
1710806400000,2.4904000,2.6079000,2.1610000,2.3799000,262608441,629855603.6407000,2871494,307200365.3647000
1710892800000,2.3799000,2.8568000,2.3514000,2.7494000,210666027,548183267.1669000,2707384,270851937.7596000
1710979200000,2.7496000,2.7718000,2.5000000,2.5179000,105062593,276546987.6640000,1318371,134611064.7512000
1711065600000,2.5179000,2.5908000,2.3647000,2.4305000,90356148,223711549.9190000,1165414,108079188.4065000
1711152000000,2.4301000,2.5529000,2.3852000,2.4201000,63950443,158947302.4938000,744282,77605512.9065000
1711238400000,2.4201000,2.6518000,2.3870000,2.5863000,60866194,151414899.4094000,792686,75871829.1554000
1711324800000,2.5863000,2.7333000,2.4882000,2.6670000,94136526,247144475.9346000,1187889,119327545.8737000
1711411200000,2.6671000,3.0598000,2.6613000,2.8319000,159106015,458593667.9830000,2230863,222170806.8868000
1711497600000,2.8319000,3.3471000,2.8129000,3.1092000,270295362,845390228.5233000,3847407,413153341.1384000
1711584000000,3.1088000,3.4917000,3.0102000,3.2680000,167477799,550961649.9067000,2717674,269804616.5225000
1711670400000,3.2678000,3.3744000,3.0549000,3.1059000,92128577,295736534.2851000,1361923,142926633.5788000
1711756800000,3.1059000,3.2292000,2.9560000,3.2076000,84660369,260456955.2856000,1172417,127468363.1225000
1711843200000,3.2074000,3.2748000,3.0101000,3.0530000,74960029,234995042.3083000,1146217,114248684.6758000
1711929600000,3.0530000,3.0858000,2.8183000,2.8843000,87294304,255893861.3458000,1246348,119552968.8156000
1712016000000,2.8843000,2.8845000,2.5970000,2.6741000,107808702,291956252.5498000,1479706,139018009.2020000
1712102400000,2.6739000,2.7699000,2.5111000,2.5824000,85466039,226890116.5503000,1138562,109576294.2822000
1712188800000,2.5825000,2.8800000,2.5270000,2.6996000,97447342,266273017.4549000,1327194,129754729.2388000
1712275200000,2.6999000,2.7275000,2.5123000,2.6118000,73018538,190020362.7780000,991604,90797881.3451000
1712361600000,2.6118000,2.6859000,2.5853000,2.6323000,38398244,101118821.7231000,525628,48412068.2872000
1712448000000,2.6323000,2.8000000,2.6223000,2.7089000,51514150,139270103.7360000,658832,67951367.9048000
1712534400000,2.7089000,2.8530000,2.6312000,2.8084000,50448016,139777617.3373000,681778,65849502.9495000
1712620800000,2.8084000,2.8488000,2.5560000,2.5879000,54995832,146319997.3263000,665249,70847749.5174000
1712707200000,2.5879000,2.7027000,2.4064000,2.6657000,68130635,174087273.5682000,791340,83780749.8578000
1712793600000,2.6657000,2.7403000,2.5125000,2.5509000,63820616,166314457.5442000,801523,80402011.1138000
1712880000000,2.5508000,2.5899000,1.7600000,2.1386000,146731931,324854147.1294000,1488850,148581258.5296000
1712966400000,2.1387000,2.2529000,1.5700000,1.9502000,209506262,410629986.6419000,2252602,198656801.1419000
1713052800000,1.9502000,2.2484000,1.8473000,2.2220000,162975832,337608565.6600000,2067570,166763861.0680000
1713139200000,2.2218000,2.3856000,1.9996000,2.0494000,152962954,336192787.0217000,1914837,164246089.2141000
1713225600000,2.0495000,2.1233000,1.9278000,2.1106000,130819670,264794138.6596000,1543437,130819379.1239000
1713312000000,2.1105000,2.1364000,1.8742000,1.9849000,104776889,207723377.1505000,1273384,102150653.0047000
1713398400000,1.9849000,2.0894000,1.8835000,2.0454000,86286173,172404933.6956000,985106,84136505.3631000
1713484800000,2.0453000,2.1844000,1.8534000,2.1074000,98813901,204530131.6157000,1170444,102246649.8961000
1713571200000,2.1074000,2.4983000,2.0692000,2.4911000,99323300,228976084.7091000,1162392,114821165.1624000
1713657600000,2.4911000,2.5632000,2.3610000,2.4172000,89178525,218048871.5361000,1119218,107713390.1033000
1713744000000,2.4174000,2.5254000,2.3749000,2.4664000,73125948,178854688.3023000,891108,86145218.9783000
1713830400000,2.4664000,2.5590000,2.3900000,2.4480000,75021797,185120012.4062000,864727,90519653.0865000
1713916800000,2.4480000,2.6368000,2.2190000,2.2694000,122816683,301416711.4785000,1397372,143825605.7929000
1714003200000,2.2693000,2.3786000,2.2025000,2.2964000,81568230,186196363.5880000,1059649,89998181.3467000
1714089600000,2.2964000,2.3090000,2.1336000,2.1568000,59559203,132378703.6880000,671708,64619023.3783000
1714176000000,2.1570000,2.1974000,2.0576000,2.1848000,62538075,132991488.5276000,615086,64692138.4485000
1714262400000,2.1849000,2.2856000,2.1400000,2.1588000,46802168,103805889.5747000,531609,50512752.5551000
1714348800000,2.1590000,2.1981000,2.0845000,2.1664000,68207085,145885466.1056000,761889,72582121.8402000
1714435200000,2.1665000,2.1988000,1.9142000,2.0211000,81845653,165194559.4854000,865417,79722914.3969000
1714521600000,2.0212000,2.0590000,1.8608000,2.0115000,98402920,192595677.5730000,975366,93951206.9647000
1714608000000,2.0115000,2.0544000,1.9276000,2.0013000,59946706,119598123.1443000,595017,59330660.2187000
1714694400000,2.0013000,2.2140000,1.9542000,2.1707000,77906652,161483059.3526000,767271,79319587.0191000
1714780800000,2.1706000,2.2465000,2.1324000,2.1581000,51771882,112940076.4820000,572304,55345081.7131000
1714867200000,2.1582000,2.3835000,2.1034000,2.3601000,93961587,212622877.3190000,1003038,106183617.6719000
1714953600000,2.3602000,2.5222000,2.3157000,2.3777000,129639834,311976273.6481000,1295136,150013035.0534000
1715040000000,2.3776000,2.4983000,2.3319000,2.3349000,94510392,228755436.4747000,1095605,111340474.0953000
1715126400000,2.3350000,2.4074000,2.1229000,2.1518000,97841791,220457156.6011000,990190,106416881.2032000
1715212800000,2.1518000,2.3071000,2.1280000,2.2615000,90994836,201416203.9759000,995827,96176163.1173000
1715299200000,2.2615000,2.3607000,2.1310000,2.2077000,107355871,240895774.7051000,1090496,116741900.4119000
1715385600000,2.2077000,2.2614000,2.1775000,2.1910000,49102618,109084212.9444000,615005,53873530.9033000
1715472000000,2.1911000,2.2393000,2.1470000,2.1672000,35022930,76922726.6448000,408285,37066660.2500000
1715558400000,2.1671000,2.2220000,2.0200000,2.1220000,84429564,179283206.1163000,907044,83269443.4467000
1715644800000,2.1221000,2.1382000,1.9804000,2.0014000,63798267,131114181.6575000,707721,63609257.8874000
1715731200000,2.0015000,2.2733000,1.9731000,2.2558000,87425316,187323478.3579000,941639,91341522.9801000
1715817600000,2.2558000,2.3372000,2.1604000,2.2806000,80958065,182193355.0403000,869622,89272608.1344000
1715904000000,2.2807000,2.3847000,2.2223000,2.3450000,76273938,175759824.2344000,828724,86833946.3346000
1715990400000,2.3449000,2.4242000,2.2604000,2.2764000,48594613,113106694.9654000,547097,54668001.0486000
1716076800000,2.2763000,2.3101000,2.1806000,2.1986000,44408742,99690300.5245000,479096,47686336.5535000
1716163200000,2.1985000,2.4394000,2.1618000,2.4248000,88289024,203361791.3698000,931528,99626673.7883000
1716249600000,2.4253000,2.5683000,2.3764000,2.5297000,91227438,227431711.6872000,1010131,110494891.2795000
1716336000000,2.5298000,2.7260000,2.4750000,2.5383000,138476464,356776290.8367000,1514910,170945573.2179000
1716422400000,2.5383000,2.5626000,2.1669000,2.3630000,101521670,244337770.1148000,1150800,114458516.2162000
1716508800000,2.3630000,2.4117000,2.2512000,2.3099000,46889403,108726626.9091000,610660,52161592.3840000
1716595200000,2.3098000,2.3635000,2.2803000,2.2970000,31972116,74099482.3965000,363169,35348352.5317000
1716681600000,2.2970000,2.3086000,2.2011000,2.2367000,35238697,79595972.3992000,389397,37446694.8143000
1716768000000,2.2368000,2.3376000,2.2229000,2.3047000,44241199,100826915.1679000,513374,48265059.8835000
1716854400000,2.3044000,2.3083000,2.1775000,2.2370000,45753738,102389289.1716000,551532,48825932.3812000
1716940800000,2.2369000,2.3490000,2.1857000,2.1954000,66930860,151457355.1141000,757410,72123278.1186000
1717027200000,2.1953000,2.2969000,2.1102000,2.1866000,70155923,155321483.4331000,859019,73519102.7081000
1717113600000,2.1865000,2.2117000,2.0924000,2.1402000,52121137,112191774.6267000,606424,53391058.4645000
1717200000000,2.1404000,2.1483000,2.0954000,2.1119000,23104077,48848168.3461000,288669,23221315.8868000
1717286400000,2.1117000,2.1389000,2.0441000,2.0857000,32958994,69078435.4490000,383423,32710704.6270000
1717372800000,2.0858000,2.1971000,2.0502000,2.1402000,49044588,105336930.6583000,584320,50081216.9752000
1717459200000,2.1403000,2.1758000,2.0805000,2.1274000,39312733,83439910.7112000,457459,40163811.1548000
1717545600000,2.1275000,2.2213000,2.1275000,2.1582000,47242773,102362311.8646000,524521,49236463.6526000
1717632000000,2.1582000,2.1708000,2.0135000,2.0453000,48324779,101134472.4230000,447954,46181934.1104000
1717718400000,2.0454000,2.0568000,1.6218000,1.8485000,133030288,252105839.6034000,1075893,112885799.9240000
1717804800000,1.8486000,1.8620000,1.6996000,1.7439000,60466300,106750739.0186000,583559,50638679.3540000
1717891200000,1.7439000,1.7727000,1.7153000,1.7369000,32934721,57388292.5226000,327782,26937839.8855000
1717977600000,1.7370000,1.7500000,1.6300000,1.6604000,65241979,110450675.5648000,612334,50846503.1681000
1718064000000,1.6603000,1.7183000,1.5067000,1.5369000,106385795,171922815.3341000,868073,81814871.8265000
1718150400000,1.5370000,1.7544000,1.4662000,1.7170000,104549184,171579964.7985000,966721,83526847.4503000
1718236800000,1.7169000,1.7278000,1.5631000,1.5880000,69477656,113534623.0700000,644906,55128324.5864000
1718323200000,1.5880000,1.6555000,1.4187000,1.4781000,91329953,140693304.7624000,760585,67255422.5333000
1718409600000,1.4781000,1.5065000,1.4499000,1.4597000,37209873,55065097.5242000,363243,26631711.6158000
1718496000000,1.4597000,1.4944000,1.4242000,1.4719000,36398439,52987718.1344000,325449,26344961.6020000
1718582400000,1.4720000,1.4911000,1.2232000,1.3184000,148152042,195924068.3824000,1016107,94006500.5494000
1718668800000,1.3184000,1.3263000,1.1058000,1.1934000,149395662,176399524.1651000,1067678,84879077.8986000
1718755200000,1.1933000,1.5092000,1.1741000,1.5015000,205362969,282158743.3907000,1449220,140166889.1801000
1718841600000,1.5015000,1.7194000,1.4713000,1.6047000,371256356,599266140.1713000,2696385,299100020.4290000
1718928000000,1.6048000,1.6284000,1.5265000,1.5884000,134025907,210804186.2067000,1166734,105529524.9358000
1719014400000,1.5885000,1.5912000,1.4609000,1.4701000,117206826,177750895.3671000,965631,88785844.1310000
1719100800000,1.4701000,1.5270000,1.3968000,1.4008000,115726900,169270832.5451000,914397,84625692.1734000
1719187200000,1.4008000,1.7215000,1.3448000,1.6331000,194374547,288205904.6833000,1619880,146189780.1541000
1719273600000,1.6329000,1.7136000,1.5689000,1.5855000,139025810,229503048.7806000,1306838,112986327.9080000
1719360000000,1.5855000,1.8502000,1.5795000,1.7701000,201365348,350319295.5643000,1731500,172427073.2048000
1719446400000,1.7699000,1.7795000,1.4900000,1.5425000,201929693,323898384.7975000,1533607,161230611.7233000
1719532800000,1.5425000,1.5562000,1.3879000,1.4088000,142159461,208042218.4037000,1129557,101035547.5683000
1719619200000,1.4086000,1.4494000,1.3436000,1.3459000,70757392,99003164.0262000,569371,48233792.5408000
1719705600000,1.3458000,1.4480000,1.3242000,1.4295000,100367976,139340286.5259000,793344,69859070.1608000
1719792000000,1.4294000,1.4948000,1.2880000,1.2940000,106686233,148442863.7723000,859884,72597741.0331000
1719878400000,1.2941000,1.3664000,1.2619000,1.3198000,83265694,110510384.1225000,734601,53216658.6555000
1719964800000,1.3198000,1.3289000,1.2158000,1.2511000,88982954,112749533.6699000,718794,54728207.7221000
1720051200000,1.2512000,1.2882000,1.1565000,1.2309000,126107099,154237052.6230000,1034433,76311088.2011000
1720137600000,1.2310000,1.2313000,1.0540000,1.1636000,208483711,239382340.5727000,1510935,116953694.0019000
1720224000000,1.1636000,1.2853000,1.1430000,1.2283000,112989811,138389795.8813000,1021342,68627906.9462000
1720310400000,1.2284000,1.2392000,1.1066000,1.1135000,85122577,100394677.1381000,780952,48911237.1448000
1720396800000,1.1135000,1.2504000,1.0550000,1.1569000,127504785,147030268.9879000,1011276,71812615.7764000
1720483200000,1.1569000,1.2113000,1.1332000,1.2043000,66310655,77840512.5052000,587592,38044417.1622000
1720569600000,1.2043000,1.2435000,1.1752000,1.1920000,75546381,91132197.5020000,579020,44728646.9095000
1720656000000,1.1921000,1.2622000,1.1358000,1.1461000,61516956,73227974.8171000,487433,35592505.5698000
1720742400000,1.1460000,1.1908000,1.1000000,1.1887000,61371003,69907379.2806000,416184,34150584.5803000
1720828800000,1.1888000,1.2176000,1.1345000,1.1635000,49265532,57800547.3317000,355060,27117663.4766000
1720915200000,1.1632000,1.2673000,1.1624000,1.2474000,59250084,71582018.1158000,434003,35069783.0476000
1721001600000,1.2471000,1.4438000,1.2372000,1.4196000,111751501,147844794.6521000,785341,74196958.0704000
1721088000000,1.4194000,1.4804000,1.3147000,1.4292000,112525900,156361063.9081000,898963,75252792.6761000
1721174400000,1.4294000,1.5549000,1.4173000,1.4528000,104379584,155474720.2171000,777483,74362081.0702000
1721260800000,1.4528000,1.5008000,1.3694000,1.4025000,67876020,97136810.5321000,535617,47592918.9175000
1721347200000,1.4025000,1.4923000,1.3611000,1.4722000,64600742,92294433.8250000,476206,44157467.8801000
1721433600000,1.4723000,1.5068000,1.4261000,1.4591000,40112392,58782791.0181000,320028,28751587.2836000
1721520000000,1.4593000,1.4927000,1.3706000,1.4894000,56168631,80604105.9474000,419583,40010642.7275000
1721606400000,1.4893000,1.4995000,1.3636000,1.3686000,45832309,64944656.7475000,385682,30692113.4204000
1721692800000,1.3686000,1.3986000,1.2716000,1.2896000,67635464,89756667.1825000,438532,43513611.5907000
1721779200000,1.2896000,1.3034000,1.1974000,1.2126000,59846852,75533544.5363000,401801,35856527.6588000
1721865600000,1.2127000,1.2199000,1.1506000,1.1969000,63382622,75560793.6240000,441932,37024889.9642000
1721952000000,1.1969000,1.2900000,1.1888000,1.2790000,51052125,64167613.9863000,343730,32330162.5050000
1722038400000,1.2789000,1.3472000,1.2409000,1.2746000,61434349,79425669.8758000,398983,37601452.5057000
1722124800000,1.2746000,1.2746000,1.2258000,1.2452000,28362991,35447610.5145000,202042,16464365.9855000
1722211200000,1.2452000,1.3178000,1.2119000,1.2135000,54253178,68637406.3340000,375991,33283480.3610000
1722297600000,1.2136000,1.2475000,1.1624000,1.1893000,33318784,40270092.1031000,258936,19006989.3705000
1722384000000,1.1894000,1.2104000,1.1382000,1.1542000,47400753,55876781.1761000,303741,26551949.6159000
1722470400000,1.1541000,1.1595000,1.0668000,1.1429000,68763662,76815102.1478000,408395,36630008.3000000
1722556800000,1.1429000,1.1526000,1.0547000,1.0666000,71587256,79229158.3881000,476257,37823444.9533000
1722643200000,1.0666000,1.0858000,0.9670000,0.9907000,67828503,69707803.3180000,420501,32856301.1696000
1722729600000,0.9906000,1.0174000,0.8723000,0.9247000,84955895,80030363.1291000,475516,38320563.2200000
1722816000000,0.9247000,0.9343000,0.7012000,0.7897000,348906399,276403082.8219000,1480899,134448192.3308000
1722902400000,0.7897000,0.8992000,0.7872000,0.8471000,151951215,130061278.2601000,708777,64830096.5297000
1722988800000,0.8469000,0.9248000,0.7937000,0.8050000,151085656,129594814.7639000,718666,63053670.4522000
1723075200000,0.8050000,0.8920000,0.7838000,0.8860000,140632003,118283019.7820000,672928,58091585.2087000
1723161600000,0.8861000,0.8967000,0.8298000,0.8515000,99204897,85246977.6229000,524559,40697968.2758000
1723248000000,0.8515000,0.9190000,0.8322000,0.8980000,69468909,60015346.5114000,338832,30087768.1568000
1723334400000,0.8980000,0.9459000,0.8120000,0.8152000,124010101,110058641.2441000,564198,53141358.0913000
1723420800000,0.8153000,0.8969000,0.7953000,0.8618000,127620328,108864061.3437000,559239,53059615.0786000
1723507200000,0.8617000,0.8885000,0.8257000,0.8778000,68208378,58476382.3901000,353312,28721053.9149000
1723593600000,0.8778000,0.9232000,0.8555000,0.8739000,84836977,75167305.0062000,404202,36325525.9828000
1723680000000,0.8739000,0.8893000,0.8117000,0.8267000,91864155,77648380.6945000,413624,38410754.3201000
1723766400000,0.8267000,0.8755000,0.8047000,0.8266000,97644998,82011632.3159000,429385,38785166.5972000
1723852800000,0.8266000,0.8519000,0.8168000,0.8390000,45778373,38043130.9592000,223585,18860368.5556000
1723939200000,0.8390000,0.8481000,0.8132000,0.8151000,55558740,46325520.3913000,240484,22774659.6743000
1724025600000,0.8151000,0.9255000,0.8029000,0.9134000,135587574,115735046.2400000,497763,58526291.6185000
1724112000000,0.9136000,0.9263000,0.8633000,0.8710000,116463329,104321852.0600000,509755,51079469.0611000
1724198400000,0.8710000,0.9770000,0.8610000,0.9604000,105420370,96838737.9000000,499194,47852187.6905000
1724284800000,0.9605000,1.0478000,0.9430000,1.0148000,165377364,165130198.7548000,738440,82725289.2487000
1724371200000,1.0147000,1.2198000,1.0103000,1.2068000,181773299,201858351.0505000,956250,99073005.0370000
1724457600000,1.2069000,1.3020000,1.1996000,1.2662000,137864716,172846062.4745000,800234,85482258.1894000
1724544000000,1.2662000,1.3992000,1.1688000,1.3630000,200852231,257583632.5480000,1131881,127303853.1981000
1724630400000,1.3630000,1.3900000,1.2910000,1.3337000,216789457,291782859.4368000,1260154,146239250.2822000
1724716800000,1.3338000,1.4750000,1.2367000,1.2865000,310332246,419943027.6687000,1743117,210950166.9720000
1724803200000,1.2865000,1.3475000,1.1565000,1.1951000,354000961,442273536.0888000,1933091,219647186.7096000
1724889600000,1.1950000,1.2486000,1.1083000,1.1230000,214434360,254987747.0980000,1215116,123872502.4464000
1724976000000,1.1230000,1.1987000,1.0429000,1.1948000,200124056,223484285.5671000,1095516,108491542.3592000
1725062400000,1.1948000,1.2443000,1.1222000,1.1294000,149623950,176103139.5075000,831890,85463589.8768000
1725148800000,1.1293000,1.2177000,1.1233000,1.1379000,220061557,256277873.0232000,1135750,127443457.7385000
1725235200000,1.1379000,1.2413000,1.1029000,1.2335000,212417551,249177067.2155000,1195295,123748115.7370000
1725321600000,1.2334000,1.2648000,1.1150000,1.1206000,161313449,189734736.8018000,900364,92105348.0682000
1725408000000,1.1206000,1.1839000,1.0706000,1.1396000,175982367,197612409.1375000,956292,97766017.4306000
1725494400000,1.1396000,1.1488000,1.0682000,1.0795000,113788642,125670190.8661000,640162,60942248.0428000
1725580800000,1.0794000,1.1140000,1.0024000,1.0663000,171413096,182275482.7104000,859087,88178489.3560000
1725667200000,1.0664000,1.0884000,1.0477000,1.0649000,69640265,74328299.3415000,376257,36320787.0758000
1725753600000,1.0649000,1.1171000,1.0570000,1.1009000,72460988,78544424.7409000,374603,38380037.0518000
1725840000000,1.1010000,1.2336000,1.0924000,1.2038000,120025785,139192499.8581000,607827,69204006.8368000
1725926400000,1.2039000,1.3692000,1.1932000,1.3369000,211008839,272894260.0476000,1067661,136210213.0943000
1726012800000,1.3369000,1.3740000,1.2730000,1.3516000,259467100,341790453.5375000,1181728,169621055.2258000
1726099200000,1.3517000,1.4499000,1.3449000,1.3825000,260722079,365518694.4789000,1184967,178838098.1405000
1726185600000,1.3825000,1.3980000,1.3016000,1.3746000,190335287,256871918.7590000,888130,125515207.1333000
1726272000000,1.3745000,1.4137000,1.3296000,1.4067000,108860264,148310238.7637000,543545,71673684.2035000
1726358400000,1.4067000,1.4353000,1.3236000,1.3356000,134832457,187070885.2612000,698342,91445836.7349000
1726444800000,1.3356000,1.3363000,1.2503000,1.2623000,153297206,198792008.0261000,740841,96193752.0484000
1726531200000,1.2622000,1.3769000,1.2365000,1.3490000,153893428,203526070.3288000,731711,101209242.9114000
1726617600000,1.3491000,1.4555000,1.3070000,1.4521000,202222367,276155422.8056000,1028406,135776522.6919000
1726704000000,1.4521000,1.5773000,1.4434000,1.4884000,216430656,327425838.8540000,1087052,162798925.5982000
1726790400000,1.4886000,1.6488000,1.4696000,1.6300000,207940121,329119302.8112000,1085718,160132988.2845000
1726876800000,1.6301000,1.6768000,1.5672000,1.6293000,119161229,193439050.4712000,675945,95031037.3342000
1726963200000,1.6294000,1.6441000,1.5520000,1.6124000,143316031,228641884.2379000,724685,109380201.7450000
1727049600000,1.6125000,1.7233000,1.5568000,1.6452000,211163805,350062010.9123000,1112925,171450554.5198000
1727136000000,1.6452000,1.7366000,1.6015000,1.7019000,180957895,304872022.6378000,931130,150277204.0579000
1727222400000,1.7018000,1.7393000,1.6217000,1.6348000,158336624,266526365.1525000,798326,128292694.7170000
1727308800000,1.6348000,1.6998000,1.6028000,1.6284000,171208841,283303827.4013000,912254,134431710.4406000
1727395200000,1.6284000,1.7415000,1.5500000,1.6800000,206041975,343877057.2110000,1145684,163852955.3495000
1727481600000,1.6799000,1.6970000,1.5631000,1.5989000,137310121,220984713.0074000,823765,104331231.2472000
1727568000000,1.5990000,1.6420000,1.5563000,1.6191000,119614800,191837802.3136000,787150,92422399.4395000
1727654400000,1.6193000,1.6454000,1.5005000,1.5231000,179912078,283422353.4497000,1085381,133433494.5740000
1727740800000,1.5232000,1.6760000,1.4094000,1.4848000,288299976,445859665.7505000,1615421,215600049.1148000
1727827200000,1.4848000,1.5471000,1.3870000,1.4194000,201260286,294948114.2068000,1260045,139381227.0113000
1727913600000,1.4191000,1.4619000,1.3278000,1.3697000,161935577,223800942.8972000,1065297,105489130.5426000
1728000000000,1.3697000,1.4675000,1.3521000,1.4652000,146691873,206464982.4901000,916406,98790089.0440000
1728086400000,1.4652000,1.4838000,1.3591000,1.4047000,107946362,154519594.4550000,658190,74039276.7451000
1728172800000,1.4048000,1.4747000,1.3756000,1.4732000,93775410,133846698.0481000,597972,64036798.6155000
1728259200000,1.4732000,1.5556000,1.4567000,1.4694000,152379406,230405648.1010000,916547,110049196.4041000
1728345600000,1.4694000,1.5094000,1.4052000,1.4224000,111457348,160903306.4825000,770317,77990983.6605000
1728432000000,1.4223000,1.4527000,1.3145000,1.3418000,109419709,151267492.0010000,741496,70233918.8482000
1728518400000,1.3421000,1.3670000,1.2645000,1.3183000,121544623,159934041.8658000,737734,75268978.5772000
1728604800000,1.3183000,1.4278000,1.3066000,1.4117000,102043708,140414380.6668000,668643,68698154.1391000
1728691200000,1.4117000,1.5021000,1.3950000,1.4755000,96160574,139306078.0014000,608673,68321733.4781000
1728777600000,1.4759000,1.4903000,1.3818000,1.4187000,89819443,127962584.4995000,560641,60524057.4414000
1728864000000,1.4189000,1.5318000,1.3990000,1.5180000,135311869,201786556.6987000,846907,98022402.5091000
1728950400000,1.5181000,1.5299000,1.4100000,1.4654000,192394399,282777139.8913000,1214270,133639805.5220000
1729036800000,1.4655000,1.4781000,1.4046000,1.4268000,104638820,151210808.1963000,764618,71844051.1780000
1729123200000,1.4268000,1.4416000,1.3385000,1.3598000,86395707,119481578.0070000,593523,56250579.6069000
1729209600000,1.3598000,1.4331000,1.3524000,1.4318000,71305581,99771472.3967000,465370,48902120.0980000
1729296000000,1.4319000,1.4486000,1.3863000,1.4052000,51418201,72723241.1217000,332694,35658429.9957000
1729382400000,1.4052000,1.4700000,1.3671000,1.4641000,82462156,117445530.3410000,491096,54919902.2966000
1729468800000,1.4641000,1.4790000,1.3687000,1.3843000,83069811,117514434.0983000,523596,55042468.7440000
1729555200000,1.3842000,1.4129000,1.3330000,1.3555000,74398607,101693650.2975000,437859,47878437.9737000
1729641600000,1.3555000,1.3608000,1.2728000,1.3234000,74347258,98043010.6888000,439891,46314498.6853000
1729728000000,1.3234000,1.3930000,1.3142000,1.3421000,82766362,111588764.4509000,485339,54048170.9151000
1729814400000,1.3421000,1.3489000,1.1059000,1.2070000,139350807,174867906.2562000,637359,79659642.1081000
1729900800000,1.2069000,1.2501000,1.1820000,1.2358000,85257831,104004916.4354000,394700,48998365.8803000
1729987200000,1.2358000,1.2873000,1.2231000,1.2738000,47953380,60029532.4763000,267231,29230628.2073000
1730073600000,1.2739000,1.2936000,1.1834000,1.2802000,86358158,107283879.3989000,488471,53091081.5577000
1730160000000,1.2802000,1.3573000,1.2723000,1.3395000,84034766,111586660.4392000,545897,54894357.2515000
1730246400000,1.3395000,1.3416000,1.2759000,1.2981000,86463170,112768276.3591000,471128,54760264.1151000
1730332800000,1.2980000,1.3322000,1.2448000,1.2966000,145526667,188526222.4419000,748179,92407590.3191000
1730419200000,1.2967000,1.3174000,1.2111000,1.2314000,121075260,153072505.3380000,724256,72237634.0898000
1730505600000,1.2314000,1.2441000,1.1653000,1.1892000,57351969,68696505.5791000,348476,32967512.5731000
1730592000000,1.1891000,1.1938000,1.0874000,1.1425000,113927052,129530484.8060000,560352,61524189.2636000
1730678400000,1.1425000,1.1633000,1.0900000,1.1305000,84689043,96035198.1230000,432510,47605859.1079000
1730764800000,1.1305000,1.2707000,1.1190000,1.2540000,109206631,132477172.7016000,564475,63531475.9485000
1730851200000,1.2539000,1.4332000,1.2533000,1.4140000,196576802,268547770.6589000,1072159,131191671.5068000
1730937600000,1.4140000,1.4525000,1.3703000,1.4113000,106655947,150211556.2539000,666878,71070005.2724000
1731024000000,1.4114000,1.4356000,1.3414000,1.3973000,92248400,128273367.6427000,507310,60264151.9125000
1731110400000,1.3975000,1.4726000,1.3636000,1.4679000,88411680,124718468.2383000,502984,59392635.5322000
1731196800000,1.4678000,1.5680000,1.3928000,1.4447000,189921357,282847847.6396000,1122039,135676935.4549000
1731283200000,1.4447000,1.6046000,1.4321000,1.5820000,216325143,328402009.3780000,1353994,156049331.1659000
1731369600000,1.5819000,1.6484000,1.3606000,1.3791000,310460108,460379279.2019000,1882547,217768868.0855000
1731456000000,1.3792000,1.3942000,1.2082000,1.2680000,407527320,528840853.4421000,2005719,249043354.7432000
1731542400000,1.2680000,1.3706000,1.2130000,1.2311000,247894984,318043538.0799000,1478034,148912080.3635000
1731628800000,1.2312000,1.2987000,1.1903000,1.2846000,160287685,198971842.5624000,964284,92838130.4217000
1731715200000,1.2846000,1.3543000,1.2523000,1.3240000,173939181,226709073.2678000,921711,105741456.1890000
1731801600000,1.3241000,1.3344000,1.2341000,1.2592000,147197244,188772892.2585000,821288,89719764.2698000
1731888000000,1.2592000,1.3995000,1.2521000,1.3625000,235320252,310745239.7817000,1190435,150427084.6403000
1731974400000,1.3625000,1.3681000,1.2688000,1.2939000,127823714,167444666.0902000,744364,78659707.4636000
1732060800000,1.2937000,1.3200000,1.2103000,1.2364000,172572019,218848889.3002000,892153,102785697.3646000
1732147200000,1.2364000,1.3053000,1.1771000,1.2758000,187754577,234549047.0572000,945453,111136703.6579000
1732233600000,1.2758000,1.2966000,1.2129000,1.2855000,136542250,171288669.4360000,766862,82020606.0124000
1732320000000,1.2855000,1.4595000,1.2760000,1.4277000,299775395,413220293.4171000,1683984,195388892.8732000
1732406400000,1.4277000,1.5729000,1.3681000,1.5331000,355854274,525682799.2681000,1950674,250264176.2587000
1732492800000,1.5331000,1.5729000,1.3992000,1.4328000,240252650,356910118.2376000,1449468,169717037.1605000
1732579200000,1.4326000,1.4717000,1.3000000,1.3786000,210010880,288164973.2960000,1202546,130668501.9161000
1732665600000,1.3786000,1.5149000,1.3514000,1.5081000,170866810,246271387.1291000,1023667,116356201.4483000
1732752000000,1.5081000,1.7529000,1.4511000,1.6788000,336994482,537649580.7500000,1832709,256205485.9627000
1732838400000,1.6788000,1.7283000,1.5909000,1.7234000,254950917,416991014.2801000,1288048,195971036.3586000
1732924800000,1.7235000,1.9556000,1.6958000,1.9140000,283627411,519416827.3515000,1764680,247242668.0787000
1733011200000,1.9141000,1.9152000,1.7903000,1.8433000,181592346,336255496.6553000,1200472,157074996.3308000
1733097600000,1.8433000,1.9548000,1.7072000,1.9415000,253804729,458340231.8318000,1645107,214646815.3002000
1733184000000,1.9415000,1.9769000,1.7733000,1.9125000,247595717,467796815.3476000,1684081,217345658.7974000
1733270400000,1.9125000,2.0300000,1.8368000,1.8639000,205364968,397409268.7445000,1378531,189620392.5437000
1733356800000,1.8639000,2.0893000,1.7801000,1.9548000,271115973,524073593.5483000,1731466,245289370.5986000
1733443200000,1.9548000,2.1985000,1.9182000,2.1385000,246837599,513656439.2433000,1656056,247991086.9704000
1733529600000,2.1385000,2.1431000,2.0618000,2.0662000,89708352,188192619.1024000,710722,89587723.3722000
1733616000000,2.0662000,2.0961000,2.0025000,2.0569000,76448117,156529126.6821000,596886,72117161.3454000
1733702400000,2.0569000,2.0576000,1.4836000,1.7067000,299838288,537373672.4397000,1759496,238802497.7071000
1733788800000,1.7065000,1.8003000,1.5656000,1.6807000,265307268,444766388.6389000,1824346,214079522.5019000
1733875200000,1.6806000,1.8361000,1.6270000,1.8200000,130257092,227250767.8530000,1063232,111546186.0267000
1733961600000,1.8199000,1.8984000,1.7588000,1.7864000,130085313,238502015.0973000,1047085,113590164.7515000
1734048000000,1.7865000,1.8099000,1.7370000,1.8053000,90223933,160516536.7606000,749950,77148169.1201000
1734134400000,1.8053000,1.8242000,1.6814000,1.7306000,97017359,169066939.8022000,725257,81335713.5258000
1734220800000,1.7307000,1.8188000,1.6615000,1.8097000,92576707,161051066.1643000,711970,77495298.7789000
1734307200000,1.8096000,1.8280000,1.6889000,1.7139000,108729657,189481221.1998000,845124,91982998.4928000
1734393600000,1.7139000,1.7194000,1.5855000,1.6108000,131899316,218765439.2833000,900319,106335649.1200000
1734480000000,1.6108000,1.6244000,1.4010000,1.4318000,221790136,340173143.0165000,1213130,163076198.6187000
1734566400000,1.4317000,1.4516000,1.2474000,1.3022000,271909444,370037123.1844000,1836023,173678456.7974000
1734652800000,1.3021000,1.3906000,1.1234000,1.3748000,261380271,327384120.8102000,1817491,155293997.8916000
1734739200000,1.3747000,1.4326000,1.2323000,1.2662000,163246674,215547885.2377000,1139985,104010304.6832000
1734825600000,1.2662000,1.3053000,1.2149000,1.2548000,138642758,174879391.5807000,944755,85825711.9437000
1734912000000,1.2547000,1.3960000,1.2249000,1.3724000,137953174,178310006.6920000,1073275,90820402.3745000
1734998400000,1.3723000,1.4270000,1.3277000,1.3941000,91766840,126003287.5964000,813446,62372029.0410000
1735084800000,1.3940000,1.4007000,1.3253000,1.3490000,73912984,100523059.6817000,597366,47483888.6088000
1735171200000,1.3491000,1.3633000,1.2479000,1.2658000,77688095,100043451.0843000,603537,48536339.2277000
1735257600000,1.2657000,1.3666000,1.2560000,1.3166000,104189755,136692007.4267000,742824,66236339.9427000
1735344000000,1.3166000,1.3750000,1.2829000,1.3624000,72565797,96412384.5216000,573601,46952085.6850000
1735430400000,1.3628000,1.3823000,1.2853000,1.2953000,62319368,82757240.2291000,444943,39536614.6229000
1735516800000,1.2952000,1.3616000,1.2460000,1.2874000,91567897,119381619.4550000,739516,56764396.6481000
1735603200000,1.2875000,1.3324000,1.2513000,1.2713000,81801941,105059919.8801000,609939,51313575.4738000
1735689600000,1.2714000,1.3239000,1.2332000,1.3185000,66150722,84238726.1065000,485900,41257740.0474000
1735776000000,1.3184000,1.4248000,1.3161000,1.3843000,88514096,122958130.2882000,656222,60847773.1854000
1735862400000,1.3844000,1.5142000,1.3753000,1.5001000,100924926,146431679.2742000,762484,70642572.4545000
1735948800000,1.4998000,1.5247000,1.4650000,1.4889000,72636508,108378994.6559000,492046,52505592.2430000
1736035200000,1.4888000,1.6214000,1.4469000,1.6077000,116847877,178022792.4088000,775432,87017206.1552000
1736121600000,1.6076000,1.6538000,1.5574000,1.5708000,126528096,202021127.8350000,892672,92977839.1713000
1736208000000,1.5709000,1.5803000,1.4045000,1.4119000,138869498,208100269.5538000,910903,98179715.0326000
1736294400000,1.4119000,1.4290000,1.2617000,1.3353000,164858332,220584348.4777000,961313,103651289.3130000
1736380800000,1.3353000,1.3524000,1.2574000,1.2930000,143895917,187596158.3368000,892254,91224490.2747000
1736467200000,1.2932000,1.3701000,1.2746000,1.3271000,109788061,145033464.2794000,699894,71707710.9958000
1736553600000,1.3271000,1.3592000,1.2904000,1.3175000,70033589,92715772.9434000,468716,44619361.8361000
1736640000000,1.3175000,1.3287000,1.2771000,1.2984000,61272745,80122997.7706000,394702,37419648.1429000
1736726400000,1.2985000,1.3397000,1.1388000,1.2417000,180053104,219040239.4985000,1034420,102902250.0846000
1736812800000,1.2418000,1.3133000,1.2326000,1.3042000,76843809,97549129.9113000,466427,49240085.7391000
1736899200000,1.3043000,1.3875000,1.2553000,1.3669000,110505991,146145207.9832000,713901,71778353.1226000
1736985600000,1.3669000,1.3729000,1.3025000,1.3341000,105306040,141399237.8000000,680046,69461385.8382000
1737072000000,1.3341000,1.4263000,1.3326000,1.4051000,103817221,143742525.3936000,619102,69438664.7399000
1737158400000,1.4052000,1.4361000,1.2811000,1.3084000,111139683,149217512.2053000,731036,72036494.4582000
1737244800000,1.3085000,1.3288000,1.1475000,1.1728000,192462597,237862433.2863000,1171490,114045212.7680000
1737331200000,1.1728000,1.3797000,1.1172000,1.1853000,220276584,265868890.7356000,1445294,130799376.3716000
1737417600000,1.1856000,1.3274000,1.1272000,1.3059000,132051138,161948506.0778000,965794,78111719.9443000
1737504000000,1.3059000,1.3427000,1.2664000,1.2800000,112884863,147314899.4454000,832206,68979546.5505000
1737590400000,1.2799000,1.2809000,1.1934000,1.2430000,128726738,159045155.7348000,850427,78125124.8123000
1737676800000,1.2431000,1.2640000,1.1952000,1.2259000,84467526,104083688.6809000,592022,50921044.6944000
1737763200000,1.2259000,1.2387000,1.1700000,1.2074000,59500377,71708086.5033000,397470,34093392.3176000
1737849600000,1.2074000,1.2360000,1.1763000,1.1779000,71065208,85888935.8314000,478574,40710945.6642000
1737936000000,1.1779000,1.1860000,1.0521000,1.1179000,149259614,164439424.8698000,967014,75784564.3872000
1738022400000,1.1180000,1.1278000,0.9601000,0.9784000,124618589,129361439.2303000,690074,62357601.7037000
1738108800000,0.9785000,1.0345000,0.9485000,0.9917000,157493895,155689041.5861000,925069,74893298.6904000
1738195200000,0.9918000,1.0662000,0.9771000,1.0456000,102505475,105956903.6985000,592731,51677691.2632000
1738281600000,1.0456000,1.0873000,1.0191000,1.0285000,105061549,110321534.7103000,635910,52149917.2976000
1738368000000,1.0285000,1.0514000,0.9330000,0.9346000,87380425,87428689.7996000,551202,40895074.3934000
1738454400000,0.9346000,0.9570000,0.7684000,0.8217000,237927596,206606031.4702000,1245415,98164239.1212000
1738540800000,0.8218000,0.8826000,0.5944000,0.8625000,412382873,301625496.1996000,1971365,147685852.2457000
1738627200000,0.8624000,0.8671000,0.7559000,0.7875000,192632309,153130053.5997000,1018656,75447604.3093000
1738713600000,0.7875000,0.8045000,0.7435000,0.7617000,101131905,78653021.1515000,558525,39348566.5019000
1738800000000,0.7616000,0.7801000,0.7062000,0.7125000,107095031,79315101.5330000,573677,38207141.4509000
1738886400000,0.7126000,0.7917000,0.6977000,0.7276000,132018387,98018444.7540000,663654,48794631.3033000
1738972800000,0.7277000,0.7404000,0.6869000,0.7344000,90983538,65065789.7906000,460568,31840903.6502000
1739059200000,0.7345000,0.7801000,0.7218000,0.7682000,103873576,78388455.0567000,501519,38765390.7590000
1739145600000,0.7682000,0.8070000,0.7397000,0.7688000,123037731,95915353.7789000,568616,48717117.1670000
1739232000000,0.7688000,0.8274000,0.7491000,0.7587000,130337886,102869614.2507000,609315,49468240.9231000
1739318400000,0.7587000,0.8371000,0.7129000,0.8224000,152498707,116002297.8341000,664159,55940188.6662000
1739404800000,0.8223000,0.8340000,0.7605000,0.7769000,98227588,77561876.1179000,488980,39584778.4770000
1739491200000,0.7769000,0.8397000,0.7692000,0.8089000,89472452,72044110.1803000,433483,34337333.3902000
1739577600000,0.8090000,0.8135000,0.7581000,0.7708000,70189250,54817865.9785000,332423,26660259.3734000
1739664000000,0.7708000,0.8114000,0.7559000,0.7786000,81404301,63692038.3471000,373835,29886536.6775000
1739750400000,0.7786000,0.8116000,0.7369000,0.7577000,110523501,85883423.2615000,581396,42143007.1791000
1739836800000,0.7578000,0.7783000,0.7064000,0.7297000,92910282,68485694.1520000,521708,32875881.4932000
1739923200000,0.7297000,0.7485000,0.7113000,0.7227000,78536016,57330404.3880000,358317,27718545.0341000
1740009600000,0.7229000,0.7888000,0.7188000,0.7746000,98830511,74173550.8098000,433794,37004222.8435000
1740096000000,0.7745000,0.8240000,0.7400000,0.7529000,124449352,97228773.6570000,629844,47669053.2163000
1740182400000,0.7529000,0.8053000,0.7449000,0.7877000,85078027,66880982.0884000,434692,32334367.0056000
1740268800000,0.7876000,0.7896000,0.7446000,0.7567000,76642264,58626407.7635000,360233,28175016.1388000
1740355200000,0.7566000,0.7775000,0.6515000,0.6674000,142136537,103225775.9516000,637565,48094043.2377000
1740441600000,0.6673000,0.6762000,0.6169000,0.6633000,208707548,135147137.5643000,914101,65281750.1134000
1740528000000,0.6633000,0.6822000,0.6289000,0.6605000,153435846,100825455.6454000,646087,47392652.7402000
1740614400000,0.6606000,0.6752000,0.6265000,0.6557000,122234593,80267716.5811000,523594,39543001.4035000
1740700800000,0.6557000,0.6589000,0.5979000,0.6531000,138966054,87059614.4902000,609815,40644441.9554000
1740787200000,0.6532000,0.6612000,0.6232000,0.6397000,79206823,50694939.4354000,325795,24963656.8385000
1740873600000,0.6398000,0.7763000,0.6363000,0.7474000,141706997,98323168.4157000,582631,47826656.2545000
1740960000000,0.7473000,0.7514000,0.6046000,0.6167000,148014725,100872791.0164000,700644,48406936.4813000
1741046400000,0.6167000,0.6194000,0.5499000,0.5863000,225958117,132318689.3706000,867013,63538679.0507000
1741132800000,0.5862000,0.6196000,0.5791000,0.6185000,112032975,67217952.4596000,442274,33358730.4995000
1741219200000,0.6186000,0.6596000,0.6117000,0.6296000,138400971,87863128.4919000,581044,42129114.1134000
1741305600000,0.6296000,0.6381000,0.5766000,0.5830000,160033168,96924097.7355000,666051,47159824.4160000
1741392000000,0.5830000,0.6282000,0.5713000,0.6017000,139125311,82958255.9784000,489340,39237123.8807000
1741478400000,0.6017000,0.6032000,0.5000000,0.5271000,243833750,132067915.0024000,743462,62478809.9039000
1741564800000,0.5273000,0.5583000,0.4607000,0.4614000,231091714,118416415.0308000,798739,57488198.9151000
1741651200000,0.4615000,0.4970000,0.4207000,0.4812000,303026097,139122169.3152000,977620,69017601.2415000
1741737600000,0.4812000,0.5213000,0.4607000,0.5024000,185855245,90577618.4989000,604165,43874446.6379000
1741824000000,0.5024000,0.5136000,0.4738000,0.4968000,153375714,75724380.3479000,480685,37999361.6127000
1741910400000,0.4968000,0.5236000,0.4935000,0.5174000,125110410,63750357.0694000,372955,31332098.2550000
1741996800000,0.5174000,0.5329000,0.5046000,0.5249000,112877670,58581615.3132000,328900,29043752.3600000
1742083200000,0.5250000,0.5440000,0.5003000,0.5061000,120903851,62791288.9963000,393853,30026926.4689000
1742169600000,0.5061000,0.5361000,0.5051000,0.5229000,77042501,40010262.3735000,282328,19050301.6750000
1742256000000,0.5230000,0.5243000,0.4903000,0.5137000,80553980,40651352.6862000,314356,19585181.0174000
1742342400000,0.5137000,0.5497000,0.5106000,0.5490000,93287792,49688572.1930000,349934,24306538.2239000
1742428800000,0.5488000,0.5525000,0.5173000,0.5230000,71845811,38171748.5623000,277771,18345944.0660000
1742515200000,0.5229000,0.5335000,0.4975000,0.5015000,79695090,40757115.7334000,279716,19142770.8549000
1742601600000,0.5014000,0.5250000,0.5007000,0.5132000,71378218,36642827.6241000,250775,17114653.8777000
1742688000000,0.5131000,0.5223000,0.5034000,0.5194000,67442313,34680742.6261000,232859,18406483.3561000
1742774400000,0.5195000,0.5574000,0.5114000,0.5522000,104223559,56502939.7712000,346256,29392357.7567000
1742860800000,0.5522000,0.5702000,0.5442000,0.5655000,79078561,44246490.0047000,271308,22284582.0927000
1742947200000,0.5656000,0.5835000,0.5414000,0.5512000,90221459,50625017.5027000,309263,24699544.0351000
1743033600000,0.5512000,0.5649000,0.5347000,0.5486000,74854323,41167398.2200000,254748,21078194.0022000
1743120000000,0.5486000,0.5546000,0.4995000,0.5091000,100074689,51681549.9112000,324031,25479886.1217000
1743206400000,0.5090000,0.5127000,0.4625000,0.4699000,83718596,40486144.4260000,297669,19555196.9767000
1743292800000,0.4699000,0.4817000,0.4600000,0.4683000,62154650,29386573.3776000,217565,14406149.2222000
1743379200000,0.4684000,0.4737000,0.4431000,0.4535000,105380212,48258743.4528000,324556,23979706.3362000
1743465600000,0.4535000,0.4884000,0.4532000,0.4687000,127239435,60178067.1585000,344430,29381493.3964000
1743552000000,0.4688000,0.4789000,0.4245000,0.4302000,142011627,64454195.4483000,415635,31856018.2425000
1743638400000,0.4302000,0.4519000,0.4103000,0.4351000,113564677,48803343.5580000,342018,23607919.2578000
1743724800000,0.4351000,0.4477000,0.4207000,0.4437000,113076924,49221927.6007000,302635,24199900.9939000
1743811200000,0.4436000,0.4487000,0.4260000,0.4331000,59006842,25643652.3210000,164775,12358963.3616000
1743897600000,0.4332000,0.4334000,0.3760000,0.3842000,150823613,60431847.1962000,370755,29031961.8629000
1743984000000,0.3843000,0.4055000,0.3443000,0.3918000,319697463,119162219.1489000,727032,58451115.2162000
1744070400000,0.3917000,0.4038000,0.3758000,0.3791000,127796206,49784464.7926000,332302,24059483.2419000
1744156800000,0.3791000,0.4454000,0.3621000,0.4443000,180025464,71807316.2999000,494722,35474637.4951000
1744243200000,0.4442000,0.4448000,0.4061000,0.4199000,124127560,52546475.7812000,346064,26096595.9595000
1744329600000,0.4198000,0.4527000,0.4184000,0.4467000,93894195,41168089.4671000,274217,20722550.2473000
1744416000000,0.4467000,0.4905000,0.4428000,0.4852000,96605152,45335925.2778000,265885,21682236.2419000
1744502400000,0.4852000,0.5393000,0.4740000,0.4953000,243115205,123153224.9781000,628193,61017834.5732000
1744588800000,0.4954000,0.5146000,0.4809000,0.4857000,169604346,84061398.4849000,451496,40852650.1216000
1744675200000,0.4856000,0.4910000,0.4532000,0.4594000,139368148,65739510.0298000,376644,32978707.6387000
1744761600000,0.4594000,0.4683000,0.4431000,0.4582000,110434433,50634343.0930000,298887,24123822.9544000
1744848000000,0.4581000,0.5064000,0.4565000,0.4970000,124157772,59905449.7616000,327659,29926953.7229000
1744934400000,0.4969000,0.5197000,0.4906000,0.5042000,130360369,66062900.7333000,377052,32932015.3746000
1745020800000,0.5042000,0.5713000,0.5036000,0.5562000,163369937,88692446.3118000,454452,44274550.4898000
1745107200000,0.5562000,0.6222000,0.5519000,0.6018000,253310749,149710057.9733000,707465,75821488.3966000
1745193600000,0.6018000,0.6543000,0.5850000,0.6054000,281862774,173475026.7444000,840798,84086004.7897000
1745280000000,0.6054000,0.6395000,0.5785000,0.6391000,218904902,131940476.0333000,654891,64691873.9975000
1745366400000,0.6392000,0.6468000,0.6051000,0.6222000,173393011,108734985.1661000,542884,52910641.5720000
1745452800000,0.6222000,0.7193000,0.6063000,0.7144000,271361411,181359639.7517000,922216,89580005.3189000
1745539200000,0.7144000,0.7535000,0.6708000,0.7507000,198815824,139379305.0769000,684464,69736553.2656000
1745625600000,0.7507000,0.8057000,0.7379000,0.7795000,201323797,155335586.2636000,778126,76758101.7594000
1745712000000,0.7796000,0.7983000,0.7102000,0.7122000,168105773,127367750.0296000,729030,59742639.7826000
1745798400000,0.7122000,0.7390000,0.6862000,0.7166000,180760409,129629891.0817000,677421,65134254.9868000
1745884800000,0.7166000,0.7444000,0.6868000,0.7025000,123868095,88821385.8477000,503832,42252453.8296000
1745971200000,0.7025000,0.7418000,0.6789000,0.7374000,141541437,101173295.8706000,558702,48574233.0629000
1746057600000,0.7374000,0.7880000,0.7272000,0.7304000,140371907,106338533.7931000,625475,51539824.8873000
1746144000000,0.7304000,0.7399000,0.7010000,0.7099000,100639859,72209287.2584000,466003,34230687.8534000
1746230400000,0.7099000,0.7140000,0.6715000,0.6833000,83129610,57596430.9755000,370498,27061623.5376000
1746316800000,0.6833000,0.6961000,0.6469000,0.6574000,92557880,62308406.7273000,390738,29609663.8287000
1746403200000,0.6575000,0.6785000,0.6423000,0.6628000,109462112,72130930.4625000,417680,35354307.2523000
1746489600000,0.6628000,0.6900000,0.6320000,0.6804000,132408906,86790608.9657000,469668,42543087.3174000
1746576000000,0.6804000,0.7146000,0.6556000,0.6746000,129336374,88461409.5023000,482527,44166077.8269000
1746662400000,0.6745000,0.7926000,0.6745000,0.7792000,175600022,129672470.4084000,620002,63259591.3858000
1746748800000,0.7791000,0.8789000,0.7591000,0.8281000,202663386,168047152.6325000,910186,80911524.9605000
1746835200000,0.8280000,0.9075000,0.8232000,0.9072000,159993264,137638899.9324000,677116,67280705.6647000
1746921600000,0.9071000,0.9088000,0.8305000,0.8513000,125161282,108175747.2102000,601404,51653338.3560000
1747008000000,0.8513000,0.9142000,0.7966000,0.8306000,167537253,143976925.3549000,818202,69923427.0839000
1747094400000,0.8306000,0.9057000,0.7899000,0.8916000,159507727,133881321.4781000,695072,64321667.4758000
1747180800000,0.8916000,0.8941000,0.8201000,0.8297000,127039904,108143194.4376000,586076,51185713.1901000
1747267200000,0.8297000,0.8393000,0.7501000,0.7809000,197798075,155801433.6569000,709100,74338259.1019000
1747353600000,0.7808000,0.8079000,0.7535000,0.7640000,100781055,79188762.3396000,427101,37504322.3838000
1747440000000,0.7641000,0.7674000,0.7340000,0.7456000,104027418,78024524.0238000,416586,37811757.4453000
1747526400000,0.7457000,0.7999000,0.7183000,0.7782000,137066238,104119234.1073000,488686,49747911.7630000
1747612800000,0.7782000,0.7838000,0.7043000,0.7359000,124223045,90848066.5449000,479966,43892223.4174000
1747699200000,0.7362000,0.7580000,0.7104000,0.7527000,123087837,90294734.1142000,454871,43042191.9133000
1747785600000,0.7528000,0.8310000,0.7416000,0.8046000,203779949,160434825.9619000,719715,79221708.2622000
1747872000000,0.8049000,0.9109000,0.8039000,0.8841000,203573111,174083766.3973000,810881,85435296.7425000
1747958400000,0.8841000,0.9898000,0.8410000,0.8466000,384031686,353144071.8891000,1622180,169659389.1357000
1748044800000,0.8467000,0.8766000,0.8361000,0.8530000,134557966,115521606.8820000,645314,56049957.9797000
1748131200000,0.8531000,0.8676000,0.7941000,0.8478000,145650169,120014234.7523000,597733,58042913.7815000
1748217600000,0.8478000,0.9377000,0.8363000,0.8690000,221685699,198758421.4112000,910380,96368404.4081000
1748304000000,0.8691000,0.9309000,0.8470000,0.8902000,164738482,147466456.1794000,746207,71698156.8873000
1748390400000,0.8901000,0.9249000,0.8570000,0.9141000,174500976,154896757.3548000,719109,75914159.8081000
1748476800000,0.9142000,0.9313000,0.8466000,0.8527000,123049624,109345555.7083000,587734,52427602.2880000
1748563200000,0.8526000,0.8563000,0.7384000,0.7456000,180240113,145243558.4317000,738623,67016041.2692000
1748649600000,0.7456000,0.7722000,0.7103000,0.7547000,128205770,94494266.6694000,584960,44402378.7398000
1748736000000,0.7547000,0.7740000,0.7209000,0.7611000,95085645,70997717.7343000,421274,34681904.2767000
1748822400000,0.7611000,0.7866000,0.7229000,0.7820000,125707255,94278502.4589000,542230,47187110.2268000
1748908800000,0.7820000,0.8459000,0.7718000,0.8214000,152208175,123109840.6957000,649314,61823129.5383000
1748995200000,0.8215000,0.8420000,0.7839000,0.7961000,116771271,95103230.3115000,538501,47068052.1558000
1749081600000,0.7962000,0.8170000,0.7126000,0.7220000,166180391,126928975.7715000,684412,60027190.6644000
1749168000000,0.7221000,0.7572000,0.7083000,0.7185000,123493471,90392409.5276000,503064,44501375.5601000
1749254400000,0.7185000,0.7767000,0.7167000,0.7697000,89504371,67837735.5277000,382347,33965700.3945000
1749340800000,0.7697000,0.7759000,0.7357000,0.7421000,86260186,65141705.1140000,329458,32038019.5455000
1749427200000,0.7420000,0.8059000,0.7299000,0.7944000,146800272,113438603.2037000,534896,57938258.3873000
1749513600000,0.7944000,0.8241000,0.7759000,0.8169000,130709856,104630050.7366000,526667,50401440.2461000
1749600000000,0.8170000,0.8363000,0.7655000,0.7756000,202214774,161951003.9433000,734663,80372153.9215000
1749686400000,0.7757000,0.7768000,0.7142000,0.7173000,165828919,122793876.6487000,578239,56216831.6312000
1749772800000,0.7173000,0.7179000,0.6451000,0.6763000,218040612,145083142.8676000,811276,69308595.9104000
1749859200000,0.6763000,0.6803000,0.6490000,0.6654000,96305169,64123389.9560000,455885,29879102.3924000
1749945600000,0.6654000,0.7036000,0.6652000,0.6975000,105322309,71865112.5789000,385866,34929381.1994000
1750032000000,0.6974000,0.7405000,0.6883000,0.6934000,123716415,88924709.6298000,483439,43679092.1123000
1750118400000,0.6933000,0.6954000,0.6402000,0.6532000,168785334,113370991.7460000,595655,54653692.4041000
1750204800000,0.6533000,0.6776000,0.6333000,0.6720000,119994780,78598797.4953000,445362,38465038.7200000
1750291200000,0.6720000,0.7044000,0.6641000,0.6776000,166376345,113765857.1479000,514995,57290344.6621000
1750377600000,0.6777000,0.6994000,0.6318000,0.6469000,139057489,92870321.4574000,473552,44978784.4390000
1750464000000,0.6470000,0.6596000,0.5924000,0.6089000,108278782,67947404.5796000,383893,31990953.9234000
1750550400000,0.6088000,0.6217000,0.5481000,0.5830000,197009231,114605640.7064000,591823,53613098.7057000
1750636800000,0.5831000,0.6916000,0.5756000,0.6856000,186715993,114851875.5306000,570213,59119767.2026000
1750723200000,0.6857000,0.7172000,0.6584000,0.6777000,174513323,119237488.5972000,603571,59705726.4288000
1750809600000,0.6778000,0.6836000,0.6518000,0.6573000,98889681,66064970.3317000,398879,32166280.3029000
1750896000000,0.6574000,0.6829000,0.6420000,0.6636000,112328270,73962821.7580000,422557,36348216.0347000
1750982400000,0.6635000,0.6838000,0.6484000,0.6722000,123022251,82032545.5361000,482215,39278040.1826000
1751068800000,0.6723000,0.6910000,0.6611000,0.6852000,58647536,39446579.5327000,260174,19715594.7491000
1751155200000,0.6853000,0.7216000,0.6731000,0.7111000,89937020,62269770.7793000,327525,30367645.4969000
1751241600000,0.7112000,0.7142000,0.6626000,0.6769000,107064238,73385674.1069000,440696,34746842.5824000
1751328000000,0.6769000,0.6846000,0.6530000,0.6661000,97008908,64548832.4972000,395926,32912385.1660000
1751414400000,0.6661000,0.7253000,0.6534000,0.7118000,123876395,86334265.1019000,502390,44022268.1192000
1751500800000,0.7118000,0.7478000,0.6994000,0.7235000,129994024,94067187.5100000,461927,47015639.7726000
1751587200000,0.7234000,0.7306000,0.6653000,0.6737000,103839972,71556157.3517000,448691,31606402.1268000
1751673600000,0.6737000,0.6770000,0.6522000,0.6616000,77723505,51817915.5942000,310977,24202637.4330000
1751760000000,0.6617000,0.6959000,0.6461000,0.6808000,93221072,62172806.8941000,354210,31079306.7317000
1751846400000,0.6808000,0.6886000,0.6570000,0.6704000,84003331,56363377.8840000,315476,27612129.0076000
1751932800000,0.6705000,0.6864000,0.6609000,0.6742000,83552981,56112537.0839000,342670,28408561.5502000
1752019200000,0.6742000,0.7146000,0.6625000,0.7041000,106188581,72844212.7394000,402406,36989708.3532000
1752105600000,0.7042000,0.7542000,0.6901000,0.7464000,149520663,106637319.4655000,476422,54140698.9842000
1752192000000,0.7463000,0.7732000,0.7032000,0.7152000,215928748,160217313.5967000,685972,80870650.6369000
1752278400000,0.7153000,0.7268000,0.6685000,0.6880000,136907422,95228546.7005000,547700,43545700.3593000
1752364800000,0.6880000,0.7408000,0.6850000,0.7317000,132058250,94623708.0489000,538943,45687743.0444000
1752451200000,0.7318000,0.7561000,0.7021000,0.7103000,172424512,126184293.2808000,638458,62165879.1151000
1752537600000,0.7103000,0.7556000,0.6772000,0.7501000,235253201,166929740.7761000,730572,82226536.3287000
1752624000000,0.7502000,0.7905000,0.7302000,0.7773000,205689709,157055854.9199000,727628,78824164.3545000
1752710400000,0.7773000,0.7881000,0.7464000,0.7689000,188268585,144467420.8728000,672808,71427448.5868000
1752796800000,0.7690000,0.8375000,0.7396000,0.7586000,236466499,186986509.8422000,816301,90131840.4167000
1752883200000,0.7587000,0.7976000,0.7387000,0.7823000,115309614,88322144.5681000,487293,43871399.0311000
1752969600000,0.7824000,0.8188000,0.7746000,0.8016000,135766643,108669660.1579000,503000,53194330.8007000
1753056000000,0.8016000,0.8850000,0.7818000,0.8421000,203515589,170485513.8999000,757655,84012829.3355000
1753142400000,0.8421000,0.8560000,0.7747000,0.8240000,235661034,189887693.4685000,830973,86704448.4545000
1753228800000,0.8241000,0.8247000,0.7193000,0.7471000,221256532,168138403.9202000,772854,76560522.7166000
1753315200000,0.7472000,0.7755000,0.7095000,0.7220000,191929795,142274560.6632000,717751,67681419.6356000
1753401600000,0.7220000,0.7405000,0.7019000,0.7399000,142775713,103126846.4729000,587444,49566038.0503000
1753488000000,0.7399000,0.7416000,0.7279000,0.7314000,71695859,52719304.2345000,297042,26333490.8832000
1753574400000,0.7314000,0.7591000,0.7258000,0.7558000,87189833,64439057.9996000,358818,32775997.2000000
1753660800000,0.7558000,0.7864000,0.7027000,0.7156000,190128430,141358585.2452000,673051,66246214.4317000
1753747200000,0.7156000,0.7303000,0.6880000,0.7081000,153283241,109080822.4237000,562048,51956371.0593000
1753833600000,0.7081000,0.7157000,0.6557000,0.6865000,154838565,105984929.5218000,548653,51807608.8665000
1753920000000,0.6864000,0.7076000,0.6631000,0.6693000,99824685,68663502.7946000,399290,33692840.8985000
1754006400000,0.6693000,0.6739000,0.6200000,0.6367000,168549188,109455218.3075000,608900,50457336.9843000
1754092800000,0.6367000,0.6439000,0.6025000,0.6152000,98596278,61355849.7014000,398053,27987141.8266000
1754179200000,0.6152000,0.6386000,0.6065000,0.6345000,55616320,34900978.1547000,257563,16869591.2159000
1754265600000,0.6344000,0.6690000,0.6336000,0.6662000,78972215,51448702.5414000,349801,25477067.1959000
1754352000000,0.6663000,0.6670000,0.6286000,0.6462000,97444457,63343401.3252000,369213,30270999.8157000
1754438400000,0.6461000,0.6566000,0.6285000,0.6488000,72950527,46935954.5476000,296155,22325414.2820000
1754524800000,0.6489000,0.6908000,0.6459000,0.6880000,101127560,68062957.7520000,340301,34694925.1444000
1754611200000,0.6881000,0.7101000,0.6798000,0.7038000,85713509,59407661.3959000,354778,30875314.3580000
1754697600000,0.7039000,0.7275000,0.7000000,0.7184000,82660900,58998969.8178000,359402,30943899.4796000
1754784000000,0.7185000,0.7297000,0.6929000,0.7157000,83055768,59062171.6863000,307298,28067305.2213000
1754870400000,0.7158000,0.7443000,0.6781000,0.6865000,115976840,82434021.4482000,408107,37979996.6251000
1754956800000,0.6865000,0.7329000,0.6765000,0.7239000,102348028,72408569.0554000,366726,36036049.6195000
1755043200000,0.7240000,0.7646000,0.7156000,0.7516000,124759368,92224129.1648000,392654,45288401.8308000
1755129600000,0.7517000,0.7694000,0.6848000,0.7057000,166674049,120385332.0850000,543136,55846061.1749000
1755216000000,0.7057000,0.7186000,0.6760000,0.6989000,107902697,75466557.7847000,361965,36870995.3553000
1755302400000,0.6988000,0.7106000,0.6905000,0.7056000,55437535,38923771.5464000,214243,19072974.5774000
1755388800000,0.7056000,0.7333000,0.7003000,0.7012000,77711493,55533855.8709000,242507,26998183.8049000
1755475200000,0.7011000,0.7025000,0.6678000,0.6785000,104979265,71614576.2168000,374631,33689409.0309000
1755561600000,0.6785000,0.6881000,0.6591000,0.6619000,97894795,65734399.1910000,340442,30776869.4410000
1755648000000,0.6620000,0.6888000,0.6523000,0.6848000,80069915,53773094.0312000,297000,26446499.5181000
1755734400000,0.6848000,0.6865000,0.6615000,0.6636000,64847033,43494848.1058000,261877,20607110.0666000
1755820800000,0.6636000,0.7126000,0.6372000,0.7019000,192265144,130821517.0387000,515936,64820129.2800000
1755907200000,0.7020000,0.7028000,0.6742000,0.6909000,74484774,51124045.0325000,264245,25438004.6786000
1755993600000,0.6909000,0.7026000,0.6644000,0.6796000,117582471,79942818.2478000,349026,37682693.0981000
1756080000000,0.6795000,0.6853000,0.6134000,0.6226000,129232591,83420480.3487000,433165,36539881.3511000
1756166400000,0.6227000,0.6497000,0.6191000,0.6462000,80889114,51340568.2562000,308627,25520831.9498000
1756252800000,0.6462000,0.6510000,0.6325000,0.6376000,87459714,56170338.6804000,302507,25892567.6890000
1756339200000,0.6375000,0.6579000,0.6349000,0.6499000,66842981,43187707.9509000,252277,21521850.3294000
1756425600000,0.6500000,0.6528000,0.6085000,0.6176000,94165997,58789158.7354000,312143,27153894.6320000
1756512000000,0.6177000,0.6269000,0.6063000,0.6241000,43069185,26713728.9450000,167842,13055194.3978000
1756598400000,0.6242000,0.6347000,0.6123000,0.6125000,45821497,28646213.4965000,154840,13790172.5257000
1756684800000,0.6125000,0.6226000,0.5771000,0.5906000,93581720,56139694.7264000,300637,27161043.4480000
1756771200000,0.5907000,0.6178000,0.5865000,0.6165000,78103197,47006212.4079000,276290,24582585.2609000
1756857600000,0.6165000,0.6283000,0.6130000,0.6197000,52610281,32638437.1704000,308717,16647160.1662000
1756944000000,0.6198000,0.6227000,0.5891000,0.5930000,56390982,33951534.6393000,248179,14212235.1829000
1757030400000,0.5929000,0.6212000,0.5928000,0.6103000,70901721,43130461.6942000,274407,21767242.2888000
1757116800000,0.6103000,0.6142000,0.5972000,0.6036000,37652044,22727258.5890000,141486,10685319.6812000
1757203200000,0.6037000,0.6363000,0.6027000,0.6251000,64954092,40493571.7967000,248002,20866794.4956000
1757289600000,0.6251000,0.6611000,0.6238000,0.6492000,129496579,83734430.8975000,368284,41271426.2755000
1757376000000,0.6491000,0.6843000,0.6388000,0.6450000,163621165,107901313.7975000,503230,51444558.3630000
1757462400000,0.6450000,0.6628000,0.6378000,0.6569000,97188822,63259133.7262000,306536,30835721.9193000
1757548800000,0.6568000,0.6718000,0.6505000,0.6700000,74478518,49228613.7019000,230636,24548024.8242000
1757635200000,0.6700000,0.6843000,0.6592000,0.6820000,70575315,47438318.7169000,208365,23288503.9598000
1757721600000,0.6819000,0.6983000,0.6743000,0.6871000,68373309,46935933.0059000,218586,23256045.5556000
1757808000000,0.6871000,0.6886000,0.6512000,0.6591000,66041719,43996370.4138000,218618,19119162.0298000
1757894400000,0.6592000,0.6713000,0.6284000,0.6390000,92770784,59679404.9584000,288276,25927098.1548000
1757980800000,0.6391000,0.6499000,0.6265000,0.6434000,63425350,40708964.1732000,207056,18668403.0116000
1758067200000,0.6434000,0.6732000,0.6284000,0.6675000,100302073,64640188.5125000,279208,33085631.1497000
1758153600000,0.6675000,0.6800000,0.6619000,0.6727000,72547155,48725250.2596000,224878,24470262.2539000
1758240000000,0.6727000,0.6844000,0.6404000,0.6450000,102504594,68014678.4420000,291752,32069640.7499000
1758326400000,0.6451000,0.6558000,0.6384000,0.6424000,51475659,33216357.2038000,171544,16074448.3489000
1758412800000,0.6424000,0.6488000,0.6331000,0.6341000,53253926,34103283.0490000,179411,17060790.4726000
1758499200000,0.6339000,0.6378000,0.5628000,0.5989000,152063315,90603393.7519000,402426,40791982.4142000
1758585600000,0.5989000,0.6050000,0.5836000,0.5856000,83038536,49354541.0938000,235722,22577859.5079000
1758672000000,0.5856000,0.6029000,0.5749000,0.5914000,63513610,37597172.3096000,201138,18801166.7991000
1758758400000,0.5914000,0.5939000,0.5529000,0.5595000,135627574,77773707.6095000,340736,36283956.7247000
1758844800000,0.5596000,0.5850000,0.5554000,0.5822000,82491549,46927156.9449000,247013,23723852.6543000
1758931200000,0.5823000,0.5823000,0.5710000,0.5725000,40775370,23487575.2682000,126131,11423457.1605000
1759017600000,0.5726000,0.5833000,0.5591000,0.5803000,49074573,27951931.4232000,150426,14343507.8103000
1759104000000,0.5804000,0.5817000,0.5611000,0.5739000,70877899,40577959.1014000,189819,20049155.7125000
1759190400000,0.5740000,0.5772000,0.5002000,0.5444000,103799649,57515732.4886000,320453,25154353.5930000
1759276800000,0.5444000,0.5958000,0.5227000,0.5936000,181698858,101879059.5946000,500512,52525824.4788000
1759363200000,0.5937000,0.6136000,0.5798000,0.6073000,107647666,64199906.6807000,280430,33898398.9102000
1759449600000,0.6073000,0.6141000,0.5873000,0.5989000,81868162,48980940.1537000,271262,24249091.3390000
1759536000000,0.5990000,0.6023000,0.5746000,0.5878000,56793365,33214565.4726000,219275,15364425.2581000
1759622400000,0.5879000,0.6168000,0.5776000,0.5781000,91666342,54616648.7498000,307367,25597357.9005000
1759708800000,0.5782000,0.5987000,0.5725000,0.5845000,97615621,57079482.9212000,277300,26912611.5299000
1759795200000,0.5846000,0.5883000,0.5550000,0.5573000,120557947,68699034.0671000,299922,31659514.3928000
1759881600000,0.5573000,0.5634000,0.5465000,0.5547000,92903954,51530192.8371000,254936,23886557.2317000
1759968000000,0.5548000,0.5562000,0.4870000,0.4912000,210269794,108385465.8628000,485464,50457764.5608000
1760054400000,0.4911000,0.5018000,0.1152000,0.3461000,554092310,213126961.4564000,1055171,97727761.1650000
1760140800000,0.3461000,0.4285000,0.3438000,0.3655000,370642753,144051414.6718000,951085,70088706.5792000
1760227200000,0.3656000,0.4050000,0.3553000,0.3786000,271947031,103138351.5915000,661878,51128674.9239000
1760313600000,0.3786000,0.3878000,0.3616000,0.3691000,366049023,136704110.2470000,804793,66715085.8889000
1760400000000,0.3692000,0.3705000,0.3053000,0.3144000,508818803,169705727.8727000,907758,80331421.4505000
1760486400000,0.3144000,0.3247000,0.2867000,0.2904000,395105831,121306483.7026000,781821,60577766.7581000
1760572800000,0.2904000,0.2991000,0.2688000,0.2734000,341460796,97543166.2715000,613720,49473089.9014000
1760659200000,0.2734000,0.2783000,0.2530000,0.2684000,275679181,73677662.7175000,469232,36096463.3646000
1760745600000,0.2684000,0.2727000,0.2516000,0.2607000,189285312,49436241.7906000,286141,24084798.7904000
1760832000000,0.2606000,0.3075000,0.2545000,0.2897000,416159701,117887586.8368000,573242,58368766.4897000
1760918400000,0.2898000,0.3004000,0.2684000,0.2691000,338993781,96803930.2148000,531173,47019757.7327000
1761004800000,0.2692000,0.2722000,0.2432000,0.2439000,386594172,100579449.8305000,500033,47309434.9927000
1761091200000,0.2439000,0.2490000,0.2236000,0.2362000,335327381,80404208.2184000,434627,38617974.6550000
1761177600000,0.2362000,0.2576000,0.2332000,0.2515000,270956561,66663680.8833000,378989,34116814.4752000
1761264000000,0.2514000,0.2724000,0.2508000,0.2654000,256740802,67467581.1526000,404530,32924341.6047000
1761350400000,0.2653000,0.2661000,0.2541000,0.2592000,120879074,31389460.0674000,192454,14653081.6999000
1761436800000,0.2592000,0.2799000,0.2551000,0.2790000,170138227,45996020.1410000,261403,22542629.4216000
1761523200000,0.2789000,0.2818000,0.2622000,0.2641000,176416154,47957550.5936000,238775,22661267.8923000
1761609600000,0.2641000,0.2763000,0.2508000,0.2573000,221622990,58481951.7827000,290785,28206205.7801000
1761696000000,0.2572000,0.2733000,0.2552000,0.2619000,197443020,51832217.9092000,295492,24415849.6216000
1761782400000,0.2618000,0.2679000,0.2303000,0.2402000,243176807,59994977.6572000,324405,28982540.7233000
1761868800000,0.2401000,0.2440000,0.2312000,0.2361000,163426265,38980172.0878000,241867,19899856.4889000
1761955200000,0.2361000,0.2620000,0.2320000,0.2589000,194237756,48175843.7384000,282950,23619934.0454000
1762041600000,0.2589000,0.2739000,0.2368000,0.2459000,292700230,74193242.0990000,406805,35143469.5013000
1762128000000,0.2458000,0.2460000,0.2005000,0.2088000,406635554,89186483.2023000,462709,41443165.7633000
1762214400000,0.2088000,0.2159000,0.1939000,0.2114000,463568373,95432152.6984000,495209,47725534.0489000
1762300800000,0.2114000,0.2262000,0.2012000,0.2238000,257066175,55237654.7934000,315824,27256001.6254000
1762387200000,0.2238000,0.2334000,0.2105000,0.2313000,252692580,55618738.0968000,300502,27274533.6020000
1762473600000,0.2313000,0.4598000,0.2304000,0.3655000,1716877549,570584039.3775000,2964893,276666159.8176000
1762560000000,0.3655000,0.4092000,0.3218000,0.3405000,947431236,342890738.6563000,2235025,166657434.8189000
1762646400000,0.3405000,0.3587000,0.2841000,0.3489000,615079911,196393390.3091000,1253401,94588357.1516000
1762732800000,0.3489000,0.3747000,0.3232000,0.3506000,491987999,170408932.3188000,1167406,81834859.0364000
1762819200000,0.3506000,0.3896000,0.3283000,0.3296000,521167186,187864970.2512000,1232269,89834433.6319000
1762905600000,0.3297000,0.3600000,0.3088000,0.3117000,336501188,111351950.6385000,688571,52473381.6429000
1762992000000,0.3118000,0.3214000,0.2783000,0.2901000,341181641,102866751.2354000,607217,48664687.4886000
1763078400000,0.2900000,0.2913000,0.2649000,0.2706000,280005446,78277216.7481000,455644,37861112.5263000
1763164800000,0.2707000,0.3034000,0.2700000,0.2858000,266119841,77074048.5890000,413439,37930552.2335000
1763251200000,0.2858000,0.2947000,0.2642000,0.2735000,221524189,61603944.0545000,364317,29744243.2713000
1763337600000,0.2735000,0.2857000,0.2613000,0.2683000,278724198,76516958.2140000,457455,37430870.2417000
1763424000000,0.2683000,0.3239000,0.2637000,0.3002000,446071917,131335699.2964000,730804,65195020.2734000
1763510400000,0.3003000,0.3369000,0.2792000,0.3300000,527665479,159567065.0240000,827956,77641792.0125000
1763596800000,0.3299000,0.3419000,0.3011000,0.3149000,529126163,169695053.9998000,844323,82434509.6878000
1763683200000,0.3149000,0.3178000,0.2600000,0.2950000,572572308,163799490.6114000,812091,78861106.2228000
1763769600000,0.2949000,0.2993000,0.2651000,0.2791000,240000759,66321717.2972000,371175,31596944.6977000
1763856000000,0.2790000,0.2938000,0.2744000,0.2752000,181471024,51857125.4292000,320120,25128496.3030000
1763942400000,0.2751000,0.2886000,0.2682000,0.2770000,239370529,66447147.8470000,361077,32706942.0407000
1764028800000,0.2770000,0.2831000,0.2618000,0.2796000,260160237,70734869.3902000,351518,34825153.8209000
1764115200000,0.2797000,0.2821000,0.2510000,0.2670000,300889607,80008271.9383000,403813,38848629.5996000
1764201600000,0.2669000,0.2712000,0.2604000,0.2624000,189071619,50411226.2733000,242452,23754346.9502000
1764288000000,0.2624000,0.2803000,0.2572000,0.2668000,311013904,83645670.4545000,352591,40853161.2267000
1764374400000,0.2669000,0.2773000,0.2566000,0.2594000,150185414,39852153.9036000,234966,18514186.4308000
1764460800000,0.2593000,0.2665000,0.2536000,0.2555000,134496441,34786355.1520000,218919,16788967.8265000
1764547200000,0.2555000,0.2562000,0.2247000,0.2309000,328017611,76296650.7595000,390829,37560982.4742000
1764633600000,0.2309000,0.2696000,0.2251000,0.2556000,311250523,77504105.3667000,421981,37888932.0244000
1764720000000,0.2555000,0.2718000,0.2537000,0.2610000,237394425,62186476.2092000,322464,30365727.3828000
1764806400000,0.2612000,0.2644000,0.2451000,0.2494000,189195285,48209223.3334000,268558,22445732.9511000
1764892800000,0.2494000,0.2523000,0.2239000,0.2342000,228693116,54273958.0694000,292324,25911932.1989000
1764979200000,0.2342000,0.2385000,0.2312000,0.2351000,94990758,22315119.3705000,167546,10660982.7330000
1765065600000,0.2350000,0.2538000,0.2236000,0.2358000,253759768,60387894.0761000,294097,30005463.6157000
1765152000000,0.2358000,0.2485000,0.2329000,0.2402000,206012318,49363712.1818000,284353,24603980.6386000
1765238400000,0.2401000,0.2687000,0.2353000,0.2632000,283829914,71925854.6495000,336475,35620873.5841000
1765324800000,0.2633000,0.2717000,0.2521000,0.2523000,235891409,61560971.0168000,369435,29196200.8605000
1765411200000,0.2524000,0.2528000,0.2327000,0.2417000,230861686,55632350.7425000,292923,25590831.2269000
1765497600000,0.2417000,0.2472000,0.2295000,0.2390000,194497490,46451755.8690000,247499,22193790.9534000
1765584000000,0.2390000,0.2540000,0.2373000,0.2452000,125800534,30882511.8684000,214238,15431144.3462000
1765670400000,0.2452000,0.2464000,0.2295000,0.2334000,126976069,30191868.7462000,189269,13908088.7589000
1765756800000,0.2335000,0.2428000,0.2164000,0.2231000,230664713,52957467.1946000,280398,24752950.5159000
1765843200000,0.2232000,0.2301000,0.2167000,0.2206000,184445728,41104999.4437000,234422,19853587.3798000
1765929600000,0.2206000,0.2240000,0.2026000,0.2034000,247054948,52603106.0168000,274322,24492195.0745000
1766016000000,0.2035000,0.2130000,0.1917000,0.1952000,253168512,51229057.5954000,250484,25379848.7847000
1766102400000,0.1952000,0.2169000,0.1917000,0.2111000,208487561,43055696.9847000,231479,21302831.2324000
1766188800000,0.2112000,0.2143000,0.2073000,0.2116000,86927201,18267872.8742000,110996,9266807.9086000
1766275200000,0.2116000,0.2122000,0.2005000,0.2051000,133245399,27398563.2172000,129525,12952419.7482000
1766361600000,0.2051000,0.2129000,0.2019000,0.2079000,176861703,36757570.0203000,181144,18594140.4785000
1766448000000,0.2079000,0.2152000,0.2016000,0.2102000,171152694,35578032.9382000,168765,17914486.0089000
1766534400000,0.2102000,0.2117000,0.2011000,0.2103000,146573931,30217509.3398000,177861,14800617.2206000
1766620800000,0.2103000,0.2138000,0.2010000,0.2011000,118687198,24866166.2554000,155022,11901700.9617000
1766707200000,0.2011000,0.2123000,0.2009000,0.2115000,149427948,31126117.8296000,174251,15234245.5133000
1766793600000,0.2114000,0.2193000,0.2097000,0.2176000,102294031,21847839.0303000,134668,10969807.2654000
1766880000000,0.2177000,0.2205000,0.2118000,0.2150000,112284684,24288835.5553000,136643,11828212.9203000
1766966400000,0.2151000,0.2225000,0.2080000,0.2089000,187614371,40276760.1010000,192655,19805873.3115000
1767052800000,0.2088000,0.2117000,0.2060000,0.2073000,112069198,23361222.4318000,140025,11422051.3219000
1767139200000,0.2074000,0.2101000,0.1981000,0.1985000,145186819,29592973.8661000,141524,13349037.0417000
1767225600000,0.1984000,0.2157000,0.1977000,0.2132000,143223369,29489610.3096000,180789,14963617.7866000
1767312000000,0.2132000,0.2315000,0.2112000,0.2300000,205126789,45056567.2824000,227678,21457605.9758000
1767398400000,0.2301000,0.2407000,0.2254000,0.2401000,174295146,40348807.0887000,193523,20744167.5545000
1767484800000,0.2402000,0.2698000,0.2386000,0.2652000,352028379,89524861.4702000,447656,43379876.5397000
1767571200000,0.2652000,0.2951000,0.2641000,0.2897000,491257073,139685763.4756000,719879,67016428.2349000
1767657600000,0.2898000,0.3144000,0.2815000,0.2954000,420951685,125455180.3018000,664721,60662677.6785000
1767744000000,0.2954000,0.2956000,0.2731000,0.2748000,215738294,61302817.9975000,367184,29230714.7928000
1767830400000,0.2748000,0.2977000,0.2657000,0.2852000,302219421,84392510.5736000,471683,42044259.7241000
1767916800000,0.2851000,0.2954000,0.2761000,0.2858000,201114988,56980353.3137000,342548,27727874.6660000
1768003200000,0.2859000,0.2861000,0.2773000,0.2801000,93678750,26369118.2143000,162961,13258520.9140000
1768089600000,0.2801000,0.3068000,0.2786000,0.2919000,189641873,55306494.8181000,294532,26621128.1539000
1768176000000,0.2918000,0.3142000,0.2789000,0.2807000,274460964,80587814.0418000,447220,39156994.6552000
1768262400000,0.2807000,0.3002000,0.2797000,0.2933000,220312074,63177316.2343000,342587,29808076.4792000
1768348800000,0.2934000,0.3023000,0.2834000,0.2891000,234846190,68589694.3407000,348612,32987902.2809000
1768435200000,0.2891000,0.2943000,0.2699000,0.2776000,191542794,53835108.1831000,300639,25076332.8827000
1768521600000,0.2777000,0.2829000,0.2685000,0.2793000,129280824,35767544.3038000,200716,17454101.8269000
1768608000000,0.2793000,0.2857000,0.2760000,0.2776000,86784616,24338007.4580000,155370,11946020.3857000
1768694400000,0.2777000,0.2802000,0.2513000,0.2520000,120718659,32496166.7724000,191606,14384395.6274000
1768780800000,0.2520000,0.2522000,0.2131000,0.2487000,230324865,55683121.4612000,321253,26644244.5758000
1768867200000,0.2487000,0.2496000,0.2286000,0.2319000,186085774,44492518.7087000,253091,21344810.0091000
1768953600000,0.2318000,0.2477000,0.2309000,0.2384000,177274366,42384384.4004000,237853,21389108.5129000
1769040000000,0.2384000,0.2451000,0.2329000,0.2367000,118240106,28288452.8332000,170979,13835709.4262000
1769126400000,0.2366000,0.2436000,0.2305000,0.2318000,106495973,25204225.4807000,151488,12228969.0555000
1769212800000,0.2319000,0.2359000,0.2282000,0.2306000,55340229,12844161.3199000,97061,6275568.0701000
1769299200000,0.2306000,0.2312000,0.2118000,0.2177000,115726967,25668746.2456000,167229,11757781.3445000
1769385600000,0.2178000,0.2256000,0.2173000,0.2204000,93482641,20756112.0982000,151128,10461811.5268000
1769472000000,0.2205000,0.2294000,0.2180000,0.2282000,109647175,24383234.1578000,147202,11897127.8812000
1769558400000,0.2282000,0.2391000,0.2233000,0.2323000,147664673,33778152.2737000,195269,17153085.5432000
1769644800000,0.2323000,0.2334000,0.2068000,0.2122000,196479577,42598788.1353000,228777,19648943.3812000
1769731200000,0.2122000,0.2130000,0.2011000,0.2064000,175643767,36406784.0221000,228498,17436412.4826000
1769817600000,0.2064000,0.2077000,0.1683000,0.1876000,335929152,62876961.4396000,300191,28275455.7580000
1769904000000,0.1876000,0.1921000,0.1767000,0.1811000,165825184,30911399.7939000,204254,15127017.4556000
1769990400000,0.1810000,0.1902000,0.1735000,0.1850000,199232813,36419461.9423000,238229,18211024.4039000
1770076800000,0.1850000,0.1879000,0.1714000,0.1799000,223564252,40361074.3688000,197874,19809313.0291000
1770163200000,0.1798000,0.1867000,0.1740000,0.1780000,141642867,25493492.2519000,177389,12009625.2251000
1770249600000,0.1781000,0.1800000,0.1467000,0.1479000,354749388,57149164.5239000,305858,27025132.6861000
1770336000000,0.1479000,0.1724000,0.1333000,0.1687000,359372046,55350922.1994000,303687,27962149.9182000
1770422400000,0.1687000,0.1713000,0.1606000,0.1652000,181190924,30075217.0131000,188434,14779917.8549000
1770508800000,0.1653000,0.1676000,0.1604000,0.1624000,120832881,19835729.7680000,132952,9741368.9979000
1770595200000,0.1624000,0.1646000,0.1555000,0.1610000,118330329,18956349.5230000,114542,9452222.3406000
1770681600000,0.1610000,0.1623000,0.1546000,0.1568000,94638819,14881331.6319000,101516,7314383.9730000
1770768000000,0.1567000,0.1600000,0.1502000,0.1542000,131553478,20267685.3035000,120596,9702542.2938000
1770854400000,0.1542000,0.1628000,0.1531000,0.1593000,108019956,17004476.0840000,118638,8517228.4993000
1770940800000,0.1593000,0.1687000,0.1558000,0.1647000,108608880,17601798.6479000,110920,8660653.8328000
1771027200000,0.1648000,0.1849000,0.1648000,0.1811000,139792579,24372066.4497000,130478,12275211.5442000
1771113600000,0.1811000,0.1821000,0.1683000,0.1734000,137095197,23912944.7302000,141045,11617920.5402000
1771200000000,0.1735000,0.1758000,0.1690000,0.1730000,94122501,16203059.6906000,100418,8399031.3871000
1771286400000,0.1729000,0.1741000,0.1675000,0.1708000,74481295,12755815.6048000,90913,6495677.7718000
1771372800000,0.1709000,0.1739000,0.1631000,0.1638000,89724258,15171394.6250000,87395,7505095.3809000
1771459200000,0.1639000,0.1670000,0.1580000,0.1628000,94058089,15252901.7331000,92875,7579234.1906000
1771545600000,0.1627000,0.1703000,0.1600000,0.1678000,116033136,19209139.7226000,112761,9432082.8266000
1771632000000,0.1678000,0.1702000,0.1646000,0.1646000,60275551,10072664.5973000,70008,4796446.7892000
1771718400000,0.1645000,0.1646000,0.1572000,0.1594000,72730394,11668118.5059000,83163,5356534.4915000
1771804800000,0.1593000,0.1600000,0.1509000,0.1536000,108562958,16821546.5753000,110140,8232032.5074000
1771891200000,0.1537000,0.1567000,0.1470000,0.1526000,95551214,14607803.3685000,91915,7140695.2624000
1771977600000,0.1526000,0.1759000,0.1522000,0.1676000,161610405,26478407.5053000,143777,13793898.7325000
1772064000000,0.1676000,0.1689000,0.1574000,0.1619000,118788058,19402410.2559000,116269,9551617.7867000
1772150400000,0.1619000,0.1669000,0.1531000,0.1560000,110804003,17804846.8019000,106221,8020901.1441000
1772236800000,0.1560000,0.1584000,0.1442000,0.1567000,159713129,23977388.3801000,149887,11246289.2127000
1772323200000,0.1566000,0.1621000,0.1475000,0.1506000,135047334,20916286.1989000,135710,10226580.1570000
1772409600000,0.1505000,0.1596000,0.1463000,0.1516000,159813216,24320984.9125000,153782,12423895.3496000
1772496000000,0.1516000,0.1523000,0.1444000,0.1478000,164382527,24259140.0041000,156257,11466341.0831000
1772582400000,0.1478000,0.1589000,0.1465000,0.1552000,195203136,29885222.9639000,162542,14877678.8814000
1772668800000,0.1551000,0.1570000,0.1494000,0.1525000,132668513,20369093.6226000,126186,9852559.7527000
1772755200000,0.1526000,0.1541000,0.1436000,0.1457000,126758329,18778275.7514000,124780,8588641.7784000
1772841600000,0.1456000,0.1463000,0.1412000,0.1429000,93697589,13526316.3691000,82797,6274076.4893000
1772928000000,0.1428000,0.1446000,0.1394000,0.1409000,105631662,14979932.4909000,114196,7332632.6891000
1773014400000,0.1410000,0.1466000,0.1406000,0.1434000,148043641,21277994.7868000,122603,10723954.5487000
1773100800000,0.1435000,0.1570000,0.1429000,0.1543000,242361536,36566341.2009000,160455,18873428.6512000
1773187200000,0.1543000,0.1652000,0.1529000,0.1603000,242792485,38577315.9774000,206241,19505131.4417000
1773273600000,0.1604000,0.1776000,0.1562000,0.1770000,188405766,30833692.4417000,159722,15819782.4851000
1773360000000,0.1770000,0.1944000,0.1731000,0.1780000,494651965,90723367.0185000,397271,44465028.7607000
1773446400000,0.1780000,0.1845000,0.1726000,0.1786000,135698968,24133131.1152000,128713,12038042.8160000
1773532800000,0.1786000,0.2047000,0.1777000,0.1965000,406989635,78994821.5139000,394121,39856884.6129000
1773619200000,0.1966000,0.2563000,0.1936000,0.2378000,932595515,215611928.3673000,1089076,108572557.0257000
1773705600000,0.2378000,0.2457000,0.2262000,0.2403000,456419465,106874463.3205000,643880,53149905.9130000
1773792000000,0.2404000,0.2436000,0.2139000,0.2231000,344213608,77359604.5729000,488964,37945278.1280000
1773878400000,0.2230000,0.2286000,0.2007000,0.2123000,264037717,56172114.0391000,396183,26773945.1935000
1773964800000,0.2124000,0.2423000,0.2115000,0.2257000,396466348,89862259.7505000,554376,44605232.8407000
1774051200000,0.2258000,0.2366000,0.2164000,0.2181000,241789443,54389493.0856000,343245,27143501.4952000
1774137600000,0.2181000,0.2236000,0.2031000,0.2055000,237053959,50635872.6217000,322026,24632194.8497000
1774224000000,0.2054000,0.2291000,0.2022000,0.2265000,277245108,59929961.7407000,350820,30129660.9864000
1774310400000,0.2265000,0.2510000,0.2223000,0.2421000,473941884,111111391.7802000,563180,54145996.6521000
1774396800000,0.2421000,0.2671000,0.2404000,0.2592000,484682130,123129260.8485000,686359,62504671.9299000
1774483200000,0.2592000,0.2608000,0.2352000,0.2420000,318230709,77856023.9379000,443152,37987878.7389000
1774569600000,0.2421000,0.2455000,0.2258000,0.2306000,249015092,58176862.2186000,345730,28094152.8151000
1774656000000,0.2305000,0.2565000,0.2241000,0.2364000,286366684,69243777.6996000,426121,34474225.4742000
1774742400000,0.2364000,0.2466000,0.2215000,0.2293000,247366585,58358042.0144000,327259,27633665.9045000
1774828800000,0.2293000,0.2500000,0.2257000,0.2292000,305832383,72527505.7392000,378018,35887434.8755000
1774915200000,0.2292000,0.2385000,0.2246000,0.2318000,282459727,65228650.5543000,311614,31595410.3627000
1775001600000,0.2318000,0.2482000,0.2280000,0.2399000,254593281,61263930.2127000,344740,30118258.3304000
1775088000000,0.2400000,0.2459000,0.2223000,0.2277000,261513595,60174841.5356000,314044,27700445.1938000
1775174400000,0.2278000,0.2422000,0.2250000,0.2375000,220931872,51742337.6696000,299699,26946847.0066000
1775260800000,0.2376000,0.2415000,0.2343000,0.2360000,131427524,31268732.0371000,218150,15060944.8650000
1775347200000,0.2359000,0.2361000,0.2242000,0.2354000,176610716,40451443.3617000,233628,19177400.7634000
1775433600000,0.2354000,0.2501000,0.2242000,0.2262000,286426622,68052572.3106000,373262,32758382.9642000
1775520000000,0.2262000,0.2559000,0.2244000,0.2499000,353544250,83747226.2515000,452163,41885384.1190000
1775606400000,0.2499000,0.2583000,0.2383000,0.2413000,274041344,68308044.6182000,391655,33647640.3952000
1775692800000,0.2412000,0.2528000,0.2321000,0.2444000,230452961,55636578.3626000,302361,27564840.5430000
1775779200000,0.2445000,0.2458000,0.2323000,0.2381000,246190751,58702882.7379000,316772,28263433.0526000
1775865600000,0.2382000,0.2503000,0.2342000,0.2442000,167205502,40242949.4220000,226959,19484219.0864000
1775952000000,0.2442000,0.2445000,0.2281000,0.2292000,198007324,46462947.7400000,260364,21555207.9026000
1776038400000,0.2292000,0.2406000,0.2258000,0.2383000,193050384,44760498.1330000,248973,21927527.0875000
1776124800000,0.2382000,0.2391000,0.2255000,0.2263000,184506988,42918221.0491000,243062,20778809.4574000
1776211200000,0.2262000,0.2335000,0.2232000,0.2292000,148352010,33753097.2721000,199378,15997247.3129000
1776297600000,0.2292000,0.2438000,0.2263000,0.2398000,239166609,55948323.4227000,310791,27661624.3913000
1776384000000,0.2398000,0.2419000,0.2284000,0.2301000,266178924,62459634.3506000,300303,29441397.8128000
1776470400000,0.2302000,0.2323000,0.2145000,0.2148000,236591483,53004768.6936000,281323,23249384.2838000
1776556800000,0.2149000,0.2218000,0.2081000,0.2091000,162574295,34903808.8040000,196664,16325694.5506000
1776643200000,0.2092000,0.2153000,0.2056000,0.2109000,136571892,28753968.3684000,188051,14202206.6883000
1776729600000,0.2109000,0.2154000,0.2042000,0.2095000,143699293,30212169.8119000,180243,14266797.7889000
1776816000000,0.2095000,0.2176000,0.2063000,0.2065000,128882947,27462657.6176000,172294,12841357.0293000
1776902400000,0.2064000,0.2116000,0.2036000,0.2096000,124854525,25944398.1036000,182518,12492407.9803000
1776988800000,0.2096000,0.2117000,0.2069000,0.2082000,95932982,20087580.3756000,127621,9595727.0840000
1777075200000,0.2082000,0.2109000,0.2055000,0.2087000,68296987,14238753.2129000,101639,6955209.4303000
1777161600000,0.2087000,0.2126000,0.2065000,0.2117000,81056204,17039862.0955000,111251,8547351.3458000
1777248000000,0.2117000,0.2155000,0.2031000,0.2059000,147098990,30605818.3266000,140236,14543228.1810000
1777334400000,0.2059000,0.2061000,0.1934000,0.1962000,160868094,31991730.3216000,141423,14579445.0185000
1777420800000,0.1962000,0.2050000,0.1907000,0.1988000,178736822,35346629.1657000,145555,16884245.4233000
1777507200000,0.1988000,0.2009000,0.1947000,0.1955000,90221534,17761961.3992000,104496,8529901.6600000
1777593600000,0.1955000,0.2017000,0.1952000,0.1979000,113057493,22508830.6183000,109239,10813517.9477000
1777680000000,0.1980000,0.2097000,0.1976000,0.2073000,109271589,22236346.9716000,118626,11508514.0933000
1777766400000,0.2073000,0.2115000,0.2030000,0.2057000,133575894,27705964.6807000,128425,13754147.0478000
1777852800000,0.2057000,0.2114000,0.2006000,0.2038000,208084070,42737729.9832000,158950,20602101.7691000
1777939200000,0.2038000,0.2204000,0.2037000,0.2148000,174424717,36973925.9245000,175192,19196959.7845000
1778025600000,0.2147000,0.2274000,0.2125000,0.2258000,219674935,48799545.6898000,236405,23631203.2914000
1778112000000,0.2257000,0.2330000,0.2178000,0.2206000,203893439,45653936.9301000,203544,21749446.2863000
1778198400000,0.2207000,0.2364000,0.2190000,0.2337000,176278352,40159176.9783000,185687,19571043.1913000
1778284800000,0.2336000,0.2437000,0.2283000,0.2320000,180417822,42623874.2273000,194802,20133678.3344000
1778371200000,0.2321000,0.2487000,0.2286000,0.2405000,193207120,45925550.8986000,206721,22521203.7824000
1778457600000,0.2404000,0.2412000,0.2309000,0.2348000,143987878,33972016.4374000,190952,15614108.9740000
1778544000000,0.2348000,0.2362000,0.2203000,0.2236000,141511296,32185756.9397000,172002,14425209.5712000
1778630400000,0.2237000,0.2291000,0.2126000,0.2137000,131407080,28949369.7770000,150715,13426478.9083000
1778716800000,0.2137000,0.2198000,0.2076000,0.2138000,137067443,29284497.4059000,147315,14477102.3456000
1778803200000,0.2138000,0.2154000,0.2006000,0.2034000,132623687,27447933.3863000,143139,12143812.9317000
1778889600000,0.2034000,0.2053000,0.1928000,0.1951000,112963465,22256110.1445000,106741,10305094.2595000
1778976000000,0.1951000,0.1983000,0.1837000,0.1909000,112564881,21763061.6935000,110316,9856290.9144000
1779062400000,0.1909000,0.1944000,0.1864000,0.1937000,146154718,27734756.5502000,150642,14105757.8497000
1779148800000,0.1937000,0.1957000,0.1876000,0.1889000,100687035,19317323.9937000,107769,9163888.5102000
1779235200000,0.1889000,0.1942000,0.1871000,0.1919000,111059167,21222830.0892000,105375,10599851.6314000
1779321600000,0.1920000,0.1968000,0.1902000,0.1937000,163825145,31708625.3212000,123045,15507445.5407000
1779408000000,0.1937000,0.2234000,0.1931000,0.1977000,452960703,94514817.0892000,393093,46737397.2990000
1779494400000,0.1977000,0.2133000,0.1911000,0.2081000,235121850,47440168.6966000,241682,23797013.6591000
1779580800000,0.2081000,0.2180000,0.2048000,0.2082000,188361012,39805902.7480000,200760,18908108.6985000
1779667200000,0.2082000,0.2364000,0.2070000,0.2315000,255856908,56795725.9779000,293863,27824542.2310000
1779753600000,0.2316000,0.2618000,0.2241000,0.2501000,627338936,154886969.2610000,806558,77455858.1013000
1779840000000,0.2502000,0.2589000,0.2365000,0.2429000,349193888,85290274.5381000,515830,42208305.2378000
1779926400000,0.2428000,0.2441000,0.2164000,0.2297000,305397600,68969275.1074000,440928,32451538.4386000
1780012800000,0.2296000,0.2643000,0.2294000,0.2443000,441618379,107955206.8917000,634046,53868839.3908000
1780099200000,0.2442000,0.2838000,0.2335000,0.2791000,520573095,138013189.0454000,808239,69570509.5804000
1780185600000,0.2792000,0.2834000,0.2577000,0.2688000,377785354,102275677.1447000,625048,48883758.7372000
1780272000000,0.2687000,0.2888000,0.2552000,0.2739000,525216129,143860815.4092000,900633,70556090.4049000
1780358400000,0.2739000,0.2834000,0.2403000,0.2420000,547884616,143682377.4066000,857101,66990870.2130000
1780444800000,0.2421000,0.2730000,0.2420000,0.2538000,408586171,106505736.1107000,652581,51675751.9085000
1780531200000,0.2539000,0.2583000,0.2133000,0.2164000,597045002,138555630.9018000,773088,65856357.9399000
1780617600000,0.2163000,0.2183000,0.1827000,0.1975000,487382696,97815321.8296000,606470,46102675.7286000
1780704000000,0.1975000,0.2035000,0.1845000,0.1998000,221420752,43121853.7035000,325444,20693906.2946000
1780790400000,0.1999000,0.2177000,0.1989000,0.2129000,240204604,50114950.8333000,341683,25118417.1783000
1780876800000,0.2129000,0.2177000,0.2035000,0.2093000,238796858,50554374.8320000,287103,24984675.2506000
1780963200000,0.2093000,0.2122000,0.1966000,0.1994000,180883734,36913558.1914000,245673,17102882.2678000
1781049600000,0.1994000,0.2020000,0.1823000,0.1836000,196666887,38164046.1307000,258709,17541630.5208000
1781136000000,0.1836000,0.1964000,0.1831000,0.1928000,239149592,45177431.0977000,275436,21558432.3260000
1781222400000,0.1928000,0.1949000,0.1844000,0.1859000,187583436,35711833.7885000,229459,17298103.9996000
1781308800000,0.1859000,0.2118000,0.1834000,0.2079000,311913444,62348557.5881000,358632,31721100.6155000
1781395200000,0.2079000,0.2149000,0.1977000,0.2114000,290092060,60140397.4051000,349120,29499828.7845000
1781481600000,0.2114000,0.2228000,0.2077000,0.2132000,290313587,62787786.0294000,347398,30469704.3075000
1781568000000,0.2132000,0.2176000,0.2036000,0.2050000,180559376,37972150.0058000,270933,18267665.2886000
1781654400000,0.2051000,0.2123000,0.1956000,0.1998000,200868613,41315341.6099000,286029,19565382.6673000
1781740800000,0.1998000,0.2025000,0.1887000,0.1975000,168686305,33068696.0887000,220962,15430875.0696000
1781827200000,0.1975000,0.2004000,0.1894000,0.1926000,123657414,24017516.8434000,172771,11495189.9895000
1781913600000,0.1926000,0.1936000,0.1850000,0.1879000,150857743,28485831.5609000,171309,13505002.4094000
1782000000000,0.1879000,0.1907000,0.1772000,0.1791000,211782493,39223546.7534000,194998,17660744.1180000
1782086400000,0.1791000,0.1897000,0.1784000,0.1815000,189245603,34702015.0366000,198270,16552150.0564000
1782172800000,0.1815000,0.1862000,0.1688000,0.1741000,191015729,33499706.2955000,206535,15824931.8175000
1782259200000,0.1741000,0.1782000,0.1620000,0.1731000,220775710,37485737.1453000,211668,17284050.4182000
1782345600000,0.1731000,0.1787000,0.1595000,0.1682000,221628727,37363911.3783000,229265,18179584.2277000
1782432000000,0.1683000,0.1778000,0.1606000,0.1777000,214104007,36336353.6566000,219596,18819929.8462000
1782518400000,0.1776000,0.1826000,0.1714000,0.1726000,154137888,27457088.5880000,182211,13969185.2904000
1782604800000,0.1726000,0.1797000,0.1701000,0.1780000,133656599,23281801.6443000,160176,11620646.7971000
1782691200000,0.1779000,0.1826000,0.1740000,0.1769000,152709641,27143404.3704000,182511,13481761.4093000
1782777600000,0.1770000,0.1776000,0.1675000,0.1716000,143491727,24650205.0512000,147656,11032189.8289000
1782864000000,0.1717000,0.1823000,0.1676000,0.1780000,193825399,34236326.0480000,194047,16715228.3730000
1782950400000,0.1780000,0.1878000,0.1768000,0.1833000,199886045,36424966.7201000,195999,18408039.0887000
1783036800000,0.1832000,0.1907000,0.1825000,0.1876000,154379706,28842824.9131000,141376,14102738.8926000
1783123200000,0.1876000,0.1894000,0.1821000,0.1825000,142513132,26427973.5098000,134755,12389759.0352000
1783209600000,0.1825000,0.1827000,0.1738000,0.1795000,149525854,26467945.5708000,156730,11956959.9511000
1783296000000,0.1795000,0.1797000,0.1652000,0.1715000,236714642,40588677.8406000,180357,18848022.9226000
1783382400000,0.1715000,0.1727000,0.1619000,0.1635000,204699853,34118881.5050000,153517,15643683.0465000
1783468800000,0.1636000,0.1644000,0.1545000,0.1597000,233471739,37028680.2032000,158448,17496197.9910000
1783555200000,0.1598000,0.1632000,0.1572000,0.1595000,124369981,19905515.7304000,110447,10105983.0992000
1783641600000,0.1596000,0.1650000,0.1587000,0.1622000,121017637,19596687.2426000,97821,9803475.3893000
1783728000000,0.1621000,0.1642000,0.1581000,0.1585000,92717649,15009179.4998000,82902,7320995.7120000
1783814400000,0.1586000,0.1614000,0.1566000,0.1582000,90278775,14373584.7434000,81168,6684008.6446000
1783900800000,0.1582000,0.1611000,0.1551000,0.1578000,122984422,19512235.2178000,121130,9172975.9258000
1783987200000,0.1578000,0.1637000,0.1573000,0.1623000,101374534,16352950.9121000,98598,8127360.0390000
1784073600000,0.1623000,0.1640000,0.1599000,0.1606000,115473441,18659494.9328000,90868,8856530.1082000
1784160000000,0.1606000,0.1619000,0.1573000,0.1579000,101831854,16216086.3360000,88485,7707502.3722000
1784246400000,0.1579000,0.1614000,0.1560000,0.1595000,113406838,18006928.5953000,88728,8897696.5049000
1784332800000,0.1595000,0.1602000,0.1562000,0.1584000,53360513,8428961.7844000,61541,4113462.1233000
1784419200000,0.1585000,0.1593000,0.1555000,0.1566000,53562868,8415081.0843000,59444,4057019.6005000
1784505600000,0.1566000,0.1579000,0.1501000,0.1540000,153721338,23523917.6990000,117686,10661297.3979000
1784592000000,0.1539000,0.1605000,0.1535000,0.1573000,105320711,16620222.1451000,90199,8331725.8953000
1784678400000,0.1573000,0.1579000,0.1535000,0.1561000,97935439,15216338.4923000,78855,7570233.4198000
1784764800000,0.1562000,0.1568000,0.1511000,0.1520000,94222716,14463070.0475000,76382,6730962.3879000
1784851200000,0.1520000,0.1558000,0.1500000,0.1518000,85526986,13033679.0301000,81419,6237429.4805000
1784937600000,0.1517000,0.1601000,0.1500000,0.1583000,83525338,12889350.6247000,76515,6316436.9933000
1785024000000,0.1583000,0.1608000,0.1560000,0.1587000,86785578,13739297.0153000,86001,6790174.0131000
1785110400000,0.1586000,0.1606000,0.1414000,0.1435000,192092776,29040868.8968000,129134,12838125.1402000
1785196800000,0.1435000,0.1437000,0.1373000,0.1390000,227900665,32067295.0454000,150300,14973803.3767000
1785283200000,0.1389000,0.1401000,0.1321000,0.1377000,225740652,30693589.4357000,149037,14641617.3130000
1785369600000,0.1377000,0.1458000,0.1364000,0.1441000,185409981,26061700.9523000,122586,13236921.3648000
1785456000000,0.1441000,0.1465000,0.1401000,0.1406000,139926323,19896088.0770000,107371,9909260.5612000
1785542400000,0.1406000,0.1430000,0.1367000,0.1389000,91611444,12831533.7635000,68156,5932222.5986000
1785628800000,0.1389000,0.1430000,0.1388000,0.1416000,78330805,11095858.5563000,67429,5468006.6544000
1785715200000,0.1417000,0.1463000,0.1385000,0.1455000,124820950,17700238.7365000,91734,8689564.6609000
1785801600000,0.1455000,0.1485000,0.1438000,0.1471000,157700292,23031020.6330000,101946,11190333.8648000
1785888000000,0.1472000,0.1537000,0.1418000,0.1418000,189047891,27930655.9639000,114700,14029596.8119000
1785974400000,0.1418000,0.1438000,0.1343000,0.1354000,319916345,44259020.7748000,174735,21064476.6080000
1786060800000,0.1354000,0.1377000,0.1312000,0.1371000,183743824,24661151.2316000,129327,11761366.7988000
1786147200000,0.1371000,0.1398000,0.1359000,0.1368000,134587554,18578538.1480000,100573,8976382.4113000
1786233600000,0.1368000,0.1385000,0.1351000,0.1352000,92403463,12654466.9543000,77165,6094337.5930000
1786320000000,0.1352000,0.1396000,0.1334000,0.1345000,146131192,19974325.8145000,101044,9611998.7367000
1786406400000,0.1346000,0.1356000,0.1316000,0.1339000,129120317,17247283.9470000,89124,8347126.3095000
1786492800000,0.1338000,0.1362000,0.1322000,0.1340000,115940353,15605911.0186000,82930,7560187.2543000
1786579200000,0.1340000,0.1374000,0.1335000,0.1356000,97655133,13197906.4563000,71442,6551951.3445000
1786665600000,0.1356000,0.1383000,0.1326000,0.1338000,132929976,17986258.2924000,94459,8325533.0748000
1786752000000,0.1339000,0.1344000,0.1265000,0.1275000,145961856,19054084.4537000,114853,8225318.3384000
1786838400000,0.1276000,0.1276000,0.1206000,0.1215000,184603980,22880911.4668000,126445,10340051.0388000
1786924800000,0.1214000,0.1245000,0.1191000,0.1239000,201834086,24594932.9291000,125103,11736531.9515000
1787011200000,0.1238000,0.1239000,0.1192000,0.1220000,139496546,16959145.4461000,95443,7890461.6853000
1787097600000,0.1220000,0.1321000,0.1206000,0.1311000,207801850,26167346.0694000,124656,13454882.5631000
1787184000000,0.1311000,0.1450000,0.1287000,0.1430000,316504429,43357025.8564000,214342,22058814.7843000
1787270400000,0.1430000,0.1755000,0.1428000,0.1716000,500622518,79120525.4319000,408675,39606059.4841000
1787356800000,0.1715000,0.1847000,0.1363000,0.1614000,493781878,82474265.8669000,485676,37526407.6986000
1787443200000,0.1615000,0.1701000,0.1521000,0.1666000,233534755,37887411.1166000,236872,18205176.1051000
1787529600000,0.1666000,0.1793000,0.1600000,0.1737000,301181142,51467614.1695000,320925,25009622.2185000
1787616000000,0.1737000,0.1800000,0.1593000,0.1625000,225901470,38575807.4781000,233271,18071062.3939000
1787702400000,0.1625000,0.1700000,0.1577000,0.1685000,190475566,31035288.5246000,181244,15460373.9432000
1787788800000,0.1686000,0.1707000,0.1618000,0.1642000,163448307,27110181.4640000,153256,12727178.3687000
1787875200000,0.1642000,0.1698000,0.1497000,0.1499000,200251321,31659568.2363000,169507,14942642.1394000
1787961600000,0.1500000,0.1526000,0.1453000,0.1493000,168300128,25115940.4524000,144940,12140729.5177000
1788048000000,0.1493000,0.1606000,0.1456000,0.1482000,227219168,34845305.0697000,176385,16458870.7481000
1788134400000,0.1481000,0.1545000,0.1474000,0.1535000,172912897,26106933.7400000,141918,13248767.4160000
1788220800000,0.1535000,0.1580000,0.1504000,0.1547000,184633568,28476372.5297000,146135,13960365.0900000
1788307200000,0.1547000,0.1558000,0.1497000,0.1519000,144624615,22050522.4989000,120551,10594017.8014000
1788393600000,0.1520000,0.1607000,0.1512000,0.1573000,180628760,28242466.7775000,139791,13670401.3715000
1788480000000,0.1572000,0.1601000,0.1510000,0.1550000,167259396,25988698.6087000,138859,12856795.7887000
1788566400000,0.1550000,0.1691000,0.1546000,0.1646000,219573513,36058108.5390000,185242,17882540.5935000
1788652800000,0.1645000,0.1781000,0.1635000,0.1750000,262351951,44703356.4885000,194326,21695670.3255000
1788739200000,0.1750000,0.1869000,0.1701000,0.1830000,349235809,62476318.7517000,286088,30716045.2012000
1788825600000,0.1831000,0.1902000,0.1762000,0.1791000,272510103,49871988.7714000,259192,23802556.9910000
1788912000000,0.1790000,0.1819000,0.1667000,0.1696000,209710749,36744423.3800000,209586,17563625.0752000
1788998400000,0.1695000,0.1712000,0.1603000,0.1620000,156315578,25915274.6180000,158147,12489466.3058000
1789084800000,0.1621000,0.1745000,0.1613000,0.1661000,193812527,32485085.0507000,177745,15725923.8244000
1789171200000,0.1661000,0.1720000,0.1656000,0.1670000,75724083,12765021.4375000,81971,6303580.4747000
1789257600000,0.1670000,0.1744000,0.1642000,0.1658000,138827139,23354085.4845000,154131,11423169.9642000
1789344000000,0.1658000,0.1725000,0.1626000,0.1629000,166642079,28111119.7089000,157157,13061075.0262000
1789430400000,0.1630000,0.1642000,0.1493000,0.1507000,235769573,36882421.8624000,211963,17474150.0538000
1789516800000,0.1508000,0.1584000,0.1483000,0.1579000,194493450,29437802.2258000,171097,14707965.4801000
1789603200000,0.1578000,0.1747000,0.1552000,0.1742000,231918719,37792065.2518000,193386,19079251.5846000
1789689600000,0.1743000,0.1887000,0.1716000,0.1855000,320532962,58557047.7043000,299984,29127944.3983000
1789776000000,0.1856000,0.1867000,0.1744000,0.1769000,259076801,46713221.0537000,204071,23070193.4594000
1789862400000,0.1769000,0.1809000,0.1671000,0.1755000,330433320,57215185.9396000,256867,28069181.8625000
1789948800000,0.1755000,0.2089000,0.1739000,0.2051000,564016529,109473958.0778000,533469,53187577.8908000
1790035200000,0.2051000,0.2134000,0.1964000,0.2099000,406379567,83682176.6557000,441849,39644677.4597000
1790121600000,0.2099000,0.2161000,0.1903000,0.1941000,352232562,71407780.1030000,358878,33753996.5768000
1790208000000,0.1941000,0.2328000,0.1915000,0.2286000,501459357,107731696.4229000,513125,53980850.3352000
1790294400000,0.2286000,0.2468000,0.2209000,0.2466000,481738283,113711009.7290000,599580,56164853.8193000
1790380800000,0.2467000,0.2597000,0.2374000,0.2429000,310900757,76653867.1959000,390876,37710939.2255000
1790467200000,0.2428000,0.2488000,0.2383000,0.2474000,187704289,45684043.7524000,256225,22072116.2760000
1790553600000,0.2475000,0.2493000,0.2208000,0.2246000,355767556,82494368.4970000,472932,39179605.7522000
1790640000000,0.2246000,0.2360000,0.2145000,0.2227000,362484371,81861582.6540000,448685,38681644.7382000
1790726400000,0.2226000,0.2314000,0.2128000,0.2290000,297408716,66172209.1528000,355573,32163205.1264000
1790812800000,0.2290000,0.2457000,0.2232000,0.2305000,345063224,80261186.6479000,472651,40078711.3119000
1790899200000,0.2305000,0.2419000,0.2146000,0.2189000,260707244,59725326.2909000,361815,28222888.9403000
1790985600000,0.2190000,0.2311000,0.2160000,0.2261000,183708317,41109282.8274000,215382,19405470.7246000
