open_time,open,high,low,close,volume,quote_volume,trades,taker_buy_quote
1644451200000,8.220,8.590,7.667,7.966,3610297.9,29469042.6615,129318,13545697.2660
1644537600000,7.959,8.006,6.901,7.135,2148965.3,16266379.9385,78585,7155667.3738
1644624000000,7.135,7.609,6.937,7.372,2216649.9,16273758.0686,75311,7539585.5676
1644710400000,7.372,7.595,6.763,7.073,1755881.7,12717292.5691,58366,6236622.7114
1644796800000,7.070,7.152,6.652,6.929,1532875.0,10504873.9940,53015,5067830.8234
1644883200000,6.929,7.479,6.816,7.433,1416315.6,10124935.6816,44935,5064275.8865
1644969600000,7.433,7.738,6.979,7.323,2230572.8,16314898.7438,56569,7670235.7393
1645056000000,7.315,7.422,6.281,6.501,2385503.9,16396166.4075,58674,7181438.3507
1645142400000,6.503,6.717,6.200,6.361,1516937.8,9821480.9714,36667,4812248.9528
1645228800000,6.351,6.449,5.980,6.193,1114011.6,6916034.0144,25049,3142453.5405
1645315200000,6.193,6.212,5.620,5.734,1433438.3,8333029.5876,29931,4023750.9380
1645401600000,5.734,6.039,5.161,5.214,2337421.9,13220400.0593,44643,6304880.4631
1645488000000,5.214,5.560,5.035,5.520,2268554.3,12085440.7326,40301,5932163.5671
1645574400000,5.524,5.881,5.369,5.392,2115635.1,11835993.5004,34696,5391791.0697
1645660800000,5.394,5.507,4.620,5.435,4459314.0,22459695.4588,81495,10615742.8204
1645747200000,5.436,5.739,5.225,5.686,2627750.5,14401203.3469,45621,7668577.0888
1645833600000,5.688,5.847,5.547,5.695,2388566.5,13604800.6840,45642,7238736.9440
1645920000000,5.692,6.341,5.422,5.742,10380281.1,62017888.1345,166439,30335327.7563
1646006400000,5.742,6.478,5.510,6.361,9104298.8,54106796.8728,163188,27346386.5033
1646092800000,6.361,6.862,6.277,6.675,6329664.4,41795999.2326,134922,20609652.7376
1646179200000,6.674,6.708,6.299,6.405,4209564.8,27350664.6137,96215,13627567.3587
1646265600000,6.406,6.452,5.863,6.033,3371765.2,20755613.5711,66467,10159950.3323
1646352000000,6.035,6.249,5.613,5.654,4245107.7,25174665.5742,89304,11928842.5260
1646438400000,5.654,5.992,5.491,5.830,6805461.6,39639925.4096,126937,19526169.9235
1646524800000,5.828,5.938,5.536,5.597,4278991.5,24440606.3160,88086,12336894.4533
1646611200000,5.597,5.944,5.450,5.643,5864469.5,33300248.1759,114042,15841331.7154
1646697600000,5.641,5.910,5.612,5.767,2935895.9,16899004.1205,69892,8234507.8596
1646784000000,5.772,6.123,5.728,6.046,3076087.8,18369839.2581,62544,8808088.8598
1646870400000,6.046,6.152,5.493,5.785,5483244.7,31771119.5379,100391,15940908.8765
1646956800000,5.785,5.812,5.516,5.634,3287798.1,18563549.1861,59757,8821819.6592
1647043200000,5.634,5.735,5.537,5.569,1773256.9,9994614.4095,37771,4846480.2786
1647129600000,5.569,5.640,5.277,5.303,2457305.2,13464570.0653,46988,6385416.0125
1647216000000,5.302,5.455,5.183,5.371,3050898.7,16221364.3351,48157,7619828.0908
1647302400000,5.370,5.383,5.126,5.275,2511147.8,13152607.0071,39649,6158146.9121
1647388800000,5.274,5.536,5.188,5.514,3666208.7,19550122.6640,58965,9412184.8753
1647475200000,5.514,5.786,5.464,5.625,4891860.6,27495247.0527,74241,13394216.2494
1647561600000,5.624,5.764,5.433,5.665,3591859.8,20060384.7502,51714,9171695.0342
1647648000000,5.665,5.941,5.651,5.855,5304884.6,30865771.4028,71327,14711668.0228
1647734400000,5.853,6.257,5.717,5.850,11942186.1,71597702.5041,167688,33417273.7681
1647820800000,5.848,6.373,5.848,6.016,12059444.7,73834003.4477,183849,34708416.8591
1647907200000,6.016,6.299,5.998,6.140,5375427.0,33108665.4027,82931,15770448.9965
1647993600000,6.140,6.294,5.956,6.265,4336569.1,26455375.6051,66615,12434689.2926
1648080000000,6.264,6.552,6.166,6.490,6973873.6,44414608.2987,103304,20402314.6213
1648166400000,6.487,6.642,6.248,6.319,5138184.9,33080567.9030,75353,16242605.6220
1648252800000,6.320,6.666,6.316,6.607,4546360.2,29711908.5494,74454,14530124.4487
1648339200000,6.608,6.861,6.362,6.837,4914837.7,32497156.1391,69934,15149253.0783
1648425600000,6.836,7.245,6.735,6.820,7540538.5,52698492.0305,108372,25841721.6339
1648512000000,6.821,7.666,6.801,7.091,11445730.0,82097013.8355,174898,38752101.7389
1648598400000,7.088,7.267,6.737,7.157,6063814.7,42776827.0558,96808,19985840.6483
1648684800000,7.156,7.338,6.656,6.821,6094251.8,42824334.5177,112209,20866546.0312
1648771200000,6.818,6.997,6.379,6.928,5226099.7,35128165.7535,97676,15292068.4016
1648857600000,6.931,8.211,6.906,7.817,22583012.8,172187500.4042,460415,82696767.3341
1648944000000,7.802,7.816,7.251,7.475,7229637.6,54150338.1078,158514,25072109.3410
1649030400000,7.476,7.479,6.818,7.258,6063064.0,43618142.1082,126586,19894050.6170
1649116800000,7.257,7.621,7.131,7.373,7875800.6,58327578.8759,158972,28483211.1060
1649203200000,7.375,7.452,6.332,6.396,6937673.6,47307682.1091,150780,21590560.0310
1649289600000,6.390,6.622,6.169,6.509,5013452.0,32214136.6458,102598,15083481.5256
1649376000000,6.506,6.658,6.055,6.125,4295089.6,27598853.7317,79261,12692650.1074
1649462400000,6.124,6.286,6.020,6.236,2694592.2,16637125.0078,49730,7916820.6749
1649548800000,6.240,6.389,6.036,6.056,3718898.5,22937315.7208,63581,11382761.0505
1649635200000,6.057,6.255,5.319,5.394,6224484.3,35676020.9900,97715,16865495.6535
1649721600000,5.396,5.829,5.350,5.688,6010414.9,33807573.6714,91472,16744308.0985
1649808000000,5.693,5.977,5.562,5.906,5067995.9,29286074.3163,83147,14050413.0511
1649894400000,5.909,6.221,5.684,5.791,5918459.7,35201867.1955,99721,17245837.7831
1649980800000,5.790,5.990,5.724,5.891,4912922.8,28807498.7985,77862,14263479.7414
1650067200000,5.893,5.959,5.712,5.828,2592391.7,15118440.7171,42780,7279560.4348
1650153600000,5.828,5.849,5.545,5.576,2217302.1,12769797.8918,41415,5962455.8063
1650240000000,5.575,5.806,5.260,5.783,6955068.0,38651932.0418,96401,18542918.7237
1650326400000,5.783,6.063,5.744,6.032,4172591.3,24571506.3833,60836,11975016.5839
1650412800000,6.033,6.039,5.739,5.831,3578358.4,21116680.9518,60903,10356460.1626
1650499200000,5.827,5.993,5.530,5.665,4792165.3,27905261.9871,75745,13677996.5781
1650585600000,5.663,5.791,5.537,5.618,3635364.5,20626122.8170,60623,10106342.2001
1650672000000,5.619,5.681,5.471,5.543,2774958.8,15522593.6831,48908,7495229.5583
1650758400000,5.545,5.701,5.400,5.474,4059872.7,22467968.6174,62667,11036738.9542
1650844800000,5.474,5.508,5.116,5.496,5626678.2,29870986.5486,83753,14531458.6474
1650931200000,5.497,5.613,5.060,5.170,6870514.1,37102280.5747,103879,17981763.5023
1651017600000,5.168,5.321,5.092,5.272,4160369.6,21779248.6503,65633,10828793.9083
1651104000000,5.272,5.395,5.121,5.226,4502133.7,23619486.7922,75862,11481212.9704
1651190400000,5.226,5.319,4.802,4.927,4756374.0,24100529.7706,77221,11531876.6617
1651276800000,4.924,4.957,4.280,4.470,6125405.2,28806626.6748,96409,14081377.5759
1651363200000,4.468,4.847,4.347,4.748,6234533.1,28859586.0262,104870,14171023.0451
1651449600000,4.747,4.787,4.398,4.638,6230993.5,28703814.9037,88428,14405909.5387
1651536000000,4.638,4.714,4.481,4.576,4823896.1,22178900.4798,75430,10917894.7753
1651622400000,4.576,5.178,4.552,5.119,7150632.2,34431495.2020,114138,17145829.9594
1651708800000,5.119,5.210,4.424,4.557,7885860.2,37855829.3694,133232,18437230.0001
1651795200000,4.557,4.578,4.264,4.496,9111303.6,40316943.6902,136375,20428654.0728
1651881600000,4.496,4.570,4.231,4.400,8470001.2,37477230.3418,118187,18590489.2635
1651968000000,4.402,4.436,4.170,4.275,9154952.5,39136174.8226,134253,18710192.9976
1652054400000,4.275,4.382,3.366,3.421,13229127.7,50787440.6280,202598,24506154.7179
1652140800000,3.419,4.571,3.208,3.865,55947830.1,225755237.7524,577511,112669890.5549
1652227200000,3.863,4.395,2.742,3.035,62263809.1,227927697.4025,767143,113579101.3054
1652313600000,3.035,3.255,2.274,2.710,38426691.5,103265362.3510,449567,50533167.6184
1652400000000,2.711,3.155,2.635,2.894,12437855.4,37040338.7147,169157,18097672.5504
1652486400000,2.893,3.072,2.675,2.993,8472184.3,24185533.4968,108520,11774748.5426
1652572800000,2.992,3.098,2.821,3.096,6484977.2,18976614.2653,85089,9552334.5690
1652659200000,3.096,3.096,2.737,2.828,7796084.3,22355567.1045,103978,11079018.2305
1652745600000,2.829,3.143,2.792,2.977,13461350.9,39839753.1651,136784,19092267.1870
1652832000000,2.976,3.067,2.697,2.872,34792210.3,100545503.0190,265328,48469711.1629
1652918400000,2.872,3.014,2.665,2.932,21835127.8,62070624.0455,189091,29799789.1626
1653004800000,2.933,2.997,2.685,2.759,10787024.7,30573831.2862,104843,14914864.9950
1653091200000,2.759,2.845,2.700,2.810,7375856.3,20429045.4580,73195,9972604.2640
1653177600000,2.811,2.912,2.758,2.882,6055466.1,17218901.7508,63387,8286173.5027
1653264000000,2.881,2.991,2.672,2.733,10340893.3,29816836.2644,86803,14245259.7903
1653350400000,2.732,2.804,2.538,2.756,11206741.3,30268420.9476,85711,14896964.9873
1653436800000,2.756,2.783,2.622,2.683,8673614.9,23319307.4376,70950,11396094.6587
1653523200000,2.684,2.766,2.372,2.475,12080951.8,30787429.8271,93646,15140789.1762
1653609600000,2.473,2.522,2.303,2.361,13648234.9,32636034.7811,101538,15835677.6006
1653696000000,2.360,2.428,2.312,2.402,7112007.3,16921576.4597,50258,8368573.6165
1653782400000,2.402,2.439,2.319,2.430,6525350.8,15538285.6597,46467,7690101.3576
1653868800000,2.431,2.724,2.400,2.683,10931221.6,28195299.6203,76727,13701819.7930
1653955200000,2.682,2.925,2.646,2.710,15019851.8,41509420.7884,119522,20453175.7901
1654041600000,2.711,2.718,2.384,2.482,11141449.1,28961722.8654,95422,13996769.6286
1654128000000,2.482,2.557,2.400,2.550,7795512.0,19281954.2764,66218,9346879.1510
1654214400000,2.551,2.553,2.384,2.416,6928788.3,16949789.2407,57115,8434252.9423
1654300800000,2.418,2.493,2.409,2.477,7546739.0,18502189.6718,61000,8850008.8834
1654387200000,2.476,2.488,2.412,2.435,4917105.2,12037262.7775,43684,5874277.0561
1654473600000,2.434,2.595,2.421,2.503,7076403.1,17739814.8089,54798,8582097.3758
1654560000000,2.502,2.514,2.320,2.429,7962283.3,19103858.4456,66428,9303790.0219
1654646400000,2.429,2.517,2.360,2.388,10444584.9,25318352.0632,68678,12329620.6679
1654732800000,2.388,2.434,2.359,2.386,5007830.8,12007666.9606,40731,5586907.8524
1654819200000,2.385,2.485,2.247,2.282,11394409.5,26935123.6753,85575,13360796.8520
1654905600000,2.283,2.339,2.038,2.065,12386046.8,26724097.5011,80507,13114801.7118
1654992000000,2.065,2.082,1.789,1.793,22073415.8,41693030.2150,116501,20251609.6890
1655078400000,1.792,1.818,1.507,1.590,32641130.5,52856505.8890,180414,26321858.7772
1655164800000,1.590,1.646,1.401,1.593,30565654.5,47460703.3735,158167,24010858.6059
1655251200000,1.594,1.681,1.403,1.679,28638509.4,43019759.6907,151090,21717007.9524
1655337600000,1.679,1.698,1.368,1.397,16224008.4,24626294.3127,98180,12210151.6391
1655424000000,1.397,1.459,1.370,1.393,16533682.3,23431983.4171,88714,11569451.9737
1655510400000,1.394,1.417,1.158,1.264,22207790.7,28306827.3465,107057,13731809.1921
1655596800000,1.264,1.388,1.213,1.373,15176604.4,19636010.9718,80269,9702806.3688
1655683200000,1.373,1.471,1.314,1.415,15431251.5,21634050.0357,80584,10722329.9209
1655769600000,1.416,1.549,1.391,1.468,13195739.9,19490358.7362,74879,9503365.6812
1655856000000,1.468,1.520,1.406,1.454,14676557.2,21480093.1150,78909,10437225.2098
1655942400000,1.455,1.627,1.453,1.606,24070518.9,37647489.4050,121439,18710201.8909
1656028800000,1.606,1.740,1.586,1.702,14738403.9,24291456.4302,83399,12126367.7377
1656115200000,1.703,1.804,1.657,1.791,17478325.3,30073349.2704,94483,14842267.2374
1656201600000,1.791,1.802,1.625,1.633,15149669.9,26207486.4587,84378,12636940.1726
1656288000000,1.633,1.761,1.626,1.688,17198652.3,29058124.8950,92469,14374396.5405
1656374400000,1.688,1.813,1.610,1.614,26014239.5,45367162.3371,143815,22012637.3208
1656460800000,1.613,1.699,1.524,1.564,23887832.0,38382886.2684,124752,19007493.7413
1656547200000,1.564,1.570,1.389,1.508,19491747.5,28339335.4148,102020,13888574.1288
1656633600000,1.508,1.556,1.431,1.460,15199149.6,22565248.5355,88135,11115632.5369
1656720000000,1.460,1.566,1.443,1.532,10682937.7,16052377.2276,63419,8098240.6572
1656806400000,1.532,1.584,1.482,1.546,9649775.4,14808172.9812,60604,7319956.3398
1656892800000,1.546,1.612,1.490,1.605,9964776.8,15450661.3982,59370,7140579.9461
1656979200000,1.605,1.672,1.539,1.604,14013930.3,22462793.4721,89161,10898309.9301
1657065600000,1.604,1.618,1.546,1.597,12175816.0,19226903.4605,78052,9554489.4296
1657152000000,1.597,1.676,1.570,1.664,8089268.6,13098614.2511,53916,6283115.2450
1657238400000,1.665,1.725,1.589,1.643,9354886.5,15386186.3583,74309,7369375.1008
1657324800000,1.642,1.724,1.638,1.698,6466475.1,10827720.9840,54882,5148251.8888
1657411200000,1.698,1.698,1.601,1.644,7222481.9,11920342.7267,51208,5945320.8271
1657497600000,1.643,1.644,1.501,1.506,8798674.7,13847600.9321,59901,6707352.8431
1657584000000,1.506,1.520,1.423,1.429,7392025.1,10965322.6528,49394,5409306.1568
1657670400000,1.429,1.519,1.370,1.513,10069693.0,14634310.2310,62135,7100752.2585
1657756800000,1.513,1.561,1.436,1.561,9950560.9,14885702.3585,66467,7739480.9765
1657843200000,1.560,1.601,1.530,1.542,8519575.7,13272961.3970,63407,6245832.7096
1657929600000,1.541,1.605,1.508,1.602,5522231.7,8590571.0771,46917,4199624.8706
1658016000000,1.602,1.629,1.558,1.572,7064813.8,11227447.9254,53221,5493319.3579
1658102400000,1.571,1.721,1.566,1.683,13407066.6,22236274.7249,84496,10458807.9936
1658188800000,1.683,1.968,1.655,1.921,44865204.3,82027490.3009,245213,40728676.2761
1658275200000,1.921,2.120,1.790,1.861,61662967.8,122872726.3258,344956,61020756.2876
1658361600000,1.861,1.894,1.749,1.876,20991209.9,38152539.5481,142360,18903434.8876
1658448000000,1.877,2.010,1.812,1.838,21221909.6,40721840.8510,136375,19864687.9136
1658534400000,1.838,1.909,1.755,1.846,10476250.3,19278853.8981,77486,9595144.1938
1658620800000,1.846,1.937,1.817,1.828,11052673.4,20633069.8786,79574,10247275.0973
1658707200000,1.828,1.853,1.616,1.620,14666279.2,25148079.9218,85781,12161443.3943
1658793600000,1.619,1.623,1.515,1.593,13335821.9,20950295.6831,75960,10308425.9045
1658880000000,1.592,1.777,1.550,1.768,27421389.2,45809649.2142,131079,22678680.6622
1658966400000,1.769,1.964,1.732,1.874,18843451.0,34477600.8599,110246,16824627.4373
1659052800000,1.873,1.965,1.817,1.859,18292606.5,34594854.3096,121025,17142521.5173
1659139200000,1.860,2.052,1.859,1.922,18778897.1,36869830.1356,127525,18136078.0733
1659225600000,1.922,2.092,1.903,1.926,14417992.0,28716039.7116,112961,13673065.1281
1659312000000,1.925,2.136,1.903,2.023,17459847.4,34932346.6750,123426,17251383.9023
1659398400000,2.024,2.070,1.806,1.872,18992923.5,35830046.7959,132452,17123279.7217
1659484800000,1.871,1.944,1.811,1.841,10648342.9,20141902.8068,77379,9783106.4813
1659571200000,1.841,2.787,1.837,2.599,378307144.3,941165012.1310,1608871,484564949.9083
1659657600000,2.600,2.970,2.501,2.730,384478818.1,1051855004.4772,1749475,535487408.6677
1659744000000,2.731,2.891,2.557,2.574,94122986.4,251946663.1150,479835,124248971.3993
1659830400000,2.573,2.763,2.508,2.622,73078803.0,193284470.9776,353902,96872861.6705
1659916800000,2.623,3.140,2.609,3.016,223642053.9,665472818.0975,1067899,338847322.3889
1660003200000,3.016,3.142,2.800,2.997,115091900.6,342911140.4231,631125,173137574.1131
1660089600000,2.997,3.136,2.780,3.062,85629854.6,250961201.9138,473093,124676705.9871
1660176000000,3.062,3.238,2.932,2.969,74760463.5,228182229.6828,419144,113119376.9915
1660262400000,2.969,2.972,2.842,2.938,30420459.6,88687359.1202,180988,42472847.5859
1660348800000,2.939,3.043,2.902,2.920,25319386.1,74884135.6207,145933,36172010.8368
1660435200000,2.921,2.937,2.781,2.830,22021758.3,63334384.1100,138327,30290539.2185
1660521600000,2.830,2.937,2.667,2.705,55656260.7,155473380.7581,272312,76510924.1963
1660608000000,2.706,2.759,2.633,2.682,28862916.8,77647646.4925,163955,37392846.9842
1660694400000,2.682,2.745,2.531,2.566,31534514.1,82724556.4116,190495,40040688.9495
1660780800000,2.567,2.810,2.409,2.523,89881687.5,240727809.2750,440919,118082449.5960
1660867200000,2.522,2.580,2.092,2.115,60820661.2,140539349.4574,323035,68761257.7254
1660953600000,2.116,2.268,2.032,2.121,37913595.8,82163236.5909,209420,41391049.1897
1661040000000,2.121,2.200,2.085,2.163,27882133.7,59772450.8087,162521,29028177.3969
1661126400000,2.163,2.177,2.021,2.125,23699845.1,49339956.7062,146230,24167757.0596
1661212800000,2.125,2.168,2.032,2.143,22405412.4,47305527.8965,136423,22867462.5650
1661299200000,2.144,2.237,2.064,2.143,26339673.9,56803573.8457,146724,27668541.9501
1661385600000,2.144,2.217,2.123,2.136,14230372.8,30830276.8595,90467,15345342.9931
1661472000000,2.136,2.136,1.817,1.849,31304820.4,62105581.7748,178838,29792990.9261
1661558400000,1.848,1.908,1.792,1.824,20249859.9,37711180.6893,111576,18198173.6551
1661644800000,1.824,1.844,1.673,1.693,23843095.6,42475675.5258,122632,19543517.5171
1661731200000,1.694,2.049,1.670,1.916,81617491.4,154450072.7126,350554,76799315.9219
1661817600000,1.915,2.069,1.869,2.011,118203203.6,233024794.8790,493251,117522357.5543
1661904000000,2.012,2.179,1.974,2.069,72407069.8,148569946.3483,347066,75526001.5577
1661990400000,2.069,2.090,1.957,2.044,33042244.5,66896383.4291,181884,32794091.9085
1662076800000,2.044,2.061,1.932,1.965,25933730.3,52030195.3362,145679,25786185.3270
1662163200000,1.965,1.970,1.882,1.950,19726839.6,38068583.4693,105130,18957763.0342
1662249600000,1.949,1.984,1.913,1.948,15880149.1,30994330.5290,92247,14821334.3521
1662336000000,1.949,1.966,1.846,1.918,19371924.9,36849533.4200,108159,18164462.7276
1662422400000,1.918,1.971,1.745,1.769,24948295.7,46701961.3736,135046,22556091.3111
1662508800000,1.768,1.884,1.731,1.858,16237290.4,29250993.2784,94907,14287251.4348
1662595200000,1.858,2.029,1.847,1.954,34447384.8,66648230.8180,184238,33170265.7778
1662681600000,1.954,2.218,1.942,2.112,41273201.8,85511235.2951,229532,43498720.3255
1662768000000,2.111,2.193,2.058,2.108,18310233.9,38676566.9662,131591,19119154.1788
1662854400000,2.108,2.146,2.057,2.115,11154358.8,23434358.5263,88959,11507310.4737
1662940800000,2.113,2.303,2.052,2.102,30172819.7,64760948.8587,197948,31902453.5532
1663027200000,2.101,2.103,1.841,1.861,23084466.3,45780193.0372,151405,21580523.7967
1663113600000,1.861,1.881,1.794,1.868,22064865.1,40614935.2664,135116,19069036.9708
1663200000000,1.867,1.867,1.734,1.753,19962445.0,35954674.7694,123583,17063633.6796
1663286400000,1.752,1.789,1.721,1.779,15481335.2,27137062.7710,96625,12879381.3065
1663372800000,1.778,1.849,1.773,1.838,12674728.8,22877342.5060,72035,11301550.1489
1663459200000,1.838,1.843,1.560,1.651,14562197.1,25341949.5267,98922,11944465.1155
1663545600000,1.651,1.710,1.590,1.695,16372195.6,26934093.5796,109478,13463105.5091
1663632000000,1.694,1.716,1.630,1.676,16078984.8,27025555.2562,93039,13171149.7833
1663718400000,1.676,1.763,1.593,1.617,17970703.9,30075451.3596,110798,14971167.2981
1663804800000,1.618,1.719,1.616,1.707,11312621.4,18919700.9358,78667,9115192.3252
1663891200000,1.707,1.759,1.628,1.705,13247278.0,22376137.5534,91565,10703984.0286
1663977600000,1.705,1.738,1.669,1.676,8110228.5,13873614.8214,59856,6675851.0716
1664064000000,1.675,1.699,1.618,1.640,7505815.4,12509130.3173,54347,5956709.9440
1664150400000,1.640,1.665,1.590,1.660,12049892.1,19647377.9186,76233,9689959.5393
1664236800000,1.660,1.733,1.624,1.650,15492221.8,26092754.6530,82642,12733099.0175
1664323200000,1.650,1.662,1.573,1.638,12789715.6,20669233.4884,72625,9784284.1181
1664409600000,1.639,1.782,1.602,1.692,83969340.5,144150489.4052,330767,74024751.6797
1664496000000,1.691,1.738,1.660,1.686,34478716.2,58385714.2786,158140,28352596.6931
1664582400000,1.686,1.705,1.668,1.682,8998486.4,15186546.2123,56761,7586107.4362
1664668800000,1.682,1.697,1.613,1.623,9785090.6,16169759.5455,58115,7747905.1858
1664755200000,1.622,1.694,1.603,1.680,9145255.5,15101105.2372,59479,7119277.5445
1664841600000,1.679,1.724,1.662,1.713,9439546.0,16034845.1899,55594,7986915.5534
1664928000000,1.713,1.719,1.653,1.700,7764604.6,13081503.9654,50177,6040751.8808
1665014400000,1.699,1.723,1.669,1.695,13781391.9,23437270.2419,71992,11395603.3222
1665100800000,1.694,1.699,1.657,1.682,7041003.3,11820980.9118,43061,5617364.8119
1665187200000,1.682,1.710,1.665,1.684,5072521.0,8583505.2026,34895,4419320.7716
1665273600000,1.684,1.711,1.672,1.703,6884969.5,11650931.5082,42669,5825012.6143
1665360000000,1.704,1.717,1.565,1.568,15102734.1,24759414.2668,79730,11715226.0557
1665446400000,1.569,1.611,1.521,1.580,14770252.3,23243195.2615,89812,11735750.7481
1665532800000,1.579,1.597,1.541,1.554,7716609.8,12062527.6836,48888,5886161.6069
1665619200000,1.554,1.558,1.390,1.509,21078935.4,30795582.4968,101046,15297049.7228
1665705600000,1.508,1.570,1.454,1.477,8564381.0,12977526.8473,53103,6214685.0994
1665792000000,1.478,1.499,1.454,1.463,5943601.4,8798631.3143,39565,4467417.6833
1665878400000,1.464,1.513,1.461,1.497,5578682.2,8302541.5601,36354,4173748.6019
1665964800000,1.496,1.543,1.475,1.534,11414927.6,17279478.6481,55795,8635796.6655
1666051200000,1.534,1.576,1.500,1.524,15315977.5,23614853.7878,82828,11770414.9857
1666137600000,1.524,1.535,1.429,1.442,15305709.2,22661930.4510,74272,10773037.7877
1666224000000,1.442,1.479,1.414,1.428,11269811.4,16325893.6756,62369,7848460.4763
1666310400000,1.427,1.456,1.373,1.448,14966342.2,21294786.3420,71529,10085410.5202
1666396800000,1.448,1.478,1.434,1.467,7074702.9,10309287.4322,41655,5158529.9462
1666483200000,1.467,1.543,1.428,1.516,13071153.7,19335216.3231,60398,9605781.8446
1666569600000,1.516,1.535,1.464,1.478,11281909.1,16857979.9699,61459,8644707.0406
1666656000000,1.479,1.586,1.474,1.546,16021402.7,24485944.7840,78994,12371519.7147
1666742400000,1.547,1.699,1.538,1.622,37880888.8,61907234.1552,171294,32164533.8167
1666828800000,1.622,1.723,1.603,1.607,40874028.1,67894713.6881,161243,34072124.1650
1666915200000,1.608,1.720,1.589,1.690,22475971.7,37008871.7377,105393,18675932.7131
1667001600000,1.691,1.860,1.688,1.791,32632513.6,57645027.8043,157514,28701086.5977
1667088000000,1.791,1.815,1.685,1.720,18256744.2,31971121.5739,105894,15539525.1382
1667174400000,1.720,1.737,1.638,1.673,17688258.3,29776946.2831,98862,14827003.9123
1667260800000,1.673,1.697,1.617,1.641,10535142.3,17518312.8647,64268,8528483.3316
1667347200000,1.642,1.688,1.564,1.606,25271978.3,41052246.3923,118959,20281012.0434
1667433600000,1.607,2.050,1.602,1.767,89928207.1,167333655.2057,376006,82594195.4466
1667520000000,1.768,1.874,1.711,1.848,41873769.3,75003812.4376,190727,35713757.6240
1667606400000,1.849,1.945,1.811,1.846,33333023.9,62541081.7198,156143,30804187.7320
1667692800000,1.847,1.862,1.716,1.725,15241632.5,27455035.1884,92461,13094196.6644
1667779200000,1.725,1.774,1.684,1.727,17939842.3,31115697.5885,97704,15354154.4044
1667865600000,1.728,1.737,1.224,1.451,44128537.8,67770193.0328,219770,32268337.4653
1667952000000,1.451,1.463,1.125,1.158,36846442.1,48317442.1986,188188,23949585.0022
1668038400000,1.158,1.399,1.140,1.345,29234123.4,37449314.3968,143843,18994165.5255
1668124800000,1.346,1.371,1.205,1.281,19166173.2,24535731.1302,110108,11876483.6408
1668211200000,1.281,1.297,1.193,1.230,13041897.6,16078304.7884,71579,7990683.1117
1668297600000,1.230,1.274,1.171,1.185,17920293.4,21890291.8675,91979,10977735.2109
1668384000000,1.186,1.222,1.119,1.198,16623192.5,19468573.9813,87277,9735501.7559
1668470400000,1.199,1.280,1.184,1.239,11683869.4,14399887.3207,59715,7073410.2119
1668556800000,1.239,1.287,1.181,1.217,14535150.8,17979267.7757,77458,8659890.4092
1668643200000,1.216,1.227,1.167,1.195,9154790.5,10968247.5696,48852,5430905.8295
1668729600000,1.195,1.232,1.190,1.208,8983499.8,10890034.1701,48918,5491172.9772
1668816000000,1.209,1.249,1.190,1.230,8500516.2,10366677.4529,42677,5081490.2695
1668902400000,1.230,1.254,1.135,1.144,10011985.7,12030732.9387,54287,5387492.5096
1668988800000,1.145,1.155,1.086,1.121,13226519.9,14891878.4687,67507,7232263.7792
1669075200000,1.121,1.145,1.068,1.143,11766005.4,13082104.5025,65298,6512315.9200
1669161600000,1.142,1.179,1.127,1.173,13924058.4,16089061.7934,70219,8144000.3120
1669248000000,1.173,1.183,1.127,1.147,10270580.0,11819817.0369,52550,5791352.9623
1669334400000,1.147,1.148,1.100,1.125,10256772.4,11485861.7897,53938,5442958.6576
1669420800000,1.124,1.144,1.110,1.123,8110617.6,9154898.7576,43374,4455877.9401
1669507200000,1.122,1.155,1.114,1.119,9641482.1,10962435.3084,49846,5429313.7082
1669593600000,1.121,1.133,1.076,1.091,12713806.0,13947943.6319,64940,6835277.1735
1669680000000,1.092,1.116,1.076,1.093,13821736.3,15178549.8009,66773,7466274.3244
1669766400000,1.093,1.136,1.091,1.131,17456747.3,19474458.8543,82544,9510504.9174
1669852800000,1.131,1.143,1.090,1.100,13892197.0,15434031.1958,65346,7569569.0694
1669939200000,1.101,1.110,1.072,1.101,13981780.2,15304972.9027,60251,7494399.7090
1670025600000,1.101,1.104,1.064,1.067,10015879.7,10878386.8377,43310,5060412.2541
1670112000000,1.067,1.133,1.060,1.124,26726588.0,29693822.3494,92793,14846804.0085
1670198400000,1.124,1.162,1.086,1.100,31526607.2,35386421.7178,105066,17044442.4337
1670284800000,1.100,1.113,1.087,1.109,17764228.1,19524482.1414,62832,9383317.1837
1670371200000,1.109,1.111,1.000,1.039,27246186.4,28658442.0057,89081,12678290.2585
1670457600000,1.038,1.051,1.000,1.041,22846904.3,23449192.3405,77811,11556198.4652
1670544000000,1.042,1.046,1.012,1.023,20918924.0,21457601.9239,71596,10605156.1574
1670630400000,1.024,1.031,1.005,1.022,13047993.6,13301212.2646,46590,6365443.0003
1670716800000,1.021,1.036,0.974,0.981,18639201.4,18814317.8944,55834,8748332.7511
1670803200000,0.981,0.987,0.916,0.950,30709769.7,28845743.5396,91577,13390006.8283
1670889600000,0.949,0.982,0.883,0.957,31104567.3,29005385.6564,92023,13627791.5082
1670976000000,0.957,0.969,0.918,0.923,17836389.7,16875106.4608,64238,8171614.8433
1671062400000,0.924,0.929,0.886,0.891,22152343.1,19919309.9257,79795,9642009.9840
1671148800000,0.891,0.904,0.731,0.767,46469376.9,38856843.0508,127804,17596377.6347
1671235200000,0.766,0.785,0.716,0.783,28811432.4,21665207.5276,79838,11034559.9949
1671321600000,0.783,0.787,0.747,0.762,13676294.5,10431479.8097,43204,4782350.4870
1671408000000,0.763,0.775,0.705,0.728,19799800.6,14825292.5867,62342,7285387.1214
1671494400000,0.727,0.782,0.716,0.776,25558470.2,19549751.5433,70287,9903972.3697
1671580800000,0.776,0.778,0.747,0.769,16260274.7,12416951.6716,45399,6040005.6651
1671667200000,0.769,0.772,0.737,0.764,15602097.1,11820119.0179,43544,5876703.4224
1671753600000,0.764,0.770,0.749,0.760,15713549.6,11941101.3652,40953,6185508.0790
1671840000000,0.760,0.764,0.749,0.757,8664974.6,6562267.4327,26542,3175030.6157
1671926400000,0.756,0.757,0.733,0.743,11858009.1,8843988.7703,33148,4308445.8704
1672012800000,0.744,0.777,0.743,0.764,24602632.6,18762271.8896,58200,9492380.1875
1672099200000,0.765,0.773,0.728,0.739,16461619.1,12272950.7765,43567,5775433.0976
1672185600000,0.739,0.741,0.677,0.690,25725231.5,18116061.7342,55742,8417871.6144
1672272000000,0.691,0.704,0.664,0.677,30716517.0,20993366.7832,64060,10059608.1156
1672358400000,0.677,0.682,0.638,0.655,23663031.8,15475463.0113,54163,7384819.9915
1672444800000,0.654,0.666,0.645,0.652,19275110.8,12640228.0122,47405,6498831.8618
1672531200000,0.652,0.661,0.643,0.657,13989666.8,9109010.3793,37387,4733123.0122
1672617600000,0.658,0.675,0.643,0.665,21204212.2,14049076.1964,45160,7143675.4579
1672704000000,0.666,0.755,0.665,0.723,111979775.2,80374962.7771,168116,40471522.1331
1672790400000,0.723,0.745,0.708,0.726,45950726.2,33518362.4030,85355,16727444.1451
1672876800000,0.727,0.731,0.699,0.705,29744433.1,21173302.4547,56806,10544515.5973
1672963200000,0.706,0.718,0.672,0.700,29563747.9,20376664.5429,57309,10110242.4299
1673049600000,0.700,0.722,0.695,0.699,22822201.4,16086634.9982,48133,7909209.3757
1673136000000,0.700,0.733,0.685,0.729,26367342.3,18624510.8213,53087,9478325.4884
1673222400000,0.728,0.848,0.722,0.784,111548456.6,87548930.8881,175351,43370462.1355
1673308800000,0.784,0.805,0.763,0.802,34431444.2,27013324.3586,77675,13321011.1056
1673395200000,0.802,0.824,0.759,0.817,36251161.3,28475605.5836,76662,13880177.7195
1673481600000,0.817,0.911,0.804,0.873,124920812.7,107600713.3641,241052,52757036.1200
1673568000000,0.874,0.948,0.864,0.932,65261318.6,59000929.1109,151992,29582422.0479
1673654400000,0.933,1.091,0.925,1.029,84046236.1,84030456.6991,221844,41928783.5062
1673740800000,1.029,1.163,1.024,1.090,109767261.7,119844308.0911,305931,59631626.5074
1673827200000,1.090,1.141,1.022,1.077,65109488.9,70444779.4680,189835,35303168.0001
1673913600000,1.077,1.080,1.028,1.052,35689460.1,37702764.8063,110743,18713781.2699
1674000000000,1.053,1.097,0.953,0.981,53609910.2,55574354.4017,163460,26068283.8674
1674086400000,0.982,1.044,0.979,1.040,36649331.7,37024953.9373,103951,19826835.5473
1674172800000,1.040,1.106,0.991,1.100,38679588.6,40021655.7356,119126,20319191.0521
1674259200000,1.100,1.127,1.036,1.055,41128661.0,44661735.6111,136170,21419891.9543
1674345600000,1.055,1.243,1.047,1.171,71199007.2,82311786.1226,229004,40622500.1756
1674432000000,1.172,1.286,1.155,1.189,72282482.6,87271326.7243,247387,42672932.9342
1674518400000,1.189,1.251,1.062,1.076,43761713.2,51475283.5005,177967,24078215.2534
1674604800000,1.076,1.157,1.044,1.128,59093631.0,64346909.4218,187860,31680711.0163
1674691200000,1.128,1.167,1.086,1.112,37558330.7,42127488.6593,135978,21063355.6870
1674777600000,1.113,1.124,1.058,1.088,39284454.5,42731751.7776,136430,20465576.4989
1674864000000,1.089,1.138,1.037,1.059,38257254.1,41502105.8992,126820,19667412.8407
1674950400000,1.058,1.121,1.045,1.113,25427494.0,27784796.8861,103601,13126668.9219
1675036800000,1.112,1.117,0.940,0.985,52497403.5,53782539.7496,156147,24800134.9847
1675123200000,0.984,1.080,0.972,1.059,44445588.3,45567754.2696,136747,22707751.7922
1675209600000,1.059,1.150,1.008,1.125,57923574.7,61609049.8484,179514,30031055.5713
1675296000000,1.125,1.195,1.104,1.112,47125070.2,54035655.5661,149818,26408418.9555
1675382400000,1.112,1.192,1.102,1.186,44266202.6,50926149.5671,147053,25576714.7403
1675468800000,1.187,1.197,1.147,1.161,26997327.1,31474365.2576,96106,15523114.7326
1675555200000,1.161,1.168,1.066,1.096,31798345.1,35609941.3562,104750,17149844.5737
1675641600000,1.097,1.144,1.076,1.085,33217560.8,37051734.9733,112198,18503354.4286
1675728000000,1.086,1.159,1.079,1.159,34983182.1,38996068.8340,112300,19963326.6838
1675814400000,1.158,1.292,1.122,1.145,90377953.6,109625997.7426,262507,53609558.8183
1675900800000,1.145,1.148,0.966,1.028,70460637.9,75142466.8948,204192,35982799.6484
1675987200000,1.027,1.049,0.990,1.022,34379342.1,35108197.6454,129831,17065714.7207
1676073600000,1.021,1.047,1.009,1.046,19866404.0,20353446.7183,91400,10085632.3486
1676160000000,1.046,1.088,1.014,1.031,28449677.1,30127529.6084,90978,13987425.8314
1676246400000,1.032,1.043,0.966,1.016,36733162.5,36741979.9258,108193,18339929.1078
1676332800000,1.017,1.053,0.977,1.035,39871213.6,40588809.3638,107798,19935634.7102
1676419200000,1.034,1.166,1.014,1.151,37738616.4,40733349.3621,107725,20256915.5886
1676505600000,1.152,1.212,1.095,1.104,48273298.2,56338735.0767,141502,27085562.8731
1676592000000,1.105,1.367,1.100,1.318,112487951.5,140756307.3591,321015,71564650.3379
1676678400000,1.317,1.410,1.284,1.315,83690877.2,112164944.4007,265353,55046455.5941
1676764800000,1.315,1.371,1.299,1.342,52415714.1,70077594.0122,176140,33904968.4104
1676851200000,1.342,1.447,1.334,1.390,51996026.6,72569161.4647,192076,35130483.4485
1676937600000,1.391,1.444,1.280,1.314,40696697.5,55222012.3447,162633,26409245.9547
1677024000000,1.315,1.332,1.118,1.250,94360069.1,113763440.1513,266428,52878442.7506
1677110400000,1.251,1.295,1.199,1.216,37609807.9,46769701.9192,134019,22711284.2604
1677196800000,1.217,1.237,1.147,1.183,28703433.6,34398017.4778,114015,17404026.2102
1677283200000,1.183,1.262,1.156,1.215,68283521.6,83128298.3431,212280,42056118.4879
1677369600000,1.214,1.231,1.185,1.227,18322513.8,22115773.5196,72536,11439225.5860
1677456000000,1.226,1.246,1.182,1.212,25838594.5,31289489.7804,94443,15727912.6627
1677542400000,1.211,1.215,1.148,1.158,18373725.8,21803157.6880,73407,10183951.9127
1677628800000,1.159,1.207,1.138,1.195,17871476.8,21102797.9554,71946,10525607.8222
1677715200000,1.196,1.210,1.114,1.143,21667459.9,24919390.9136,83066,11864628.4678
1677801600000,1.144,1.145,1.017,1.079,27714164.4,29516190.3261,98637,14404962.0121
1677888000000,1.079,1.089,1.020,1.053,14432927.1,15240101.0036,55417,7602721.3914
1677974400000,1.052,1.076,1.037,1.047,13774456.9,14580209.6902,56427,7158867.7453
1678060800000,1.046,1.073,1.012,1.051,28745050.5,29950015.5168,90491,14731744.8295
1678147200000,1.051,1.064,0.990,1.012,28299255.8,28896228.9684,90700,13860692.0301
1678233600000,1.012,1.018,0.939,0.948,26940548.6,26286179.6455,84871,12354614.5067
1678320000000,0.948,0.979,0.866,0.891,37246265.2,34667755.3262,114351,17026255.1412
1678406400000,0.891,0.895,0.813,0.878,48192304.6,41390483.0960,122691,20502333.8594
1678492800000,0.877,0.902,0.826,0.866,25711826.3,22073573.7222,86733,11182704.6863
1678579200000,0.866,0.935,0.843,0.931,26727872.1,23515668.1517,82714,11791146.8882
1678665600000,0.931,1.003,0.909,0.987,45433452.8,43384418.1520,141314,21934306.2587
1678752000000,0.987,1.080,0.958,1.040,54724011.2,55835676.8866,173357,27496292.5446
1678838400000,1.040,1.063,0.943,0.966,45973945.2,46167060.8150,162191,22755139.9195
1678924800000,0.965,1.002,0.955,0.994,29228859.8,28652644.2368,109359,14302214.1345
1679011200000,0.994,1.075,0.979,1.074,28149958.4,29110598.1835,103500,14230970.6210
1679097600000,1.075,1.102,1.023,1.041,29776943.2,31766942.6075,109994,15734639.6729
1679184000000,1.041,1.108,1.031,1.076,28311440.1,30454058.8021,104566,15104405.2459
1679270400000,1.076,1.093,1.004,1.036,42640712.9,44828229.9882,162110,22917061.6456
1679356800000,1.036,1.141,0.999,1.064,121259369.6,130590571.7411,378083,64576775.8479
1679443200000,1.065,1.066,0.953,0.987,50799250.9,51761499.6882,189173,25804493.7162
1679529600000,0.987,1.045,0.968,1.024,33314527.4,33532649.9152,108175,16643835.7115
1679616000000,1.024,1.025,0.961,0.977,29475611.4,29216309.9202,128885,14573887.5061
1679702400000,0.977,0.989,0.939,0.957,20747361.2,20045781.6140,84592,9917839.7048
1679788800000,0.956,0.985,0.947,0.976,17848929.3,17275883.3784,62450,8588784.0062
1679875200000,0.976,0.979,0.895,0.918,32510380.8,30260365.0932,107367,14960835.8885
1679961600000,0.919,0.943,0.897,0.937,28300458.8,25973448.0219,112565,12844856.5857
1680048000000,0.938,1.016,0.933,0.988,40900312.5,40098837.9834,120035,20150159.6597
1680134400000,0.988,1.012,0.948,0.968,31093184.6,30402627.3229,105222,15050808.3653
1680220800000,0.969,1.023,0.945,0.999,34099509.6,33431692.4071,103557,16862972.1362
1680307200000,0.999,1.005,0.979,1.000,16111155.6,15983449.5462,61980,7703817.3298
1680393600000,1.000,1.003,0.954,0.968,18709839.8,18316420.4810,71089,8805485.1614
1680480000000,0.968,0.996,0.934,0.970,28754914.7,27845536.8597,104608,13534767.3212
1680566400000,0.971,0.992,0.956,0.981,18938551.5,18473551.2833,75060,8990027.2320
1680652800000,0.982,1.017,0.969,1.011,25370959.0,25245625.1600,89212,12604064.4584
1680739200000,1.011,1.044,0.993,1.014,59715281.9,60878836.4821,174152,29750227.5604
1680825600000,1.015,1.019,0.976,0.986,21480104.6,21280451.9102,75013,10153680.7424
1680912000000,0.987,0.998,0.975,0.981,14222428.9,14057302.8213,55584,6692825.9570
1680998400000,0.981,0.995,0.961,0.986,15252582.4,14909733.9280,60073,7216261.8141
1681084800000,0.985,1.009,0.970,1.005,19090740.8,18836395.8105,67116,9381717.8706
1681171200000,1.006,1.009,0.990,0.995,18965528.1,18967327.9292,60995,9316955.9236
1681257600000,0.996,0.998,0.957,0.985,26552172.8,25927457.0913,82078,12511309.5702
1681344000000,0.986,1.025,0.976,1.018,19061442.9,19114120.1633,63161,9293497.4271
1681430400000,1.019,1.058,1.009,1.051,36414522.6,37850000.6425,105564,18553540.8269
1681516800000,1.052,1.069,1.028,1.060,24038604.5,25228779.6166,79697,12660014.2790
1681603200000,1.059,1.078,1.033,1.071,22251999.5,23536437.4955,78399,11565479.4952
1681689600000,1.070,1.072,1.014,1.034,32811445.7,33973247.8809,92529,16661900.0370
1681776000000,1.034,1.067,1.017,1.061,26076574.1,27335451.7097,79775,13062292.9382
1681862400000,1.061,1.062,0.933,0.954,36055957.8,35632385.8297,106924,16760233.4216
1681948800000,0.954,0.976,0.917,0.942,31493777.0,29971078.6156,92885,14741614.5860
1682035200000,0.941,0.954,0.884,0.902,23436790.6,21746322.8557,75756,10424600.9988
1682121600000,0.902,0.926,0.900,0.921,12922990.7,11804077.1897,46083,5853358.1740
1682208000000,0.922,0.924,0.868,0.900,24910136.2,22464615.5160,78165,10980064.1478
1682294400000,0.901,0.960,0.890,0.911,71561141.6,66253155.3538,184240,32877692.2347
1682380800000,0.912,0.922,0.863,0.910,37811338.5,33621518.7056,111809,16713241.1339
1682467200000,0.910,0.941,0.836,0.884,43007100.0,38801601.1934,123091,18622192.1637
1682553600000,0.884,0.911,0.879,0.902,31013267.3,27741153.9209,90807,13931088.9840
1682640000000,0.901,0.907,0.885,0.903,20006137.9,17937400.0246,61950,8809964.2372
1682726400000,0.903,0.914,0.894,0.906,14854641.6,13462107.8791,47786,6731557.2420
1682812800000,0.907,0.913,0.882,0.888,20722040.9,18619810.5250,57993,9186620.9864
1682899200000,0.888,0.892,0.832,0.849,26646152.7,22931380.4509,69556,11352920.9222
1682985600000,0.850,0.869,0.836,0.861,24450118.3,20801877.0952,60694,10485423.7170
1683072000000,0.861,0.876,0.827,0.869,26415365.3,22424057.0172,67604,10826107.1243
1683158400000,0.868,0.903,0.859,0.879,44476764.0,39261825.9421,125626,19335340.8787
1683244800000,0.880,0.892,0.862,0.881,25721319.4,22546162.2882,76156,11363080.9556
1683331200000,0.881,0.886,0.830,0.847,20803686.9,17768500.2174,59543,8691705.1801
1683417600000,0.848,0.858,0.834,0.837,15820928.4,13378031.0595,47423,6527534.0651
1683504000000,0.837,0.843,0.737,0.768,38424466.5,30230723.8932,96590,14142823.6604
1683590400000,0.768,0.786,0.759,0.777,19808945.4,15271603.3337,54229,7698881.5166
1683676800000,0.777,0.798,0.745,0.786,33677372.8,26305159.2890,78554,12890925.1706
1683763200000,0.785,0.786,0.736,0.748,32370464.1,24624669.2662,76155,11972006.7513
1683849600000,0.749,0.756,0.723,0.755,30364203.8,22447705.5550,71276,11100190.1006
1683936000000,0.755,0.755,0.740,0.750,26308535.4,19633766.0419,59758,9796154.9691
1684022400000,0.749,0.763,0.740,0.754,24120651.1,18118747.8177,52471,9380226.7563
1684108800000,0.754,0.778,0.741,0.761,27594046.4,21042798.3235,59432,10375389.2635
1684195200000,0.761,0.767,0.748,0.764,30747488.6,23311499.0529,63722,11505428.6582
1684281600000,0.765,0.801,0.760,0.790,41351270.7,32374031.3631,81210,15900798.7845
1684368000000,0.791,0.793,0.757,0.773,27699258.4,21594053.1204,60404,10459055.1684
1684454400000,0.772,0.778,0.762,0.776,23772908.5,18353862.5114,49617,9080037.2562
1684540800000,0.776,0.776,0.763,0.771,17366302.8,13362365.8580,39448,6534656.1877
1684627200000,0.770,0.775,0.737,0.746,19312342.0,14614842.1449,44505,7224545.5941
1684713600000,0.745,0.762,0.734,0.756,24700236.6,18521638.4966,51416,9237549.1242
1684800000000,0.756,0.773,0.752,0.769,23069215.1,17649241.6638,52365,8854635.7512
1684886400000,0.769,0.771,0.723,0.738,29380624.2,21896915.7825,58810,10779063.4328
1684972800000,0.739,0.747,0.716,0.744,25086960.1,18445664.1137,54236,9143602.2630
1685059200000,0.744,0.755,0.732,0.746,18544225.5,13781550.9897,46784,6627210.0938
1685145600000,0.746,0.753,0.737,0.750,15947908.2,11869744.1187,41541,5485064.8006
1685232000000,0.751,0.778,0.745,0.766,22489126.5,17089088.1954,50510,8139997.4624
1685318400000,0.767,0.775,0.746,0.753,25038889.6,19013898.9490,52419,9050923.7912
1685404800000,0.752,0.758,0.741,0.745,20479971.8,15356228.0434,49987,7418133.4183
1685491200000,0.746,0.750,0.709,0.723,26238941.5,19111608.6181,55351,8978180.3593
1685577600000,0.722,0.730,0.709,0.717,23252208.7,16738403.4687,51057,8266932.9952
1685664000000,0.718,0.732,0.716,0.727,22433169.1,16266947.5655,54774,8117741.8423
1685750400000,0.727,0.733,0.715,0.724,14785350.3,10735884.8522,39880,5284680.0579
1685836800000,0.724,0.738,0.719,0.729,19961328.8,14568680.4287,43234,7302267.7870
1685923200000,0.728,0.738,0.632,0.662,49558422.3,34330515.3452,89490,16427272.9267
1686009600000,0.661,0.679,0.635,0.674,40291875.3,26510528.8239,78746,13542263.1176
1686096000000,0.673,0.674,0.623,0.629,43098261.0,27773393.4639,85241,13633781.8281
1686182400000,0.629,0.635,0.609,0.624,29377794.6,18305401.9397,60828,9243705.1012
1686268800000,0.624,0.635,0.606,0.612,27829078.8,17277806.8463,56262,8551941.4608
1686355200000,0.611,0.612,0.406,0.507,135621194.5,69012845.0792,205222,33525558.9224
1686441600000,0.507,0.517,0.496,0.504,43364084.4,21847823.9094,65392,11009887.2502
1686528000000,0.504,0.504,0.480,0.496,50155144.3,24699222.2767,75630,12264471.3949
1686614400000,0.495,0.511,0.482,0.490,33329098.5,16495897.7711,62702,8155553.5763
1686700800000,0.490,0.492,0.453,0.457,58434216.3,27888423.3735,88418,13585233.1300
1686787200000,0.458,0.466,0.440,0.459,58556333.2,26536195.5559,81472,13647027.5446
1686873600000,0.459,0.467,0.446,0.466,45379458.9,20753687.2834,66175,10360159.8589
1686960000000,0.466,0.477,0.459,0.467,42109845.8,19734541.8051,54823,10007382.0250
1687046400000,0.466,0.470,0.453,0.458,45267273.3,20944722.7106,55195,10178353.3408
1687132800000,0.457,0.470,0.453,0.461,70897636.5,32727074.4405,72450,16308309.4616
1687219200000,0.462,0.476,0.442,0.473,84149047.2,38414252.5234,127206,18765588.7505
1687305600000,0.473,0.575,0.473,0.552,360823692.1,194400088.5790,421231,97600246.2183
1687392000000,0.552,0.611,0.518,0.525,199717924.5,113089407.2595,206435,56053515.4506
1687478400000,0.524,0.560,0.523,0.548,123582726.0,66409282.9435,127290,33423302.8197
1687564800000,0.548,0.551,0.521,0.541,99627175.0,53648536.6113,116571,27289880.3092
1687651200000,0.542,0.571,0.539,0.559,96339646.0,53728166.4551,111333,26617744.4918
1687737600000,0.559,0.562,0.533,0.541,91922560.0,50191436.8903,108058,25133615.1174
1687824000000,0.541,0.553,0.530,0.544,57271947.4,31083236.4843,71448,15635562.5642
1687910400000,0.544,0.565,0.480,0.508,111064322.9,59457241.7170,135825,28712484.9972
1687996800000,0.508,0.525,0.505,0.513,75510977.3,38854942.8193,82693,19510468.8303
1688083200000,0.514,0.556,0.494,0.542,157259226.3,83479304.3687,140585,41366304.6365
1688169600000,0.543,0.708,0.532,0.705,542291791.7,344790161.3536,651665,175941384.2279
1688256000000,0.704,0.757,0.635,0.716,797764117.3,553482789.4926,949582,278500425.2773
1688342400000,0.717,0.787,0.686,0.691,454277461.5,336757787.7265,572500,166923264.8201
1688428800000,0.692,0.696,0.637,0.641,217076651.8,144167527.5611,266346,73113928.1687
1688515200000,0.642,0.659,0.601,0.614,177297652.0,111273597.1224,202716,55909783.2397
1688601600000,0.614,0.658,0.605,0.620,230641869.7,145818077.1886,264113,73036278.1283
1688688000000,0.621,0.628,0.601,0.614,116046994.3,71188566.5351,135733,35509204.9833
1688774400000,0.613,0.623,0.585,0.601,67190571.6,40556131.1046,90113,19899821.8735
1688860800000,0.602,0.621,0.596,0.609,76178089.4,46312779.2017,91597,23273493.8129
1688947200000,0.609,0.616,0.586,0.602,96002538.6,57439468.6994,103804,28257480.8932
1689033600000,0.603,0.617,0.588,0.603,66816042.2,40179564.2537,81087,19678605.6775
1689120000000,0.603,0.603,0.577,0.585,71608675.5,42251755.9899,78883,20909523.6015
1689206400000,0.585,0.641,0.567,0.638,114628953.5,68940895.2124,128969,34677000.2764
1689292800000,0.638,0.661,0.597,0.616,181289965.2,115589955.5137,202563,57163474.5804
1689379200000,0.617,0.623,0.599,0.608,54939873.5,33466821.4203,83668,16262307.1402
1689465600000,0.609,0.639,0.604,0.608,104374393.7,64837250.2021,136248,31840505.2805
1689552000000,0.608,0.634,0.599,0.622,124255663.6,76678074.0566,132832,37844401.5498
1689638400000,0.622,0.672,0.613,0.637,225593228.5,144945189.0505,253732,71473595.6654
1689724800000,0.638,0.663,0.624,0.644,127422097.7,81741268.9153,150183,40517979.9669
1689811200000,0.643,0.654,0.619,0.633,85044274.7,54212248.5119,106175,26404165.0877
1689897600000,0.633,0.644,0.623,0.630,58087153.0,36672398.5418,80372,18165264.0983
1689984000000,0.630,0.637,0.615,0.621,45340366.4,28418262.5159,67027,14045050.4929
1690070400000,0.621,0.630,0.612,0.617,43012990.6,26694069.7047,65164,13218525.7359
1690156800000,0.617,0.622,0.562,0.589,92715369.2,54739599.1324,105199,26644982.9001
1690243200000,0.588,0.599,0.575,0.585,79675558.5,46496149.1409,88980,23013935.0778
1690329600000,0.585,0.601,0.567,0.591,82296677.1,47868909.2963,89069,24108497.3698
1690416000000,0.591,0.594,0.574,0.582,67526848.4,39520490.2946,71846,19206274.8408
1690502400000,0.582,0.590,0.571,0.583,50402530.2,29274213.8692,60841,14809503.8338
1690588800000,0.583,0.596,0.579,0.592,37963371.2,22202632.4864,48697,11253898.6501
1690675200000,0.592,0.607,0.572,0.587,102786881.5,60786409.7437,111088,30156609.2877
1690761600000,0.587,0.593,0.574,0.580,54893725.3,32013831.5516,55874,15607317.4083
1690848000000,0.580,0.592,0.561,0.591,78768408.1,45491098.7799,73430,22279436.5151
1690934400000,0.591,0.596,0.569,0.574,67581799.1,39145771.0342,64415,18700134.2799
1691020800000,0.574,0.582,0.561,0.564,56289234.6,32054574.0125,57811,15890553.4479
1691107200000,0.564,0.565,0.549,0.556,56362546.5,31484283.5169,59166,16065353.0522
1691193600000,0.556,0.560,0.544,0.556,35202736.7,19391890.7570,43396,9572808.5715
1691280000000,0.555,0.564,0.551,0.552,41367476.1,23068191.0863,46013,11907763.6408
1691366400000,0.553,0.562,0.528,0.546,55223160.1,30149144.9436,54115,14582460.3940
1691452800000,0.546,0.571,0.540,0.560,57303552.9,31847516.9326,59815,16704361.8542
1691539200000,0.561,0.566,0.549,0.555,39741670.9,22153802.5303,42412,11040126.3858
1691625600000,0.555,0.561,0.550,0.557,32441626.1,17976638.7805,33177,9058875.3828
1691712000000,0.557,0.563,0.552,0.558,26357726.7,14696003.5534,33716,7532772.0613
1691798400000,0.558,0.562,0.553,0.559,13837405.8,7716104.2979,24449,3763063.8564
1691884800000,0.558,0.567,0.555,0.557,22038893.6,12351888.7613,27377,6097854.3601
1691971200000,0.557,0.560,0.546,0.553,20378047.9,11285447.7934,30325,5537742.0703
1692057600000,0.552,0.554,0.496,0.521,30939700.9,16461566.1208,44091,7564388.8250
1692144000000,0.522,0.522,0.475,0.487,36509242.1,18274383.1878,49666,8818171.4816
1692230400000,0.487,0.497,0.392,0.446,75477017.8,35000823.8729,85184,17121410.2190
1692316800000,0.445,0.459,0.441,0.454,53539372.8,24105863.7271,56970,12257521.4210
1692403200000,0.455,0.465,0.448,0.464,24758719.6,11277998.0454,36431,5519479.6296
1692489600000,0.463,0.479,0.459,0.468,25985368.6,12132717.8228,45496,6103374.9344
1692576000000,0.468,0.468,0.443,0.458,34548699.5,15757343.8402,44858,7779473.6814
1692662400000,0.458,0.462,0.434,0.457,34824215.1,15685028.0020,43859,7760341.5234
1692748800000,0.457,0.472,0.452,0.465,26492368.6,12221810.0487,36957,6079578.2150
1692835200000,0.465,0.467,0.447,0.455,33753923.7,15409768.6600,42144,7664918.0388
1692921600000,0.454,0.455,0.443,0.451,37375028.0,16757228.8558,44838,8315721.4247
1693008000000,0.450,0.454,0.445,0.450,19048269.3,8575251.1115,33976,4371015.3663
1693094400000,0.450,0.456,0.445,0.453,22250866.6,10024307.2950,32911,5098036.7375
1693180800000,0.453,0.457,0.438,0.455,43732019.5,19568555.3132,55788,9732787.5784
1693267200000,0.454,0.481,0.440,0.477,76371294.2,35437789.2091,69741,17627392.7996
1693353600000,0.477,0.491,0.457,0.461,52379009.1,24621036.9939,59415,12332557.2341
1693440000000,0.462,0.462,0.431,0.436,45596147.3,20390480.0375,56750,9739178.2853
1693526400000,0.436,0.441,0.425,0.429,34427097.9,14900036.3541,44529,7646791.6917
1693612800000,0.429,0.430,0.422,0.429,17309038.9,7373272.7282,29166,3576904.5797
1693699200000,0.429,0.432,0.421,0.429,18976841.2,8099180.1770,35810,4191991.0979
1693785600000,0.428,0.444,0.426,0.438,40205394.7,17474150.5199,52215,8518554.5379
1693872000000,0.437,0.440,0.427,0.438,24059622.0,10440874.5999,35310,4802768.9624
1693958400000,0.438,0.443,0.423,0.436,31506768.2,13664217.3808,40519,6760517.2883
1694044800000,0.436,0.441,0.430,0.440,22402213.3,9741438.3447,33867,5019614.7497
1694131200000,0.439,0.442,0.427,0.433,21932378.4,9507122.2513,29567,4639150.6123
1694217600000,0.434,0.436,0.428,0.433,13674118.3,5913236.5736,21943,3180201.0784
1694304000000,0.432,0.433,0.409,0.416,31204698.3,13092474.2774,40830,6323858.0241
1694390400000,0.417,0.419,0.389,0.398,49902793.8,20063446.6346,57360,9789395.0710
1694476800000,0.398,0.420,0.398,0.407,31474877.0,12897507.4938,41287,6405699.5972
1694563200000,0.408,0.421,0.405,0.417,29899132.6,12343230.0399,41910,6210959.4270
1694649600000,0.417,0.431,0.414,0.425,27200622.5,11498063.0708,42396,5703998.3592
1694736000000,0.424,0.434,0.418,0.433,19205781.6,8155794.2880,37549,3988925.3287
1694822400000,0.433,0.478,0.431,0.469,111262704.0,51410915.0584,129758,25884411.2451
1694908800000,0.469,0.475,0.431,0.435,54103543.2,24290772.0813,63159,11910277.6526
1694995200000,0.435,0.457,0.434,0.446,59354933.2,26618502.2723,66933,12979024.6974
1695081600000,0.446,0.454,0.440,0.450,28770986.8,12899593.4064,42618,6502580.8061
1695168000000,0.450,0.453,0.436,0.448,29667715.9,13162538.5326,42173,6558993.4492
1695254400000,0.447,0.471,0.434,0.442,46874334.1,21131128.3346,64856,10221027.4900
1695340800000,0.441,0.446,0.435,0.443,18201272.2,8005549.3331,32900,4075983.8114
1695427200000,0.443,0.453,0.439,0.451,22530475.6,10062225.0117,36834,5064140.7525
1695513600000,0.451,0.454,0.439,0.441,19841065.4,8852722.8425,31360,4408613.2040
1695600000000,0.441,0.460,0.437,0.445,49012436.6,21943625.2969,61164,11110785.8211
1695686400000,0.446,0.449,0.435,0.444,18583479.7,8234267.1711,30867,3973086.5154
1695772800000,0.444,0.447,0.434,0.441,21420805.8,9430059.2036,33847,4503681.5697
1695859200000,0.442,0.450,0.439,0.447,24221856.6,10767019.5655,32890,5439260.1525
1695945600000,0.448,0.459,0.443,0.456,23673498.4,10630043.2638,31652,5512879.0787
1696032000000,0.455,0.460,0.450,0.457,19886016.6,9043880.8808,28823,4486907.4131
1696118400000,0.456,0.472,0.455,0.470,34041165.6,15759414.0352,36572,7867684.5137
1696204800000,0.471,0.474,0.443,0.451,56684152.3,26214319.6043,54573,12419137.8318
1696291200000,0.450,0.455,0.439,0.441,35348410,15801297.2531,37169,7588184.3392
1696377600000,0.442,0.443,0.421,0.436,37852931.4,16316379.7487,46146,7861446.0147
1696464000000,0.436,0.438,0.425,0.430,23519064.8,10129511.1877,34124,5246480.7496
1696550400000,0.431,0.442,0.429,0.438,21760478.6,9470503.0649,29339,4832132.7613
1696636800000,0.438,0.451,0.438,0.447,29424269.8,13087663.7131,44044,6636555.0810
1696723200000,0.446,0.447,0.433,0.441,20585509.9,9061195.3370,32333,4388176.2205
1696809600000,0.440,0.446,0.406,0.420,43516174.5,18380470.2055,51944,8883954.1435
1696896000000,0.420,0.432,0.415,0.426,38287954.3,16242141.1903,45868,8180795.4385
1696982400000,0.425,0.426,0.409,0.421,41660478.5,17334935.9948,41872,8698498.4240
1697068800000,0.421,0.421,0.409,0.416,31116305.2,12893519.5586,29544,6298612.9666
1697155200000,0.415,0.423,0.412,0.418,31900998.3,13315980.2966,31544,6646857.7436
1697241600000,0.418,0.434,0.416,0.430,48494908.4,20731167.4583,50782,10330905.7712
1697328000000,0.429,0.450,0.428,0.450,38787378.6,16898059.2701,42345,9022300.1234
1697414400000,0.450,0.462,0.440,0.452,56751354.4,25437018.8460,47844,12675580.9056
1697500800000,0.452,0.455,0.432,0.444,30834212.6,13671031.1188,30440,6590139.8140
1697587200000,0.444,0.444,0.430,0.432,29506854.5,12908858.5207,34525,6111475.1605
1697673600000,0.431,0.436,0.412,0.421,37853271.8,15981468.7456,40727,7881317.1341
1697760000000,0.422,0.448,0.419,0.442,34262739.2,14966568.6480,38545,7618014.4157
1697846400000,0.442,0.463,0.442,0.458,34510567.1,15672322.9467,34106,7787088.4630
1697932800000,0.459,0.460,0.444,0.457,34931849.1,15793284.6435,36257,7859536.1037
1698019200000,0.457,0.494,0.452,0.488,106057040.2,49573028.9035,83878,24705240.0589
1698105600000,0.488,0.541,0.480,0.525,163133831.4,83058331.1329,172840,41473739.0144
1698192000000,0.525,0.525,0.503,0.518,103562857.5,53112731.7766,94377,26384212.7492
1698278400000,0.519,0.538,0.486,0.508,126200735.5,64972276.9053,107656,32249848.1346
1698364800000,0.508,0.547,0.503,0.525,124079748.5,64989618.3732,142002,32872509.6985
1698451200000,0.524,0.539,0.519,0.533,54387774.9,28783873.2380,61558,14184577.6656
1698537600000,0.534,0.557,0.518,0.546,51408938.4,27733145.5212,71620,13728789.6417
1698624000000,0.546,0.561,0.523,0.543,52950917,28707482.8886,76929,13704195.8054
1698710400000,0.544,0.548,0.498,0.522,63980278.6,33313724.2514,75915,16381056.3665
1698796800000,0.523,0.547,0.503,0.540,60350501.8,31381321.6509,81085,15469473.9427
1698883200000,0.540,0.564,0.502,0.516,89871368.6,48390755.2968,116984,23014716.9537
1698969600000,0.516,0.523,0.501,0.519,51102042.5,26196309.3875,84048,13277023.5380
1699056000000,0.520,0.542,0.516,0.540,39255003.3,20660473.8231,55699,10482997.5978
1699142400000,0.540,0.600,0.532,0.577,143549273.4,82043402.0116,192544,41169102.1662
1699228800000,0.577,0.609,0.568,0.602,84286507.5,49788260.4036,130712,24204644.8627
1699315200000,0.602,0.623,0.568,0.604,109346762.1,64997760.5603,174670,31517724.1120
1699401600000,0.604,0.651,0.592,0.628,102008016.5,63838250.1932,160486,31304630.5836
1699488000000,0.628,0.651,0.531,0.611,101202830.2,62246359.8278,182132,30505517.2911
1699574400000,0.611,0.641,0.595,0.634,69470013.2,43235711.2850,119366,21457977.4556
1699660800000,0.634,0.697,0.600,0.654,81225082.2,52133000.9002,145483,25633613.4905
1699747200000,0.653,0.731,0.652,0.701,146063824.5,101505576.1503,260106,51106380.6383
1699833600000,0.702,0.705,0.647,0.653,72891432,49082734.5697,142498,23966294.0964
1699920000000,0.653,0.745,0.606,0.675,185356999.9,126400894.0549,300219,63974187.6211
1700006400000,0.676,0.710,0.650,0.702,82792097.3,56516991.1261,135732,27889179.7149
1700092800000,0.703,0.742,0.649,0.663,95907630,66817212.4278,177484,32283782.1262
1700179200000,0.663,0.683,0.629,0.662,55038027.8,36275389.6166,107524,17784380.4714
1700265600000,0.663,0.683,0.614,0.683,53200142.1,34725182.7638,102763,17853064.6387
1700352000000,0.683,0.700,0.660,0.694,33325086.5,22598369.0451,69718,10985636.6056
1700438400000,0.694,0.714,0.661,0.675,53569864.3,36856838.1320,98003,18177165.7274
1700524800000,0.676,0.680,0.593,0.596,53245192.3,34038206.1995,110387,16233660.7624
1700611200000,0.596,0.648,0.594,0.640,44872458.3,27807649.2283,76432,13958111.3283
1700697600000,0.640,0.648,0.617,0.632,31413490.8,19857448.0265,60381,9325167.2258
1700784000000,0.633,0.651,0.630,0.646,28089118.3,17990714.4606,53483,8865882.0013
1700870400000,0.646,0.698,0.642,0.684,53973515.1,36524435.7193,92495,18444788.1525
1700956800000,0.684,0.692,0.658,0.688,48594850.7,32764730.6827,86174,16585119.6631
1701043200000,0.688,0.708,0.642,0.660,60347874.2,40240641.4057,111981,19698378.1217
1701129600000,0.661,0.674,0.631,0.666,34020319.6,22156618.4572,71174,11024927.0068
1701216000000,0.667,0.677,0.641,0.651,28809377.5,18996602.6091,69878,9625924.9900
1701302400000,0.652,0.658,0.637,0.653,23079491.5,14952018.6044,55071,7341556.3547
1701388800000,0.653,0.685,0.646,0.677,26460109.1,17668753.5170,57998,8602722.1165
1701475200000,0.676,0.698,0.671,0.691,26960592,18494637.2537,56352,9273228.2985
1701561600000,0.691,0.695,0.666,0.685,25779143.2,17555844.9016,54913,8665706.2657
1701648000000,0.684,0.727,0.663,0.727,79237069.9,55703903.9440,141553,27718440.7952
1701734400000,0.726,0.845,0.721,0.813,208865863,167084808.8293,337737,82721869.9708
1701820800000,0.813,0.813,0.737,0.757,83978238.1,65009766.9190,143369,31648634.0595
1701907200000,0.757,0.794,0.745,0.788,57992476.6,44763025.6634,111070,22287790.3739
1701993600000,0.787,0.820,0.772,0.815,47832945.9,38020349.7887,91161,18871102.6662
1702080000000,0.816,0.881,0.815,0.853,88508548.9,75983305.9527,159312,38329434.9736
1702166400000,0.852,0.881,0.818,0.838,44840971.2,38048672.9119,89480,18720462.6604
1702252800000,0.838,0.839,0.699,0.770,89312766.3,68803588.6885,168415,34036878.8746
1702339200000,0.770,0.785,0.756,0.780,50727329.8,39234535.5266,89910,19353140.0094
1702425600000,0.779,0.798,0.721,0.788,54328909.3,41025898.4281,106912,20021564.3974
1702512000000,0.789,0.817,0.753,0.815,38677341.9,30459087.7589,84035,14799102.9499
1702598400000,0.814,0.818,0.748,0.753,31719708.9,24891609.7276,74603,12464229.9626
1702684800000,0.753,0.831,0.738,0.796,43556154.4,34254959.0811,87073,17151882.2764
1702771200000,0.796,0.799,0.762,0.780,46528232.5,36323124.3724,87415,18661022.0170
1702857600000,0.780,0.802,0.714,0.779,55934639.9,42272088.3808,113864,19843300.2696
1702944000000,0.779,0.812,0.759,0.774,47554559.0,37377991.9287,104516,19387894.4711
1703030400000,0.774,0.861,0.762,0.842,61055570.7,50376332.4333,122529,25379967.5476
1703116800000,0.842,0.946,0.830,0.919,110738760.9,99521684.2028,204429,48870168.9209
1703203200000,0.919,0.975,0.879,0.926,86124574.6,79243670.5829,158951,39163842.6471
1703289600000,0.927,0.928,0.888,0.912,34527062.8,31128256.8394,79573,14950742.8864
1703376000000,0.912,0.966,0.893,0.934,60304761.9,56269656.0230,138687,27846213.7009
1703462400000,0.933,1.036,0.933,0.996,83894518.2,82695875.2375,171974,41163464.6727
1703548800000,0.996,1.036,0.885,0.955,88969624.2,85563180.2162,179875,42341851.3903
1703635200000,0.955,0.997,0.903,0.978,55710309.1,53499893.7537,122592,25969167.9249
1703721600000,0.978,1.014,0.899,0.920,52042645.9,49472199.8599,137654,24681163.1653
1703808000000,0.921,0.945,0.875,0.906,46215474.1,42230143.5423,117612,20666261.5037
1703894400000,0.906,0.908,0.869,0.888,25447360.0,22693974.4342,66860,10663659.3006
1703980800000,0.889,0.945,0.885,0.913,33221828.7,30288326.7877,88879,15071612.4734
1704067200000,0.914,0.966,0.891,0.955,34642106.3,32177695.3340,92062,15818717.7324
1704153600000,0.956,0.987,0.912,0.917,35657854.7,33924241.5916,96196,16892803.6275
1704240000000,0.916,0.955,0.631,0.826,92228894.4,77152782.9814,216282,36295034.5247
1704326400000,0.826,0.870,0.799,0.853,61777917.7,51989751.0110,123575,26317376.1136
1704412800000,0.852,0.856,0.774,0.809,39062522.5,31636572.9980,106476,15746459.5957
1704499200000,0.809,0.830,0.747,0.820,39098367.6,31123905.3553,98132,15707949.5244
1704585600000,0.821,0.828,0.744,0.763,34855834.9,27631115.5659,88457,13377475.9235
1704672000000,0.763,0.830,0.697,0.822,54225103.7,41097743.0065,123604,20382644.6319
1704758400000,0.822,0.823,0.739,0.765,56285119.7,43403648.5343,119732,21236489.3317
1704844800000,0.765,0.838,0.725,0.820,57472443.5,44066023.1130,134544,21813091.1595
1704931200000,0.820,0.920,0.811,0.880,70349913.8,61658418.8706,179345,30847955.3660
1705017600000,0.879,0.937,0.771,0.827,74228451.5,65560592.0792,192558,32129592.0733
1705104000000,0.827,0.876,0.789,0.846,42544000.1,35696789.5131,111680,17565140.9873
1705190400000,0.845,0.847,0.810,0.810,25862768.0,21485268.6905,82359,11010269.0198
1705276800000,0.811,0.842,0.810,0.822,20675272.1,17109336.9708,65689,8601753.5329
1705363200000,0.823,0.868,0.818,0.850,26977644.7,22584290.3450,73695,10975290.8103
1705449600000,0.849,0.857,0.811,0.823,19537430.4,16200969.7903,59968,7980138.6782
1705536000000,0.823,0.832,0.761,0.780,29262398.0,23359409.5628,83262,11632745.5929
1705622400000,0.780,0.785,0.726,0.777,34421351.0,26231434.2303,86356,12682305.2682
1705708800000,0.776,0.787,0.759,0.786,13402595.0,10338568.7277,44283,5086445.2790
1705795200000,0.785,0.815,0.779,0.791,15810950.5,12624637.1681,53639,6275199.4888
1705881600000,0.790,0.829,0.730,0.738,67800363.7,53036154.1933,172103,26423552.1828
1705968000000,0.739,0.766,0.690,0.731,49914310.1,35934165.4796,113660,17571639.6571
1706054400000,0.731,0.758,0.722,0.753,30520304.2,22675516.7128,75701,11779096.7173
1706140800000,0.752,0.753,0.711,0.725,23939725.4,17456939.9624,69011,8572172.6054
1706227200000,0.725,0.766,0.719,0.755,25785615.4,19296838.0793,59145,9895221.8723
1706313600000,0.756,0.770,0.743,0.766,13175423.4,9964547.4840,39965,5004783.0913
1706400000000,0.766,0.773,0.736,0.740,19315214.5,14589007.0016,55423,6933855.5615
1706486400000,0.741,0.773,0.736,0.766,24085271.3,18176085.2204,60369,9055962.4396
1706572800000,0.766,0.770,0.736,0.740,25396378.2,19160850.8524,64446,9470267.8708
1706659200000,0.740,0.744,0.707,0.714,35308219.2,25577213.3331,76489,12937064.0735
1706745600000,0.713,0.733,0.695,0.727,23136635.8,16488356.5729,56941,7874944.2064
1706832000000,0.727,0.748,0.720,0.742,16358000.9,11987531.5388,43879,6335290.0109
1706918400000,0.743,0.756,0.739,0.745,13725866.6,10269126.9522,41866,5161387.1716
1707004800000,0.745,0.746,0.709,0.712,16350287.8,11917075.1728,47625,5846717.4554
1707091200000,0.712,0.736,0.698,0.720,20568542.6,14818179.9568,49327,7457741.1162
1707177600000,0.720,0.745,0.711,0.733,17479637.9,12767623.3236,51866,6142713.3405
1707264000000,0.733,0.748,0.718,0.746,14983605.6,10982802.5234,43217,5502694.7425
1707350400000,0.746,0.820,0.740,0.793,41859329.3,32805704.0670,98664,16652156.7494
1707436800000,0.793,0.819,0.784,0.813,40365175.9,32445581.4593,83957,15278429.6077
1707523200000,0.813,0.846,0.802,0.831,36566007.1,30377350.4301,89008,15067309.6660
1707609600000,0.831,0.840,0.815,0.821,21354902.1,17646837.0236,56919,8345145.7738
1707696000000,0.821,0.861,0.799,0.851,28631631.4,23713591.1132,78222,11895922.9728
1707782400000,0.851,0.894,0.851,0.860,48188928.3,41920132.7562,118748,20477501.9119
1707868800000,0.860,0.937,0.851,0.929,46894891.4,42590490.7008,114847,21146986.4204
1707955200000,0.930,0.993,0.925,0.959,65919928.4,63223374.7247,167209,31299435.9011
1708041600000,0.959,1.002,0.921,0.955,40021800.4,38567039.7332,116765,19513744.3552
1708128000000,0.955,0.963,0.896,0.933,21538778.7,19945439.0929,73460,9693442.3248
1708214400000,0.934,0.971,0.919,0.964,20712763.5,19663764.7684,72171,9453887.0219
1708300800000,0.963,0.977,0.940,0.961,24880408.6,23830258.8927,79552,11663737.8902
1708387200000,0.960,0.962,0.883,0.929,35605082.8,33007806.7319,105707,16527962.2378
1708473600000,0.930,0.934,0.851,0.885,28431349.5,25164802.9640,87617,11613712.6333
1708560000000,0.886,0.966,0.859,0.961,36210390.2,33255345.6387,106248,17417602.3295
1708646400000,0.960,1.021,0.921,1.012,73413041.0,71297367.5230,196519,35582390.2527
1708732800000,1.013,1.070,0.979,1.004,62636561.2,64043605.0766,176110,31581347.8985
1708819200000,1.003,1.041,0.982,1.029,31360553.1,31721971.3059,101354,15732386.1314
1708905600000,1.029,1.079,0.982,1.054,56472774.3,58288098.6358,157834,28119032.7517
1708992000000,1.054,1.110,1.024,1.077,54651176.4,58193365.4994,151780,28635519.1401
1709078400000,1.078,1.113,0.894,1.057,71180988.5,74584570.7602,211254,36151801.7530
1709164800000,1.057,1.107,1.022,1.063,57842417.5,61837846.6194,186192,30624433.0191
1709251200000,1.064,1.140,1.060,1.131,39557024.5,43535952.0313,144481,21443987.0203
1709337600000,1.131,1.244,1.112,1.211,47196513.7,55852760.0197,176410,27672186.7134
1709424000000,1.211,1.228,1.053,1.213,45352156.1,52921234.6326,185420,25660232.2233
1709510400000,1.214,1.299,1.187,1.229,55412476.0,68952768.6637,238494,34275827.0347
1709596800000,1.230,1.267,0.944,1.123,97037678.3,114271786.7284,354710,55235120.4334
1709683200000,1.123,1.227,1.070,1.216,48143960.5,55019852.9192,197326,28151084.3786
1709769600000,1.216,1.412,1.213,1.338,113163486.5,151673224.9746,402746,75092371.4585
1709856000000,1.338,1.353,1.231,1.336,45965385.6,60365775.2123,191818,29688812.4287
1709942400000,1.336,1.442,1.315,1.380,31211004.4,43238566.7898,141475,21749316.5995
1710028800000,1.381,1.493,1.371,1.431,49025491.6,70370764.3035,220838,34694260.3380
1710115200000,1.431,1.591,1.323,1.525,75439529.6,111243962.4165,313280,54769785.1712
1710201600000,1.525,1.685,1.484,1.646,107668187.9,171949029.8223,474484,85405544.0487
1710288000000,1.645,1.701,1.551,1.602,42362468.3,68531183.8495,200344,34067237.4042
1710374400000,1.603,1.603,1.440,1.535,43495417.2,66118326.8054,208624,32527742.0220
1710460800000,1.534,1.553,1.292,1.408,56478143.2,78486544.9755,277710,39142744.7039
1710547200000,1.408,1.442,1.234,1.272,46321701.2,62652490.2870,203619,31370729.4506
1710633600000,1.272,1.383,1.206,1.363,39649639.9,51254527.4110,162715,25698206.7838
1710720000000,1.362,1.409,1.263,1.290,38282043.7,50944275.8773,170255,25791127.4078
1710806400000,1.290,1.351,1.142,1.204,83382834.9,103445019.9841,329194,52217302.9483
1710892800000,1.203,1.333,1.141,1.331,51029272.3,62374119.6293,207123,31528336.6115
1710979200000,1.330,1.351,1.269,1.309,36237887.2,47670223.9962,168202,23457362.9973
1711065600000,1.308,1.337,1.213,1.250,30311486.6,38522857.4423,156385,19213720.2697
1711152000000,1.251,1.308,1.230,1.266,20076929.0,25658112.3236,103245,12727490.3866
1711238400000,1.266,1.330,1.264,1.309,25366770.5,32986302.1468,121075,16215564.0361
1711324800000,1.310,1.403,1.301,1.379,27222781.3,36867919.3098,123694,18811186.9583
1711411200000,1.378,1.465,1.373,1.444,31250266.5,44680141.9631,153124,22528999.2171
1711497600000,1.444,1.513,1.358,1.385,34378970.1,48862276.9128,172613,23840686.8951
1711584000000,1.386,1.410,1.327,1.398,22977032.0,31680942.4251,116709,15693820.4771
1711670400000,1.399,1.399,1.334,1.357,16592898.6,22564989.5270,102725,11093113.8380
1711756800000,1.358,1.362,1.294,1.302,13170492.3,17486427.4478,77463,8787800.7640
1711843200000,1.302,1.350,1.295,1.347,12788450.5,17018564.9513,75066,8490636.9913
1711929600000,1.347,1.356,1.225,1.256,24970995.8,31846363.3252,130019,16197624.2992
1712016000000,1.255,1.256,1.148,1.164,30092759.8,35631682.0183,128389,17750875.0667
1712102400000,1.164,1.218,1.124,1.177,26396244.4,31149120.7687,121025,15619594.3822
1712188800000,1.177,1.254,1.151,1.232,21473004.2,26007470.2511,97025,13153632.6237
1712275200000,1.232,1.269,1.158,1.244,22047679.1,26789408.1876,112790,13212637.2129
1712361600000,1.244,1.265,1.217,1.252,12384397.9,15367582.1771,64693,7799520.3555
1712448000000,1.252,1.270,1.232,1.250,10151788.9,12742530.6549,51515,6242459.9091
1712534400000,1.250,1.325,1.219,1.315,19897138.8,25684935.9179,89797,13173260.8691
1712620800000,1.315,1.322,1.240,1.248,20985107.2,26916699.3938,94834,12668952.5386
1712707200000,1.248,1.260,1.170,1.225,22604000.6,27413332.3824,104422,13763820.7401
1712793600000,1.224,1.232,1.178,1.189,30141086.7,36297754.0930,95447,18663040.2813
1712880000000,1.190,1.206,0.908,1.019,39788431.3,42262814.8585,156681,20150978.6804
1712966400000,1.019,1.030,0.750,0.875,63327209.9,57184428.8416,195531,27880084.5091
1713052800000,0.875,0.942,0.830,0.932,54982067.9,49326884.2256,166824,24007626.1376
1713139200000,0.932,0.973,0.844,0.879,43420487.9,39501511.9631,133367,19825139.5643
1713225600000,0.879,0.894,0.833,0.881,39753917.8,34412996.0664,114740,17598695.9699
1713312000000,0.881,0.894,0.820,0.844,32430214.9,27884768.0224,102040,14166952.2206
1713398400000,0.845,0.884,0.824,0.875,26102155.1,22385989.8190,88645,11220334.5287
1713484800000,0.876,0.897,0.799,0.877,32680451.5,28244365.5347,101489,14080615.5327
1713571200000,0.877,0.949,0.865,0.942,18151845.4,16470314.7811,59305,8340602.8283
1713657600000,0.942,0.953,0.904,0.925,14903007.5,13877963.2814,54183,6701159.3580
1713744000000,0.925,0.972,0.919,0.956,20223510.9,19222414.0389,63267,9443967.7021
1713830400000,0.957,0.967,0.933,0.948,14498727.5,13777968.6084,50998,6797931.0824
1713916800000,0.948,1.034,0.926,0.935,35681726.7,35035983.9319,105510,17407102.3019
1714003200000,0.934,0.953,0.891,0.924,23425285.6,21624739.9329,66105,11091304.4387
1714089600000,0.924,0.930,0.894,0.903,16400236.0,14972494.1431,52286,7577307.0710
1714176000000,0.902,0.914,0.859,0.905,16407544.0,14610684.2775,54507,7210914.8549
1714262400000,0.905,0.928,0.889,0.894,10835479.8,9883960.6030,42184,4978748.3432
1714348800000,0.895,0.905,0.858,0.897,16158517.2,14205230.0593,63571,7297696.4635
1714435200000,0.896,0.910,0.811,0.840,24894354.5,21100803.8177,87899,10765882.5916
1714521600000,0.839,0.858,0.773,0.851,31583216.9,25993221.4466,102430,12794842.6733
1714608000000,0.851,0.885,0.824,0.872,15071247.3,12902655.4428,61353,6516902.3962
1714694400000,0.872,0.917,0.851,0.909,13481448.4,11955501.8128,52689,6057781.4526
1714780800000,0.910,0.920,0.896,0.908,8699127.7,7895066.1516,37212,3887300.9595
1714867200000,0.907,0.925,0.892,0.913,9454230.8,8583950.9445,38921,4385430.1746
1714953600000,0.913,0.942,0.887,0.889,14897628.2,13562835.2397,58903,6885349.6755
1715040000000,0.889,0.911,0.870,0.875,15179045.4,13520420.5117,56252,6833383.5411
1715126400000,0.875,0.916,0.859,0.874,22522139.0,19921683.0560,77549,10084661.5346
1715212800000,0.874,0.916,0.862,0.908,13556210.4,12003935.5134,57526,5956404.7695
1715299200000,0.908,0.926,0.854,0.861,16580620.0,14763147.8001,62590,7360924.9501
1715385600000,0.860,0.873,0.841,0.843,11657122.0,9981091.3281,44609,4707039.2775
1715472000000,0.844,0.853,0.826,0.833,7070131.6,5948303.5033,30529,2859638.8107
1715558400000,0.834,0.867,0.803,0.848,16442366.5,13776107.1924,63931,7202508.9814
1715644800000,0.847,0.855,0.809,0.812,13452061.9,11222755.9502,57248,5797826.2720
1715731200000,0.812,0.876,0.807,0.867,14966063.8,12592984.4219,59728,6268573.0185
1715817600000,0.867,0.888,0.852,0.870,11689485.7,10185529.7300,47456,5230804.0088
1715904000000,0.870,0.910,0.865,0.897,9910932.4,8789795.7697,40434,4366137.5820
1715990400000,0.897,0.910,0.886,0.909,8570208.1,7695153.7218,32755,3582512.1188
1716076800000,0.909,0.913,0.858,0.867,11046793.2,9837640.6261,44143,4746347.4287
1716163200000,0.866,0.959,0.854,0.954,16871451.9,15194624.0249,70637,8031217.3888
1716249600000,0.955,0.976,0.939,0.965,16835639.7,16119001.1543,64420,8006167.1455
1716336000000,0.965,0.967,0.933,0.942,15428460.4,14638863.6068,61152,7235787.1965
1716422400000,0.941,0.955,0.872,0.925,25379071.0,23369326.1405,93205,11681591.2652
1716508800000,0.925,0.945,0.899,0.941,13026679.4,12093860.6528,65226,6241271.2535
1716595200000,0.941,0.962,0.935,0.950,7739998.1,7315440.7340,36524,3563900.6251
1716681600000,0.949,0.962,0.909,0.920,9326585.0,8687734.8553,40554,3875727.5306
1716768000000,0.921,0.974,0.916,0.962,14777149.7,13974838.2901,57145,6880120.3482
1716854400000,0.963,0.969,0.921,0.937,18684709.6,17544534.7965,71367,8737578.4007
1716940800000,0.937,0.955,0.903,0.910,14886898.3,13876668.3304,59107,6880320.3037
1717027200000,0.909,0.926,0.875,0.888,13965757.9,12566842.5436,53373,6071105.3648
1717113600000,0.888,0.894,0.861,0.874,9373503.1,8258931.2891,38426,4063046.1408
1717200000000,0.874,0.901,0.868,0.895,6231609.8,5503307.0095,25079,2500782.1524
1717286400000,0.894,0.903,0.871,0.877,9320619.1,8286851.0902,38879,3844152.5598
1717372800000,0.877,0.910,0.866,0.876,16415567.2,14601755.7147,56288,7638162.2698
1717459200000,0.876,0.917,0.861,0.915,11889177.4,10533091.9701,43656,5255364.7814
1717545600000,0.914,0.944,0.914,0.937,11301829.9,10514499.8391,42313,5028782.4938
1717632000000,0.937,0.937,0.903,0.918,11088560.0,10207740.7873,45408,5654886.7029
1717718400000,0.919,0.942,0.768,0.853,26831629.1,23326624.7788,91582,11265485.9245
1717804800000,0.852,0.859,0.788,0.801,17245753.0,14226190.1186,57674,6597734.2307
1717891200000,0.801,0.808,0.789,0.804,10205024.5,8158661.0326,35579,3978073.1044
1717977600000,0.805,0.812,0.778,0.783,14034155.7,11146612.6724,50004,5810598.5963
1718064000000,0.784,0.791,0.736,0.747,24362216.6,18555563.9554,71338,9177234.0907
1718150400000,0.748,0.794,0.729,0.778,20181401.0,15533010.3058,67565,7850080.9041
1718236800000,0.778,0.783,0.725,0.730,18021861.9,13603714.9037,57315,6714854.3581
1718323200000,0.730,0.749,0.690,0.703,23533687.2,16972012.1386,71789,8289266.6718
1718409600000,0.704,0.731,0.700,0.713,11013707.3,7881332.4465,35835,4112840.5573
1718496000000,0.713,0.730,0.700,0.720,9742445.4,7001491.7683,32081,3423096.2269
1718582400000,0.720,0.726,0.637,0.657,27177774.3,18392653.9688,75337,9208390.5751
1718668800000,0.658,0.660,0.558,0.598,39180341.0,23491419.2475,91649,11146484.3763
1718755200000,0.597,0.630,0.589,0.623,21204275.4,13069845.5481,55177,6484212.1248
1718841600000,0.623,0.667,0.620,0.633,19475576.2,12504966.0059,57984,6217969.9676
1718928000000,0.633,0.650,0.620,0.629,16809802.0,10677643.9034,50383,5364778.1842
1719014400000,0.629,0.634,0.620,0.623,7878862.3,4932750.0439,25439,2433094.9844
1719100800000,0.624,0.639,0.609,0.615,11536476.8,7213296.1500,35995,3505432.7964
1719187200000,0.615,0.627,0.584,0.623,32581944.1,19964073.2611,85936,9915097.6447
1719273600000,0.623,0.646,0.617,0.640,13393522.9,8466456.0474,36876,4465891.0188
1719360000000,0.639,0.648,0.609,0.615,10702469.2,6708925.3299,33587,3450322.3087
1719446400000,0.615,0.634,0.599,0.625,12582751.0,7770541.6959,34012,4081542.7640
1719532800000,0.625,0.649,0.611,0.611,17398837.5,11007966.5489,42985,5463789.3500
1719619200000,0.612,0.633,0.599,0.605,11614910.2,7130179.1032,29323,3451508.0369
1719705600000,0.605,0.634,0.597,0.633,12700780.2,7793059.7214,31583,3746677.5316
1719792000000,0.632,0.645,0.615,0.619,15434167.8,9675162.3029,34345,4854015.0633
1719878400000,0.618,0.629,0.611,0.625,12716738.8,7875693.4088,31305,3974202.7622
1719964800000,0.625,0.628,0.590,0.598,21384219.5,12926999.3836,47535,6509504.0957
1720051200000,0.598,0.604,0.528,0.534,32691828.0,18533928.2527,72685,8867260.6468
1720137600000,0.533,0.535,0.465,0.510,56061723.4,27815161.7483,113530,13393998.7761
1720224000000,0.509,0.546,0.502,0.542,18623879.7,9700696.3623,41834,4835733.1533
1720310400000,0.542,0.544,0.502,0.505,20754205.3,10890645.3600,46759,5302313.5912
1720396800000,0.506,0.543,0.486,0.524,39329539.2,20300294.1551,82897,10329382.7867
1720483200000,0.523,0.549,0.517,0.545,19108863.6,10207905.4283,45612,5136219.0935
1720569600000,0.545,0.558,0.538,0.551,13501448.6,7402797.8806,36206,3529783.0733
1720656000000,0.552,0.570,0.542,0.543,15453656.4,8592578.4088,42753,4405675.9605
1720742400000,0.543,0.557,0.534,0.556,13540092.9,7371335.1035,35518,3733784.4544
1720828800000,0.557,0.575,0.553,0.571,8424432.0,4737751.7406,26423,2328108.0001
1720915200000,0.571,0.584,0.563,0.582,8648909.7,4959003.6745,25057,2516409.9350
1721001600000,0.581,0.624,0.581,0.622,14402916.5,8597148.2120,38976,4425034.6841
1721088000000,0.623,0.628,0.589,0.615,20650587.1,12594342.2422,55243,6302038.2003
1721174400000,0.615,0.633,0.611,0.614,12072676.9,7515914.8919,41972,3773821.3319
1721260800000,0.614,0.638,0.594,0.605,12923328.0,7961343.0156,39506,3875160.6326
1721347200000,0.604,0.643,0.591,0.641,12632206.6,7765759.2264,39469,4129120.7955
1721433600000,0.642,0.647,0.629,0.646,8749315.8,5594051.8663,29217,2506437.5853
1721520000000,0.646,0.658,0.616,0.652,12867638.1,8237959.3286,39321,4045693.5522
1721606400000,0.652,0.656,0.622,0.627,11263101.5,7166083.4819,34930,3621930.4455
1721692800000,0.627,0.634,0.593,0.599,14060087.2,8608808.7929,45481,4228125.8724
1721779200000,0.599,0.707,0.594,0.667,98871793.5,66055989.0743,195212,33484514.1057
1721865600000,0.667,0.668,0.599,0.635,95604570.8,60098771.9414,165169,29666581.6814
1721952000000,0.634,0.697,0.629,0.675,66989972.2,45234188.8105,130676,22246683.9400
1722038400000,0.676,0.685,0.659,0.676,28587605.9,19178346.6923,68778,9681352.9586
1722124800000,0.677,0.698,0.649,0.658,19716304.6,13239138.5454,54720,6598533.2834
1722211200000,0.658,0.689,0.657,0.664,19375008.3,13035633.7694,56014,6453134.9016
1722297600000,0.664,0.706,0.659,0.679,37890552.5,25975112.8357,96299,13117081.3668
1722384000000,0.680,0.715,0.662,0.672,45197343.7,31045795.5326,111835,15306580.5896
1722470400000,0.671,0.700,0.632,0.698,71906657.1,48167395.0333,142083,23672179.0857
1722556800000,0.698,0.707,0.601,0.604,56806965.0,37354363.2950,125770,18252182.7141
1722643200000,0.605,0.605,0.540,0.560,61308345.6,35197882.4161,118184,17631638.3014
1722729600000,0.560,0.567,0.511,0.529,38431740.7,20828933.3421,75393,10116361.3786
1722816000000,0.530,0.534,0.433,0.507,118477455.2,57114788.7006,191016,28084050.7705
1722902400000,0.507,0.538,0.505,0.521,41410761.4,21673424.4371,77118,10572269.1961
1722988800000,0.520,0.539,0.500,0.509,41623808.4,21640670.8552,74565,10781644.4043
1723075200000,0.509,0.569,0.501,0.562,35915712.6,19242410.8714,73874,9902802.8187
1723161600000,0.561,0.566,0.541,0.554,27805035.8,15335557.4824,56845,7591166.9742
1723248000000,0.554,0.569,0.550,0.564,15099195.9,8405758.0666,37165,4024730.3794
1723334400000,0.564,0.571,0.525,0.528,19397859.1,10632040.2916,41931,5376834.5794
1723420800000,0.529,0.564,0.524,0.554,25713906.3,14056873.5404,55849,7075332.6016
1723507200000,0.554,0.566,0.534,0.558,20620280.9,11323250.1184,46550,5737647.3692
1723593600000,0.559,0.562,0.536,0.545,18161653.4,9986117.0548,40084,4845273.2893
1723680000000,0.546,0.557,0.517,0.526,20781837.7,11189839.8226,45245,5316151.2897
1723766400000,0.526,0.539,0.514,0.527,19210753.4,10128904.0231,41579,5072882.4296
1723852800000,0.527,0.535,0.520,0.533,9118902.2,4799128.3069,23059,2383310.7802
1723939200000,0.533,0.544,0.525,0.527,9459128.7,5056943.8723,23469,2556592.4497
1724025600000,0.526,0.538,0.518,0.538,15032070.4,7924272.2820,33987,3904794.0444
1724112000000,0.538,0.555,0.533,0.546,15719772.9,8576190.4034,33616,4312142.4775
1724198400000,0.545,0.578,0.539,0.573,16000039.2,8901224.1948,34566,4304384.4630
1724284800000,0.572,0.586,0.562,0.578,13522083.7,7798501.6413,30124,3818350.3150
1724371200000,0.578,0.612,0.577,0.609,20282859.5,11998704.3804,41216,6221171.2711
1724457600000,0.609,0.625,0.602,0.613,13548121.2,8287676.1618,32203,4199332.2237
1724544000000,0.613,0.630,0.588,0.597,23704593.7,14355011.9013,46243,7212237.8351
1724630400000,0.597,0.612,0.571,0.572,20415830.5,12086962.9419,45831,5873372.2733
1724716800000,0.571,0.588,0.534,0.546,26319177.4,14859285.7888,49907,7395476.8012
1724803200000,0.546,0.558,0.522,0.536,31351905.0,16954204.3586,57893,8307879.2249
1724889600000,0.537,0.568,0.535,0.553,24811259.8,13674524.6796,48052,6822670.7157
1724976000000,0.553,0.561,0.527,0.556,27609977.5,15124349.3186,51593,7356323.3774
1725062400000,0.555,0.563,0.549,0.553,15071033.2,8378143.7404,36461,3975060.6259
1725148800000,0.553,0.556,0.522,0.528,19252236.1,10380129.8737,50478,4863755.2587
1725235200000,0.527,0.571,0.524,0.567,31770894.7,17492368.7167,63371,9140224.1671
1725321600000,0.567,0.598,0.546,0.547,44024310.3,25397149.6021,84621,12587185.8465
1725408000000,0.548,0.575,0.524,0.556,44234005.0,24278017.8427,81298,12001015.3002
1725494400000,0.557,0.560,0.527,0.531,26002268.1,14060649.4336,55266,6764863.8124
1725580800000,0.531,0.543,0.496,0.515,42816793.8,22299375.2159,68323,10918267.2622
1725667200000,0.516,0.525,0.507,0.513,15074035.5,7799670.6311,31174,3925141.9179
1725753600000,0.514,0.529,0.507,0.523,18756927.8,9711731.2164,33739,4927143.7618
1725840000000,0.522,0.549,0.517,0.539,23593749.1,12504885.0815,39583,6352075.8179
1725926400000,0.540,0.547,0.529,0.541,23004986.0,12340047.2455,39773,6136928.3400
1726012800000,0.541,0.548,0.521,0.546,30828394.3,16454176.9128,47779,8313493.4356
1726099200000,0.546,0.561,0.544,0.558,27765311.2,15334160.8017,44533,7576770.5100
1726185600000,0.558,0.565,0.550,0.562,24299162.1,13556278.7131,41357,6799811.5563
1726272000000,0.562,0.569,0.553,0.559,13448063.2,7538470.3627,26956,3706985.7965
1726358400000,0.558,0.562,0.536,0.540,16703833.9,9212132.0651,30281,4582238.6631
1726444800000,0.541,0.541,0.519,0.526,20265843.6,10735709.5796,34833,5442636.1581
1726531200000,0.525,0.544,0.519,0.535,13899694.4,7403177.6937,26337,3661840.1221
1726617600000,0.535,0.547,0.514,0.547,17616916.2,9328671.7879,32675,4967556.9914
1726704000000,0.546,0.577,0.542,0.569,17242278.0,9659310.1540,34480,4969159.5586
1726790400000,0.568,0.592,0.560,0.579,15858561.0,9152801.7425,37149,4684985.8925
1726876800000,0.578,0.596,0.574,0.593,11696285.7,6830573.9358,31416,3410347.5127
1726963200000,0.593,0.595,0.560,0.576,12583886.2,7259392.4651,32552,3549512.9284
1727049600000,0.575,0.592,0.564,0.588,16299707.7,9508704.4933,38748,4723956.3795
1727136000000,0.589,0.608,0.578,0.604,19529565.2,11594362.8205,40544,5722539.4293
1727222400000,0.604,0.617,0.596,0.600,17200819.4,10454964.3321,45806,5367676.6204
1727308800000,0.600,0.630,0.591,0.622,16647449.3,10199484.9530,45766,5143408.1734
1727395200000,0.622,0.638,0.619,0.627,11135944.0,6995284.7497,35110,3582503.3089
1727481600000,0.627,0.630,0.603,0.617,11194766.5,6894043.8729,32883,3492287.9506
1727568000000,0.616,0.624,0.602,0.615,15132991.6,9273268.1340,39706,4485272.0367
1727654400000,0.615,0.619,0.574,0.580,20411281.7,12166008.6703,49934,6085595.1964
1727740800000,0.580,0.596,0.526,0.538,29308639.0,16393566.0566,64035,7953080.5879
1727827200000,0.537,0.552,0.517,0.530,24262671.2,13006672.2487,59814,6653370.4062
1727913600000,0.529,0.538,0.509,0.525,22488263.5,11745077.7137,54963,5692535.5285
1728000000000,0.526,0.548,0.523,0.544,13804410.8,7403270.5393,38407,3834446.7071
1728086400000,0.545,0.551,0.538,0.550,7610271.7,4149895.7683,26193,2084571.8556
1728172800000,0.550,0.558,0.542,0.551,9059583.6,4971709.7943,30217,2595892.3152
1728259200000,0.552,0.562,0.535,0.537,18567045.3,10190717.7365,45637,4971473.1544
1728345600000,0.536,0.543,0.527,0.536,15988707.0,8550183.6303,37580,4185002.5211
1728432000000,0.537,0.542,0.518,0.526,13750994.5,7296963.8455,35352,3535402.2530
1728518400000,0.525,0.530,0.505,0.522,15293961.9,7934456.0625,39616,3864252.4892
1728604800000,0.522,0.546,0.518,0.544,15094243.0,8036226.8601,35537,4035244.3159
1728691200000,0.544,0.554,0.539,0.552,10185482.4,5580856.1627,32528,2657187.9170
1728777600000,0.552,0.553,0.531,0.541,9978621.2,5406845.2665,31277,2474003.7290
1728864000000,0.541,0.569,0.534,0.565,15635009.8,8710453.6520,39996,4335611.2222
1728950400000,0.564,0.568,0.536,0.559,28770693.4,15999686.6794,66779,8028071.8419
1729036800000,0.560,0.563,0.546,0.551,17056406.0,9451114.1124,42979,4857606.7120
1729123200000,0.552,0.555,0.527,0.536,18190843.5,9797625.9635,45979,4746511.8727
1729209600000,0.535,0.558,0.533,0.557,13237507.3,7203520.1086,36491,3594609.2471
1729296000000,0.558,0.571,0.554,0.561,13679032.8,7701937.1980,33746,3952653.6798
1729382400000,0.561,0.596,0.553,0.594,19850159.5,11495859.8259,43946,5842655.1743
1729468800000,0.594,0.599,0.566,0.569,25081688.7,14584182.7984,51763,7048824.2640
1729555200000,0.569,0.579,0.552,0.569,23824109.9,13449976.4521,50295,6854490.8312
1729641600000,0.569,0.570,0.530,0.541,17461254.3,9556080.8861,40714,4609898.4600
1729728000000,0.540,0.554,0.536,0.548,15957512.8,8708735.2104,35816,4345064.2978
1729814400000,0.548,0.552,0.491,0.511,25468986.6,13460414.8762,48698,6604361.2422
1729900800000,0.511,0.522,0.502,0.512,13679246.1,7006724.3948,30826,3264288.4379
1729987200000,0.513,0.520,0.507,0.515,9296577.9,4770506.4867,22658,2197449.3506
1730073600000,0.516,0.527,0.500,0.522,16998138.2,8703073.3733,37076,4323032.0760
1730160000000,0.522,0.548,0.520,0.544,16199833.2,8636497.0813,36121,4483909.9654
1730246400000,0.545,0.551,0.534,0.543,16353600.3,8879890.1155,35114,4228111.7828
1730332800000,0.543,0.544,0.507,0.510,21971700.4,11526904.2788,42155,5602461.0332
1730419200000,0.511,0.526,0.500,0.509,32861240.7,16785903.3079,50015,8444359.1438
1730505600000,0.508,0.519,0.502,0.506,16457734.4,8396159.4141,31746,4181685.5344
1730592000000,0.505,0.507,0.473,0.483,24469194.8,11938983.9818,47176,5844351.4248
1730678400000,0.483,0.494,0.467,0.478,33266050.8,16042442.2923,54247,8184301.9529
1730764800000,0.477,0.502,0.475,0.499,21459067.9,10516579.9358,40417,5026790.2327
1730851200000,0.500,0.544,0.499,0.540,44410675.1,23448712.0928,67886,11765794.0871
1730937600000,0.540,0.551,0.527,0.540,31750186.3,17130311.9174,54966,8493536.5238
1731024000000,0.539,0.549,0.527,0.545,30303282.2,16334330.7288,53921,8548748.5218
1731110400000,0.545,0.566,0.534,0.563,23911244.9,13141596.8265,47995,6561849.8940
1731196800000,0.563,0.626,0.557,0.604,60222291.9,36033322.0736,101925,18396052.1280
1731283200000,0.604,0.636,0.593,0.632,65409951.7,40171784.8634,102860,19873211.8218
1731369600000,0.632,0.655,0.580,0.610,89054261.3,54436467.0603,126925,26941550.5075
1731456000000,0.610,0.631,0.559,0.593,72612185.4,42662527.9338,115180,21071379.1772
1731542400000,0.594,0.610,0.561,0.572,46478462.1,27142881.4616,85185,13554832.0762
1731628800000,0.573,0.628,0.556,0.624,48879286.5,29004024.4406,83639,14407427.8705
1731715200000,0.625,0.696,0.621,0.692,53633055.4,35253901.4869,89876,17871929.5629
1731801600000,0.693,0.696,0.631,0.643,44786933.5,29621699.8598,85905,14326442.6835
1731888000000,0.644,0.761,0.640,0.723,87290328.6,62236198.9120,144610,30740332.1916
1731974400000,0.724,0.742,0.684,0.707,37648054.2,26663935.8660,85459,13135828.6593
1732060800000,0.707,0.710,0.660,0.675,39457438.0,26988257.5720,85642,13043235.0222
1732147200000,0.676,0.716,0.661,0.712,50557643.8,35143539.0354,103587,17883841.4841
1732233600000,0.712,0.758,0.694,0.757,46847704.6,33699424.5462,102293,17322186.2386
1732320000000,0.757,0.883,0.744,0.854,114877379.6,94794502.3106,204059,47292434.8416
1732406400000,0.854,1.012,0.840,0.963,162752480.0,149909032.8790,322825,74730982.9582
1732492800000,0.963,0.964,0.870,0.887,86683147.5,80088652.8029,198690,38859535.6672
1732579200000,0.888,0.922,0.828,0.870,73233491.4,63550946.0547,179459,31424724.3099
1732665600000,0.869,0.913,0.842,0.908,50064138.9,43951199.7138,120003,22196482.4052
1732752000000,0.909,0.909,0.857,0.885,34328765.5,30133884.7858,96903,14923325.4925
1732838400000,0.885,1.004,0.872,0.990,58395469.6,54412134.9749,139713,27927512.2117
1732924800000,0.990,1.028,0.955,0.990,78905653.5,77765746.6374,206884,38619827.3065
1733011200000,0.989,1.077,0.945,1.021,71792714.0,72578742.5925,196353,36447927.3244
1733097600000,1.020,1.077,0.934,1.071,130467904.4,131621924.2474,295088,64904639.7684
1733184000000,1.071,1.187,1.017,1.144,190749444.3,210667222.1382,448152,105976581.2810
1733270400000,1.144,1.273,1.126,1.219,154879703.2,187692154.6708,388483,93542571.0817
1733356800000,1.220,1.242,1.118,1.152,112731595.7,134375872.3998,327036,66746214.9996
1733443200000,1.153,1.200,1.084,1.157,70169002.1,80182907.2052,219013,40037820.2496
1733529600000,1.157,1.183,1.128,1.147,45216879.3,51962245.8024,164662,25631863.2011
1733616000000,1.148,1.176,1.107,1.172,38756409.0,44387912.9502,150439,21599489.9577
1733702400000,1.171,1.173,0.800,0.948,106330267.9,107599045.1328,312229,49867576.7594
1733788800000,0.947,0.969,0.805,0.908,124158895.8,109969431.2868,274940,55240092.9229
1733875200000,0.908,0.988,0.860,0.975,64958136.6,60176174.8824,165251,30212469.3043
1733961600000,0.976,1.043,0.966,0.993,68114578.5,68333456.4659,183908,33527235.4482
1734048000000,0.994,1.003,0.958,0.989,52486119.6,51534344.1138,155401,25623902.2570
1734134400000,0.988,1.006,0.910,0.933,42410103.1,40588468.6647,130159,20452578.8173
1734220800000,0.934,0.969,0.901,0.960,35948102.5,33655721.1664,115487,16245614.3353
1734307200000,0.959,0.979,0.897,0.919,49599780.1,46197497.9788,150438,22673896.1799
1734393600000,0.920,0.924,0.864,0.873,51218126.4,45996492.4205,138908,22921925.1815
1734480000000,0.873,0.882,0.776,0.787,89425478.6,74796809.2143,190946,37000185.1830
1734566400000,0.788,0.810,0.698,0.719,130208086.5,98249957.0491,238803,48124152.2752
1734652800000,0.720,0.755,0.627,0.743,137336200.0,94772620.5875,239386,48743878.3587
1734739200000,0.743,0.788,0.695,0.705,74392543.9,54308563.7068,166663,26845328.6644
1734825600000,0.705,0.748,0.687,0.720,65736238.2,47068822.8195,144974,23509574.8975
1734912000000,0.720,0.784,0.696,0.774,75930897.1,55577521.2603,151354,27978702.4886
1734998400000,0.774,0.811,0.751,0.798,48608537.3,37807758.8376,113062,18942093.7564
1735084800000,0.798,0.801,0.757,0.766,40478169.4,31534388.6027,92932,15974989.2321
1735171200000,0.766,0.772,0.695,0.707,54515291.7,39354451.0390,109954,18980993.8698
1735257600000,0.706,0.749,0.698,0.722,50505099.6,36552620.1142,106712,18283865.5666
1735344000000,0.723,0.750,0.715,0.744,30546514.0,22327387.6249,83006,11147273.4963
1735430400000,0.744,0.753,0.697,0.706,32972915.3,24022393.2337,83511,11845720.7436
1735516800000,0.706,0.746,0.681,0.710,51026580.5,36494029.8700,108641,18141118.7429
1735603200000,0.711,0.725,0.684,0.696,37864097.7,26612338.8349,80010,13510033.3223
1735689600000,0.696,0.733,0.679,0.728,28734515.7,20287360.1292,77352,9874522.3166
1735776000000,0.728,0.760,0.728,0.744,33730298.0,25076270.1845,80514,12376617.6225
1735862400000,0.743,0.797,0.732,0.791,30542906.7,23342552.3616,83420,11776936.3206
1735948800000,0.791,0.808,0.781,0.792,29019878.9,23049408.5594,80229,11208130.2767
1736035200000,0.792,0.810,0.779,0.805,21130941.6,16711459.8747,66220,8413145.5973
1736121600000,0.806,0.851,0.794,0.837,37835427.3,31291968.1468,104642,15878412.3177
1736208000000,0.838,0.838,0.746,0.749,52091072.4,41043504.7748,107090,19886376.8591
1736294400000,0.750,0.762,0.690,0.727,49656668.7,35948726.6670,106492,17315859.0506
1736380800000,0.727,0.757,0.710,0.728,50368001.8,36823449.4411,117793,18784570.0154
1736467200000,0.728,0.758,0.708,0.750,37977760.9,27825299.7845,97360,13971046.0402
1736553600000,0.750,0.762,0.729,0.746,22888958.1,17001235.4821,61278,8220504.7618
1736640000000,0.747,0.757,0.714,0.724,21953379.6,16142733.9942,58345,7847512.1757
1736726400000,0.725,0.744,0.652,0.700,63251067.4,43475197.5411,123558,21396426.2180
1736812800000,0.701,0.736,0.693,0.732,28644478.6,20609608.8635,69455,10390572.5448
1736899200000,0.732,0.784,0.713,0.781,34242164.5,25546563.7000,84175,12819341.7539
1736985600000,0.781,0.786,0.750,0.760,37820100.8,29048947.0276,90737,13875579.3886
1737072000000,0.759,0.816,0.759,0.809,38341484.9,30585027.9356,82403,15514173.0363
1737158400000,0.810,0.814,0.731,0.748,46274171.9,35248998.4005,99382,16804875.6000
1737244800000,0.747,0.768,0.673,0.686,85348224.3,61198606.3739,146801,29948723.3601
1737331200000,0.686,0.757,0.660,0.704,86347379.5,60932550.2802,167478,30469835.1045
1737417600000,0.705,0.735,0.672,0.720,37438551.7,26259972.4376,95926,12723570.9425
1737504000000,0.720,0.725,0.687,0.691,20900469.0,14814804.4441,59038,7327379.4478
1737590400000,0.691,0.708,0.666,0.691,38508040.0,26342128.4026,87188,13187997.4883
1737676800000,0.691,0.711,0.665,0.673,28718487.0,19775553.1859,78594,9738784.3428
1737763200000,0.673,0.690,0.664,0.683,16273114.2,11056249.8527,69015,5292437.8612
1737849600000,0.684,0.696,0.660,0.662,15725873.9,10748928.2125,51508,5326888.3265
1737936000000,0.662,0.665,0.602,0.642,60005962.4,37678452.2984,110836,18511563.7066
1738022400000,0.641,0.650,0.598,0.604,37860788.3,23978014.7620,69997,11518113.7758
1738108800000,0.605,0.640,0.600,0.619,43908259.3,27142651.9504,82263,13416937.9267
1738195200000,0.619,0.656,0.613,0.642,32181295.0,20563282.4862,58602,10648592.8120
1738281600000,0.642,0.673,0.631,0.649,34717811.9,22519052.7119,70355,11358970.9004
1738368000000,0.649,0.660,0.593,0.600,37012840.5,23491718.0893,69600,11243726.5566
1738454400000,0.600,0.612,0.488,0.518,93812521.8,52073532.1628,138617,24525302.9586
1738540800000,0.518,0.539,0.390,0.533,154519785.3,72251265.4443,194523,35632778.3074
1738627200000,0.533,0.543,0.477,0.495,88151626.4,43947422.8810,118388,21941482.8252
1738713600000,0.495,0.510,0.481,0.488,58145627.2,28829325.0985,93480,14392249.6584
1738800000000,0.488,0.500,0.464,0.469,63629446.6,30607053.5588,77616,15205860.4279
1738886400000,0.470,0.502,0.464,0.477,55270059.2,26673534.0667,69729,13283329.4190
1738972800000,0.476,0.504,0.470,0.500,32953436.3,15924659.9417,50816,8153345.1374
1739059200000,0.500,0.515,0.477,0.497,27165770.3,13555894.1586,50690,6910735.2928
1739145600000,0.496,0.516,0.480,0.511,36666412.1,18393394.3284,58868,9079956.6480
1739232000000,0.511,0.535,0.501,0.508,28254972.5,14614774.3262,57503,7322101.3327
1739318400000,0.509,0.539,0.488,0.535,46303873.6,23502725.3946,76945,11737711.6312
1739404800000,0.534,0.540,0.510,0.523,28325396.0,14782502.7602,48841,7603094.3481
1739491200000,0.522,0.542,0.519,0.529,23615860.6,12496347.1551,46652,6346783.3374
1739577600000,0.529,0.534,0.512,0.515,17446942.0,9130510.7578,41039,4454880.5931
1739664000000,0.514,0.529,0.508,0.514,21336802.4,11033051.8946,45393,5520811.7821
1739750400000,0.515,0.534,0.507,0.519,29528930.1,15314051.0072,57935,7415680.4762
1739836800000,0.520,0.523,0.483,0.501,35297284.8,17691977.5273,66342,8584527.6374
1739923200000,0.501,0.521,0.493,0.521,26460495.2,13462595.8201,46865,6704961.1772
1740009600000,0.521,0.536,0.517,0.535,22238133.3,11669078.7533,45316,5974623.6034
1740096000000,0.535,0.556,0.508,0.516,29882749.4,15895891.0184,62486,7656930.8660
1740182400000,0.516,0.534,0.512,0.529,15405491.8,8080104.2372,34748,4060791.1005
1740268800000,0.529,0.533,0.512,0.520,11271028.5,5891791.6037,32020,2802518.4184
1740355200000,0.520,0.522,0.458,0.468,43561056.7,21421498.8390,79211,10621573.8244
1740441600000,0.468,0.477,0.440,0.472,66314422.5,30534565.1482,106093,14695378.1525
1740528000000,0.471,0.480,0.454,0.470,43864020.5,20528532.9737,75016,10319721.6852
1740614400000,0.470,0.495,0.465,0.483,31555290.1,15204063.3367,59987,8153543.7738
1740700800000,0.483,0.485,0.442,0.480,58904425.7,27237631.6490,89784,13508138.3112
1740787200000,0.481,0.486,0.460,0.471,20038306.8,9454136.8681,52304,4596868.9373
1740873600000,0.471,0.527,0.467,0.523,39226779.6,19363282.8468,78801,10518168.2136
1740960000000,0.523,0.525,0.440,0.448,46560231.0,22146804.3409,83137,10580336.7935
1741046400000,0.447,0.450,0.408,0.438,55015603.5,23626479.4445,85719,11823943.0928
1741132800000,0.437,0.460,0.434,0.458,26897687.0,11961578.0176,51358,6114609.0848
1741219200000,0.457,0.465,0.431,0.438,27537119.8,12327243.1185,46515,5901113.8301
1741305600000,0.437,0.451,0.416,0.435,27098284.3,11835293.3226,58376,5892329.1464
1741392000000,0.436,0.438,0.424,0.431,12113203.7,5231785.2023,34285,2381541.9578
1741478400000,0.432,0.432,0.388,0.393,20278347.8,8246673.6105,41953,4008549.4095
1741564800000,0.394,0.414,0.369,0.376,38408228.4,15119096.8584,57499,7549036.0878
1741651200000,0.376,0.399,0.355,0.390,44585214.1,16882096.8760,60856,8513403.4201
1741737600000,0.390,0.407,0.381,0.401,27607104.5,10868487.3263,45232,5339440.8456
1741824000000,0.401,0.407,0.383,0.392,30649746.0,12090784.5196,45983,6097643.0817
1741910400000,0.392,0.410,0.391,0.402,17410275.1,6989646.6371,30553,3591089.6815
1741996800000,0.401,0.418,0.400,0.413,14093433.2,5732796.3903,31839,2934162.0316
1742083200000,0.414,0.415,0.398,0.400,14766696.0,5993329.9038,32061,3029142.6693
1742169600000,0.400,0.425,0.399,0.418,16788786.9,6957427.7884,35345,3496216.0454
1742256000000,0.418,0.425,0.402,0.423,25937512.7,10625705.3120,46639,5794041.8854
1742342400000,0.423,0.442,0.423,0.439,42120340.5,18185400.3630,58532,9667831.0975
1742428800000,0.439,0.440,0.418,0.421,22025358.3,9403280.5847,36175,4285271.3984
1742515200000,0.422,0.426,0.406,0.411,17399004.8,7238701.2488,36481,3345940.1312
1742601600000,0.411,0.423,0.409,0.416,8074203.8,3373555.5518,18897,1786277.8894
1742688000000,0.416,0.424,0.406,0.412,16702477.0,6934805.2030,28116,3531930.9207
1742774400000,0.413,0.434,0.405,0.429,24473572.2,10373511.7690,38526,5220822.9333
1742860800000,0.429,0.433,0.419,0.427,27681832.2,11801074.8830,40935,5909353.5168
1742947200000,0.428,0.439,0.421,0.423,21722233.5,9315511.7451,32272,4544343.7332
1743033600000,0.424,0.430,0.414,0.421,15813896.2,6678027.7167,24209,3296375.6394
1743120000000,0.421,0.422,0.387,0.394,21823474.1,8730754.5816,40005,4047062.0852
1743206400000,0.394,0.396,0.372,0.377,26090194.4,9967460.6604,34531,5016187.7317
1743292800000,0.378,0.390,0.373,0.380,17932142.6,6857028.0312,29157,3614934.5752
1743379200000,0.379,0.387,0.369,0.381,30864304.5,11672041.5003,43857,5856574.9920
1743465600000,0.381,0.399,0.379,0.388,24050273.1,9377820.0493,40092,4892742.5670
1743552000000,0.389,0.401,0.364,0.368,39496955.3,15138426.0768,51164,7583990.7201
1743638400000,0.368,0.379,0.352,0.370,27386594.0,10024614.2225,39035,4835368.6112
1743724800000,0.370,0.378,0.361,0.376,34840679.6,12909639.6945,41362,6681929.3710
1743811200000,0.375,0.378,0.363,0.370,10481457.2,3876746.9677,22879,1810547.0786
1743897600000,0.369,0.371,0.327,0.334,29359924.3,10224701.0601,40894,4880493.9579
1743984000000,0.334,0.343,0.303,0.327,67154605.8,21775744.2243,72940,10781414.4562
1744070400000,0.328,0.338,0.308,0.312,44730774.2,14484526.2051,49113,7393794.1523
1744156800000,0.312,0.350,0.301,0.346,48291371.3,15875852.1206,58687,8004860.8331
1744243200000,0.346,0.348,0.327,0.338,33019711.6,11183486.3095,41025,5448713.2880
1744329600000,0.339,0.353,0.337,0.348,24843608.4,8602812.4626,33348,4511261.2445
1744416000000,0.348,0.367,0.345,0.361,19077146.0,6811234.2232,27278,3335403.9430
1744502400000,0.360,0.365,0.345,0.350,27777684.6,9863607.9904,36242,4914285.1539
1744588800000,0.350,0.361,0.348,0.352,25141753.1,8898224.5484,35189,4421787.9241
1744675200000,0.351,0.356,0.339,0.341,16064868.5,5594306.2563,29159,2809305.3393
1744761600000,0.341,0.351,0.336,0.344,22897881.7,7853259.6958,35575,3952061.1937
1744848000000,0.343,0.350,0.340,0.345,15765313.9,5449489.0892,26980,2765267.9693
1744934400000,0.346,0.362,0.343,0.360,13811825.4,4920162.2612,26024,2641613.9363
1745020800000,0.359,0.374,0.358,0.369,14000420.9,5151863.4444,26867,2667702.4053
1745107200000,0.369,0.378,0.363,0.375,12402711.2,4591029.4574,25029,2348543.1227
1745193600000,0.374,0.382,0.366,0.368,17817374.4,6685663.1296,32314,3318087.6261
1745280000000,0.368,0.393,0.362,0.392,30220305.4,11438277.7878,41020,5775364.6221
1745366400000,0.393,0.405,0.388,0.395,30077033.4,11911915.0739,44673,5941822.2532
1745452800000,0.395,0.403,0.379,0.402,26578866.8,10402443.0355,38365,5306913.9106
1745539200000,0.403,0.410,0.396,0.406,19734211.5,7983510.9377,33915,3995868.2855
1745625600000,0.406,0.417,0.401,0.408,17235300.9,7044067.9716,28903,3318126.9830
1745712000000,0.409,0.414,0.392,0.393,17859071.6,7147357.1270,27546,3390843.3340
1745798400000,0.393,0.412,0.386,0.407,29677380.9,11906312.4019,38023,6178998.3935
1745884800000,0.407,0.416,0.397,0.400,24051597.0,9817605.8969,33968,4587205.9432
1745971200000,0.400,0.407,0.388,0.402,23886775.3,9514477.5822,35332,4774401.4565
1746057600000,0.402,0.414,0.398,0.407,17306699.6,7044191.0412,29122,3709307.6779
1746144000000,0.406,0.412,0.400,0.405,19391186.0,7869347.2973,28366,4007448.9487
1746230400000,0.405,0.406,0.377,0.383,20863865.9,8156267.2466,29148,3694321.8772
1746316800000,0.383,0.385,0.367,0.370,20328875.7,7614604.7769,29006,3669189.0979
1746403200000,0.369,0.380,0.365,0.376,21955469.5,8171292.9702,30449,4052840.1917
1746489600000,0.375,0.379,0.356,0.369,33197348.5,12176168.3669,35014,6262576.1348
1746576000000,0.368,0.375,0.361,0.370,19453856.7,7165613.9376,27565,3621399.7714
1746662400000,0.370,0.412,0.369,0.411,30954322.3,12164847.3913,39714,6268444.6636
1746748800000,0.411,0.438,0.410,0.434,39987782.4,17074434.6360,58464,8427813.2808
1746835200000,0.434,0.464,0.433,0.462,40306551.9,17940743.8056,59637,9295499.8319
1746921600000,0.462,0.465,0.441,0.454,44400881.0,20137327.4131,61991,9772758.8296
1747008000000,0.454,0.475,0.434,0.455,70387192.3,32144890.1895,80652,15511561.6373
1747094400000,0.456,0.474,0.433,0.468,49137224.3,22226998.2627,57430,10960992.7653
1747180800000,0.468,0.478,0.444,0.447,43654012.8,20065728.6639,52431,10062700.0260
1747267200000,0.448,0.453,0.415,0.427,47594227.9,20441187.4525,61292,10103738.5637
1747353600000,0.427,0.437,0.415,0.418,36469124.8,15622999.1603,44623,7802172.7014
1747440000000,0.418,0.420,0.397,0.404,29438745.5,11965588.2883,41423,5899755.8278
1747526400000,0.404,0.427,0.391,0.417,42369393.3,17367432.2612,50946,8716230.2363
1747612800000,0.418,0.420,0.387,0.404,54769856.1,21830877.9120,61327,11150120.9625
1747699200000,0.404,0.414,0.391,0.405,42436746.3,17014395.5273,52049,8508435.8450
1747785600000,0.405,0.425,0.400,0.416,45479546.8,18632414.6873,55940,9296446.1249
1747872000000,0.416,0.441,0.415,0.435,36029366.2,15479396.9367,45719,7772889.9772
1747958400000,0.435,0.447,0.403,0.406,59516059.8,25385030.6503,57361,12492593.8151
1748044800000,0.407,0.413,0.395,0.399,34624762.8,14036993.0701,35979,6780594.9540
1748131200000,0.398,0.402,0.384,0.400,26606713.6,10437331.3392,47748,5157801.7299
1748217600000,0.400,0.405,0.389,0.393,25493622.9,10111964.8076,41278,5062454.3306
1748304000000,0.393,0.408,0.382,0.398,32897878.0,13102268.0440,44110,6690321.7151
1748390400000,0.398,0.411,0.389,0.404,30901089.0,12362887.7304,42151,6217023.3572
1748476800000,0.404,0.415,0.390,0.393,44680949.0,17867033.2875,51231,8871197.4364
1748563200000,0.393,0.396,0.355,0.357,63631633.2,23830807.7906,72732,11679315.3760
1748649600000,0.357,0.368,0.346,0.364,49455446.4,17633964.1867,51625,8647822.5631
1748736000000,0.364,0.367,0.355,0.365,33978159.3,12298711.5066,40137,6209161.8200
1748822400000,0.365,0.376,0.358,0.374,38300456.9,13948911.6216,41025,7317210.4765
1748908800000,0.374,0.383,0.371,0.374,23831743.1,8978176.3639,32393,4457973.7212
1748995200000,0.374,0.381,0.362,0.365,24627876.7,9186737.3789,37347,4471074.9791
1749081600000,0.365,0.372,0.341,0.346,43190805.6,15487178.3448,47411,7694245.1557
1749168000000,0.346,0.363,0.344,0.354,24811886.5,8753227.4749,34629,4331993.4233
1749254400000,0.354,0.367,0.354,0.365,8342054.6,3023467.3258,21633,1555724.1126
1749340800000,0.366,0.369,0.359,0.364,10223532.0,3729898.7956,19501,1753061.4909
1749427200000,0.364,0.382,0.356,0.381,17469496.7,6404971.1415,24841,3401540.5166
1749513600000,0.381,0.400,0.376,0.400,26314765.6,10216498.4189,31417,5308857.5370
1749600000000,0.399,0.400,0.377,0.381,25699822.5,10032997.1702,31405,4971465.7104
1749686400000,0.381,0.382,0.358,0.360,24979728.7,9238940.5686,34873,4336936.4332
1749772800000,0.360,0.361,0.338,0.352,65173756.3,22578647.3271,50923,11053778.2681
1749859200000,0.352,0.356,0.345,0.351,24332218.3,8513474.6704,31301,4456831.8761
1749945600000,0.351,0.355,0.345,0.351,20802161.1,7294770.3061,27561,3462709.2031
1750032000000,0.351,0.366,0.346,0.352,32025759.4,11439364.7659,34392,5931812.8996
1750118400000,0.351,0.357,0.338,0.345,56252237.3,19532969.7589,41615,9832028.5110
1750204800000,0.345,0.349,0.335,0.346,30604992.4,10478395.7634,35465,5098449.3956
1750291200000,0.345,0.349,0.338,0.343,16875033.3,5782741.5322,23712,2770444.7192
1750377600000,0.342,0.350,0.327,0.334,22979633.6,7789879.7830,28405,3865061.3334
1750464000000,0.334,0.338,0.313,0.321,27133504.1,8856072.9788,32821,4501093.1917
1750550400000,0.321,0.324,0.289,0.303,109488860.6,33305191.2589,75924,16252083.7376
1750636800000,0.303,0.331,0.301,0.330,60225858.6,18686324.2854,59466,9636382.7983
1750723200000,0.330,0.335,0.326,0.330,54141532.6,17874999.5405,51327,8831221.2260
1750809600000,0.330,0.332,0.323,0.325,52583411.7,17219826.5365,42057,8346254.3354
1750896000000,0.325,0.333,0.316,0.318,47321964.1,15267447.9075,56971,7257833.6030
1750982400000,0.317,0.325,0.314,0.322,23742998.3,7577145.3350,25359,3766159.5401
1751068800000,0.322,0.329,0.318,0.328,10559894.2,3409454.1745,17776,1753222.7117
1751155200000,0.328,0.340,0.323,0.337,16556071.0,5449494.9724,23787,2861311.4420
1751241600000,0.338,0.340,0.325,0.327,37425603.5,12349295.9677,33995,6134374.1950
1751328000000,0.327,0.330,0.313,0.316,39710864.0,12668091.8134,38031,6092565.4516
1751414400000,0.315,0.345,0.312,0.340,49504269.0,16281094.0767,39772,8453160.4706
1751500800000,0.339,0.346,0.335,0.340,45151779.9,15400721.5192,35890,7823121.9415
1751587200000,0.340,0.341,0.320,0.322,33508887.9,10947420.6905,31445,5289858.8840
1751673600000,0.322,0.326,0.316,0.322,28256441.4,9064599.7811,24388,4354849.8969
1751760000000,0.322,0.332,0.319,0.327,22216947.7,7226763.9902,24215,3593185.5743
1751846400000,0.327,0.331,0.322,0.325,37300009.6,12197153.1366,24105,5990167.8299
1751932800000,0.325,0.335,0.321,0.333,46024108.1,15052250.5915,27350,7435702.4328
1752019200000,0.333,0.353,0.330,0.351,46750800.9,15927101.5432,38098,8471900.9576
1752105600000,0.351,0.374,0.348,0.372,52609624.0,18759089.4536,41819,9512258.4121
1752192000000,0.372,0.390,0.366,0.375,68279715.8,25917430.1624,52684,12799797.5756
1752278400000,0.375,0.389,0.367,0.378,32393341.2,12235906.9216,45655,6278125.2165
1752364800000,0.378,0.396,0.374,0.388,42298163.4,16348016.2622,40615,8194493.6345
1752451200000,0.388,0.405,0.381,0.389,40125786.4,15779803.9867,43224,7794766.6527
1752537600000,0.388,0.402,0.375,0.402,39376437.2,15144123.2284,40881,7671887.1912
1752624000000,0.402,0.413,0.393,0.405,37212467.2,14930876.4574,41765,7311068.2838
1752710400000,0.405,0.415,0.393,0.411,35704901.8,14388482.2002,48704,7309197.5054
1752796800000,0.411,0.435,0.408,0.415,34370607.3,14521206.0246,77274,7501791.2642
1752883200000,0.415,0.439,0.406,0.435,34310038.6,14382351.3891,48530,7464925.4522
1752969600000,0.436,0.454,0.429,0.448,41070568.4,18142561.9869,84912,9120412.2927
1753056000000,0.448,0.459,0.440,0.449,41914623.8,18837059.2472,71695,9127053.6591
1753142400000,0.449,0.450,0.423,0.444,56638935.0,24618410.7405,60299,12170830.1979
1753228800000,0.444,0.448,0.402,0.412,63280384.4,27107004.1815,69804,13442565.3957
1753315200000,0.412,0.420,0.389,0.406,44471222.9,18045974.0575,53357,8871329.9191
1753401600000,0.406,0.413,0.391,0.413,34389100.5,13778992.7975,41476,6881585.6251
1753488000000,0.413,0.421,0.409,0.414,16057555.7,6671072.8179,22897,3422358.8035
1753574400000,0.414,0.428,0.412,0.424,23767989.0,9954285.2400,33695,4941380.0648
1753660800000,0.425,0.431,0.392,0.396,51659378.9,21196871.9923,56673,10141926.7437
1753747200000,0.395,0.409,0.384,0.394,62211399.3,24554982.1596,52677,12461857.6048
1753833600000,0.395,0.397,0.370,0.389,80253494.3,31022671.7633,59542,15537212.1171
1753920000000,0.388,0.395,0.367,0.369,66634145.3,25441582.3559,48797,12751023.9025
1754006400000,0.368,0.371,0.349,0.358,77886253.7,28232135.4828,68640,13650729.0998
1754092800000,0.358,0.365,0.344,0.351,66314116.6,23531631.5805,59555,11770821.9044
1754179200000,0.352,0.364,0.347,0.358,23252929.0,8316261.8632,100524,4103711.1065
1754265600000,0.357,0.370,0.355,0.367,54163255.9,19662287.6939,93793,9894566.0850
1754352000000,0.368,0.368,0.347,0.357,87115731.6,31162883.7931,59430,15379100.0864
1754438400000,0.357,0.364,0.347,0.358,70952353.6,25294154.4319,56844,12490195.5774
1754524800000,0.358,0.373,0.355,0.371,49874548.3,18114272.3015,89643,9071202.1902
1754611200000,0.372,0.380,0.367,0.378,66148710.8,24669604.6207,46836,12263356.3228
1754697600000,0.378,0.393,0.377,0.388,41447741.2,16013352.8744,45681,8216867.0145
1754784000000,0.387,0.395,0.377,0.390,58539427.1,22597008.3298,60296,11184364.8928
1754870400000,0.391,0.400,0.366,0.369,90763931.5,34755800.9435,56191,16904750.5622
1754956800000,0.368,0.394,0.363,0.393,74349130.5,27945478.6773,49465,13876567.9322
1755043200000,0.392,0.419,0.388,0.416,65718934.0,26642009.8539,60600,13753305.1403
1755129600000,0.417,0.423,0.378,0.387,87670464.0,35105146.6669,65318,16903842.9228
1755216000000,0.386,0.397,0.372,0.383,68740023.7,26473233.0811,60433,13019496.0657
1755302400000,0.383,0.398,0.381,0.394,42809676.4,16659490.8136,41425,8388572.6934
1755388800000,0.395,0.409,0.393,0.398,40398478.8,16173519.0926,36057,7942523.5366
1755475200000,0.398,0.399,0.374,0.382,71085732.2,27229083.6460,55025,13429875.5217
1755561600000,0.381,0.388,0.364,0.365,72862930.0,27317184.1801,58771,13274099.2338
1755648000000,0.365,0.383,0.362,0.379,70363112.6,26156869.3912,57880,13343434.0344
1755734400000,0.380,0.384,0.369,0.373,94575017.4,35476487.1791,53647,18609941.1685
1755820800000,0.373,0.416,0.359,0.413,105174418.9,39933954.6132,74098,20482169.1319
1755907200000,0.413,0.415,0.399,0.409,45704973.5,18585209.9390,42358,9095893.2181
1755993600000,0.409,0.420,0.392,0.404,77535126.9,31258889.9515,56023,15818490.7892
1756080000000,0.404,0.413,0.365,0.372,97373341.4,37788442.6460,71687,18117427.1006
1756166400000,0.372,0.391,0.367,0.387,61173117.3,23130081.3956,58391,11724137.0946
1756252800000,0.387,0.396,0.382,0.389,69637115.2,27021787.8057,52156,13597900.4951
1756339200000,0.388,0.440,0.386,0.438,86325210.7,35330298.4324,72585,17984607.8831
1756425600000,0.439,0.440,0.390,0.400,114429416.5,46780311.0014,81352,22686471.8461
1756512000000,0.399,0.401,0.386,0.397,47981779.6,18942534.5723,78972,9695787.2724
1756598400000,0.397,0.453,0.396,0.423,219805303.1,95093097.8614,225818,48198103.3472
1756684800000,0.424,0.438,0.390,0.397,126630272.1,52724795.2603,146929,25711957.4286
1756771200000,0.396,0.415,0.393,0.403,66049753.7,26592626.8841,78810,13417931.2453
1756857600000,0.404,0.419,0.399,0.415,48278637.4,19715471.3633,62448,10094960.8022
1756944000000,0.415,0.416,0.392,0.395,45227385.8,18160714.4954,71974,8863120.4671
1757030400000,0.395,0.411,0.394,0.402,50034956.8,20074938.2324,63978,10199878.3220
1757116800000,0.403,0.404,0.395,0.399,28796826.0,11497974.4098,37416,5858154.1050
1757203200000,0.399,0.407,0.392,0.399,23902373.2,9580782.8678,53931,4514076.4634
1757289600000,0.398,0.408,0.394,0.405,46706105.3,18720451.6591,51432,9262098.1190
1757376000000,0.405,0.416,0.401,0.404,69293474.1,28256627.9667,55879,14630606.4741
1757462400000,0.403,0.418,0.400,0.414,30076692.4,12374243.1910,41114,6082036.6228
1757548800000,0.413,0.419,0.407,0.414,36876276.7,15184393.7088,43948,7613195.1582
1757635200000,0.415,0.426,0.406,0.422,28008587.4,11626359.8596,32204,5981713.5102
1757721600000,0.423,0.435,0.420,0.434,22912792.9,9749918.2710,32516,4852816.0629
1757808000000,0.433,0.435,0.412,0.416,28049079.0,11837982.5201,34899,5698727.2454
1757894400000,0.416,0.421,0.392,0.400,45213137.1,18302218.6975,48548,8856677.4524
1757980800000,0.399,0.406,0.392,0.404,24164753.7,9680397.4905,33588,4862159.0291
1758067200000,0.403,0.413,0.392,0.411,37924854.4,15177096.9592,44763,7767952.3863
1758153600000,0.411,0.423,0.407,0.419,29586717.0,12270151.6073,37825,6308974.5178
1758240000000,0.418,0.426,0.394,0.399,45011767.6,18455570.4907,42780,9023021.7959
1758326400000,0.398,0.402,0.394,0.396,25194815.1,10018588.0368,27973,4985103.1552
1758412800000,0.397,0.401,0.388,0.389,24066705.0,9468148.7743,28562,4650678.4917
1758499200000,0.388,0.390,0.346,0.362,93009483.7,33846637.5131,58854,16949713.5007
1758585600000,0.361,0.363,0.351,0.357,47788526.0,17127421.1796,38247,8370352.5909
1758672000000,0.357,0.365,0.349,0.357,44233446.6,15869902.3824,35404,7839275.9193
1758758400000,0.358,0.358,0.334,0.339,58984036.0,20403830.6101,55470,10016210.7643
1758844800000,0.339,0.354,0.336,0.353,67088357.0,23011522.1924,43988,11489534.7797
1758931200000,0.353,0.355,0.345,0.347,28410048.7,9922123.6057,30259,4998227.8014
1759017600000,0.348,0.356,0.340,0.354,31200080.4,10816207.7414,26997,5413057.8331
1759104000000,0.355,0.357,0.345,0.352,34471925.1,12140786.3272,29999,6105939.3299
1759190400000,0.352,0.354,0.339,0.350,55601744.8,19285542.7327,36808,9749759.2750
1759276800000,0.349,0.373,0.347,0.372,45165315.2,16192482.3641,37199,8397690.3064
1759363200000,0.373,0.383,0.369,0.380,47609653.3,17902953.7986,36102,9021764.6762
1759449600000,0.379,0.388,0.371,0.383,54811765.5,20763849.4959,39254,10570311.4698
1759536000000,0.383,0.385,0.365,0.372,31000065.6,11566520.2610,30355,5585356.5072
1759622400000,0.372,0.385,0.367,0.370,46553148.0,17530483.5322,38842,8905851.2563
1759708800000,0.370,0.385,0.368,0.379,39298529.6,14815977.6529,35043,7539897.3862
1759795200000,0.380,0.382,0.356,0.358,50626650.2,18656450.3176,42367,9179378.1871
1759881600000,0.357,0.374,0.353,0.371,46289465.6,16733133.7226,43157,8192914.5140
1759968000000,0.371,0.373,0.351,0.358,58659060.2,21094455.4306,49629,10639472.7823
1760054400000,0.358,0.367,0.118,0.254,154901532.8,46313662.2222,141023,22338619.4304
1760140800000,0.255,0.283,0.250,0.269,106084575.2,28654092.8515,82168,14635197.4378
1760227200000,0.270,0.299,0.266,0.293,100161022.7,28090856.2399,64944,13974830.6181
1760313600000,0.292,0.308,0.288,0.305,115914519.0,34449193.6683,62537,17462499.7459
1760400000000,0.306,0.308,0.279,0.299,107317916.1,31259889.9899,73967,15485883.0857
1760486400000,0.299,0.305,0.279,0.285,107837862.3,31528828.3566,60840,15732989.9362
1760572800000,0.285,0.291,0.269,0.274,179820978.2,50378692.1682,86626,25168320.7861
1760659200000,0.275,0.277,0.257,0.268,167783221.6,44639792.5039,81760,22190524.4585
1760745600000,0.269,0.275,0.264,0.269,59519276.7,16038059.7402,37762,8005335.0500
1760832000000,0.270,0.281,0.265,0.275,62903555.1,17152218.0257,47885,8619504.1588
1760918400000,0.276,0.283,0.270,0.276,66785985.5,18557399.9435,46329,9374469.2022
1761004800000,0.276,0.287,0.265,0.269,149195040.4,41037689.2203,70431,20583370.3747
1761091200000,0.270,0.275,0.260,0.268,130588016.1,35137110.0296,66698,17654910.2867
1761177600000,0.269,0.278,0.266,0.274,69286328.1,18786757.1680,40387,9267393.5479
1761264000000,0.273,0.280,0.268,0.275,66062350.8,18051676.8713,40909,9444223.3664
1761350400000,0.276,0.277,0.269,0.271,32951745.4,8997174.5972,26352,4482417.2376
1761436800000,0.270,0.286,0.268,0.282,34784225.1,9614165.6613,33083,4917030.7612
1761523200000,0.281,0.284,0.271,0.273,89749248.3,24939511.6988,52658,12365389.5852
1761609600000,0.274,0.280,0.261,0.270,111499972.1,30407864.0373,56983,15234307.9616
1761696000000,0.269,0.279,0.264,0.269,116311621.5,31526604.8687,61476,15449496.5266
1761782400000,0.268,0.273,0.250,0.259,121265221.6,31749495.2545,76418,15700376.7833
1761868800000,0.259,0.266,0.255,0.260,82581618.3,21528641.6214,52230,10973145.9717
1761955200000,0.259,0.269,0.257,0.267,53922531.5,14166549.8721,37188,7158027.4302
1762041600000,0.266,0.272,0.259,0.268,40620838.5,10821160.1342,34399,5484096.3778
1762128000000,0.269,0.269,0.231,0.242,189750545.5,47243927.8228,95333,23656000.3450
1762214400000,0.243,0.247,0.221,0.234,152068525.9,36036813.3025,98275,18075523.3583
1762300800000,0.234,0.242,0.223,0.241,88546694.5,20896775.7395,56041,10677964.4071
1762387200000,0.241,0.242,0.230,0.238,102217773.1,24194913.3310,55492,12267096.2976
1762473600000,0.239,0.284,0.238,0.278,138970135.2,35429220.2234,78992,17957102.7851
1762560000000,0.279,0.301,0.274,0.284,92931461.0,26280489.4275,73616,13345068.0783
1762646400000,0.284,0.285,0.268,0.280,67678286.2,18705999.3351,53136,9470062.5766
1762732800000,0.281,0.288,0.277,0.284,82289740.0,23290067.0954,58714,11585027.0023
1762819200000,0.285,0.291,0.274,0.275,51135909.2,14452951.7619,46160,7193140.3358
1762905600000,0.275,0.285,0.264,0.267,54201603.2,14872979.7168,44461,7370890.7856
1762992000000,0.268,0.279,0.256,0.264,58981969.2,15861501.9594,45200,7655196.8960
1763078400000,0.264,0.267,0.250,0.257,87515356.3,22649949.7705,56229,11196151.7467
1763164800000,0.257,0.267,0.256,0.263,36564850.2,9588780.8404,31256,4739984.0947
1763251200000,0.264,0.267,0.250,0.257,48550506.0,12558561.4084,39022,6201351.2149
1763337600000,0.257,0.262,0.248,0.252,84514042.0,21467550.4985,53062,10737455.2175
1763424000000,0.252,0.266,0.248,0.263,52696716.3,13555126.8105,44533,6853403.9613
1763510400000,0.262,0.265,0.250,0.259,59609843.0,15357691.8110,43432,7655521.4367
1763596800000,0.260,0.280,0.249,0.255,80309240.2,21082843.3943,49411,10582599.3325
1763683200000,0.256,0.259,0.230,0.239,130394865.4,31747192.3608,71625,15791242.2144
1763769600000,0.238,0.240,0.231,0.238,46637085.4,10986298.9607,34552,5575248.2969
1763856000000,0.237,0.239,0.233,0.234,32223079.9,7607273.3121,26488,3955936.1931
1763942400000,0.233,0.237,0.226,0.234,42231919.9,9784426.5572,37025,4988388.0555
1764028800000,0.233,0.235,0.222,0.234,50437917.3,11483536.8283,38347,5713833.6739
1764115200000,0.234,0.242,0.228,0.236,52123398.7,12198032.0378,37839,6024336.5700
1764201600000,0.235,0.238,0.231,0.236,17614989.6,4131766.0418,19397,2054518.7474
1764288000000,0.235,0.240,0.232,0.234,28330689.2,6665714.1179,24204,3378860.3623
1764374400000,0.234,0.236,0.229,0.230,18909995.7,4396352.5935,18456,2241803.6030
1764460800000,0.230,0.235,0.226,0.226,17235842.1,3985673.1176,19017,1899438.6448
1764547200000,0.227,0.228,0.211,0.216,60024424.8,12967423.8441,39944,6430400.7815
1764633600000,0.215,0.228,0.211,0.226,58377624.4,12939169.1159,33900,6460887.1978
1764720000000,0.226,0.237,0.225,0.235,45734549.0,10649602.5351,36765,5215368.7981
1764806400000,0.235,0.236,0.222,0.227,36045587.0,8279551.5170,23657,4098867.2692
1764892800000,0.228,0.230,0.214,0.219,56878285.5,12568023.0522,33804,6178930.7560
1764979200000,0.219,0.222,0.214,0.218,29171230.6,6355689.2159,22969,3213985.2209
1765065600000,0.219,0.225,0.212,0.213,46742338.6,10224734.9156,31119,5005295.8434
1765152000000,0.213,0.219,0.208,0.211,47352673.6,10084681.9113,33434,5095711.0824
1765238400000,0.212,0.226,0.207,0.223,58981630.0,12753723.1371,39798,6563178.9312
1765324800000,0.222,0.226,0.215,0.217,52368821.1,11594770.6243,30882,5805691.1562
1765411200000,0.216,0.216,0.204,0.208,63483661.6,13178298.4017,37368,6423680.7952
1765497600000,0.208,0.210,0.193,0.197,50105884.3,10044557.1344,31683,5023565.6584
1765584000000,0.196,0.198,0.194,0.198,22645147.7,4442671.4655,21245,2381393.4542
1765670400000,0.198,0.198,0.187,0.190,35824607.4,6856344.7851,25402,3304560.7065
1765756800000,0.190,0.195,0.180,0.186,55501007.3,10442206.3373,32802,5204047.6635
1765843200000,0.187,0.191,0.184,0.188,38393986.2,7194111.9439,21369,3596763.4761
1765929600000,0.187,0.189,0.174,0.177,65018870.5,11804975.1908,28350,5860255.6625
1766016000000,0.177,0.181,0.167,0.171,68125991.8,11868774.2245,28017,5894707.2151
1766102400000,0.171,0.179,0.169,0.176,48828267.4,8554754.9345,22244,4270428.5411
1766188800000,0.176,0.178,0.174,0.176,13599711.0,2387549.0150,12385,1234091.8913
1766275200000,0.177,0.177,0.168,0.172,24355542.6,4192519.4792,18212,2067070.1251
1766361600000,0.172,0.176,0.167,0.169,34278224.8,5881080.2618,20576,2805758.8938
1766448000000,0.170,0.172,0.164,0.169,36693030.1,6175402.7252,20436,3054204.8926
1766534400000,0.168,0.173,0.166,0.172,19369124.3,3269868.9708,16062,1657575.5085
1766620800000,0.171,0.174,0.169,0.171,10562859.5,1816602.4360,12097,917679.4948
1766707200000,0.170,0.176,0.169,0.173,16849689.3,2914863.3821,13321,1452739.4964
1766793600000,0.173,0.174,0.088,0.119,2037940118.9,227596751.4230,568612,113262637.9951
1766880000000,0.119,0.135,0.106,0.106,1533276361.8,190170168.1535,537031,91690223.5988
1766966400000,0.106,0.115,0.094,0.097,1140119401.9,116961661.0730,398630,57462032.6873
1767052800000,0.096,0.105,0.091,0.094,738884752.1,71602375.8062,204999,35534712.3972
1767139200000,0.094,0.098,0.088,0.090,272869732.7,25185224.8957,116274,12508728.2468
1767225600000,0.091,0.093,0.084,0.087,187956771.0,16807842.9014,89198,7933311.0551
1767312000000,0.087,0.089,0.075,0.087,359396867.0,29409282.8341,157044,13889789.0758
1767398400000,0.087,0.102,0.084,0.095,397825304.6,37205224.1708,173154,18944087.1044
1767484800000,0.095,0.097,0.090,0.090,180263540.3,16733004.1421,91955,7701472.3686
1767571200000,0.091,0.094,0.087,0.094,194329795.0,17444657.0447,76389,9173546.2545
1767657600000,0.093,0.100,0.092,0.098,226437498.5,21609913.9535,75451,11053935.2683
1767744000000,0.097,0.110,0.094,0.096,335032092.8,33902029.5451,102637,16844010.5574
1767830400000,0.097,0.102,0.092,0.101,233320607.0,22607394.0762,83908,11352828.3145
1767916800000,0.101,0.103,0.098,0.099,139927438.7,13974149.9441,63955,6518606.7835
1768003200000,0.099,0.102,0.097,0.098,156588681.2,15653503.0727,76628,7916716.0938
1768089600000,0.098,0.099,0.095,0.096,83273745.7,8029328.9177,53805,3581909.4335
1768176000000,0.095,0.100,0.092,0.095,131944720.2,12525876.0464,84839,6227585.0058
1768262400000,0.095,0.097,0.088,0.096,186049124.5,17182701.7298,117788,8727949.8101
1768348800000,0.096,0.102,0.093,0.097,190510954.5,18429177.3842,116894,9267691.1777
1768435200000,0.098,0.102,0.095,0.096,175006074.0,17116280.8842,116689,8421251.5830
1768521600000,0.096,0.100,0.094,0.095,118392049.2,11483102.3212,80862,6266131.7897
1768608000000,0.095,0.099,0.095,0.096,76725019.1,7434254.8951,63343,3822478.4912
1768694400000,0.096,0.096,0.091,0.091,83775981.5,7935329.8401,52938,3586134.0983
1768780800000,0.091,0.092,0.078,0.088,165657420.0,14359546.7064,112510,7102511.1800
1768867200000,0.087,0.088,0.078,0.080,75061708.6,6194110.4048,47818,2794814.1683
1768953600000,0.080,0.084,0.079,0.080,72778779.9,5968282.8923,46880,3154961.1067
1769040000000,0.080,0.082,0.077,0.080,63690998.6,5057715.4851,39113,2474113.1691
1769126400000,0.080,0.089,0.078,0.081,100662396.3,8322634.5254,60112,4375702.8596
1769212800000,0.081,0.082,0.079,0.079,24191587.5,1943943.5188,21961,965433.7459
1769299200000,0.079,0.081,0.068,0.070,75946737.4,5735728.9965,38335,2532050.7429
1769385600000,0.070,0.074,0.069,0.073,42743252.2,3084205.4405,27755,1609649.3542
1769472000000,0.072,0.075,0.071,0.074,41008271.0,2985636.3902,24771,1678199.2207
1769558400000,0.0740000,0.0760000,0.0692100,0.0695400,249751022.4,17725733.55478800,159999,8504394.00048200
1769644800000,0.0695500,0.0698600,0.0610000,0.0624300,317688127.7,20968464.51057949,219242,10354584.38068400
1769731200000,0.0624300,0.0670000,0.0566600,0.0652500,559843972.6,35680704.00025789,366203,17707010.41094164
1769817600000,0.0652600,0.0660600,0.0537400,0.0596800,168550866.1,10492841.68995486,185385,5045698.39217400
1769904000000,0.0596900,0.0614200,0.0541900,0.0552700,122001486.0,7000539.39848086,163265,3447430.61162800
1769990400000,0.0552800,0.0574100,0.0526400,0.0528400,154998192.8,8597760.24101905,236431,4449507.33340000
1770076800000,0.0528400,0.0560000,0.0482800,0.0494800,198731898.1,10315472.07622281,231230,5071579.40003100
1770163200000,0.0494800,0.0520700,0.0480700,0.0491100,501971665.6,25132732.00747695,307216,12437956.27717600
1770249600000,0.0491200,0.0497600,0.0406300,0.0407700,525386639.4,23726739.02723527,296676,11844933.64040300
1770336000000,0.0407700,0.0527100,0.0359400,0.0505200,951354650.7,43049695.55956385,558206,21760562.84765700
1770422400000,0.0505300,0.0507300,0.0462700,0.0478500,446389448.9,21589931.17144800,276965,10848199.63393600
1770508800000,0.0478700,0.0488500,0.0464000,0.0476500,238204544.2,11327777.18831100,158889,5427991.00425600
1770595200000,0.0476500,0.0541400,0.0474000,0.0498400,435750335.2,22243606.51519090,301318,10709767.44082590
1770681600000,0.0498300,0.0506800,0.0485400,0.0496500,199870974.7,9891753.51679000,128464,4922687.58195100
1770768000000,0.0496500,0.0535800,0.0489600,0.0521900,221811191.0,11263235.62663500,183094,5480156.08638800
1770854400000,0.0521900,0.0523300,0.0421800,0.0425900,487773709.9,22439541.46759400,325595,11129415.07485000
1770940800000,0.0425900,0.0458800,0.0395400,0.0438300,538771206.0,22622802.49236200,337161,10819720.16041900
1771027200000,0.0438300,0.0470200,0.0432600,0.0444100,154873171.3,6908042.33150100,138058,3502585.42039100
1771113600000,0.0444100,0.0454000,0.0412500,0.0420800,126858116.3,5531570.55142100,118627,2723698.13325900
1771200000000,0.0420700,0.0424000,0.0395600,0.0403000,90694136.8,3721279.90402400,87612,1752982.81090300
1771286400000,0.0403000,0.0403300,0.0386300,0.0389100,106415838.9,4187088.98968100,91532,1980860.95922900
1771372800000,0.0389100,0.0395500,0.0368000,0.0369600,97723949.4,3743508.70701100,80814,1761946.14683700
1771459200000,0.0369600,0.0372900,0.0346100,0.0356500,133115940.8,4792122.53262200,91876,2375939.05837300
1771545600000,0.0356500,0.0392000,0.0353700,0.0381600,178891353.9,6722469.31568500,127548,3370069.81336300
1771632000000,0.0381600,0.0394000,0.0377000,0.0382200,128019421.8,4922808.25140900,81356,2549218.76672000
1771718400000,0.0382100,0.0391600,0.0367100,0.0367300,140749644.4,5337262.63923200,96035,2691843.24240000
1771804800000,0.0367400,0.0367800,0.0336800,0.0347700,194468078.8,6830433.41839200,106340,3261528.98906600
1771891200000,0.0347800,0.0374000,0.0340600,0.0344400,184629162.8,6551583.16155000,117107,3184616.73958800
1771977600000,0.0344300,0.0381400,0.0344000,0.0369800,150287717.8,5455148.89339000,99530,2673405.30000300
1772064000000,0.0369700,0.0372600,0.0353200,0.0364600,75363204.5,2748561.29730600,65684,1333966.34111000
1772150400000,0.0364500,0.0434300,0.0362500,0.0383300,420575058.8,16779576.96889000,229124,8229443.56453100
1772236800000,0.0383200,0.0389300,0.0365000,0.0388100,169928720.3,6405143.50500100,107681,3093742.57968600
1772323200000,0.0388000,0.0391700,0.0354700,0.0354700,86583760.0,3244810.97904900,74842,1633550.65305600
1772409600000,0.0354800,0.0364500,0.0346600,0.0351900,115732395.4,4115815.79005800,96901,2095724.63340200
1772496000000,0.0351800,0.0362000,0.0342900,0.0350800,91305577.8,3217472.64693200,84293,1664111.71846200
1772582400000,0.0350900,0.0355500,0.0340000,0.0345400,97038192.8,3371066.45901600,80120,1700655.76324300
1772668800000,0.0345600,0.0351500,0.0331300,0.0342400,95679152.6,3273680.80776100,68344,1566266.68443100
1772755200000,0.0342500,0.0444400,0.0339600,0.0440500,1573025663.4,62963932.92988100,718770,31316421.52114400
1772841600000,0.0440700,0.0442200,0.0391200,0.0416200,1087004143.5,45434803.88273400,564725,22306173.52124200
1772928000000,0.0416200,0.0446600,0.0392900,0.0394200,507791326.0,21400927.09833500,288316,10284149.82858400
1773014400000,0.0394100,0.0529900,0.0392600,0.0514400,1477631370.4,70866683.03952500,832843,35910052.12976700
1773100800000,0.0514500,0.0745000,0.0500000,0.0651300,5817321842.7,374881851.39067300,3226426,193335786.00572100
1773187200000,0.0651300,0.0690900,0.0558000,0.0568300,1976210380.4,120256106.09634000,1389781,60982756.56867900
1773273600000,0.0568400,0.0578500,0.0525700,0.0531200,1019345207.0,56249694.34663300,820233,28330754.70668300
1773360000000,0.0531200,0.0542400,0.0497900,0.0500900,603690021.9,31089631.14718400,456348,14974048.97034700
1773446400000,0.0500900,0.0505800,0.0437200,0.0447100,758913113.1,35147705.70946400,533728,17023877.20965400
1773532800000,0.0447100,0.0489000,0.0397000,0.0403600,851179073.4,36144081.71400200,524828,17545958.74977000
1773619200000,0.0403700,0.0409100,0.0367600,0.0390200,1246685203.6,48597886.82741100,622283,25103533.95400300
1773705600000,0.0390300,0.0393000,0.0340800,0.0345100,584824677.3,20988540.39396300,283954,10611104.22987900
1773792000000,0.0345100,0.0358400,0.0296400,0.0309300,726195609.3,23874932.34309300,315217,11185053.70938300
1773878400000,0.0309200,0.0335800,0.0302100,0.0318000,419924586.7,13448087.37494500,244843,7139277.54991100
1773964800000,0.0318000,0.0329100,0.0301800,0.0304900,234847942.5,7407104.77348800,130399,3539789.09275600
1774051200000,0.0304900,0.0310800,0.0287500,0.0292300,247207439.8,7456263.10739400,110631,3560060.51340400
1774137600000,0.0292200,0.0318900,0.0285300,0.0314600,349751909.2,10618560.64891700,186320,5534379.54717900
1774224000000,0.0314600,0.0355200,0.0312800,0.0347300,522801192.1,17453945.88862000,297649,8625393.98069600
1774310400000,0.0347200,0.0351300,0.0314200,0.0318900,320385503.6,10491061.30501600,172900,4875903.28381900
1774396800000,0.0319000,0.0327900,0.0314700,0.0323000,161726105.3,5201240.80043500,92806,2587803.23574300
1774483200000,0.0323100,0.0329600,0.0309500,0.0318600,140260492.6,4477533.06438100,94409,2311460.14785900
1774569600000,0.0318700,0.0334200,0.0295700,0.0305900,166281397.0,5187911.26919600,96451,2557256.11124700
1774656000000,0.0305900,0.0308000,0.0292900,0.0295500,132610016.5,3989579.07163800,85316,1959814.39086200
1774742400000,0.0295500,0.0303700,0.0277700,0.0284700,150040637.2,4419252.61351600,84410,2030561.93325600
1774828800000,0.0284800,0.0297300,0.0284600,0.0286300,148376281.6,4287872.48629400,82868,2050682.91201800
1774915200000,0.0286300,0.0303700,0.0284400,0.0299800,151407758.8,4438384.36592100,93613,2341912.43791400
1775001600000,0.0299700,0.0302900,0.0290000,0.0295700,101767764.3,3010718.87289500,75589,1451096.93326700
1775088000000,0.0295600,0.0316300,0.0286700,0.0295400,179584317.8,5323863.99619400,90510,2708217.31720200
1775174400000,0.0295400,0.0303900,0.0291500,0.0302200,94458496.6,2820046.96667300,58365,1358250.67626100
1775260800000,0.0302200,0.0326800,0.0299700,0.0318500,177970419.2,5634996.91131700,94689,2797244.47398400
1775347200000,0.0318400,0.0326600,0.0302700,0.0308200,93675644.6,2922490.87665500,51809,1380226.58855900
1775433600000,0.0308200,0.0317000,0.0306700,0.0309200,73078418.7,2278121.85920500,45255,1203016.17525100
1775520000000,0.0309200,0.0322200,0.0304800,0.0321000,91487427.7,2841504.51533200,53218,1440249.63677900
1775606400000,0.0321000,0.0335200,0.0316500,0.0323500,111209683.7,3629553.36356300,61654,1847652.01824700
1775692800000,0.0323500,0.0333900,0.0322100,0.0326800,101356879.5,3318862.99270800,52776,1629152.86523600
1775779200000,0.0326800,0.0335600,0.0324000,0.0326000,65448262.8,2161208.08197300,38038,1072077.79426700
1775865600000,0.0326100,0.0326400,0.0314200,0.0318900,54759627.3,1748050.04142300,37282,872912.08264400
1775952000000,0.0318800,0.0320700,0.0306900,0.0307900,55919920.5,1754239.30392200,39857,871752.24626900
1776038400000,0.0307900,0.0349900,0.0307100,0.0342700,161118911.0,5363238.47753000,80148,2642345.87040900
1776124800000,0.0342600,0.0366600,0.0334400,0.0342500,221102879.1,7733207.80509000,95034,3841217.42891800
1776211200000,0.0342600,0.0362600,0.0340100,0.0352100,89844203.1,3138584.64226200,49627,1520091.04984500
1776297600000,0.0352200,0.0371600,0.0348900,0.0369500,108598356.1,3925085.88429200,59948,1879956.03286000
1776384000000,0.0369400,0.0384700,0.0360900,0.0369600,132201166.1,4923679.63612900,75426,2310949.43853000
1776470400000,0.0369500,0.0379900,0.0350200,0.0359100,87706478.0,3193212.00736200,58633,1561768.49905800
1776556800000,0.0359000,0.0359000,0.0330900,0.0334900,57595184.2,1983830.98054400,41332,932666.61292900
1776643200000,0.0334900,0.0378600,0.0334100,0.0370000,161441302.2,5826361.07102100,79779,2828933.63211200
1776729600000,0.0369900,0.0396400,0.0358200,0.0386100,123967967.2,4635007.25515800,67280,2198606.86551700
1776816000000,0.0386400,0.0416600,0.0381200,0.0381800,204292246.5,8121845.84068700,110521,3907741.27589500
1776902400000,0.0381800,0.0393700,0.0369300,0.0383100,95406629.3,3636482.47203400,59625,1749144.74102000
1776988800000,0.0383200,0.0404800,0.0374300,0.0390000,92299180.5,3586148.48051800,54514,1702422.77094200
1777075200000,0.0390000,0.0405900,0.0386200,0.0405000,76035192.9,3005181.11876400,55236,1487536.51748900
1777161600000,0.0405000,0.0408400,0.0383900,0.0392100,67672269.5,2668714.09136000,54885,1277372.81461500
1777248000000,0.0392000,0.0397800,0.0375400,0.0380700,60403767.3,2313514.09994800,55744,1101973.25046900
1777334400000,0.0380800,0.0439800,0.0378100,0.0421300,186934369.9,7776014.12697200,117911,3823474.13870900
1777420800000,0.0421400,0.0428200,0.0391200,0.0406900,116623075.3,4735995.65495700,82759,2150010.17381000
1777507200000,0.0406800,0.0464300,0.0404300,0.0441400,402966848.8,17900691.94740700,228598,9050573.25863200
1777593600000,0.0441300,0.0462100,0.0423300,0.0425900,132900230.7,5844570.21817600,103711,2805905.51517600
1777680000000,0.0425900,0.0438300,0.0418800,0.0421200,61960539.1,2649345.14903200,57454,1338545.26257900
1777766400000,0.0421100,0.0423600,0.0407300,0.0416500,44144288.0,1834755.53670400,47992,852318.94891000
1777852800000,0.0416300,0.0424300,0.0404900,0.0409300,48961279.1,2037342.08733000,54047,981045.15571500
1777939200000,0.0409300,0.0409300,0.0384000,0.0401900,84683910.6,3361365.37199700,66396,1652137.22471600
1778025600000,0.0402100,0.0406600,0.0393700,0.0401600,45389611.1,1824165.41962000,47193,881612.38943200
1778112000000,0.0401700,0.0426000,0.0394700,0.0415600,58613303.4,2395177.74926500,53074,1204946.21544800
1778198400000,0.0415600,0.0431700,0.0402400,0.0417900,63619606.9,2643425.34762700,40848,1229491.53273700
1778284800000,0.0417900,0.0443600,0.0409500,0.0410000,74488866.9,3166468.09948700,47026,1548220.61966900
1778371200000,0.0410000,0.0429400,0.0405300,0.0421200,64267665.0,2677259.06279300,50611,1315329.07246400
1778457600000,0.0421200,0.0428100,0.0410200,0.0421500,64254744.0,2699740.18667900,48469,1268838.17351600
1778544000000,0.0421400,0.0425000,0.0394500,0.0402700,53270217.3,2178448.13014600,49765,1006660.92929500
1778630400000,0.0402600,0.0412900,0.0374600,0.0382900,68283024.8,2671565.77057400,50560,1201569.17905400
1778716800000,0.0382900,0.0390900,0.0371400,0.0385100,46087621.6,1754218.14031100,42792,891465.78022600
1778803200000,0.0385000,0.0388600,0.0357800,0.0369700,42401275.2,1582204.96689000,32799,706791.55206500
1778889600000,0.0369600,0.0371800,0.0347700,0.0357800,49005286.4,1753345.17232300,33793,773727.72673600
1778976000000,0.0357900,0.0381300,0.0345600,0.0362600,67151393.3,2468227.87152300,47992,1214180.42806600
1779062400000,0.0362600,0.0374900,0.0350300,0.0361700,61486391.2,2223408.32344600,56539,1110821.01913700
1779148800000,0.0361700,0.0364400,0.0351600,0.0353200,21500226.0,769198.56142800,30037,385970.22250600
1779235200000,0.0353100,0.0362100,0.0347800,0.0357100,27730931.5,985493.28451500,37497,492477.26831800
1779321600000,0.0357200,0.0362200,0.0351800,0.0359700,27756651.5,994522.42169500,25783,512772.43082900
1779408000000,0.0359700,0.0369600,0.0337100,0.0341100,53337052.5,1902537.12665800,29729,879227.15816900
1779494400000,0.0340900,0.0356100,0.0327800,0.0352100,50989956.2,1727906.20084500,35109,883381.24947600
1779580800000,0.0352000,0.0353100,0.0330400,0.0335100,29002617.7,993845.20743100,23281,481839.33614300
1779667200000,0.0335100,0.0352400,0.0334500,0.0345500,35031990.9,1208130.91400600,30599,608155.88291500
1779753600000,0.0345500,0.0347000,0.0332600,0.0334400,39167588.0,1331931.37295700,27133,618292.34103100
1779840000000,0.0334500,0.0342300,0.0318300,0.0323200,41984378.2,1386694.55510800,24568,644445.37543800
1779926400000,0.0323200,0.0324100,0.0308200,0.0315100,47552192.3,1497196.38940100,30384,719391.89901700
1780012800000,0.0315200,0.0318200,0.0302900,0.0315700,46068850.6,1434803.64107300,29811,694246.24282100
1780099200000,0.0315800,0.0323200,0.0314400,0.0319400,31612938.8,1010188.29091400,22862,549627.72524700
1780185600000,0.0319500,0.0322300,0.0313100,0.0321000,21223910.6,675412.29932300,16298,313672.23667300
1780272000000,0.0321000,0.0327300,0.0313100,0.0319700,38605587.4,1233633.35232500,26997,612974.15368000
1780358400000,0.0319800,0.0320500,0.0286000,0.0291100,70629689.1,2133556.19435100,42434,927833.34754300
1780444800000,0.0291200,0.0303600,0.0286300,0.0295500,46279113.0,1374060.04721000,36240,658173.25426500
1780531200000,0.0295400,0.0297900,0.0267900,0.0276500,87444173.2,2446564.39648900,44567,1184692.07259800
1780617600000,0.0276600,0.0277700,0.0250400,0.0263700,114887924.5,3006227.93268800,54243,1493072.89113800
1780704000000,0.0263700,0.0265400,0.0243800,0.0260200,40215980.3,1031182.82603000,35660,522853.22693000
1780790400000,0.0260200,0.0275300,0.0258300,0.0269600,40534270.4,1078160.30056300,26037,528475.21441000
1780876800000,0.0269600,0.0278900,0.0264100,0.0271000,35176506.4,954426.81265000,23413,485657.22426200
1780963200000,0.0271100,0.0271500,0.0259200,0.0265600,33303341.6,884322.74849700,24743,449775.15259600
1781049600000,0.0265600,0.0292200,0.0263200,0.0284900,119585024.2,3337939.32322000,58051,1745688.92995500
1781136000000,0.0285100,0.0298300,0.0283800,0.0291900,83473742.3,2422208.67677800,54897,1101513.84161800
1781222400000,0.0292000,0.0295700,0.0281500,0.0285200,33368704.3,959903.20829600,31662,427211.68643200
1781308800000,0.0285200,0.0290400,0.0283700,0.0285800,24965624.7,716569.45886500,23216,384480.00088200
1781395200000,0.0285900,0.0293700,0.0279700,0.0291500,21647608.8,617416.80537800,20253,277577.30831300
1781481600000,0.0291700,0.0314300,0.0284600,0.0297200,65309179.1,1945420.06388500,40798,970759.53853000
1781568000000,0.0297300,0.0306300,0.0290900,0.0294700,40639571.0,1205883.83101900,37047,539217.33959400
1781654400000,0.0294900,0.0322100,0.0291000,0.0304800,70014247.3,2141561.51340900,42435,1088076.94525500
1781740800000,0.0304500,0.0308000,0.0291800,0.0295800,35589389.2,1067749.77904300,28839,493778.31104800
1781827200000,0.0295700,0.0297500,0.0281700,0.0284500,33553548.6,970431.12876800,29080,451855.06013700
1781913600000,0.0284200,0.0289000,0.0280600,0.0285400,21389175.4,609115.61850500,16099,283883.82559900
1782000000000,0.0285300,0.0287500,0.0280600,0.0281200,14624355.6,415984.00244700,13437,196940.41767200
1782086400000,0.0281300,0.0289300,0.0278100,0.0282100,21005392.1,596889.10294500,17983,274948.96145200
1782172800000,0.0282200,0.0287000,0.0270500,0.0278200,26924901.7,748088.80708100,19429,360064.49648100
1782259200000,0.0278100,0.0294100,0.0272800,0.0290500,51001420.2,1432770.65923000,30978,681170.46231900
1782345600000,0.0290500,0.0296500,0.0275900,0.0279700,67758706.5,1950227.19957500,42569,931299.49678500
1782432000000,0.0279700,0.0281100,0.0262500,0.0271300,40513468.6,1098376.93779700,27709,549419.72394000
1782518400000,0.0271300,0.0275100,0.0264900,0.0267400,19227145.4,519889.31385900,15784,232824.88169300
1782604800000,0.0267300,0.0273200,0.0266200,0.0269400,21592903.7,582683.02728000,15702,296645.21675300
1782691200000,0.0269400,0.0287500,0.0266600,0.0282100,34985665.1,980112.90820300,23437,485539.45295400
1782777600000,0.0282100,0.0286200,0.0267500,0.0269300,39066688.6,1069750.08111500,23168,458782.82331800
1782864000000,0.0269300,0.0272200,0.0263200,0.0268900,36912023.8,989439.43479600,22276,499043.45980600
1782950400000,0.0268700,0.0277100,0.0266500,0.0272800,27387030.6,744660.50758000,18883,379413.01320300
1783036800000,0.0272700,0.0285400,0.0271000,0.0284300,28953411.4,806425.19021400,21162,396184.32320900
1783123200000,0.0284400,0.0293500,0.0280400,0.0287800,28744055.7,823745.21622000,20021,433873.07184900
1783209600000,0.0287900,0.0290200,0.0278900,0.0283000,23498890.1,664703.09349000,15648,321705.79586300
1783296000000,0.0283000,0.0285500,0.0271900,0.0281600,37442903.3,1045666.40930400,20272,529875.36337100
1783382400000,0.0281600,0.0282900,0.0269800,0.0270700,27042730.7,747907.37548200,16500,337140.34308800
1783468800000,0.0270800,0.0276400,0.0265900,0.0271800,33783755.3,912295.35321400,18553,431825.94046300
1783555200000,0.0271900,0.0274200,0.0268700,0.0270800,18410178.6,500795.85872700,12660,256877.32185100
1783641600000,0.0270600,0.0277200,0.0270200,0.0272000,21078972.5,576365.81722800,14364,296163.57578700
1783728000000,0.0271900,0.0284400,0.0269700,0.0270800,28760891.6,792086.81018300,18536,391337.92351400
1783814400000,0.0270700,0.0273800,0.0263900,0.0265700,23066633.4,622311.54360600,15880,277022.53520400
1783900800000,0.0265600,0.0268600,0.0258600,0.0261800,29251022.8,768247.23638300,20525,355956.91387300
1783987200000,0.0261900,0.0267700,0.0258600,0.0266500,32993484.2,870060.43265700,16678,438983.19921200
1784073600000,0.0266500,0.0272400,0.0264300,0.0265000,24522127.5,655138.72794100,28752,339603.65486500
1784160000000,0.0264900,0.0266600,0.0259800,0.0260100,26189986.1,691637.09520500,14434,351843.60183900
1784246400000,0.0260100,0.0261500,0.0254900,0.0259100,25868740.2,667664.41828400,14106,298585.17560800
1784332800000,0.0259100,0.0260900,0.0256300,0.0259000,17578197.1,454191.66449200,10979,237751.21496400
1784419200000,0.0258900,0.0259700,0.0252000,0.0254500,18933738.3,485148.56694300,17405,233350.62019000
1784505600000,0.0254500,0.0256600,0.0248800,0.0254700,35012412.1,885798.31833700,16507,386308.52063700
1784592000000,0.0254700,0.0265000,0.0253400,0.0258800,48017895.9,1240210.14829700,31435,661589.48451000
1784678400000,0.0258800,0.0260000,0.0254900,0.0257900,20298793.3,522062.70414800,20088,246167.84435800
1784764800000,0.0257900,0.0259800,0.0250100,0.0250700,22372206.0,571678.53011400,13706,263903.96538800
1784851200000,0.0250500,0.0254700,0.0246900,0.0250400,23761803.7,593954.10997600,16105,300437.03696100
1784937600000,0.0250300,0.0253300,0.0246600,0.0251300,22537648.6,563253.62052600,12079,280746.82648800
1785024000000,0.0251200,0.0254600,0.0250800,0.0254200,17799312.8,449520.47810300,8889,249821.92757400
1785110400000,0.0254300,0.0255600,0.0237600,0.0238500,38237120.2,945838.04159600,19368,487277.37022500
1785196800000,0.0238500,0.0267600,0.0236400,0.0259600,145813767.5,3738412.48763500,59553,1693808.55171100
1785283200000,0.0259600,0.0293800,0.0255900,0.0279100,528428345.7,14593109.10501300,167752,7148724.17122000
1785369600000,0.0279200,0.0289600,0.0265700,0.0285600,164936624.8,4530226.32235200,81556,2195204.49686600
1785456000000,0.0285500,0.0317000,0.0268100,0.0309000,261687180.2,7654654.20454200,164154,3766724.25858600
1785542400000,0.0309000,0.0316500,0.0285500,0.0286700,126946131.3,3795401.94835000,81480,1766461.19571300
1785628800000,0.0286700,0.0291100,0.0273700,0.0280000,69071991.6,1939309.94446400,39624,938439.95166900
1785715200000,0.0280100,0.0283300,0.0258500,0.0264100,78627578.1,2113031.25499900,49193,957045.64975300
1785801600000,0.0264300,0.0267600,0.0257600,0.0257900,46756474.0,1225637.74895600,28938,610415.02082300
1785888000000,0.0257900,0.0266100,0.0257300,0.0261800,36567761.4,953318.82173700,27674,479023.96340800
1785974400000,0.0261800,0.0284000,0.0259300,0.0277200,70581079.0,1919237.40714400,49958,1046148.94939200
1786060800000,0.0277200,0.0284800,0.0272100,0.0276800,48490544.5,1344257.26950700,30320,631726.26796600
1786147200000,0.0276700,0.0310000,0.0275400,0.0292200,96279975.8,2844789.55741600,60177,1404431.46320600
1786233600000,0.0292100,0.0301200,0.0289300,0.0295300,42960948.7,1266112.08608100,35211,613724.14108000
1786320000000,0.0295400,0.0318600,0.0292800,0.0306800,73503062.9,2245447.26885600,54359,1136127.69674300
1786406400000,0.0306700,0.0333900,0.0296100,0.0328100,121259141.3,3842620.61976300,80765,2038996.56007000
1786492800000,0.0328000,0.0341200,0.0319600,0.0327600,177919181.7,5856422.08922500,116635,2807619.99241000
1786579200000,0.0327600,0.0329700,0.0314300,0.0316000,55338603.6,1780870.43733200,42779,825731.59657700
1786665600000,0.0316000,0.0319600,0.0305500,0.0307900,36150961.9,1127053.62467500,26699,554728.87140400
1786752000000,0.0307800,0.0313700,0.0296900,0.0298600,34583873.2,1060861.87917900,26029,502331.58246400
1786838400000,0.0298700,0.0301500,0.0293600,0.0294300,24271500.8,725156.32456700,21071,336878.92288600
1786924800000,0.0294300,0.0299000,0.0272100,0.0276400,97112809.8,2727872.26600100,46978,1299274.41172400
1787011200000,0.0276300,0.0278600,0.0272200,0.0274200,31206776.0,860388.70612900,23454,388536.60729100
1787097600000,0.0274200,0.0294800,0.0271000,0.0287500,55342527.3,1559364.33420200,38911,741000.30027000
1787184000000,0.0287500,0.0293600,0.0284900,0.0289500,44021351.5,1273034.52014800,29152,593888.34864400
1787270400000,0.0289500,0.0321600,0.0288800,0.0317100,85458058.5,2626523.63752200,53236,1393552.41452800
1787356800000,0.0317200,0.0329700,0.0290200,0.0300200,72423327.8,2261197.96152300,41530,1031736.54392900
1787443200000,0.0300300,0.0311100,0.0283600,0.0306200,68564462.1,2049074.03477200,31934,1053057.92255600
1787529600000,0.0305900,0.0306100,0.0291700,0.0295600,43961126.1,1308053.56412200,27599,620797.39132300
1787616000000,0.0295700,0.0308400,0.0287900,0.0292300,47443069.2,1422141.62273900,28912,716984.19785300
1787702400000,0.0292200,0.0297100,0.0281300,0.0294700,42862284.7,1242810.58749300,22785,601597.92062100
1787788800000,0.0294600,0.0300800,0.0288700,0.0293400,33309262.8,980498.52127900,19581,457900.76370100
1787875200000,0.0293400,0.0299600,0.0277200,0.0286700,36223768.9,1038960.96529100,20645,520636.08457200
1787961600000,0.0286600,0.0287000,0.0281900,0.0285100,20929962.5,595411.63402500,16350,293142.58503800
1788048000000,0.0285100,0.0292100,0.0265200,0.0268600,60881090.6,1711277.09674300,30302,784582.32710200
1788134400000,0.0268400,0.0275700,0.0252500,0.0266700,102465005.8,2703147.14285000,46687,1260628.31705900
1788220800000,0.0266700,0.0276100,0.0259200,0.0264000,68986138.1,1840593.97821400,32954,906507.44110400
1788307200000,0.0264000,0.0277700,0.0257700,0.0268600,56516546.6,1511289.93635800,29616,737887.68542500
1788393600000,0.0268500,0.0281300,0.0267900,0.0275800,40480115.0,1115365.02320700,22624,529381.79374700
1788480000000,0.0275700,0.0280500,0.0270200,0.0279200,33681892.4,926628.82829500,19521,463246.99199300
1788566400000,0.0279200,0.0291700,0.0277900,0.0288500,23827029.9,682209.23238800,17932,335076.37692100
1788652800000,0.0288300,0.0305800,0.0284900,0.0295900,74462835.6,2200963.19382500,38614,1156376.01761800
1788739200000,0.0296000,0.0298400,0.0279400,0.0286000,57464273.5,1666472.08588400,27585,790253.92965100
1788825600000,0.0285900,0.0301000,0.0283400,0.0287000,55327862.3,1612882.79087000,30714,749024.78224900
1788912000000,0.0287000,0.0293000,0.0271200,0.0279900,38215417.5,1081622.41046200,25342,530480.07854800
1788998400000,0.0279800,0.0290200,0.0272600,0.0274000,42774133.7,1201755.31148300,29932,585973.93615900
1789084800000,0.0273900,0.0281600,0.0267700,0.0276700,52610008.8,1443963.95334400,29590,732147.14997600
1789171200000,0.0276500,0.0282700,0.0275800,0.0277800,18779313.6,524297.83742300,12931,257841.52568800
1789257600000,0.0277800,0.0305000,0.0277800,0.0288300,85354353.0,2501700.90420100,51308,1262405.09143500
1789344000000,0.0288300,0.0292900,0.0279000,0.0280700,50349845.1,1435637.11720900,29178,710888.08766700
1789430400000,0.0280800,0.0285500,0.0258500,0.0264400,60220666.7,1640230.99054400,32579,764384.43553000
1789516800000,0.0264300,0.0266100,0.0256100,0.0266000,36683690.3,958335.75746300,23174,441990.65729900
1789603200000,0.0266000,0.0297900,0.0264200,0.0296200,57373235.5,1607342.07506200,34803,838004.33072800
1789689600000,0.0296100,0.0305000,0.0289000,0.0301700,87104302.9,2592709.36840300,48296,1217257.26211900
1789776000000,0.0301600,0.0311500,0.0297400,0.0304800,83794158.3,2541009.97849700,42963,1171927.95455700
1789862400000,0.0304900,0.0309800,0.0292200,0.0299900,126624577.5,3801572.61977400,60717,1831314.34236300
1789948800000,0.0300100,0.0339500,0.0299000,0.0332200,243103108.6,7883239.46111600,89442,3914298.98651200
1790035200000,0.0331800,0.0333200,0.0307800,0.0323700,125506459.0,4009510.92036300,60763,1778957.09443800
1790121600000,0.0323800,0.0355600,0.0300600,0.0313800,300960492.8,9960291.05696300,118532,4681695.32042400
1790208000000,0.0313800,0.0327600,0.0304600,0.0318900,126051827.4,3996874.78720900,73902,1868519.73094400
1790294400000,0.0319000,0.0332100,0.0306500,0.0311700,144845966.2,4607056.97383200,76503,2238111.21620800
1790380800000,0.0311700,0.0339800,0.0305900,0.0330200,215701936.5,7057702.69125700,90310,3504049.79430800
1790467200000,0.0330100,0.0343200,0.0324700,0.0329500,137366644.3,4550681.03323100,64131,2137520.10838400
1790553600000,0.0329500,0.0332600,0.0296000,0.0305500,162105675.6,5026489.14482300,70002,2278815.90928500
1790640000000,0.0305500,0.0315800,0.0294200,0.0306300,111289526.8,3412308.41850000,58858,1611555.18198100
1790726400000,0.0306200,0.0341400,0.0303200,0.0311800,246674240.1,7973120.10279700,124929,3941220.25938700
1790812800000,0.0311700,0.0324800,0.0306100,0.0312600,109900938.8,3449693.41550200,56270,1656096.00908400
1790899200000,0.0312600,0.0327200,0.0298000,0.0315000,110519708.3,3480805.04466800,48047,1655731.06205400
1790985600000,0.0314900,0.0342200,0.0313600,0.0330700,131929753.9,4318853.75658300,54954,2088551.49530300
