open_time,open,high,low,close,volume,quote_volume,trades,taker_buy_quote
1600128000000,0.5445,0.5589,0.5058,0.5095,4149871,2204519.8278,17109,1105373.2387
1600214400000,0.5084,0.5100,0.4661,0.4953,2630273,1273303.5191,9826,643378.8902
1600300800000,0.4955,0.5114,0.4519,0.4683,6283431,2961134.6573,17017,1406494.7760
1600387200000,0.4670,0.5023,0.4569,0.4746,5301466,2541203.7774,19616,1128804.6916
1600473600000,0.4744,0.4774,0.4603,0.4676,1826497,857694.5638,9867,412457.7785
1600560000000,0.4671,0.5019,0.4397,0.4586,7607842,3615754.0919,30640,1708842.5008
1600646400000,0.4577,0.4586,0.3928,0.4110,6208636,2617308.7315,24969,1042128.3362
1600732800000,0.4110,0.4285,0.4000,0.4189,3015580,1254271.2647,10807,564467.6917
1600819200000,0.4185,0.4211,0.3674,0.3704,4144708,1642386.4009,12313,714797.0303
1600905600000,0.3712,0.4071,0.3647,0.4065,3670661,1411940.3423,10806,710697.7796
1600992000000,0.4069,0.4207,0.3884,0.4117,3347605,1352396.3826,10914,570357.1865
1601078400000,0.4127,0.4293,0.4027,0.4260,4598478,1913868.0350,12191,1040387.7502
1601164800000,0.4260,0.4281,0.3968,0.4151,4452358,1834339.6808,12537,808500.8944
1601251200000,0.4151,0.4208,0.3920,0.4004,4243734,1737316.4111,12595,750541.8842
1601337600000,0.4004,0.4283,0.3967,0.4266,3908657,1610302.2890,11921,764835.4122
1601424000000,0.4268,0.4386,0.4020,0.4203,6207899,2605747.3368,15293,1206952.4975
1601510400000,0.4210,0.4505,0.4000,0.4355,10563786,4507931.1817,25047,1992739.4162
1601596800000,0.4351,0.4355,0.3768,0.3949,9753758,3907373.3363,23748,1767712.2932
1601683200000,0.3947,0.4041,0.3859,0.3905,4290570,1692807.3347,11360,785435.7432
1601769600000,0.3897,0.4004,0.3804,0.3970,4701388,1841052.9875,14118,876854.8800
1601856000000,0.3970,0.4016,0.3849,0.3956,3965864,1554302.1627,12986,681749.0003
1601942400000,0.3956,0.3971,0.3499,0.3592,8847626,3287545.9927,24351,1491095.9850
1602028800000,0.3593,0.3716,0.3453,0.3699,11494110,4146140.3711,25941,2175153.2670
1602115200000,0.3699,0.3882,0.3522,0.3803,8650362,3216585.9343,20379,1521970.0323
1602201600000,0.3806,0.4024,0.3700,0.3984,6244309,2419771.6008,15246,1118309.2593
1602288000000,0.3979,0.4107,0.3891,0.3928,7077657,2829876.6338,15568,1369428.9528
1602374400000,0.3933,0.4083,0.3871,0.3962,4944286,1970427.8542,12399,927591.9997
1602460800000,0.3963,0.4244,0.3916,0.4082,8112126,3323319.5445,17645,1526226.2049
1602547200000,0.4076,0.4310,0.4050,0.4100,9100643,3789020.6127,19004,1696702.1557
1602633600000,0.4108,0.4154,0.3840,0.3906,5201557,2078664.4776,13795,862338.1174
1602720000000,0.3904,0.3908,0.3679,0.3814,6244099,2362390.9292,14510,1060211.1064
1602806400000,0.3815,0.3851,0.3551,0.3674,8086693,2957172.8398,17498,1373705.1880
1602892800000,0.3679,0.3865,0.3622,0.3819,3483901,1318170.1692,9862,651091.2064
1602979200000,0.3820,0.3896,0.3790,0.3860,3223359,1240935.0072,9128,534652.9073
1603065600000,0.3865,0.3876,0.3688,0.3745,4035628,1513844.4278,10392,638662.7064
1603152000000,0.3745,0.3800,0.3520,0.3548,4631688,1695213.0967,14453,713684.3751
1603238400000,0.3548,0.3816,0.3537,0.3727,5399783,1996685.5180,13652,941483.0735
1603324800000,0.3720,0.3944,0.3701,0.3823,6628964,2549468.6288,16220,1173382.4088
1603411200000,0.3820,0.3898,0.3651,0.3758,4641459,1758792.1513,11771,788138.0949
1603497600000,0.3753,0.3814,0.3686,0.3728,2777012,1041476.2540,7726,507445.5061
1603584000000,0.3733,0.3794,0.3619,0.3716,3473054,1286150.3636,8618,619325.6696
1603670400000,0.3719,0.3793,0.3461,0.3606,6370533,2319608.3425,14291,1034007.3437
1603756800000,0.3604,0.3690,0.3526,0.3585,3740234,1349999.4534,10129,652957.9418
1603843200000,0.3579,0.3631,0.3318,0.3386,5828510,2012300.7630,17825,890841.5656
1603929600000,0.3386,0.3479,0.3240,0.3382,5108169,1729675.5681,12384,861173.1762
1604016000000,0.3383,0.3424,0.3055,0.3193,6070209,1941239.9477,14995,821958.4926
1604102400000,0.3192,0.3333,0.3168,0.3178,3886541,1263053.3944,9606,602888.2492
1604188800000,0.3178,0.3420,0.3148,0.3371,4246518,1393523.2847,10136,722601.6332
1604275200000,0.3367,0.3420,0.3180,0.3201,3239624,1062810.2714,10559,505556.4003
1604361600000,0.3202,0.3221,0.3073,0.3151,4910133,1550987.8972,13047,661257.7280
1604448000000,0.3157,0.3162,0.2933,0.3125,5425725,1657299.4613,13803,832059.5466
1604534400000,0.3126,0.3185,0.3006,0.3159,5519117,1719198.3560,15051,831553.5913
1604620800000,0.3162,0.3657,0.3151,0.3612,14565219,5025803.8986,25973,2433779.6284
1604707200000,0.3618,0.3830,0.3256,0.3367,17305103,6141397.3404,33831,2889616.8337
1604793600000,0.3359,0.3621,0.3315,0.3517,7636643,2654281.6554,17122,1299940.0799
1604880000000,0.3513,0.3586,0.3312,0.3443,6541304,2255195.0762,15993,1121662.0010
1604966400000,0.3448,0.3657,0.3406,0.3592,5248091,1872518.8446,13679,928820.4325
1605052800000,0.3592,0.3815,0.3572,0.3618,9462860,3488182.4329,22839,1722872.1892
1605139200000,0.3618,0.3970,0.3546,0.3655,15379303,5820488.6616,30004,2756923.1954
1605225600000,0.3654,0.3794,0.3620,0.3745,11046656,4094077.2238,22983,1885628.5563
1605312000000,0.3750,0.3766,0.3500,0.3529,7185369,2582311.3630,17455,1176652.5944
1605398400000,0.3534,0.3634,0.3309,0.3421,9426993,3296808.1225,23041,1582652.3340
1605484800000,0.3417,0.3587,0.3352,0.3539,9954962,3481242.9774,22040,1684762.9531
1605571200000,0.3534,0.3675,0.3518,0.3640,10451372,3752537.2486,23044,1686163.3441
1605657600000,0.3641,0.3659,0.3352,0.3474,12953953,4526703.0764,27822,2048602.7986
1605744000000,0.3477,0.3506,0.3346,0.3464,7567817,2598998.4964,19442,1233552.8570
1605830400000,0.3470,0.3677,0.3440,0.3625,10038812,3597036.5268,22020,1636588.8141
1605916800000,0.3633,0.4082,0.3625,0.4071,20377797,7877469.5266,35569,3547330.3259
1606003200000,0.4078,0.4141,0.3634,0.3903,20987913,8192835.2466,36243,3657684.4429
1606089600000,0.3902,0.4388,0.3778,0.4386,27739755,11441667.7176,45026,5446735.1437
1606176000000,0.4387,0.5041,0.4180,0.4669,52233658,24048201.7938,75862,10955160.2344
1606262400000,0.4675,0.5463,0.4392,0.4727,43911294,22081257.8296,73881,9997243.1172
1606348800000,0.4727,0.4877,0.3730,0.4043,42853765,17792570.1200,80633,8408737.6429
1606435200000,0.4051,0.4226,0.3772,0.3974,18172261,7208785.8351,32452,3389705.7282
1606521600000,0.3979,0.4265,0.3880,0.4079,9543357,3908652.6710,21646,1845406.8736
1606608000000,0.4080,0.4265,0.3976,0.4081,9285563,3810776.9093,22259,1728808.8094
1606694400000,0.4087,0.4492,0.4027,0.4412,17554999,7505636.3961,37624,3612804.5635
1606780800000,0.4412,0.4668,0.4027,0.4185,25376675,10923013.3445,50467,5180304.8648
1606867200000,0.4183,0.4453,0.4099,0.4381,13302785,5726326.8183,30766,2637975.2938
1606953600000,0.4380,0.4498,0.4277,0.4418,9517691,4192731.4174,21869,1875144.0291
1607040000000,0.4414,0.4434,0.3911,0.3990,15894059,6614269.0598,42246,3102233.2789
1607126400000,0.3991,0.4240,0.3924,0.4230,8036370,3298308.8149,20548,1623116.9066
1607212800000,0.4229,0.4257,0.4041,0.4140,7140883,2940346.5803,19944,1451987.9780
1607299200000,0.4139,0.4300,0.4089,0.4225,6019044,2521178.4854,18815,1184076.3925
1607385600000,0.4229,0.4255,0.3813,0.3899,8412934,3384750.1005,22578,1490182.7889
1607472000000,0.3896,0.3937,0.3700,0.3893,6632463,2549021.2728,20324,1217615.0932
1607558400000,0.3895,0.3918,0.3740,0.3799,3652855,1396081.0742,14218,701763.1048
1607644800000,0.3800,0.3811,0.3574,0.3618,5351867,1957689.8708,17491,970559.3976
1607731200000,0.3614,0.3870,0.3613,0.3845,4295698,1620288.4637,17725,853633.9742
1607817600000,0.3845,0.3943,0.3808,0.3875,4748432,1841360.9628,22430,839809.8764
1607904000000,0.3872,0.4232,0.3737,0.4063,13307839,5328656.7894,35741,2643342.7059
1607990400000,0.4064,0.4184,0.3975,0.4008,10705573,4351225.2372,39544,2093875.9102
1608076800000,0.4012,0.4270,0.3875,0.4264,13967358,5681990.5740,44696,2581288.5519
1608163200000,0.4265,0.4311,0.4052,0.4098,12864832,5391951.0001,37739,2391160.7880
1608249600000,0.4097,0.4420,0.4016,0.4346,11764262,4982801.8844,40277,2329932.9132
1608336000000,0.4348,0.4489,0.4276,0.4345,10539314,4609996.4507,35691,2208367.6769
1608422400000,0.4346,0.4553,0.4162,0.4284,12680317,5541138.9907,41317,2473169.7001
1608508800000,0.4284,0.4535,0.3930,0.4010,14259899,5991855.7593,46440,2783386.1455
1608595200000,0.4010,0.4071,0.3789,0.3966,10792621,4264645.5632,32678,2086846.5400
1608681600000,0.3966,0.4019,0.3196,0.3527,20920694,7708086.1143,52093,3756376.3055
1608768000000,0.3526,0.3823,0.3436,0.3775,17779106,6362635.9786,42619,3231702.0827
1608854400000,0.3775,0.4381,0.3726,0.4041,30099172,12433295.7403,66525,6236257.4698
1608940800000,0.4042,0.4325,0.3983,0.4168,15280820,6346244.5746,44577,3080798.4318
1609027200000,0.4168,0.4411,0.3961,0.4014,19586005,8209757.5168,56932,3899922.3244
1609113600000,0.4016,0.4564,0.3944,0.4500,23312605,10108173.4688,65261,4946666.2935
1609200000000,0.4500,0.4713,0.4175,0.4683,26652619,11760223.8408,72534,5699325.1197
1609286400000,0.4678,0.4935,0.4562,0.4735,28585493,13613390.0253,76899,6489141.1841
1609372800000,0.4735,0.4762,0.4420,0.4675,19548167,8924535.3994,57710,4312404.1218
1609459200000,0.4673,0.4749,0.4343,0.4503,11441537,5236859.1900,41424,2440267.1699
1609545600000,0.4502,0.4626,0.4247,0.4353,13303927,5917318.8807,43002,2681503.3840
1609632000000,0.4354,0.4956,0.4326,0.4880,26302300,12256501.7276,66030,5913228.3767
1609718400000,0.4878,0.5248,0.4550,0.5242,31514731,15388830.0667,89499,7301718.8163
1609804800000,0.5242,0.5673,0.4791,0.5487,34096628,17938470.1213,96146,8681360.9567
1609891200000,0.5485,0.6589,0.5341,0.6284,37783866,22939928.2342,100871,10717058.1432
1609977600000,0.6289,0.6403,0.5488,0.5756,35187401,21131535.0644,94966,9107204.1063
1610064000000,0.5758,0.6325,0.5200,0.6298,34805005,20497619.3579,99047,9782123.2176
1610150400000,0.6299,0.7085,0.5983,0.6884,30503021,19944709.0779,90947,9614812.1351
1610236800000,0.6888,0.7189,0.5656,0.6350,28148257,18194344.3589,87302,8270777.1321
1610323200000,0.6353,0.6377,0.5218,0.6077,45021073,25943236.5229,121792,12441835.4643
1610409600000,0.6069,0.6424,0.5456,0.5702,25060528,14786333.6077,71621,7007772.7072
1610496000000,0.5699,0.6400,0.5460,0.6290,18845385,11244182.4965,63223,5515182.5486
1610582400000,0.6294,0.6372,0.5825,0.6044,14336139,8748243.2344,48745,4201463.0672
1610668800000,0.6047,0.6598,0.5534,0.6123,49302600,30402667.7013,114996,13602707.4052
1610755200000,0.6124,0.7273,0.6052,0.6611,46549213,31121315.4569,116882,14268688.8925
1610841600000,0.6611,0.6851,0.6088,0.6653,23305120,15174938.0405,77589,7066312.9810
1610928000000,0.6653,0.7807,0.6443,0.7478,36878914,26572357.3307,107315,12398011.3808
1611014400000,0.7480,0.7765,0.6804,0.6968,17550617,12783884.5958,62335,5613832.5932
1611100800000,0.6963,0.8155,0.6394,0.8040,29040959,20588514.6456,86489,9628464.6130
1611187200000,0.8041,0.8827,0.6926,0.6998,66759551,52175315.0137,181666,24443700.4935
1611273600000,0.6997,0.7600,0.6326,0.7082,25786125,18173967.3518,78956,8529690.2706
1611360000000,0.7076,0.7591,0.6976,0.7301,15570912,11356159.9577,57353,5157882.0466
1611446400000,0.7300,0.7947,0.7220,0.7632,14947203,11400157.1175,55663,5140646.0376
1611532800000,0.7632,0.9320,0.7476,0.8110,39356459,33385300.7164,130536,15472802.1344
1611619200000,0.8108,0.9415,0.7957,0.8954,36252211,31657277.7526,133675,15206798.6481
1611705600000,0.8965,0.9075,0.7668,0.8011,18898126,15567497.5983,73928,7213472.5246
1611792000000,0.7992,0.8581,0.7816,0.8196,10308998,8553476.9416,47936,3871653.0082
1611878400000,0.8196,0.8700,0.7906,0.8056,21457221,17756458.5238,80017,7680634.5628
1611964800000,0.8058,0.8104,0.7474,0.7672,10453283,8118676.8800,49402,3426636.4285
1612051200000,0.7677,0.7930,0.7024,0.7219,18319705,13788173.9319,68291,5849472.5421
1612137600000,0.7215,0.7906,0.6867,0.7689,21742552,16071400.4142,78766,7415094.3746
1612224000000,0.7681,0.8061,0.7550,0.7920,13832645,10814510.4222,54734,4914815.9629
1612310400000,0.7922,0.8299,0.7852,0.8089,12445419,10013098.2760,48252,4454626.9663
1612396800000,0.8087,0.8173,0.7300,0.7631,20491358,15887210.6916,66047,6504732.1082
1612483200000,0.7626,0.8422,0.7626,0.8345,25536008,20823300.4928,75688,8905928.2117
1612569600000,0.8354,0.8420,0.7380,0.8286,18163444,14373612.1823,61826,6441413.9279
1612656000000,0.8287,0.9219,0.7715,0.8257,36799371,31320124.8235,124449,14045125.1403
1612742400000,0.8262,0.8691,0.7972,0.8478,18080491,15198679.4086,71724,6852925.4564
1612828800000,0.8479,0.9686,0.8355,0.9440,35580890,32501797.5569,117544,13769257.6778
1612915200000,0.9454,1.3997,0.8200,1.2326,81884639,89253534.5033,282990,42342770.6207
1613001600000,1.2329,1.5250,1.1800,1.3339,68954739,93365320.7303,309364,44509823.2954
1613088000000,1.3339,1.5500,1.2058,1.4335,47328007,64450113.1869,179321,29965930.3777
1613174400000,1.4346,1.7138,1.3555,1.6229,38368290,57911435.7597,175486,27077930.8436
1613260800000,1.6260,1.7000,1.4025,1.4709,29410665,45309613.1074,130274,21009897.9170
1613347200000,1.4714,1.9227,1.1914,1.7711,69602797,112434026.8273,317401,53793573.3473
1613433600000,1.7719,1.9410,1.5939,1.7259,36952170,64670807.3859,178068,31355716.8974
1613520000000,1.7275,1.9896,1.6334,1.9717,32002900,58162844.5311,157232,28334183.2612
1613606400000,1.9738,2.3541,1.7800,2.2834,41957803,84943749.4001,235089,40812465.6711
1613692800000,2.2832,2.4874,2.0679,2.2872,36726540,84452917.5645,218256,40151822.7773
1613779200000,2.2874,2.3133,1.9026,2.0463,22123760,48238419.1368,125499,20939477.4870
1613865600000,2.0470,2.1823,1.9545,2.0411,15817931,32568068.7979,97899,14978641.3536
1613952000000,2.0427,2.0520,1.4604,1.8137,37549223,67092269.0459,168432,31527190.9718
1614038400000,1.8141,1.8305,1.1560,1.4581,43524301,62974207.6514,193130,30992646.9407
1614124800000,1.4581,1.9139,1.3561,1.6709,32671640,54258176.0698,157829,26670619.8086
1614211200000,1.6686,1.8854,1.5236,1.5426,22437060,38899345.4873,116169,18292361.3683
1614297600000,1.5446,1.6415,1.4072,1.4875,19675049,29905303.9484,92959,14202466.1370
1614384000000,1.4861,1.6262,1.4723,1.5277,13937536,21547160.8617,75598,10478761.6779
1614470400000,1.5278,1.5449,1.2945,1.3962,15010362,21099744.1715,76840,10092026.3336
1614556800000,1.3981,1.7278,1.3865,1.6754,17788990,28375196.4309,96686,13820302.7375
1614643200000,1.6754,1.7779,1.5564,1.6565,14822805,24902688.7190,79314,11717228.7415
1614729600000,1.6575,1.8370,1.6400,1.7760,15855202,28137957.1576,90218,13092365.1658
1614816000000,1.7740,2.3201,1.7091,1.9395,40044733,78664177.4153,264299,37622880.9628
1614902400000,1.9392,1.9437,1.7344,1.8641,14561411,26451888.7959,92875,12298977.5297
1614988800000,1.8633,1.8825,1.7185,1.8411,10390779,18877716.7207,64450,8865231.5218
1615075200000,1.8433,1.9764,1.8433,1.9614,10752415,20480704.4234,75706,9718313.4895
1615161600000,1.9614,1.9900,1.7891,1.8940,23643712,44033805.9455,126516,20506275.0571
1615248000000,1.8941,2.1439,1.8400,1.9861,19765631,38805815.9995,127949,17825645.5063
1615334400000,1.9872,1.9927,1.7900,1.8608,12685342,23801362.9627,84475,10935477.6058
1615420800000,1.8609,2.0113,1.7986,1.8889,25886369,49351288.4909,146114,23097331.2997
1615507200000,1.8897,1.9059,1.7260,1.7967,13715789,24890899.2924,85785,11450225.8072
1615593600000,1.7975,1.8844,1.6985,1.8391,12228919,22016273.9216,78927,10089322.7697
1615680000000,1.8398,1.8469,1.7218,1.7388,9438920,16808369.7602,66970,7412256.5621
1615766400000,1.7388,2.1348,1.6001,1.9496,46110106,88141345.2816,266208,41930170.6668
1615852800000,1.9482,2.0633,1.8003,1.9220,35135647,67022162.0898,210749,31429137.6653
1615939200000,1.9221,1.9577,1.7871,1.8842,14162987,26504809.4250,99909,11700730.8538
1616025600000,1.8838,1.9996,1.8355,1.8707,16817388,32177399.7428,111897,14280844.4065
1616112000000,1.8713,2.0876,1.8075,1.9727,17408403,34410911.2833,121549,15449848.8254
1616198400000,1.9727,2.1544,1.9197,1.9254,16398818,33445734.1030,113706,14740126.5421
1616284800000,1.9248,1.9827,1.8351,1.9367,12916098,24675931.5889,82060,11340673.1246
1616371200000,1.9368,2.0326,1.8258,1.8400,14277467,27867585.6845,97454,12194985.4366
1616457600000,1.8401,1.9294,1.7522,1.8782,12720140,23489481.4895,93496,10924363.7527
1616544000000,1.8764,2.1804,1.7929,1.8922,37041040,75031794.0419,225340,34996736.5617
1616630400000,1.8923,1.9209,1.7290,1.8106,19494419,35548589.1628,122511,16658945.1435
1616716800000,1.8096,2.0573,1.8069,2.0407,11849284,22733568.5901,88398,10905185.2977
1616803200000,2.0421,2.2754,1.9698,2.1848,25265696,53860508.0187,174285,25344681.8407
1616889600000,2.1859,2.6741,2.1836,2.3435,42004869,101678973.7990,330131,46969000.8191
1616976000000,2.3421,2.7319,2.2455,2.5795,35058436,86548612.7915,244892,40639835.9672
1617062400000,2.5795,2.8911,2.5300,2.6713,29560454,80129408.2286,257493,37395746.8550
1617148800000,2.6713,3.2055,2.6693,3.0438,50155931,148163442.5798,440067,70338579.5789
1617235200000,3.0450,3.0639,2.7816,2.8129,18954471,54848842.0662,181877,25249236.2375
1617321600000,2.8130,2.8358,2.6281,2.7488,17451161,47468650.5678,158895,20889187.3348
1617408000000,2.7492,2.7584,2.4123,2.4710,21013624,54148985.1319,190272,23189630.9089
1617494400000,2.4719,2.7096,2.4260,2.6179,16976002,44233418.9357,145681,19737138.6954
1617580800000,2.6171,2.6976,2.4422,2.5419,19654433,50497601.3490,160613,22512431.6284
1617667200000,2.5438,2.6429,2.3320,2.4843,26629251,66593428.3867,201960,30196642.4786
1617753600000,2.4862,2.5567,2.1869,2.3129,28740709,67730894.0359,212888,30936522.5207
1617840000000,2.3149,2.5500,2.3002,2.4895,19958411,49157097.1498,153434,23133886.4420
1617926400000,2.4881,2.7218,2.4764,2.6343,20444670,53471345.9004,152057,23880658.8669
1618012800000,2.6353,2.7715,2.4674,2.5571,16336206,42959159.2743,131018,18960809.0218
1618099200000,2.5582,2.6351,2.4523,2.5826,11658394,29484969.0111,104017,13450871.4535
1618185600000,2.5823,2.8612,2.5000,2.6730,41513778,112524513.8310,279601,51172249.7170
1618272000000,2.6729,2.6871,2.5119,2.5863,16919454,43797355.3469,135965,19509295.1353
1618358400000,2.5864,2.5966,2.3500,2.5223,17587511,43729453.1687,148810,18997462.1670
1618444800000,2.5232,2.6880,2.4490,2.5654,16258590,41769265.6708,123945,19948335.2924
1618531200000,2.5681,2.6889,2.4000,2.6070,25037448,64365007.9411,187834,30071000.1664
1618617600000,2.6084,2.9740,2.6068,2.6866,29324157,81576555.3374,231529,38378738.6413
1618704000000,2.6883,2.7385,1.8126,2.3550,35348878,80970204.5792,250892,37378550.2015
1618790400000,2.3548,2.4377,2.0644,2.1369,24086120,54410732.1290,181555,25738677.4433
1618876800000,2.1369,2.3000,1.8769,2.2098,23739630,49472517.9396,174765,24230289.6434
1618963200000,2.2098,2.3499,2.1148,2.1416,15762612,35093081.1626,130951,16759872.8464
1619049600000,2.1434,2.2641,1.8889,1.9204,18097327,37957521.3805,148703,18102697.9275
1619136000000,1.9196,1.9746,1.5000,1.8354,35498172,60093840.6827,206508,28872331.1289
1619222400000,1.8350,1.8865,1.6359,1.6544,19620810,34133943.0962,125243,16336018.2333
1619308800000,1.6558,1.8719,1.5785,1.7311,21710010,37749367.7317,141961,18289883.6361
1619395200000,1.7311,2.0203,1.6931,1.9756,22328512,42647564.1274,160515,20539732.1895
1619481600000,1.9755,2.3400,1.9255,2.3241,21768362,47002961.5688,156725,22350473.2820
1619568000000,2.3248,2.3979,2.0602,2.3903,19200108,42921773.1880,137579,20369267.4004
1619654400000,2.3915,2.4792,2.1986,2.3542,15622663,36537226.8865,122825,17824501.1833
1619740800000,2.3544,2.7822,2.3078,2.5985,19899225,51689666.7148,173412,24869170.6719
1619827200000,2.5994,2.7191,2.5402,2.6066,10484861,27513058.7234,103636,13347447.7489
1619913600000,2.6072,2.6340,2.4605,2.5123,9715541,24781034.3920,96543,11606372.6523
1620000000000,2.5126,2.6000,2.4127,2.4623,12373201,31129131.5018,109060,14270159.9752
1620086400000,2.4623,2.4665,2.1400,2.1582,17128834,39087882.9305,135294,17612116.9703
1620172800000,2.1577,2.4186,2.1294,2.3879,14764755,34072285.6576,118530,16022014.3442
1620259200000,2.3881,2.5624,2.3207,2.4852,26577906,64640756.2878,197231,30573881.6659
1620345600000,2.4852,3.0924,2.4044,2.7341,69179532,193210667.6511,555413,91985465.0377
1620432000000,2.7365,2.8764,2.5732,2.6818,32502508,88493626.9376,278059,40746670.8083
1620518400000,2.6819,2.6977,2.4350,2.6462,18834324,48369055.7078,177344,21489470.0411
1620604800000,2.6461,2.8852,2.1582,2.2985,33890721,88268015.4997,273640,40818082.7424
1620691200000,2.3005,2.5456,2.1444,2.5091,41493429,97870263.1987,294592,47356728.0373
1620777600000,2.5101,2.5800,1.9800,2.0385,26121568,61228661.7784,202758,27798895.4880
1620864000000,2.0384,2.2646,1.9046,2.0978,31356699,66083918.0124,219872,31710753.3094
1620950400000,2.0987,2.2773,2.0600,2.1383,14776501,31900950.5986,139319,15265746.7184
1621036800000,2.1385,2.1620,1.9370,2.0116,17163052,35215519.2976,155046,16911423.2852
1621123200000,2.0126,2.2482,1.8709,1.9947,20055413,41542651.8365,175989,19867486.6734
1621209600000,1.9953,1.9972,1.7616,1.8583,22695027,42613070.1670,171738,20504717.9596
1621296000000,1.8587,2.0239,1.8241,1.9096,17731368,34165067.0479,142529,16828679.8314
1621382400000,1.9108,1.9589,0.8221,1.1757,56613350,79032277.2391,281962,36741152.8403
1621468800000,1.1759,1.4773,1.0378,1.3893,47437469,61519891.3920,217523,30488583.6306
1621555200000,1.3898,1.4780,1.0700,1.2672,27037410,34994230.6902,162948,17511156.6865
1621641600000,1.2662,1.2749,1.0854,1.1344,23688547,27758280.6483,139507,13740803.5848
1621728000000,1.1340,1.2283,0.7925,0.9745,47070110,46060123.6195,209962,23033211.7522
1621814400000,0.9746,1.1883,0.9374,1.1759,34277410,36920123.2678,158750,18209251.6352
1621900800000,1.1761,1.2195,1.0279,1.1395,24650760,27798386.3131,133227,13503802.2338
1621987200000,1.1397,1.3400,1.1125,1.3382,28158301,35004083.0449,143800,16905803.2817
1622073600000,1.3379,1.3393,1.1799,1.2308,18999916,23828475.4057,105919,11749854.7009
1622160000000,1.2300,1.2484,1.0346,1.0762,22454735,25164332.8528,116062,12174326.5857
1622246400000,1.0759,1.1550,0.9514,1.0125,16810439,17544288.3751,102589,8733280.0190
1622332800000,1.0128,1.1052,0.9473,1.0564,13847765,14449810.0032,84539,7179631.7544
1622419200000,1.0559,1.1579,1.0013,1.1336,20892466,22827788.4252,105530,11191083.9807
1622505600000,1.1338,1.1569,1.0708,1.1464,17766909,19798907.5763,95983,9673331.7838
1622592000000,1.1464,1.3019,1.1094,1.2122,18684343,22348280.3674,102857,11053262.5559
1622678400000,1.2121,1.3388,1.2048,1.2568,18769248,23901527.0818,104881,11618814.5721
1622764800000,1.2568,1.2580,1.0857,1.1455,15625212,18047200.2212,91777,8741395.1201
1622851200000,1.1453,1.2126,1.0644,1.1063,13913482,15884719.7959,94669,7506228.9692
1622937600000,1.1064,1.1662,1.0952,1.1504,8586105,9767521.4156,67962,5008677.4173
1623024000000,1.1513,1.2288,1.0330,1.0394,19791314,22861940.7968,97934,10710214.9536
1623110400000,1.0393,1.0620,0.8745,1.0044,27501161,26859119.3190,117672,12825589.2042
1623196800000,1.0041,1.0624,0.9501,1.0444,22678216,22986454.5498,107145,11170229.4549
1623283200000,1.0447,1.0518,0.9559,0.9862,18645494,18871350.8830,97119,9196163.6028
1623369600000,0.9862,0.9988,0.8744,0.9045,19804778,18751551.5721,106927,8918350.4701
1623456000000,0.9046,0.9207,0.8393,0.8972,22596293,19915082.3814,104527,9780339.4295
1623542400000,0.8973,0.9477,0.8534,0.9448,18454476,16546913.1702,80061,8048136.1512
1623628800000,0.9447,0.9893,0.9121,0.9846,21352292,20415176.7498,89577,9864670.3543
1623715200000,0.9849,1.1800,0.9716,1.1059,71672870,78365676.4672,265920,39707978.7007
1623801600000,1.1056,1.1142,0.9918,1.0075,32279375,33811533.4176,146305,16514923.3421
1623888000000,1.0079,1.1584,1.0032,1.0713,44767191,49018717.1246,169140,23927849.0589
1623974400000,1.0713,1.1081,0.9372,0.9860,31401651,31817267.9694,131153,16050208.1302
1624060800000,0.9861,1.0347,0.9372,0.9540,23798922,23665554.6460,102551,11454826.2917
1624147200000,0.9537,0.9855,0.8690,0.9594,28667187,26667692.0314,115385,13033733.3693
1624233600000,0.9595,0.9642,0.7401,0.7435,45035053,38006551.6712,170087,18466830.0388
1624320000000,0.7433,0.8610,0.6305,0.7085,63659088,46980254.4718,199162,23577356.0408
1624406400000,0.7085,0.8091,0.6810,0.7816,43157148,32977260.9774,144933,16418089.1154
1624492800000,0.7817,0.8274,0.7291,0.8116,28039254,21798902.1196,88756,10850270.2763
1624579200000,0.8114,0.8278,0.7111,0.7220,33440125,25339740.5391,112678,12704831.1236
1624665600000,0.7221,0.7491,0.6731,0.7239,30885912,21810478.4682,102871,11063956.1314
1624752000000,0.7236,0.7462,0.6824,0.7373,21440867,15302188.5156,71404,7764097.4048
1624838400000,0.7373,0.7723,0.7176,0.7609,25548492,19016677.1456,85053,8996691.0838
1624924800000,0.7614,0.8459,0.7587,0.8166,23746805,19295711.6095,84908,9614124.3711
1625011200000,0.8166,0.8423,0.7552,0.8342,27154013,21602114.4879,88619,10436029.9574
1625097600000,0.8342,0.8445,0.7715,0.8030,25721886,20588009.5362,89905,9447897.8464
1625184000000,0.8026,0.8186,0.7545,0.8162,18769595,14683146.2754,72005,6697916.1550
1625270400000,0.8162,0.8374,0.7867,0.8328,11475739,9363822.4399,60938,4450966.1629
1625356800000,0.8329,0.8650,0.7962,0.8489,13497748,11290997.6268,72536,5264434.8073
1625443200000,0.8488,0.9131,0.7894,0.8962,30476533,25907966.5331,118102,12306884.7143
1625529600000,0.8962,0.9188,0.8548,0.8994,23259100,20508776.2538,89190,9445478.6008
1625616000000,0.8991,0.9678,0.8695,0.9279,23650963,21817128.1842,89680,10674027.0774
1625702400000,0.9281,1.0700,0.9003,1.0399,100466837,98904547.1943,318957,49100614.4342
1625788800000,1.0403,1.0403,0.8953,0.9753,54850503,52048821.9461,182921,25378999.6585
1625875200000,0.9755,0.9759,0.8971,0.9194,26348624,24523722.6790,99504,12037356.3902
1625961600000,0.9195,0.9518,0.8772,0.9509,25713249,23463800.0849,84708,11559995.2183
1626048000000,0.9509,0.9510,0.8746,0.9070,30492994,28033652.7786,102062,13514355.8797
1626134400000,0.9065,0.9135,0.8424,0.8585,24204518,21208968.6025,85114,10269559.0983
1626220800000,0.8585,0.8759,0.7661,0.8303,26900982,21731743.3774,83471,10780629.1741
1626307200000,0.8302,0.8454,0.7567,0.7857,21235813,16820129.6447,74835,8257081.7060
1626393600000,0.7859,0.7971,0.7258,0.7349,17367932,13112281.0699,59943,6345346.9973
1626480000000,0.7354,0.8085,0.7186,0.7905,50190063,39064403.0710,139769,18161744.6637
1626566400000,0.7903,0.8066,0.7550,0.7652,18335439,14289917.7465,59313,7064006.8509
1626652800000,0.7654,0.7696,0.7160,0.7276,17281973,12767511.8369,59257,6416871.7453
1626739200000,0.7276,0.7398,0.6539,0.6786,17980208,12244921.9313,68358,6101034.3770
1626825600000,0.6790,0.7580,0.6551,0.7443,33004835,23660849.4242,93165,11547125.9013
1626912000000,0.7443,0.7809,0.7281,0.7700,17262628,13098230.2771,56503,6554115.0769
1626998400000,0.7697,0.8004,0.7442,0.7969,16305852,12653678.3959,56239,5994121.4995
1627084800000,0.7970,0.8229,0.7785,0.8071,15595352,12487514.9872,54827,5989120.6307
1627171200000,0.8069,0.8285,0.7721,0.8254,18965003,15137800.5712,56900,7096308.4025
1627257600000,0.8251,0.8851,0.8170,0.8356,29246181,24979408.2046,84213,11821156.1128
1627344000000,0.8355,0.8796,0.8116,0.8676,22853195,19371431.8621,70997,9128471.5738
1627430400000,0.8675,0.8828,0.8340,0.8683,22775715,19555118.2567,80180,9108135.5207
1627516800000,0.8687,0.9571,0.8467,0.9189,60326309,55509431.7631,175989,25315270.4803
1627603200000,0.9190,1.0000,0.8796,0.9894,48173043,45572096.8239,148358,21488794.8765
1627689600000,0.9894,1.0299,0.9551,1.0032,44387414,44243409.3495,138333,21237852.9451
1627776000000,1.0015,1.0886,0.9700,0.9928,43454135,45259423.5407,143687,22236284.4719
1627862400000,0.9923,1.0243,0.9431,1.0235,32294639,31709836.7180,113468,15367561.8215
1627948800000,1.0231,1.0756,0.9552,1.0125,25405131,25436658.6128,106262,12179731.2971
1628035200000,1.0122,1.0490,0.9641,1.0463,20171643,20296801.3161,84530,9340630.1962
1628121600000,1.0467,1.1438,1.0080,1.0640,36979409,39468133.3243,138544,18355884.6721
1628208000000,1.0644,1.1099,1.0349,1.1081,17167554,18350378.8915,73363,8909096.6207
1628294400000,1.1081,1.1700,1.0787,1.1249,23503731,26311430.7228,97839,12234242.2199
1628380800000,1.1251,1.1501,1.0400,1.0566,20315586,22248570.4251,93150,9814922.4546
1628467200000,1.0561,1.1173,1.0055,1.1147,30290549,32546014.6485,122224,15302566.0042
1628553600000,1.1144,1.1854,1.0633,1.1246,30643589,34050032.5446,127261,15705276.7558
1628640000000,1.1253,1.2505,1.1115,1.1816,30726275,36268308.8330,125447,15917867.6398
1628726400000,1.1812,1.2391,1.0806,1.1266,28134061,32247036.8024,111210,14268761.5550
1628812800000,1.1263,1.2300,1.1089,1.2296,23356378,27601546.9560,93977,12892985.4013
1628899200000,1.2296,1.2648,1.1724,1.2523,21190492,25945536.2684,97939,11327112.6310
1628985600000,1.2534,1.2898,1.1874,1.2612,30550645,37888153.4980,132088,17356280.9920
1629072000000,1.2613,1.3742,1.2448,1.2759,40893084,54209607.6727,175896,23629127.7473
1629158400000,1.2755,1.3225,1.1621,1.1770,36856526,46452939.0768,156267,20785142.4823
1629244800000,1.1766,1.2083,1.1009,1.1681,24917540,28890511.9846,110793,13291578.5000
1629331200000,1.1680,1.2750,1.1390,1.2743,24560387,29316224.0120,108437,14291071.0699
1629417600000,1.2748,1.4916,1.2523,1.4399,43755523,59877011.9379,206045,28516100.9731
1629504000000,1.4399,1.5142,1.3505,1.4088,44287633,62556903.6077,211740,28179270.2327
1629590400000,1.4086,1.5100,1.3738,1.4881,45054337,65208359.4685,200989,30427749.8365
1629676800000,1.4882,1.6112,1.4650,1.5763,37802477,58494776.0519,193561,26797972.8102
1629763200000,1.5748,1.5766,1.4150,1.4382,33960392,51004920.1988,175802,23562092.2127
1629849600000,1.4380,1.5237,1.3630,1.4949,27079136,39402736.5115,150995,18405208.1331
1629936000000,1.4949,1.5247,1.2928,1.3204,31273090,43084894.8385,151982,19450654.8184
1630022400000,1.3204,1.3972,1.2605,1.3971,25047515,33361319.3010,109355,15769375.1241
1630108800000,1.3969,1.4268,1.3600,1.4027,19968553,27947513.6680,113327,12875514.7336
1630195200000,1.4030,1.4238,1.3312,1.3857,25640643,35537841.7333,119111,16489732.7354
1630281600000,1.3856,1.3987,1.3025,1.3223,20435106,27721321.6239,85394,12574354.1523
1630368000000,1.3223,1.3825,1.2837,1.3272,26841545,36008230.3228,119587,16377153.0170
1630454400000,1.3271,1.4418,1.2838,1.4272,30966851,42271462.9125,142099,19880969.7885
1630540800000,1.4262,1.4761,1.4024,1.4500,19574847,28070131.2641,118188,12854135.3594
1630627200000,1.4496,1.5850,1.4166,1.5381,35824112,54240215.7971,178494,25116542.7297
1630713600000,1.5388,1.6823,1.5320,1.6586,34431057,55210393.8909,166902,25626652.1327
1630800000000,1.6587,1.7949,1.6151,1.7925,33520006,57089758.0470,185040,26934500.8128
1630886400000,1.7929,1.8427,1.6564,1.7446,25365954,44627505.2010,173986,20447224.9731
1630972800000,1.7446,1.7488,1.0800,1.3801,45270963,67706458.9225,265785,30829319.4252
1631059200000,1.3805,1.4159,1.2039,1.4012,34674848,46023665.8527,176736,22605674.1038
1631145600000,1.4011,1.6586,1.3983,1.5817,54904718,84797527.9819,243919,40966123.4431
1631232000000,1.5816,2.2659,1.5751,1.7869,228866839,442186089.6779,968780,218331952.5304
1631318400000,1.7868,1.8338,1.6933,1.7455,74848544,131334548.0763,268400,64723531.4156
1631404800000,1.7455,1.8900,1.6332,1.7428,38608071,65730536.1850,196081,30047456.6147
1631491200000,1.7423,1.9541,1.5197,1.9272,73099994,129746663.2923,367521,63631363.9650
1631577600000,1.9262,2.0779,1.8026,2.0758,98547265,191455039.4556,472249,93000124.5435
1631664000000,2.0757,2.2215,1.9539,2.1670,64589977,135250106.9362,321523,66486888.1498
1631750400000,2.1662,2.2241,1.9855,2.0511,44779999,94183321.4394,225291,45899794.1838
1631836800000,2.0506,2.0515,1.8410,1.8830,23760080,45907160.5770,165291,21259519.4393
1631923200000,1.8835,1.9990,1.8222,1.9270,22918092,44230454.4431,156939,20891207.6421
1632009600000,1.9273,1.9365,1.7800,1.7989,14029356,26064312.2835,107033,11948142.1121
1632096000000,1.7989,1.8023,1.4612,1.6606,50927870,84471343.3648,321644,40689512.0703
1632182400000,1.6612,1.6980,1.4236,1.4684,46528726,73988818.4914,263328,34883294.8420
1632268800000,1.4681,1.6915,1.4273,1.6547,33051775,51991223.8551,187233,25509764.3350
1632355200000,1.6547,1.7211,1.5903,1.7040,22991464,38149042.3406,136727,18509063.5612
1632441600000,1.7035,1.7694,1.4705,1.5893,36804670,59345986.3440,223394,28943194.7259
1632528000000,1.5893,1.6125,1.5107,1.5442,17326217,27032350.3256,114841,13249229.0146
1632614400000,1.5439,1.6870,1.4310,1.6389,31195571,49464659.8276,155918,24241712.5757
1632700800000,1.6373,1.6613,1.5002,1.5049,33700656,52808161.1002,150688,25860887.6044
1632787200000,1.5042,1.5205,1.3992,1.4056,25750044,37786563.3788,137959,18462656.3807
1632873600000,1.4052,1.5105,1.3856,1.4293,23868374,34482518.9572,121213,17147669.3178
1632960000000,1.4297,1.5524,1.4206,1.5290,31291110,47400964.6088,155457,23347246.0351
1633046400000,1.5294,1.9950,1.5197,1.9109,137593384,257183521.0142,677967,130857402.4280
1633132800000,1.9109,2.0800,1.8404,1.9468,69223736,136681237.8947,359703,67428998.0829
1633219200000,1.9473,2.3569,1.9035,2.1650,103976508,229661917.4364,464066,113646839.3241
1633305600000,2.1650,2.2703,2.0402,2.1730,58689446,126768180.5133,336891,62214096.6008
1633392000000,2.1734,2.5500,2.1700,2.2966,95992795,229235655.5263,533667,111136951.0124
1633478400000,2.2970,2.3324,2.0550,2.2174,49033668,107279664.1868,279670,51797164.3608
1633564800000,2.2175,2.2285,2.0875,2.1475,29545147,63533667.2122,202679,29890057.2345
1633651200000,2.1474,2.2098,2.0771,2.1346,22503199,48300100.1591,151529,23269952.3236
1633737600000,2.1351,2.2319,2.0904,2.1685,18605759,39928135.3408,153398,19816186.8606
1633824000000,2.1683,2.2995,2.0919,2.0967,32081007,70530260.4253,204827,33261392.7627
1633910400000,2.0968,2.2774,2.0690,2.1544,35473150,77051261.0618,202722,36939388.1723
1633996800000,2.1552,2.1554,1.9610,2.0392,28359150,57839954.0290,171489,27406505.2824
1634083200000,2.0373,2.1757,2.0010,2.1419,24814191,51495779.0764,169493,25558203.9583
1634169600000,2.1421,2.2065,2.0611,2.0929,22327734,47534981.6930,159887,22458673.9030
1634256000000,2.0929,2.0943,1.9780,2.0109,18660474,37911934.8287,144491,17926380.9632
1634342400000,2.0105,2.0841,1.9853,2.0050,12679016,25808378.9363,102539,11906789.1432
1634428800000,2.0055,2.0435,1.8984,1.9483,12438966,24666198.7434,105517,11265284.3563
1634515200000,1.9484,2.1630,1.9366,2.0012,42097053,85846355.3463,271080,40838077.1716
1634601600000,2.0011,2.1519,1.9840,2.0861,39147184,81241818.1247,266855,40002354.1195
1634688000000,2.0861,2.1461,2.0171,2.1140,16895554,35134806.2796,138816,16496300.5922
1634774400000,2.1128,2.1759,2.0055,2.0403,21287113,44621255.6600,150758,20779981.8294
1634860800000,2.0396,2.1800,2.0328,2.0925,22758465,47963368.9730,154284,22669975.0965
1634947200000,2.0927,2.1032,2.0260,2.0730,9608365,19898555.1141,90880,9216743.6195
1635033600000,2.0731,2.0787,1.9700,2.0353,9235366,18742631.3289,81714,8438847.3256
1635120000000,2.0354,2.1400,2.0254,2.1140,17735401,37249519.1169,137987,17107568.6186
1635206400000,2.1147,2.1185,2.0163,2.0457,16735861,34779260.0910,125264,15143239.3172
1635292800000,2.0457,2.0714,1.6493,1.8092,35288805,66301723.3413,216567,29438058.7330
1635379200000,1.8091,1.9890,1.7944,1.9650,19547927,37501087.6034,157521,17945082.3936
1635465600000,1.9649,2.1199,1.9481,2.0902,25939314,53563234.3849,183410,25524867.7723
1635552000000,2.0904,2.2533,2.0750,2.1311,23044243,49946678.5341,175434,23440921.8714
1635638400000,2.1309,2.4251,2.0855,2.3383,38754242,87138338.6991,270015,41377494.3183
1635724800000,2.3384,2.4109,2.1714,2.3399,25188594,57494800.5426,197184,26029204.5251
1635811200000,2.3408,2.5077,2.2842,2.4293,27040521,65586487.4897,213006,30560304.7879
1635897600000,2.4295,2.4302,2.1772,2.2638,30149577,68761923.8250,193335,31077698.4248
1635984000000,2.2635,2.2647,2.0890,2.1555,26168878,56751975.3275,184326,26340408.3694
1636070400000,2.1557,2.1923,2.0810,2.0990,15359934,32873956.0140,113906,15217872.3682
1636156800000,2.0994,2.1088,1.9793,2.0644,12849958,26303076.6870,107260,12050064.5155
1636243200000,2.0643,2.1299,2.0320,2.0419,10749938,22317187.3201,107194,10131017.8931
1636329600000,2.0418,2.1622,1.9862,2.1481,14853476,30569513.1243,113273,14544463.7723
1636416000000,2.1482,2.2356,2.1158,2.1687,25114191,54734782.6596,177723,25216329.8365
1636502400000,2.1688,2.2500,1.8100,2.0273,28430546,60664600.2879,177190,26968469.3460
1636588800000,2.0272,2.1320,1.9981,2.0611,19625890,40639318.9882,136111,18959207.6571
1636675200000,2.0604,2.2193,2.0526,2.2033,34469961,74286459.0341,239029,35554800.6766
1636761600000,2.2031,2.3479,2.2031,2.3102,33275730,76191999.6814,219037,36384204.3017
1636848000000,2.3101,2.4979,2.3090,2.4114,45380472,109358668.9186,280989,52224724.5171
1636934400000,2.4121,2.7200,2.3966,2.4852,89364354,230375683.6100,541030,112584953.3357
1637020800000,2.4857,2.6217,2.1742,2.3196,80011963,194383936.2996,494115,93147141.1190
1637107200000,2.3192,2.3430,2.1541,2.2835,38862388,86892996.9795,257328,41222748.2329
1637193600000,2.2836,2.3601,2.0232,2.0806,45851528,99391044.8606,305927,48381210.7042
1637280000000,2.0803,2.2392,1.9958,2.1941,29393095,62378924.0884,217623,29793757.2311
1637366400000,2.1946,2.2217,2.0801,2.1883,16234547,35238693.2495,127274,16895941.5318
1637452800000,2.1885,2.5841,2.1081,2.5296,37321660,87873839.5763,255410,42798317.7340
1637539200000,2.5310,2.5999,2.1592,2.1808,68084951,158270926.0443,413748,76229029.7377
1637625600000,2.1808,2.2054,2.0197,2.0989,43005382,89564165.0036,273162,43346187.0435
1637712000000,2.0999,2.1011,1.9129,1.9669,29833542,59577979.5717,176112,28340123.1680
1637798400000,1.9669,2.0486,1.9050,2.0010,29336136,57721043.5152,200866,26927016.9475
1637884800000,2.0013,2.0027,1.6410,1.7139,54576962,95485178.2103,277551,44856302.1727
1637971200000,1.7136,1.8155,1.7011,1.7360,26247983,46235071.8709,168036,22283487.1700
1638057600000,1.7360,1.7890,1.5898,1.7537,37275165,62891504.2119,215485,30237543.1224
1638144000000,1.7536,1.8200,1.7225,1.7783,28549849,50402182.2626,178978,24857185.2220
1638230400000,1.7779,1.8304,1.7022,1.7506,27641362,48611279.4925,196773,23165331.9099
1638316800000,1.7509,1.8402,1.7176,1.7640,18279825,32469330.6073,145334,15141600.8306
1638403200000,1.7634,1.7728,1.6681,1.7016,21274231,36308074.7393,148117,17394324.7115
1638489600000,1.7013,1.7589,1.5334,1.5911,24509750,40986527.3312,167177,19413228.0806
1638576000000,1.5912,1.5983,1.0238,1.3375,88234402,113656707.7503,362108,54760144.1237
1638662400000,1.3377,1.3606,1.1830,1.2279,43383672,54872744.8545,228347,26671413.8105
1638748800000,1.2272,1.2733,1.0656,1.2553,53140905,61229952.2771,260936,30115810.8505
1638835200000,1.2553,1.3587,1.2502,1.2901,30936611,40298100.5957,188274,19548443.2749
1638921600000,1.2900,1.3885,1.2381,1.3447,35599474,46860536.1046,185653,22849565.4300
1639008000000,1.3444,1.3522,1.1885,1.1918,26930406,33852980.4373,138219,16321568.4136
1639094400000,1.1919,1.2512,1.1326,1.1395,33871540,40333418.3413,155051,20028742.0230
1639180800000,1.1397,1.2044,1.1224,1.2002,20382437,23911221.8805,105352,11832825.6533
1639267200000,1.1999,1.2565,1.1700,1.2382,18244419,22149673.1139,100557,10817363.1858
1639353600000,1.2375,1.2500,1.0826,1.0942,26445436,30449769.6473,140036,14736409.5928
1639440000000,1.0947,1.2073,1.0672,1.1523,34064777,38468845.3182,173479,19054505.3062
1639526400000,1.1514,1.1938,1.0640,1.1808,26417794,29884012.7882,137194,14558078.8706
1639612800000,1.1809,1.2769,1.1792,1.2008,24406052,29932412.5417,132054,15028194.4705
1639699200000,1.2007,1.2482,1.1447,1.2053,22040438,26441024.7714,129755,12664936.9835
1639785600000,1.2048,1.2484,1.1754,1.2235,11672964,14219164.5727,80974,6825547.9382
1639872000000,1.2235,1.2592,1.1856,1.2027,12652929,15422134.7120,79448,7580305.7329
1639958400000,1.2025,1.2474,1.1330,1.2257,23825889,28423595.0639,127409,14232955.4464
1640044800000,1.2259,1.2877,1.2041,1.2823,20562303,25801799.7695,114390,12979258.6891
1640131200000,1.2823,1.5300,1.2660,1.4863,66752368,94636371.3983,285548,46220275.9760
1640217600000,1.4862,1.5446,1.4026,1.5082,51591908,75866873.7079,239944,37141915.5533
1640304000000,1.5086,1.5149,1.4306,1.4816,22170573,32671648.2855,127511,15157190.2159
1640390400000,1.4820,1.6027,1.4583,1.5433,38548299,60026959.2388,213543,28605991.8649
1640476800000,1.5432,1.5662,1.4858,1.5425,17165630,26209178.7877,110040,12338756.1578
1640563200000,1.5426,1.6900,1.5166,1.5542,53431305,85915179.5959,221477,42584303.0326
1640649600000,1.5541,1.8750,1.4940,1.6320,352386555,617033189.4423,1216214,315344247.7701
1640736000000,1.6299,1.6359,1.3635,1.3780,263718109,380354752.3498,804558,183685215.9497
1640822400000,1.3774,1.3774,1.2442,1.2656,165363904,217136213.8557,605993,106077588.5430
1640908800000,1.2653,1.2863,1.1800,1.2213,93302852,115695610.9287,363277,55223612.2395
1640995200000,1.2218,1.2541,1.2076,1.2515,35844373,44133382.7733,177850,21364516.0036
1641081600000,1.2515,1.2717,1.2133,1.2602,37814430,46818485.8475,196813,21859479.5590
1641168000000,1.2602,1.2757,1.2022,1.2239,35847706,44417869.0156,192010,21205140.8494
1641254400000,1.2241,1.2340,1.1700,1.2071,37134335,44822452.6579,162933,20471063.3807
1641340800000,1.2070,1.2485,1.0386,1.0976,64508906,76035255.6588,254708,33669760.3542
1641427200000,1.0977,1.1292,1.0531,1.1165,48291241,52638659.4422,202020,25734877.6835
1641513600000,1.1164,1.1221,1.0105,1.0489,61729222,65785529.7792,249950,32249950.8091
1641600000000,1.0490,1.0932,0.9515,0.9846,42214140,43009582.6673,177622,21566839.3061
1641686400000,0.9847,1.0415,0.9735,1.0144,34197801,34583821.4702,140270,15960295.7192
1641772800000,1.0141,1.0240,0.9022,0.9490,49583306,47121775.7893,189415,23405490.6239
1641859200000,0.9490,0.9880,0.9348,0.9796,38946080,37533489.6327,147365,17226387.3415
1641945600000,0.9799,1.0481,0.9775,1.0407,36420456,37142745.4770,159647,18155553.3898
1642032000000,1.0409,1.0721,0.9950,0.9999,32272600,33349482.3465,142699,15446103.9165
1642118400000,1.0005,1.1174,0.9856,1.0368,77265237,81089643.5849,265982,39206254.9739
1642204800000,1.0369,1.0664,1.0301,1.0538,30045839,31488543.2325,125422,15502995.8315
1642291200000,1.0535,1.0676,1.0301,1.0617,19623698,20542086.7955,106768,10042376.1722
1642377600000,1.0619,1.0633,0.9664,0.9888,27351007,27553917.3147,129324,13316650.8804
1642464000000,0.9890,0.9988,0.9256,0.9596,23476824,22519466.1931,108268,10615006.2063
1642550400000,0.9597,0.9638,0.9068,0.9196,27024480,25351356.4839,118630,12419151.6940
1642636800000,0.9197,0.9780,0.8713,0.8793,27668297,25898379.2230,115316,12131655.9997
1642723200000,0.8793,0.8896,0.7270,0.7531,53639505,43530390.5682,181302,20712884.8927
1642809600000,0.7535,0.7664,0.6176,0.6818,90581650,61729447.6948,255880,30715765.8919
1642896000000,0.6818,0.7276,0.6682,0.7025,40436067,28192701.3360,121865,13998550.7207
1642982400000,0.7022,0.7372,0.5886,0.6651,68578175,44205638.4750,216155,22428105.4151
1643068800000,0.6647,0.6851,0.6338,0.6817,33430159,22068537.5938,102300,10512334.0493
1643155200000,0.6821,0.7545,0.6674,0.6870,41741923,29437157.6462,133575,14312100.5094
1643241600000,0.6872,0.7096,0.6583,0.6882,38343199,26122462.4579,134280,12501774.6238
1643328000000,0.6882,0.7152,0.6712,0.7060,52419059,36236414.2411,168257,17915135.2026
1643414400000,0.7059,0.7700,0.7035,0.7426,62842062,46903699.3541,170917,22997625.6660
1643500800000,0.7428,0.7550,0.7058,0.7279,36768643,27012151.3238,110784,13306485.9954
1643587200000,0.7280,0.7599,0.6920,0.7527,45926093,33148767.8570,135842,16386523.6970
1643673600000,0.7525,0.7645,0.7324,0.7484,33168771,24752176.8650,108377,12145025.6760
1643760000000,0.7481,0.7583,0.7019,0.7075,39640659,29195716.5017,118204,13989457.7030
1643846400000,0.7078,0.7363,0.6828,0.7326,34870885,24575637.4275,107854,12004882.6626
1643932800000,0.7326,0.8158,0.7258,0.8101,49300121,37980289.1867,153443,19014370.0547
1644019200000,0.8104,0.8600,0.8027,0.8274,33758401,28017157.0099,111425,13569674.5298
1644105600000,0.8273,0.8777,0.8098,0.8714,33115489,27640032.6824,100739,13826239.6919
1644192000000,0.8710,0.9146,0.8386,0.9056,33900591,29717359.0196,113475,14498449.9304
1644278400000,0.9057,0.9200,0.8296,0.8661,31872728,27557401.4591,117822,13185711.4372
1644364800000,0.8663,0.8767,0.8289,0.8718,20350177,17457215.8785,84479,8432053.8894
1644451200000,0.8718,0.8790,0.8114,0.8222,26831763,22740520.7744,98852,10993347.2779
1644537600000,0.8222,0.8422,0.7535,0.7621,24656752,19898182.2055,94111,9728355.3965
1644624000000,0.7620,0.7794,0.7230,0.7625,20921622,15738539.2715,80787,7526914.9418
1644710400000,0.7626,0.7683,0.7208,0.7376,16099218,12093456.4831,64411,5882354.8059
1644796800000,0.7376,0.7532,0.7101,0.7401,19864954,14512336.1905,82148,6945849.3773
1644883200000,0.7403,0.7946,0.7392,0.7903,22791377,17538135.0302,86586,8754150.3756
1644969600000,0.7902,0.8373,0.7856,0.8236,57713717,47145138.4848,204487,23099717.1796
1645056000000,0.8231,0.8272,0.7251,0.7385,35365564,27439366.3703,139892,13545050.3317
1645142400000,0.7389,0.7610,0.7066,0.7208,22145428,16297743.0883,86702,8072873.2566
1645228800000,0.7203,0.7380,0.6779,0.6993,30004977,21083782.7333,98891,10051073.0050
1645315200000,0.6992,0.7035,0.6467,0.6631,24368404,16247671.9712,80088,8031252.1410
1645401600000,0.6632,0.7025,0.6071,0.6099,75847702,51001430.8956,197228,25700915.1604
1645488000000,0.6099,0.6521,0.5918,0.6510,40741581,25206840.3673,118983,13056351.4203
1645574400000,0.6509,0.6776,0.6319,0.6360,38368749,25293631.5325,112445,12334449.8343
1645660800000,0.6364,0.6523,0.5381,0.6205,72290588,42277023.8141,196606,21308626.6685
1645747200000,0.6212,0.6724,0.6078,0.6663,31017843,19682214.4896,97317,9259507.5746
1645833600000,0.6663,0.7025,0.6634,0.6871,21455196,14662134.6563,80088,7113305.2375
1645920000000,0.6871,0.6926,0.6274,0.6426,21746171,14386882.5673,82717,6913324.3273
1646006400000,0.6428,0.7061,0.6325,0.7044,30147544,20143179.4324,101904,9840187.8993
1646092800000,0.7043,0.7346,0.6899,0.7260,26787415,19037847.6695,90778,9302792.4629
1646179200000,0.7259,0.7356,0.6913,0.7026,39128614,27874094.5432,123282,13545925.0392
1646265600000,0.7029,0.7133,0.6556,0.6738,22328219,15268680.8198,78897,7357835.3066
1646352000000,0.6735,0.6764,0.6155,0.6238,30122618,19570454.9827,102688,9797483.9354
1646438400000,0.6238,0.6476,0.6027,0.6405,24917470,15681777.8877,76080,8045122.0505
1646524800000,0.6405,0.6479,0.6069,0.6094,18740140,11724434.4114,60413,5650769.2352
1646611200000,0.6094,0.6313,0.5811,0.6006,26343194,15984174.2416,78524,8058814.9061
1646697600000,0.6004,0.6308,0.5966,0.6228,21161007,13002239.9923,79232,6516075.5296
1646784000000,0.6227,0.8585,0.6183,0.8514,272631377,212350717.8956,591664,111579142.7409
1646870400000,0.8513,1.0755,0.8150,0.8668,1045006051,974046857.1708,2462022,501849065.9505
1646956800000,0.8667,0.8685,0.7749,0.7843,232489008,186949890.2176,590530,91884208.7588
1647043200000,0.7843,0.8172,0.7628,0.7684,111144116,86988689.5721,321618,43093886.7605
1647129600000,0.7683,0.8268,0.7293,0.7383,111118852,87359756.9748,342363,41726069.2493
1647216000000,0.7384,0.7958,0.7228,0.7829,95054276,72257942.6482,291823,35043738.7880
1647302400000,0.7827,0.7843,0.7283,0.7542,55465256,41714318.4895,183612,19370777.2366
1647388800000,0.7541,0.7844,0.7110,0.7596,67146714,50015303.3310,245531,23367604.9418
1647475200000,0.7596,0.7608,0.7322,0.7449,38536677,28645627.9996,144122,13413952.3674
1647561600000,0.7451,0.7878,0.7269,0.7809,54759349,41395939.3554,174092,20506863.4580
1647648000000,0.7810,0.8385,0.7606,0.8273,58973326,47609362.5577,196979,23615176.5552
1647734400000,0.8272,0.8272,0.7716,0.7861,34419721,27318612.3003,116458,12722704.2697
1647820800000,0.7861,0.7868,0.7506,0.7751,23596319,18151523.9752,81834,8549277.0503
1647907200000,0.7751,0.8007,0.7657,0.7830,28744771,22579994.1301,93777,10777306.4693
1647993600000,0.7832,0.8518,0.7709,0.8318,55877644,45589456.7563,170501,22121465.0228
1648080000000,0.8319,0.8601,0.8062,0.8405,41161278,34136408.6486,132906,15946746.8948
1648166400000,0.8406,0.9030,0.8330,0.8562,66516485,57933507.1755,234712,28074803.8690
1648252800000,0.8562,0.8980,0.8377,0.8936,22524898,19462201.3333,93343,9012992.5670
1648339200000,0.8936,0.9648,0.8681,0.9578,48500235,44177004.7256,193970,21322708.4399
1648425600000,0.9577,1.0209,0.9108,0.9308,55001281,53666233.1294,219281,25183347.2387
1648512000000,0.9310,1.0485,0.9271,0.9619,68645695,67736538.4505,262639,32723895.9911
1648598400000,0.9621,1.0192,0.9163,1.0151,47975534,46396053.9883,198696,22013167.5148
1648684800000,1.0155,1.0489,0.9365,1.0047,46124798,45924548.0359,208286,21484868.2480
1648771200000,1.0046,1.0885,0.9274,1.0486,116423925,120696894.0405,446888,57459631.0232
1648857600000,1.0486,1.1200,1.0332,1.0893,56511841,60571974.6180,280262,28705652.8449
1648944000000,1.0894,1.1077,1.0251,1.0628,33426355,35551851.8513,183654,16953075.1830
1649030400000,1.0631,1.0634,0.9675,1.0092,45637735,46067926.9804,209170,21499164.1376
1649116800000,1.0091,1.0370,0.9458,0.9539,30409185,30185080.0459,143063,14514872.4150
1649203200000,0.9540,0.9557,0.8332,0.8391,48232942,42623767.3567,209077,20222281.4419
1649289600000,0.8390,0.8991,0.8200,0.8684,36802932,31628765.9447,173441,15498423.7929
1649376000000,0.8681,0.8955,0.8173,0.8307,32062808,27707073.2372,150267,13325726.9379
1649462400000,0.8304,0.8635,0.8286,0.8572,19089199,16144582.0375,99702,7825769.0329
1649548800000,0.8574,0.8618,0.8177,0.8211,14363308,12068119.9059,66748,5912246.0576
1649635200000,0.8208,0.8244,0.7164,0.7316,38367942,29267933.7418,136282,13974901.0676
1649721600000,0.7319,0.7736,0.7192,0.7548,36442267,27269443.6689,112639,13522772.9305
1649808000000,0.7548,0.7955,0.7432,0.7952,37804492,29235684.7992,121320,14454576.4831
1649894400000,0.7949,0.8086,0.7506,0.7669,29870437,23257712.4622,104199,11472943.8079
1649980800000,0.7668,0.7839,0.7511,0.7812,21240422,16310373.3476,69646,8099618.5923
1650067200000,0.7810,0.7910,0.7614,0.7732,14330099,11115441.8102,48291,5544078.7041
1650153600000,0.7735,0.7781,0.7306,0.7336,14825697,11300857.9180,47863,5355165.1078
1650240000000,0.7336,0.7498,0.6903,0.7478,33683123,24180593.3809,91521,11521405.9733
1650326400000,0.7479,0.8153,0.7471,0.8069,57974116,45756411.2241,155688,22966564.5362
1650412800000,0.8068,0.8073,0.7608,0.7873,31725289,24936683.5059,95697,12104062.6557
1650499200000,0.7873,0.8443,0.7574,0.7854,58954723,48064774.1178,160724,23084618.1003
1650585600000,0.7854,0.8282,0.7780,0.7940,39171249,31307927.1440,119647,15352057.4961
1650672000000,0.7941,0.8010,0.7683,0.7803,22531628,17714013.5569,68595,8603430.4851
1650758400000,0.7799,0.8239,0.7756,0.8042,42558974,33977564.4276,121528,16991345.6705
1650844800000,0.8037,0.8039,0.7187,0.7896,47086106,35688923.5234,135642,17333726.0922
1650931200000,0.7897,0.7913,0.7007,0.7151,33996523,25568858.6355,108124,12003284.5186
1651017600000,0.7153,0.7416,0.7060,0.7320,27488730,19989889.1668,81323,10031093.9644
1651104000000,0.7321,0.7427,0.7060,0.7219,27989470,20335381.2317,84668,9647308.1053
1651190400000,0.7219,0.7264,0.6656,0.6795,28889814,20172278.9123,83478,9907785.6146
1651276800000,0.6796,0.6950,0.5857,0.6084,35064109,22915094.2312,92482,11288853.3857
1651363200000,0.6085,0.6444,0.5850,0.6319,39182455,24077150.7196,101114,11987296.9925
1651449600000,0.6318,0.6517,0.6059,0.6278,39148624,24720053.6127,104080,12025328.0427
1651536000000,0.6280,0.6921,0.6187,0.6350,70235660,45784376.6552,163926,22873582.6813
1651622400000,0.6350,0.7126,0.6319,0.7053,79028601,53115450.7152,198341,26174966.8347
1651708800000,0.7056,0.7257,0.6174,0.6469,60302802,40412085.5534,160655,19683210.5182
1651795200000,0.6469,0.6492,0.6022,0.6249,39860824,24901957.8111,107279,12210743.9403
1651881600000,0.6248,0.6292,0.5905,0.6067,32227046,19820355.6706,77044,9752428.7187
1651968000000,0.6067,0.6657,0.5779,0.6484,90136599,56469129.6674,195676,28168414.3990
1652054400000,0.6484,0.6666,0.5581,0.5705,128154124,77418185.2682,311493,37049662.9325
1652140800000,0.5700,0.6262,0.5340,0.5664,111055337,64793431.5572,312226,32304501.4575
1652227200000,0.5665,0.5799,0.3653,0.3918,151554911,68940680.7455,395582,34590897.9564
1652313600000,0.3918,0.4066,0.2878,0.3323,143994017,48196067.5012,314568,23821178.9652
1652400000000,0.3323,0.3967,0.3288,0.3543,66994950,24773263.4951,134156,12415551.4358
1652486400000,0.3544,0.3945,0.3400,0.3847,51569098,18915604.5401,86361,9723550.4270
1652572800000,0.3850,0.4154,0.3715,0.4143,39062694,15150136.0060,65589,7604853.1187
1652659200000,0.4144,0.4146,0.3649,0.3760,46699859,17787014.1761,78902,8745971.9649
1652745600000,0.3761,0.4017,0.3641,0.3965,45230055,17394537.2427,68992,8761299.1644
1652832000000,0.3964,0.4094,0.3433,0.3473,59853001,22264959.6279,97196,11141297.9048
1652918400000,0.3475,0.3714,0.3288,0.3653,68752676,24030596.9332,100988,12226025.2223
1653004800000,0.3655,0.3768,0.3400,0.3525,57222758,20543095.0370,87423,10135039.5479
1653091200000,0.3525,0.3712,0.3420,0.3613,44112552,15742770.4721,67189,7459086.2587
1653177600000,0.3612,0.4008,0.3597,0.3948,76405753,29343574.0198,110609,14528722.7749
1653264000000,0.3947,0.4118,0.3656,0.3746,65314006,25802831.7851,98592,12331149.5684
1653350400000,0.3745,0.3954,0.3597,0.3913,60215668,22970621.0362,92867,11422764.9766
1653436800000,0.3912,0.3991,0.3738,0.3897,45520248,17529364.0404,72984,8650665.8544
1653523200000,0.3897,0.3985,0.3422,0.3593,59911497,22058445.3228,98911,11063964.5092
1653609600000,0.3594,0.3692,0.3386,0.3509,70982332,25058701.8251,121439,12757871.7308
1653696000000,0.3508,0.3654,0.3411,0.3566,39394100,13933133.0805,61498,6947870.0447
1653782400000,0.3565,0.3685,0.3454,0.3631,50352128,18062426.1969,71252,9238301.3839
1653868800000,0.3632,0.3977,0.3581,0.3972,49649242,18830043.5505,80803,9088939.8186
1653955200000,0.3970,0.4189,0.3775,0.4002,66518855,26366259.3942,117993,12655799.9094
1654041600000,0.4002,0.4308,0.3530,0.3715,81849368,32477342.2715,129861,15644542.9182
1654128000000,0.3720,0.4150,0.3678,0.4040,88165116,34334336.3854,144069,17564186.0145
1654214400000,0.4040,0.4044,0.3730,0.3856,49369724,19094911.1446,79416,9091101.0046
1654300800000,0.3856,0.3877,0.3711,0.3831,31473409,11976470.3880,55839,5842725.5551
1654387200000,0.3831,0.3975,0.3751,0.3891,40067249,15539277.3762,61260,7665805.0143
1654473600000,0.3892,0.4201,0.3871,0.4139,50689860,20548413.4006,86829,10017439.5820
1654560000000,0.4139,0.4153,0.3763,0.3950,58980253,22980275.9038,89900,11086487.2113
1654646400000,0.3950,0.4050,0.3790,0.3886,94266743,37124030.8828,120213,18194225.1534
1654732800000,0.3886,0.3945,0.3786,0.3822,41214597,15999977.1415,63772,7734830.5082
1654819200000,0.3821,0.3856,0.3423,0.3500,41701167,15132750.0305,71685,7308496.0678
1654905600000,0.3498,0.3589,0.3131,0.3200,42112996,14150564.2971,66458,6996357.7023
1654992000000,0.3200,0.3221,0.2864,0.2877,49305712,14816395.4308,81257,7218641.4841
1655078400000,0.2878,0.2912,0.2385,0.2579,98614376,25467780.5319,135236,12668385.9381
1655164800000,0.2581,0.2652,0.2329,0.2610,83311572,21138640.4863,105892,10508680.2749
1655251200000,0.2613,0.2851,0.2322,0.2845,117285466,29396773.7263,139404,14730513.3998
1655337600000,0.2845,0.2878,0.2492,0.2556,75857050,20378842.8164,93716,9783736.2748
1655424000000,0.2557,0.2713,0.2534,0.2671,64994308,17183120.9180,77457,8463668.7438
1655510400000,0.2672,0.2734,0.2276,0.2470,70967734,17615500.6164,87573,8622435.6680
1655596800000,0.2470,0.2717,0.2366,0.2671,48850071,12355174.1004,64885,6048662.1569
1655683200000,0.2669,0.2764,0.2549,0.2748,55558877,14840027.5602,71329,7438125.3743
1655769600000,0.2748,0.3023,0.2730,0.2826,68137680,19697942.4160,85966,9885210.2677
1655856000000,0.2827,0.2953,0.2674,0.2728,67032482,18754400.5778,86434,9618128.1156
1655942400000,0.2727,0.2913,0.2716,0.2881,45432274,12873819.1725,63739,6194343.4557
1656028800000,0.2881,0.3031,0.2872,0.2965,46423050,13692562.3314,61259,6644591.7280
1656115200000,0.2965,0.3045,0.2821,0.3022,40503827,11981198.2795,54358,5925983.5519
1656201600000,0.3023,0.3083,0.2822,0.2839,36864506,10964600.1450,49771,5421370.0062
1656288000000,0.2836,0.3126,0.2823,0.2949,85743679,25509888.5564,94169,12536238.6274
1656374400000,0.2947,0.3212,0.2850,0.2885,126523098,38570857.8071,151338,18893092.8343
1656460800000,0.2885,0.2908,0.2742,0.2811,54938434,15509362.9623,81398,7623903.7605
1656547200000,0.2812,0.2819,0.2549,0.2786,51594045,13726051.4204,72850,6661793.6962
1656633600000,0.2787,0.2898,0.2686,0.2800,67153798,18711069.6639,71345,9289401.6927
1656720000000,0.2800,0.2925,0.2740,0.2869,41534715,11745662.6656,51262,5894987.9527
1656806400000,0.2870,0.2927,0.2777,0.2895,28179137,8024694.9833,40501,3942685.2235
1656892800000,0.2896,0.2977,0.2808,0.2963,38088708,10989349.2049,41950,5649484.1623
1656979200000,0.2962,0.2999,0.2786,0.2866,37497032,10833363.0516,44560,5385976.2985
1657065600000,0.2867,0.2913,0.2800,0.2881,30341991,8694140.6395,36635,4463464.1881
1657152000000,0.2880,0.2982,0.2858,0.2965,31546065,9209725.7488,43279,4534899.5764
1657238400000,0.2963,0.3034,0.2856,0.2963,38319195,11294578.3599,50365,5360844.1975
1657324800000,0.2963,0.3057,0.2952,0.3004,24295473,7324139.1904,38207,3563424.4912
1657411200000,0.3005,0.3138,0.2891,0.2933,51132505,15384311.8749,63651,7672954.8694
1657497600000,0.2934,0.2938,0.2664,0.2677,46361359,12926995.9526,63420,6368572.3846
1657584000000,0.2677,0.2786,0.2615,0.2618,35465248,9560956.6456,49037,4701701.3076
1657670400000,0.2618,0.2725,0.2487,0.2713,35923284,9409881.6372,52034,4593327.9683
1657756800000,0.2712,0.2769,0.2607,0.2728,24252319,6506592.4857,39635,3036432.9789
1657843200000,0.2727,0.2884,0.2694,0.2788,51159184,14308256.7716,62137,6820208.7581
1657929600000,0.2789,0.2863,0.2716,0.2828,25183829,7013621.5639,47191,3274905.4612
1658016000000,0.2829,0.2894,0.2766,0.2775,26183328,7377720.1077,47648,3785401.8639
1658102400000,0.2777,0.3002,0.2771,0.2972,39604874,11528477.3756,66789,5830513.6028
1658188800000,0.2972,0.3178,0.2887,0.3121,54861904,16561708.5677,86151,8268421.9626
1658275200000,0.3123,0.3238,0.2896,0.2915,55331953,17074888.5482,81844,8074248.3478
1658361600000,0.2915,0.2964,0.2812,0.2918,39635806,11439012.8124,62196,5722165.3320
1658448000000,0.2916,0.3016,0.2806,0.2826,47908785,14032598.0552,71704,6989679.6988
1658534400000,0.2827,0.2909,0.2749,0.2816,27672243,7818663.7428,51807,3951379.8472
1658620800000,0.2817,0.2893,0.2807,0.2838,23603883,6729888.3194,45485,3395476.4695
1658707200000,0.2838,0.2862,0.2641,0.2649,40686610,11159806.5617,55032,5821118.5296
1658793600000,0.2649,0.2722,0.2602,0.2715,35792601,9458715.8761,50760,4597641.8363
1658880000000,0.2714,0.2880,0.2652,0.2874,42114932,11569355.4306,53911,5618290.6821
1658966400000,0.2872,0.3026,0.2812,0.2975,49653829,14414049.4866,66997,6918584.2292
1659052800000,0.2976,0.3141,0.2949,0.3077,49721234,15080552.1198,72680,7367462.7296
1659139200000,0.3078,0.3313,0.3054,0.3078,67178733,21345842.9670,83893,10572330.9820
1659225600000,0.3078,0.3348,0.3034,0.3171,49879514,15897245.9199,79473,7939106.9128
1659312000000,0.3172,0.3420,0.3150,0.3369,63357482,20809233.5765,90754,10145341.7280
1659398400000,0.3370,0.3454,0.3076,0.3189,54980848,17646984.9905,84237,8384790.3999
1659484800000,0.3190,0.3323,0.3069,0.3173,39090010,12565929.2505,61456,6064943.0455
1659571200000,0.3173,0.3391,0.3152,0.3257,40722439,13147675.1344,67375,6489477.7588
1659657600000,0.3259,0.3405,0.3237,0.3399,34452454,11476442.1888,58117,5255099.4804
1659744000000,0.3400,0.3590,0.3355,0.3387,52404507,18101342.8411,70612,9702954.7041
1659830400000,0.3387,0.3428,0.3301,0.3380,16165622,5451124.6047,34426,2561894.5606
1659916800000,0.3381,0.3487,0.3358,0.3416,28757339,9868993.1783,44203,5054152.1619
1660003200000,0.3414,0.3453,0.3166,0.3223,34714908,11425100.2484,58772,5350022.4419
1660089600000,0.3223,0.3488,0.3126,0.3483,37984667,12527779.0683,59526,6292457.9178
1660176000000,0.3484,0.3672,0.3439,0.3520,53970192,19061912.9184,84447,9707727.4762
1660262400000,0.3519,0.3725,0.3433,0.3633,50648960,18201023.7689,82482,8965430.9102
1660348800000,0.3631,0.3654,0.3565,0.3608,19120104,6906009.1003,41347,3301698.3243
1660435200000,0.3607,0.3735,0.3510,0.3546,30587828,11023850.2317,58318,5306725.8090
1660521600000,0.3543,0.3869,0.3482,0.3539,70639011,25573508.5069,109478,12242833.9533
1660608000000,0.3538,0.3566,0.3340,0.3404,31485476,10827403.2520,59815,5189208.3119
1660694400000,0.3405,0.3508,0.3198,0.3239,43272198,14525972.8942,69654,6656071.0419
1660780800000,0.3239,0.3309,0.3037,0.3116,28590391,9230928.8565,49695,4394130.1471
1660867200000,0.3116,0.3138,0.2801,0.2836,50037433,14583393.8202,69714,6888089.0163
1660953600000,0.2836,0.2911,0.2759,0.2831,28724665,8180300.7037,46482,3959117.7371
1661040000000,0.2830,0.2917,0.2803,0.2864,26865519,7699797.9189,42600,3942422.6618
1661126400000,0.2864,0.2870,0.2670,0.2809,39639265,10951317.6514,56028,5411103.1615
1661212800000,0.2808,0.2872,0.2701,0.2861,29628075,8292813.0697,47038,4036805.6259
1661299200000,0.2863,0.2929,0.2772,0.2845,30382612,8660945.8417,45878,4258044.8326
1661385600000,0.2846,0.2979,0.2844,0.2936,33132334,9702668.3938,47344,4548991.6952
1661472000000,0.2934,0.2948,0.2628,0.2658,36321509,10281757.5557,54020,4985770.8460
1661558400000,0.2657,0.2695,0.2606,0.2655,23290546,6184860.0090,36220,3090149.9230
1661644800000,0.2656,0.2724,0.2592,0.2614,25426528,6782052.6439,40061,3296586.9654
1661731200000,0.2614,0.2796,0.2575,0.2780,37502863,10044358.6529,47805,4845769.5830
1661817600000,0.2780,0.2820,0.2640,0.2717,40406547,11120944.3648,49548,5038199.0102
1661904000000,0.2717,0.2827,0.2706,0.2721,28994154,8040982.5473,44432,3857805.0013
1661990400000,0.2722,0.2745,0.2616,0.2710,30959239,8297146.7290,47379,4185537.0062
1662076800000,0.2711,0.2790,0.2667,0.2696,27894521,7579551.4896,40751,3542497.8603
1662163200000,0.2697,0.2713,0.2627,0.2652,20634626,5478627.2247,32514,2645603.6032
1662249600000,0.2653,0.2734,0.2635,0.2723,20633437,5533547.0156,33252,2600847.1925
1662336000000,0.2722,0.2843,0.2683,0.2766,85889603,23705777.8040,88407,11327289.3360
1662422400000,0.2766,0.2809,0.2491,0.2500,56694352,15108930.0828,74742,7110229.3114
1662508800000,0.2500,0.2656,0.2423,0.2614,36089677,9147916.9082,56047,4274227.9427
1662595200000,0.2615,0.2774,0.2567,0.2751,41823001,11056902.7960,58709,5478346.3172
1662681600000,0.2751,0.2892,0.2729,0.2870,41144133,11585713.3671,68808,5771419.7218
1662768000000,0.2871,0.2905,0.2807,0.2864,26004541,7432756.1424,45441,3608540.5590
1662854400000,0.2864,0.2938,0.2807,0.2889,22098717,6369249.0051,38594,3126405.0136
1662940800000,0.2889,0.2969,0.2803,0.2924,31036686,9004429.7473,49914,4450571.0814
1663027200000,0.2924,0.2928,0.2599,0.2608,42041879,11590541.6021,61614,5483285.8362
1663113600000,0.2608,0.2665,0.2571,0.2644,23269030,6110276.9290,37704,3025156.2063
1663200000000,0.2644,0.2658,0.2528,0.2552,36544325,9452033.6730,49903,4660770.8211
1663286400000,0.2552,0.2586,0.2509,0.2572,22743846,5796335.4945,33200,2932017.8101
1663372800000,0.2573,0.2649,0.2570,0.2635,13876862,3613644.1643,22322,1790291.0909
1663459200000,0.2635,0.2639,0.2375,0.2425,28322656,7185729.6504,39129,3437294.2287
1663545600000,0.2425,0.2478,0.2324,0.2458,31869385,7643827.8465,42375,3623770.9257
1663632000000,0.2459,0.2485,0.2371,0.2388,27089817,6570554.5446,36955,3220340.9920
1663718400000,0.2389,0.2514,0.2266,0.2294,44209130,10533956.7737,54703,5366301.4411
1663804800000,0.2295,0.2481,0.2292,0.2455,35765827,8504378.0155,44503,4302064.5144
1663891200000,0.2456,0.2494,0.2341,0.2430,35376711,8538309.8350,46554,4100341.3489
1663977600000,0.2430,0.2458,0.2361,0.2382,22105045,5357122.4465,32987,2556218.3044
1664064000000,0.2382,0.2416,0.2309,0.2343,24067187,5730738.8143,33945,2887643.1013
1664150400000,0.2342,0.2379,0.2273,0.2365,49240257,11491849.7006,50168,5454628.4468
1664236800000,0.2365,0.2470,0.2305,0.2330,46971227,11282572.6191,50834,5346214.5069
1664323200000,0.2331,0.2460,0.2259,0.2423,66180468,15673759.0147,63225,7528428.8255
1664409600000,0.2423,0.2442,0.2346,0.2435,48034440,11502870.5708,52638,5553507.8596
1664496000000,0.2435,0.2441,0.2351,0.2370,39534105,9488793.9906,44168,4543594.4965
1664582400000,0.2371,0.2395,0.2353,0.2366,14822694,3523207.6139,22252,1727238.7947
1664668800000,0.2367,0.2375,0.2287,0.2296,22434775,5235984.2312,28037,2441458.2612
1664755200000,0.2296,0.2393,0.2266,0.2379,32595795,7618324.1795,35696,3671725.2750
1664841600000,0.2379,0.2424,0.2362,0.2404,25214401,6035205.5416,33470,3129079.5062
1664928000000,0.2404,0.2412,0.2329,0.2384,25794627,6128702.1792,33474,2782740.3799
1665014400000,0.2384,0.2423,0.2338,0.2354,28977903,6913623.8203,32506,3249897.8124
1665100800000,0.2353,0.2397,0.2312,0.2373,33394919,7889888.8392,35811,3605144.4785
1665187200000,0.2373,0.2417,0.2345,0.2375,25434717,6078069.6107,32524,2998369.3662
1665273600000,0.2375,0.2414,0.2368,0.2391,18305500,4380819.9843,25504,2082451.3915
1665360000000,0.2390,0.2432,0.2300,0.2305,26668595,6312978.2078,38266,2839806.5649
1665446400000,0.2305,0.2306,0.2223,0.2244,23180179,5238177.7474,30955,2514365.6325
1665532800000,0.2246,0.2271,0.2230,0.2244,16419706,3698854.7796,23888,1929716.1474
1665619200000,0.2243,0.2247,0.2016,0.2178,43814512,9301000.5609,46716,4450253.8139
1665705600000,0.2177,0.2249,0.2115,0.2141,30551260,6696534.2530,35363,3272920.4456
1665792000000,0.2141,0.2172,0.2119,0.2130,21384499,4588607.3986,23957,2215131.2407
1665878400000,0.2129,0.2200,0.2126,0.2176,15693521,3393114.1984,21759,1840117.4659
1665964800000,0.2176,0.2249,0.2152,0.2236,28620742,6313792.2905,31148,2982059.4391
1666051200000,0.2235,0.2260,0.2154,0.2205,30025691,6634983.0213,30189,3275187.8645
1666137600000,0.2204,0.2360,0.2152,0.2170,285858371,65013466.3211,215097,32636631.7247
1666224000000,0.2170,0.2195,0.2107,0.2130,58096155,12524093.9294,71546,6249768.3237
1666310400000,0.2130,0.2140,0.2026,0.2131,37121958,7773619.4974,44244,3792707.9018
1666396800000,0.2131,0.2157,0.2107,0.2136,19926781,4245310.9597,33157,2075743.9944
1666483200000,0.2137,0.2216,0.2103,0.2198,27985197,6034396.5869,39523,2991217.4682
1666569600000,0.2199,0.2209,0.2124,0.2175,34613867,7494971.7733,41807,3647521.0128
1666656000000,0.2175,0.2303,0.2160,0.2250,36516302,8133337.5051,45018,3848799.9550
1666742400000,0.2251,0.2319,0.2238,0.2299,36644259,8387431.3326,45523,4201076.4683
1666828800000,0.2299,0.2374,0.2235,0.2255,43904035,10098353.1789,55395,4849345.0288
1666915200000,0.2255,0.2330,0.2213,0.2306,48400751,10980291.8090,58119,5368995.0140
1667001600000,0.2306,0.2417,0.2304,0.2374,48973322,11572287.8662,64585,5724168.3435
1667088000000,0.2375,0.2418,0.2301,0.2352,34088404,8076711.2575,49485,3913368.5105
1667174400000,0.2351,0.2368,0.2293,0.2333,34057773,7927076.3220,48091,3829808.0555
1667260800000,0.2334,0.2365,0.2274,0.2275,27193785,6329707.2094,39655,3037213.6416
1667347200000,0.2276,0.2316,0.2143,0.2191,50297679,11259145.7833,63591,5530136.9115
1667433600000,0.2190,0.2284,0.2184,0.2227,34547918,7738136.6749,43874,3842612.3369
1667520000000,0.2228,0.2413,0.2219,0.2392,53278874,12378581.8834,66166,6288297.5979
1667606400000,0.2392,0.2476,0.2340,0.2401,45859397,11095930.2444,64338,5388096.2221
1667692800000,0.2401,0.2439,0.2272,0.2282,39148894,9313269.7834,57818,4241143.6317
1667779200000,0.2281,0.2357,0.2235,0.2294,38422597,8862881.2340,56804,4338675.3990
1667865600000,0.2295,0.2321,0.1653,0.1915,128042938,26114228.1476,145145,12498978.9955
1667952000000,0.1915,0.1932,0.1400,0.1456,135519023,22620389.0535,135872,11278813.4162
1668038400000,0.1456,0.1722,0.1424,0.1685,96998790,15476647.4293,101483,7912091.2172
1668124800000,0.1684,0.1713,0.1545,0.1607,54824827,8928594.1333,70389,4400322.6719
1668211200000,0.1608,0.1622,0.1524,0.1550,32327852,5072349.1812,40982,2524426.0086
1668297600000,0.1551,0.1590,0.1473,0.1523,50869885,7759293.4635,61548,3912829.5611
1668384000000,0.1523,0.1533,0.1405,0.1494,69099553,10158338.2152,70373,5116147.6580
1668470400000,0.1495,0.1605,0.1470,0.1569,48976493,7565066.8148,48347,3624661.4709
1668556800000,0.1569,0.1603,0.1492,0.1534,50431180,7844079.8847,46021,3740543.7508
1668643200000,0.1534,0.1549,0.1501,0.1520,28508951,4357950.8601,29480,2198221.5319
1668729600000,0.1521,0.1559,0.1519,0.1546,20740123,3194669.9542,24445,1458146.2190
1668816000000,0.1545,0.1632,0.1533,0.1601,51640235,8176171.0330,45660,4127583.6579
1668902400000,0.1601,0.1699,0.1527,0.1531,60522626,9729803.3509,51165,4814952.6002
1668988800000,0.1531,0.1607,0.1471,0.1548,60521263,9341281.0578,55023,4719271.8556
1669075200000,0.1548,0.1638,0.1511,0.1634,43620551,6900078.3910,43431,3428205.1847
1669161600000,0.1634,0.1714,0.1624,0.1709,31756634,5291802.9134,37411,2459500.3183
1669248000000,0.1710,0.1821,0.1692,0.1742,60649122,10577403.8894,59290,5364359.5360
1669334400000,0.1741,0.1749,0.1664,0.1733,30626854,5226467.9297,40017,2497820.3689
1669420800000,0.1733,0.1760,0.1697,0.1715,21608995,3740848.2049,30308,1779622.8047
1669507200000,0.1716,0.1741,0.1671,0.1678,19219263,3293124.4370,25485,1643374.8913
1669593600000,0.1679,0.1700,0.1600,0.1654,32159999,5273467.5774,41209,2623673.1700
1669680000000,0.1654,0.1700,0.1630,0.1677,26977363,4519105.0453,36559,2136963.9733
1669766400000,0.1677,0.2194,0.1676,0.2027,1461257989,299386728.7219,1084185,155009511.5750
1669852800000,0.2028,0.2100,0.1878,0.1931,310324233,61195820.1875,286863,30665094.4391
1669939200000,0.1932,0.1936,0.1819,0.1872,138412863,25747601.6534,132092,12586601.4521
1670025600000,0.1872,0.1897,0.1779,0.1800,73174530,13502831.3608,75991,6432332.7397
1670112000000,0.1800,0.1868,0.1766,0.1841,91616336,16596788.9711,84933,8106152.5578
1670198400000,0.1842,0.1861,0.1771,0.1800,62173573,11352979.5436,69913,5236619.2811
1670284800000,0.1800,0.1831,0.1789,0.1826,36795588,6644582.6590,50713,3420465.4750
1670371200000,0.1827,0.1833,0.1716,0.1733,55523500,9761893.4417,66280,4656383.8456
1670457600000,0.1734,0.1800,0.1717,0.1800,41719084,7319648.5340,52864,3548518.9330
1670544000000,0.1799,0.1818,0.1768,0.1791,38822191,6959993.8497,44358,3358046.1088
1670630400000,0.1791,0.1849,0.1787,0.1847,39530775,7211607.2535,41716,3577929.3368
1670716800000,0.1847,0.1855,0.1796,0.1810,33630800,6170412.9047,36081,2981232.6974
1670803200000,0.1810,0.1810,0.1711,0.1746,39200764,6828565.7724,42045,3240668.4120
1670889600000,0.1745,0.1777,0.1647,0.1771,55121191,9498893.9939,49497,4705962.6054
1670976000000,0.1771,0.1818,0.1700,0.1729,36296613,6392761.1625,41732,3214473.1633
1671062400000,0.1730,0.1743,0.1686,0.1696,31532726,5398923.9212,38000,2595881.8119
1671148800000,0.1697,0.1704,0.1501,0.1525,56069163,9020850.7508,54143,4319608.4072
1671235200000,0.1525,0.1534,0.1442,0.1516,47337828,7075910.7476,44213,3483795.8928
1671321600000,0.1515,0.1527,0.1486,0.1508,27535285,4144326.3960,28065,1988184.9129
1671408000000,0.1507,0.1525,0.1392,0.1425,36642846,5384540.8394,35913,2575619.2639
1671494400000,0.1424,0.1517,0.1412,0.1497,31304842,4633016.2490,34608,2436548.1899
1671580800000,0.1496,0.1504,0.1453,0.1495,28412923,4213309.0112,31002,2007269.1632
1671667200000,0.1494,0.1500,0.1450,0.1498,24668921,3652084.7302,27544,1884227.6145
1671753600000,0.1498,0.1521,0.1490,0.1511,27022972,4068046.8025,30397,2096946.6371
1671840000000,0.1512,0.1528,0.1494,0.1504,26924531,4064616.1943,28615,1967359.3638
1671926400000,0.1503,0.1507,0.1472,0.1497,24580988,3657967.7458,28357,1957117.2605
1672012800000,0.1496,0.1503,0.1471,0.1492,19224079,2855747.9418,23837,1384130.8388
1672099200000,0.1491,0.1520,0.1451,0.1482,40438984,5991587.2741,36647,2867132.5936
1672185600000,0.1482,0.1483,0.1404,0.1443,31426568,4531972.9423,33171,2261505.6231
1672272000000,0.1443,0.1520,0.1394,0.1430,58971431,8474449.2055,52149,4240306.7000
1672358400000,0.1431,0.1436,0.1377,0.1413,29097550,4102060.1058,27281,1995499.1640
1672444800000,0.1413,0.1436,0.1403,0.1413,19711186,2797651.4184,20742,1351762.8754
1672531200000,0.1413,0.1431,0.1398,0.1428,17046906,2408517.3053,18347,1257908.1900
1672617600000,0.1428,0.1487,0.1398,0.1474,37324839,5396482.5712,32680,2703627.3739
1672704000000,0.1475,0.1476,0.1438,0.1453,27108219,3952599.1632,23967,1828720.8544
1672790400000,0.1452,0.1515,0.1445,0.1501,39496592,5891609.3700,33430,3276642.8588
1672876800000,0.1502,0.1516,0.1476,0.1486,31189138,4675217.8134,29814,2110707.6084
1672963200000,0.1486,0.1518,0.1434,0.1510,35265084,5195802.1714,31165,2427731.6677
1673049600000,0.1511,0.1536,0.1510,0.1521,30457302,4639591.1065,26788,2309510.9068
1673136000000,0.1521,0.1569,0.1500,0.1563,34483047,5257815.9848,26517,2600067.4037
1673222400000,0.1563,0.1639,0.1553,0.1584,59972882,9576065.7841,47222,4821882.6362
1673308800000,0.1583,0.1636,0.1552,0.1629,43806253,7013833.8068,39541,3521507.8918
1673395200000,0.1629,0.1680,0.1583,0.1672,44036411,7139845.0285,40206,3371031.4418
1673481600000,0.1672,0.1719,0.1626,0.1700,71388125,11954453.6603,53166,5993991.7006
1673568000000,0.1700,0.1789,0.1684,0.1782,44184795,7615167.4913,45198,4068314.4690
1673654400000,0.1783,0.1922,0.1735,0.1859,92875451,16984402.4211,85113,8178360.6181
1673740800000,0.1860,0.1976,0.1817,0.1920,154563015,29369404.3162,111821,14512611.4405
1673827200000,0.1920,0.1968,0.1827,0.1889,57382228,10926698.7052,60872,5496427.0041
1673913600000,0.1889,0.2014,0.1847,0.1930,60402586,11728996.3113,55265,5981941.1441
1674000000000,0.1931,0.1966,0.1761,0.1770,83662281,15608085.9864,73264,7635998.7435
1674086400000,0.1769,0.1913,0.1767,0.1884,116599694,21719437.9502,81003,10937444.7462
1674172800000,0.1883,0.2022,0.1841,0.2009,61161495,11687182.2214,57680,5967001.6400
1674259200000,0.2010,0.2052,0.1935,0.1951,87324720,17434043.9514,76457,8748513.0734
1674345600000,0.1952,0.2042,0.1917,0.1953,54901829,10901707.7333,61924,5665758.7228
1674432000000,0.1953,0.2069,0.1952,0.2034,80400639,16186573.0715,72910,7955238.9816
1674518400000,0.2035,0.2818,0.2035,0.2188,1453492620,371396797.0627,1127774,186739312.8038
1674604800000,0.2188,0.2290,0.2101,0.2241,341139600,74737354.7028,248820,36647512.3142
1674691200000,0.2240,0.2266,0.2149,0.2205,155224745,34379409.9278,136747,16794723.0274
1674777600000,0.2205,0.2240,0.2128,0.2232,80708981,17603568.1910,78541,8654087.7735
1674864000000,0.2231,0.2245,0.2129,0.2170,64543511,14133488.1482,66982,6964573.3096
1674950400000,0.2170,0.2241,0.2141,0.2223,60046940,13228539.6408,65155,6319073.4676
1675036800000,0.2222,0.2235,0.1954,0.2033,104538532,22000195.1745,101968,10552145.4215
1675123200000,0.2032,0.2072,0.1983,0.2051,71130897,14418890.1916,69999,7028208.3179
1675209600000,0.2051,0.2201,0.2019,0.2187,212595284,44744853.7133,181067,21704338.9285
1675296000000,0.2188,0.2284,0.2169,0.2183,83265903,18533521.0765,94550,8900686.3486
1675382400000,0.2185,0.2306,0.2154,0.2277,80195256,17865134.1468,83211,9032464.3547
1675468800000,0.2276,0.2368,0.2268,0.2315,74462580,17201829.3775,78354,8632586.3655
1675555200000,0.2315,0.2408,0.2171,0.2254,97630201,22233205.9420,100208,10609155.6943
1675641600000,0.2254,0.2659,0.2254,0.2321,312016751,75737473.1281,305293,37495859.4511
1675728000000,0.2320,0.2379,0.2240,0.2371,101270480,23233131.5745,123254,11163522.6045
1675814400000,0.2370,0.2380,0.2205,0.2303,70886231,16339918.9874,88628,8103631.4079
1675900800000,0.2303,0.2331,0.2014,0.2095,100204792,22128162.9283,117918,10837445.4450
1675987200000,0.2096,0.2149,0.2043,0.2129,59124513,12426489.0058,74380,6169632.3448
1676073600000,0.2130,0.2175,0.2099,0.2165,33381017,7107531.8510,46484,3452298.3631
1676160000000,0.2165,0.2202,0.2084,0.2124,41017805,8806103.7119,55496,4468544.9083
1676246400000,0.2125,0.2138,0.1996,0.2088,73916498,15281381.5342,84201,7366847.9585
1676332800000,0.2089,0.2177,0.2035,0.2173,69626388,14721420.8040,82881,7159750.1521
1676419200000,0.2174,0.2356,0.2150,0.2353,56210028,12501274.0480,77896,6350097.3612
1676505600000,0.2352,0.2479,0.2245,0.2255,99324331,23564771.1716,117714,11449738.1191
1676592000000,0.2256,0.2450,0.2246,0.2439,82520580,19622889.7383,102792,9697532.1471
1676678400000,0.2438,0.2533,0.2425,0.2510,44780660,11162374.3351,66522,5558750.4028
1676764800000,0.2509,0.2552,0.2425,0.2537,67029961,16661895.8140,81609,8672421.4395
1676851200000,0.2537,0.2652,0.2442,0.2648,88584448,22741841.7022,110370,11264747.4125
1676937600000,0.2648,0.2805,0.2471,0.2543,127514290,33149722.1011,174531,16387472.3538
1677024000000,0.2542,0.2559,0.2375,0.2490,70528131,17185411.9615,104542,8339980.3216
1677110400000,0.2490,0.2515,0.2401,0.2482,57167825,14123913.2250,80308,7065912.2884
1677196800000,0.2481,0.2572,0.2377,0.2491,109609206,27276725.0438,143841,13531377.4232
1677283200000,0.2490,0.2623,0.2385,0.2518,184252576,46210639.4801,210118,22940030.0652
1677369600000,0.2518,0.2550,0.2451,0.2529,46008330,11475344.7992,77842,5668837.6780
1677456000000,0.2529,0.2617,0.2436,0.2613,81761914,20763238.3683,120141,10771104.9679
1677542400000,0.2613,0.2613,0.2437,0.2464,55625178,14015488.5938,94957,6688684.0807
1677628800000,0.2467,0.2653,0.2429,0.2649,80645645,20772490.5038,123515,10164809.3601
1677715200000,0.2650,0.2651,0.2465,0.2521,62961494,15925191.6365,105119,7838103.1354
1677801600000,0.2520,0.2521,0.2189,0.2297,74518950,17120080.2104,113687,7923205.2464
1677888000000,0.2297,0.2315,0.2149,0.2197,30843669,6919135.4265,57780,3262165.2871
1677974400000,0.2198,0.2288,0.2195,0.2233,36517491,8204710.7948,59958,4169672.4422
1678060800000,0.2232,0.2276,0.2134,0.2250,45314869,9994877.0732,75830,4801204.1606
1678147200000,0.2251,0.2275,0.2121,0.2193,45053340,9883752.8631,72382,4860571.2002
1678233600000,0.2194,0.2195,0.1973,0.2001,56895141,11817424.0781,83188,5596969.4909
1678320000000,0.2001,0.2066,0.1856,0.1889,66005560,13086723.2721,88073,6474282.6517
1678406400000,0.1889,0.1934,0.1778,0.1910,78778757,14692937.8138,97825,7219066.9224
1678492800000,0.1911,0.1958,0.1759,0.1854,53479883,9912994.7228,78922,4824068.5411
1678579200000,0.1855,0.1993,0.1752,0.1991,68539185,12720300.7514,82046,6384187.8262
1678665600000,0.1991,0.2130,0.1917,0.2108,79105231,15953719.2614,107260,8070372.2532
1678752000000,0.2109,0.2271,0.2058,0.2185,73417298,15851604.5776,120289,7770237.4764
1678838400000,0.2184,0.2300,0.1978,0.2014,96112243,20506508.9423,140230,10228574.7819
1678924800000,0.2014,0.2082,0.1982,0.2060,62866465,12841407.6011,91807,6570631.4639
1679011200000,0.2060,0.2209,0.2035,0.2207,57969825,12267906.9374,89479,6131622.1688
1679097600000,0.2206,0.2249,0.2120,0.2141,59181100,13025221.8267,91426,6440344.7417
1679184000000,0.2140,0.2383,0.2140,0.2330,133565836,30303476.7463,166557,15228840.3076
1679270400000,0.2330,0.2331,0.2147,0.2175,75548646,16925281.6685,134116,8198426.2806
1679356800000,0.2174,0.2220,0.2050,0.2191,57208763,12308330.0808,132282,6095615.2020
1679443200000,0.2191,0.2197,0.2000,0.2062,60304126,12820171.2654,135828,6262062.9103
1679529600000,0.2062,0.2182,0.2038,0.2171,35161659,7446653.0998,68553,3738296.3475
1679616000000,0.2172,0.2244,0.2111,0.2175,61639505,13426624.8144,143364,6617433.1479
1679702400000,0.2174,0.2190,0.2086,0.2119,30428776,6522095.3066,81964,3223956.7440
1679788800000,0.2119,0.2166,0.2092,0.2135,24810460,5286332.0402,56517,2735724.6146
1679875200000,0.2134,0.2164,0.1957,0.2007,46082704,9428548.8160,93827,4667427.3110
1679961600000,0.2007,0.2102,0.1969,0.2072,60299103,12272604.6760,125047,6143435.0377
1680048000000,0.2071,0.2239,0.2062,0.2236,50869382,11016075.6899,85892,5640365.9495
1680134400000,0.2237,0.2237,0.2119,0.2159,53296330,11601146.6441,89555,5496713.1381
1680220800000,0.2159,0.2346,0.2103,0.2264,84839165,18865608.9527,122030,9487171.8169
1680307200000,0.2264,0.3240,0.2244,0.2814,1945577193,564849691.4009,1821579,287580712.5690
1680393600000,0.2814,0.3160,0.2604,0.2648,784168640,225557969.5874,791071,112262709.4553
1680480000000,0.2648,0.3293,0.2587,0.3111,1003288705,296361885.8575,1004141,149364633.4207
1680566400000,0.3110,0.3994,0.3056,0.3869,2074423065,767836484.6389,2111393,392481911.0902
1680652800000,0.3869,0.4896,0.3825,0.3953,1781495399,764763623.3477,1992814,386460858.4663
1680739200000,0.3952,0.3952,0.3372,0.3507,868256358,312797310.5320,913854,155785920.7726
1680825600000,0.3507,0.4081,0.3442,0.3581,1217859747,458519079.0592,1242656,227191546.7998
1680912000000,0.3581,0.3755,0.3175,0.3233,441185208,152307802.2695,470226,73472903.2346
1680998400000,0.3233,0.3333,0.3079,0.3202,390042642,123846195.3406,376133,61666561.0803
1681084800000,0.3202,0.3268,0.3051,0.3243,293170269,92265490.7544,319531,45585814.7134
1681171200000,0.3242,0.3243,0.3086,0.3135,170888087,53622379.2115,201682,25841985.3080
1681257600000,0.3135,0.3136,0.2874,0.2955,230476596,68124764.0069,243732,32794578.3655
1681344000000,0.2955,0.3081,0.2884,0.3030,169677163,50368665.5602,189761,24767878.5394
1681430400000,0.3030,0.3880,0.3027,0.3838,1178987360,422760771.0335,1148561,211059800.3229
1681516800000,0.3837,0.3904,0.3632,0.3653,351071273,131053682.0202,395346,64793279.0560
1681603200000,0.3652,0.3880,0.3490,0.3588,252650960,92155670.8474,303604,45066691.1958
1681689600000,0.3587,0.3594,0.3357,0.3410,137313662,47195153.3766,194632,23186954.5674
1681776000000,0.3410,0.3454,0.3343,0.3447,115917018,39475354.7985,161825,19048754.5190
1681862400000,0.3446,0.3448,0.3056,0.3133,153473550,49276648.3450,197633,23689135.0589
1681948800000,0.3134,0.3252,0.2938,0.3042,171474557,52996703.6030,218515,26127991.1582
1682035200000,0.3042,0.3138,0.2834,0.2914,167559150,50265349.0981,209795,24733097.5707
1682121600000,0.2914,0.3228,0.2911,0.3111,594758831,184306650.8870,679669,91978653.1939
1682208000000,0.3111,0.3123,0.2806,0.2935,196987739,58297118.5515,244761,28079388.0003
1682294400000,0.2935,0.2952,0.2764,0.2851,174500157,50106315.8251,219450,25328935.0212
1682380800000,0.2852,0.2954,0.2706,0.2905,170439805,47770045.1378,201995,24435044.2581
1682467200000,0.2907,0.2994,0.2586,0.2760,254446083,72473308.5850,279426,35638796.7024
1682553600000,0.2760,0.3092,0.2750,0.2961,430753095,127716777.8589,481727,62910133.3922
1682640000000,0.2962,0.3152,0.2889,0.3025,353972460,106909048.5813,377861,53286123.3062
1682726400000,0.3023,0.3032,0.2951,0.3015,109731658,32868370.3810,145857,16234146.9901
1682812800000,0.3015,0.3016,0.2870,0.2907,101574347,29912555.6882,125630,14939711.5855
1682899200000,0.2908,0.2913,0.2697,0.2749,92041914,25689850.9107,120366,12441128.4516
1682985600000,0.2749,0.2790,0.2673,0.2781,75013175,20440855.3666,104688,10231518.6886
1683072000000,0.2781,0.2938,0.2648,0.2884,108645660,29866116.6338,148356,14781130.9561
1683158400000,0.2885,0.2890,0.2725,0.2778,98227293,27393208.4885,127446,13385959.4238
1683244800000,0.2778,0.2901,0.2729,0.2872,120022163,33921824.4464,162201,17059777.6935
1683331200000,0.2873,0.2889,0.2687,0.2729,86241267,23935160.2272,114036,12052637.6393
1683417600000,0.2729,0.2753,0.2653,0.2666,69618581,18907187.9992,88290,9283741.8039
1683504000000,0.2665,0.2700,0.2335,0.2418,117027713,29271212.9100,137377,13579940.4566
1683590400000,0.2417,0.2481,0.2376,0.2436,69658827,16852775.4322,88824,8634219.1010
1683676800000,0.2437,0.2815,0.2412,0.2665,400245723,106010686.9572,450372,52225718.0335
1683763200000,0.2665,0.2668,0.2382,0.2442,173404288,43270481.8097,200012,21655784.5083
1683849600000,0.2441,0.2535,0.2321,0.2521,147097405,35697550.7056,186991,17963668.9849
1683936000000,0.2520,0.2532,0.2452,0.2464,53877960,13363321.1231,87951,6613484.6946
1684022400000,0.2464,0.2561,0.2425,0.2550,81433199,20455249.7259,112757,10011596.6221
1684108800000,0.2551,0.2608,0.2493,0.2568,105535851,27062979.5607,148816,13441620.9319
1684195200000,0.2567,0.2715,0.2514,0.2679,176461519,46719966.9259,229418,23345500.6533
1684281600000,0.2679,0.2783,0.2556,0.2709,116936801,31087300.7727,164468,15614046.7873
1684368000000,0.2710,0.2716,0.2576,0.2627,74844838,19829464.6749,111894,9559446.9337
1684454400000,0.2627,0.2636,0.2574,0.2617,77754725,20284135.5511,100807,10127351.8515
1684540800000,0.2617,0.2625,0.2561,0.2607,59647513,15425137.7491,75919,7711321.8988
1684627200000,0.2608,0.2618,0.2486,0.2523,72237602,18401305.6050,89243,8920444.6090
1684713600000,0.2524,0.2534,0.2461,0.2512,73342198,18328436.1063,95448,9093456.8653
1684800000000,0.2513,0.2581,0.2496,0.2563,48441859,12333402.2733,76798,6040179.3224
1684886400000,0.2563,0.2565,0.2355,0.2416,71560889,17419031.9584,108517,8468939.0245
1684972800000,0.2416,0.2427,0.2333,0.2393,49518485,11844625.3020,86113,5745003.5053
1685059200000,0.2394,0.2423,0.2356,0.2390,41367233,9889240.3649,77733,4876588.3654
1685145600000,0.2390,0.2437,0.2370,0.2420,37369824,8956316.7365,69797,4466435.4213
1685232000000,0.2421,0.2537,0.2404,0.2501,56594459,13963859.0060,89383,6667412.7028
1685318400000,0.2502,0.2516,0.2454,0.2492,47163963,11733707.5196,81967,5832687.1245
1685404800000,0.2493,0.2507,0.2447,0.2494,39126102,9707837.6141,73574,4908037.1612
1685491200000,0.2494,0.2514,0.2347,0.2394,52203988,12611599.7679,85695,6303787.9929
1685577600000,0.2394,0.2400,0.2324,0.2355,43315012,10231895.0653,68146,4979015.0653
1685664000000,0.2356,0.2418,0.2321,0.2411,33072637,7898126.7237,57191,3960963.2264
1685750400000,0.2412,0.2453,0.2381,0.2413,28801435,6959582.5465,51506,3392488.7243
1685836800000,0.2414,0.2476,0.2390,0.2441,29907966,7281233.6577,52558,3556746.8730
1685923200000,0.2440,0.2442,0.2096,0.2219,78927045,17978500.1503,111598,8796440.0792
1686009600000,0.2219,0.2297,0.2141,0.2285,66915752,14800218.5241,104850,7223561.2110
1686096000000,0.2284,0.2285,0.2152,0.2169,54993113,12168583.3389,86386,5977725.9447
1686182400000,0.2170,0.2197,0.2133,0.2183,42099325,9126965.2172,69430,4596675.3953
1686268800000,0.2183,0.2211,0.2139,0.2173,56916405,12386063.0902,83944,6102985.1166
1686355200000,0.2174,0.2174,0.1656,0.1842,155237596,28698643.5108,205260,14060475.0148
1686441600000,0.1843,0.1864,0.1808,0.1848,42623125,7822949.0857,73224,4061451.2623
1686528000000,0.1847,0.1865,0.1768,0.1853,61469332,11207204.6709,99943,5461203.8765
1686614400000,0.1853,0.1906,0.1824,0.1842,49176899,9139790.8778,83383,4617277.1207
1686700800000,0.1842,0.1881,0.1728,0.1759,51278625,9286560.3016,85362,4636407.4766
1686787200000,0.1760,0.1779,0.1683,0.1749,52537791,9097701.4945,83009,4510759.8428
1686873600000,0.1749,0.1950,0.1741,0.1916,201433517,36964430.2570,225846,18544794.0885
1686960000000,0.1915,0.1989,0.1885,0.1950,143722967,27857786.3414,168024,13747195.6570
1687046400000,0.1950,0.1971,0.1843,0.1863,64137516,12324104.2779,94780,6378931.2692
1687132800000,0.1863,0.1906,0.1842,0.1885,44804974,8397380.7675,76617,4339833.4370
1687219200000,0.1885,0.2020,0.1880,0.2014,87430985,16925407.7550,120073,8356297.3213
1687305600000,0.2015,0.2133,0.2003,0.2116,75263118,15510927.3665,116168,7840247.1285
1687392000000,0.2116,0.2180,0.2023,0.2078,70387056,14865135.1305,114373,7276173.7629
1687478400000,0.2079,0.2204,0.2060,0.2180,63137065,13483190.5763,107926,6766339.6952
1687564800000,0.2180,0.2263,0.2137,0.2209,81085608,17737618.6200,126093,8681445.4595
1687651200000,0.2209,0.2586,0.2208,0.2241,284177565,66825582.1498,403441,32492473.9330
1687737600000,0.2242,0.2243,0.2104,0.2141,102763806,22347526.0244,160317,10797516.0842
1687824000000,0.2142,0.2185,0.2079,0.2141,76451351,16349391.6983,125287,8251461.6559
1687910400000,0.2141,0.2145,0.1938,0.2009,88616210,18181701.8179,141539,8815612.8444
1687996800000,0.2010,0.2063,0.1994,0.2033,60866672,12368909.5485,98771,6290866.6723
1688083200000,0.2034,0.2150,0.1915,0.2110,133330397,27582618.3249,198010,13531454.6062
1688169600000,0.2110,0.2265,0.2060,0.2262,77452958,16647314.8849,131282,8508187.9009
1688256000000,0.2262,0.2290,0.2122,0.2194,92071742,20234282.0290,149189,9522684.9640
1688342400000,0.2195,0.2272,0.2162,0.2248,51052636,11358257.3105,103149,5585928.4191
1688428800000,0.2248,0.2257,0.2168,0.2226,48616210,10797963.4873,102760,5263024.1616
1688515200000,0.2226,0.2396,0.2177,0.2299,171768259,39074317.7731,258331,19098492.4800
1688601600000,0.2299,0.2309,0.2110,0.2121,118245893,26167724.1303,195752,12784079.6551
1688688000000,0.2120,0.2170,0.2092,0.2169,49609616,10586858.8756,107641,5380177.5174
1688774400000,0.2170,0.2184,0.2115,0.2150,25368415,5462249.2788,58878,2640647.9119
1688860800000,0.2151,0.2180,0.2134,0.2143,21018472,4528121.1252,54995,2210914.8252
1688947200000,0.2144,0.2194,0.2067,0.2149,52185722,11066639.5023,98758,5518629.5522
1689033600000,0.2150,0.2219,0.2128,0.2213,40084927,8654812.1461,71870,4683130.7314
1689120000000,0.2213,0.2307,0.2202,0.2295,74458512,16720460.5401,121812,8388273.0978
1689206400000,0.2295,0.2385,0.2203,0.2356,112195873,25762529.8078,180991,12609880.7293
1689292800000,0.2356,0.2435,0.2233,0.2342,108374284,25397100.9626,176493,12438264.5944
1689379200000,0.2343,0.2492,0.2319,0.2428,113530168,27322102.7546,168194,13561559.2850
1689465600000,0.2428,0.2428,0.2318,0.2338,56081589,13309170.9617,93015,6330355.7284
1689552000000,0.2338,0.2530,0.2329,0.2477,194226329,47611927.4787,295121,23401802.0665
1689638400000,0.2477,0.2477,0.2278,0.2314,79112688,18665248.5416,147286,9113006.6291
1689724800000,0.2315,0.2354,0.2279,0.2305,37834424,8748713.3228,91539,4392914.4530
1689811200000,0.2304,0.2349,0.2262,0.2304,39376500,9107433.2800,95740,4343866.5210
1689897600000,0.2304,0.2328,0.2283,0.2297,34195834,7877246.5130,78618,3890632.1756
1689984000000,0.2297,0.2326,0.2263,0.2284,27851678,6405958.3869,63812,3163682.9519
1690070400000,0.2285,0.2374,0.2277,0.2357,36784033,8555607.2468,74934,4262487.4895
1690156800000,0.2357,0.2360,0.2155,0.2193,52774820,11775001.1965,105220,5695148.9503
1690243200000,0.2192,0.2192,0.2131,0.2175,31872070,6882599.4835,72768,3434806.0115
1690329600000,0.2176,0.2214,0.2127,0.2174,33992483,7356090.3881,79583,3516513.5384
1690416000000,0.2174,0.2217,0.2162,0.2214,27191259,5969730.1894,66391,2981373.2221
1690502400000,0.2214,0.2255,0.2184,0.2245,21103788,4677226.4472,52986,2264053.0062
1690588800000,0.2245,0.2285,0.2227,0.2283,21206036,4784427.5795,52933,2425663.5991
1690675200000,0.2283,0.2305,0.2154,0.2207,34842162,7793236.6950,75391,3878307.6824
1690761600000,0.2208,0.2303,0.2173,0.2202,80289972,17924707.3494,131769,8763880.4479
1690848000000,0.2202,0.2246,0.2114,0.2244,81362442,17718884.6904,116581,8966854.6691
1690934400000,0.2244,0.2249,0.2129,0.2152,37154177,8085338.3209,81887,3997381.6614
1691020800000,0.2153,0.2172,0.2111,0.2145,26983609,5791895.7284,58371,2858925.6033
1691107200000,0.2146,0.2155,0.2090,0.2116,31162072,6628064.1989,63871,3114965.3992
1691193600000,0.2117,0.2135,0.2088,0.2128,19061797,4019409.4789,41030,1981569.6969
1691280000000,0.2127,0.2171,0.2091,0.2096,23076754,4904964.1777,50055,2465049.2742
1691366400000,0.2096,0.2124,0.2020,0.2067,37980144,7897160.9695,64018,3846035.8557
1691452800000,0.2068,0.2152,0.2058,0.2134,32400657,6834809.8052,62139,3461249.4295
1691539200000,0.2134,0.2166,0.2109,0.2133,25331716,5404152.2464,49095,2573383.9178
1691625600000,0.2133,0.2139,0.2087,0.2101,18182101,3833481.0794,43150,1781476.1435
1691712000000,0.2102,0.2121,0.2090,0.2092,11349469,2388229.1957,26608,1185312.7590
1691798400000,0.2093,0.2131,0.2086,0.2122,10207897,2152889.6485,24332,995070.3918
1691884800000,0.2122,0.2129,0.2086,0.2110,21256111,4482858.0200,36350,2220975.8842
1691971200000,0.2111,0.2134,0.2072,0.2111,21686537,4568279.1048,46177,2226613.0364
1692057600000,0.2110,0.2111,0.1791,0.1997,42887034,8548664.3779,68075,3992529.9509
1692144000000,0.1997,0.1998,0.1790,0.1847,58899866,11083464.3170,101383,5409144.8099
1692230400000,0.1848,0.1879,0.1505,0.1657,101378451,17463836.8952,137207,8730179.6824
1692316800000,0.1658,0.1723,0.1652,0.1711,58669500,9928206.7701,86879,4927690.6050
1692403200000,0.1711,0.1743,0.1691,0.1723,18359340,3147313.5538,36865,1593951.4590
1692489600000,0.1723,0.1770,0.1716,0.1740,26808198,4660807.8142,49699,2295333.7027
1692576000000,0.1740,0.1740,0.1644,0.1701,27186062,4609400.4903,49834,2245362.9724
1692662400000,0.1701,0.1704,0.1608,0.1683,43143952,7126550.6267,64793,3442834.2698
1692748800000,0.1682,0.1741,0.1664,0.1727,28442842,4826798.7337,45692,2434178.8146
1692835200000,0.1727,0.1728,0.1672,0.1697,20891757,3559159.1679,37670,1709144.0022
1692921600000,0.1696,0.1706,0.1653,0.1693,26944374,4529474.3535,44985,2211938.4212
1693008000000,0.1694,0.1708,0.1669,0.1684,11905065,2009915.4289,26710,917876.1177
1693094400000,0.1685,0.1712,0.1678,0.1700,12636259,2141128.5392,27826,986047.7785
1693180800000,0.1699,0.1701,0.1646,0.1681,21491737,3595743.7442,42264,1738362.6096
1693267200000,0.1681,0.1772,0.1631,0.1754,42877836,7341245.0308,66348,3553710.9990
1693353600000,0.1755,0.1758,0.1695,0.1714,15794753,2722375.0331,35588,1366210.1883
1693440000000,0.1715,0.1731,0.1617,0.1635,28440831,4774773.0542,54037,2254969.7142
1693526400000,0.1636,0.1651,0.1566,0.1585,23791155,3826919.4850,46615,1878611.4144
1693612800000,0.1585,0.1605,0.1562,0.1599,18339520,2899513.0985,37964,1439274.0117
1693699200000,0.1599,0.1628,0.1578,0.1606,20490862,3287631.3100,37382,1586294.7856
1693785600000,0.1606,0.1634,0.1580,0.1599,20721523,3324838.4688,39187,1636368.6440
1693872000000,0.1600,0.1644,0.1578,0.1631,17116928,2761380.1841,38139,1330042.8028
1693958400000,0.1631,0.1674,0.1613,0.1654,22473981,3679366.9107,46345,1793406.2685
1694044800000,0.1655,0.1677,0.1629,0.1669,13172444,2176469.3208,32450,1053515.8059
1694131200000,0.1670,0.1684,0.1634,0.1653,15369642,2552078.1903,34944,1283198.6820
1694217600000,0.1653,0.1704,0.1639,0.1684,20480427,3427561.7174,36999,1807238.7095
1694304000000,0.1684,0.1685,0.1583,0.1627,32652576,5317605.4969,55571,2590809.1707
1694390400000,0.1627,0.1637,0.1502,0.1531,37093651,5785513.2005,65982,2810815.8492
1694476800000,0.1531,0.1598,0.1526,0.1546,32376415,5054882.8454,58421,2542457.3991
1694563200000,0.1546,0.1608,0.1536,0.1587,26773641,4225312.7057,49229,2005605.5137
1694649600000,0.1587,0.1661,0.1585,0.1649,23063034,3745654.3130,48004,1924627.2782
1694736000000,0.1649,0.1727,0.1641,0.1720,28226039,4739043.9215,49399,2291449.4008
1694822400000,0.1721,0.1781,0.1716,0.1755,40085690,7003658.4268,63891,3571112.9526
1694908800000,0.1754,0.1754,0.1635,0.1662,25759856,4359842.2865,45732,2191741.6845
1694995200000,0.1662,0.1732,0.1642,0.1689,24301558,4114358.0310,45876,2020524.3041
1695081600000,0.1689,0.1736,0.1678,0.1713,18047147,3085935.1006,37865,1438141.9022
1695168000000,0.1714,0.1828,0.1683,0.1810,61717984,10881177.2829,91083,5654518.6663
1695254400000,0.1810,0.1824,0.1683,0.1724,45123749,7866060.3981,67095,3745508.1699
1695340800000,0.1724,0.1798,0.1724,0.1785,43125359,7640766.1284,68629,3803005.0422
1695427200000,0.1785,0.1795,0.1762,0.1793,20195418,3594264.7454,38758,1851740.5949
1695513600000,0.1794,0.1833,0.1734,0.1741,36912451,6587303.2600,60268,3177820.7858
1695600000000,0.1742,0.1760,0.1687,0.1752,40196800,6924452.8349,62524,3553160.5225
1695686400000,0.1751,0.1758,0.1673,0.1710,23259596,4002890.2569,40230,1866684.0876
1695772800000,0.1711,0.1732,0.1680,0.1712,18013688,3076014.5965,37629,1463178.6155
1695859200000,0.1711,0.1748,0.1697,0.1747,18648360,3213697.2381,37692,1556306.1218
1695945600000,0.1748,0.1767,0.1722,0.1750,19933811,3483656.5931,40637,1661270.1790
1696032000000,0.1750,0.1781,0.1744,0.1775,15932889,2812981.7121,31484,1422042.7270
1696118400000,0.1776,0.1838,0.1770,0.1817,19750112,3551594.2417,41811,1809032.6065
1696204800000,0.1818,0.1828,0.1714,0.1747,22856556,4060505.1210,48510,2018735.4919
1696291200000,0.1747,0.1782,0.1714,0.1716,17392837,3040337.1180,38151,1402449.8168
1696377600000,0.1716,0.1717,0.1651,0.1700,18895564,3187579.1914,39066,1591149.5520
1696464000000,0.1700,0.1706,0.1669,0.1684,14617408,2465789.8681,33801,1246387.7918
1696550400000,0.1685,0.1729,0.1681,0.1726,12183444,2075516.0508,31921,1029576.0537
1696636800000,0.1726,0.1741,0.1716,0.1731,9272236,1602143.7880,25099,794246.2072
1696723200000,0.1732,0.1892,0.1702,0.1783,155973499,28371699.4090,186028,14319772.3905
1696809600000,0.1783,0.1786,0.1658,0.1687,66195431,11349483.6662,78079,5544991.7512
1696896000000,0.1688,0.1711,0.1651,0.1669,29556667,4954747.9727,45602,2369920.8414
1696982400000,0.1669,0.1678,0.1597,0.1641,29680191,4854109.7101,41454,2222647.3322
1697068800000,0.1641,0.1642,0.1602,0.1637,24204345,3933378.9232,37243,1927001.6884
1697155200000,0.1638,0.1707,0.1632,0.1682,33507755,5573224.4137,46532,2911057.3733
1697241600000,0.1682,0.1712,0.1671,0.1707,20629621,3493687.1879,32332,1718230.2343
1697328000000,0.1706,0.1787,0.1688,0.1764,55139434,9606140.6231,78670,4943185.8778
1697414400000,0.1764,0.1849,0.1748,0.1810,59857714,10788190.3504,84081,5393314.4327
1697500800000,0.1810,0.1847,0.1745,0.1813,42072131,7608262.8449,62692,3740208.4531
1697587200000,0.1813,0.1814,0.1741,0.1746,24820381,4389792.1444,49935,2111575.5729
1697673600000,0.1746,0.1773,0.1674,0.1772,36144693,6200592.9138,59613,3222827.5420
1697760000000,0.1771,0.1918,0.1746,0.1903,61500772,11277990.5242,95071,5938743.9368
1697846400000,0.1902,0.2123,0.1875,0.2106,405042098,82465478.6121,463130,41558277.5707
1697932800000,0.2105,0.2176,0.1929,0.2014,233801219,47476817.2214,251593,23218071.5805
1698019200000,0.2013,0.2056,0.1906,0.2036,114192085,22455111.7617,154622,10951334.1969
1698105600000,0.2036,0.2082,0.1934,0.2008,117567624,23743033.2912,187933,11596638.4099
1698192000000,0.2009,0.2276,0.1989,0.2191,230601699,49152921.1795,389400,24508500.7362
1698278400000,0.2191,0.2199,0.2021,0.2098,101145450,21458045.8342,178389,10113687.1389
1698364800000,0.2098,0.2101,0.1979,0.2026,46478233,9473871.4273,93370,4461593.1691
1698451200000,0.2026,0.2099,0.2014,0.2080,32387116,6698798.8468,59905,3240345.0982
1698537600000,0.2081,0.2176,0.2034,0.2145,42866633,9090054.0305,84146,4533896.3264
1698624000000,0.2146,0.2192,0.2118,0.2173,45318047,9795810.0537,91223,4765305.9969
1698710400000,0.2173,0.2414,0.2087,0.2231,186262416,42420966.0453,300995,20556650.3521
1698796800000,0.2233,0.2266,0.2120,0.2259,58563209,12825210.0781,111061,6170843.5440
1698883200000,0.2260,0.2265,0.2135,0.2208,41489241,9174579.1503,95715,4396362.3371
1698969600000,0.2208,0.2235,0.2120,0.2230,28807946,6262656.1993,74681,3077225.9198
1699056000000,0.2230,0.2294,0.2208,0.2284,30877224,6926137.5414,71862,3378352.9213
1699142400000,0.2284,0.2320,0.2230,0.2278,41930610,9574137.6621,97266,4557025.9004
1699228800000,0.2278,0.2368,0.2220,0.2357,42502392,9787616.0161,103794,4839705.0366
1699315200000,0.2356,0.2357,0.2217,0.2295,46586006,10695027.0566,118757,5216158.4741
1699401600000,0.2296,0.2394,0.2296,0.2372,52977880,12453152.7306,109868,6055420.8876
1699488000000,0.2373,0.2449,0.2100,0.2351,82106096,19064892.1055,193923,9293691.8148
1699574400000,0.2350,0.2430,0.2275,0.2421,51978989,12266637.6855,136304,5931534.6472
1699660800000,0.2421,0.2674,0.2308,0.2634,184524262,46904200.8761,403632,23011511.9972
1699747200000,0.2635,0.3400,0.2484,0.2949,648845594,197923925.4519,1252255,97830348.8228
1699833600000,0.2948,0.3164,0.2662,0.2673,234690850,68484229.2241,490023,33419831.6652
1699920000000,0.2673,0.2710,0.2422,0.2550,128080505,33268658.6648,249988,16503230.1324
1700006400000,0.2549,0.2872,0.2538,0.2789,150911714,41133115.1069,315369,20222098.6479
1700092800000,0.2789,0.2855,0.2544,0.2596,146152939,39628413.6353,264972,18139044.3854
1700179200000,0.2595,0.2721,0.2506,0.2688,73056106,19301312.7324,160939,9409189.0709
1700265600000,0.2689,0.2690,0.2480,0.2610,44362060,11492009.2956,110026,5670404.3783
1700352000000,0.2611,0.2626,0.2528,0.2616,38272368,9855671.3378,90060,4772153.1734
1700438400000,0.2617,0.2686,0.2563,0.2618,45782440,12070348.2959,100892,5820263.9607
1700524800000,0.2618,0.2707,0.2335,0.2338,93554617,24015843.3105,201352,11463896.3789
1700611200000,0.2337,0.2523,0.2321,0.2515,58035676,13953119.7661,114177,7049988.3669
1700697600000,0.2515,0.2596,0.2465,0.2546,49307190,12499707.0210,103966,6076540.9234
1700784000000,0.2547,0.2700,0.2547,0.2593,71220869,18536674.8698,147761,9080735.2871
1700870400000,0.2592,0.2625,0.2536,0.2618,25771450,6649638.7342,65493,3098149.4871
1700956800000,0.2618,0.2703,0.2512,0.2577,39068779,10147387.4054,90528,4943803.2487
1701043200000,0.2577,0.2589,0.2406,0.2475,33909560,8390630.3951,87257,4139441.4031
1701129600000,0.2475,0.2502,0.2365,0.2483,26144704,6380211.2566,79051,2930179.5180
1701216000000,0.2483,0.2557,0.2433,0.2506,42093948,10487260.5608,106186,5266575.6221
1701302400000,0.2505,0.2567,0.2476,0.2523,49561108,12499372.9495,110152,6079413.9646
1701388800000,0.2523,0.2580,0.2484,0.2549,28120933,7138176.5885,69921,3536496.9817
1701475200000,0.2550,0.2605,0.2526,0.2593,24106808,6182736.1890,64669,3061619.8626
1701561600000,0.2594,0.2606,0.2532,0.2591,22655061,5828704.1100,71655,2682411.8790
1701648000000,0.2591,0.2687,0.2482,0.2680,65501431,17123151.3808,150514,8322971.3867
1701734400000,0.2680,0.2742,0.2601,0.2675,55614795,14792534.0344,125115,6818568.1838
1701820800000,0.2675,0.2704,0.2553,0.2645,50187982,13265489.5652,115084,6565372.5510
1701907200000,0.2645,0.2773,0.2570,0.2744,49338509,13207819.1954,125472,6312338.9045
1701993600000,0.2744,0.2840,0.2619,0.2826,39155057,10754102.4474,105466,5139535.5179
1702080000000,0.2827,0.2863,0.2744,0.2780,47512516,13346505.7028,116525,6198796.8672
1702166400000,0.2780,0.2819,0.2672,0.2778,32459848,8937471.4531,93930,4368314.4882
1702252800000,0.2777,0.2780,0.2329,0.2516,86919037,22072368.2050,186457,10507315.7586
1702339200000,0.2515,0.2567,0.2450,0.2512,37068788,9319781.6829,89747,4535055.9335
1702425600000,0.2513,0.2607,0.2376,0.2583,40311210,10027009.3038,97286,4913741.8745
1702512000000,0.2584,0.2687,0.2475,0.2653,32753813,8475220.0837,84014,4221179.6983
1702598400000,0.2655,0.2660,0.2487,0.2498,24564028,6300077.2411,66773,2928835.3005
1702684800000,0.2498,0.2613,0.2453,0.2585,29066319,7414144.1654,70696,3624158.0847
1702771200000,0.2585,0.2694,0.2491,0.2506,62952547,16262228.6235,121898,8087950.0606
1702857600000,0.2505,0.2521,0.2303,0.2475,45407176,10923686.7974,105602,5291125.9794
1702944000000,0.2475,0.2500,0.2416,0.2443,25053202,6179414.9370,66123,2961369.5462
1703030400000,0.2442,0.2545,0.2411,0.2505,27375737,6804568.9510,69634,3173094.5368
1703116800000,0.2504,0.2554,0.2478,0.2542,20723919,5227297.5811,58111,2598557.5733
1703203200000,0.2542,0.2662,0.2510,0.2657,43960743,11399960.5269,92091,5317898.6053
1703289600000,0.2658,0.2662,0.2546,0.2619,21093702,5481479.3784,52447,2530094.0517
1703376000000,0.2619,0.2679,0.2522,0.2574,47677533,12441130.7355,101396,5987769.0424
1703462400000,0.2574,0.2765,0.2574,0.2666,83396857,22460215.3184,164565,11053216.9052
1703548800000,0.2666,0.2694,0.2381,0.2630,68020714,17742907.2291,141784,8388623.0995
1703635200000,0.2631,0.2772,0.2617,0.2759,83632234,22605477.0379,178809,10774611.6855
1703721600000,0.2759,0.2775,0.2595,0.2642,51666364,13885790.7751,125671,6385326.4453
1703808000000,0.2643,0.2684,0.2487,0.2561,40068902,10413589.7654,102466,4850368.1219
1703894400000,0.2562,0.2578,0.2493,0.2536,18188296,4620000.6109,52315,2248874.0158
1703980800000,0.2537,0.2729,0.2529,0.2673,51719247,13632606.8912,122121,6670947.9462
1704067200000,0.2673,0.2734,0.2567,0.2732,35863911,9511633.1842,89928,4674287.6094
1704153600000,0.2733,0.3151,0.2732,0.2833,185465924,54962152.9869,392973,26950174.2770
1704240000000,0.2834,0.2843,0.2188,0.2527,112819814,29179435.6995,253016,13850322.6236
1704326400000,0.2527,0.2562,0.2441,0.2534,40594558,10176686.1230,94743,4676980.5598
1704412800000,0.2535,0.2562,0.2320,0.2428,44507035,10832629.9347,102242,5141462.3730
1704499200000,0.2429,0.2491,0.2290,0.2449,42016575,10107796.6104,97048,5132133.1237
1704585600000,0.2449,0.2475,0.2283,0.2310,41426443,9935590.0951,100137,4938868.2490
1704672000000,0.2310,0.2419,0.2112,0.2409,50318944,11389467.5777,120079,5549215.5900
1704758400000,0.2409,0.2419,0.2211,0.2308,55939228,12841720.1751,124659,6442398.7539
1704844800000,0.2308,0.2472,0.2198,0.2423,56221512,13011942.6329,134959,6140162.0363
1704931200000,0.2424,0.2527,0.2387,0.2482,42496965,10435647.1231,112323,4992066.0234
1705017600000,0.2483,0.2516,0.2260,0.2341,46790590,11300773.5160,117524,5438141.5978
1705104000000,0.2340,0.2383,0.2267,0.2365,22335384,5229478.2769,59136,2514351.3365
1705190400000,0.2365,0.2408,0.2268,0.2276,22458662,5272132.2308,65055,2657668.2017
1705276800000,0.2276,0.2383,0.2270,0.2377,23544471,5485438.1708,66567,2791945.2783
1705363200000,0.2377,0.2505,0.2333,0.2422,58467142,14034703.5813,116809,6939566.7706
1705449600000,0.2423,0.2452,0.2367,0.2405,25089818,6054150.8947,66583,2976513.7700
1705536000000,0.2405,0.2438,0.2247,0.2302,32461379,7638184.9756,83250,3613423.0935
1705622400000,0.2302,0.2311,0.2167,0.2279,33223329,7478769.6625,85234,3550399.6525
1705708800000,0.2279,0.2317,0.2259,0.2308,15644129,3578702.2813,41642,1775489.8383
1705795200000,0.2309,0.2330,0.2282,0.2287,12659741,2921160.1281,37742,1442459.9647
1705881600000,0.2287,0.2298,0.2117,0.2143,31739121,6991867.6222,85138,3464185.6462
1705968000000,0.2142,0.2190,0.1991,0.2098,36477404,7564510.6861,85625,3649251.9527
1706054400000,0.2099,0.2165,0.2071,0.2158,21570121,4563643.4560,56918,2225825.1135
1706140800000,0.2159,0.2233,0.2119,0.2205,42095565,9143387.7821,90549,4602300.3761
1706227200000,0.2204,0.2284,0.2161,0.2257,29046410,6459825.1725,61183,3128756.4279
1706313600000,0.2256,0.2291,0.2212,0.2281,21010192,4732103.8677,41635,2352264.5495
1706400000000,0.2280,0.2290,0.2191,0.2216,17641056,3959203.9909,43491,1794179.5844
1706486400000,0.2217,0.2273,0.2189,0.2265,18125968,4051761.1499,48259,1932014.2263
1706572800000,0.2266,0.2388,0.2220,0.2233,94744473,21947122.7196,158627,10858320.4661
1706659200000,0.2233,0.2260,0.2144,0.2167,52711160,11566174.8649,102312,5663111.5001
1706745600000,0.2167,0.2183,0.2107,0.2174,25793731,5530565.0706,60272,2659022.0005
1706832000000,0.2174,0.2200,0.2147,0.2193,17799732,3869679.1698,42860,1935653.5184
1706918400000,0.2194,0.2218,0.2176,0.2195,13734625,3018382.9089,40918,1369424.9651
1707004800000,0.2196,0.2196,0.2119,0.2128,16582522,3584651.6825,41234,1817526.6709
1707091200000,0.2127,0.2165,0.2094,0.2133,15198119,3237963.2129,38366,1586671.5336
1707177600000,0.2134,0.2154,0.2112,0.2132,13745033,2934183.4698,34835,1467920.1863
1707264000000,0.2131,0.2168,0.2106,0.2163,17204454,3676435.4543,37454,1784492.9887
1707350400000,0.2163,0.2198,0.2149,0.2177,15698022,3409873.5251,33197,1628785.0166
1707436800000,0.2177,0.2301,0.2175,0.2275,55322014,12472936.1327,81998,6711801.0472
1707523200000,0.2274,0.2309,0.2216,0.2242,28384695,6407787.2987,50137,2994991.4329
1707609600000,0.2242,0.2264,0.2216,0.2239,21954523,4925921.4020,43953,2221087.7523
1707696000000,0.2240,0.2296,0.2189,0.2286,35677173,8007615.1049,65118,3606416.8430
1707782400000,0.2287,0.2299,0.2199,0.2261,38604381,8685097.4602,70068,3976291.6717
1707868800000,0.2260,0.2331,0.2234,0.2313,35203575,8078714.9991,65351,3796299.4998
1707955200000,0.2313,0.2421,0.2290,0.2392,53279249,12549338.0979,105108,6111651.1051
1708041600000,0.2392,0.2432,0.2309,0.2369,43369514,10333244.9528,84380,4846186.7937
1708128000000,0.2370,0.2467,0.2318,0.2441,65110274,15559612.4005,108665,7833983.8543
1708214400000,0.2441,0.2492,0.2390,0.2456,46319876,11291029.3618,81524,5588948.6839
1708300800000,0.2456,0.2546,0.2441,0.2516,50706883,12669455.6672,98467,5965078.9231
1708387200000,0.2516,0.2587,0.2311,0.2473,84849010,20899553.8375,162969,9704480.7742
1708473600000,0.2473,0.2482,0.2292,0.2385,43753667,10368070.4576,92241,5028814.2231
1708560000000,0.2385,0.2470,0.2340,0.2426,37906282,9175822.9085,85952,4439801.9664
1708646400000,0.2426,0.2510,0.2360,0.2480,62232022,15240209.4182,133053,7459689.6722
1708732800000,0.2479,0.2568,0.2421,0.2546,35763672,8985418.7817,79847,4138382.9834
1708819200000,0.2546,0.2571,0.2475,0.2564,33546040,8482216.2583,80869,4218503.2071
1708905600000,0.2563,0.2675,0.2477,0.2651,61500459,15950146.8791,123949,7778278.6434
1708992000000,0.2652,0.2750,0.2591,0.2715,86947720,23223589.1514,173792,11331257.6987
1709078400000,0.2716,0.2850,0.2251,0.2692,131979241,35523103.0790,267331,17362107.9736
1709164800000,0.2692,0.2965,0.2649,0.2882,151040961,42588817.1178,273289,20831247.9652
1709251200000,0.2883,0.3040,0.2853,0.2996,106030423,31217008.3963,211501,15235152.1124
1709337600000,0.2997,0.3147,0.2950,0.3144,72094956,21829642.0895,162826,10303303.3620
1709424000000,0.3144,0.3145,0.2693,0.3031,69789728,20875687.1860,165148,9906892.1022
1709510400000,0.3032,0.3595,0.2975,0.3250,252930105,84062865.2925,505164,41883781.2712
1709596800000,0.3250,0.3364,0.2400,0.2954,162738728,50396429.4193,440117,24143607.6589
1709683200000,0.2954,0.3247,0.2844,0.3212,108213128,33021056.4557,249886,16060548.5824
1709769600000,0.3212,0.3337,0.3157,0.3319,71331573,23235859.4845,172161,11265998.4601
1709856000000,0.3319,0.3333,0.3068,0.3258,51710984,16638978.4746,147013,7987719.9908
1709942400000,0.3258,0.3435,0.3212,0.3411,54772238,18351431.2699,152656,8886461.3690
1710028800000,0.3412,0.4069,0.3323,0.3516,247320388,90449675.9612,517753,44821543.0040
1710115200000,0.3517,0.3628,0.3203,0.3615,105449329,36645650.5821,245266,18304986.1070
1710201600000,0.3616,0.3616,0.3262,0.3573,82089654,28554196.2140,207596,13579255.1067
1710288000000,0.3573,0.3786,0.3515,0.3781,74938139,27620227.8365,196886,12974873.1023
1710374400000,0.3779,0.3787,0.3410,0.3658,93467218,33890459.1778,248507,16279744.7626
1710460800000,0.3658,0.3684,0.3059,0.3387,103313597,34383940.8555,257226,16870420.9633
1710547200000,0.3387,0.3438,0.2974,0.3045,60473983,19416099.5389,173634,9447898.4574
1710633600000,0.3045,0.3148,0.2835,0.3102,55262814,16678493.8552,142621,7942086.8326
1710720000000,0.3102,0.3287,0.2934,0.2995,105571531,33108257.7946,218299,16519963.6942
1710806400000,0.2995,0.3046,0.2591,0.2649,110328108,30549490.2483,241244,14671279.7841
1710892800000,0.2649,0.2996,0.2565,0.2984,81092127,22447306.7465,184085,10856960.1695
1710979200000,0.2983,0.3152,0.2964,0.3072,87261011,26837837.8927,174577,12528933.1057
1711065600000,0.3072,0.3124,0.2872,0.2965,57208924,17128779.7504,145653,8400053.6750
1711152000000,0.2966,0.3071,0.2932,0.2997,27052103,8154097.0889,76706,4112833.7181
1711238400000,0.2998,0.3128,0.2989,0.3111,32129556,9831157.2312,84189,4853742.3637
1711324800000,0.3111,0.3329,0.3091,0.3322,47143156,15115879.8440,111579,7622262.1671
1711411200000,0.3321,0.3800,0.3302,0.3649,194606639,70305909.3049,400637,34745562.4622
1711497600000,0.3648,0.3676,0.3395,0.3522,76926516,27142165.2060,170717,13027848.7216
1711584000000,0.3522,0.3687,0.3370,0.3635,75479908,26744445.0672,175015,13364673.4566
1711670400000,0.3634,0.3634,0.3465,0.3592,41022826,14585807.5613,113552,7005652.9456
1711756800000,0.3591,0.3971,0.3529,0.3632,144382088,54044032.8828,310510,26764813.6368
1711843200000,0.3631,0.3634,0.3530,0.3620,57676860,20689487.6753,136793,10360712.0271
1711929600000,0.3620,0.3628,0.3251,0.3373,70525048,23921783.8272,179385,11495600.5614
1712016000000,0.3374,0.3374,0.3039,0.3100,61128100,19278187.5740,166321,9324667.3230
1712102400000,0.3099,0.3184,0.2965,0.3070,42212081,13065715.2756,106681,6254401.0604
1712188800000,0.3070,0.3238,0.2999,0.3183,31115613,9725758.3375,85735,4645126.4783
1712275200000,0.3182,0.3197,0.2981,0.3107,34207801,10562929.4889,94357,5149121.8665
1712361600000,0.3106,0.3197,0.3092,0.3164,17549103,5521035.3679,52570,2653618.8506
1712448000000,0.3164,0.3257,0.3153,0.3222,18483740,5932995.5892,68915,3055116.1268
1712534400000,0.3222,0.3433,0.3131,0.3398,36185824,12009155.0661,93853,5946069.4829
1712620800000,0.3398,0.3441,0.3174,0.3189,38968854,12812674.6137,97450,6261030.2841
1712707200000,0.3189,0.3235,0.3024,0.3178,37808034,11890600.6772,100716,5898565.3392
1712793600000,0.3179,0.3301,0.3137,0.3279,35052618,11250346.4416,94654,5833724.2642
1712880000000,0.3280,0.3357,0.2358,0.2712,105901044,31102788.1587,248891,14297724.2509
1712966400000,0.2712,0.2715,0.1956,0.2276,139555700,33001591.5740,356967,16122776.7094
1713052800000,0.2276,0.2427,0.2131,0.2381,120517637,27545950.2425,285408,13627627.9854
1713139200000,0.2382,0.2501,0.2171,0.2247,106595038,24966681.5753,183878,12605954.5807
1713225600000,0.2248,0.2304,0.2150,0.2272,110002258,24477870.2845,191621,12321127.3135
1713312000000,0.2271,0.2305,0.2143,0.2226,80111802,17876109.3384,156844,9038003.3534
1713398400000,0.2225,0.2345,0.2163,0.2311,70702286,16063305.1028,140561,8069953.0413
1713484800000,0.2311,0.2413,0.2147,0.2316,82269462,19047615.2827,168070,9631266.0208
1713571200000,0.2317,0.2482,0.2284,0.2473,39789713,9476534.7172,80328,4662345.4431
1713657600000,0.2472,0.2486,0.2370,0.2418,33997915,8298366.0357,70397,4164944.9336
1713744000000,0.2417,0.2528,0.2414,0.2507,34407988,8517643.9713,77549,4291175.4936
1713830400000,0.2507,0.2545,0.2441,0.2520,31354722,7797379.2210,68571,3819820.4331
1713916800000,0.2520,0.2630,0.2365,0.2391,56080406,14040057.4093,116709,6953787.5531
1714003200000,0.2391,0.2442,0.2306,0.2398,41031512,9714273.0073,84339,4873087.1540
1714089600000,0.2399,0.2458,0.2330,0.2375,50821227,12201778.5070,97461,6358173.6716
1714176000000,0.2376,0.2416,0.2265,0.2402,42628251,10037447.0687,90878,5215574.6724
1714262400000,0.2402,0.2456,0.2314,0.2325,28700645,6872144.0210,62447,3379598.7214
1714348800000,0.2324,0.2338,0.2241,0.2308,35713579,8164891.8561,81671,3968313.8036
1714435200000,0.2309,0.2340,0.2095,0.2167,53132503,11632570.1920,105658,5644316.7909
1714521600000,0.2167,0.2205,0.2033,0.2182,59492404,12635796.4292,116392,6552977.0399
1714608000000,0.2182,0.2258,0.2102,0.2234,30561909,6671159.6749,64565,3367357.6565
1714694400000,0.2233,0.2315,0.2196,0.2295,25186521,5712332.0830,60582,3076885.2954
1714780800000,0.2295,0.2325,0.2274,0.2285,20708239,4752896.8566,48081,2467915.2852
1714867200000,0.2284,0.2325,0.2235,0.2289,18652975,4249124.6706,49914,2079092.3985
1714953600000,0.2289,0.2364,0.2241,0.2271,26848996,6159033.3143,66957,3024161.9159
1715040000000,0.2271,0.2322,0.2236,0.2243,25360544,5786886.0267,65341,2949941.2901
1715126400000,0.2242,0.2282,0.2197,0.2251,31314449,7003374.8734,73928,3534553.4729
1715212800000,0.2250,0.2313,0.2185,0.2296,23259120,5224332.2088,55282,2639367.2547
1715299200000,0.2296,0.2331,0.2160,0.2178,39987678,8963242.7406,83715,4716153.9900
1715385600000,0.2178,0.2223,0.2150,0.2160,20822596,4550849.2824,49142,2346852.6284
1715472000000,0.2160,0.2169,0.2099,0.2119,20219543,4328138.1487,42895,2300393.3252
1715558400000,0.2119,0.2191,0.2059,0.2141,40795584,8724124.4822,86767,4473675.7991
1715644800000,0.2141,0.2164,0.2063,0.2067,32031391,6772325.4572,68563,3577088.0130
1715731200000,0.2067,0.2226,0.2058,0.2212,30559550,6550667.2018,60859,3412706.4242
1715817600000,0.2212,0.2254,0.2152,0.2223,29205235,6484350.4526,62397,3260864.8072
1715904000000,0.2223,0.2339,0.2196,0.2318,27338330,6226640.3728,51200,3272768.3370
1715990400000,0.2317,0.2344,0.2270,0.2292,36474809,8425696.4408,53754,4028048.5378
1716076800000,0.2291,0.2314,0.2164,0.2185,33020451,7400065.2195,52276,3435207.5099
1716163200000,0.2185,0.2392,0.2142,0.2376,50891739,11492162.8203,82542,5833227.8928
1716249600000,0.2376,0.2409,0.2323,0.2355,38436972,9108355.5792,66947,4302892.4628
1716336000000,0.2355,0.2367,0.2288,0.2313,28517704,6639624.2748,61936,3132490.5951
1716422400000,0.2313,0.2341,0.2113,0.2234,56793116,12782795.4977,103972,6331693.9346
1716508800000,0.2234,0.2270,0.2182,0.2257,25735789,5745347.0912,55930,2958796.2945
1716595200000,0.2258,0.2308,0.2251,0.2307,15804186,3609308.8367,32947,1804224.0581
1716681600000,0.2306,0.2314,0.2213,0.2230,18519640,4187721.3935,37893,2037845.6015
1716768000000,0.2230,0.2343,0.2212,0.2310,20865520,4747338.7072,49052,2249507.9429
1716854400000,0.2311,0.2333,0.2223,0.2296,35905184,8188292.5034,77373,4067074.7879
1716940800000,0.2297,0.2330,0.2250,0.2258,26682712,6112984.3756,58860,2952352.6438
1717027200000,0.2257,0.2274,0.2190,0.2225,22978358,5139797.6521,54783,2468916.4292
1717113600000,0.2225,0.2229,0.2158,0.2192,20639303,4542989.9325,45090,2209583.3507
1717200000000,0.2193,0.2200,0.2173,0.2184,10923417,2389109.3613,20727,1201496.8567
1717286400000,0.2185,0.2221,0.2134,0.2157,17116245,3727704.3395,37379,1936277.3920
1717372800000,0.2156,0.2204,0.2092,0.2093,26369572,5688902.1836,52211,2589096.2607
1717459200000,0.2093,0.2175,0.2081,0.2172,28630635,6065872.7854,48043,2974907.0198
1717545600000,0.2172,0.2195,0.2154,0.2183,15780877,3435747.5285,32842,1669385.5792
1717632000000,0.2183,0.2190,0.2115,0.2158,15528182,3356860.7524,30862,1617361.7197
1717718400000,0.2158,0.2251,0.1851,0.2018,67840420,14124236.8680,113287,6868825.0360
1717804800000,0.2019,0.2041,0.1866,0.1887,31370613,6114082.2425,59113,2686092.6922
1717891200000,0.1887,0.1932,0.1877,0.1931,15342863,2924401.2582,31937,1433321.7687
1717977600000,0.1931,0.1948,0.1879,0.1897,26641023,5095280.6943,45057,2373754.4169
1718064000000,0.1898,0.1902,0.1779,0.1808,45596132,8351662.7721,66844,4033311.9278
1718150400000,0.1808,0.1929,0.1764,0.1895,32941266,6151535.9486,58951,3044981.3651
1718236800000,0.1895,0.1907,0.1798,0.1810,31578271,5850345.3861,54844,2875662.9732
1718323200000,0.1811,0.1859,0.1730,0.1773,33923165,6088127.4679,56815,3142787.1928
1718409600000,0.1773,0.1829,0.1759,0.1814,12739081,2295625.9757,28967,1138681.7857
1718496000000,0.1814,0.1822,0.1770,0.1810,16277905,2927958.6730,33656,1405404.2331
1718582400000,0.1810,0.1810,0.1521,0.1543,85601782,13874858.1621,98804,6847849.0129
1718668800000,0.1544,0.1548,0.1320,0.1447,118459200,17008856.3680,106096,8219741.8524
1718755200000,0.1447,0.1501,0.1425,0.1477,37272341,5481469.4770,45334,2653577.8876
1718841600000,0.1476,0.1571,0.1466,0.1506,38864282,5898504.9670,49308,2960282.2617
1718928000000,0.1506,0.1546,0.1487,0.1514,33245371,5045581.4144,49044,2372940.0220
1719014400000,0.1513,0.1528,0.1485,0.1522,14104005,2127186.8744,24719,1088113.2943
1719100800000,0.1523,0.1562,0.1488,0.1494,20678895,3161785.7210,30341,1552400.4543
1719187200000,0.1494,0.1542,0.1415,0.1540,52329910,7774018.0384,67383,3759236.5046
1719273600000,0.1539,0.1608,0.1529,0.1585,27309712,4290424.0934,37010,2095160.4285
1719360000000,0.1585,0.1609,0.1544,0.1564,23391862,3696699.7394,32474,1828743.4437
1719446400000,0.1564,0.1634,0.1536,0.1629,22575404,3588024.6842,33611,1823814.5400
1719532800000,0.1629,0.1636,0.1554,0.1557,29678651,4774262.6220,43152,2285472.1890
1719619200000,0.1558,0.1592,0.1521,0.1528,20602631,3208277.4950,29521,1623411.2405
1719705600000,0.1528,0.1617,0.1516,0.1616,25616910,3998064.2744,38872,2142750.2544
1719792000000,0.1615,0.1632,0.1572,0.1574,23475067,3770250.2317,38341,1815654.9435
1719878400000,0.1574,0.1620,0.1564,0.1600,15716190,2498821.2107,32050,1226549.8301
1719964800000,0.1599,0.1610,0.1502,0.1505,25626082,3958687.7098,40943,2036788.8664
1720051200000,0.1506,0.1521,0.1340,0.1351,45025931,6438754.3931,60041,3220448.9957
1720137600000,0.1351,0.1353,0.1173,0.1327,105579991,13275210.2040,105331,6566025.4106
1720224000000,0.1327,0.1410,0.1311,0.1403,34628736,4665489.4419,39197,2249839.9136
1720310400000,0.1403,0.1407,0.1311,0.1319,37102268,5087458.1808,42497,2473082.7912
1720396800000,0.1320,0.1421,0.1264,0.1387,51688135,6991128.9443,61879,3518360.4196
1720483200000,0.1387,0.1450,0.1368,0.1450,25906450,3651599.0596,34729,1758335.1276
1720569600000,0.1449,0.1495,0.1428,0.1490,23161869,3392096.4220,34042,1629589.9442
1720656000000,0.1489,0.1525,0.1426,0.1437,26702824,3952509.2883,38587,1996154.4912
1720742400000,0.1437,0.1475,0.1420,0.1445,25028753,3623084.5405,34279,1899596.4016
1720828800000,0.1445,0.1481,0.1436,0.1466,22659123,3299439.6809,32015,1698631.6318
1720915200000,0.1466,0.1499,0.1445,0.1483,15255257,2242213.7983,21673,1113935.9510
1721001600000,0.1483,0.1581,0.1478,0.1571,25541242,3859012.0119,32703,1995983.3057
1721088000000,0.1570,0.1627,0.1508,0.1596,36141054,5667673.6506,49426,2765365.9115
1721174400000,0.1596,0.1649,0.1576,0.1613,32173494,5195130.0004,39588,2439648.3309
1721260800000,0.1614,0.1659,0.1576,0.1608,23631327,3838391.8747,34479,1826410.2810
1721347200000,0.1608,0.1682,0.1578,0.1670,29032582,4774799.1771,39628,2404449.0389
1721433600000,0.1669,0.1692,0.1638,0.1656,14454963,2408962.0455,24561,1197622.7352
1721520000000,0.1657,0.1728,0.1579,0.1668,49209582,8140775.2726,58659,4170037.3407
1721606400000,0.1668,0.1678,0.1602,0.1633,25707838,4203806.4225,39074,2023895.9870
1721692800000,0.1633,0.1636,0.1546,0.1561,31194129,4983734.7936,51283,2317838.8060
1721779200000,0.1560,0.1604,0.1534,0.1555,21232827,3331081.7692,36753,1609227.7286
1721865600000,0.1555,0.1563,0.1469,0.1540,38260391,5776641.5002,55479,2816783.7463
1721952000000,0.1540,0.1650,0.1526,0.1649,27178444,4364256.4092,36390,2150821.3492
1722038400000,0.1649,0.1743,0.1633,0.1700,80124578,13646633.2496,83183,7070574.2894
1722124800000,0.1701,0.1707,0.1656,0.1676,24938009,4182934.7996,39860,2129229.8482
1722211200000,0.1676,0.1707,0.1629,0.1658,32665577,5461535.3929,50630,2748314.4739
1722297600000,0.1658,0.1679,0.1579,0.1607,17880032,2927640.1512,33837,1396079.2998
1722384000000,0.1608,0.1620,0.1521,0.1527,23551411,3715599.1722,40633,1862711.8905
1722470400000,0.1528,0.1536,0.1391,0.1498,47674362,6996859.2858,62968,3628568.8991
1722556800000,0.1498,0.1503,0.1390,0.1411,39525844,5722791.3853,56648,2688149.2139
1722643200000,0.1411,0.1429,0.1333,0.1350,32283369,4457893.7356,53440,2193995.4451
1722729600000,0.1350,0.1375,0.1239,0.1278,31878294,4158448.8700,49133,1989272.1493
1722816000000,0.1277,0.1289,0.1027,0.1203,193074546,22102599.3214,184491,10895920.8604
1722902400000,0.1203,0.1287,0.1198,0.1255,52721654,6610357.4128,60839,3181562.0569
1722988800000,0.1254,0.1324,0.1218,0.1232,63152654,8037296.4152,75305,4036544.8501
1723075200000,0.1233,0.1368,0.1201,0.1362,38915775,5034257.4710,50635,2429143.6777
1723161600000,0.1361,0.1363,0.1326,0.1354,21293780,2863731.0338,32291,1359843.5930
1723248000000,0.1353,0.1368,0.1323,0.1356,22810384,3062025.4887,32310,1528412.1761
1723334400000,0.1356,0.1370,0.1244,0.1256,32024640,4223727.6160,41109,1968740.1982
1723420800000,0.1256,0.1328,0.1240,0.1304,32685167,4212279.0742,46096,2075744.1516
1723507200000,0.1305,0.1344,0.1275,0.1330,24233361,3163963.1165,32833,1512767.4202
1723593600000,0.1329,0.1335,0.1251,0.1264,23868318,3089091.5861,34312,1556813.0735
1723680000000,0.1263,0.1294,0.1218,0.1249,30218501,3801679.2334,38324,1799928.0810
1723766400000,0.1248,0.1255,0.1205,0.1232,26176935,3221737.2817,34075,1671619.8874
1723852800000,0.1232,0.1250,0.1222,0.1250,12006582,1484730.6825,20445,745943.7454
1723939200000,0.1249,0.1312,0.1231,0.1286,20694597,2650688.4120,31009,1267620.4850
1724025600000,0.1286,0.1331,0.1261,0.1323,32442656,4204912.7696,42188,2138796.0658
1724112000000,0.1322,0.1370,0.1306,0.1355,25807788,3455084.8501,36419,1786580.4351
1724198400000,0.1355,0.1425,0.1339,0.1419,23607189,3267134.6956,33467,1604448.9504
1724284800000,0.1418,0.1432,0.1381,0.1412,14298465,2019346.2996,26870,951139.5254
1724371200000,0.1413,0.1501,0.1411,0.1494,25994093,3766199.5010,40029,2033733.1352
1724457600000,0.1494,0.1533,0.1473,0.1495,22576959,3387521.0632,32849,1622611.6152
1724544000000,0.1495,0.1501,0.1436,0.1476,18835032,2764602.4860,31984,1382904.1260
1724630400000,0.1475,0.1485,0.1374,0.1374,27216321,3885314.6086,39955,1863552.1757
1724716800000,0.1375,0.1411,0.1261,0.1288,32167847,4291776.2573,47133,2126499.9152
1724803200000,0.1288,0.1335,0.1238,0.1277,34701503,4456058.6985,45744,2148919.1030
1724889600000,0.1276,0.1322,0.1252,0.1268,16799167,2158718.1843,27864,1003502.3984
1724976000000,0.1268,0.1275,0.1203,0.1247,25046140,3111967.9494,36332,1643634.8569
1725062400000,0.1248,0.1258,0.1218,0.1238,9643552,1195421.0123,18237,558307.5869
1725148800000,0.1239,0.1242,0.1173,0.1182,19015420,2303482.6708,29321,1132368.4120
1725235200000,0.1182,0.1257,0.1178,0.1249,22689140,2758200.1911,31763,1485153.4205
1725321600000,0.1249,0.1269,0.1191,0.1195,22210108,2737915.2832,31036,1322778.2432
1725408000000,0.1195,0.1240,0.1133,0.1214,33365132,3976568.0157,39524,1954094.7496
1725494400000,0.1214,0.1220,0.1158,0.1171,20077556,2379290.8709,26518,1137978.4179
1725580800000,0.1171,0.1210,0.1110,0.1157,38392488,4460230.7152,40234,2204473.4568
1725667200000,0.1157,0.1194,0.1153,0.1181,15854733,1861245.5404,20000,929542.1107
1725753600000,0.1180,0.1217,0.1168,0.1207,14261651,1697648.7672,18374,857073.1308
1725840000000,0.1207,0.1275,0.1204,0.1258,32104007,3983840.9474,28692,1957593.9504
1725926400000,0.1258,0.1293,0.1245,0.1276,17831462,2265293.2397,23442,1122319.3945
1726012800000,0.1277,0.1280,0.1220,0.1257,22192707,2779931.5895,27584,1372897.9792
1726099200000,0.1257,0.1304,0.1255,0.1300,17619162,2245135.3126,22668,1064658.3402
1726185600000,0.1300,0.1328,0.1282,0.1319,14258220,1858708.6288,22456,924586.5177
1726272000000,0.1319,0.1324,0.1277,0.1294,14304624,1853620.1824,18895,918406.0676
1726358400000,0.1294,0.1301,0.1233,0.1238,16263391,2065510.8428,19806,986796.0532
1726444800000,0.1238,0.1255,0.1205,0.1218,41205951,5057534.8329,27447,2538294.9222
1726531200000,0.1218,0.1272,0.1202,0.1252,29371809,3661794.7348,24950,1874113.4956
1726617600000,0.1252,0.1293,0.1212,0.1291,62368695,7811907.2170,37921,3933219.1197
1726704000000,0.1292,0.1451,0.1291,0.1407,108573224,15010652.5896,97130,7682737.2913
1726790400000,0.1407,0.1437,0.1363,0.1408,58640028,8204086.2408,54318,4093421.4751
1726876800000,0.1409,0.1489,0.1394,0.1488,38204583,5503204.0277,43269,2755332.8027
1726963200000,0.1488,0.1489,0.1382,0.1427,37706585,5370008.1131,46778,2624249.0777
1727049600000,0.1427,0.1480,0.1391,0.1474,28020104,4045848.6572,38056,2006973.5154
1727136000000,0.1473,0.1528,0.1437,0.1512,69164093,10280835.1989,61524,5261239.5670
1727222400000,0.1512,0.1547,0.1491,0.1509,35132238,5320996.0605,42996,2614601.5482
1727308800000,0.1509,0.1574,0.1478,0.1562,29714234,4557971.5184,37909,2173706.7814
1727395200000,0.1561,0.1595,0.1535,0.1585,21123919,3317642.7103,31234,1661584.3245
1727481600000,0.1585,0.1615,0.1514,0.1535,43280724,6789241.0481,45856,3159777.0841
1727568000000,0.1536,0.1569,0.1508,0.1546,23154647,3561218.3479,30337,1837084.2532
1727654400000,0.1546,0.1552,0.1442,0.1459,29762323,4479245.9423,39202,2169718.4982
1727740800000,0.1459,0.1519,0.1327,0.1363,55419327,7917733.8541,59768,3914220.6849
1727827200000,0.1362,0.1407,0.1303,0.1317,32731912,4442203.9936,36695,2060894.5886
1727913600000,0.1316,0.1342,0.1260,0.1291,30587201,3969326.8550,40975,1970339.2750
1728000000000,0.1291,0.1346,0.1284,0.1342,20272750,2667410.6020,34422,1359621.6182
1728086400000,0.1343,0.1433,0.1335,0.1379,49940183,6946245.8895,64324,3517170.1044
1728172800000,0.1379,0.1445,0.1365,0.1423,31370433,4423395.6255,43336,2176380.6606
1728259200000,0.1423,0.1445,0.1382,0.1391,28580903,4052001.9536,44292,1969643.1537
1728345600000,0.1391,0.1410,0.1358,0.1376,24532935,3391866.0331,39821,1734023.2067
1728432000000,0.1375,0.1406,0.1325,0.1343,21102395,2899840.1104,37947,1506882.3571
1728518400000,0.1343,0.1365,0.1296,0.1349,25470164,3401191.2723,40213,1581715.1702
1728604800000,0.1349,0.1420,0.1340,0.1416,20160600,2795430.7244,32608,1354130.7603
1728691200000,0.1416,0.1442,0.1412,0.1421,13431289,1916440.1153,24678,918204.2011
1728777600000,0.1421,0.1440,0.1377,0.1423,21054529,2973063.0115,32665,1460922.9047
1728864000000,0.1424,0.1494,0.1399,0.1487,31672672,4599783.7098,43550,2396347.3036
1728950400000,0.1487,0.1528,0.1396,0.1462,66491538,9721095.7284,77471,4754166.4256
1729036800000,0.1462,0.1464,0.1415,0.1433,21147758,3044449.1457,30364,1460218.9888
1729123200000,0.1433,0.1435,0.1359,0.1386,22586984,3151690.8070,30656,1485446.0457
1729209600000,0.1387,0.1439,0.1380,0.1438,15327840,2148754.0183,25344,1039376.8893
1729296000000,0.1438,0.1463,0.1421,0.1440,16589713,2392020.2800,25532,1162257.1756
1729382400000,0.1440,0.1485,0.1417,0.1483,22941365,3343146.9178,31427,1671921.6405
1729468800000,0.1484,0.1497,0.1405,0.1416,32700285,4735489.8938,40963,2310348.0552
1729555200000,0.1417,0.1442,0.1383,0.1434,26955159,3802165.6589,35121,1942215.4649
1729641600000,0.1435,0.1446,0.1330,0.1362,38902533,5389609.9706,40758,2742236.2648
1729728000000,0.1362,0.1399,0.1339,0.1382,28016812,3837092.9001,35051,1936797.4291
1729814400000,0.1382,0.1384,0.1231,0.1286,40811580,5405770.9129,46841,2643223.0082
1729900800000,0.1287,0.1293,0.1234,0.1267,32304665,4097780.6751,33110,2014322.1989
1729987200000,0.1267,0.1296,0.1251,0.1286,17933635,2275694.4407,20287,1133860.9808
1730073600000,0.1286,0.1307,0.1244,0.1292,25194301,3213251.4878,30242,1633366.7585
1730160000000,0.1292,0.1362,0.1291,0.1355,22661887,3015221.5946,31179,1544063.3182
1730246400000,0.1355,0.1371,0.1327,0.1341,20615806,2783935.4038,25940,1324775.3674
1730332800000,0.1342,0.1345,0.1260,0.1277,26391765,3430334.7946,33194,1690278.9547
1730419200000,0.1277,0.1310,0.1246,0.1260,26549227,3380880.2588,35654,1619144.6016
1730505600000,0.1259,0.1275,0.1219,0.1238,16936050,2106621.6181,22307,1017976.4194
1730592000000,0.1238,0.1240,0.1166,0.1205,25243335,3035226.7969,35447,1462185.6689
1730678400000,0.1206,0.1225,0.1156,0.1177,21981255,2632344.2057,29399,1308366.3002
1730764800000,0.1177,0.1235,0.1173,0.1223,19976000,2412210.9630,26553,1194530.6216
1730851200000,0.1222,0.1340,0.1221,0.1334,43075124,5582283.1083,49915,2713824.9998
1730937600000,0.1333,0.1362,0.1304,0.1345,30485756,4076234.7774,36640,1993862.1366
1731024000000,0.1344,0.1367,0.1320,0.1361,26691158,3590576.6712,35487,1788886.5283
1731110400000,0.1362,0.1397,0.1335,0.1394,27997313,3816112.3730,34092,1903568.6518
1731196800000,0.1394,0.1509,0.1376,0.1465,63955798,9245170.9970,72525,4661208.4083
1731283200000,0.1465,0.1541,0.1432,0.1538,71424702,10611728.7233,75147,5311410.6671
1731369600000,0.1539,0.1604,0.1428,0.1529,119764913,18087473.2941,125656,8813177.6158
1731456000000,0.1529,0.1609,0.1405,0.1463,135343378,20113608.3997,125851,10058161.8886
1731542400000,0.1462,0.1530,0.1405,0.1431,96913735,14173818.6091,102433,6969144.5788
1731628800000,0.1430,0.1516,0.1382,0.1508,63826537,9231311.2112,68389,4463689.2730
1731715200000,0.1509,0.1647,0.1498,0.1640,49710052,7844589.2056,60780,3976378.3122
1731801600000,0.1640,0.1646,0.1526,0.1561,49844711,7933638.7261,67656,3837961.7720
1731888000000,0.1562,0.1738,0.1549,0.1719,73880590,12283972.8432,87159,6090503.8222
1731974400000,0.1718,0.1738,0.1650,0.1702,60968138,10333593.8756,72231,4846766.8837
1732060800000,0.1701,0.1701,0.1554,0.1595,72074951,11713253.8702,75583,5728705.5927
1732147200000,0.1596,0.1697,0.1543,0.1679,67497529,11003692.6593,67919,5245755.3254
1732233600000,0.1678,0.1820,0.1655,0.1814,114078989,19900349.6635,124233,9928069.5957
1732320000000,0.1815,0.1932,0.1779,0.1916,100976086,18801400.1299,117909,9182686.6530
1732406400000,0.1916,0.2072,0.1811,0.2013,139274483,27178653.8895,172648,13094600.8594
1732492800000,0.2014,0.2097,0.1942,0.1994,156539598,31576769.8711,170361,15355797.2114
1732579200000,0.1993,0.2167,0.1958,0.2131,148448004,30683259.7895,196533,15336503.4040
1732665600000,0.2131,0.2203,0.2052,0.2195,80393525,16987943.7283,120958,8211369.5153
1732752000000,0.2195,0.2196,0.2074,0.2170,46701630,9939889.5145,81923,4857464.5933
1732838400000,0.2170,0.2364,0.2084,0.2332,56031937,12376229.9904,90361,6259815.9586
1732924800000,0.2332,0.2343,0.2232,0.2314,46574148,10653195.1075,84936,5172235.3152
1733011200000,0.2314,0.2421,0.2223,0.2399,49243542,11473657.8769,87106,5740071.0001
1733097600000,0.2398,0.2650,0.2210,0.2552,170392076,41641110.2985,223146,20328554.6639
1733184000000,0.2552,0.2896,0.2465,0.2809,252773897,67026742.2663,302945,33076991.0189
1733270400000,0.2809,0.2952,0.2651,0.2790,130139695,36598623.4215,188138,17948263.2717
1733356800000,0.2791,0.2818,0.2550,0.2646,123307281,33350760.8406,188755,16409318.2777
1733443200000,0.2646,0.2760,0.2506,0.2683,85861037,22846605.4942,143079,11289606.8532
1733529600000,0.2683,0.2867,0.2666,0.2757,93884386,25927724.8943,142150,12685695.9609
1733616000000,0.2757,0.2781,0.2654,0.2781,47254147,12836775.2541,84270,6234722.5070
1733702400000,0.2780,0.2792,0.1959,0.2225,145245388,34835446.3845,225467,16275835.4156
1733788800000,0.2224,0.2271,0.1939,0.2139,148563856,31529831.4261,161065,15781926.7895
1733875200000,0.2139,0.2304,0.2045,0.2285,61222889,13339588.5861,80398,6564392.6634
1733961600000,0.2285,0.2392,0.2258,0.2326,61925931,14423339.3096,89074,7135718.9237
1734048000000,0.2327,0.2347,0.2247,0.2323,58129590,13357633.4393,82228,6749825.2787
1734134400000,0.2322,0.2353,0.2148,0.2196,45151799,10204681.9377,74915,5037045.3133
1734220800000,0.2196,0.2279,0.2137,0.2268,42560845,9386813.1175,72130,4736981.3168
1734307200000,0.2269,0.2324,0.2124,0.2183,49450447,10972731.6544,86983,5546418.1351
1734393600000,0.2183,0.2186,0.2015,0.2041,45958861,9710946.2247,79661,4731029.1102
1734480000000,0.2041,0.2053,0.1788,0.1800,92839350,17840999.8288,123013,8597942.3002
1734566400000,0.1800,0.1840,0.1592,0.1651,129906962,22365479.3496,131331,11315038.3385
1734652800000,0.1650,0.1729,0.1460,0.1712,132095931,21123428.0746,118490,10268834.7478
1734739200000,0.1713,0.1825,0.1610,0.1639,66292968,11296068.8908,86453,5757880.7124
1734825600000,0.1638,0.1744,0.1615,0.1684,66363567,11138403.6861,96486,5514331.4456
1734912000000,0.1684,0.1834,0.1636,0.1804,71989354,12496562.6296,94540,6184939.0250
1734998400000,0.1803,0.1945,0.1759,0.1912,67603000,12586767.8367,90806,6441364.6959
1735084800000,0.1911,0.1932,0.1849,0.1877,40370873,7636643.5396,65286,3593616.4357
1735171200000,0.1877,0.1891,0.1701,0.1734,47517482,8365368.9619,65697,4161537.1824
1735257600000,0.1733,0.1870,0.1720,0.1799,51144478,9185418.1648,68080,4577274.1314
1735344000000,0.1799,0.1908,0.1784,0.1902,50210047,9234658.2650,65433,4750030.6313
1735430400000,0.1901,0.2004,0.1759,0.1783,92424045,17464381.4621,101658,8594240.2151
1735516800000,0.1783,0.1950,0.1769,0.1901,114400530,21347761.4766,121390,10476345.9327
1735603200000,0.1900,0.1901,0.1786,0.1807,76922747,14072321.4780,88277,7107975.5054
1735689600000,0.1807,0.1902,0.1753,0.1869,39985400,7284188.3762,69214,3418143.1092
1735776000000,0.1870,0.1977,0.1869,0.1901,59159213,11359962.2080,81755,5628503.2811
1735862400000,0.1901,0.2003,0.1878,0.1994,33153315,6452683.4575,52889,3269455.9798
1735948800000,0.1993,0.2023,0.1958,0.1992,28051640,5585687.5502,55455,2681453.9559
1736035200000,0.1992,0.2101,0.1972,0.2088,51729727,10521669.1885,95753,5168817.2833
1736121600000,0.2088,0.2205,0.2037,0.2152,70525532,15068927.8201,121365,7456797.6484
1736208000000,0.2152,0.2152,0.1887,0.1890,74763526,15105719.7657,100312,7109029.9158
1736294400000,0.1891,0.1940,0.1809,0.1914,93979553,17623024.6575,111373,8702631.7854
1736380800000,0.1913,0.2066,0.1898,0.2032,141346341,28159296.9384,159749,14051621.0716
1736467200000,0.2032,0.2043,0.1924,0.1998,100874376,20027026.9783,110217,9664132.0131
1736553600000,0.1999,0.2055,0.1974,0.1995,63479245,12740143.2222,82181,6299152.7186
1736640000000,0.1996,0.2041,0.1910,0.1938,41702008,8269357.3174,61977,3919539.7101
1736726400000,0.1938,0.1985,0.1679,0.1814,102703728,18472616.8710,106706,8944035.1565
1736812800000,0.1815,0.1909,0.1786,0.1894,47010028,8689908.4500,60352,4159702.1507
1736899200000,0.1894,0.1971,0.1798,0.1966,54375486,10234606.5996,74909,4860612.1796
1736985600000,0.1966,0.1969,0.1869,0.1911,57941358,11133714.3542,83494,5379919.5622
1737072000000,0.1910,0.1999,0.1908,0.1987,64085417,12583452.4992,80826,6351139.2691
1737158400000,0.1987,0.1995,0.1822,0.1860,66189198,12472289.7885,93905,6073368.3233
1737244800000,0.1861,0.1899,0.1649,0.1686,139030413,24449964.3498,137283,12060302.8494
1737331200000,0.1686,0.1850,0.1630,0.1702,160711185,27806385.3715,149626,13718132.7857
1737417600000,0.1702,0.1786,0.1649,0.1745,63720952,10865920.0329,87891,5409835.0678
1737504000000,0.1745,0.1776,0.1684,0.1694,27846155,4821472.1101,53331,2362183.9855
1737590400000,0.1695,0.1699,0.1605,0.1655,61101640,10076230.7753,76828,5016499.5219
1737676800000,0.1656,0.1696,0.1597,0.1621,45441203,7513658.0968,60312,3865335.1196
1737763200000,0.1620,0.1680,0.1597,0.1670,29546746,4875098.7511,45976,2327008.9928
1737849600000,0.1670,0.1746,0.1638,0.1641,47034361,8048009.1409,55330,3752482.9398
1737936000000,0.1641,0.1656,0.1501,0.1603,73395245,11502793.4880,88175,5587608.0554
1738022400000,0.1603,0.1621,0.1493,0.1504,42527084,6649969.6519,50647,2967018.2704
1738108800000,0.1503,0.1565,0.1473,0.1518,45923647,6972066.3428,59432,3336593.4528
1738195200000,0.1517,0.1606,0.1504,0.1585,25045239,3928436.0947,39929,2142006.1439
1738281600000,0.1585,0.1635,0.1551,0.1570,40735074,6465758.9970,54979,3300425.3914
1738368000000,0.1570,0.1605,0.1443,0.1458,39351248,6054492.4062,55444,2880074.5823
1738454400000,0.1457,0.1492,0.1228,0.1301,89276764,12148599.9468,97644,5705050.4826
1738540800000,0.1302,0.1367,0.0978,0.1349,183965309,21908836.3671,161371,10748139.5669
1738627200000,0.1349,0.1366,0.1229,0.1295,77067650,9964525.1697,77186,5071114.7764
1738713600000,0.1294,0.1320,0.1252,0.1270,36354795,4680087.2499,50158,2305156.1024
1738800000000,0.1271,0.1298,0.1210,0.1222,37821967,4728127.4448,56053,2305451.3975
1738886400000,0.1222,0.1293,0.1187,0.1225,39590306,4911247.3251,53113,2347211.1673
1738972800000,0.1226,0.1272,0.1205,0.1268,18984892,2342379.3831,33759,1273511.6015
1739059200000,0.1267,0.1312,0.1218,0.1266,29405331,3740304.7394,40199,1911381.3758
1739145600000,0.1266,0.1306,0.1228,0.1296,33629407,4291659.1908,44229,2027823.2882
1739232000000,0.1296,0.1355,0.1250,0.1274,31202492,4075115.6095,47091,2129900.1393
1739318400000,0.1273,0.1363,0.1233,0.1358,49811910,6390534.0206,59397,3238997.8609
1739404800000,0.1357,0.1371,0.1287,0.1323,28615176,3782742.9547,43480,1800559.6936
1739491200000,0.1324,0.1362,0.1316,0.1337,23666229,3158269.6672,38382,1560814.4887
1739577600000,0.1337,0.1346,0.1295,0.1310,16184865,2136449.4488,32046,1051654.1929
1739664000000,0.1310,0.1340,0.1291,0.1303,20145510,2651956.1731,36855,1336196.0530
1739750400000,0.1302,0.1357,0.1291,0.1320,45625227,6076915.9328,59841,2974759.3057
1739836800000,0.1319,0.1328,0.1202,0.1245,38282364,4817757.8893,48912,2327107.8541
1739923200000,0.1244,0.1287,0.1231,0.1269,20179364,2546916.2839,33655,1318109.0301
1740009600000,0.1269,0.1323,0.1267,0.1318,22449067,2900877.7138,35570,1479071.5500
1740096000000,0.1318,0.1364,0.1248,0.1275,37932531,4982227.1880,49632,2364094.5125
1740182400000,0.1275,0.1355,0.1267,0.1353,25400450,3352862.9716,33258,1789993.7522
1740268800000,0.1353,0.1356,0.1314,0.1332,18331744,2450540.1340,28377,1178197.1897
1740355200000,0.1333,0.1338,0.1178,0.1192,48209286,6030829.6815,62127,2951049.7186
1740441600000,0.1192,0.1221,0.1114,0.1205,61526369,7178768.0106,79424,3451347.1851
1740528000000,0.1205,0.1227,0.1144,0.1187,43517945,5160094.0883,52522,2596739.8432
1740614400000,0.1186,0.1227,0.1162,0.1191,28523411,3410657.5917,40472,1701208.9646
1740700800000,0.1190,0.1201,0.1102,0.1186,62730095,7203406.0069,67251,3611404.0977
1740787200000,0.1186,0.1201,0.1150,0.1182,26953616,3167263.0267,38987,1651186.1937
1740873600000,0.1182,0.1264,0.1156,0.1253,52551192,6367122.5242,60701,3260779.7788
1740960000000,0.1252,0.1278,0.1103,0.1111,74515283,8866863.9440,80317,4479363.0789
1741046400000,0.1112,0.1117,0.1023,0.1099,73163693,7841437.8794,70640,3855211.7167
1741132800000,0.1098,0.1128,0.1077,0.1125,36917100,4070810.0755,39304,2074088.8998
1741219200000,0.1125,0.1151,0.1098,0.1112,36774790,4132537.7271,34590,2081864.9251
1741305600000,0.1113,0.1133,0.1056,0.1094,49427628,5441418.0491,48510,2799748.2230
1741392000000,0.1093,0.1099,0.1063,0.1083,25403512,2751844.3211,31235,1342895.9084
1741478400000,0.1084,0.1090,0.0969,0.0977,43465902,4439761.9550,42849,2123628.8310
1741564800000,0.0978,0.1044,0.0914,0.0929,77693237,7613655.9726,61044,3881365.7333
1741651200000,0.0929,0.1001,0.0875,0.0985,68812189,6497743.7902,54227,3217120.4594
1741737600000,0.0985,0.1022,0.0950,0.1005,36410202,3598854.4875,40301,1768418.9869
1741824000000,0.1006,0.1023,0.0964,0.0989,52351014,5222457.6576,38682,2628358.3681
1741910400000,0.0989,0.1047,0.0985,0.1023,45006900,4561981.7486,36988,2301512.3055
1741996800000,0.1023,0.1046,0.1012,0.1043,19615662,2013884.5862,21728,969347.2272
1742083200000,0.1043,0.1046,0.0983,0.0994,29341160,2972236.6036,30621,1382898.1850
1742169600000,0.0995,0.1045,0.0994,0.1038,32846182,3361783.5716,30852,1675388.3230
1742256000000,0.1038,0.1052,0.1006,0.1049,38403431,3963340.5122,30997,2040506.2629
1742342400000,0.1049,0.1068,0.1039,0.1065,33020522,3477864.5171,38913,1707693.2925
1742428800000,0.1065,0.1068,0.1003,0.1012,26341372,2714819.7076,31342,1324034.8403
1742515200000,0.1012,0.1022,0.0991,0.0999,25510960,2564780.8017,27435,1330780.9517
1742601600000,0.0999,0.1033,0.0999,0.1020,19455751,1986958.3171,23154,1027503.6448
1742688000000,0.1020,0.1030,0.0992,0.1011,17104231,1731546.3099,22212,805548.3454
1742774400000,0.1012,0.1069,0.0999,0.1058,38505497,4038871.8280,34090,2010134.8720
1742860800000,0.1057,0.1085,0.1054,0.1070,45184599,4827296.7812,44023,2341726.3997
1742947200000,0.1069,0.1092,0.1041,0.1055,33097683,3530670.3229,29628,1778914.9932
1743033600000,0.1056,0.1078,0.1038,0.1053,33485952,3536019.7926,31151,1703218.6327
1743120000000,0.1053,0.1055,0.0960,0.0985,43407376,4334597.1068,37315,2008849.8435
1743206400000,0.0984,0.0992,0.0905,0.0917,46320197,4355516.9336,37449,2101549.6335
1743292800000,0.0917,0.0949,0.0909,0.0923,32848781,3062224.2817,29840,1547231.7424
1743379200000,0.0923,0.0950,0.0900,0.0929,45738387,4244861.4594,38287,2112705.6214
1743465600000,0.0929,0.0961,0.0924,0.0940,33994144,3202005.3490,32895,1524926.5035
1743552000000,0.0940,0.0950,0.0850,0.0864,52178248,4745773.3932,43137,2278772.3242
1743638400000,0.0864,0.0890,0.0818,0.0861,64194154,5465073.7567,45122,2614124.4538
1743724800000,0.0862,0.0876,0.0830,0.0863,60687602,5191274.7938,42403,2589418.6723
1743811200000,0.0863,0.0870,0.0829,0.0848,20275852,1719808.2420,19444,898062.3478
1743897600000,0.0847,0.0864,0.0733,0.0756,70718560,5658399.4623,46743,2664640.3729
1743984000000,0.0756,0.0808,0.0696,0.0778,139368588,10526494.5162,77639,5322863.8652
1744070400000,0.0778,0.0807,0.0746,0.0753,83510347,6533796.5589,48569,3319373.1073
1744156800000,0.0752,0.0849,0.0722,0.0839,63895766,5051460.7256,58000,2561784.9335
1744243200000,0.0838,0.0869,0.0815,0.0847,70300921,5953229.5584,48153,2995561.7247
1744329600000,0.0848,0.0923,0.0840,0.0879,81473524,7166042.9955,51216,3658762.7122
1744416000000,0.0879,0.0919,0.0858,0.0910,43434092,3871031.9122,33977,1925905.8024
1744502400000,0.0910,0.0915,0.0850,0.0860,55038579,4854628.8767,38530,2378581.7869
1744588800000,0.0860,0.0886,0.0844,0.0860,50289219,4346639.0176,41407,2108983.0884
1744675200000,0.0860,0.0898,0.0856,0.0873,47110874,4127343.8348,39789,2138996.2200
1744761600000,0.0873,0.0945,0.0867,0.0936,83239789,7545791.4651,57726,3705736.1270
1744848000000,0.0935,0.0988,0.0919,0.0987,54119736,5159226.4135,41946,2587782.7900
1744934400000,0.0987,0.1006,0.0963,0.0973,37549858,3707616.1293,32455,1825398.0553
1745020800000,0.0973,0.1017,0.0971,0.0991,35266863,3518034.6968,31317,1840713.5522
1745107200000,0.0991,0.1011,0.0941,0.0974,33494308,3268281.5439,33217,1522877.3319
1745193600000,0.0973,0.1029,0.0969,0.1003,45415303,4564403.6230,38299,2280703.6419
1745280000000,0.1004,0.1053,0.0980,0.1051,34984447,3545681.7357,34664,1780463.4650
1745366400000,0.1052,0.1071,0.1024,0.1047,36778225,3865811.9340,40552,2041544.0371
1745452800000,0.1046,0.1061,0.1001,0.1060,28477168,2939240.7062,39208,1493512.4363
1745539200000,0.1060,0.1091,0.1039,0.1084,33127983,3555317.6202,38486,1756684.8821
1745625600000,0.1083,0.1109,0.1063,0.1092,28148184,3059758.5445,34900,1511545.2083
1745712000000,0.1092,0.1103,0.1041,0.1051,22253136,2372174.7739,32002,1158350.7044
1745798400000,0.1050,0.1076,0.1012,0.1053,42581901,4444512.0870,44354,2129863.7059
1745884800000,0.1054,0.1077,0.1021,0.1034,26969123,2849653.7672,31686,1366819.4365
1745971200000,0.1035,0.1057,0.1004,0.1040,27080930,2802242.9792,32871,1412553.0783
1746057600000,0.1040,0.1080,0.1038,0.1067,30654346,3251749.2644,31191,1618010.2023
1746144000000,0.1067,0.1079,0.1047,0.1052,26251050,2781801.8748,30900,1461053.5458
1746230400000,0.1053,0.1059,0.0983,0.0989,28519904,2907025.3206,31358,1388219.0508
1746316800000,0.0989,0.0993,0.0945,0.0954,33168519,3215698.4151,33817,1554418.5290
1746403200000,0.0953,0.1367,0.0938,0.1228,1542278323,185223719.0004,654131,94306975.8965
1746489600000,0.1228,0.1237,0.0960,0.1004,1523258632,167794250.7611,490634,83674183.0128
1746576000000,0.1004,0.1004,0.0946,0.0982,368263129,35650622.5697,174306,17219370.5764
1746662400000,0.0983,0.1065,0.0976,0.1058,239812981,24410879.0182,111052,11590091.8089
1746748800000,0.1058,0.1094,0.1044,0.1087,167697933,17913550.6829,103050,8555487.4155
1746835200000,0.1086,0.1134,0.1073,0.1129,160526395,17576214.7982,99076,8228027.1822
1746921600000,0.1129,0.1142,0.1059,0.1087,121831860,13345304.5592,74082,6592193.9460
1747008000000,0.1086,0.1150,0.1047,0.1118,219270170,24237673.3806,111638,11930638.2859
1747094400000,0.1119,0.1155,0.1060,0.1146,110785673,12259976.0610,74191,5958252.2639
1747180800000,0.1145,0.1156,0.1084,0.1091,84715679,9481603.7121,53351,4889821.3649
1747267200000,0.1090,0.1127,0.1025,0.1121,170049152,18190195.9934,95297,8437973.7406
1747353600000,0.1121,0.1152,0.1072,0.1082,149030398,16719106.3491,92339,8219065.3273
1747440000000,0.1083,0.1086,0.1031,0.1048,79198702,8322911.1503,63144,3989789.3707
1747526400000,0.1048,0.1103,0.1006,0.1085,91601947,9713231.5629,61997,4882679.9083
1747612800000,0.1085,0.1091,0.0999,0.1065,117587845,12245072.7913,67485,5906969.7157
1747699200000,0.1064,0.1086,0.1045,0.1075,64420777,6877638.9409,51087,3349742.1082
1747785600000,0.1075,0.1122,0.1045,0.1108,128820783,13820734.3087,63861,6772966.4451
1747872000000,0.1108,0.1159,0.1105,0.1154,53105477,6017077.7041,41178,2717316.3413
1747958400000,0.1154,0.1173,0.1081,0.1108,129902151,14510031.9031,69036,7108145.3353
1748044800000,0.1108,0.1179,0.1097,0.1158,104889053,11995530.4639,78864,5905997.9165
1748131200000,0.1158,0.1166,0.1107,0.1152,64506175,7321326.9791,48378,3582506.8627
1748217600000,0.1152,0.1169,0.1121,0.1138,43326746,4982595.7262,43195,2361585.9112
1748304000000,0.1138,0.1173,0.1104,0.1153,50143427,5751426.2243,43504,2904457.5414
1748390400000,0.1153,0.1305,0.1144,0.1193,339432094,41431956.2848,168664,20070266.1749
1748476800000,0.1194,0.1284,0.1157,0.1260,172271251,20911693.3368,105076,9967833.1441
1748563200000,0.1261,0.1362,0.1156,0.1249,420162821,53202022.1104,216031,26071881.8232
1748649600000,0.1248,0.1305,0.1135,0.1197,302165602,36982610.7599,176078,17649933.0359
1748736000000,0.1197,0.1227,0.1128,0.1198,114062090,13376586.9937,82747,6506412.7199
1748822400000,0.1197,0.1345,0.1190,0.1300,297104949,37714169.1656,188156,18872013.2886
1748908800000,0.1300,0.1449,0.1269,0.1341,360408903,48547975.9201,224757,24247525.0965
1748995200000,0.1341,0.1572,0.1315,0.1463,627106707,93303274.0375,354368,46042270.9819
1749081600000,0.1462,0.1526,0.1342,0.1404,375142573,52770084.0204,220006,26243760.7206
1749168000000,0.1404,0.1620,0.1355,0.1462,541706441,81874214.5673,313234,40959978.7079
1749254400000,0.1462,0.1611,0.1458,0.1548,308988538,48178790.7539,217715,24365016.5224
1749340800000,0.1548,0.1582,0.1511,0.1525,198876636,30750710.6370,133024,15419422.6584
1749427200000,0.1524,0.1790,0.1511,0.1758,429872147,72365591.3326,286393,37259870.0101
1749513600000,0.1758,0.1784,0.1625,0.1626,237699635,39687564.0282,172408,19624644.6399
1749600000000,0.1626,0.1844,0.1623,0.1673,424611077,72500359.7425,313006,36589914.8185
1749686400000,0.1673,0.1688,0.1451,0.1488,211311129,33028346.0901,168391,16230538.4258
1749772800000,0.1488,0.1502,0.1342,0.1351,167308001,23549816.5804,156832,11692221.9869
1749859200000,0.1352,0.1353,0.1274,0.1276,126006553,16559430.7879,107787,7955516.1422
1749945600000,0.1275,0.1290,0.1234,0.1243,89286622,11297944.2174,94636,5559030.1279
1750032000000,0.1242,0.1291,0.1219,0.1245,128075139,16123903.8122,109712,7687744.2978
1750118400000,0.1245,0.1274,0.1173,0.1194,104271028,12784373.1020,95364,6278574.0628
1750204800000,0.1195,0.1209,0.1141,0.1175,82162372,9641559.4480,71177,4939593.0917
1750291200000,0.1176,0.1190,0.1140,0.1165,70253878,8164963.6077,59570,3985256.9586
1750377600000,0.1164,0.1263,0.1150,0.1255,186578861,22795470.5485,125649,11472342.4075
1750464000000,0.1254,0.1254,0.1128,0.1169,136708808,16507225.5634,100842,7903049.0971
1750550400000,0.1168,0.1236,0.1142,0.1196,162238596,19225417.5702,126902,9713856.5415
1750636800000,0.1196,0.1307,0.1171,0.1288,113550047,13934080.2561,102572,6773746.4326
1750723200000,0.1289,0.1309,0.1258,0.1309,66653623,8529573.6740,63828,4350514.5790
1750809600000,0.1309,0.1309,0.1233,0.1238,56803720,7199550.8496,54625,3408466.5960
1750896000000,0.1239,0.1268,0.1170,0.1182,62851660,7675513.6662,57686,3706673.1894
1750982400000,0.1183,0.1198,0.1158,0.1191,51718869,6092417.3430,46052,2868537.5564
1751068800000,0.1191,0.1280,0.1182,0.1266,106956596,13326663.4929,78857,6599846.4403
1751155200000,0.1265,0.1281,0.1236,0.1280,48633866,6100097.7279,43948,3176746.5310
1751241600000,0.1280,0.1281,0.1222,0.1251,42594907,5329257.4328,46363,2669484.4325
1751328000000,0.1251,0.1252,0.1174,0.1194,39758780,4784643.8949,43642,2174605.4564
1751414400000,0.1193,0.1292,0.1191,0.1282,64260048,7971173.1496,64179,3852779.6022
1751500800000,0.1281,0.1289,0.1232,0.1246,40785881,5163819.8078,41485,2568755.0961
1751587200000,0.1247,0.1253,0.1194,0.1210,35087875,4295864.0780,41820,2043353.9477
1751673600000,0.1210,0.1220,0.1193,0.1207,21472118,2592060.1834,25891,1218564.4834
1751760000000,0.1208,0.1226,0.1193,0.1214,19043965,2298606.6839,24751,1108728.7614
1751846400000,0.1213,0.1236,0.1197,0.1213,34802277,4232363.0443,36122,2013213.4101
1751932800000,0.1214,0.1241,0.1206,0.1238,25933355,3170903.7779,30252,1438314.0704
1752019200000,0.1237,0.1301,0.1227,0.1285,35290816,4466605.0983,36155,2080687.9440
1752105600000,0.1286,0.1341,0.1251,0.1333,71191796,9204330.9260,52161,4430256.0677
1752192000000,0.1333,0.1372,0.1308,0.1324,62997173,8471136.4035,56966,4145152.1762
1752278400000,0.1324,0.1387,0.1310,0.1371,49496832,6668517.5296,54673,3577475.1210
1752364800000,0.1372,0.1392,0.1335,0.1356,40174416,5469813.8851,76632,2561275.8806
1752451200000,0.1357,0.1396,0.1314,0.1336,41029603,5586405.9791,55739,2760956.4458
1752537600000,0.1336,0.1372,0.1294,0.1371,52912915,7028992.3302,69197,3470155.7161
1752624000000,0.1370,0.1404,0.1353,0.1393,39972856,5520285.2208,49024,2648080.8685
1752710400000,0.1393,0.1407,0.1351,0.1389,63496251,8788313.2098,72117,4233910.6783
1752796800000,0.1390,0.1452,0.1369,0.1399,74596546,10565466.8364,73530,5238710.1626
1752883200000,0.1399,0.1417,0.1364,0.1408,35827836,4992954.0883,46314,2555282.2193
1752969600000,0.1409,0.1499,0.1406,0.1479,49853422,7265450.0412,56709,3553927.9875
1753056000000,0.1480,0.1543,0.1450,0.1520,54931788,8274820.5826,60370,4149397.4204
1753142400000,0.1520,0.1594,0.1471,0.1583,120297835,18458968.0593,113681,9172042.2001
1753228800000,0.1582,0.1587,0.1448,0.1510,71861820,11010021.0915,83487,5349873.0271
1753315200000,0.1510,0.1522,0.1371,0.1450,84648926,12334861.5237,86663,5880607.9058
1753401600000,0.1450,0.1487,0.1391,0.1484,58175114,8358797.8192,61565,4180764.9883
1753488000000,0.1483,0.1496,0.1466,0.1470,20536523,3039492.3483,28963,1532437.3227
1753574400000,0.1470,0.1503,0.1453,0.1498,22559100,3320226.2902,34473,1819331.1929
1753660800000,0.1497,0.1542,0.1389,0.1404,43108459,6338719.7681,57780,3168883.3147
1753747200000,0.1404,0.1433,0.1356,0.1386,35017810,4869847.1726,52813,2457501.2551
1753833600000,0.1386,0.1391,0.1307,0.1370,42626299,5776638.1724,52736,2712514.8490
1753920000000,0.1369,0.1404,0.1297,0.1300,34177063,4646563.8284,41113,2175136.3350
1754006400000,0.1300,0.1311,0.1235,0.1268,52889306,6779547.8613,82295,3361259.1333
1754092800000,0.1268,0.1286,0.1211,0.1235,34658171,4316349.5896,83911,2119056.9186
1754179200000,0.1235,0.1269,0.1216,0.1260,24471826,3062044.8381,42777,1530517.5981
1754265600000,0.1261,0.1336,0.1259,0.1331,22884476,2970068.9021,47837,1587108.0941
1754352000000,0.1331,0.1337,0.1243,0.1271,40596449,5215665.2382,109250,2386404.8084
1754438400000,0.1271,0.1292,0.1238,0.1284,31827605,4041021.1829,73905,1975867.5669
1754524800000,0.1284,0.1332,0.1264,0.1321,38433873,4975823.0945,43091,2493156.2571
1754611200000,0.1321,0.1356,0.1314,0.1345,31131228,4154490.1843,38746,2120876.6905
1754697600000,0.1346,0.1391,0.1345,0.1374,24437731,3359254.1812,32663,1625691.0312
1754784000000,0.1375,0.1395,0.1326,0.1353,31680895,4292442.7898,43018,2225021.2065
1754870400000,0.1354,0.1381,0.1289,0.1297,46370009,6195852.4310,63584,3118599.4439
1754956800000,0.1298,0.1394,0.1283,0.1386,32665278,4342125.1108,53727,2007505.0462
1755043200000,0.1386,0.1431,0.1374,0.1422,31879373,4484199.9050,48126,2357989.0094
1755129600000,0.1422,0.1435,0.1289,0.1308,45422801,6147025.3227,62987,3088786.7535
1755216000000,0.1308,0.1355,0.1261,0.1298,35836605,4726202.1227,52874,2276307.0686
1755302400000,0.1298,0.1363,0.1297,0.1359,19354415,2575065.0592,32960,1411891.0763
1755388800000,0.1359,0.1374,0.1340,0.1350,16542854,2247824.1483,34227,1094378.8889
1755475200000,0.1349,0.1351,0.1267,0.1290,24509290,3178704.4646,45830,1466817.2364
1755561600000,0.1290,0.1310,0.1239,0.1244,30256239,3863503.2056,68208,1821039.4338
1755648000000,0.1244,0.1299,0.1233,0.1291,20102066,2543786.9037,104207,1210946.3718
1755734400000,0.1291,0.1301,0.1248,0.1257,15600322,1986168.4726,36966,995163.4644
1755820800000,0.1257,0.1376,0.1209,0.1371,33762943,4339888.7392,51866,2291653.1494
1755907200000,0.1372,0.1376,0.1329,0.1347,14106945,1907052.9845,31372,946680.5703
1755993600000,0.1347,0.1387,0.1304,0.1343,26940166,3605880.8194,48119,1864374.1350
1756080000000,0.1342,0.1382,0.1213,0.1233,43716202,5637401.7152,62418,2701798.1853
1756166400000,0.1232,0.1313,0.1219,0.1304,21121809,2675005.0675,37617,1335056.0250
1756252800000,0.1305,0.1317,0.1287,0.1296,23149034,3015122.1330,39289,1473390.7358
1756339200000,0.1296,0.1341,0.1288,0.1334,17386525,2289049.9319,33319,1166931.6834
1756425600000,0.1334,0.1335,0.1235,0.1262,26048453,3317977.4349,44609,1576275.4021
1756512000000,0.1263,0.1285,0.1246,0.1279,12473238,1585534.1871,28818,832042.1582
1756598400000,0.1279,0.1306,0.1266,0.1273,17928029,2307150.7687,40025,1225264.6852
1756684800000,0.1274,0.1293,0.1212,0.1245,27092489,3395965.2468,46435,1679785.5224
1756771200000,0.1245,0.1286,0.1237,0.1282,20262215,2563731.6104,38726,1262614.2744
1756857600000,0.1282,0.1303,0.1269,0.1297,12555883,1616620.9160,27443,855837.1677
1756944000000,0.1297,0.1302,0.1245,0.1255,15766593,1994674.8434,35786,977638.6143
1757030400000,0.1255,0.1295,0.1252,0.1276,16577786,2108533.6286,34934,1063003.3268
1757116800000,0.1276,0.1280,0.1245,0.1252,9817149,1237581.4818,21063,633249.0913
1757203200000,0.1253,0.1275,0.1252,0.1266,12239815,1548392.4444,28271,738739.3915
1757289600000,0.1267,0.1319,0.1257,0.1296,22381978,2881577.5586,35652,1461078.9498
1757376000000,0.1296,0.1340,0.1279,0.1320,32716518,4284443.6466,52069,2197329.2912
1757462400000,0.1319,0.1346,0.1309,0.1337,19413792,2582587.0101,42140,1233285.2426
1757548800000,0.1336,0.1346,0.1314,0.1342,14303991,1905751.8571,27579,950852.0684
1757635200000,0.1342,0.1359,0.1320,0.1355,14327375,1924557.3684,25138,939286.9606
1757721600000,0.1356,0.1382,0.1345,0.1370,14388948,1964244.3200,29445,958516.1723
1757808000000,0.1370,0.1374,0.1305,0.1320,14873389,1984759.0668,34428,906095.7983
1757894400000,0.1320,0.1334,0.1264,0.1286,16276782,2104385.7140,35867,1020693.6880
1757980800000,0.1286,0.1297,0.1255,0.1291,13648099,1744688.9348,26762,818491.1800
1758067200000,0.1291,0.1328,0.1266,0.1318,17458225,2246685.6050,32487,1139854.5674
1758153600000,0.1319,0.1342,0.1307,0.1335,13781889,1829296.0376,26791,891094.6357
1758240000000,0.1336,0.1346,0.1266,0.1273,13510727,1759675.1643,29030,809977.1864
1758326400000,0.1273,0.1296,0.1268,0.1281,9347040,1197285.4661,21580,619915.3703
1758412800000,0.1282,0.1294,0.1263,0.1266,8013021,1024035.5041,21399,516725.2031
1758499200000,0.1267,0.1270,0.1135,0.1179,32235785,3846198.8673,97049,1709825.2026
1758585600000,0.1179,0.1194,0.1157,0.1170,15622996,1840670.7912,29122,935651.0473
1758672000000,0.1170,0.1204,0.1147,0.1182,12366653,1461144.9166,24192,776708.2560
1758758400000,0.1183,0.1183,0.1086,0.1098,25341811,2874151.0914,44243,1376024.5546
1758844800000,0.1099,0.1146,0.1099,0.1146,16353875,1829713.6142,29314,899070.1925
1758931200000,0.1145,0.1146,0.1124,0.1133,6897483,784074.4162,16687,401156.4198
1759017600000,0.1132,0.1154,0.1107,0.1152,10465422,1180851.8433,22333,627557.6573
1759104000000,0.1151,0.1163,0.1120,0.1144,17506875,2004296.8104,26297,943815.5893
1759190400000,0.1143,0.1145,0.1096,0.1124,15074509,1687970.4761,27753,861698.7785
1759276800000,0.1125,0.1185,0.1110,0.1182,15479797,1786312.4005,28266,929191.7251
1759363200000,0.1182,0.1208,0.1173,0.1206,12418948,1482252.6168,24226,770839.6416
1759449600000,0.1205,0.1232,0.1184,0.1215,21495048,2585703.8369,33030,1249539.8978
1759536000000,0.1215,0.1215,0.1161,0.1188,16276979,1931131.1038,27087,923155.2334
1759622400000,0.1189,0.1224,0.1175,0.1185,14559840,1744100.8079,36439,874634.2865
1759708800000,0.1185,0.1221,0.1177,0.1210,17964265,2160500.1187,34328,1136164.0621
1759795200000,0.1209,0.1220,0.1155,0.1157,26313615,3127809.2593,42031,1521408.9035
1759881600000,0.1158,0.1181,0.1133,0.1167,19844850,2295683.0975,35045,1130508.7179
1759968000000,0.1166,0.1168,0.1108,0.1136,20810110,2363302.7159,35675,1207968.6909
1760054400000,0.1136,0.1159,0.0538,0.0868,96284439,8870996.3957,109233,4381550.5827
1760140800000,0.0869,0.0902,0.0802,0.0822,61451018,5309000.1627,57264,2788068.0898
1760227200000,0.0821,0.0931,0.0805,0.0912,55972615,4813772.1425,53723,2385758.9180
1760313600000,0.0913,0.1059,0.0906,0.1032,64430936,6294800.2457,59824,3020365.1425
1760400000000,0.1032,0.1034,0.0914,0.0977,55618059,5349301.1158,51771,2596495.7551
1760486400000,0.0977,0.0993,0.0911,0.0922,35765779,3431886.8107,38129,1574610.3563
1760572800000,0.0921,0.0944,0.0872,0.0888,32898228,3002459.2489,41843,1530978.0612
1760659200000,0.0888,0.0924,0.0816,0.0859,59315942,5138104.2390,54403,2554498.0300
1760745600000,0.0860,0.0883,0.0859,0.0876,18377434,1603662.2854,25750,769474.5820
1760832000000,0.0877,0.0915,0.0860,0.0904,19069286,1690694.9010,25494,862002.6002
1760918400000,0.0905,0.0933,0.0888,0.0913,19484248,1783185.2447,27713,825940.7588
1761004800000,0.0914,0.0951,0.0878,0.0889,23524544,2135871.6768,28295,1071750.1308
1761091200000,0.0888,0.0896,0.0838,0.0866,36077020,3157027.7689,34320,1561663.6513
1761177600000,0.0865,0.0899,0.0864,0.0888,18347608,1616290.8745,21300,775955.3178
1761264000000,0.0889,0.0918,0.0886,0.0901,16947464,1525520.6724,20365,758771.5746
1761350400000,0.0901,0.0905,0.0889,0.0899,11220286,1006590.5133,15542,520049.5605
1761436800000,0.0900,0.0947,0.0891,0.0943,15745226,1446287.3744,20049,724731.1664
1761523200000,0.0942,0.0952,0.0910,0.0918,20176561,1878866.4891,22508,862214.2291
1761609600000,0.0919,0.0929,0.0869,0.0883,24510477,2223148.1962,25700,1037025.8075
1761696000000,0.0884,0.0898,0.0852,0.0867,28898230,2536943.8157,31119,1230256.2902
1761782400000,0.0868,0.0879,0.0784,0.0809,38195299,3165686.9005,36249,1610539.3943
1761868800000,0.0809,0.0835,0.0803,0.0823,19702574,1615987.0758,23113,789414.1279
1761955200000,0.0823,0.0861,0.0818,0.0852,15507154,1313700.4591,24812,659914.9068
1762041600000,0.0851,0.0861,0.0814,0.0843,19065064,1599913.6682,24340,801978.5111
1762128000000,0.0844,0.0846,0.0712,0.0750,53764860,4126504.9643,44931,1954056.8316
1762214400000,0.0751,0.0769,0.0674,0.0716,68592505,4943430.1604,53481,2353559.9370
1762300800000,0.0716,0.0777,0.0677,0.0751,33691728,2439442.5681,29390,1252805.6709
1762387200000,0.0752,0.0756,0.0707,0.0738,33629794,2469212.6965,35104,1231066.6910
1762473600000,0.0738,0.0872,0.0737,0.0849,59862854,4806484.3658,50687,2384994.9168
1762560000000,0.0849,0.0864,0.0803,0.0837,24924858,2071851.5352,28317,975568.4081
1762646400000,0.0837,0.0839,0.0793,0.0826,21814548,1783553.3528,27124,862990.7721
1762732800000,0.0827,0.0847,0.0812,0.0832,24968047,2075138.0530,27216,998641.1133
1762819200000,0.0833,0.0846,0.0790,0.0792,31108383,2555331.4211,35214,1329090.2435
1762905600000,0.0793,0.0869,0.0774,0.0795,77683823,6368166.5558,56312,3087981.3497
1762992000000,0.0795,0.0821,0.0731,0.0759,73725906,5752284.2355,55336,2853420.0763
1763078400000,0.0758,0.0763,0.0720,0.0737,38124646,2844891.7875,34884,1399254.1544
1763164800000,0.0737,0.0770,0.0736,0.0760,13894018,1053556.6908,17721,535569.3667
1763251200000,0.0760,0.0769,0.0719,0.0738,22303902,1658932.2545,25118,808083.5483
1763337600000,0.0738,0.0766,0.0710,0.0728,27807081,2056338.0694,23905,995489.4476
1763424000000,0.0728,0.0750,0.0714,0.0740,31353111,2290356.9622,22789,1126513.6113
1763510400000,0.0740,0.0744,0.0685,0.0716,26859073,1920815.9106,25655,942781.7999
1763596800000,0.0715,0.0761,0.0679,0.0698,38295711,2759657.0994,30451,1424559.6404
1763683200000,0.0698,0.0716,0.0602,0.0636,80502449,5180889.5596,58215,2697013.7465
1763769600000,0.0636,0.0662,0.0616,0.0648,34076999,2166473.6035,23269,1080202.3312
1763856000000,0.0648,0.0666,0.0639,0.0662,51764566,3398701.1507,36557,1658860.5935
1763942400000,0.0663,0.0698,0.0655,0.0689,75839104,5173370.5707,31990,2568568.5115
1764028800000,0.0690,0.0698,0.0671,0.0693,28270611,1942629.1145,20832,983863.1325
1764115200000,0.0692,0.0701,0.0673,0.0696,20897591,1438964.9483,17500,725117.6883
1764201600000,0.0697,0.0714,0.0690,0.0703,21573832,1509570.1970,18559,762788.8046
1764288000000,0.0704,0.0708,0.0679,0.0687,81466697,5619542.4553,25871,2726467.7138
1764374400000,0.0687,0.0705,0.0681,0.0682,23476032,1624943.2288,15153,850402.7083
1764460800000,0.0681,0.0695,0.0676,0.0680,12612638,864947.6066,12925,458606.3595
1764547200000,0.0681,0.0681,0.0621,0.0643,34681953,2219476.3463,25326,1082794.9291
1764633600000,0.0642,0.0692,0.0635,0.0681,23748996,1577737.4951,18054,776875.8977
1764720000000,0.0682,0.0693,0.0661,0.0685,25409490,1727310.1335,16213,822346.4697
1764806400000,0.0685,0.0690,0.0656,0.0670,23120464,1562326.2651,14307,772953.4220
1764892800000,0.0669,0.0676,0.0633,0.0653,30272066,1988409.0226,16629,996290.9060
1764979200000,0.0653,0.0677,0.0648,0.0668,16247007,1073226.1025,14052,562946.3611
1765065600000,0.0668,0.0671,0.0629,0.0650,25063783,1633050.3370,15799,818358.2819
1765152000000,0.0650,0.0673,0.0648,0.0659,19209997,1270892.1889,14274,644726.7924
1765238400000,0.0658,0.0710,0.0645,0.0696,26445612,1790581.5136,17747,880030.4347
1765324800000,0.0696,0.0702,0.0670,0.0671,24119686,1650163.9980,16802,801592.9943
1765411200000,0.0671,0.0674,0.0644,0.0656,18195373,1189591.9228,15130,575372.9842
1765497600000,0.0656,0.0666,0.0625,0.0645,15542189,1002836.7711,15203,519737.1011
1765584000000,0.0646,0.0657,0.0643,0.0649,9823643,638187.6599,11888,315576.6198
1765670400000,0.0648,0.0649,0.0609,0.0616,13146009,824315.6645,13375,443605.1926
1765756800000,0.0616,0.0627,0.0555,0.0572,28488655,1677898.3656,22466,849464.4206
1765843200000,0.0573,0.0574,0.0550,0.0557,31601443,1776616.0887,21251,860275.1738
1765929600000,0.0558,0.0561,0.0518,0.0527,41395041,2233128.2461,24390,1120987.0668
1766016000000,0.0527,0.0541,0.0491,0.0503,39557631,2051568.6199,23483,1049460.5399
1766102400000,0.0504,0.0546,0.0496,0.0538,26514987,1388067.9297,18442,733822.3568
1766188800000,0.0539,0.0556,0.0537,0.0547,12133687,663869.0665,12501,322644.1131
1766275200000,0.0547,0.0554,0.0525,0.0536,18008331,970115.1260,14682,473518.3622
1766361600000,0.0536,0.0558,0.0529,0.0539,37379334,2031219.9052,23860,1013451.5439
1766448000000,0.0540,0.0544,0.0522,0.0538,14934100,796430.1133,14407,412688.7238
1766534400000,0.0538,0.0540,0.0521,0.0532,15859550,839492.5412,15447,418650.3795
1766620800000,0.0532,0.0545,0.0521,0.0526,16535817,883301.8059,16212,449606.3780
1766707200000,0.0524,0.0541,0.0522,0.0526,16323070,866630.1577,15386,420174.7394
1766793600000,0.0525,0.0563,0.0518,0.0555,44526835,2406128.5010,27050,1224015.1710
1766880000000,0.0556,0.0579,0.0546,0.0553,55321369,3098844.9373,27833,1588124.5148
1766966400000,0.0553,0.0580,0.0538,0.0542,57238526,3190921.2120,30042,1570368.2671
1767052800000,0.0542,0.0612,0.0530,0.0564,257099370,14558928.3357,111485,7277051.4124
1767139200000,0.0564,0.0576,0.0523,0.0532,75591313,4123461.3947,41712,1852121.0858
1767225600000,0.0532,0.0558,0.0523,0.0554,23275552,1253148.1089,17506,600735.5389
1767312000000,0.0553,0.0582,0.0545,0.0578,36725723,2053356.3043,25442,1009131.9755
1767398400000,0.0579,0.0583,0.0561,0.0577,21292323,1217331.2565,17802,602293.8887
1767484800000,0.0577,0.0598,0.0572,0.0578,40032574,2332662.9281,22355,1259166.6686
1767571200000,0.0578,0.0593,0.0560,0.0587,38497949,2213482.8500,21470,1100719.0898
1767657600000,0.0588,0.0607,0.0565,0.0600,59793979,3530470.6058,28321,1822439.8294
1767744000000,0.0600,0.0616,0.0580,0.0590,53941838,3229788.1496,28007,1628013.7599
1767830400000,0.0591,0.0621,0.0565,0.0596,76763525,4574432.7571,38952,2266040.7760
1767916800000,0.0596,0.0618,0.0582,0.0595,43090350,2583218.0678,31879,1255231.6095
1768003200000,0.0595,0.0609,0.0584,0.0586,28427126,1692128.6219,21341,841768.0324
1768089600000,0.0587,0.0593,0.0565,0.0575,17552858,1023691.5521,20872,437570.9083
1768176000000,0.0576,0.0585,0.0557,0.0566,26815293,1530555.5835,22691,717165.2179
1768262400000,0.0567,0.0612,0.0566,0.0604,37084330,2166477.2202,24203,1077622.9614
1768348800000,0.0604,0.0626,0.0601,0.0607,38255736,2349751.6137,26497,1165867.5362
1768435200000,0.0606,0.0610,0.0573,0.0584,21656281,1282715.9508,20235,647848.0367
1768521600000,0.0584,0.0599,0.0566,0.0597,17403602,1014097.6514,18494,534477.9835
1768608000000,0.0598,0.0612,0.0592,0.0602,19639870,1179237.5965,17736,553926.1864
1768694400000,0.0601,0.0606,0.0565,0.0569,24551214,1453579.9403,19421,656305.8845
1768780800000,0.0569,0.0576,0.0516,0.0563,53554762,2978953.8817,55621,1415844.3015
1768867200000,0.0564,0.0567,0.0537,0.0540,27361912,1512723.9475,19256,759873.1039
1768953600000,0.0541,0.0561,0.0531,0.0551,31802151,1746879.9589,21055,856399.6647
1769040000000,0.0551,0.0559,0.0530,0.0545,18237023,992361.7078,15405,491911.5129
1769126400000,0.0544,0.0557,0.0536,0.0547,16906335,922521.8837,14340,452698.8025
1769212800000,0.0547,0.0561,0.0540,0.0556,31574694,1742791.7251,21150,865928.8532
1769299200000,0.0556,0.0560,0.0513,0.0527,33102606,1783464.3221,19077,841428.4337
1769385600000,0.0527,0.0549,0.0526,0.0543,23515330,1271585.4057,16076,611585.1811
1769472000000,0.0543,0.0553,0.0526,0.0541,18988242,1024948.0535,15851,512414.5714
1769558400000,0.0542,0.0545,0.0532,0.0536,17955857,964666.3965,14677,479851.0612
1769644800000,0.0537,0.0538,0.0485,0.0496,33419919,1688937.1402,21087,833666.9840
1769731200000,0.0497,0.0498,0.0474,0.0486,44506519,2157592.4050,23451,1076958.2392
1769817600000,0.0486,0.0491,0.0404,0.0447,86947785,3924002.7700,38462,1939001.0884
1769904000000,0.0447,0.0468,0.0433,0.0442,75140827,3387806.6289,34878,1672708.3927
1769990400000,0.0442,0.0461,0.0425,0.0459,63066528,2795218.6687,28381,1391624.4327
1770076800000,0.0459,0.0470,0.0434,0.0455,55456528,2516970.9541,24845,1286642.9985
1770163200000,0.0455,0.0466,0.0434,0.0447,42867627,1926152.6570,23421,974434.6129
1770249600000,0.0447,0.0451,0.0369,0.0374,133693321,5404711.7474,43530,2631151.5680
1770336000000,0.0374,0.0419,0.0341,0.0415,105010021,4006055.1074,37750,1989764.5332
1770422400000,0.0415,0.0418,0.0395,0.0411,43190850,1758527.5569,20992,885834.8677
1770508800000,0.0411,0.0412,0.0394,0.0398,35443306,1432249.2583,16560,708554.1461
1770595200000,0.0398,0.0473,0.0397,0.0407,620530217,26816942.1123,165613,13635949.8604
1770681600000,0.0407,0.0408,0.0384,0.0390,186839005,7328062.8300,51590,3420175.8749
1770768000000,0.0391,0.0396,0.0370,0.0393,117192371,4480256.8927,32710,2242815.9134
1770854400000,0.0393,0.0405,0.0388,0.0396,71583072,2825215.2638,23855,1366249.4300
1770940800000,0.0396,0.0408,0.0385,0.0406,48453679,1920310.5198,18047,946928.1037
1771027200000,0.0406,0.0427,0.0405,0.0423,43482586,1805331.8023,19070,908972.1437
1771113600000,0.0422,0.0424,0.0395,0.0402,53952874,2206521.0443,21093,1101644.1898
1771200000000,0.0402,0.0407,0.0393,0.0402,47174255,1888386.5604,19296,948135.0161
1771286400000,0.0402,0.0409,0.0394,0.0404,45158812,1807634.0129,19677,907647.3346
1771372800000,0.0404,0.0412,0.0389,0.0391,41123107,1650096.9489,18343,799048.6611
1771459200000,0.0392,0.0392,0.0373,0.0383,31426742,1201508.4830,17641,595828.6912
1771545600000,0.0383,0.0390,0.0373,0.0389,30489865,1170308.0997,17442,609761.2983
1771632000000,0.0389,0.0403,0.0388,0.0390,31116318,1230807.2075,17754,625294.2939
1771718400000,0.0390,0.0391,0.0362,0.0369,34076671,1275343.4327,16061,623534.2771
1771804800000,0.0368,0.0370,0.0348,0.0353,49264467,1758182.8860,21622,827245.4121
1771891200000,0.0353,0.0362,0.0347,0.0356,43178995,1532149.2100,17852,754758.2990
1771977600000,0.0355,0.0392,0.0355,0.0380,43239848,1617699.7863,18528,839726.0578
1772064000000,0.0380,0.0384,0.0362,0.0370,35799690,1339928.1368,14730,639129.7740
1772150400000,0.0370,0.0380,0.0357,0.0364,31925243,1183138.2710,13735,581749.2462
1772236800000,0.0365,0.0374,0.0340,0.0373,42418276,1501404.7373,16773,729219.0998
1772323200000,0.0374,0.0382,0.0354,0.0362,34634909,1278499.0414,14666,598391.2977
1772409600000,0.0362,0.0392,0.0349,0.0363,191356564,7043577.3061,54729,3458889.2211
1772496000000,0.0363,0.0364,0.0345,0.0357,55119239,1954051.5619,17860,939931.9610
1772582400000,0.0356,0.0378,0.0349,0.0372,55503610,2011463.1654,17958,996029.6645
1772668800000,0.0373,0.0375,0.0362,0.0369,37734247,1393959.3413,14030,706058.8260
1772755200000,0.0369,0.0381,0.0354,0.0358,36139291,1323610.8393,23336,632541.3575
1772841600000,0.0359,0.0360,0.0342,0.0346,25514517,898952.0526,9733,414318.9385
1772928000000,0.0346,0.0348,0.0333,0.0336,25749338,878503.8131,10345,446841.1334
1773014400000,0.0336,0.0353,0.0335,0.0346,39305699,1353624.6673,11729,687226.6679
1773100800000,0.0345,0.0358,0.0345,0.0348,35271302,1237548.6243,13144,603277.3692
1773187200000,0.0349,0.0441,0.0349,0.0388,1436398014,58228194.6472,237211,29276048.6125
1773273600000,0.0387,0.0387,0.0366,0.0371,269442204,10025290.8814,45878,4713763.6769
1773360000000,0.0371,0.0377,0.0367,0.0369,111806360,4157249.3521,26305,1953369.0178
1773446400000,0.0368,0.0369,0.0353,0.0354,47576070,1716457.8705,17144,695802.5604
1773532800000,0.0354,0.0369,0.0352,0.0368,46400110,1670561.0220,16213,796066.6213
1773619200000,0.0368,0.0380,0.0367,0.0378,80537750,2997946.1063,20493,1474430.8295
1773705600000,0.0379,0.0399,0.0369,0.0388,141756233,5438170.1308,34398,2654117.6358
1773792000000,0.0388,0.0389,0.0367,0.0376,89315953,3377670.9611,22869,1658039.5872
1773878400000,0.0376,0.0376,0.0360,0.0365,45329613,1659166.3234,14694,853228.8625
1773964800000,0.0364,0.0377,0.0358,0.0368,38544685,1410417.9689,13463,723733.2685
1774051200000,0.0367,0.0375,0.0351,0.0354,31265189,1134177.7501,9651,532193.5912
1774137600000,0.0354,0.0359,0.0340,0.0343,46778561,1639509.9123,15484,785070.8367
1774224000000,0.0343,0.0371,0.0341,0.0364,42834625,1523551.5062,15669,778816.3832
1774310400000,0.0365,0.0384,0.0360,0.0373,212343875,7926550.2569,41917,4040216.7236
1774396800000,0.0374,0.0379,0.0361,0.0369,58164281,2152068.2591,15319,1084622.9842
1774483200000,0.0369,0.0382,0.0348,0.0353,98038648,3577368.3876,22364,1848068.8550
1774569600000,0.0353,0.0363,0.0339,0.0341,43645359,1522976.9668,15474,712958.5304
1774656000000,0.0341,0.0343,0.0331,0.0334,33520603,1129366.6545,15883,525369.9460
1774742400000,0.0333,0.0336,0.0322,0.0327,31690645,1042632.4862,13924,512282.8599
1774828800000,0.0327,0.0341,0.0325,0.0332,28137989,942587.1983,12307,473807.6581
1774915200000,0.0332,0.0341,0.0326,0.0340,34567484,1152157.7354,14511,561570.3894
1775001600000,0.0340,0.0359,0.0336,0.0354,45912226,1606107.7986,22934,823397.1609
1775088000000,0.0354,0.0358,0.0337,0.0352,41061339,1426602.9068,14815,720801.7912
1775174400000,0.0352,0.0390,0.0348,0.0377,212501634,7992890.7195,51666,4104633.6071
1775260800000,0.0378,0.0383,0.0362,0.0365,67921907,2521785.0176,19333,1190439.7711
1775347200000,0.0366,0.0367,0.0350,0.0361,41519386,1483757.9425,13348,699841.7176
1775433600000,0.0361,0.0367,0.0353,0.0356,45989420,1654327.2412,12627,804131.7728
1775520000000,0.0356,0.0378,0.0347,0.0377,61485306,2198885.6422,14401,1106409.2449
1775606400000,0.0377,0.0379,0.0363,0.0364,35074643,1300316.4532,10995,616342.0729
1775692800000,0.0365,0.0372,0.0360,0.0367,35066219,1284964.2434,12156,630728.4846
1775779200000,0.0366,0.0372,0.0360,0.0369,32324416,1182499.3997,10542,606777.3937
1775865600000,0.0369,0.0369,0.0356,0.0364,20546871,746392.2547,8964,354251.9798
1775952000000,0.0364,0.0370,0.0347,0.0349,31870688,1127898.3642,11502,531741.1303
1776038400000,0.0349,0.0369,0.0341,0.0367,27836573,978890.4482,10998,456292.7136
1776124800000,0.0368,0.0375,0.0358,0.0361,30561041,1113616.9344,11431,555296.1561
1776211200000,0.0361,0.0384,0.0360,0.0381,34209123,1268075.5871,12323,629910.2939
1776297600000,0.0382,0.0397,0.0378,0.0394,31315662,1215916.6860,14811,620627.2294
1776384000000,0.0395,0.0407,0.0381,0.0402,29357478,1161358.1231,15051,598647.8630
1776470400000,0.0402,0.0413,0.0385,0.0390,30036452,1195075.4115,15292,598722.7481
1776556800000,0.0390,0.0390,0.0371,0.0373,21826393,832284.9720,12340,405933.6944
1776643200000,0.0373,0.0391,0.0372,0.0386,20702744,788338.6882,10808,400205.8031
1776729600000,0.0386,0.0389,0.0372,0.0382,23029827,876216.3502,12391,435132.8266
1776816000000,0.0381,0.0390,0.0377,0.0377,19189600,739245.4215,10623,362970.8161
1776902400000,0.0377,0.0379,0.0363,0.0379,33764888,1253315.2672,14393,611221.3705
1776988800000,0.0379,0.0386,0.0370,0.0381,28557113,1076285.3816,11571,568847.4268
1777075200000,0.0381,0.0396,0.0378,0.0382,30516611,1178590.9221,13592,593531.3165
1777161600000,0.0382,0.0402,0.0379,0.0388,58831902,2295920.9480,18941,1077944.0796
1777248000000,0.0387,0.0390,0.0367,0.0377,31768597,1198561.9775,14450,572917.0325
1777334400000,0.0377,0.0377,0.0369,0.0374,16411392,612062.6046,9547,309363.9926
1777420800000,0.0374000,0.0378000,0.0355300,0.0362900,27445627,1009601.3275000,16594,479824.2347100
1777507200000,0.0362900,0.0366400,0.0356500,0.0357900,12902925,465226.6649700,13765,238978.6920400
1777593600000,0.0357800,0.0368800,0.0357800,0.0361600,18317815,665398.0175200,15942,352652.9662200
1777680000000,0.0361900,0.0368500,0.0358100,0.0366600,14240574,516510.1022584,12898,251645.1096284
1777766400000,0.0366600,0.0368000,0.0360900,0.0362700,13602985,494999.5389700,13387,264755.8443800
1777852800000,0.0362700,0.0373300,0.0359400,0.0362300,20860830,763185.0635300,20436,407887.0192200
1777939200000,0.0362300,0.0380800,0.0362200,0.0376600,38067510,1426134.8913800,40248,706116.1020900
1778025600000,0.0376600,0.0391900,0.0376000,0.0386400,25783974,992435.9981800,34338,509808.9466400
1778112000000,0.0386400,0.0390700,0.0378300,0.0389200,28735207,1106343.6566100,28103,539454.5148700
1778198400000,0.0389300,0.0405700,0.0384300,0.0404700,29268728,1150086.0930700,35894,581267.1947800
1778284800000,0.0404600,0.0408700,0.0395200,0.0396300,21133501,849520.1727400,27086,384906.8239000
1778371200000,0.0396200,0.0417100,0.0390600,0.0410200,36204499,1465999.7835400,34132,683035.4787500
1778457600000,0.0410400,0.0417000,0.0399200,0.0414300,38929875,1598179.7558400,46408,779898.0760300
1778544000000,0.0414200,0.0414200,0.0390800,0.0398700,33006866,1324431.1473500,35946,615747.0915800
1778630400000,0.0398700,0.0408300,0.0380500,0.0388200,33660197,1323261.7082500,31038,640329.2594800
1778716800000,0.0388100,0.0397200,0.0380400,0.0389200,25342784,983893.7166300,21498,459849.1395600
1778803200000,0.0389400,0.0392500,0.0365000,0.0371800,31397338,1185049.8874200,23103,575787.1961600
1778889600000,0.0371800,0.0402800,0.0353600,0.0361500,100204362,3722562.7877400,64631,1889981.4407600
1778976000000,0.0361600,0.0366200,0.0341700,0.0356100,28576657,1024725.6789500,22588,508838.3501200
1779062400000,0.0356100,0.0359800,0.0348400,0.0358500,31982181,1133047.2106200,41084,553698.1655600
1779148800000,0.0358500,0.0360800,0.0349000,0.0350800,19692009,699039.0257000,16383,339661.0355800
1779235200000,0.0350900,0.0362100,0.0348000,0.0358500,18989905,674416.2365800,17972,340895.5848000
1779321600000,0.0358400,0.0375700,0.0358300,0.0373000,24806717,911660.8871800,22938,475546.8668900
1779408000000,0.0373200,0.0376300,0.0358100,0.0360800,23730695,876035.8854800,22820,388684.4725100
1779494400000,0.0360800,0.0384800,0.0356500,0.0379700,52613838,1950655.6923900,37219,919497.6823000
1779580800000,0.0379800,0.0381600,0.0360200,0.0366900,21330239,794867.3377600,25974,381369.8524700
1779667200000,0.0366900,0.0378800,0.0365500,0.0370600,21394004,795135.6558700,19526,399343.7090200
1779753600000,0.0370700,0.0372600,0.0358600,0.0362700,23485210,858980.2308700,20187,424021.8134900
1779840000000,0.0362800,0.0370600,0.0356100,0.0360200,30173360,1095458.0301100,25839,514719.6367500
1779926400000,0.0360200,0.0381300,0.0344500,0.0364600,69837179,2498281.7409500,54586,1243129.6101200
1780012800000,0.0364700,0.0381100,0.0356400,0.0380900,36766083,1351063.4429000,32573,667769.4384800
1780099200000,0.0381000,0.0388600,0.0377200,0.0380200,37004439,1415901.9813100,35467,673571.6514900
1780185600000,0.0380100,0.0387400,0.0371400,0.0381300,21574479,816225.9213600,22726,412218.4476100
1780272000000,0.0381200,0.0388600,0.0372700,0.0382400,38000957,1440104.6370200,42891,672443.9362400
1780358400000,0.0382500,0.0382700,0.0345100,0.0352000,41267461,1506498.8242900,40546,728503.2781700
1780444800000,0.0352100,0.0367500,0.0346500,0.0356800,35336307,1272551.1885700,35183,649837.2860700
1780531200000,0.0356600,0.0359300,0.0323000,0.0330400,68190165,2290605.2725400,47850,1132145.0623000
1780617600000,0.0330400,0.0332500,0.0285100,0.0295300,94023017,2879473.7128700,55843,1415999.9493400
1780704000000,0.0295300,0.0299900,0.0272800,0.0292300,83943392,2422066.2116000,45095,1137109.5133100
1780790400000,0.0292400,0.0305600,0.0285800,0.0297100,51813288,1533728.7004000,32285,784688.7937500
1780876800000,0.0297100,0.0308700,0.0290600,0.0300900,34101670,1020993.9753800,26079,517775.3108600
1780963200000,0.0301000,0.0301700,0.0283700,0.0289900,31701284,930462.0004400,29082,437539.8481300
1781049600000,0.0290100,0.0292600,0.0275200,0.0280000,32087652,914945.3694200,31776,447859.6637600
1781136000000,0.0280000,0.0297600,0.0280000,0.0291800,23141788,669625.5609500,23179,338161.2591700
1781222400000,0.0291900,0.0293700,0.0284800,0.0292600,26552964,768774.4669300,24144,403845.5553100
1781308800000,0.0292800,0.0329500,0.0285400,0.0292600,271243758,8261559.5090300,131078,4062609.4388300
1781395200000,0.0292500,0.0293200,0.0278700,0.0291700,70703236,2029194.4209200,43580,911901.0094200
1781481600000,0.0291600,0.0297600,0.0285700,0.0291300,43222571,1257540.0409400,37260,569619.9427100
1781568000000,0.0291300,0.0297400,0.0285800,0.0294400,38092822,1110790.6378100,37905,547489.1285200
1781654400000,0.0294400,0.0299600,0.0287400,0.0292600,37443203,1097282.6277000,31528,528586.9597000
1781740800000,0.0292700,0.0294600,0.0266900,0.0275700,38487650,1074937.8810200,29976,504115.6460700
1781827200000,0.0275700,0.0286400,0.0272300,0.0279100,42650055,1193000.8363900,32143,586443.5593400
1781913600000,0.0279100,0.0285100,0.0275800,0.0283500,23917406,670689.8894400,21832,334304.4193500
1782000000000,0.0283600,0.0285000,0.0272300,0.0273200,22861869,638071.2689700,18692,335069.2122300
1782086400000,0.0273100,0.0282500,0.0269900,0.0271500,26775471,742436.4600500,20478,373284.3011200
1782172800000,0.0271600,0.0273200,0.0257700,0.0263500,30978262,822301.1568200,24178,430809.9508700
1782259200000,0.0263500,0.0264200,0.0242800,0.0252000,34681430,879305.3861500,23781,453738.7248300
1782345600000,0.0252000,0.0254400,0.0235700,0.0245400,30943220,762099.9865800,21995,379834.4874100
1782432000000,0.0245400,0.0254400,0.0237500,0.0250000,35634099,878914.2410800,25303,448290.5440100
1782518400000,0.0250100,0.0255800,0.0245900,0.0247000,28362963,714775.4186000,23361,361418.0551100
1782604800000,0.0247000,0.0251700,0.0242400,0.0245800,19718000,489320.8338400,15529,258784.6851500
1782691200000,0.0245900,0.0252000,0.0243800,0.0246000,21088208,521293.0578800,16896,272017.6220600
1782777600000,0.0245900,0.0260600,0.0237600,0.0238500,113109139,2810339.7064700,50416,1335527.5911600
1782864000000,0.0238400,0.0248600,0.0231800,0.0243400,44951464,1080593.6586400,23300,527329.5920600
1782950400000,0.0243400,0.0253000,0.0241500,0.0251100,25846642,640847.7445900,17794,306434.8924100
1783036800000,0.0251000,0.0259800,0.0248800,0.0257800,28774218,728948.0579300,15814,341465.1100000
1783123200000,0.0258000,0.0259300,0.0252900,0.0255300,15880686,406570.2868800,13180,186301.2266200
1783209600000,0.0255300,0.0256400,0.0249200,0.0253400,17604560,445856.8125700,12106,235580.7949800
1783296000000,0.0253400,0.0256500,0.0243000,0.0252600,20211027,505108.0319000,14114,255043.6617700
1783382400000,0.0252700,0.0253300,0.0242000,0.0243900,16606711,411136.9457100,14419,204875.4365000
1783468800000,0.0244000,0.0245500,0.0237400,0.0242500,26325745,632611.4187000,15772,306974.8201100
1783555200000,0.0242500,0.0249000,0.0240200,0.0245400,17571484,429190.3561300,11477,200792.7571000
1783641600000,0.0245200,0.0252700,0.0244800,0.0250100,17995815,449308.2851100,12218,236481.8521000
1783728000000,0.0250000,0.0253400,0.0246900,0.0247200,13012952,326208.5809800,9932,170380.9462900
1783814400000,0.0247000,0.0248700,0.0241200,0.0241600,15922037,390154.3012000,12356,191051.5238800
1783900800000,0.0241600,0.0245400,0.0233600,0.0237200,28485390,677696.3134700,19912,327427.1813200
1783987200000,0.0237200,0.0243700,0.0234700,0.0241000,20161996,482226.2904400,15230,223007.9876000
1784073600000,0.0241000,0.0246100,0.0237600,0.0241200,22686143,549044.1981000,17610,276271.7916300
1784160000000,0.0241100,0.0241800,0.0233100,0.0234200,21384375,507831.1563800,13588,262191.0702800
1784246400000,0.0234200,0.0236100,0.0229600,0.0232300,20562763,479815.6976500,13644,241362.2196400
1784332800000,0.0232300,0.0237000,0.0230700,0.0231700,30237086,705735.7932800,16574,355263.5996800
1784419200000,0.0231800,0.0232600,0.0227200,0.0229100,20705784,477586.8709400,10869,235584.1338100
1784505600000,0.0229100,0.0232100,0.0223800,0.0230600,22042098,502711.7771800,13676,234813.0069100
1784592000000,0.0230500,0.0239800,0.0230200,0.0237200,31270305,738262.5442800,16499,369436.4473700
1784678400000,0.0237200,0.0237900,0.0231100,0.0234800,20417186,478811.4128900,12762,230124.6844700
1784764800000,0.0234800,0.0235400,0.0228000,0.0228800,21857038,507302.9179100,13529,260257.6169900
1784851200000,0.0228900,0.0234600,0.0225000,0.0226400,27317992,625092.0749700,15091,317007.3489100
1784937600000,0.0226500,0.0230200,0.0224700,0.0229000,20340457,462723.7100800,11117,228679.2103000
1785024000000,0.0229100,0.0232900,0.0228500,0.0232000,19323876,445935.0937000,10685,228931.9136000
1785110400000,0.0232000,0.0232300,0.0214800,0.0216400,42793144,959929.2048600,21156,444039.5336400
1785196800000,0.0216500,0.0218400,0.0212000,0.0214600,36766967,791576.6851600,16847,393026.9826700
1785283200000,0.0214700,0.0216700,0.0204400,0.0207900,36671436,770035.3130100,18429,391066.0783500
1785369600000,0.0208000,0.0225100,0.0206900,0.0212500,74185813,1618812.1298100,33890,811725.9403300
1785456000000,0.0212600,0.0216200,0.0210300,0.0214800,35467807,757473.5213900,20699,396943.1581000
1785542400000,0.0214800,0.0245300,0.0214700,0.0216600,160861643,3639576.0234200,77115,1759707.5032000
1785628800000,0.0216700,0.0218600,0.0211700,0.0214400,40085998,860939.5389400,20691,411686.4796600
1785715200000,0.0214300,0.0220600,0.0210300,0.0215900,35182096,756171.4742200,19109,383904.6295800
1785801600000,0.0215800,0.0219500,0.0213500,0.0214400,25390630,547713.2150900,13092,255225.8936400
1785888000000,0.0214400,0.0219800,0.0213700,0.0216800,23838549,517335.3175100,13238,261315.9274000
1785974400000,0.0216900,0.0227000,0.0215900,0.0225100,26963823,598970.5110700,16031,266184.3337200
1786060800000,0.0225100,0.0233500,0.0223800,0.0227400,29656970,678748.6552600,18278,324603.7242200
1786147200000,0.0227400,0.0231500,0.0226400,0.0230700,16627673,380558.9028900,15319,205002.8183300
1786233600000,0.0230700,0.0235600,0.0229100,0.0231400,22198113,514306.8026900,14912,248692.3648800
1786320000000,0.0231300,0.0234000,0.0225500,0.0226100,24712998,567031.5756600,17756,297180.2980800
1786406400000,0.0226200,0.0226800,0.0194500,0.0213400,232802723,4815412.3029400,115335,2272125.0033600
1786492800000,0.0213400,0.0223400,0.0192600,0.0195600,120100077,2512255.7902500,107816,1140533.5528200
1786579200000,0.0195600,0.0197000,0.0187300,0.0189100,93762564,1794612.2258300,46574,799567.8627800
1786665600000,0.0189100,0.0189600,0.0180200,0.0184200,61817853,1143342.7634300,30115,518963.5420300
1786752000000,0.0184300,0.0194500,0.0183000,0.0186500,59504405,1120032.8591300,29869,545539.7470900
1786838400000,0.0186500,0.0188400,0.0181500,0.0183700,31914980,592054.8860600,18003,305562.7956200
1786924800000,0.0183600,0.0185400,0.0178300,0.0178900,46229096,841332.1895400,23244,378260.2496600
1787011200000,0.0178900,0.0179700,0.0174300,0.0178100,38538039,683663.3781200,18902,336595.1484500
1787097600000,0.0178200,0.0189000,0.0174300,0.0185300,57490428,1042227.8109300,28957,487040.5762300
1787184000000,0.0185300,0.0187500,0.0152500,0.0164100,538873118,8700322.8966600,170971,4487444.9598600
1787270400000,0.0164000,0.0178200,0.0157800,0.0176900,167141886,2822287.6661500,56882,1194255.3726800
1787356800000,0.0176900,0.0187100,0.0140000,0.0178400,183998319,3233210.4344300,73271,1586875.7523700
1787443200000,0.0178300,0.0182100,0.0165200,0.0175000,78446389,1359372.3082200,29223,663662.6113400
1787529600000,0.0174900,0.0176300,0.0163200,0.0170200,171949196,2898570.4659400,55809,1367427.7162300
1787616000000,0.0170200,0.0173700,0.0159000,0.0160000,89017659,1476819.0927400,36740,694252.8443400
1787702400000,0.0160000,0.0162300,0.0150300,0.0152200,63546135,991163.7611000,17237,449561.6072000
1787788800000,0.0152200,0.0152200,0.0152200,0.0152200,0,0,0,0
1787875200000,0.0152200,0.0152200,0.0152200,0.0152200,0,0,0,0
1787961600000,0.0152200,0.0152200,0.0152200,0.0152200,0,0,0,0
1788048000000,0.0152200,0.0152200,0.0152200,0.0152200,0,0,0,0
1788134400000,0.0152200,0.0152200,0.0152200,0.0152200,0,0,0,0
1788220800000,0.0152200,0.0152200,0.0152200,0.0152200,0,0,0,0
1788307200000,0.0152200,0.0152200,0.0152200,0.0152200,0,0,0,0
1788393600000,0.0152200,0.0152200,0.0152200,0.0152200,0,0,0,0
1788480000000,0.0152200,0.0152200,0.0152200,0.0152200,0,0,0,0
1788566400000,0.0152200,0.0152200,0.0152200,0.0152200,0,0,0,0
1788652800000,0.0152200,0.0152200,0.0152200,0.0152200,0,0,0,0
1788739200000,0.0152200,0.0152200,0.0152200,0.0152200,0,0,0,0
1788825600000,0.0152200,0.0152200,0.0152200,0.0152200,0,0,0,0
1788912000000,0.0152200,0.0152200,0.0152200,0.0152200,0,0,0,0
1788998400000,0.0152200,0.0152200,0.0152200,0.0152200,0,0,0,0
1789084800000,0.0152200,0.0152200,0.0152200,0.0152200,0,0,0,0
1789171200000,0.0152200,0.0152200,0.0152200,0.0152200,0,0,0,0
1789257600000,0.0152200,0.0152200,0.0152200,0.0152200,0,0,0,0
1789344000000,0.0152200,0.0152200,0.0152200,0.0152200,0,0,0,0
1789430400000,0.0152200,0.0152200,0.0152200,0.0152200,0,0,0,0
1789516800000,0.0152200,0.0152200,0.0152200,0.0152200,0,0,0,0
1789603200000,0.0152200,0.0152200,0.0152200,0.0152200,0,0,0,0
1789689600000,0.0152200,0.0152200,0.0152200,0.0152200,0,0,0,0
1789776000000,0.0152200,0.0152200,0.0152200,0.0152200,0,0,0,0
1789862400000,0.0152200,0.0152200,0.0152200,0.0152200,0,0,0,0
1789948800000,0.0152200,0.0152200,0.0152200,0.0152200,0,0,0,0
1790035200000,0.0152200,0.0152200,0.0152200,0.0152200,0,0,0,0
1790121600000,0.0152200,0.0152200,0.0152200,0.0152200,0,0,0,0
1790208000000,0.0152200,0.0152200,0.0152200,0.0152200,0,0,0,0
1790294400000,0.0152200,0.0152200,0.0152200,0.0152200,0,0,0,0
1790380800000,0.0152200,0.0152200,0.0152200,0.0152200,0,0,0,0
1790467200000,0.0152200,0.0152200,0.0152200,0.0152200,0,0,0,0
1790553600000,0.0152200,0.0152200,0.0152200,0.0152200,0,0,0,0
1790640000000,0.0152200,0.0152200,0.0152200,0.0152200,0,0,0,0
1790726400000,0.0152200,0.0152200,0.0152200,0.0152200,0,0,0,0
1790812800000,0.0152200,0.0152200,0.0152200,0.0152200,0,0,0,0
1790899200000,0.0152200,0.0152200,0.0152200,0.0152200,0,0,0,0
1790985600000,0.0152200,0.0152200,0.0152200,0.0152200,0,0,0,0
