open_time,open,high,low,close,volume,quote_volume,trades,taker_buy_quote
1581465600000,0.3380,0.3725,0.3218,0.3306,25630878.8,8845420.65183,29110,4067713.77311
1581552000000,0.3315,0.3489,0.3033,0.3227,29301543.1,9586387.38981,36783,4004850.39643
1581638400000,0.3226,0.3289,0.3109,0.3242,21486527.0,6896943.81757,29964,3428168.83017
1581724800000,0.3245,0.3269,0.2781,0.2875,18981443.4,5741663.74931,26724,2444569.57363
1581811200000,0.2876,0.2976,0.1798,0.2775,14929658.1,4114004.12362,29179,1762764.27140
1581897600000,0.2775,0.2863,0.2528,0.2831,10481882.6,2819143.88299,21238,1454821.32105
1581984000000,0.2833,0.2933,0.2653,0.2906,11115592.7,3126621.58287,22593,1535978.05137
1582070400000,0.2906,0.2946,0.2485,0.2666,8257363.5,2338952.42655,19330,1131954.17723
1582156800000,0.2665,0.2717,0.2526,0.2654,6719465.8,1767945.52495,20955,893580.73376
1582243200000,0.2650,0.2750,0.2629,0.2681,6929361.0,1866995.56241,18800,904381.84687
1582329600000,0.2681,0.2737,0.2600,0.2702,6285019.8,1680636.80245,16433,843614.40932
1582416000000,0.2702,0.2855,0.2700,0.2785,6109610.9,1693742.44732,15304,873692.63231
1582502400000,0.2785,0.2808,0.2477,0.2622,8093321.5,2164330.98608,20736,982217.67987
1582588800000,0.2625,0.2634,0.2455,0.2482,7605390.3,1926352.44151,21933,927547.86550
1582675200000,0.2478,0.2502,0.2066,0.2159,13568333.1,3077819.79423,35044,1481576.57336
1582761600000,0.2160,0.2295,0.2025,0.2150,8524737.3,1839593.09600,22005,784251.22176
1582848000000,0.2152,0.2207,0.2029,0.2155,4818995.3,1025109.14108,16218,521912.32521
1582934400000,0.2155,0.2211,0.2115,0.2127,4515851.5,979084.13519,13758,473570.35857
1583020800000,0.2127,0.2219,0.2057,0.2101,3799723.6,812572.26637,13006,387503.38296
1583107200000,0.2100,0.2266,0.2084,0.2244,4608701.6,1012181.95144,12095,514720.44587
1583193600000,0.2245,0.2282,0.2181,0.2239,3925245.3,874270.15744,8832,386723.00819
1583280000000,0.2238,0.2258,0.2168,0.2224,3214156.6,714179.83149,7885,317929.67811
1583366400000,0.2227,0.2376,0.2224,0.2276,6797011.1,1575951.57608,10632,718011.36195
1583452800000,0.2276,0.2341,0.2239,0.2328,3414170.3,785188.07073,7985,392716.97780
1583539200000,0.2330,0.2376,0.2197,0.2234,5423214.1,1242951.66044,9275,554880.24479
1583625600000,0.2232,0.2234,0.1880,0.1918,6854768.3,1412839.72585,10978,578360.07266
1583712000000,0.1917,0.1989,0.1779,0.1918,7393990.8,1389867.13427,12314,650765.12020
1583798400000,0.1921,0.1998,0.1866,0.1980,8294932.5,1605476.01260,13831,810329.90745
1583884800000,0.1976,0.2017,0.1823,0.1949,7098789.6,1370123.89301,14542,659048.02986
1583971200000,0.1950,0.1960,0.1063,0.1085,16066767.6,2413011.01535,23940,1053958.61807
1584057600000,0.1079,0.1410,0.0733,0.1291,11933314.4,1364721.60019,25300,670993.15561
1584144000000,0.1291,0.1302,0.1176,0.1235,7322536.1,912035.58549,12315,373396.25924
1584230400000,0.1240,0.1329,0.1178,0.1213,6311992.3,782847.53225,12478,381036.55176
1584316800000,0.1215,0.1215,0.0898,0.1082,13544000.6,1411284.63906,24978,625178.37229
1584403200000,0.1081,0.1254,0.1066,0.1198,7355313.2,842625.91180,12933,386528.49481
1584489600000,0.1198,0.1285,0.1115,0.1258,7196853.7,850970.46080,10319,375818.34912
1584576000000,0.1260,0.1595,0.1227,0.1483,11274459.7,1593307.65505,11084,797419.53030
1584662400000,0.1480,0.1637,0.1250,0.1411,14282017.0,2116794.24198,15615,972953.84862
1584748800000,0.1410,0.1476,0.1299,0.1380,6816315.4,938119.18585,10338,437433.94701
1584835200000,0.1381,0.1427,0.1250,0.1257,7784853.2,1040754.31173,9297,456055.18433
1584921600000,0.1254,0.1436,0.1221,0.1429,3540130.3,469260.44193,7955,266372.45492
1585008000000,0.1432,0.1454,0.1370,0.1442,2498592.2,353997.05507,8132,183535.56842
1585094400000,0.1440,0.1466,0.1365,0.1406,2258917.6,318991.81455,6709,155790.93572
1585180800000,0.1405,0.1455,0.1381,0.1451,2063712.7,291730.65247,6015,147121.51414
1585267200000,0.1452,0.1491,0.1354,0.1361,3207187.5,462745.26560,6902,208812.02464
1585353600000,0.1357,0.1400,0.1309,0.1388,5169594.8,701084.92499,7328,341882.27557
1585440000000,0.1388,0.1391,0.1304,0.1312,2839042.1,382366.81395,6390,162771.68297
1585526400000,0.1311,0.1458,0.1308,0.1406,4508533.0,633979.76600,8799,311490.64720
1585612800000,0.1406,0.1455,0.1403,0.1433,2447526.5,349118.53187,7170,155801.37328
1585699200000,0.1433,0.1469,0.1372,0.1460,3227289.6,456743.02229,7521,232212.31908
1585785600000,0.1462,0.1549,0.1432,0.1474,4260544.0,627329.61136,8704,314778.23557
1585872000000,0.1472,0.1541,0.1460,0.1493,3229568.4,484982.86406,8834,246916.56375
1585958400000,0.1489,0.1522,0.1452,0.1495,2577305.9,381711.48324,7002,186514.79101
1586044800000,0.1495,0.1500,0.1453,0.1484,2090633.0,309362.83580,6813,145197.55895
1586131200000,0.1485,0.1668,0.1484,0.1656,3753962.8,593668.49327,8417,299351.35211
1586217600000,0.1659,0.1756,0.1600,0.1632,5343353.5,903031.89979,9227,418293.81081
1586304000000,0.1634,0.1727,0.1625,0.1718,4126833.0,693995.09450,8801,337015.32059
1586390400000,0.1719,0.1733,0.1666,0.1724,3509184.9,599032.93039,12442,272911.83992
1586476800000,0.1724,0.1725,0.1513,0.1606,5666958.8,907399.47114,14426,391120.81412
1586563200000,0.1606,0.1639,0.1547,0.1597,4308635.7,687963.73604,12397,364340.51338
1586649600000,0.1599,0.1673,0.1559,0.1616,6028823.0,978614.61403,13947,489516.39316
1586736000000,0.1616,0.1617,0.1540,0.1592,9330425.2,1468145.39845,18571,662045.49579
1586822400000,0.1592,0.1627,0.1549,0.1579,4569705.4,727516.92892,15017,336928.43206
1586908800000,0.1579,0.1592,0.1466,0.1481,9015778.3,1394171.96738,14889,681491.50634
1586995200000,0.1479,0.1610,0.1416,0.1574,12663149.1,1942358.32438,21181,900249.99346
1587081600000,0.1575,0.1592,0.1545,0.1559,6320400.6,991101.34627,11801,480759.48922
1587168000000,0.1559,0.1649,0.1556,0.1626,7618435.5,1220072.21247,15075,597700.11730
1587254400000,0.1627,0.1629,0.1545,0.1558,8853498.2,1401172.97542,15406,706285.94920
1587340800000,0.1559,0.1602,0.1460,0.1481,21366835.8,3299019.62775,31138,1562629.85920
1587427200000,0.1481,0.1531,0.1475,0.1514,16500302.5,2482434.28844,17155,1209604.56478
1587513600000,0.1513,0.1576,0.1502,0.1559,7461387.0,1151034.65761,8076,632080.45831
1587600000000,0.1559,0.1644,0.1525,0.1588,12430995.5,1966522.39650,12343,936044.84515
1587686400000,0.1588,0.1680,0.1586,0.1674,16039288.8,2636203.12943,12718,1353031.23562
1587772800000,0.1675,0.1741,0.1651,0.1698,9739019.2,1652697.02459,8465,853046.68125
1587859200000,0.1698,0.1786,0.1695,0.1760,9704542.8,1693060.91044,7783,841080.97046
1587945600000,0.1762,0.1770,0.1660,0.1737,6631036.3,1141058.79555,7129,541528.35027
1588032000000,0.1739,0.1746,0.1678,0.1738,8477692.3,1448513.59757,6252,706142.81779
1588118400000,0.1738,0.1894,0.1735,0.1859,13358826.7,2432937.29812,9514,1181248.68923
1588204800000,0.1860,0.1918,0.1719,0.1759,13533039.2,2453355.16375,12436,1091162.86801
1588291200000,0.1758,0.1871,0.1753,0.1815,8911144.8,1626611.85046,17622,842871.95054
1588377600000,0.1816,0.1924,0.1810,0.1914,10692395.3,2001166.04374,22337,1074275.57561
1588464000000,0.1914,0.1954,0.1781,0.1825,11620085.6,2164126.49190,22482,945824.38234
1588550400000,0.1825,0.1887,0.1715,0.1827,19060097.3,3425857.57339,24582,1712751.67727
1588636800000,0.1827,0.1879,0.1792,0.1876,9039740.0,1664257.16553,10938,805277.96229
1588723200000,0.1876,0.1898,0.1763,0.1768,10702397.0,1984220.30960,13007,919077.02062
1588809600000,0.1772,0.1890,0.1750,0.1846,16206854.5,2969695.64536,18489,1498833.57536
1588896000000,0.1847,0.2057,0.1813,0.2026,23388340.8,4541140.33382,21136,2366020.57893
1588982400000,0.2026,0.2161,0.1970,0.1976,41703487.7,8615098.16173,44170,4181867.36224
1589068800000,0.1975,0.1977,0.1632,0.1839,46746832.5,8351155.58157,64123,3777735.86379
1589155200000,0.1835,0.1868,0.1665,0.1766,25241820.9,4496714.35165,41021,2151488.70045
1589241600000,0.1767,0.1888,0.1760,0.1860,15760822.5,2896453.43954,24466,1404917.81613
1589328000000,0.1857,0.1960,0.1841,0.1919,14728362.5,2823923.78447,22611,1377035.51449
1589414400000,0.1921,0.2150,0.1877,0.2089,25504625.7,5132194.48380,41080,2575448.38923
1589500800000,0.2089,0.2112,0.1956,0.1976,33084216.5,6762295.79799,41956,3199580.50243
1589587200000,0.1978,0.2020,0.1952,0.1970,13273184.7,2642482.92781,18930,1265928.15610
1589673600000,0.1970,0.2062,0.1962,0.1993,12743483.1,2568148.85199,16673,1332605.37001
1589760000000,0.1992,0.2069,0.1984,0.2039,8073196.6,1639452.23064,15063,764360.78724
1589846400000,0.2039,0.2040,0.1991,0.2023,9475856.9,1910803.53156,12211,908160.33448
1589932800000,0.2025,0.2052,0.1950,0.1994,11059801.6,2221575.03440,10657,938524.75327
1590019200000,0.1993,0.2016,0.1807,0.1878,12363765.4,2353846.48822,14448,981769.01028
1590105600000,0.1878,0.2046,0.1850,0.2021,11570744.6,2272316.30217,13979,1094008.93262
1590192000000,0.2021,0.2087,0.1983,0.1992,10526490.2,2132463.07098,13339,1091463.56925
1590278400000,0.1991,0.2029,0.1893,0.1898,8276445.1,1631640.00451,10053,729259.52860
1590364800000,0.1898,0.1986,0.1884,0.1979,8546509.3,1658544.14018,10511,817776.31881
1590451200000,0.1980,0.1986,0.1884,0.1940,8339965.9,1615230.57949,12192,686420.59011
1590537600000,0.1940,0.1999,0.1925,0.1963,8520292.6,1670960.81836,11248,795160.92378
1590624000000,0.1964,0.2040,0.1938,0.2031,7315559.3,1451482.78211,9481,760429.97663
1590710400000,0.2033,0.2047,0.1960,0.2013,7633913.7,1529140.47503,8723,699469.39058
1590796800000,0.2012,0.2193,0.1992,0.2188,16044607.6,3359824.27505,19735,1718756.68661
1590883200000,0.2188,0.2418,0.2137,0.2197,44007551.4,10053764.75816,44374,4779377.70633
1590969600000,0.2196,0.2387,0.2180,0.2363,22164077.8,5030825.39568,23237,2466669.66772
1591056000000,0.2363,0.2494,0.2120,0.2339,22587845.5,5291404.03449,28029,2395863.96227
1591142400000,0.2341,0.2529,0.2310,0.2513,24614680.9,5956072.81055,24162,3025022.29828
1591228800000,0.2515,0.2585,0.2378,0.2494,30623436.6,7622710.10501,29274,3720680.58655
1591315200000,0.2492,0.2564,0.2388,0.2409,25960622.7,6429417.43509,24397,3189479.59278
1591401600000,0.2409,0.2486,0.2352,0.2436,20749007.3,5026180.61551,17704,2427187.03765
1591488000000,0.2435,0.2472,0.2312,0.2409,23147534.4,5560427.32409,18212,2695185.70405
1591574400000,0.2409,0.2427,0.2364,0.2414,9556005.0,2296781.49851,9416,1133989.98591
1591660800000,0.2415,0.2518,0.2350,0.2467,21999928.7,5415836.65334,19549,2624747.29706
1591747200000,0.2467,0.2509,0.2400,0.2505,12350159.6,3032718.70517,15496,1494214.57794
1591833600000,0.2505,0.2514,0.2150,0.2223,24842037.9,5823532.66381,36324,2673512.58127
1591920000000,0.2222,0.2308,0.2185,0.2249,14484026.0,3263058.40558,23990,1538940.27990
1592006400000,0.2249,0.2299,0.2222,0.2290,9831079.4,2227970.04772,13523,1093437.25039
1592092800000,0.2287,0.2294,0.2202,0.2214,9231687.0,2077489.70725,14476,985371.39677
1592179200000,0.2214,0.2224,0.2027,0.2177,23943272.2,5122052.51604,33271,2424136.80061
1592265600000,0.2177,0.2227,0.2144,0.2193,10774075.1,2353321.84842,13644,1171030.34239
1592352000000,0.2195,0.2286,0.2180,0.2244,15626986.9,3489166.36530,17394,1692136.82258
1592438400000,0.2245,0.2281,0.2211,0.2237,8138201.7,1830137.90744,9965,890435.44137
1592524800000,0.2237,0.2241,0.2171,0.2191,11620258.5,2561883.22496,14058,1248152.83137
1592611200000,0.2188,0.2207,0.2109,0.2178,10725013.9,2308789.87844,14002,1042340.52554
1592697600000,0.2175,0.2217,0.2161,0.2176,5647424.8,1236335.75203,8742,620490.88504
1592784000000,0.2176,0.2341,0.2173,0.2320,10173807.3,2304548.52500,14897,1172840.58732
1592870400000,0.2322,0.2332,0.2265,0.2287,8688700.6,1996985.10339,12950,983725.48869
1592956800000,0.2289,0.2353,0.2146,0.2204,14583259.5,3271901.43937,23581,1508550.52609
1593043200000,0.2204,0.2227,0.2086,0.2201,7832061.4,1701660.93358,15586,840154.73235
1593129600000,0.2201,0.2210,0.2107,0.2150,7786422.7,1675329.52674,15823,799096.08027
1593216000000,0.2151,0.2177,0.1936,0.2030,13377351.3,2765598.36767,23517,1299505.26263
1593302400000,0.2030,0.2129,0.2003,0.2083,11668168.3,2418346.88987,17931,1179053.50933
1593388800000,0.2081,0.2165,0.2037,0.2143,14889595.2,3106642.87856,22701,1600928.05320
1593475200000,0.2144,0.2261,0.2091,0.2254,21885971.0,4767118.32858,28212,2395760.36810
1593561600000,0.2254,0.2335,0.2220,0.2300,31649395.2,7184384.82462,32265,3653588.78997
1593648000000,0.2303,0.2399,0.2183,0.2292,38543941.7,8854302.58913,53403,4403387.55889
1593734400000,0.2292,0.2330,0.2224,0.2248,14231684.4,3246830.26806,25477,1578926.21989
1593820800000,0.2248,0.2424,0.2239,0.2405,25807205.3,6054967.43341,37048,3092650.66356
1593907200000,0.2407,0.2418,0.2256,0.2355,21953364.3,5153220.28207,36867,2445672.96907
1593993600000,0.2356,0.2493,0.2350,0.2465,26180042.1,6358749.61895,38347,3137472.83913
1594080000000,0.2464,0.2484,0.2382,0.2451,16643695.9,4035746.97824,26147,1912797.75531
1594166400000,0.2451,0.2623,0.2420,0.2569,31626107.5,8018319.63738,46190,3877828.86267
1594252800000,0.2566,0.2687,0.2463,0.2549,35622201.9,9164594.56676,49109,4363167.73574
1594339200000,0.2549,0.2553,0.2383,0.2510,23580981.5,5802301.84818,34026,2786172.35759
1594425600000,0.2511,0.2534,0.2448,0.2496,11720774.8,2923368.89580,18717,1367659.76431
1594512000000,0.2497,0.2539,0.2442,0.2512,14164573.6,3528686.01776,23985,1728986.82136
1594598400000,0.2515,0.2639,0.2417,0.2493,24774061.6,6318025.11263,39024,2839434.73175
1594684800000,0.2491,0.2546,0.2433,0.2493,12275988.7,3061808.50767,23638,1514616.26317
1594771200000,0.2491,0.2509,0.2431,0.2454,11572653.9,2862795.68933,19869,1417612.13447
1594857600000,0.2455,0.2475,0.2288,0.2414,17388216.8,4118425.28914,27635,1842349.29663
1594944000000,0.2413,0.2431,0.2373,0.2407,6663593.2,1602490.52378,10447,784745.72841
1595030400000,0.2407,0.2420,0.2380,0.2384,6466890.1,1552714.94174,9472,745808.07084
1595116800000,0.2384,0.2501,0.2375,0.2482,11783873.1,2870992.11629,15285,1498748.89237
1595203200000,0.2484,0.2557,0.2459,0.2500,24173149.9,6078420.14659,25186,3002301.98454
1595289600000,0.2501,0.2700,0.2497,0.2652,46220352.3,12196253.10117,45762,6316639.16288
1595376000000,0.2653,0.2796,0.2630,0.2781,25751187.8,6995406.50925,31784,3607822.11367
1595462400000,0.2783,0.2856,0.2738,0.2797,26957363.9,7531272.56690,30851,3673889.32213
1595548800000,0.2797,0.2798,0.2660,0.2673,15348637.0,4160185.22147,23794,1877982.68674
1595635200000,0.2672,0.2775,0.2670,0.2761,14780273.0,4042507.05447,20064,2056798.76575
1595721600000,0.2763,0.2808,0.2683,0.2694,15887037.7,4357417.46342,24485,1994945.06897
1595808000000,0.2694,0.2758,0.2517,0.2719,39833688.0,10534933.10126,63119,5063849.72984
1595894400000,0.2719,0.2810,0.2668,0.2717,35530076.0,9742157.77078,56777,4758604.26210
1595980800000,0.2718,0.2935,0.2703,0.2861,30528952.3,8634902.75067,44295,4246386.20492
1596067200000,0.2862,0.3078,0.2828,0.3006,66561300.1,19808893.77854,77896,9687157.19789
1596153600000,0.3006,0.3043,0.2935,0.2996,19911538.9,5965029.08560,28098,2882729.24134
1596240000000,0.2995,0.3183,0.2971,0.3143,32449323.7,9943633.91658,41192,4888426.22476
1596326400000,0.3147,0.3229,0.2681,0.2888,43221601.8,12768778.75848,67390,5898693.42044
1596412800000,0.2889,0.3073,0.2850,0.3013,21360766.5,6401830.59592,34165,3196411.00045
1596499200000,0.3011,0.3120,0.2974,0.3078,21763395.6,6631787.54449,32003,3108505.74114
1596585600000,0.3078,0.3104,0.3022,0.3052,14458343.2,4433530.38030,23582,2133454.80119
1596672000000,0.3052,0.3235,0.2992,0.3164,38965082.7,12232132.51746,43082,6092827.93974
1596758400000,0.3165,0.3333,0.3077,0.3192,36281893.0,11686709.62906,46928,5595728.24001
1596844800000,0.3192,0.3370,0.3153,0.3316,16520041.8,5431680.76821,23354,2526366.53141
1596931200000,0.3320,0.3489,0.3298,0.3477,26785771.7,9135534.44446,43685,4285873.35821
1597017600000,0.3481,0.3878,0.3450,0.3836,36087076.2,12975321.49651,56195,6123075.78983
1597104000000,0.3831,0.4148,0.3550,0.3681,82550769.9,32110190.84112,102830,14867746.06545
1597190400000,0.3681,0.3869,0.3441,0.3857,37575370.0,13781346.75679,56017,6748277.97653
1597276800000,0.3857,0.4043,0.3657,0.3772,39162390.8,14997163.28722,63328,7214045.34946
1597363200000,0.3771,0.4177,0.3745,0.4084,48120195.4,19133388.66897,77844,9300876.31223
1597449600000,0.4081,0.4426,0.3943,0.4200,50190782.5,21145882.92472,79319,9917111.04388
1597536000000,0.4201,0.4342,0.4013,0.4242,30839759.5,12934516.29311,45619,5978949.93895
1597622400000,0.4246,0.4287,0.4079,0.4130,26776103.0,11190995.17041,37209,5133920.97110
1597708800000,0.4126,0.4192,0.3819,0.3945,21809622.3,8700368.80787,54527,3836869.89524
1597795200000,0.3945,0.4009,0.3569,0.3726,34476587.0,12927469.69065,68713,6120560.83766
1597881600000,0.3722,0.4004,0.3672,0.3996,21558830.9,8326580.68077,37905,4122368.15949
1597968000000,0.3993,0.4418,0.3706,0.3714,64661133.4,26698926.39273,106667,12613288.37397
1598054400000,0.3711,0.4055,0.3647,0.4036,28705145.6,11114996.14846,48308,5560346.27014
1598140800000,0.4036,0.4078,0.3775,0.3851,18039711.2,7039667.88005,32734,3326684.58596
1598227200000,0.3851,0.3999,0.3759,0.3932,15051081.2,5874019.22626,30551,2801316.68532
1598313600000,0.3931,0.3942,0.3500,0.3621,29373990.9,10874505.13274,62094,5265271.64913
1598400000000,0.3621,0.3651,0.3450,0.3567,20795077.9,7423625.57422,41218,3582350.59831
1598486400000,0.3568,0.3603,0.3207,0.3394,27452511.0,9294908.48887,66238,4373916.37601
1598572800000,0.3394,0.3552,0.3327,0.3493,16133608.1,5591964.38151,22879,2732798.78516
1598659200000,0.3493,0.3719,0.3456,0.3665,14579432.8,5259343.60605,23291,2761198.55084
1598745600000,0.3665,0.3756,0.3578,0.3651,14369366.6,5257680.57306,23532,2527851.59062
1598832000000,0.3650,0.3725,0.3557,0.3617,14258214.2,5197722.31965,22336,2543541.84642
1598918400000,0.3616,0.3774,0.3546,0.3653,19913082.9,7325686.67247,29712,3538221.41519
1599004800000,0.3650,0.3691,0.3190,0.3378,30711842.4,10414674.06268,57201,4674998.26764
1599091200000,0.3377,0.3421,0.2613,0.2736,41934890.8,12906545.33763,69422,5923872.90814
1599177600000,0.2730,0.2980,0.2630,0.2879,48875837.1,13799500.34173,74962,6679986.82545
1599264000000,0.2879,0.2955,0.2481,0.2644,44822125.1,12098805.23482,78214,5910754.68675
1599350400000,0.2643,0.2925,0.2518,0.2855,35996758.6,9945815.07196,54600,4840225.11008
1599436800000,0.2855,0.2884,0.2611,0.2834,24785006.0,6773321.74069,41532,3262480.25410
1599523200000,0.2834,0.2962,0.2634,0.2755,34350850.1,9507891.27819,51592,4479065.96469
1599609600000,0.2757,0.2950,0.2701,0.2847,18735669.1,5332425.02306,33033,2571527.94346
1599696000000,0.2847,0.3038,0.2843,0.2992,21069817.4,6238959.46045,40746,3144225.41268
1599782400000,0.2992,0.3013,0.2805,0.2923,20256834.6,5884142.77469,35837,2720648.44424
1599868800000,0.2922,0.3003,0.2822,0.2979,20385931.1,5906156.32426,34311,2804360.99051
1599955200000,0.2980,0.3002,0.2709,0.2807,22252381.2,6315953.20261,38964,2814376.95956
1600041600000,0.2807,0.2919,0.2712,0.2840,17930095.5,5074560.86036,31363,2449489.83148
1600128000000,0.2840,0.2888,0.2700,0.2732,15701664.5,4386929.53609,32254,2133526.94162
1600214400000,0.2731,0.2806,0.2671,0.2708,13587995.1,3722616.82622,25854,1903513.03141
1600300800000,0.2710,0.2852,0.2675,0.2808,13678994.4,3775885.60646,28955,1893500.61780
1600387200000,0.2807,0.2823,0.2684,0.2737,11346910.6,3115142.33103,23057,1488388.19385
1600473600000,0.2737,0.2797,0.2708,0.2721,5811495.0,1595289.58453,13091,742197.10473
1600560000000,0.2722,0.2728,0.2541,0.2627,10862480.6,2857582.17289,22386,1336081.19299
1600646400000,0.2627,0.2686,0.2316,0.2400,24245270.0,6037169.85647,49898,2975580.36976
1600732800000,0.2401,0.2472,0.2301,0.2435,15128517.5,3612745.85648,29572,1824398.63897
1600819200000,0.2435,0.2535,0.2286,0.2327,18041579.1,4349922.28191,29349,2215911.18730
1600905600000,0.2328,0.2524,0.2298,0.2470,13125329.0,3192642.65240,21058,1549635.85158
1600992000000,0.2469,0.2618,0.2378,0.2558,17393053.7,4351112.50609,29875,2049115.86181
1601078400000,0.2560,0.2649,0.2499,0.2630,11329070.9,2925985.90953,20741,1555485.99378
1601164800000,0.2630,0.2679,0.2503,0.2592,9715600.3,2516511.46015,19827,1144564.22894
1601251200000,0.2593,0.2817,0.2593,0.2687,22658226.2,6145915.44060,35235,2941351.43606
1601337600000,0.2687,0.2797,0.2618,0.2740,15076806.9,4095860.20388,26138,2067695.86155
1601424000000,0.2742,0.2887,0.2622,0.2834,16302940.5,4529732.48978,25775,2244560.35270
1601510400000,0.2836,0.2893,0.2632,0.2723,14578627.1,4018668.96093,25325,1753618.05883
1601596800000,0.2720,0.2788,0.2515,0.2680,19098352.3,5039909.19206,43171,2462141.23799
1601683200000,0.2683,0.2803,0.2649,0.2657,13906699.0,3806976.04636,26451,1847244.08531
1601769600000,0.2657,0.2777,0.2631,0.2751,9393059.2,2546964.66771,18238,1186180.59432
1601856000000,0.2748,0.2792,0.2669,0.2710,8716342.5,2370927.86298,17811,1174506.68363
1601942400000,0.2710,0.2715,0.2506,0.2533,13159952.4,3434247.68146,25380,1590794.77676
1602028800000,0.2532,0.2590,0.2426,0.2575,12120152.0,3054337.27846,22727,1515813.22529
1602115200000,0.2572,0.2635,0.2450,0.2627,14951040.3,3826127.54612,24227,1899225.37878
1602201600000,0.2628,0.2715,0.2594,0.2697,12549434.5,3330964.56804,19424,1642141.98368
1602288000000,0.2700,0.2785,0.2673,0.2725,16379792.4,4474027.12078,22951,2121476.73243
1602374400000,0.2725,0.2860,0.2708,0.2820,13451401.2,3756054.86137,22957,1827082.22141
1602460800000,0.2820,0.2946,0.2720,0.2880,15794764.5,4484323.10629,25569,2179355.64952
1602547200000,0.2880,0.2940,0.2801,0.2849,9764480.5,2800253.21678,16853,1247983.91692
1602633600000,0.2847,0.2882,0.2686,0.2735,10088122.6,2812899.82504,19032,1246877.98806
1602720000000,0.2735,0.2773,0.2648,0.2769,11119376.4,3018993.52722,19251,1553982.70782
1602806400000,0.2769,0.2812,0.2617,0.2641,9124647.3,2464128.50103,19636,1151719.78421
1602892800000,0.2639,0.2731,0.2600,0.2697,8187365.0,2184596.53483,22095,1114999.42730
1602979200000,0.2698,0.2755,0.2691,0.2724,4674968.6,1274274.11394,14129,625035.21784
1603065600000,0.2724,0.2799,0.2660,0.2766,12435753.1,3420314.70922,20930,1753735.56409
1603152000000,0.2767,0.2773,0.2619,0.2637,8126496.5,2181337.10739,22352,1024179.96650
1603238400000,0.2636,0.2867,0.2630,0.2807,14022533.0,3890999.60487,22678,1999985.72928
1603324800000,0.2806,0.2935,0.2802,0.2830,13752161.0,3943708.58825,33113,1916104.24266
1603411200000,0.2830,0.2836,0.2708,0.2768,12492673.3,3476480.88061,22025,1686644.63310
1603497600000,0.2766,0.2888,0.2739,0.2881,9825242.0,2784377.11183,19288,1372461.03821
1603584000000,0.2882,0.2916,0.2749,0.2788,11735652.8,3308106.90398,21482,1483969.14788
1603670400000,0.2788,0.2867,0.2655,0.2739,16472996.7,4542301.25878,26728,2081139.45745
1603756800000,0.2736,0.2874,0.2716,0.2779,14210458.2,3970500.69542,24259,1997232.95908
1603843200000,0.2778,0.2799,0.2638,0.2692,14696532.4,3975402.27223,41361,1917162.47620
1603929600000,0.2690,0.2742,0.2542,0.2594,14915481.1,3924980.19762,25859,1910035.33577
1604016000000,0.2595,0.2624,0.2452,0.2572,12263040.3,3109650.57845,27315,1562206.17867
1604102400000,0.2571,0.2645,0.2531,0.2537,10037102.9,2602614.43047,23256,1344832.27900
1604188800000,0.2537,0.2558,0.2482,0.2527,9893944.3,2486155.53017,23722,1269027.50895
1604275200000,0.2527,0.2595,0.2436,0.2464,12858461.5,3227335.19415,31614,1634492.82920
1604361600000,0.2464,0.2476,0.2361,0.2452,13744268.8,3308794.40027,30456,1681166.56843
1604448000000,0.2453,0.2472,0.2262,0.2359,15691520.9,3706557.85697,34198,1818695.07281
1604534400000,0.2363,0.2529,0.2286,0.2487,24977705.8,6007209.14958,42988,3026894.91113
1604620800000,0.2488,0.2692,0.2478,0.2667,30572121.9,7947400.84317,44158,3584052.62076
1604707200000,0.2668,0.2772,0.2502,0.2571,41051852.3,10827894.06748,54543,5028652.21814
1604793600000,0.2571,0.2688,0.2528,0.2659,17145343.9,4514851.27791,29921,2232661.67698
1604880000000,0.2658,0.2685,0.2450,0.2518,31149792.5,7890754.88975,39781,3867574.39652
1604966400000,0.2519,0.2584,0.2488,0.2548,13716782.0,3486702.07146,26761,1640491.94548
1605052800000,0.2549,0.2609,0.2507,0.2512,16878716.5,4314915.72871,27593,2195546.43255
1605139200000,0.2513,0.2595,0.2474,0.2487,12769643.9,3221201.87703,32859,1565075.80548
1605225600000,0.2488,0.2583,0.2460,0.2571,15359810.3,3880697.18524,36500,1915966.28471
1605312000000,0.2571,0.2593,0.2472,0.2517,12103738.4,3051911.19228,36127,1358158.93809
1605398400000,0.2517,0.2585,0.2451,0.2506,16141326.2,4060721.15912,39202,2010971.07376
1605484800000,0.2504,0.2581,0.2484,0.2535,15372060.6,3907414.37572,37496,1954179.64772
1605571200000,0.2537,0.2684,0.2533,0.2663,18931649.7,4970390.43922,42197,2486406.34060
1605657600000,0.2664,0.2705,0.2468,0.2573,28491262.9,7339756.20832,49415,3422356.50147
1605744000000,0.2573,0.2585,0.2505,0.2540,17673454.1,4498636.68738,34227,2178627.51391
1605830400000,0.2541,0.2667,0.2517,0.2663,24113589.6,6247450.84538,41771,3121373.48777
1605916800000,0.2663,0.3273,0.2661,0.3268,63357937.5,18880825.05357,81812,9051974.38529
1606003200000,0.3269,0.3411,0.2883,0.3201,77084428.4,24125387.18055,100694,11249429.65129
1606089600000,0.3199,0.3645,0.3132,0.3616,72668077.2,24948009.33334,104932,12059656.83177
1606176000000,0.3615,0.4251,0.3473,0.3857,133560796.0,50953624.68689,184805,24456976.39223
1606262400000,0.3856,0.4073,0.3364,0.3556,100644275.6,37680230.22034,142597,17903906.16791
1606348800000,0.3556,0.3621,0.2747,0.3045,121834743.5,37890492.26008,166807,18256253.92778
1606435200000,0.3045,0.3245,0.2897,0.3130,44595152.1,13690867.60300,64965,6569129.03378
1606521600000,0.3131,0.3516,0.3026,0.3392,46009523.5,15151533.97324,63831,7332352.19468
1606608000000,0.3390,0.3555,0.3270,0.3435,34258974.2,11743275.63557,51826,5723950.72952
1606694400000,0.3436,0.3657,0.3330,0.3524,41346519.4,14520176.06223,66246,7010350.32192
1606780800000,0.3525,0.3614,0.3160,0.3264,61482283.9,20766368.05359,97752,9679844.24470
1606867200000,0.3263,0.3463,0.3193,0.3448,37606526.5,12598667.79787,67102,6014774.62909
1606953600000,0.3447,0.3569,0.3405,0.3487,26177912.4,9143868.45344,54581,4322084.22682
1607040000000,0.3485,0.3511,0.3179,0.3219,26011773.0,8683760.46595,54687,4135805.84475
1607126400000,0.3218,0.3454,0.3187,0.3421,18225921.7,6098504.29088,44182,2954394.21781
1607212800000,0.3419,0.3464,0.3264,0.3381,15890793.9,5329103.96566,41715,2441818.84963
1607299200000,0.3382,0.3390,0.3119,0.3189,20780119.5,6783749.51996,48670,3063228.35009
1607385600000,0.3189,0.3238,0.2945,0.2994,20912150.2,6500971.91307,46570,2991252.95963
1607472000000,0.2996,0.3117,0.2850,0.3087,15432038.6,4629055.99828,32576,2214764.34904
1607558400000,0.3089,0.3100,0.2839,0.2843,17097073.6,5044815.30822,48513,2231679.94248
1607644800000,0.2847,0.2850,0.2672,0.2738,20323741.2,5593930.11010,51867,2762000.41847
1607731200000,0.2742,0.2961,0.2729,0.2901,16302511.6,4714975.00692,51235,2213982.37432
1607817600000,0.2902,0.3050,0.2857,0.3011,18682567.5,5568365.71809,69582,2576803.75431
1607904000000,0.3010,0.3057,0.2910,0.3020,15012278.1,4475354.87504,68625,2004149.29317
1607990400000,0.3019,0.3090,0.2941,0.3047,16646073.8,5044918.23683,82914,2443986.86689
1608076800000,0.3047,0.3340,0.2956,0.3295,29275235.4,9236521.01041,77294,4565550.78868
1608163200000,0.3294,0.3430,0.3127,0.3204,43437121.8,14275476.96222,66044,6715978.98904
1608249600000,0.3208,0.3324,0.3136,0.3241,21421450.7,6918425.69630,39108,3372414.92134
1608336000000,0.3241,0.3460,0.3228,0.3412,22348437.0,7472208.51451,40285,3773645.54970
1608422400000,0.3412,0.3450,0.3173,0.3248,23049072.5,7648273.21390,41022,3444878.87706
1608508800000,0.3250,0.3325,0.2985,0.3046,21871837.6,6840176.28928,43185,3135177.47835
1608595200000,0.3043,0.3124,0.2868,0.3077,20481381.0,6173260.11087,35647,2977937.64194
1608681600000,0.3071,0.3292,0.2472,0.2644,47923053.1,14214620.55860,73738,6689431.72037
1608768000000,0.2645,0.2943,0.2585,0.2933,26250128.9,7215755.30840,39303,3416663.90109
1608854400000,0.2934,0.3081,0.2878,0.2924,25289894.8,7481294.80979,41045,3536506.01763
1608940800000,0.2924,0.3024,0.2805,0.2864,24191159.9,7018132.82645,41457,3302765.51475
1609027200000,0.2865,0.3159,0.2724,0.2982,38922544.7,11564899.51532,58765,5756617.64891
1609113600000,0.2978,0.3199,0.2942,0.3065,26445422.2,8172521.45602,44840,3823665.23496
1609200000000,0.3064,0.3122,0.2849,0.3027,22716440.6,6710160.24602,46304,3148164.85020
1609286400000,0.3026,0.3067,0.2883,0.2953,17880492.7,5292605.33251,40160,2432023.19419
1609372800000,0.2953,0.3053,0.2810,0.2966,28550565.3,8330115.51596,68230,4002866.40457
1609459200000,0.2965,0.3037,0.2888,0.2917,18137811.6,5399436.05647,43932,2653720.41808
1609545600000,0.2918,0.2972,0.2774,0.2867,29408490.8,8474114.77309,58312,4027314.04223
1609632000000,0.2867,0.3154,0.2779,0.3106,45273500.9,13457300.83356,79870,6506815.98350
1609718400000,0.3110,0.3530,0.2800,0.3439,90195543.2,28271453.53916,128470,13764877.00085
1609804800000,0.3439,0.3861,0.3163,0.3531,122781405.4,43455403.02117,142232,21172440.07733
1609891200000,0.3533,0.4010,0.3423,0.3819,90971307.2,34376167.02160,124300,16238684.54054
1609977600000,0.3824,0.4069,0.3582,0.3844,68275925.3,26353794.59497,117188,12293331.68121
1610064000000,0.3845,0.3869,0.3452,0.3699,45500882.7,16595571.32353,85910,8030528.07063
1610150400000,0.3702,0.4811,0.3701,0.4334,125851796.1,55069583.94859,219027,26647071.53695
1610236800000,0.4334,0.4776,0.3817,0.4281,77257743.4,33276915.35753,129568,15839431.95639
1610323200000,0.4281,0.4292,0.3285,0.3681,69357115.7,25499680.35509,145014,12181806.58919
1610409600000,0.3683,0.3850,0.3475,0.3591,35219604.8,12935581.30063,70452,6172375.92877
1610496000000,0.3597,0.4179,0.3472,0.4155,53659715.8,21055951.97034,85961,10349206.35500
1610582400000,0.4157,0.4515,0.4021,0.4261,46533436.0,19728406.78008,80686,9471663.44036
1610668800000,0.4261,0.4565,0.3856,0.4329,65602243.9,27721627.29048,108122,13447863.27370
1610755200000,0.4328,0.4592,0.4137,0.4256,50424634.7,22130997.16760,106778,10555999.40620
1610841600000,0.4255,0.4482,0.3980,0.4368,42594495.5,18003706.54425,86580,8830002.64897
1610928000000,0.4372,0.4885,0.4177,0.4786,77359379.5,35865916.53321,142313,17481616.54771
1611014400000,0.4787,0.5100,0.4623,0.4703,54398252.6,26339685.85424,124123,12682201.83892
1611100800000,0.4697,0.4855,0.4296,0.4726,45776197.7,21007173.50781,102276,9805267.20745
1611187200000,0.4727,0.4974,0.4128,0.4194,63408118.9,29350612.55301,126005,13533623.82527
1611273600000,0.4194,0.4729,0.3920,0.4548,42228486.7,18584967.35799,94144,8847560.01500
1611360000000,0.4552,0.4763,0.4445,0.4510,32578440.7,14967725.65993,75095,7142724.03433
1611446400000,0.4510,0.4817,0.4431,0.4565,31711273.8,14612587.81997,72585,6951938.41930
1611532800000,0.4564,0.4708,0.4290,0.4322,27291376.0,12387910.79196,68699,5878957.09386
1611619200000,0.4320,0.4407,0.4117,0.4326,28291498.0,12030733.92127,68655,5641649.09162
1611705600000,0.4325,0.4331,0.3786,0.3922,32390372.3,12951162.74452,69561,6069711.07392
1611792000000,0.3922,0.4163,0.3877,0.4038,24915280.8,10099260.41278,57196,4638164.28172
1611878400000,0.4040,0.4273,0.3936,0.4127,38551099.0,15820553.13544,88717,7445698.06661
1611964800000,0.4123,0.4510,0.4004,0.4293,30736830.1,13005862.46670,70845,5862051.67665
1612051200000,0.4296,0.4426,0.3951,0.4083,29291501.5,12310626.54563,73468,5867974.22017
1612137600000,0.4085,0.4286,0.3931,0.4164,26138905.1,10823086.07745,60926,5177083.55410
1612224000000,0.4164,0.4350,0.4102,0.4305,24292314.8,10286022.12481,55887,4704732.81595
1612310400000,0.4305,0.4574,0.4269,0.4532,34036418.1,15123319.34894,73753,7305391.02605
1612396800000,0.4531,0.4559,0.4194,0.4406,31814035.0,13930011.17211,73052,6004855.68197
1612483200000,0.4404,0.5438,0.4404,0.5164,115323176.9,57638676.47753,207630,27160786.77744
1612569600000,0.5171,0.6193,0.4993,0.5642,133467932.3,75534362.46683,289229,35439249.91701
1612656000000,0.5647,0.5999,0.5300,0.5584,63895877.7,36368017.60810,151821,16945709.55519
1612742400000,0.5587,0.7493,0.5450,0.7209,97312356.3,62260184.40329,260237,29780466.34644
1612828800000,0.7212,0.8140,0.7080,0.7532,95285976.4,71376394.62850,260435,33334755.97191
1612915200000,0.7537,0.9248,0.7094,0.8861,115835268.5,92054051.20617,335609,43478658.93377
1613001600000,0.8866,1.3343,0.8710,1.1771,256381215.2,296496170.36328,896613,144208841.63307
1613088000000,1.1772,1.3000,1.0920,1.2380,98066990.8,116389272.99114,348190,54661628.13745
1613174400000,1.2373,1.4229,1.1900,1.3144,90144372.8,118388562.21417,363589,54685550.16167
1613260800000,1.3148,1.3300,1.1400,1.1881,56133030.9,69167999.50067,216396,31913559.52651
1613347200000,1.1904,1.4023,0.9536,1.2700,130423232.1,157241761.94804,504917,72928252.06665
1613433600000,1.2700,1.3885,1.2100,1.2557,73234375.8,95486255.10218,297716,45943454.20575
1613520000000,1.2564,1.3469,1.1786,1.2993,54237877.0,69663697.27455,226680,32388513.62149
1613606400000,1.3001,1.5779,1.2800,1.4965,99755693.5,143588254.55323,372166,68303143.90789
1613692800000,1.4979,1.5884,1.4048,1.4888,68207460.1,102277201.43547,276925,46818984.48948
1613779200000,1.4902,1.5683,1.3011,1.3777,55358036.1,81252314.17306,250610,36999594.88792
1613865600000,1.3791,1.4591,1.3286,1.4088,30425199.6,42711513.73031,165023,19857306.75041
1613952000000,1.4088,1.4179,1.0028,1.3073,74153864.4,92798024.43903,308810,43376427.52087
1614038400000,1.3085,1.3167,0.8778,1.0911,71792146.5,77103078.16430,404442,36357717.28131
1614124800000,1.0899,1.3147,1.0274,1.1934,52669985.7,63115081.13542,235901,29582852.60848
1614211200000,1.1944,1.2503,1.0852,1.0992,37757500.0,45024082.77749,159475,21345895.62412
1614297600000,1.0976,1.1745,1.0215,1.1183,31264230.2,34395646.90257,133158,17228597.27750
1614384000000,1.1184,1.2357,1.1148,1.1473,28353802.9,33311381.06423,123602,16288894.95574
1614470400000,1.1480,1.1573,1.0255,1.1232,26165697.1,28856188.57499,123538,14264205.74993
1614556800000,1.1232,1.2474,1.1165,1.2134,25310964.1,30297094.71939,114890,14465731.68277
1614643200000,1.2129,1.2316,1.1250,1.1811,29873455.8,35446349.55671,119580,16494957.03797
1614729600000,1.1812,1.2619,1.1704,1.2170,30513042.6,37391146.16909,122130,17659938.46240
1614816000000,1.2169,1.3150,1.1715,1.2695,48737792.0,60384549.22425,192202,27873439.29272
1614902400000,1.2684,1.4587,1.1920,1.3262,102264512.9,139490961.72300,403368,67266797.36368
1614988800000,1.3256,1.3498,1.2800,1.2825,32293062.9,42339230.82814,130105,19695882.17784
1615075200000,1.2826,1.3495,1.2629,1.3130,29409996.6,38285000.26621,102492,17052860.91462
1615161600000,1.3125,1.3462,1.2856,1.3034,21361668.9,28025958.21059,88170,12785546.89789
1615248000000,1.3039,1.4316,1.2922,1.4265,32795018.1,44460998.50006,129780,20197691.94185
1615334400000,1.4273,1.4319,1.2902,1.3082,31287496.3,42128186.61648,136881,19115525.16097
1615420800000,1.3079,1.5368,1.2645,1.3907,70893736.4,99461621.81458,257778,46807361.35287
1615507200000,1.3910,1.4427,1.2850,1.3225,50530181.7,68568412.70409,176766,32317147.33736
1615593600000,1.3231,1.4094,1.2817,1.3810,29551258.8,40008562.42041,113638,18561964.13626
1615680000000,1.3817,1.3937,1.3102,1.3105,20776470.9,28086056.33577,96846,12711113.31263
1615766400000,1.3106,1.3626,1.2175,1.2798,42662896.0,55265803.48269,161613,25445576.76014
1615852800000,1.2809,1.3929,1.2697,1.3317,28040586.7,37385031.70550,120569,18067740.94997
1615939200000,1.3320,1.3697,1.2939,1.3540,20322739.0,27165631.10823,91589,12594912.54492
1616025600000,1.3545,1.3720,1.3121,1.3260,19566971.3,26248184.99927,86450,12202836.78421
1616112000000,1.3259,1.3620,1.3054,1.3355,17334423.2,23115726.47810,82329,10535840.13738
1616198400000,1.3355,1.4933,1.3285,1.4117,45926196.4,65638839.35613,208215,31042420.07829
1616284800000,1.4113,1.4499,1.3461,1.4125,30113038.8,41890067.16700,121287,19590197.23507
1616371200000,1.4128,1.5747,1.3704,1.4830,62559751.6,92362725.74258,274927,43584865.14730
1616457600000,1.4812,1.7820,1.4650,1.6587,153420001.5,253195662.53269,758108,123558335.86767
1616544000000,1.6596,1.7548,1.3362,1.4068,76177654.9,120720227.40365,384369,55959747.69048
1616630400000,1.4060,1.4276,1.2828,1.3369,70405199.3,95708958.69774,306750,46241143.30508
1616716800000,1.3371,1.4986,1.3355,1.4483,39637647.6,56979102.15000,222889,27410438.44569
1616803200000,1.4482,1.4800,1.3554,1.3984,37185341.2,52591527.90180,190769,24450286.87118
1616889600000,1.3984,1.4503,1.3667,1.3938,27568247.3,38871528.32382,139914,17927786.22402
1616976000000,1.3942,1.5149,1.3703,1.5122,46695336.1,67989182.65503,193527,33358953.09395
1617062400000,1.5127,1.5820,1.4741,1.5277,42455665.1,65027176.80448,182770,31149733.98402
1617148800000,1.5283,1.5635,1.4133,1.5406,36990953.6,55249250.36079,171446,25669566.01417
1617235200000,1.5396,1.6530,1.5257,1.5799,36626312.7,58119713.45329,184422,27223466.34673
1617321600000,1.5803,1.6435,1.5497,1.6286,24086366.5,38470733.57840,135304,18445010.55605
1617408000000,1.6291,1.6473,1.4769,1.4802,27877104.1,43859515.79575,140508,19141478.69054
1617494400000,1.4802,1.5636,1.4562,1.5538,20091678.7,30664151.46483,117846,14520393.88227
1617580800000,1.5545,1.7760,1.5165,1.7252,61169192.0,103244254.33701,281378,49986729.66065
1617667200000,1.7253,1.8642,1.6615,1.8058,53173524.9,93539769.53990,260118,43395258.41939
1617753600000,1.8073,1.8260,1.5700,1.6617,42548883.6,71272540.37928,218504,32053500.32893
1617840000000,1.6617,1.9435,1.6438,1.8833,66265565.3,122703894.93863,348554,58739907.14802
1617926400000,1.8815,2.0085,1.8618,1.8703,42892077.1,82904401.33247,210552,39099900.85345
1618012800000,1.8703,2.1167,1.8638,2.0868,55810289.8,111291011.42354,312224,54126648.82346
1618099200000,2.0868,2.1583,1.9957,2.1011,44819749.5,93141560.87164,251796,44480276.02784
1618185600000,2.1008,2.1071,1.9612,2.0010,30747561.0,62132588.90295,155264,29326747.97069
1618272000000,2.0013,2.2147,1.9626,2.1791,49920756.9,103707842.47006,260040,48872502.33199
1618358400000,2.1795,2.2656,1.9802,2.1210,51084091.3,107966512.69034,291558,50364531.10217
1618444800000,2.1213,2.2270,2.0650,2.1854,30760368.1,65935929.39384,187972,32522929.56009
1618531200000,2.1875,2.6864,2.1667,2.5145,78647742.1,187993041.76924,517332,89165160.82758
1618617600000,2.5142,2.6249,2.3305,2.3336,49846947.8,122845517.28411,329787,57137678.79567
1618704000000,2.3334,2.4342,1.4417,2.3710,122134150.8,245446458.66090,624625,113488347.33101
1618790400000,2.3702,2.4863,2.0605,2.0871,73078307.9,166165512.35753,439705,78344615.67883
1618876800000,2.0881,2.3012,1.8300,2.1992,82904257.1,169551017.33533,446438,81274570.82702
1618963200000,2.1983,2.2912,2.0360,2.0627,48574876.5,105502121.46877,314638,49490601.75034
1619049600000,2.0624,2.1642,1.7601,1.8256,67217169.8,136030695.32204,387689,65117748.79643
1619136000000,1.8235,1.9287,1.5152,1.8693,91116749.1,156139126.22756,527243,75603776.33346
1619222400000,1.8693,1.8755,1.6412,1.6663,46121888.3,79845933.83933,271820,38811876.78163
1619308800000,1.6643,1.8120,1.5500,1.6378,52923438.0,89127024.14751,306112,44409028.02943
1619395200000,1.6375,2.0440,1.6115,1.9863,64624533.2,123599842.67455,372035,60175689.42530
1619481600000,1.9869,2.2217,1.9430,2.2092,48930564.8,103707535.54968,301478,48529095.44536
1619568000000,2.2080,2.3036,2.0264,2.1880,56939625.7,123024185.35609,336327,57741175.54192
1619654400000,2.1877,2.1955,1.9792,2.1019,40266960.1,84580402.84066,235810,39686765.09453
1619740800000,2.1023,2.1619,2.0463,2.1520,34644478.4,72908433.41205,220449,34043973.19064
1619827200000,2.1521,2.1618,2.0630,2.1133,31327061.4,66391906.36764,198269,30838794.94868
1619913600000,2.1134,2.1239,2.0051,2.0452,28574508.0,58774701.82129,192774,26835750.85530
1620000000000,2.0453,2.1753,2.0408,2.0854,39872958.5,84913885.05075,252118,39283744.58120
1620086400000,2.0861,2.0946,1.8100,1.8309,62301458.2,120253447.87819,362102,55742121.38526
1620172800000,1.8310,2.0538,1.8137,2.0321,46599238.2,92027553.02968,300913,43641882.23205
1620259200000,2.0312,2.3300,1.9900,2.2238,106220871.7,230854381.11058,736472,107763816.66018
1620345600000,2.2241,2.3914,2.0920,2.1834,88106297.5,198847264.89461,594199,88971945.17015
1620432000000,2.1849,2.2485,2.0999,2.1604,36782585.5,80175247.96808,228839,36305317.77249
1620518400000,2.1612,2.2713,2.0386,2.2629,45679326.2,99121388.53468,272215,46054891.00162
1620604800000,2.2628,2.3093,1.8411,2.0110,61447300.1,131373845.58754,352743,60229066.48038
1620691200000,2.0119,2.1152,1.9433,2.1133,38881680.0,79402615.76113,264353,38058645.47445
1620777600000,2.1133,2.1685,1.7154,1.7981,54087266.7,108629297.00626,300748,50531014.99281
1620864000000,1.7982,1.9902,1.5476,1.9533,87389422.3,160594289.18423,557470,77544446.71012
1620950400000,1.9539,2.0185,1.8702,1.9531,35993907.6,70043149.32969,268929,32770816.47251
1621036800000,1.9529,1.9771,1.8067,1.8563,44699351.9,84376139.29949,298548,40298807.22840
1621123200000,1.8563,2.2026,1.8325,1.9926,91397779.4,187077252.73951,576261,90465194.15462
1621209600000,1.9921,1.9982,1.7201,1.8480,66416086.4,123972620.49520,462525,59393606.05597
1621296000000,1.8466,2.0246,1.8222,1.8834,41417567.4,79335583.19839,283209,38588612.31423
1621382400000,1.8841,1.9089,0.7398,1.1240,142513155.4,196684296.00647,697997,92851731.95828
1621468800000,1.1241,1.3901,1.0071,1.3183,112406792.1,140755292.87833,509504,65463717.35823
1621555200000,1.3184,1.3988,0.9090,1.1053,119002984.1,140466492.00447,511912,65898195.45228
1621641600000,1.1046,1.1308,0.9436,1.0200,79049940.8,82005808.42582,322648,37732740.27510
1621728000000,1.0200,1.0631,0.6700,0.9031,141363722.1,119298453.59430,489327,57257210.51421
1621814400000,0.9027,1.0917,0.8693,1.0632,101522920.9,101720642.27496,370792,49339087.95670
1621900800000,1.0635,1.1140,0.9666,1.0728,62565756.1,65548999.47506,312699,32025959.17430
1621987200000,1.0728,1.2850,1.0546,1.2820,70611875.8,82419862.24496,289946,39175866.22955
1622073600000,1.2820,1.2825,1.1227,1.1690,59185195.9,70534903.24349,251326,32073204.80660
1622160000000,1.1695,1.2091,0.9861,1.0387,58961156.2,63185579.77970,259391,28859825.77403
1622246400000,1.0386,1.1104,0.9169,0.9714,45456817.0,45665451.23496,216757,21515009.33264
1622332800000,0.9712,1.0888,0.9132,1.0281,40404017.3,40943847.73117,198951,19535170.73694
1622419200000,1.0278,1.1127,0.9756,1.1095,40895328.3,43349486.81694,186710,20802197.88393
1622505600000,1.1099,1.1667,1.0765,1.1159,39989749.0,44495165.62083,185354,20561016.49141
1622592000000,1.1159,1.3062,1.0953,1.2679,57288429.4,69820258.93197,241322,34367130.41768
1622678400000,1.2680,1.4300,1.2504,1.3746,74809242.1,101629667.23332,323307,49857933.44208
1622764800000,1.3745,1.3751,1.1687,1.2485,54386046.5,67861506.27183,268858,32481738.10849
1622851200000,1.2487,1.3623,1.1663,1.2096,47893507.4,60624149.04553,230829,28870324.77380
1622937600000,1.2093,1.2636,1.2007,1.2475,27546235.5,33987672.79188,133470,16770624.87692
1623024000000,1.2477,1.3222,1.0800,1.0899,53933060.2,66045398.77137,226752,30843461.64683
1623110400000,1.0901,1.1481,1.0142,1.1401,75745127.9,82258199.80903,304643,40663016.67091
1623196800000,1.1401,1.2109,1.0617,1.1796,63146564.3,72943702.23298,275774,35273322.37216
1623283200000,1.1799,1.1842,1.0814,1.1078,37828310.8,42793907.00568,187880,19230599.82446
1623369600000,1.1080,1.1650,1.0183,1.0373,47279504.9,52384727.08488,201174,25064004.86174
1623456000000,1.0371,1.0648,0.9745,1.0167,38634707.3,39421120.88933,168035,19244904.98163
1623542400000,1.0164,1.1048,0.9972,1.0887,32619485.0,34002133.55445,142056,16303403.87847
1623628800000,1.0891,1.1418,1.0568,1.1279,32421517.6,35739932.12545,134513,16761516.90096
1623715200000,1.1283,1.1717,1.0923,1.1153,25655762.2,29027467.93171,118723,13269751.46234
1623801600000,1.1156,1.1279,1.0513,1.0658,26003189.0,28341883.73096,121837,12990816.61680
1623888000000,1.0658,1.1196,1.0587,1.0990,19890649.8,21796343.48982,93924,10412970.66324
1623974400000,1.0990,1.0991,0.9861,1.0109,32561698.6,33594247.01642,131953,16591887.20606
1624060800000,1.0109,1.0253,0.9600,0.9625,29944967.4,29774566.49453,119976,14180889.76307
1624147200000,0.9623,0.9808,0.8749,0.9593,37983933.0,35364849.31485,144845,17098755.08694
1624233600000,0.9594,0.9645,0.7412,0.7488,71914454.6,59933397.36107,271050,27964082.69994
1624320000000,0.7487,0.8045,0.6180,0.7143,105912036.5,75631384.18857,321718,35904319.04354
1624406400000,0.7143,0.8339,0.6829,0.7941,65467549.5,51150750.81459,199584,25604437.60274
1624492800000,0.7942,0.8486,0.7438,0.8383,48299909.2,38958110.09496,137287,19278744.34422
1624579200000,0.8383,0.8600,0.7534,0.7695,47484768.5,37843895.56128,158289,18556399.31964
1624665600000,0.7695,0.7984,0.7277,0.7848,38124405.6,29003989.80862,143077,14446052.76414
1624752000000,0.7850,0.7995,0.7394,0.7959,31004921.9,23938407.64592,113117,11634760.90860
1624838400000,0.7958,0.8351,0.7845,0.8190,32850930.3,26572160.23264,123742,12910583.74731
1624924800000,0.8189,0.8932,0.8159,0.8423,39025893.0,33331200.75542,136763,16519714.17139
1625011200000,0.8429,0.8726,0.7836,0.8660,38100153.3,31364415.59982,141022,15427135.43216
1625097600000,0.8663,0.8670,0.7750,0.7984,35284226.6,28323072.25321,125644,13493316.21531
1625184000000,0.7982,0.8314,0.7615,0.8258,37658403.5,30003304.78463,135510,14724435.25043
1625270400000,0.8258,0.8448,0.7983,0.8295,25224371.5,20771528.01173,100325,10105162.32949
1625356800000,0.8296,0.8759,0.7965,0.8442,28225763.0,23637147.53636,100538,11411341.19614
1625443200000,0.8440,0.8687,0.8039,0.8218,39584155.8,33084491.41868,131066,15953176.20855
1625529600000,0.8219,0.8800,0.8193,0.8509,34794412.5,29701486.34858,127826,14295856.28855
1625616000000,0.8510,0.9334,0.8365,0.8872,58134076.9,52269233.26660,176867,25105026.99563
1625702400000,0.8870,0.8899,0.8002,0.8144,35363028.3,29681307.50423,120518,13793181.87477
1625788800000,0.8143,0.8420,0.7762,0.8189,36984750.5,30130097.58423,121017,15306941.89123
1625875200000,0.8189,0.8351,0.7673,0.7907,29574673.5,23750468.96238,103698,10950706.18419
1625961600000,0.7908,0.8462,0.7772,0.8390,30016980.6,24662027.45402,103967,11889444.44155
1626048000000,0.8389,0.8441,0.7787,0.7917,26303188.2,21281243.06829,100609,9856667.83276
1626134400000,0.7915,0.8103,0.7315,0.7548,32651992.5,25084191.84354,117342,11816216.12840
1626220800000,0.7548,0.7577,0.6932,0.7386,36297789.9,26380535.98427,120143,12661826.50261
1626307200000,0.7385,0.7536,0.6810,0.6917,31861205.4,22523129.69689,108627,11673172.29068
1626393600000,0.6916,0.7137,0.6510,0.6559,41553045.2,28242563.36061,123106,13212675.33490
1626480000000,0.6559,0.7140,0.6462,0.6862,54860653.3,37617503.56655,144148,18522946.14515
1626566400000,0.6862,0.7144,0.6650,0.6818,38498497.7,26467686.94293,111977,12856201.07622
1626652800000,0.6817,0.6853,0.6193,0.6243,37863500.4,24631561.55292,119366,11921560.68418
1626739200000,0.6246,0.6367,0.5727,0.5889,57300973.8,34057296.34161,153576,16172341.30865
1626825600000,0.5887,0.6529,0.5734,0.6476,54411984.6,34042937.62356,144925,16283486.94000
1626912000000,0.6475,0.6630,0.6279,0.6505,43118258.3,27710271.74832,119821,13273081.10679
1626998400000,0.6506,0.6900,0.6413,0.6831,52764942.5,35134669.68411,139455,17155553.92386
1627084800000,0.6834,0.7409,0.6771,0.7321,53310309.0,37823043.77078,138694,19107385.20708
1627171200000,0.7318,0.7614,0.7055,0.7406,43683798.8,32071485.32358,129933,15158604.61321
1627257600000,0.7405,0.8344,0.7328,0.7557,72562750.9,57493949.78874,209036,28147939.16369
1627344000000,0.7558,0.8955,0.7346,0.8771,99585118.1,83513637.55114,268375,41954555.33615
1627430400000,0.8771,0.8829,0.8226,0.8397,53520426.8,45394933.62579,176835,22296754.67231
1627516800000,0.8406,0.8815,0.8179,0.8481,38342423.7,32342501.64126,125578,15424633.10828
1627603200000,0.8482,0.8610,0.7863,0.8331,46690900.6,38009494.82292,143260,18954513.48877
1627689600000,0.8328,0.9370,0.8203,0.9312,78272757.4,68394644.03738,227178,33376110.56386
1627776000000,0.9308,0.9589,0.8520,0.8714,64612466.9,59527047.26731,210937,28294209.62681
1627862400000,0.8718,0.9275,0.8585,0.8941,38889732.9,34919344.35905,133345,17049577.24512
1627948800000,0.8939,0.9053,0.8458,0.8496,38131458.8,33366977.26931,131741,16369877.76718
1628035200000,0.8497,0.8869,0.8350,0.8740,35940171.4,30962518.31504,117622,14205017.64858
1628121600000,0.8740,0.8861,0.8230,0.8777,45410978.0,38965123.79018,141891,19310374.56795
1628208000000,0.8778,0.9472,0.8476,0.9175,49295734.7,44383941.33900,163059,20149806.11482
1628294400000,0.9175,0.9614,0.9013,0.9371,47864964.1,44475150.91407,154613,20714668.80900
1628380800000,0.9377,0.9457,0.8563,0.8776,36844437.2,33279522.22249,134499,15773959.33893
1628467200000,0.8776,0.9328,0.8500,0.9186,40319837.2,36277236.48197,133067,17434290.80812
1628553600000,0.9186,0.9994,0.9005,0.9784,80431534.4,76476592.00671,232836,35770688.32077
1628640000000,0.9781,1.0868,0.9661,1.0532,91535474.8,95486247.05749,284271,44666519.65435
1628726400000,1.0534,1.1175,0.9764,1.0507,75518710.8,78748569.89475,240477,36899635.07009
1628812800000,1.0510,1.1142,1.0332,1.1088,76589488.2,82485810.34904,300438,41711030.97693
1628899200000,1.1089,1.1686,1.0758,1.1598,69259581.5,77847815.44444,244931,35915952.51324
1628985600000,1.1603,1.1808,1.0956,1.1662,44429991.6,50558490.16378,173453,23048421.14974
1629072000000,1.1657,1.2187,1.0950,1.1018,49571867.4,57667178.01537,207594,27258115.58331
1629158400000,1.1016,1.1390,0.9936,1.0172,54818993.0,59102453.50382,245191,27307066.27442
1629244800000,1.0174,1.0545,0.9587,0.9991,66533472.3,67384996.71593,238244,31711131.11789
1629331200000,0.9992,1.0586,0.9500,1.0572,52340345.3,52395257.56997,191497,25315646.94065
1629417600000,1.0574,1.1162,1.0357,1.1062,44994563.8,48630814.53379,160463,22235972.28367
1629504000000,1.1064,1.1193,1.0575,1.0717,36540757.5,39754082.14155,139336,18132712.06313
1629590400000,1.0711,1.1720,1.0629,1.1660,61173229.5,68496861.86428,211770,31505908.84678
1629676800000,1.1660,1.1900,1.1221,1.1549,52046132.2,60047094.65129,171729,26271820.51866
1629763200000,1.1548,1.1762,1.0469,1.0577,52332497.8,58363730.85231,211659,26787635.88556
1629849600000,1.0576,1.0898,1.0024,1.0819,55778123.6,58719910.55316,215391,28321480.80493
1629936000000,1.0819,1.0919,0.9555,0.9703,51077198.4,51577249.48723,189118,25028472.46024
1630022400000,0.9703,1.0468,0.9350,1.0417,46733588.2,46572138.12691,176877,23819427.26987
1630108800000,1.0419,1.0478,1.0015,1.0140,32998451.3,33600614.79951,121293,17413189.08996
1630195200000,1.0143,1.0353,0.9800,1.0047,35719860.7,35971213.55473,131776,18859548.52297
1630281600000,1.0045,1.0240,0.9560,0.9659,42168430.3,41783866.73720,150259,21241388.00258
1630368000000,0.9655,1.0270,0.9517,0.9890,33705990.5,33484841.38729,141237,15871756.27436
1630454400000,0.9890,1.1475,0.9620,1.1339,122614744.6,134098936.10045,394342,66394818.72727
1630540800000,1.1339,1.6788,1.1225,1.5440,647153162.8,912937446.39088,1803962,474518325.45603
1630627200000,1.5434,1.6500,1.4876,1.5727,254246623.7,396158101.89190,860820,198114340.44022
1630713600000,1.5732,2.0834,1.5459,1.9858,310640651.6,558812921.15399,1161289,284607820.01881
1630800000000,1.9867,1.9912,1.7316,1.8010,149117183.6,273090167.67368,563026,131655456.21832
1630886400000,1.8012,1.9835,1.7613,1.8017,140215957.7,262466282.37036,529401,123421492.11460
1630972800000,1.8019,1.8840,1.2054,1.5178,159555092.8,258422620.41094,691744,121571872.61933
1631059200000,1.5179,1.7202,1.4190,1.5177,125469735.3,195133850.87233,578279,95206861.04547
1631145600000,1.5177,1.6244,1.4818,1.5647,94565490.0,147032204.69545,435300,69897533.67223
1631232000000,1.5648,1.7680,1.4875,1.5363,121192445.6,198940872.31662,582182,94025975.46887
1631318400000,1.5364,1.5671,1.4741,1.4995,50763872.3,77355129.04735,256124,36418128.36205
1631404800000,1.5006,1.5481,1.4430,1.5118,36414388.9,54563225.95763,205198,25347523.17835
1631491200000,1.5110,1.5246,1.2977,1.4001,48702769.2,68214795.16519,261725,32248078.67133
1631577600000,1.4003,1.5680,1.3769,1.5601,92311469.2,139082248.83588,418044,65709566.86568
1631664000000,1.5597,1.6621,1.5130,1.6073,63536112.4,101613118.42826,309945,47670906.28923
1631750400000,1.6073,1.6377,1.4695,1.5220,50870217.7,78858506.39646,247002,35707113.83130
1631836800000,1.5221,1.7600,1.4835,1.7414,170524258.7,280145807.91546,773093,137635826.51048
1631923200000,1.7416,1.7499,1.6035,1.6638,72817215.4,121651850.10678,369981,56703429.08660
1632009600000,1.6641,1.6644,1.5003,1.5312,39884926.7,62931921.28341,241957,28862531.24461
1632096000000,1.5313,1.5366,1.2600,1.2978,78115862.9,107233193.48119,446610,50688425.79087
1632182400000,1.2976,1.3489,1.1719,1.2170,74529779.5,94733342.04016,424675,46277326.82715
1632268800000,1.2173,1.3737,1.1916,1.3583,67446749.6,88476362.20617,371564,43154874.04592
1632355200000,1.3582,1.3997,1.3178,1.3813,49024634.5,66772107.87779,283685,31555217.53977
1632441600000,1.3811,1.3853,1.1814,1.2573,57720746.1,73446379.31579,336505,35017836.34073
1632528000000,1.2574,1.2724,1.2040,1.2221,44923481.7,55497574.04151,270213,27370170.21961
1632614400000,1.2222,1.2283,1.1069,1.1695,49783151.1,58652490.64096,281123,28179314.52118
1632700800000,1.1698,1.2141,1.1302,1.1318,37735072.0,44385812.00128,235819,21735427.37730
1632787200000,1.1318,1.1562,1.0433,1.0472,48243159.2,53536360.91682,260472,24912062.31706
1632873600000,1.0466,1.1102,1.0160,1.0424,71676110.1,76475465.96053,320216,35658639.37580
1632960000000,1.0423,1.1581,1.0269,1.1432,81447920.9,89927508.00244,335640,43168065.52808
1633046400000,1.1432,1.3529,1.1315,1.3133,89074826.6,110433138.07015,370421,53544206.72898
1633132800000,1.3138,1.3445,1.1879,1.2645,100307598.4,125931255.99678,452716,58332577.66783
1633219200000,1.2648,1.3306,1.2108,1.2193,75830162.4,96774778.82127,327584,42997626.58525
1633305600000,1.2192,1.2330,1.1515,1.1939,76461940.3,91922226.74440,314135,40975628.88737
1633392000000,1.1940,1.2423,1.1705,1.2239,50871057.1,61604757.11378,218066,29358178.75946
1633478400000,1.2243,1.3436,1.1855,1.2863,100860559.7,127477037.15056,402362,58490313.50167
1633564800000,1.2865,1.3039,1.2406,1.2801,60005708.4,76194187.51177,261409,35029314.71890
1633651200000,1.2806,1.3546,1.2640,1.3344,63164151.9,83135382.59010,275517,37829885.14147
1633737600000,1.3344,1.3821,1.2932,1.3794,58920104.7,79346423.11733,255272,35846147.84097
1633824000000,1.3796,1.5162,1.3564,1.4010,142614023.4,205086447.86071,551929,96919790.36832
1633910400000,1.4004,1.5925,1.3917,1.4404,168630055.7,250662389.07202,668640,121019991.17031
1633996800000,1.4404,1.4412,1.2751,1.3400,90604907.3,120736761.43485,377234,57249379.36206
1634083200000,1.3394,1.3607,1.2936,1.3598,57665317.5,76344771.18830,232515,36740033.07606
1634169600000,1.3599,1.3880,1.3310,1.3521,43490255.9,59126419.17292,204791,27988323.52573
1634256000000,1.3518,1.3561,1.2550,1.2888,55386061.5,72031190.62141,249531,35147337.87057
1634342400000,1.2890,1.3430,1.2670,1.2935,55624076.1,72384542.99748,218821,32969314.01663
1634428800000,1.2935,1.3078,1.1968,1.2472,39054656.3,49288362.84698,169379,21855622.98685
1634515200000,1.2473,1.2532,1.2008,1.2380,38229265.7,47003057.63417,184843,21757686.56075
1634601600000,1.2377,1.2540,1.2130,1.2422,27655307.3,34175837.97491,131833,16434620.06210
1634688000000,1.2421,1.3140,1.2206,1.2993,45147431.1,57063899.55320,200151,26343813.94343
1634774400000,1.2994,1.3200,1.2490,1.2805,63354448.6,81675652.40389,255737,36675568.58614
1634860800000,1.2805,1.3761,1.2768,1.3467,66578308.2,89032007.69108,243943,41440973.96678
1634947200000,1.3470,1.3491,1.3022,1.3275,31792211.2,42161525.49754,142839,20029911.51553
1635033600000,1.3274,1.3573,1.2671,1.3040,43600683.3,57380207.27584,213655,25800414.19848
1635120000000,1.3042,1.3498,1.2931,1.3455,31280057.9,41593451.19613,170151,17635887.93295
1635206400000,1.3455,1.4290,1.3370,1.3729,61155779.3,84868412.84533,245499,39531159.28342
1635292800000,1.3730,1.3954,1.0957,1.1959,85058124.2,106313150.34699,336262,49237511.27536
1635379200000,1.1959,1.2670,1.1798,1.2489,46305054.1,57086435.27640,196532,26833429.76186
1635465600000,1.2488,1.3053,1.2431,1.2985,33779080.8,43152292.38140,155455,20273536.27778
1635552000000,1.2985,1.4470,1.2405,1.4027,88085466.6,119193779.14652,365253,57367986.89432
1635638400000,1.4026,1.5153,1.3212,1.4742,104622545.7,148497101.88674,433317,70132965.34297
1635724800000,1.4742,1.4900,1.3677,1.4103,48857463.8,68941375.76895,215629,31115283.44498
1635811200000,1.4106,1.4120,1.3730,1.4007,31303304.0,43518372.41435,137725,19758318.25573
1635897600000,1.4009,1.4063,1.3013,1.3706,44938850.0,61130632.04619,211215,27506647.38484
1635984000000,1.3706,1.3890,1.3202,1.3477,39033604.9,52869634.35806,183406,24569115.26547
1636070400000,1.3484,1.3914,1.3285,1.3785,33096613.1,45107786.05347,176562,20453657.43701
1636156800000,1.3784,1.3789,1.2800,1.3440,25474907.2,33882994.65751,142540,14939023.80465
1636243200000,1.3441,1.3498,1.3255,1.3449,14863128.7,19911928.67276,85010,9365962.80918
1636329600000,1.3449,1.3947,1.3200,1.3860,30778969.2,42090940.25861,152567,18806008.94921
1636416000000,1.3860,1.4553,1.3600,1.4112,57522860.2,81406889.36398,266684,36807634.59502
1636502400000,1.4116,1.4418,1.1939,1.2969,82792862.6,111883454.52669,306660,49437759.71690
1636588800000,1.2958,1.3488,1.2791,1.3278,40277931.5,53108030.09799,203878,24660393.65900
1636675200000,1.3281,1.3386,1.2450,1.2838,34320484.2,44259258.05277,176906,21189035.55648
1636761600000,1.2837,1.3351,1.2666,1.3173,27830448.0,36392136.32290,154400,17061189.65281
1636848000000,1.3162,1.3290,1.2808,1.3054,16627457.0,21649357.37958,99207,10388559.07488
1636934400000,1.3054,1.3399,1.2808,1.3266,30201673.1,39820382.62966,165578,18806557.99550
1637020800000,1.3269,1.4459,1.1000,1.3463,214380669.0,284044730.55521,821409,136675616.20808
1637107200000,1.3464,1.4791,1.2824,1.4457,255911884.3,358096021.25204,1048727,173460008.50182
1637193600000,1.4456,1.4700,1.2247,1.2464,100421325.0,134246070.48291,440021,62005668.61601
1637280000000,1.2471,1.3194,1.2115,1.3004,46414722.4,58758162.64579,232208,28389627.76593
1637366400000,1.3005,1.3293,1.2515,1.3102,31435984.2,40723423.49731,182555,20059141.80728
1637452800000,1.3103,1.3844,1.2810,1.3518,40800925.8,54322861.08271,234764,26129402.51326
1637539200000,1.3521,1.5687,1.2930,1.4266,326223247.3,481098542.31307,1333490,233136550.75206
1637625600000,1.4268,1.4684,1.3523,1.4587,94379919.3,132811243.94952,458378,62845534.45101
1637712000000,1.4587,1.5400,1.3800,1.4997,93740114.3,137819060.95216,501415,64989293.04372
1637798400000,1.4996,1.6666,1.4800,1.5821,91125965.3,143732313.45643,520262,68044945.62009
1637884800000,1.5820,1.5905,1.3401,1.3682,73968172.8,105708109.99562,392794,48571288.21815
1637971200000,1.3681,1.4200,1.3464,1.3700,33221477.9,46225725.57284,202689,21345793.22731
1638057600000,1.3699,1.3725,1.2365,1.3473,48621314.4,63205534.16105,259342,28949879.47935
1638144000000,1.3472,1.4250,1.3220,1.4099,53608360.2,74068995.85282,279249,35555194.24205
1638230400000,1.4099,1.4567,1.3520,1.4544,54361841.6,76818809.72920,296971,36832563.12369
1638316800000,1.4550,1.4710,1.3647,1.3887,40206604.3,56979839.00411,238931,26930847.59437
1638403200000,1.3890,1.5561,1.3328,1.5150,147618144.4,220012801.76788,652379,108931349.00796
1638489600000,1.5150,1.5187,1.3410,1.4112,72297946.2,104723237.22313,341099,48697824.94748
1638576000000,1.4115,1.4115,0.9609,1.1905,93715158.4,110359169.36881,399304,52855782.95391
1638662400000,1.1900,1.2182,1.0911,1.1500,53096685.5,61250245.81081,240004,29278395.09974
1638748800000,1.1497,1.1731,1.0231,1.1675,59704412.6,65669437.19562,301773,32290207.41212
1638835200000,1.1670,1.2166,1.1462,1.1727,45509951.8,53875728.91338,222484,25742443.41174
1638921600000,1.1724,1.2202,1.1402,1.1976,38015649.3,45162076.47140,206539,22559459.96284
1639008000000,1.1976,1.2365,1.1263,1.1380,51509326.0,60957895.34813,262889,29466694.03488
1639094400000,1.1379,1.2015,1.1025,1.1066,50624328.2,58120338.12668,245803,28420577.47633
1639180800000,1.1060,1.1617,1.0861,1.1435,27567780.5,31307830.79582,166135,15427628.48532
1639267200000,1.1428,1.1521,1.1054,1.1364,24461400.8,27624685.44627,137984,12959716.01695
1639353600000,1.1373,1.1455,1.0025,1.0283,40923133.4,43815622.24335,210089,21643330.99092
1639440000000,1.0284,1.0696,1.0074,1.0605,41556356.7,43413237.42078,204900,21079135.42911
1639526400000,1.0605,1.1273,0.9935,1.1058,41007972.4,43342814.22379,194359,20250013.78602
1639612800000,1.1061,1.1865,1.0991,1.1386,37892377.9,43447038.72476,182228,21245337.29746
1639699200000,1.1383,1.2017,1.0796,1.1107,52869804.3,60430914.67932,246472,29812637.82004
1639785600000,1.1110,1.1341,1.0876,1.1290,22947208.0,25591956.97832,136044,12154234.65538
1639872000000,1.1294,1.1307,1.0578,1.0633,24186483.3,26410198.03362,133571,12190856.95435
1639958400000,1.0628,1.0820,1.0175,1.0775,34998418.6,36844040.65314,203517,17031340.05613
1640044800000,1.0774,1.3261,1.0667,1.3107,116317399.4,140917354.88892,460171,72583134.11017
1640131200000,1.3114,1.3432,1.2568,1.2705,100013943.6,129296534.72679,400084,63790631.12717
1640217600000,1.2705,1.3115,1.2261,1.2929,47570487.8,60321270.27943,237775,28826778.99786
1640304000000,1.2932,1.3188,1.2450,1.2843,34821332.3,44719948.01771,182085,20861811.95576
1640390400000,1.2844,1.3684,1.2682,1.3143,44590420.6,59400210.65030,233132,29259568.80709
1640476800000,1.3144,1.4443,1.2653,1.3907,58839440.8,81292924.81581,284589,40035424.30102
1640563200000,1.3909,1.4318,1.3662,1.3797,42171730.0,59147266.38584,217785,27536139.82256
1640649600000,1.3801,1.5247,1.3000,1.4268,198279791.0,287528587.51147,781749,140320658.62170
1640736000000,1.4268,1.5482,1.4260,1.4797,193133299.8,288728376.74821,797441,142304611.60664
1640822400000,1.4797,1.5380,1.4160,1.4251,101767067.8,151332848.41717,458929,73757783.17077
1640908800000,1.4251,1.4650,1.3312,1.3636,75347806.4,105729301.32418,326949,49445204.52579
1640995200000,1.3641,1.4279,1.3410,1.4104,45777789.2,63159242.68690,211572,31550793.61538
1641081600000,1.4100,1.4129,1.3621,1.3723,30471621.9,42174542.95177,150844,20590599.21991
1641168000000,1.3723,1.4060,1.3347,1.3846,38721832.8,52995230.86218,176773,25035254.54994
1641254400000,1.3848,1.3940,1.2703,1.2766,50401109.1,66935695.74692,220159,29661005.82393
1641340800000,1.2770,1.2963,1.0922,1.1693,69197338.7,85430871.24979,282737,35875591.15231
1641427200000,1.1692,1.2111,1.1251,1.1838,59374193.7,69965547.89280,255143,34526320.55767
1641513600000,1.1836,1.1882,1.0839,1.1130,47202348.1,53206377.36177,210746,25975715.36270
1641600000000,1.1125,1.1374,1.0259,1.0752,41694918.6,45255165.05463,188027,21857562.45767
1641686400000,1.0756,1.1024,1.0308,1.0709,39406988.2,42095976.37710,167085,21085839.89002
1641772800000,1.0708,1.1220,1.0020,1.1093,81933521.6,87773849.46284,329061,41678847.95158
1641859200000,1.1087,1.1523,1.0713,1.1400,76768772.5,85656571.76759,321072,41082905.27661
1641945600000,1.1400,1.1969,1.1326,1.1877,38336885.1,44867608.49530,193988,22304660.76044
1642032000000,1.1876,1.2019,1.1011,1.1074,51499415.9,59474044.92969,238329,28907291.62639
1642118400000,1.1071,1.1285,1.0766,1.1207,27104056.4,29946640.91621,124515,14272749.00596
1642204800000,1.1207,1.1554,1.1151,1.1260,24751215.2,28164377.60013,112887,13076956.61280
1642291200000,1.1259,1.1604,1.1155,1.1365,20198728.8,22995568.47452,106706,11069683.26203
1642377600000,1.1364,1.1899,1.1160,1.1613,57689053.3,66381235.84515,237675,31533825.14532
1642464000000,1.1612,1.1952,1.0744,1.1005,65201691.1,73611633.57100,254954,34626945.32125
1642550400000,1.1004,1.1047,1.0373,1.0492,40315913.9,42731755.27156,183232,19886701.09162
1642636800000,1.0487,1.1123,1.0082,1.0166,56904314.7,60917951.19981,225587,30878194.46104
1642723200000,1.0163,1.0355,0.8337,0.8559,87607335.5,82204137.73429,304993,38621149.50964
1642809600000,0.8555,0.8774,0.6949,0.7790,92143699.1,71927772.45494,309452,35001570.67656
1642896000000,0.7793,0.8392,0.7652,0.8147,55921697.0,44669004.11671,188086,22186933.41406
1642982400000,0.8144,0.8144,0.6928,0.7897,68714800.0,51344087.66938,234555,25392115.66927
1643068800000,0.7894,0.8225,0.7685,0.8096,51272196.6,41161715.88805,171365,20237449.52783
1643155200000,0.8100,0.8676,0.7901,0.8025,45159710.8,37406889.33095,181008,18393767.36105
1643241600000,0.8024,0.8317,0.7663,0.8011,35359751.4,28218003.56465,151772,13963888.27743
1643328000000,0.8010,0.8216,0.7740,0.8166,28744172.0,23024612.05046,122254,11598381.63999
1643414400000,0.8164,0.8465,0.8134,0.8303,20294153.2,16800753.26411,105860,8368238.11158
1643500800000,0.8306,0.8519,0.8004,0.8130,18599706.1,15374412.22383,98187,7513604.42309
1643587200000,0.8127,0.8387,0.7808,0.8329,23799522.8,19316748.05713,109842,9485661.92354
1643673600000,0.8332,0.8632,0.8303,0.8385,27050159.4,22864779.31075,139590,11187770.61869
1643760000000,0.8385,0.9101,0.8310,0.8389,56674542.2,49318547.50284,215797,24161722.08242
1643846400000,0.8392,0.9300,0.8210,0.9262,80499023.9,70260338.69383,244409,35225824.30007
1643932800000,0.9257,0.9621,0.9008,0.9572,67042294.6,62151890.63079,227456,31866034.48837
1644019200000,0.9568,0.9805,0.9179,0.9474,38280391.8,36565709.71479,147894,17097665.81310
1644105600000,0.9474,0.9595,0.9121,0.9579,25518071.4,23969027.23082,117077,12206631.80302
1644192000000,0.9580,1.0166,0.9307,0.9979,33466182.4,32604295.43867,135495,16097732.32001
1644278400000,0.9981,1.0100,0.9381,0.9868,48926340.6,47631633.78583,199197,23784647.63651
1644364800000,0.9868,1.0533,0.9840,1.0201,90012540.4,92431630.26625,296963,44896751.44963
1644451200000,1.0203,1.0220,0.9418,0.9478,58933864.6,58047474.19616,217547,26975887.20626
1644537600000,0.9479,0.9770,0.8550,0.8744,36389738.4,33989848.44487,177450,16558610.59069
1644624000000,0.8743,0.8966,0.8440,0.8738,24611943.7,21489130.16155,118057,10496823.14704
1644710400000,0.8740,0.8976,0.8457,0.8475,19645219.2,17146663.36977,102716,8470958.41018
1644796800000,0.8477,0.8633,0.8132,0.8450,27076431.1,22668811.63941,117592,10488472.97900
1644883200000,0.8453,0.9006,0.8445,0.8980,29402241.6,25732994.58634,128628,12187108.38047
1644969600000,0.8982,0.9141,0.8673,0.8919,29805288.6,26624955.46831,138139,12136902.61675
1645056000000,0.8914,0.9150,0.8076,0.8210,24417901.6,21186783.76797,125467,10291917.56295
1645142400000,0.8211,0.8467,0.7918,0.8010,19145749.5,15677878.55360,85496,7648381.87737
1645228800000,0.8008,0.8392,0.7808,0.8264,33964583.8,27699120.94327,132431,13216443.59318
1645315200000,0.8263,0.8265,0.7749,0.7854,42590890.4,33940009.38843,145712,17340655.17094
1645401600000,0.7852,0.8242,0.7054,0.7101,49384143.1,37890488.84464,169615,18643957.94033
1645488000000,0.7099,0.7536,0.6923,0.7506,32255907.3,23396781.05963,110698,11479050.96649
1645574400000,0.7505,0.7795,0.7087,0.7109,24771104.0,18608847.95514,95822,9526171.82418
1645660800000,0.7112,0.7160,0.6165,0.6947,61484307.9,40521222.57604,187610,19901411.76744
1645747200000,0.6946,0.7454,0.6875,0.7378,31057466.9,22135197.37389,119357,10747228.22179
1645833600000,0.7379,0.7645,0.7306,0.7442,21053918.0,15704907.32311,86130,7479022.50347
1645920000000,0.7446,0.7451,0.6963,0.7094,36655125.1,26498536.39598,127787,11992090.50235
1646006400000,0.7093,0.7975,0.7025,0.7960,42299119.8,31659497.19608,155259,15793926.53253
1646092800000,0.7959,0.8159,0.7727,0.7994,34717958.5,27661118.45483,125240,13924324.76908
1646179200000,0.7994,0.8093,0.7666,0.7867,26073203.9,20563142.75815,111248,9821302.82075
1646265600000,0.7866,0.7964,0.7474,0.7586,22071557.0,17062975.63302,98665,8338514.77108
1646352000000,0.7588,0.7623,0.7067,0.7095,21428548.0,15755238.89183,91179,7635543.64747
1646438400000,0.7095,0.7419,0.6923,0.7355,21278851.1,15347466.30668,80834,7386696.29612
1646524800000,0.7354,0.7455,0.6899,0.6921,23655579.3,16982583.53368,99237,8309559.87051
1646611200000,0.6925,0.7276,0.6743,0.6929,32281751.4,22489159.96640,123084,10785244.12617
1646697600000,0.6928,0.7196,0.6889,0.7046,25312794.2,17879935.40453,94120,9577658.87599
1646784000000,0.7046,0.7443,0.7016,0.7389,23760157.0,17373199.39326,81938,8208752.45541
1646870400000,0.7389,0.7876,0.7081,0.7317,91186033.0,67953618.81180,274643,33230696.34333
1646956800000,0.7316,0.7331,0.7000,0.7105,32809286.3,23466903.03844,103253,11229611.52711
1647043200000,0.7105,0.7241,0.6974,0.6989,25503803.9,18104732.39460,88437,8986604.01004
1647129600000,0.6990,0.7137,0.6733,0.6797,21956529.3,15333307.78150,75797,6931223.65235
1647216000000,0.6797,0.7131,0.6677,0.7115,26954973.9,18543716.97851,91175,8935853.28597
1647302400000,0.7116,0.7191,0.6850,0.7027,25040887.1,17527811.79820,85374,8290491.80212
1647388800000,0.7029,0.7267,0.6858,0.7233,31458276.0,22269375.49104,112668,10782401.68391
1647475200000,0.7232,0.7270,0.7082,0.7151,19195593.0,13745291.63326,63947,6557834.09510
1647561600000,0.7155,0.7352,0.6972,0.7285,16952590.2,12120031.57790,68869,5677958.38729
1647648000000,0.7284,0.7571,0.7253,0.7503,16085577.0,11938231.70446,71256,5972722.01344
1647734400000,0.7503,0.7872,0.7407,0.7514,39278025.3,29990021.28839,146007,15287528.91816
1647820800000,0.7515,0.7554,0.7270,0.7442,26007023.9,19212874.93514,101041,8371237.92901
1647907200000,0.7442,0.7938,0.7403,0.7743,38466059.5,29805814.27377,138150,16054398.93829
1647993600000,0.7746,0.7899,0.7605,0.7816,28246211.3,21846718.32361,111914,9765081.38203
1648080000000,0.7817,0.8290,0.7663,0.8047,47588992.4,38029478.74108,165012,18255334.21424
1648166400000,0.8046,0.8183,0.7696,0.7819,32829200.0,26309842.24024,135998,11591709.53617
1648252800000,0.7818,0.8325,0.7751,0.8307,29296079.6,23667299.51479,110653,11605902.68422
1648339200000,0.8307,0.8803,0.8165,0.8750,50636033.7,42871944.65938,192976,20246494.79612
1648425600000,0.8751,0.9063,0.8390,0.8485,36675458.3,32454781.26354,133271,15037755.42195
1648512000000,0.8485,0.8985,0.8400,0.8639,33279346.8,29004740.06792,121133,13828504.79687
1648598400000,0.8638,0.8997,0.8347,0.8933,31157077.8,27261712.37793,125592,13116257.06319
1648684800000,0.8932,0.9510,0.8405,0.8529,62250593.3,56084219.49869,249106,25848849.93292
1648771200000,0.8532,0.8922,0.8211,0.8915,30904166.6,26712239.55660,140374,12321747.45152
1648857600000,0.8916,0.9298,0.8779,0.8913,33528502.3,30396257.88579,138259,14163259.33707
1648944000000,0.8914,0.9129,0.8801,0.9017,23451076.0,21091460.78201,101707,9729003.43065
1649030400000,0.9017,0.9022,0.8307,0.8637,28115187.2,24386073.24422,114266,11262841.73850
1649116800000,0.8643,0.8669,0.8171,0.8230,25207479.0,21286095.55393,96990,10161042.95193
1649203200000,0.8229,0.8238,0.7312,0.7350,46631202.3,35959687.66634,159537,16671377.87272
1649289600000,0.7351,0.7718,0.7173,0.7659,25063037.1,18820890.37428,113516,9184021.94741
1649376000000,0.7658,0.7728,0.7141,0.7213,23853611.6,17876863.12068,106482,8472792.45457
1649462400000,0.7209,0.7468,0.7189,0.7460,14945855.6,10934064.25335,78205,5420517.20801
1649548800000,0.7460,0.7480,0.7104,0.7126,16600122.7,12136062.58164,64994,5810210.68493
1649635200000,0.7126,0.7176,0.6365,0.6488,41642158.5,28110371.21202,123754,13394660.48668
1649721600000,0.6487,0.6730,0.6366,0.6646,40529528.9,26594769.68065,119474,12669420.18421
1649808000000,0.6648,0.6859,0.6455,0.6812,43497013.7,28991856.32579,119754,13758311.97275
1649894400000,0.6812,0.6840,0.6480,0.6626,35851612.0,23948071.94499,111400,11032916.73663
1649980800000,0.6626,0.6767,0.6552,0.6738,26916300.8,17960049.03664,80950,8518611.14364
1650067200000,0.6740,0.6796,0.6583,0.6745,18179712.7,12198286.14259,55324,6039451.22198
1650153600000,0.6745,0.6789,0.6416,0.6447,19447329.2,12966440.08849,63121,6248406.22318
1650240000000,0.6447,0.6729,0.6100,0.6650,38942015.4,25003220.91741,113345,11372954.07394
1650326400000,0.6651,0.6869,0.6565,0.6866,28216467.7,18992974.54024,89246,9364263.46033
1650412800000,0.6866,0.6921,0.6601,0.6778,39750117.2,26964006.27328,105100,12908124.08022
1650499200000,0.6777,0.7027,0.6438,0.6625,45935067.3,31350073.71783,134130,14903541.27655
1650585600000,0.6624,0.6930,0.6566,0.6733,43332756.2,29232087.36015,119191,14303375.45319
1650672000000,0.6734,0.6957,0.6670,0.6807,40763023.4,27931159.73761,112904,13089082.09428
1650758400000,0.6805,0.6845,0.6502,0.6602,25819679.4,17206909.98091,87184,7768727.15687
1650844800000,0.6606,0.6611,0.6082,0.6493,46209946.8,29116666.19963,126425,13865993.20251
1650931200000,0.6493,0.6561,0.5911,0.5996,36678635.1,22886424.13886,104111,10756390.64159
1651017600000,0.5996,0.6248,0.5889,0.6168,26532457.0,16194694.88271,79447,8249336.59828
1651104000000,0.6168,0.6277,0.6041,0.6161,27647424.1,17040428.31067,88169,8292389.39261
1651190400000,0.6161,0.6179,0.5626,0.5733,30221553.3,17895345.35268,85008,8361983.97087
1651276800000,0.5732,0.5863,0.5117,0.5287,41204602.8,22831518.91777,105978,10700370.48298
1651363200000,0.5287,0.5497,0.5158,0.5446,37288235.6,19912345.20387,97194,9763195.11572
1651449600000,0.5446,0.5526,0.5100,0.5325,43084258.6,22732401.32405,98017,10835337.83978
1651536000000,0.5326,0.5473,0.4855,0.5014,61540524.2,31741977.98177,128516,15083780.95906
1651622400000,0.5015,0.5573,0.4977,0.5538,63859002.1,33348881.34506,135531,16165789.03957
1651708800000,0.5538,0.5608,0.4850,0.4978,63763832.9,33301524.22662,138402,15903245.12790
1651795200000,0.4978,0.5045,0.4748,0.4932,49286478.8,24201632.86640,110913,11619036.52895
1651881600000,0.4932,0.4993,0.4631,0.4760,33312380.2,16232254.46134,77302,8021597.47663
1651968000000,0.4760,0.4829,0.4583,0.4654,35812600.9,16806913.62524,84046,7977334.10864
1652054400000,0.4655,0.4761,0.3846,0.3888,88531087.3,37169016.48209,187652,18362382.78544
1652140800000,0.3887,0.4399,0.3722,0.3906,130506682.1,53021245.92956,266082,25685090.81346
1652227200000,0.3903,0.3992,0.2724,0.2968,213216018.0,70441728.06959,385948,34945484.13992
1652313600000,0.2970,0.3128,0.2349,0.2944,157839975.7,43037639.19682,285555,21674008.11119
1652400000000,0.2944,0.3593,0.2890,0.3156,64103407.3,21137158.22508,124752,10242572.77505
1652486400000,0.3156,0.3564,0.3104,0.3487,65340419.8,21664688.05031,113387,11152883.46275
1652572800000,0.3488,0.3814,0.3383,0.3741,68862876.6,24575991.23446,115874,12321134.64332
1652659200000,0.3741,0.3743,0.3387,0.3581,52402432.7,18670930.96457,101841,9389631.62447
1652745600000,0.3582,0.3977,0.3581,0.3902,90756210.9,34719909.09197,159916,17360778.72492
1652832000000,0.3901,0.3943,0.3311,0.3340,64132732.3,23334135.17122,111620,11452582.52177
1652918400000,0.3337,0.3493,0.3167,0.3403,102616302.4,33950197.74980,143992,17118127.19040
1653004800000,0.3403,0.3443,0.3146,0.3189,58519060.2,19276148.24486,95360,9610218.48249
1653091200000,0.3188,0.3351,0.3080,0.3289,70985192.6,22960239.70797,100573,11360252.07050
1653177600000,0.3289,0.3532,0.3274,0.3487,49050529.6,16730164.56245,75587,8260298.78863
1653264000000,0.3486,0.3624,0.3236,0.3314,60642182.5,21112673.22736,97963,10312708.70794
1653350400000,0.3312,0.3432,0.3148,0.3395,52820391.0,17524915.94809,88010,8727532.35122
1653436800000,0.3395,0.3467,0.3250,0.3341,56135692.0,18789489.27548,87554,9234331.46005
1653523200000,0.3341,0.3413,0.2987,0.3085,70629449.1,22362308.57171,116647,11071232.54948
1653609600000,0.3083,0.3196,0.2942,0.3019,79240804.3,24314906.99685,126350,12014449.23953
1653696000000,0.3018,0.3216,0.2989,0.3191,48545704.6,15091716.93998,74953,7558487.79297
1653782400000,0.3189,0.3281,0.3076,0.3274,54367216.7,17210949.63199,76558,8341567.54856
1653868800000,0.3274,0.3541,0.3240,0.3485,65333998.2,22193713.48473,99387,11077443.52641
1653955200000,0.3486,0.3567,0.3377,0.3527,49766298.6,17325578.83536,90592,8388164.04182
1654041600000,0.3528,0.3649,0.3254,0.3303,76886870.0,26887330.03459,121214,13162939.94812
1654128000000,0.3304,0.3560,0.3290,0.3559,42364629.0,14447061.38896,72150,7197953.66748
1654214400000,0.3557,0.3782,0.3372,0.3462,106574482.5,38023733.74249,146831,18889377.51097
1654300800000,0.3462,0.3531,0.3365,0.3490,35313343.1,12213165.42986,55911,6209726.96898
1654387200000,0.3491,0.3557,0.3426,0.3480,24633739.0,8587292.35626,44526,4322052.20875
1654473600000,0.3479,0.3869,0.3463,0.3633,80054847.1,29710028.22709,117609,15344605.28135
1654560000000,0.3633,0.3638,0.3331,0.3523,78577174.7,27110181.74765,116283,13337068.75879
1654646400000,0.3523,0.3639,0.3408,0.3491,49087747.5,17316436.93861,83115,8440528.86340
1654732800000,0.3492,0.3582,0.3406,0.3459,37650429.7,13129314.79923,63045,6263032.01620
1654819200000,0.3459,0.3477,0.3175,0.3219,40182120.8,13300852.75491,70345,6377927.35801
1654905600000,0.3219,0.3283,0.2906,0.3003,44843662.8,13764602.33401,84320,6578951.63324
1654992000000,0.3005,0.3033,0.2783,0.2811,56998880.7,16539574.68559,98583,7984949.26489
1655078400000,0.2811,0.2848,0.2421,0.2575,107022434.8,27645104.29035,188910,13893581.87938
1655164800000,0.2575,0.2707,0.2380,0.2666,85976059.5,22219499.94098,129719,11258677.50309
1655251200000,0.2666,0.2861,0.2396,0.2855,85076722.1,21809140.06147,126061,10936339.33211
1655337600000,0.2857,0.2911,0.2477,0.2548,50258132.2,13338948.42385,83255,6388084.78010
1655424000000,0.2549,0.2693,0.2526,0.2658,43538977.4,11470317.32004,62314,5572858.45124
1655510400000,0.2659,0.2711,0.2305,0.2510,61989390.6,15460833.36058,85861,7650622.51615
1655596800000,0.2510,0.2797,0.2394,0.2731,48930606.4,12583044.17301,69183,6178955.81952
1655683200000,0.2733,0.2870,0.2632,0.2791,41231282.5,11375751.47683,65671,5457278.69494
1655769600000,0.2792,0.2968,0.2743,0.2890,50313767.4,14548808.95205,75117,7229073.91794
1655856000000,0.2891,0.3141,0.2705,0.2840,89207820.4,25908484.68034,116979,13148840.05065
1655942400000,0.2841,0.3183,0.2820,0.3001,128604526.8,38608340.15869,172170,18846079.68604
1656028800000,0.3002,0.3118,0.2956,0.3047,48167304.2,14638013.32181,65866,7164378.68187
1656115200000,0.3048,0.3128,0.2891,0.3042,42362689.2,12761838.95508,57213,6223865.24092
1656201600000,0.3043,0.3112,0.2815,0.2836,45453134.5,13540202.44857,63495,6496039.07873
1656288000000,0.2834,0.2985,0.2819,0.2890,46120127.8,13433681.53337,60581,6816989.72411
1656374400000,0.2889,0.2950,0.2726,0.2746,47297942.2,13517859.42208,60377,6751653.61616
1656460800000,0.2748,0.2791,0.2636,0.2704,48370210.2,13125104.61783,63726,6414414.17557
1656547200000,0.2704,0.2709,0.2500,0.2690,61641637.3,15968160.54323,73912,8167350.38725
1656633600000,0.2691,0.2746,0.2569,0.2635,51224469.8,13560684.14692,58626,6841543.85425
1656720000000,0.2635,0.2714,0.2566,0.2694,35133423.4,9263681.36265,43387,4585842.53663
1656806400000,0.2694,0.2738,0.2614,0.2699,35697114.5,9544237.77836,38418,4656108.23776
1656892800000,0.2697,0.2802,0.2630,0.2790,39673135.7,10764166.58630,49162,5245144.79868
1656979200000,0.2792,0.2817,0.2610,0.2709,52539939.7,14230070.72536,59549,6862211.42933
1657065600000,0.2709,0.2782,0.2676,0.2750,38094550.3,10384306.39157,44559,5166746.99366
1657152000000,0.2751,0.2886,0.2725,0.2870,40136367.6,11233406.02657,48191,5551223.00308
1657238400000,0.2871,0.2952,0.2759,0.2797,46389463.0,13180054.68360,56959,6568973.50465
1657324800000,0.2797,0.2928,0.2795,0.2884,23509419.9,6747688.14568,36472,3432279.36090
1657411200000,0.2884,0.3092,0.2809,0.2970,233601432.6,69962265.54594,197654,35902154.80010
1657497600000,0.2971,0.2971,0.2631,0.2658,94398952.5,26389479.45490,103385,12568543.56122
1657584000000,0.2658,0.2702,0.2526,0.2541,61207633.9,15970892.71521,74175,7487792.68429
1657670400000,0.2542,0.2675,0.2468,0.2653,63544414.9,16392511.82817,82915,8202031.52612
1657756800000,0.2654,0.2719,0.2557,0.2685,41955127.2,11071914.07741,59124,5378700.57070
1657843200000,0.2685,0.2763,0.2656,0.2704,41811804.2,11295846.71956,56857,5415835.64638
1657929600000,0.2704,0.2801,0.2639,0.2783,34340684.3,9359109.66831,53280,4455982.39808
1658016000000,0.2783,0.2852,0.2714,0.2729,33204291.2,9223000.70666,57037,4478743.75207
1658102400000,0.2729,0.2982,0.2727,0.2956,53195564.9,15291307.99542,77219,7718707.09168
1658188800000,0.2956,0.3127,0.2873,0.3085,79365938.1,23888497.08698,105690,12004415.48598
1658275200000,0.3085,0.3173,0.2881,0.2920,89549311.9,27451312.83949,118651,13134767.07068
1658361600000,0.2921,0.3021,0.2814,0.2994,57675875.4,16899399.00429,83124,8235025.56736
1658448000000,0.2994,0.3235,0.2956,0.3008,95820689.1,29823472.68194,120280,14434164.00029
1658534400000,0.3008,0.3121,0.2910,0.3014,43937964.1,13229558.83002,70924,6302856.17540
1658620800000,0.3013,0.3094,0.2992,0.3018,27934417.8,8491491.29502,49712,4171916.41210
1658707200000,0.3018,0.3041,0.2742,0.2746,50687979.1,14613126.41015,76562,6932866.86256
1658793600000,0.2746,0.2762,0.2644,0.2757,40146821.0,10845486.99382,67142,5351792.30655
1658880000000,0.2757,0.2981,0.2689,0.2980,44941052.9,12659985.34045,67260,6298229.29634
1658966400000,0.2980,0.3201,0.2921,0.3136,57848628.7,17657586.43783,84189,8723989.16109
1659052800000,0.3136,0.3226,0.3032,0.3093,54621082.2,17137168.54268,81403,8447629.22312
1659139200000,0.3093,0.3359,0.3076,0.3166,74685791.8,24162025.05378,109373,11684849.70721
1659225600000,0.3167,0.3374,0.3133,0.3173,46706202.8,15187284.14654,79865,7468784.64668
1659312000000,0.3174,0.3465,0.3152,0.3361,80249730.1,26628043.32265,116292,12913471.78415
1659398400000,0.3360,0.3404,0.3086,0.3197,53040249.3,16936766.42840,86100,8061894.99479
1659484800000,0.3198,0.3344,0.3115,0.3195,39661209.5,12936611.42634,66651,6241248.44882
1659571200000,0.3195,0.3310,0.3154,0.3305,41141361.8,13283896.69199,72209,6395142.23370
1659657600000,0.3306,0.3407,0.3279,0.3399,38741114.3,12957636.05336,70326,6343974.68072
1659744000000,0.3402,0.3461,0.3377,0.3412,22542087.2,7722863.78468,49981,3928191.36652
1659830400000,0.3410,0.3548,0.3350,0.3424,44226518.9,15329809.22073,76648,7436923.13967
1659916800000,0.3425,0.3560,0.3371,0.3471,45296051.4,15802543.13805,67890,7703868.89270
1660003200000,0.3470,0.3484,0.3200,0.3287,44245277.9,14747231.96974,69529,7035237.64421
1660089600000,0.3286,0.3488,0.3220,0.3479,38289291.2,12951333.99372,67478,6372701.67140
1660176000000,0.3478,0.3715,0.3474,0.3494,51920395.4,18466855.46029,86231,9271167.18759
1660262400000,0.3494,0.3639,0.3432,0.3631,34120123.2,12081785.39455,62944,6036750.39320
1660348800000,0.3631,0.3636,0.3535,0.3597,21911178.1,7871280.62192,47524,3848722.00187
1660435200000,0.3596,0.3664,0.3424,0.3465,38588004.7,13721593.75721,68749,6955999.98190
1660521600000,0.3465,0.3567,0.3382,0.3443,59772245.3,20718555.80666,94702,10063394.45901
1660608000000,0.3444,0.3469,0.3350,0.3387,38101436.3,12998636.75399,70281,6362766.45011
1660694400000,0.3386,0.3539,0.3165,0.3195,56453315.1,18924797.63476,96257,9153079.77822
1660780800000,0.3195,0.3238,0.3031,0.3052,37678162.7,11973770.24827,63261,5633693.51917
1660867200000,0.3052,0.3066,0.2783,0.2825,82289237.8,23750121.82568,103755,11795020.18815
1660953600000,0.2826,0.2924,0.2754,0.2838,41327147.4,11801856.42166,62187,5793495.65143
1661040000000,0.2838,0.2981,0.2820,0.2947,34241233.8,9952296.13977,51307,4833823.94762
1661126400000,0.2947,0.2949,0.2761,0.2902,40560692.1,11555734.06856,62304,5805431.28338
1661212800000,0.2903,0.2985,0.2803,0.2976,44105303.3,12856549.86245,61327,6399792.34888
1661299200000,0.2976,0.3063,0.2905,0.2982,48972669.6,14669869.42113,64510,7066262.06973
1661385600000,0.2982,0.3069,0.2977,0.3052,37861460.7,11442780.47473,50109,5535467.49520
1661472000000,0.3052,0.3082,0.2756,0.2785,63919302.8,18866068.30095,84291,9037462.33222
1661558400000,0.2785,0.2817,0.2724,0.2792,34350157.8,9555060.69884,49941,4823579.82364
1661644800000,0.2793,0.2854,0.2712,0.2729,31746843.4,8886620.12207,43802,4557897.80033
1661731200000,0.2729,0.2921,0.2687,0.2907,38765606.6,10854715.47247,51524,5200948.02593
1661817600000,0.2907,0.2962,0.2807,0.2879,43747479.1,12654460.53621,59492,6133603.16363
1661904000000,0.2880,0.2967,0.2788,0.2806,44163986.0,12693471.92167,68755,6316772.05050
1661990400000,0.2805,0.2842,0.2739,0.2841,34522537.9,9646290.94542,51746,4587922.91443
1662076800000,0.2841,0.2876,0.2770,0.2807,34512460.8,9743847.63157,51011,4885235.66120
1662163200000,0.2808,0.2827,0.2765,0.2800,20120357.0,5625448.40520,34446,2617883.02627
1662249600000,0.2801,0.2943,0.2801,0.2905,57092801.7,16508091.64705,69863,8021831.33629
1662336000000,0.2905,0.2936,0.2782,0.2818,55271534.3,15625749.24655,67541,7431322.91581
1662422400000,0.2820,0.2880,0.2586,0.2589,72702863.8,20091959.08259,86340,9807259.08698
1662508800000,0.2591,0.2795,0.2550,0.2759,38631732.6,10323694.65361,52690,4942483.63726
1662595200000,0.2759,0.2820,0.2682,0.2789,45649025.2,12519623.74153,53703,6270473.94865
1662681600000,0.2790,0.2968,0.2779,0.2919,45914702.7,13272959.57430,57315,6640690.85951
1662768000000,0.2919,0.3000,0.2903,0.2949,33602970.9,9903792.42328,46929,5133454.65122
1662854400000,0.2950,0.2980,0.2859,0.2919,28270360.0,8252110.46253,42984,3988861.62544
1662940800000,0.2919,0.2997,0.2869,0.2913,44357183.3,13012537.97689,60082,6497690.85901
1663027200000,0.2914,0.2935,0.2665,0.2675,58920247.3,16544684.61375,77285,7940788.35596
1663113600000,0.2676,0.2736,0.2643,0.2716,47326505.5,12760776.13878,58101,6184190.50804
1663200000000,0.2716,0.2723,0.2575,0.2620,53728627.8,14211492.19481,66382,7075084.75784
1663286400000,0.2621,0.2643,0.2555,0.2622,40399866.2,10516283.40766,51660,5050315.98697
1663372800000,0.2623,0.2710,0.2621,0.2700,20302775.1,5407292.99782,31842,2692550.11506
1663459200000,0.2701,0.2714,0.2430,0.2514,49873573.8,12944418.43752,60187,6458898.42372
1663545600000,0.2515,0.2624,0.2453,0.2594,52703710.8,13381998.76469,64340,6674413.19359
1663632000000,0.2594,0.2644,0.2539,0.2615,53216122.9,13817165.60245,59920,6815296.66013
1663718400000,0.2616,0.2694,0.2481,0.2512,73417448.1,18974823.65621,86733,9471864.96203
1663804800000,0.2512,0.2749,0.2503,0.2721,57075436.1,15079566.52611,62091,7378136.25854
1663891200000,0.2721,0.2889,0.2674,0.2839,97305644.1,26932493.89553,105685,13581085.84730
1663977600000,0.2838,0.2891,0.2773,0.2785,44497772.1,12609343.84355,60612,6165805.32315
1664064000000,0.2786,0.2835,0.2697,0.2737,39306501.8,10877922.86211,51120,5412432.19691
1664150400000,0.2737,0.3150,0.2721,0.3109,704059713.2,212207674.73345,544939,111877801.77548
1664236800000,0.3109,0.3280,0.3045,0.3064,333226272.3,104290947.43843,290914,53273453.21224
1664323200000,0.3064,0.3147,0.2909,0.2952,222080532.1,66914308.77320,208594,32901157.88409
1664409600000,0.2952,0.3054,0.2881,0.2918,125266198.8,36813145.54766,128022,17753469.65175
1664496000000,0.2918,0.2952,0.2829,0.2871,94082972.0,27219029.44584,101674,13146696.72814
1664582400000,0.2872,0.2985,0.2870,0.2927,83341683.7,24432630.65738,90157,12320385.40993
1664668800000,0.2927,0.2942,0.2727,0.2746,67287768.5,18994229.36412,81951,8735433.14243
1664755200000,0.2745,0.2796,0.2715,0.2782,54871551.9,15176797.80154,70002,7320769.22812
1664841600000,0.2782,0.2829,0.2767,0.2815,41235959.5,11558559.33409,55284,5652594.00147
1664928000000,0.2816,0.2826,0.2692,0.2742,58812094.5,16144692.57261,73543,7741810.37890
1665014400000,0.2742,0.2770,0.2635,0.2676,71884640.9,19499074.35849,78474,9321944.79555
1665100800000,0.2676,0.2711,0.2614,0.2694,48063255.1,12842453.61040,59786,6194919.07853
1665187200000,0.2695,0.2734,0.2647,0.2673,31716788.4,8553959.12792,47803,4181350.58566
1665273600000,0.2673,0.2763,0.2669,0.2719,63644882.5,17401013.81733,74129,8273114.69126
1665360000000,0.2719,0.2754,0.2585,0.2601,54029581.3,14477553.79544,68662,6686539.56589
1665446400000,0.2600,0.2628,0.2500,0.2612,49241929.4,12725938.12700,63161,6072138.85139
1665532800000,0.2612,0.2639,0.2561,0.2573,32908090.9,8569507.14495,49185,4117688.06251
1665619200000,0.2574,0.2586,0.2363,0.2546,90472604.8,22308855.25063,97775,11066562.60713
1665705600000,0.2546,0.2627,0.2460,0.2481,53396542.6,13618036.94557,66087,6575969.00035
1665792000000,0.2480,0.2488,0.2428,0.2450,37924294.9,9333480.53114,50489,4194729.53393
1665878400000,0.2449,0.2525,0.2446,0.2493,48448948.6,12019272.91172,61666,6406141.29569
1665964800000,0.2493,0.2550,0.2462,0.2544,52157391.8,13076638.99155,63424,6651619.35966
1666051200000,0.2544,0.2571,0.2459,0.2494,61282740.6,15388760.88311,70614,7567208.10794
1666137600000,0.2494,0.2528,0.2384,0.2418,65916256.5,16239511.12672,73213,7810478.08782
1666224000000,0.2418,0.2489,0.2379,0.2434,59641403.6,14530635.95387,68736,7308518.45696
1666310400000,0.2434,0.2486,0.2354,0.2477,66796639.7,16196640.64576,73215,7905116.30274
1666396800000,0.2478,0.2493,0.2441,0.2469,27652106.0,6818678.06545,40929,3346265.15475
1666483200000,0.2469,0.2511,0.2400,0.2495,47271765.1,11615933.73596,61126,5575554.04629
1666569600000,0.2494,0.2505,0.2421,0.2476,56937543.8,14047325.96397,63312,6753472.56914
1666656000000,0.2476,0.2566,0.2447,0.2521,57839296.2,14489949.27699,67711,7145147.21890
1666742400000,0.2522,0.2588,0.2520,0.2569,87939355.7,22541429.97238,88572,11426048.71756
1666828800000,0.2569,0.2644,0.2480,0.2504,76089147.0,19560774.47150,89560,9502949.45103
1666915200000,0.2504,0.2574,0.2479,0.2554,72103047.9,18171423.75832,81244,8697353.91282
1667001600000,0.2554,0.2637,0.2551,0.2579,59355275.0,15381451.91842,79281,7516784.82323
1667088000000,0.2578,0.2668,0.2557,0.2599,71817329.6,18733614.16312,85878,9012893.55344
1667174400000,0.2600,0.2641,0.2551,0.2579,63582124.5,16491201.64335,75499,8244268.89690
1667260800000,0.2579,0.2623,0.2548,0.2551,43784878.9,11327072.24387,58802,5735009.78500
1667347200000,0.2551,0.2564,0.2443,0.2490,75236564.8,18873334.32050,79155,9149665.19570
1667433600000,0.2490,0.2578,0.2481,0.2547,51914088.9,13202905.78796,62387,6573883.98748
1667520000000,0.2548,0.2724,0.2532,0.2713,70163924.2,18543445.70425,82686,9376204.22803
1667606400000,0.2712,0.2773,0.2669,0.2719,59038712.4,16134046.30040,79526,7898929.04955
1667692800000,0.2719,0.2774,0.2591,0.2596,54555365.9,14792325.85124,78642,7199109.56660
1667779200000,0.2595,0.2653,0.2528,0.2611,63566521.6,16580139.94391,83877,8266788.97867
1667865600000,0.2611,0.2706,0.2025,0.2341,224724816.7,54767424.80545,236636,27306073.82073
1667952000000,0.2342,0.2347,0.1929,0.2043,155630596.3,33814845.86206,181476,16459304.64098
1668038400000,0.2045,0.2420,0.2008,0.2352,109381837.7,24308799.24931,145519,12322295.88348
1668124800000,0.2351,0.2400,0.2165,0.2304,61534073.4,14042065.64708,93282,7145068.84199
1668211200000,0.2304,0.2306,0.2153,0.2171,41938967.8,9273829.00976,62073,4637369.66946
1668297600000,0.2172,0.2212,0.2095,0.2138,46382048.6,9993479.07748,67430,5102831.09242
1668384000000,0.2139,0.2221,0.2013,0.2193,64723662.8,13749440.48625,91855,6853924.79619
1668470400000,0.2192,0.2281,0.2153,0.2231,42008873.9,9340330.69520,57138,4623833.32199
1668556800000,0.2231,0.2281,0.2139,0.2181,39084136.6,8625979.59918,55223,4269185.75179
1668643200000,0.2180,0.2204,0.2116,0.2185,37091311.2,8039633.44596,54012,3990171.99285
1668729600000,0.2185,0.2216,0.2159,0.2180,26323060.4,5756752.67140,45097,2629612.87302
1668816000000,0.2181,0.2243,0.2147,0.2228,27431223.2,6049959.72379,43512,3076546.81124
1668902400000,0.2228,0.2330,0.2115,0.2122,56359705.9,12588800.63284,71464,6325177.30719
1668988800000,0.2122,0.2213,0.2037,0.2142,155219763.6,33213200.49837,141127,16674359.11573
1669075200000,0.2143,0.2159,0.2045,0.2149,57165808.8,12034342.22481,65212,5801091.76250
1669161600000,0.2149,0.2202,0.2109,0.2191,50146100.3,10850508.17370,64020,5502352.23786
1669248000000,0.2191,0.2208,0.2116,0.2157,38279966.7,8274855.09755,50736,3951451.35749
1669334400000,0.2156,0.2156,0.2091,0.2120,34560810.1,7308096.41709,46102,3555642.52752
1669420800000,0.2121,0.2169,0.2119,0.2143,32760912.4,7017186.51132,46884,3631238.69384
1669507200000,0.2143,0.2199,0.2115,0.2128,42854006.8,9264137.24780,62305,4653006.18775
1669593600000,0.2130,0.2149,0.2030,0.2072,61539634.4,12752223.87754,83208,5662034.44492
1669680000000,0.2072,0.2124,0.2051,0.2097,40190262.6,8410184.44451,55987,4196534.90973
1669766400000,0.2096,0.2172,0.2094,0.2159,44386492.7,9495851.87321,58307,4668188.53022
1669852800000,0.2158,0.2164,0.2095,0.2119,44311221.5,9441989.59709,58265,4566772.48370
1669939200000,0.2119,0.2155,0.2075,0.2136,60606363.2,12846980.68692,68837,6309448.53289
1670025600000,0.2137,0.2158,0.2096,0.2101,31213167.4,6667878.79098,46903,3183980.07652
1670112000000,0.2101,0.2143,0.2099,0.2118,27917013.7,5907020.38341,41145,2849198.28202
1670198400000,0.2116,0.2165,0.2115,0.2141,48580370.6,10394249.50366,61882,5188416.21507
1670284800000,0.2142,0.2170,0.2092,0.2131,43582133.9,9268665.93576,61830,4519091.54151
1670371200000,0.2131,0.2136,0.2031,0.2056,50560865.0,10459200.27972,61784,4902422.82691
1670457600000,0.2057,0.2086,0.2010,0.2077,51358960.9,10532007.14376,56295,5068486.61653
1670544000000,0.2077,0.2095,0.2039,0.2056,42731859.9,8841425.50998,49433,4272984.16789
1670630400000,0.2057,0.2104,0.2052,0.2085,35321300.6,7359052.13593,45651,3899438.23939
1670716800000,0.2086,0.2114,0.2064,0.2074,27748927.7,5817679.90437,35676,2995343.96816
1670803200000,0.2075,0.2075,0.1978,0.2026,58212459.4,11730102.66590,62158,5621838.48552
1670889600000,0.2026,0.2051,0.1948,0.2045,61618626.1,12406535.93693,63765,6322678.08763
1670976000000,0.2045,0.2059,0.1907,0.1960,114917615.5,22834544.40762,102141,10895593.74015
1671062400000,0.1960,0.1980,0.1810,0.1859,93814485.7,17844489.39353,86824,8049525.36009
1671148800000,0.1859,0.1873,0.1610,0.1644,127823073.7,22602782.43127,102955,10745132.32697
1671235200000,0.1645,0.1722,0.1622,0.1706,64797418.3,10869810.11085,59462,5324227.66634
1671321600000,0.1707,0.1722,0.1668,0.1681,34406831.8,5833424.33104,38139,2679041.15046
1671408000000,0.1682,0.1703,0.1556,0.1598,60304786.2,9905436.76494,58384,4811972.89452
1671494400000,0.1598,0.1672,0.1586,0.1660,48476519.6,7985461.03694,50585,3948399.97586
1671580800000,0.1660,0.1671,0.1616,0.1653,39462984.7,6499939.81673,42693,3072152.12417
1671667200000,0.1653,0.1677,0.1633,0.1674,42214777.9,6992945.87411,41736,3350115.07490
1671753600000,0.1674,0.1706,0.1665,0.1699,36985891.9,6248560.61090,38832,3010658.11342
1671840000000,0.1699,0.1710,0.1678,0.1706,21121482.3,3579493.17172,27455,1825487.80639
1671926400000,0.1705,0.1762,0.1702,0.1726,116454934.5,20138485.49165,79308,10210655.62474
1672012800000,0.1726,0.1761,0.1695,0.1761,50262838.3,8656892.24922,45635,4241665.43364
1672099200000,0.1761,0.1769,0.1712,0.1730,45737949.3,7957252.34293,41197,3861634.23494
1672185600000,0.1730,0.1734,0.1647,0.1697,68208392.3,11515622.36931,60248,5807269.96637
1672272000000,0.1697,0.1721,0.1662,0.1691,47362492.5,8024348.07634,45268,3801151.78035
1672358400000,0.1691,0.1714,0.1661,0.1699,35324973.5,5974797.60321,35453,2878461.65462
1672444800000,0.1700,0.1730,0.1680,0.1689,19669717.7,3363021.18098,25099,1757484.04925
1672531200000,0.1689,0.1721,0.1677,0.1719,21112735.2,3592117.16107,25139,1641067.23869
1672617600000,0.1719,0.1831,0.1691,0.1811,62736719.2,11165466.42235,55798,6014174.90431
1672704000000,0.1811,0.1836,0.1768,0.1782,67568425.4,12166844.56122,58877,5744204.40647
1672790400000,0.1781,0.1814,0.1761,0.1787,78718264.2,14082434.98457,62711,6809341.60423
1672876800000,0.1787,0.1821,0.1766,0.1802,51151881.2,9177357.20124,48914,4629716.09510
1672963200000,0.1803,0.1826,0.1739,0.1821,50748266.7,9037655.23958,51010,4233063.45093
1673049600000,0.1821,0.1844,0.1788,0.1798,27911821.4,5060286.15008,30940,2392949.54411
1673136000000,0.1798,0.1839,0.1768,0.1827,38680496.1,6935732.18762,35891,3450325.34952
1673222400000,0.1827,0.1916,0.1814,0.1864,78367904.5,14637955.10547,69967,7689248.01218
1673308800000,0.1864,0.1913,0.1830,0.1903,64598697.1,12083449.87452,67702,6028151.69927
1673395200000,0.1903,0.1932,0.1844,0.1928,62223308.5,11698601.23038,64202,5377595.91464
1673481600000,0.1928,0.1972,0.1867,0.1962,86277830.8,16631090.99676,85185,8693111.53244
1673568000000,0.1962,0.2022,0.1916,0.2021,67502863.8,13256550.58296,75616,6498731.06728
1673654400000,0.2022,0.2164,0.1977,0.2130,120453180.1,25032329.46759,118599,11958768.95955
1673740800000,0.2129,0.2206,0.2071,0.2145,103334754.4,22144893.42167,101780,10701316.27293
1673827200000,0.2147,0.2202,0.2039,0.2125,92884091.3,19705566.69958,90445,9631927.82048
1673913600000,0.2125,0.2230,0.2082,0.2153,91870758.8,19881133.67479,90714,9923326.54316
1674000000000,0.2153,0.2208,0.1997,0.2007,113235141.1,23903892.64644,111518,11685110.25700
1674086400000,0.2007,0.2073,0.2000,0.2052,60529685.6,12321462.71711,72130,5833599.81293
1674172800000,0.2052,0.2204,0.2029,0.2196,62625987.2,13143473.01983,78890,6344652.61415
1674259200000,0.2196,0.2239,0.2136,0.2168,86280459.5,18970726.31334,97739,9258266.13002
1674345600000,0.2168,0.2332,0.2165,0.2242,92794627.2,20910976.37435,107405,10328759.38328
1674432000000,0.2243,0.2308,0.2216,0.2302,78839485.5,17866297.82000,97559,8815629.55925
1674518400000,0.2302,0.2419,0.2165,0.2192,112937948.2,26251543.10271,117506,12351793.15608
1674604800000,0.2192,0.2318,0.2108,0.2283,76380100.4,16845894.53523,98376,8292133.94937
1674691200000,0.2284,0.2339,0.2238,0.2319,71896602.4,16427895.58178,89957,8258722.94371
1674777600000,0.2319,0.2523,0.2244,0.2451,221562314.0,53281854.94344,193312,26053038.54228
1674864000000,0.2451,0.2451,0.2324,0.2372,56376154.5,13440742.36734,70245,6302584.09299
1674950400000,0.2371,0.2425,0.2346,0.2410,45103993.6,10787875.88848,62998,5523552.91795
1675036800000,0.2410,0.2423,0.2180,0.2236,83315081.1,19112143.71239,97351,8967756.06046
1675123200000,0.2237,0.2285,0.2201,0.2270,55189917.4,12384081.54771,62388,6053021.61659
1675209600000,0.2270,0.2342,0.2150,0.2334,71129360.7,15934781.90687,83185,7744939.89375
1675296000000,0.2335,0.2406,0.2289,0.2311,71484273.9,16806303.69670,86673,7959003.41773
1675382400000,0.2310,0.2389,0.2300,0.2387,73524392.9,17246454.77881,88852,8611635.14130
1675468800000,0.2386,0.2474,0.2375,0.2449,67840409.3,16464505.39029,82583,8052833.78744
1675555200000,0.2448,0.2560,0.2321,0.2380,107747185.8,26247596.08541,121104,12715221.60981
1675641600000,0.2380,0.2547,0.2375,0.2414,112804083.8,27793482.38217,125190,13755763.44562
1675728000000,0.2414,0.2518,0.2371,0.2510,79152788.2,19229022.35024,88196,9497588.68104
1675814400000,0.2510,0.2545,0.2360,0.2464,69115993.2,17059264.83750,84325,8147016.59132
1675900800000,0.2464,0.2493,0.2206,0.2287,107900234.5,25526382.64929,128469,12498414.10350
1675987200000,0.2287,0.2349,0.2270,0.2310,64629499.9,14917159.97910,83754,7262495.60581
1676073600000,0.2309,0.2364,0.2270,0.2343,40448900.4,9363003.58747,57290,4610760.12404
1676160000000,0.2342,0.2380,0.2283,0.2319,37479478.1,8748490.68773,53835,4454183.58653
1676246400000,0.2320,0.2359,0.2207,0.2272,80560551.7,18328973.39577,98568,8732964.18270
1676332800000,0.2273,0.2332,0.2237,0.2330,57582751.2,13145350.50050,72909,6576072.21541
1676419200000,0.2328,0.2482,0.2306,0.2479,53019830.2,12623957.20385,68244,6402641.05138
1676505600000,0.2479,0.2502,0.2331,0.2340,79131954.2,19414033.48197,93851,9207866.47606
1676592000000,0.2341,0.2486,0.2331,0.2455,76024742.8,18325174.45539,87140,9127489.21287
1676678400000,0.2455,0.2511,0.2434,0.2484,40795819.9,10088649.32381,56024,5178788.00358
1676764800000,0.2484,0.2568,0.2442,0.2517,69045856.4,17299282.98636,78997,8479453.70031
1676851200000,0.2516,0.2747,0.2451,0.2685,108606588.6,28760488.70510,117286,14114433.81666
1676937600000,0.2686,0.2698,0.2506,0.2571,72083911.5,18682527.25158,88759,9147633.53741
1677024000000,0.2571,0.2591,0.2440,0.2554,81430837.6,20351432.08284,94388,9645611.60963
1677110400000,0.2554,0.2583,0.2479,0.2539,65396908.7,16623303.61616,74508,8066773.92051
1677196800000,0.2540,0.2658,0.2459,0.2526,133085353.0,34141390.41548,152940,16575150.23947
1677283200000,0.2526,0.2672,0.2492,0.2560,175447709.8,45548080.00860,192642,22490541.60593
1677369600000,0.2560,0.2562,0.2461,0.2520,67826364.0,17005445.69339,102166,8219906.29253
1677456000000,0.2519,0.2552,0.2424,0.2473,111435624.3,27679874.70073,135751,13020454.25674
1677542400000,0.2474,0.2479,0.2360,0.2398,63854128.1,15506209.30766,89018,7504257.35356
1677628800000,0.2399,0.2522,0.2363,0.2509,68670996.4,16958178.58077,110018,7963641.87995
1677715200000,0.2509,0.2513,0.2340,0.2402,64248782.9,15455682.49360,90618,7238879.42402
1677801600000,0.2402,0.2404,0.2145,0.2225,91822345.1,20399435.78400,101608,9751264.13451
1677888000000,0.2224,0.2239,0.2109,0.2161,32936717.1,7192062.01071,53160,3441864.36493
1677974400000,0.2162,0.2200,0.2136,0.2156,33691967.8,7325496.37912,50438,3450967.71173
1678060800000,0.2156,0.2156,0.2097,0.2127,53332147.5,11339278.37083,71505,5828334.06846
1678147200000,0.2127,0.2154,0.2014,0.2084,84919148.1,17644174.72502,98176,8651319.75963
1678233600000,0.2085,0.2092,0.1956,0.1996,84787054.7,17093574.56848,92188,7912345.36322
1678320000000,0.1997,0.2088,0.1854,0.1909,169798779.4,33726593.91434,160515,16287192.13563
1678406400000,0.1909,0.1914,0.1764,0.1871,132381625.9,24498930.18922,121366,11890984.34633
1678492800000,0.1870,0.1925,0.1784,0.1912,100586339.9,18672280.64271,115550,9418848.22850
1678579200000,0.1912,0.2028,0.1882,0.2026,108899174.2,21111824.42046,110411,10485472.54641
1678665600000,0.2026,0.2170,0.1972,0.2151,103354086.5,21310162.20385,114710,10297666.11287
1678752000000,0.2151,0.2238,0.2101,0.2190,109573822.1,23802580.32247,128631,11779303.01884
1678838400000,0.2190,0.2227,0.1981,0.2048,112492670.5,23657188.98934,125478,11967668.59982
1678924800000,0.2047,0.2124,0.2014,0.2117,72901271.0,15049150.05948,101108,7407112.96516
1679011200000,0.2117,0.2301,0.2104,0.2296,86267142.2,18960199.99994,114542,9374125.80551
1679097600000,0.2296,0.2327,0.2154,0.2179,88802015.1,19904087.65728,108920,9817955.23172
1679184000000,0.2180,0.2261,0.2166,0.2224,63554363.8,14083612.48012,85816,6926543.88795
1679270400000,0.2225,0.2250,0.2105,0.2123,78969809.4,17211645.69898,117233,8890266.75578
1679356800000,0.2123,0.2215,0.2064,0.2197,68195878.2,14673647.51885,119105,7287692.17115
1679443200000,0.2198,0.2199,0.1995,0.2078,94292708.4,19983962.71599,128380,9706040.05478
1679529600000,0.2078,0.2172,0.2051,0.2163,59436584.1,12634907.15609,88202,5902985.72081
1679616000000,0.2164,0.2174,0.2040,0.2084,59111516.8,12411747.76009,110100,6226071.96272
1679702400000,0.2085,0.2105,0.2013,0.2048,44124296.9,9054435.34522,81058,4463626.69885
1679788800000,0.2049,0.2135,0.2029,0.2092,43772093.3,9180899.39411,80630,4236392.83140
1679875200000,0.2091,0.2102,0.1946,0.1994,73321268.1,14744963.46095,108918,6966192.09216
1679961600000,0.1994,0.2060,0.1968,0.2038,54458070.0,10952495.01413,99697,5643747.97590
1680048000000,0.2039,0.2162,0.2034,0.2153,59693206.9,12594938.87395,88573,6556830.76632
1680134400000,0.2152,0.2174,0.2063,0.2110,47528858.1,10059551.59603,70835,4900446.63458
1680220800000,0.2110,0.2180,0.2064,0.2166,36212241.4,7675749.88485,60074,3935030.36003
1680307200000,0.2166,0.2254,0.2165,0.2234,49544458.7,10974494.24602,75306,5340220.28545
1680393600000,0.2233,0.2267,0.2116,0.2157,37012563.1,8094746.31712,60813,3921109.69019
1680480000000,0.2157,0.2174,0.2071,0.2157,54397120.9,11585156.85822,81732,5599677.33442
1680566400000,0.2158,0.2243,0.2125,0.2217,79298738.7,17360919.14242,110972,8378144.61825
1680652800000,0.2218,0.2303,0.2192,0.2294,55973335.9,12576867.14495,83377,6235552.92581
1680739200000,0.2294,0.2387,0.2235,0.2272,153725116.7,35402782.44754,175543,17470674.54927
1680825600000,0.2272,0.2381,0.2238,0.2285,96632264.2,22193845.78999,118647,11020709.50439
1680912000000,0.2285,0.2310,0.2231,0.2246,41686874.2,9465128.39941,66004,4290510.86849
1680998400000,0.2247,0.2266,0.2164,0.2233,54576003.5,12049578.97759,74492,5605602.63885
1681084800000,0.2234,0.2275,0.2185,0.2267,43096289.8,9572434.07305,67020,4885074.43318
1681171200000,0.2268,0.2286,0.2237,0.2267,58531420.0,13240860.89034,81136,6220393.03477
1681257600000,0.2268,0.2272,0.2146,0.2208,96617489.7,21167244.99018,115445,10183805.44838
1681344000000,0.2209,0.2240,0.2172,0.2230,56741925.7,12523982.76485,77030,6356232.07547
1681430400000,0.2231,0.2288,0.2200,0.2275,83172170.7,18738134.67093,99012,8843593.41532
1681516800000,0.2275,0.2286,0.2224,0.2255,54590691.0,12280242.44339,66848,5903512.25349
1681603200000,0.2255,0.2303,0.2208,0.2292,66473061.4,15063835.20913,75348,7340145.86984
1681689600000,0.2293,0.2300,0.2196,0.2236,76780394.4,17235494.36833,96474,8493001.27187
1681776000000,0.2237,0.2300,0.2210,0.2287,45940713.3,10409346.18913,63317,5145901.07226
1681862400000,0.2287,0.2294,0.2022,0.2074,97349535.5,20755019.08788,101202,9815008.16057
1681948800000,0.2074,0.2114,0.2010,0.2080,93437803.0,19333684.34492,97287,9442810.45528
1682035200000,0.2080,0.2106,0.1961,0.1999,83995610.9,17145765.51719,95546,8284402.27776
1682121600000,0.1998,0.2032,0.1974,0.2028,33776045.9,6753150.47355,47130,3291153.33890
1682208000000,0.2028,0.2029,0.1944,0.1996,49106679.8,9782271.07542,58659,4708598.98869
1682294400000,0.1996,0.2015,0.1941,0.1996,54475291.2,10802673.64633,68035,5299311.70146
1682380800000,0.1996,0.2027,0.1934,0.2017,54755752.4,10799957.08479,65839,5243137.08265
1682467200000,0.2017,0.2076,0.1870,0.1974,90406141.5,18050594.76752,102712,8908030.60734
1682553600000,0.1974,0.2037,0.1956,0.2013,65026746.6,12963036.41157,88647,6402069.35872
1682640000000,0.2012,0.2017,0.1960,0.2001,38148074.2,7614740.84377,58021,3870658.81859
1682726400000,0.2002,0.2027,0.1989,0.2009,25608971.6,5147717.34585,41370,2423431.71109
1682812800000,0.2010,0.2029,0.1967,0.1970,39495443.7,7887186.60531,53158,3622182.54581
1682899200000,0.1971,0.1986,0.1898,0.1932,54470725.5,10549916.67703,65700,5046837.50005
1682985600000,0.1931,0.1955,0.1911,0.1954,44046375.7,8525099.49189,53074,4244115.19737
1683072000000,0.1954,0.2006,0.1897,0.1996,60908424.4,11821205.72235,73011,5602952.99919
1683158400000,0.1996,0.2003,0.1936,0.1953,39473313.2,7780984.06357,57752,3798559.68913
1683244800000,0.1953,0.2001,0.1945,0.1991,39654996.6,7833340.13464,56531,3796064.55645
1683331200000,0.1991,0.2002,0.1893,0.1919,39567732.6,7661044.22197,48199,3619354.67706
1683417600000,0.1920,0.1943,0.1900,0.1916,27870860.3,5358195.43905,40071,2676351.63458
1683504000000,0.1916,0.1931,0.1715,0.1799,66715565.8,12106061.04480,80321,5755290.85632
1683590400000,0.1799,0.1830,0.1775,0.1792,68179016.2,12337375.25806,67609,6147018.08921
1683676800000,0.1792,0.1838,0.1706,0.1800,58374286.2,10454068.35929,70923,5202259.86297
1683763200000,0.1800,0.1802,0.1730,0.1763,50496119.1,8942991.06117,64196,4319155.56666
1683849600000,0.1764,0.1791,0.1715,0.1791,51978354.8,9121605.38758,65555,4517792.13829
1683936000000,0.1790,0.1793,0.1750,0.1765,24891110.8,4401872.68198,38802,2168322.01672
1684022400000,0.1764,0.1787,0.1748,0.1770,23897651.9,4222052.36497,36240,2063330.54270
1684108800000,0.1771,0.1813,0.1741,0.1797,52827206.8,9432339.58614,67158,4650775.90809
1684195200000,0.1798,0.1817,0.1776,0.1813,43452139.0,7816810.79182,58433,3714659.73329
1684281600000,0.1814,0.1859,0.1783,0.1847,56360707.2,10280553.20732,67762,4974099.18424
1684368000000,0.1847,0.1855,0.1798,0.1822,59336407.6,10883462.75243,63670,5481556.52423
1684454400000,0.1823,0.1842,0.1807,0.1823,61351044.9,11186710.61607,67324,6107962.59107
1684540800000,0.1823,0.1839,0.1773,0.1788,63389442.3,11444467.03072,60759,5598240.71478
1684627200000,0.1788,0.1793,0.1742,0.1767,56310483.9,9936491.83960,60328,4658568.05756
1684713600000,0.1766,0.1847,0.1740,0.1837,117280151.9,21156484.59366,99585,10148388.74287
1684800000000,0.1838,0.1929,0.1830,0.1910,134743310.0,25416673.17470,105179,12345291.60464
1684886400000,0.1910,0.1923,0.1846,0.1903,135411621.6,25693700.92749,107442,12627965.99999
1684972800000,0.1902,0.1945,0.1861,0.1941,105467093.8,20100166.04057,95186,10146708.04999
1685059200000,0.1942,0.1969,0.1920,0.1930,108572164.8,21156023.83581,101947,10480949.80615
1685145600000,0.1929,0.1973,0.1916,0.1969,60152621.2,11704753.10697,65762,5737436.34834
1685232000000,0.1969,0.2052,0.1965,0.2024,90558849.3,18214530.27686,79869,9109817.02099
1685318400000,0.2025,0.2110,0.1996,0.2102,154610123.2,31790319.24199,121333,15574592.01870
1685404800000,0.2103,0.2255,0.2015,0.2016,407747348.9,88013149.04428,290445,43859181.55802
1685491200000,0.2015,0.2054,0.1951,0.2001,274161335.2,54828784.45039,191799,26733629.77682
1685577600000,0.2000,0.2077,0.1980,0.1996,234507679.0,47401269.91106,175136,23818574.75374
1685664000000,0.1996,0.2022,0.1960,0.2000,126469784.0,25184951.12836,108719,12312024.08375
1685750400000,0.1999,0.2088,0.1981,0.2063,180589723.4,36891096.70091,122781,17852614.35099
1685836800000,0.2063,0.2084,0.2015,0.2034,147195464.8,30152671.03593,114502,14635350.04294
1685923200000,0.2034,0.2051,0.1775,0.1838,200111379.7,38528846.36859,143703,18704143.96129
1686009600000,0.1839,0.1887,0.1750,0.1864,132936972.7,24181535.75212,119506,11829371.25180
1686096000000,0.1864,0.1866,0.1765,0.1800,93802999.9,16998884.13579,87991,8297945.05728
1686182400000,0.1799,0.1831,0.1768,0.1800,65503599.5,11832643.32985,78472,5702350.44169
1686268800000,0.1799,0.1806,0.1747,0.1765,80460891.2,14315708.32889,83038,7190769.11175
1686355200000,0.1766,0.1769,0.1350,0.1573,253634484.8,38382203.44213,200803,18746060.95029
1686441600000,0.1573,0.1592,0.1537,0.1584,65831423.9,10309579.01566,69958,5170393.81930
1686528000000,0.1584,0.1592,0.1527,0.1583,80660302.9,12606006.91446,79133,6206883.70802
1686614400000,0.1584,0.1612,0.1545,0.1560,59763057.9,9426056.80439,72496,4666778.28457
1686700800000,0.1560,0.1585,0.1475,0.1524,74010390.0,11404585.55480,71099,5646102.83371
1686787200000,0.1524,0.1547,0.1467,0.1528,70773840.5,10690014.95654,71444,5079354.09346
1686873600000,0.1529,0.1589,0.1503,0.1576,55333301.1,8527426.73514,54138,4180802.19181
1686960000000,0.1576,0.1637,0.1562,0.1588,46755707.4,7495890.20662,51020,3668949.86278
1687046400000,0.1588,0.1619,0.1567,0.1583,39996466.9,6367756.71233,42033,3237940.33719
1687132800000,0.1583,0.1615,0.1563,0.1585,63481891.3,10076610.82457,57081,4999844.90217
1687219200000,0.1584,0.1653,0.1565,0.1646,70274915.1,11272981.28205,65618,5487267.21943
1687305600000,0.1647,0.1733,0.1641,0.1717,78361084.0,13204902.30251,78243,6688103.44470
1687392000000,0.1717,0.1764,0.1665,0.1695,59493443.3,10247379.83288,72960,5096072.80650
1687478400000,0.1695,0.1802,0.1694,0.1793,57216030.9,10037138.97517,74556,5167982.69401
1687564800000,0.1793,0.1828,0.1760,0.1805,42230427.1,7601031.06970,57324,3851977.67291
1687651200000,0.1806,0.1871,0.1787,0.1819,48184532.2,8812428.22864,63080,4424465.12289
1687737600000,0.1820,0.1866,0.1760,0.1800,55211492.9,9994852.10900,78987,4852970.86833
1687824000000,0.1800,0.1973,0.1794,0.1836,143768076.7,26993993.72271,155958,13233015.14904
1687910400000,0.1837,0.1839,0.1661,0.1741,84031997.3,14832317.54201,105059,7221122.06753
1687996800000,0.1741,0.1786,0.1738,0.1775,38308574.7,6757421.18769,58539,3357339.01565
1688083200000,0.1775,0.1852,0.1681,0.1825,98450615.2,17645954.83301,118023,8783873.20148
1688169600000,0.1825,0.1864,0.1808,0.1862,38047982.0,6991365.04167,59546,3469479.27317
1688256000000,0.1862,0.1867,0.1786,0.1840,36478381.1,6675846.17362,53929,3089075.54081
1688342400000,0.1840,0.1874,0.1825,0.1861,40272377.8,7457812.14510,56954,3650837.14762
1688428800000,0.1862,0.1915,0.1835,0.1856,46507809.8,8687797.81326,65956,4143704.71848
1688515200000,0.1857,0.1910,0.1803,0.1833,54449561.3,10092827.04800,76204,4995832.01571
1688601600000,0.1834,0.1894,0.1766,0.1785,56623332.3,10341686.81693,76338,4954444.28864
1688688000000,0.1784,0.1837,0.1757,0.1822,41386106.2,7506664.35945,60224,3651329.55959
1688774400000,0.1823,0.1837,0.1783,0.1814,31621071.6,5739278.36333,46906,2818243.88453
1688860800000,0.1815,0.1829,0.1796,0.1812,29191721.3,5298699.10141,48872,2501885.03581
1688947200000,0.1813,0.1832,0.1754,0.1783,56122537.5,10046884.16538,69608,4836868.68083
1689033600000,0.1783,0.1809,0.1763,0.1808,34185245.9,6105703.57373,54818,3223825.82774
1689120000000,0.1807,0.1847,0.1777,0.1805,42878765.2,7776152.82399,60843,3767794.19681
1689206400000,0.1804,0.1945,0.1789,0.1944,75809570.3,14188387.61520,89984,6949445.41420
1689292800000,0.1943,0.1965,0.1792,0.1884,83577090.1,15878701.57806,103149,7696288.89767
1689379200000,0.1885,0.1956,0.1869,0.1922,45203678.6,8655871.60910,61128,4234935.36978
1689465600000,0.1923,0.1962,0.1879,0.1896,53646431.1,10290990.48667,67669,4895716.32546
1689552000000,0.1896,0.1967,0.1851,0.1931,65472143.3,12541784.45492,87193,6040419.71395
1689638400000,0.1931,0.1941,0.1818,0.1846,43725828.3,8191845.94348,63056,3926586.07378
1689724800000,0.1846,0.1871,0.1805,0.1838,38840670.1,7133359.96571,55256,3487415.12074
1689811200000,0.1838,0.1889,0.1802,0.1833,55609722.8,10259105.40993,68309,4997729.38071
1689897600000,0.1834,0.1854,0.1815,0.1841,31076082.8,5696690.83816,46497,2893543.27486
1689984000000,0.1842,0.1867,0.1825,0.1846,27814234.2,5145435.16022,44299,2505223.38757
1690070400000,0.1845,0.1882,0.1833,0.1867,29203496.8,5429250.75499,51733,2596344.82725
1690156800000,0.1867,0.1873,0.1750,0.1777,54201770.9,9773405.13208,70926,4604001.75996
1690243200000,0.1777,0.1782,0.1721,0.1742,36624133.3,6387437.33651,58816,3143976.48396
1690329600000,0.1741,0.1753,0.1695,0.1738,44248723.7,7629300.43149,69890,3875885.12777
1690416000000,0.1739,0.1756,0.1716,0.1740,30649376.5,5319438.64528,54293,2792197.08653
1690502400000,0.1741,0.1754,0.1717,0.1753,26947834.5,4678857.29266,55607,2176319.88427
1690588800000,0.1753,0.1797,0.1745,0.1791,32523321.8,5745193.64224,52486,2985634.43694
1690675200000,0.1792,0.1804,0.1704,0.1742,42030371.9,7382943.73992,59746,3626768.66182
1690761600000,0.1742,0.1761,0.1711,0.1737,31523166.9,5481121.23482,47564,2755069.01334
1690848000000,0.1738,0.1768,0.1682,0.1766,40298883.1,6969034.44234,63774,3308730.30065
1690934400000,0.1765,0.1782,0.1700,0.1736,45589610.0,7926468.25286,63918,3803720.43676
1691020800000,0.1736,0.1745,0.1687,0.1696,34648720.0,5942435.85540,50548,2803883.90452
1691107200000,0.1696,0.1714,0.1670,0.1695,34258603.2,5804191.31709,53066,2990776.91633
1691193600000,0.1695,0.1702,0.1672,0.1702,28154531.1,4755379.21984,44687,2230284.45333
1691280000000,0.1703,0.1714,0.1681,0.1689,24213757.3,4110758.41371,44655,1904600.70876
1691366400000,0.1690,0.1731,0.1640,0.1707,51690309.9,8782086.20473,67074,4394756.42466
1691452800000,0.1708,0.1769,0.1685,0.1735,47023783.2,8137685.07556,56709,4191263.87108
1691539200000,0.1735,0.1756,0.1720,0.1740,27480128.9,4779290.50419,38035,2409253.54299
1691625600000,0.1739,0.1745,0.1710,0.1713,23429363.6,4037785.61536,37548,1939186.97309
1691712000000,0.1714,0.1728,0.1702,0.1711,19263340.1,3304156.62773,31301,1590056.07262
1691798400000,0.1712,0.1717,0.1703,0.1713,11452813.9,1959942.30986,24565,924193.46912
1691884800000,0.1714,0.1716,0.1673,0.1683,22516739.9,3824736.41174,33965,1788418.41632
1691971200000,0.1683,0.1704,0.1661,0.1683,26622942.7,4489502.87782,40732,2204930.14148
1692057600000,0.1684,0.1687,0.1526,0.1617,55463376.6,9032739.77185,55434,4265989.09134
1692144000000,0.1617,0.1646,0.1514,0.1557,64914748.9,10302018.03133,67280,4952658.07754
1692230400000,0.1557,0.1578,0.1299,0.1439,103990880.8,15271714.38324,110111,7602612.72721
1692316800000,0.1438,0.1468,0.1416,0.1451,74175049.8,10717842.36497,80673,5271754.98108
1692403200000,0.1451,0.1476,0.1437,0.1462,32061542.0,4667302.61861,40100,2354868.06262
1692489600000,0.1463,0.1470,0.1444,0.1468,27719433.9,4047276.26597,35620,2022230.86492
1692576000000,0.1469,0.1504,0.1403,0.1431,122047689.8,17773986.96652,104012,8655580.78743
1692662400000,0.1432,0.1439,0.1379,0.1431,66951839.5,9479009.56295,65749,4712487.34646
1692748800000,0.1431,0.1482,0.1423,0.1464,43395024.1,6299538.52960,44190,3241304.88755
1692835200000,0.1464,0.1474,0.1430,0.1454,46375357.0,6735447.96590,45200,3365167.11093
1692921600000,0.1453,0.1466,0.1431,0.1462,65815905.1,9536436.73688,58917,4733766.98982
1693008000000,0.1463,0.1518,0.1456,0.1481,82071885.2,12224946.63555,71703,6335714.36318
1693094400000,0.1482,0.1547,0.1475,0.1499,150825180.7,22726199.22750,104202,11331329.96680
1693180800000,0.1499,0.1503,0.1434,0.1490,91364671.8,13418848.37947,72617,6422063.18277
1693267200000,0.1490,0.1596,0.1467,0.1562,149708291.8,22968765.86155,108699,11642460.26879
1693353600000,0.1561,0.1574,0.1526,0.1546,51644478.2,8014679.94097,51108,4055723.44711
1693440000000,0.1546,0.1665,0.1541,0.1562,247148501.6,39517717.36955,160617,19669910.91053
1693526400000,0.1561,0.1675,0.1535,0.1661,239729442.7,38734469.29479,159973,19449820.27419
1693612800000,0.1660,0.1706,0.1595,0.1670,135144098.1,22166548.59095,105902,10940142.83369
1693699200000,0.1670,0.1695,0.1634,0.1675,91215770.0,15161926.77581,75955,7681628.99237
1693785600000,0.1675,0.1744,0.1675,0.1715,105517642.7,18031754.90066,87810,9145420.67007
1693872000000,0.1715,0.1727,0.1648,0.1696,89298191.2,15021043.44653,82964,7392641.26297
1693958400000,0.1696,0.1743,0.1672,0.1727,85404691.8,14549501.04691,76617,7390824.80578
1694044800000,0.1728,0.1862,0.1716,0.1812,163124154.3,29186804.24756,124289,14744588.34074
1694131200000,0.1813,0.1825,0.1735,0.1782,72604329.4,12881934.99648,73728,6054961.01676
1694217600000,0.1782,0.1815,0.1744,0.1745,41425464.6,7390102.81506,50861,3395378.01129
1694304000000,0.1745,0.1745,0.1653,0.1713,62293131.3,10665688.63180,68312,5197592.95483
1694390400000,0.1713,0.1723,0.1595,0.1624,112721428.5,18489070.31899,107025,8626669.16165
1694476800000,0.1623,0.1659,0.1594,0.1602,76493849.9,12423978.05436,76620,6071008.12074
1694563200000,0.1601,0.1706,0.1551,0.1682,107611610.1,17719052.73979,110461,8676265.97042
1694649600000,0.1683,0.1703,0.1644,0.1669,60282155.8,10079331.20952,71226,5034787.46213
1694736000000,0.1669,0.1681,0.1554,0.1609,165815647.3,26599883.55980,132771,13162100.17720
1694822400000,0.1609,0.1616,0.1557,0.1569,107012988.3,16943211.59393,88926,8310198.38049
1694908800000,0.1569,0.1573,0.1468,0.1487,104711255.7,15936757.33293,91437,7751021.37500
1694995200000,0.1488,0.1519,0.1461,0.1480,104363710.6,15521087.19967,88797,7755008.44279
1695081600000,0.1480,0.1505,0.1468,0.1488,65081298.1,9681647.44900,60810,4687256.13374
1695168000000,0.1489,0.1505,0.1440,0.1485,64308476.3,9522518.94819,64144,4573907.12761
1695254400000,0.1485,0.1499,0.1450,0.1474,52339195.6,9704138.80627,66575,4831299.24895
1695340800000,0.1473,0.1489,0.1458,0.1483,37448858,5533110.72035,45909,2666043.59012
1695427200000,0.1482,0.1516,0.1472,0.1514,34842447.7,5192373.87155,39055,2638637.00106
1695513600000,0.1514,0.1517,0.1483,0.1485,36586496.4,5489944.94476,40208,2563370.88793
1695600000000,0.1486,0.1512,0.1471,0.1504,38853819.9,5800124.49402,44744,2712153.65802
1695686400000,0.1505,0.1509,0.1471,0.1493,34256358.9,5104827.57937,40599,2438939.44119
1695772800000,0.1492,0.1510,0.1474,0.1496,42867652.4,6383348.58704,43725,2953545.32760
1695859200000,0.1496,0.1540,0.1490,0.1526,43275733.7,6564306.03980,44567,3256922.21580
1695945600000,0.1527,0.1534,0.1496,0.1518,34157080.3,5179647.44452,38938,2587721.61932
1696032000000,0.1518,0.1524,0.1503,0.1508,21477070,3244351.67294,27197,1706016.11932
1696118400000,0.1508,0.1587,0.1506,0.1574,50840912.1,7868172.55720,46157,3862486.20463
1696204800000,0.1575,0.1579,0.1463,0.1506,57586880.1,8838911.88729,56195,4282131.48762
1696291200000,0.1507,0.1527,0.1498,0.1517,38215431.7,5778188.00528,43539,2884372.78676
1696377600000,0.1518,0.1564,0.1464,0.1538,67353839.3,10229208.07312,71015,4891866.37202
1696464000000,0.1539,0.1544,0.1501,0.1514,36947250.5,5610922.62997,42632,2616387.27378
1696550400000,0.1515,0.1554,0.1502,0.1539,34762735.1,5304952.22241,38961,2453919.43764
1696636800000,0.1538,0.1551,0.1531,0.1546,20768451.2,3201942.18129,25389,1461061.08406
1696723200000,0.1546,0.1576,0.1522,0.1552,40997284.5,6352857.61184,43266,3047486.21815
1696809600000,0.1552,0.1566,0.1461,0.1490,55674321,8401969.37197,60454,4026226.08122
1696896000000,0.1490,0.1497,0.1445,0.1447,42280615.1,6218041.41757,49289,3008105.75136
1696982400000,0.1448,0.1452,0.1380,0.1408,60739746.1,8555377.33803,64175,4322056.02149
1697068800000,0.1408,0.1408,0.1368,0.1388,39046947,5423992.71937,42781,2794348.16589
1697155200000,0.1389,0.1451,0.1386,0.1431,49190631.3,6971653.80459,50853,3433182.70743
1697241600000,0.1432,0.1470,0.1427,0.1444,32468152,4716758.69450,34935,2106796.90369
1697328000000,0.1443,0.1469,0.1437,0.1438,32055646,4659269.49462,33693,2388799.46422
1697414400000,0.1438,0.1523,0.1438,0.1474,83172405.9,12187393.45695,68488,6317565.82973
1697500800000,0.1474,0.1612,0.1410,0.1477,265231437.4,40546877.76519,195560,20499572.33103
1697587200000,0.1477,0.1486,0.1398,0.1426,82750103.4,11859896.85102,73378,6005199.94849
1697673600000,0.1426,0.1427,0.1382,0.1408,79090104.8,11093901.72458,68472,4942948.91448
1697760000000,0.1407,0.1451,0.1399,0.1438,49547681.8,7087067.56540,43028,3328723.99702
1697846400000,0.1438,0.1506,0.1431,0.1488,41102025.6,6058496.28332,44809,2993813.08274
1697932800000,0.1489,0.1522,0.1464,0.1517,52830377.3,7899666.56390,58990,3705919.87401
1698019200000,0.1517,0.1566,0.1484,0.1559,106501101.4,16193220.92062,99379,7960990.90129
1698105600000,0.1560,0.1613,0.1474,0.1539,155722720.8,24113719.11299,143318,12041947.83596
1698192000000,0.1539,0.1580,0.1508,0.1570,67449287,10437853.58222,80762,5015134.69898
1698278400000,0.1570,0.1612,0.1510,0.1577,80741538.2,12659627.70360,101090,6114969.07050
1698364800000,0.1577,0.1578,0.1483,0.1515,62215405.7,9510743.15190,74010,4673392.08220
1698451200000,0.1516,0.1564,0.1514,0.1559,41007271,6331795.61160,53357,3064009.40302
1698537600000,0.1559,0.1596,0.1531,0.1585,41455488.4,6498290.65905,57966,3089164.07250
1698624000000,0.1585,0.1653,0.1566,0.1638,68463809.4,10992649.10910,86150,5408693.45019
1698710400000,0.1639,0.1660,0.1510,0.1586,96929019.7,15347032.67652,102826,7465112.95593
1698796800000,0.1585,0.1642,0.1532,0.1628,80781842.2,12763759.44728,101248,6102264.67832
1698883200000,0.1628,0.1681,0.1577,0.1633,98429011.4,16052299.94294,109844,7734829.34372
1698969600000,0.1633,0.1656,0.1575,0.1655,61077071.7,9845093.23447,80811,4621203.21451
1699056000000,0.1655,0.1704,0.1637,0.1700,67851490.8,11358929.16095,71265,5657410.50744
1699142400000,0.1701,0.1739,0.1665,0.1733,113538888.7,19455798.60905,114011,9383222.15934
1699228800000,0.1734,0.1786,0.1693,0.1766,79352883,13908746.69973,90741,6574786.02372
1699315200000,0.1766,0.1803,0.1688,0.1763,134748071.8,23579856.65789,151943,11593010.68794
1699401600000,0.1763,0.1879,0.1744,0.1853,154858093.5,28247321.96533,144855,13449117.74536
1699488000000,0.1853,0.1887,0.1533,0.1789,188352628.1,33650465.76557,228071,15626421.85525
1699574400000,0.1789,0.1866,0.1731,0.1849,104680071.1,18849757.94108,132158,9110823.19618
1699660800000,0.1849,0.1953,0.1785,0.1899,160982382.9,30466518.58672,181266,14656142.45635
1699747200000,0.1899,0.2034,0.1850,0.2010,186709094,36877458.85531,206330,17931392.11229
1699833600000,0.2009,0.2050,0.1861,0.1881,138866247.5,27006556.12588,211463,12664406.45708
1699920000000,0.1881,0.1927,0.1758,0.1863,105441545.4,19636643.65971,167358,9357880.92560
1700006400000,0.1863,0.1947,0.1830,0.1942,82011622.6,15520156.81206,113810,7647259.13593
1700092800000,0.1942,0.1960,0.1803,0.1840,99613566.5,18891321.54580,164009,9021481.27531
1700179200000,0.1839,0.1884,0.1753,0.1828,73244865.3,13282870.58123,122864,6379513.10411
1700265600000,0.1829,0.1830,0.1716,0.1802,59721611.4,10634421.19201,91123,5047762.03630
1700352000000,0.1802,0.1878,0.1757,0.1869,47963001.5,8761440.33230,84829,4382890.18724
1700438400000,0.1870,0.1884,0.1802,0.1851,66388483.6,12298635.18724,94750,6101818.51588
1700524800000,0.1851,0.1890,0.1662,0.1666,105136681,18791274.60636,168378,9031211.29981
1700611200000,0.1666,0.1797,0.1659,0.1780,53798064.4,9325827.53140,81696,4553378.36401
1700697600000,0.1779,0.1836,0.1760,0.1796,60474241.2,10851588.98202,84438,5293445.17108
1700784000000,0.1797,0.1837,0.1788,0.1805,49365357.1,8943484.44644,76185,4264821.94181
1700870400000,0.1806,0.1828,0.1791,0.1814,41184500.1,7467024.40263,60195,3566097.07985
1700956800000,0.1814,0.1819,0.1719,0.1774,59793060.2,10649434.97697,83359,5084699.59371
1701043200000,0.1773,0.1788,0.1672,0.1710,63498153.3,10953729.70278,94263,5237767.12041
1701129600000,0.1711,0.1744,0.1662,0.1728,53357686.4,9095810.15259,80976,4329877.81742
1701216000000,0.1728,0.2876,0.1717,0.2545,4496587553.8,1077922112.06304,3151433,550655463.59236
1701302400000,0.2545,0.2684,0.2215,0.2348,3149772361.1,751820670.95372,2367730,376228834.74330
1701388800000,0.2348,0.2430,0.2230,0.2399,990753642.6,230218265.35173,772772,114350369.84237
1701475200000,0.2398,0.3279,0.2347,0.3115,2592688760.9,747890053.79011,2199159,374892821.50537
1701561600000,0.3115,0.3720,0.3028,0.3270,1874235885,622524228.34536,1878054,314288341.96303
1701648000000,0.3270,0.3698,0.3050,0.3314,1126036958,382367987.70789,1207540,187442966.53991
1701734400000,0.3315,0.3365,0.3067,0.3175,561444230.8,178762985.23456,611210,87683990.25113
1701820800000,0.3176,0.3324,0.2862,0.2905,478036834.2,145233327.03611,578919,71354005.66226
1701907200000,0.2906,0.3099,0.2825,0.2949,380940661.8,112161277.21896,438716,55774730.18473
1701993600000,0.2949,0.3014,0.2838,0.3009,295027925.5,85788849.91426,331038,42342336.90558
1702080000000,0.3009,0.3010,0.2850,0.2888,228897764.1,67192024.69795,254531,31782667.91480
1702166400000,0.2889,0.2966,0.2803,0.2891,161930931.1,46587690.88776,190531,22077665.60468
1702252800000,0.2891,0.2897,0.2400,0.2733,329475102.9,88090809.32002,339125,42575322.75789
1702339200000,0.2733,0.2785,0.2592,0.2681,167471843.4,44852881.93289,201451,22290284.09498
1702425600000,0.2681,0.2824,0.2538,0.2778,325552941.1,87535410.90668,353042,43008738.78684
1702512000000,0.2779,0.3070,0.2737,0.2935,416372055.9,121788690.72208,409645,59884886.48127
1702598400000,0.2935,0.3138,0.2883,0.2891,325774483.8,98524763.33561,332758,47546947.16339
1702684800000,0.2892,0.3008,0.2803,0.2930,179051588.3,52471828.72323,207644,25987515.19034
1702771200000,0.2931,0.2942,0.2742,0.2767,152532351.7,43324017.29191,177627,20823149.44564
1702857600000,0.2768,0.2782,0.2503,0.2722,242013138.2,63467224.95331,241131,31042746.75248
1702944000000,0.2722,0.2748,0.2594,0.2656,156110518.1,41812906.65858,166466,20773578.04345
1703030400000,0.2656,0.2827,0.2596,0.2804,155430063.0,42399276.76909,187317,20339790.40876
1703116800000,0.2803,0.2841,0.2720,0.2839,137557476.2,38221737.28950,155447,18752423.47435
1703203200000,0.2840,0.2980,0.2755,0.2969,171322604.0,48806211.06823,197840,24189783.59107
1703289600000,0.2969,0.2977,0.2794,0.2914,115136904.0,33009647.14531,145869,16079565.07513
1703376000000,0.2915,0.2939,0.2709,0.2774,127123240.9,36182077.96959,164785,17293122.06338
1703462400000,0.2775,0.2946,0.2756,0.2907,100479185.4,28797249.83716,129310,13504386.68882
1703548800000,0.2908,0.2990,0.2519,0.2764,195358679.9,54528606.30756,235308,26319360.95197
1703635200000,0.2765,0.3100,0.2664,0.2963,262257569.4,76858573.22794,334818,37239010.34557
1703721600000,0.2962,0.2970,0.2748,0.2833,136220495.1,38861501.36755,194371,18262503.52773
1703808000000,0.2834,0.3173,0.2797,0.2994,375201094.9,113195664.90923,460097,55043955.43736
1703894400000,0.2995,0.3285,0.2961,0.3222,497113873.0,157435498.94143,598242,78120480.06515
1703980800000,0.3222,0.3276,0.3021,0.3108,284340944.3,90159342.41387,348840,44263135.73314
1704067200000,0.3108,0.3164,0.2952,0.3158,141057044.7,43240371.78771,187925,20385419.43862
1704153600000,0.3158,0.3158,0.2976,0.3016,115996107.4,35438908.25779,161541,17148951.34892
1704240000000,0.3016,0.3062,0.2177,0.2661,315159595.1,83632117.26702,358736,39205977.32908
1704326400000,0.2662,0.2742,0.2586,0.2635,137570887.0,36363603.21379,154338,17695200.04059
1704412800000,0.2636,0.2641,0.2414,0.2529,142673007.2,35945187.47189,171807,17800944.65693
1704499200000,0.2529,0.2531,0.2337,0.2475,89938408.6,21934830.79078,123621,10681396.52807
1704585600000,0.2475,0.2843,0.2373,0.2405,403337039.0,105541950.26941,490823,51493514.24139
1704672000000,0.2406,0.2507,0.2185,0.2504,242140886.9,56922526.08884,273913,28532092.50544
1704758400000,0.2505,0.2515,0.2271,0.2350,162037129.3,38286372.10690,190988,18435152.00488
1704844800000,0.2349,0.2699,0.2275,0.2629,168196540.3,41001968.75975,305852,20223508.41634
1704931200000,0.2628,0.2700,0.2557,0.2651,112178174.6,29546438.62488,176032,14249388.79825
1705017600000,0.2651,0.2694,0.2375,0.2464,116816159.3,29997691.63311,180774,14513512.04594
1705104000000,0.2465,0.2524,0.2370,0.2495,51184266.2,12620556.44489,85967,6062926.77110
1705190400000,0.2495,0.2496,0.2382,0.2388,48183697.7,11823080.42374,83495,5788038.64545
1705276800000,0.2388,0.2477,0.2385,0.2429,39182906.8,9559513.00222,79825,4598233.54597
1705363200000,0.2429,0.2505,0.2407,0.2479,48326546.5,11902233.80078,85047,5667732.30838
1705449600000,0.2480,0.2503,0.2398,0.2447,45904341.3,11245852.43335,78275,5513506.41975
1705536000000,0.2447,0.2461,0.2256,0.2315,73594230.1,17358219.38789,109826,8465336.43610
1705622400000,0.2316,0.2325,0.2161,0.2289,94079398.3,21231829.57412,124152,10394206.05393
1705708800000,0.2290,0.2294,0.2238,0.2287,36949560.2,8384509.71319,61086,4148277.48803
1705795200000,0.2286,0.2310,0.2251,0.2257,37961294.3,8654466.08254,62737,4388628.26460
1705881600000,0.2257,0.2271,0.2103,0.2132,88856989.9,19348935.10576,142671,9349273.89267
1705968000000,0.2133,0.2191,0.1964,0.2079,111422673.6,22855865.84144,146486,11148310.60779
1706054400000,0.2079,0.2321,0.2049,0.2187,270446747.7,59436331.24406,268098,29798303.99004
1706140800000,0.2187,0.2512,0.2158,0.2434,909186000.3,218290603.09333,754259,109266404.31367
1706227200000,0.2433,0.2615,0.2372,0.2476,624023376.0,155446131.22862,522017,77157609.09677
1706313600000,0.2476,0.2548,0.2377,0.2499,221510477.3,54304399.99322,234721,26219298.66810
1706400000000,0.2499,0.2645,0.2405,0.2415,227753811.0,57994115.74447,244255,28541207.30555
1706486400000,0.2415,0.2644,0.2392,0.2578,265591866.0,67856768.54882,273845,33553471.36934
1706572800000,0.2578,0.2592,0.2462,0.2481,142389290.6,36120665.62251,178702,17755609.47866
1706659200000,0.2482,0.2551,0.2364,0.2399,158677595.9,38718434.14189,194532,19217018.43639
1706745600000,0.2399,0.2497,0.2348,0.2425,142227040.5,34507850.90432,158737,17198730.37681
1706832000000,0.2424,0.2546,0.2404,0.2532,95918442.9,23699245.35096,114141,11431686.65921
1706918400000,0.2532,0.2537,0.2458,0.2481,69871450.2,17385483.75805,89405,8602590.83669
1707004800000,0.2481,0.2482,0.2390,0.2401,52072968.1,12689143.64084,83653,6115188.31591
1707091200000,0.2401,0.2465,0.2354,0.2429,64228990.9,15559872.18445,93475,7550348.09249
1707177600000,0.2429,0.2552,0.2404,0.2525,82629592.0,20513695.55300,112051,9882517.16675
1707264000000,0.2524,0.2532,0.2416,0.2502,76762662.8,18998401.59681,108427,9381770.88716
1707350400000,0.2502,0.2540,0.2427,0.2450,86360367.3,21481910.58014,103968,10185889.02181
1707436800000,0.2450,0.2562,0.2440,0.2534,79393185.0,19900063.94897,100018,9346387.75162
1707523200000,0.2534,0.2703,0.2497,0.2532,159311333.8,41153052.72724,172245,20120215.85683
1707609600000,0.2531,0.2557,0.2499,0.2518,59695054.4,15119672.82449,74610,7312230.74486
1707696000000,0.2520,0.2605,0.2452,0.2583,77971581.5,19717807.25731,103842,9179737.34044
1707782400000,0.2583,0.2669,0.2525,0.2605,133593185.3,34759538.54580,157546,17096105.90971
1707868800000,0.2606,0.2772,0.2575,0.2717,109056995.7,29371080.68331,134121,14108836.91120
1707955200000,0.2718,0.2792,0.2676,0.2751,110688640.4,30320461.95451,138340,14809688.45666
1708041600000,0.2752,0.2804,0.2642,0.2707,97237574.0,26537596.08335,130752,12848875.82719
1708128000000,0.2707,0.2726,0.2545,0.2649,81775533.1,21565038.49059,109866,10355676.99496
1708214400000,0.2648,0.2823,0.2602,0.2744,179051586.7,49191267.41031,211669,23892458.20277
1708300800000,0.2745,0.2869,0.2737,0.2835,141181334.7,39602230.20832,166109,19043902.01559
1708387200000,0.2835,0.2941,0.2620,0.2847,186812185.5,52930127.18496,255198,25129713.38496
1708473600000,0.2848,0.2949,0.2642,0.2760,118587848.5,32952711.26711,173201,15881156.25276
1708560000000,0.2760,0.2820,0.2668,0.2691,79126750.0,21690722.53667,126513,10557255.82429
1708646400000,0.2690,0.2721,0.2573,0.2646,82810708.9,21949654.90153,133566,10787908.85535
1708732800000,0.2647,0.2757,0.2604,0.2737,59554323.9,16118277.72268,94088,7711354.40357
1708819200000,0.2737,0.2766,0.2674,0.2745,42764475.6,11633418.73584,84545,5515745.15127
1708905600000,0.2745,0.2825,0.2636,0.2784,69724534.6,19020811.72780,118507,9078037.67787
1708992000000,0.2785,0.2943,0.2781,0.2900,152351264.5,43557517.36484,209514,21094397.32240
1709078400000,0.2901,0.3025,0.2394,0.2906,223481853.6,63675800.31440,308952,30381586.99281
1709164800000,0.2905,0.3190,0.2786,0.2913,229844444.2,68669220.02588,331728,33702923.67934
1709251200000,0.2913,0.3162,0.2910,0.3151,117399304.8,35444436.46646,199546,17608139.65377
1709337600000,0.3152,0.3365,0.3093,0.3353,130914765.8,42062316.31740,238797,20647975.50169
1709424000000,0.3354,0.3359,0.2870,0.3251,123838348.1,39424976.59757,241891,18417191.30525
1709510400000,0.3252,0.3516,0.3165,0.3375,191333495.2,64102568.32881,373333,31333742.56435
1709596800000,0.3376,0.3844,0.2678,0.3346,386360462.8,134060121.95922,718995,63810985.97089
1709683200000,0.3346,0.3521,0.3108,0.3506,178872159.6,60288076.69028,367366,29664022.73961
1709769600000,0.3505,0.3536,0.3354,0.3459,107882176.8,37117298.21100,233903,18232703.99060
1709856000000,0.3459,0.3481,0.3129,0.3345,126744758.9,42269016.23477,238609,20333677.07280
1709942400000,0.3343,0.3438,0.3312,0.3437,71851133.5,24320835.49885,130016,11980050.16387
1710028800000,0.3437,0.3648,0.3365,0.3547,137536336.9,48108250.42336,239255,22725750.96249
1710115200000,0.3548,0.3971,0.3294,0.3905,284039194.4,105509493.73393,494240,52014689.14936
1710201600000,0.3906,0.4136,0.3631,0.3932,445974568.0,174010869.83277,711175,84326191.75801
1710288000000,0.3933,0.4186,0.3792,0.4162,183882444.9,73290771.44588,324428,36107614.63015
1710374400000,0.4163,0.4212,0.3645,0.3912,185549871.6,72751900.51167,371567,34881129.72897
1710460800000,0.3912,0.3952,0.3255,0.3566,218507825.2,77101355.15199,430570,37668047.87008
1710547200000,0.3566,0.3657,0.3123,0.3198,131191253.9,44392120.18643,258222,21272533.63159
1710633600000,0.3197,0.3368,0.3000,0.3299,113492084.9,36307339.28615,201428,18072389.63641
1710720000000,0.3298,0.3335,0.3065,0.3112,93190198.9,29613446.66008,177543,14541825.61628
1710806400000,0.3111,0.3149,0.2736,0.2827,163505219.4,47424551.18407,259860,22694969.67814
1710892800000,0.2827,0.3162,0.2695,0.3158,123650486.3,36078153.99957,199654,17941892.70055
1710979200000,0.3157,0.3320,0.3118,0.3280,95792807.3,30878048.93837,167747,14807917.17545
1711065600000,0.3279,0.3309,0.2988,0.3092,82956615.0,25897501.49448,153604,13031528.61803
1711152000000,0.3091,0.3168,0.3034,0.3080,56166124.2,17456931.83635,98839,8133735.37316
1711238400000,0.3079,0.3284,0.3048,0.3268,59506073.8,18782965.47311,118024,9396457.27383
1711324800000,0.3268,0.3495,0.3231,0.3446,67486683.4,22601112.36167,136394,11337327.53622
1711411200000,0.3447,0.3780,0.3432,0.3670,190783127.9,68967594.96112,288061,34674497.92649
1711497600000,0.3671,0.3766,0.3382,0.3506,120395636.4,42574180.67825,200330,20640094.08471
1711584000000,0.3506,0.3632,0.3392,0.3552,71879260.1,25404704.31499,119288,11972532.50773
1711670400000,0.3553,0.3587,0.3395,0.3560,76027777.4,26577133.99573,121045,13161027.90112
1711756800000,0.3559,0.3622,0.3414,0.3437,61627317.5,21742763.21247,105044,10554454.73011
1711843200000,0.3437,0.3535,0.3425,0.3516,30210377.9,10505690.48140,69088,5530980.50095
1711929600000,0.3516,0.3521,0.3140,0.3267,85818655.2,28240826.73458,153346,13183885.77434
1712016000000,0.3266,0.3272,0.2955,0.2990,91838349.6,28119443.49352,155011,13213984.51824
1712102400000,0.2989,0.3124,0.2867,0.2987,81369064.5,24516774.58875,121431,11915633.31939
1712188800000,0.2986,0.3163,0.2905,0.3085,72968646.7,22172583.79119,101207,11077164.65569
1712275200000,0.3085,0.3093,0.2891,0.2987,89806245.0,26901707.91231,110697,13164206.02643
1712361600000,0.2987,0.3056,0.2974,0.3032,46468022.4,14041889.85882,49471,7154211.92260
1712448000000,0.3032,0.3110,0.3023,0.3087,38722285.5,11913689.35421,57912,5932113.37376
1712534400000,0.3086,0.3267,0.3015,0.3249,54023393.4,17099876.80734,90495,8642516.40465
1712620800000,0.3248,0.3256,0.3035,0.3048,64123514.6,20213936.17506,110143,9956169.54930
1712707200000,0.3048,0.3067,0.2866,0.3037,68342402.8,20366708.65389,106046,9979579.05972
1712793600000,0.3037,0.3134,0.2948,0.3045,76127808.2,23092854.46848,107619,11433179.23053
1712880000000,0.3045,0.3205,0.2315,0.2643,258090137.4,73846774.59215,300649,34947114.64173
1712966400000,0.2643,0.2643,0.1915,0.2209,245886120.2,56253928.31583,259701,27154325.10285
1713052800000,0.2209,0.2416,0.2112,0.2398,176128708.1,40058107.15542,191458,19955134.55159
1713139200000,0.2397,0.2467,0.2116,0.2213,182381003.4,41877887.13043,245209,20661668.58408
1713225600000,0.2213,0.2282,0.2082,0.2213,156697973.1,34246718.58634,158276,16861784.14568
1713312000000,0.2214,0.2268,0.2066,0.2145,107541458.6,23339727.87829,119580,11615638.23170
1713398400000,0.2146,0.2255,0.2084,0.2221,115435946.3,25247071.91259,121204,12556828.86256
1713484800000,0.2221,0.2323,0.2037,0.2257,134519113.2,29893574.19081,136040,14873515.51167
1713571200000,0.2257,0.2451,0.2220,0.2436,62687903.5,14659500.60693,75139,7100443.18351
1713657600000,0.2435,0.2450,0.2329,0.2376,66477648.3,15910140.55534,81729,8019892.36629
1713744000000,0.2375,0.2479,0.2367,0.2446,73869355.2,17860838.90298,91420,8849408.75556
1713830400000,0.2446,0.2525,0.2370,0.2523,64911420.1,15847121.37934,79822,7738148.74729
1713916800000,0.2522,0.2653,0.2347,0.2391,164415158.0,41390199.66368,188397,20137108.67044
1714003200000,0.2392,0.2437,0.2288,0.2384,76846703.9,18119874.12141,91269,8830669.11783
1714089600000,0.2384,0.2390,0.2271,0.2310,61790703.6,14383334.54682,79741,7045672.00093
1714176000000,0.2311,0.2367,0.2191,0.2347,62508992.9,14365409.60040,76542,7075926.90634
1714262400000,0.2346,0.2385,0.2270,0.2283,45664740.9,10704285.78681,61850,5236033.29517
1714348800000,0.2284,0.2307,0.2186,0.2239,72515706.2,16162434.87481,82456,7773690.44810
1714435200000,0.2240,0.2281,0.2043,0.2132,96712314.7,20614304.65813,106974,10162173.50471
1714521600000,0.2131,0.2172,0.1987,0.2133,101395015.6,21057668.02328,106266,10481255.98936
1714608000000,0.2132,0.2229,0.2069,0.2184,59347515.6,12754456.84744,66090,6456037.51302
1714694400000,0.2183,0.2289,0.2161,0.2264,49708452.4,11057738.56341,60769,5506840.36104
1714780800000,0.2264,0.2303,0.2246,0.2267,35335405.6,8038659.91107,45685,3891649.07909
1714867200000,0.2268,0.2315,0.2219,0.2277,43126438.7,9772659.25346,51805,4828006.42504
1714953600000,0.2278,0.2383,0.2231,0.2264,77219401.9,17743764.20210,82436,8570089.48427
1715040000000,0.2266,0.2302,0.2179,0.2181,49647198.3,11187537.35941,69599,5566048.45355
1715126400000,0.2181,0.2226,0.2127,0.2172,69680848.0,15181894.46926,90291,7574784.20826
1715212800000,0.2172,0.2284,0.2149,0.2267,54253781.1,12001198.61239,81621,5834193.19776
1715299200000,0.2267,0.2300,0.2101,0.2127,60534454.9,13285000.14935,86532,6163801.48283
1715385600000,0.2126,0.2163,0.2098,0.2101,39316875.0,8369114.65974,56373,3912363.16886
1715472000000,0.2101,0.2121,0.2043,0.2068,28236177.8,5905668.43429,41267,2871024.76052
1715558400000,0.2067,0.2119,0.1992,0.2075,49335300.9,10141528.35850,70325,5090053.79534
1715644800000,0.2076,0.2097,0.1994,0.2005,54834352.2,11235062.51950,70898,5540328.45216
1715731200000,0.2005,0.2165,0.1984,0.2147,56722962.1,11840126.90012,69553,5846980.21106
1715817600000,0.2147,0.2170,0.2080,0.2118,48102646.7,10234915.77190,53211,5159291.46681
1715904000000,0.2119,0.2221,0.2091,0.2193,45374837.4,9825403.31471,55316,4712216.13886
1715990400000,0.2193,0.2213,0.2145,0.2154,32208862.8,7026921.18350,43671,3418632.78392
1716076800000,0.2154,0.2172,0.2030,0.2049,49203315.0,10319254.25067,53727,5115998.84574
1716163200000,0.2049,0.2332,0.2016,0.2316,177878775.4,38829213.57113,157360,19343664.24958
1716249600000,0.2316,0.2375,0.2282,0.2337,76504876.8,17831006.61262,88280,8628994.37372
1716336000000,0.2337,0.2342,0.2223,0.2322,68660213.9,15746750.28520,86024,7618001.51051
1716422400000,0.2322,0.2348,0.2105,0.2270,103682303.5,23282011.85453,120469,11513423.79579
1716508800000,0.2270,0.2349,0.2205,0.2305,61405064.1,14002614.21825,94250,6813416.31990
1716595200000,0.2304,0.2326,0.2283,0.2310,34515578.5,7938597.50815,48845,3850370.48436
1716681600000,0.2309,0.2321,0.2227,0.2241,37664899.0,8545416.82731,53023,4229575.19863
1716768000000,0.2241,0.2343,0.2230,0.2306,51239563.2,11760154.17683,78760,5801012.42331
1716854400000,0.2307,0.2319,0.2225,0.2292,60791452.2,13822638.94212,93444,6796600.39913
1716940800000,0.2292,0.2339,0.2226,0.2235,63930322.1,14579813.80178,90257,7316377.61128
1717027200000,0.2234,0.2262,0.2167,0.2187,49469980.0,10961349.11805,70984,5381335.48842
1717113600000,0.2186,0.2217,0.2128,0.2180,50596067.3,11034679.75460,61233,5413401.88048
1717200000000,0.2180,0.2198,0.2160,0.2182,19929317.4,4340556.14169,28960,2136836.46082
1717286400000,0.2181,0.2201,0.2125,0.2140,29566385.0,6394639.03824,40880,3015000.83239
1717372800000,0.2141,0.2189,0.2113,0.2152,47484208.5,10270170.17585,56207,5080695.99875
1717459200000,0.2152,0.2332,0.2134,0.2314,121464479.0,27315046.24481,112770,13504082.72591
1717545600000,0.2314,0.2374,0.2279,0.2366,69082040.2,16028377.36429,75350,8401876.98620
1717632000000,0.2366,0.2401,0.2270,0.2375,62457218.4,14529043.77904,81391,7105557.55886
1717718400000,0.2374,0.2542,0.1980,0.2191,302585970.3,71939351.99127,284257,34220571.37387
1717804800000,0.2191,0.2221,0.2051,0.2080,75505619.3,16125744.83284,89979,7875828.93268
1717891200000,0.2079,0.2121,0.2037,0.2116,38675544.8,8076328.15443,45807,3663772.88686
1717977600000,0.2116,0.2132,0.2031,0.2048,55384136.0,11517218.87872,64103,5693772.12206
1718064000000,0.2048,0.2065,0.1908,0.1954,91391960.5,18133013.19164,88797,8762002.55590
1718150400000,0.1955,0.2130,0.1902,0.2059,84757941.3,17370361.69949,90578,8982935.32856
1718236800000,0.2060,0.2062,0.1935,0.1948,63717018.3,12700097.92557,69108,6141589.74320
1718323200000,0.1948,0.1996,0.1824,0.1879,78440111.3,15014959.06986,81125,7288981.20881
1718409600000,0.1879,0.1927,0.1860,0.1901,29845342.0,5655766.16291,35206,2832782.95644
1718496000000,0.1901,0.1934,0.1856,0.1911,29420022.2,5591165.95674,36631,2928053.36620
1718582400000,0.1910,0.1924,0.1709,0.1745,102996710.4,18460835.11822,95856,8937386.50944
1718668800000,0.1745,0.1753,0.1481,0.1648,173762201.2,27977635.77212,145980,13310194.54585
1718755200000,0.1648,0.1776,0.1627,0.1741,64058969.5,10964448.34098,67295,5720056.08491
1718841600000,0.1741,0.1858,0.1732,0.1752,70153427.3,12628945.58039,79368,6185249.99142
1718928000000,0.1752,0.1794,0.1710,0.1729,58274182.6,10227672.25299,68238,5167753.19695
1719014400000,0.1730,0.1757,0.1703,0.1749,27885862.7,4821480.37795,33213,2457449.30547
1719100800000,0.1749,0.1792,0.1706,0.1727,46238006.9,8097253.81439,53492,4103078.76658
1719187200000,0.1726,0.1776,0.1589,0.1766,104169578.5,17637994.77289,110151,8483349.54541
1719273600000,0.1766,0.1825,0.1749,0.1796,38897853.4,6961028.12548,48035,3559462.03659
1719360000000,0.1797,0.1806,0.1713,0.1732,36839315.2,6471784.88537,45696,3199275.37221
1719446400000,0.1733,0.1800,0.1703,0.1787,38404021.7,6731650.54866,43308,3458218.82347
1719532800000,0.1786,0.1802,0.1702,0.1707,41631687.2,7304880.86504,49584,3705914.69042
1719619200000,0.1706,0.1729,0.1667,0.1676,19649000.0,3342435.84579,25947,1621716.22724
1719705600000,0.1676,0.1717,0.1661,0.1704,26518280.0,4486734.62150,32847,2305846.74379
1719792000000,0.1703,0.1730,0.1681,0.1687,36759258.2,6274616.88054,43122,3127675.82772
1719878400000,0.1688,0.1736,0.1680,0.1725,36284714.8,6183523.61093,40713,3040086.80713
1719964800000,0.1725,0.1726,0.1615,0.1627,49330019.4,8199580.78510,53944,3826542.02141
1720051200000,0.1627,0.1640,0.1496,0.1505,90037440.3,14026691.16272,83435,7006687.58513
1720137600000,0.1505,0.1518,0.1301,0.1510,214929301.7,30373093.25960,150040,15003006.02964
1720224000000,0.1509,0.1606,0.1485,0.1583,53073276.3,8180305.49105,54020,3993567.54393
1720310400000,0.1583,0.1583,0.1434,0.1446,58192507.2,8801014.43671,63419,4393889.60480
1720396800000,0.1445,0.1572,0.1387,0.1500,118280188.9,17730775.83963,109722,8755647.67716
1720483200000,0.1499,0.1549,0.1489,0.1536,42925524.7,6536246.11054,56036,3311164.83350
1720569600000,0.1536,0.1577,0.1515,0.1551,33184737.6,5130840.73114,45654,2512704.91047
1720656000000,0.1550,0.1609,0.1531,0.1536,40553132.5,6342719.76289,48898,3060451.30904
1720742400000,0.1535,0.1587,0.1519,0.1564,34367572.3,5348955.85093,40753,2697931.03876
1720828800000,0.1565,0.1610,0.1557,0.1584,25930310.8,4106452.60062,34521,2063372.28945
1720915200000,0.1585,0.1644,0.1583,0.1636,27049864.2,4348666.13693,36626,2155160.54170
1721001600000,0.1635,0.1719,0.1634,0.1714,31311349.7,5204938.94267,45300,2576242.69563
1721088000000,0.1714,0.1734,0.1635,0.1709,45717260.0,7738810.31827,68074,3740577.54677
1721174400000,0.1709,0.1772,0.1694,0.1722,42250172.3,7322219.63260,53878,3711908.34218
1721260800000,0.1723,0.1775,0.1662,0.1703,40361694.8,6948707.85636,45220,3491352.37676
1721347200000,0.1702,0.1766,0.1666,0.1758,29027975.8,5000889.12982,39494,2425979.00041
1721433600000,0.1758,0.1772,0.1728,0.1751,25257803.5,4422905.72881,31256,2147949.81118
1721520000000,0.1751,0.1897,0.1692,0.1800,134024584.7,23914214.72633,113388,12112154.83331
1721606400000,0.1800,0.1810,0.1708,0.1729,53485273.8,9320411.39787,54272,4492709.36975
1721692800000,0.1728,0.1745,0.1642,0.1694,61451928.6,10439199.37779,61050,5007273.01514
1721779200000,0.1693,0.1728,0.1641,0.1653,37995934.6,6435136.60400,39004,3102703.39059
1721865600000,0.1654,0.1656,0.1518,0.1581,75077999.8,11799272.59292,65681,5639538.32787
1721952000000,0.1581,0.1654,0.1574,0.1650,24757721.2,4010607.94283,27612,1881370.75842
1722038400000,0.1649,0.1693,0.1625,0.1659,34322800.8,5704383.93818,35530,2858910.58235
1722124800000,0.1658,0.1663,0.1614,0.1629,20640129.4,3385764.11056,27506,1614755.98863
1722211200000,0.1630,0.1685,0.1600,0.1611,47472225.3,7796526.81774,44264,3783259.79262
1722297600000,0.1610,0.1629,0.1543,0.1559,38460351.7,6114175.88902,36523,2858881.42924
1722384000000,0.1560,0.1581,0.1502,0.1509,37058794.9,5756621.93478,38885,2712750.66507
1722470400000,0.1510,0.1525,0.1397,0.1490,62815768.3,9183484.07815,56796,4448038.11712
1722556800000,0.1488,0.1495,0.1361,0.1395,60881802.5,8642812.63023,57275,4128040.61108
1722643200000,0.1394,0.1409,0.1317,0.1340,59696519.0,8121141.43272,46575,3809683.81228
1722729600000,0.1340,0.1368,0.1235,0.1277,62936992.9,8203343.16637,51666,3961895.62224
1722816000000,0.1276,0.1289,0.1028,0.1203,356555514.8,40602751.78310,200005,19809738.87136
1722902400000,0.1203,0.1294,0.1201,0.1258,72219293.1,9075566.74585,55373,4528250.22240
1722988800000,0.1257,0.1302,0.1214,0.1243,64902385.4,8145320.50713,53712,3959972.31414
1723075200000,0.1243,0.1373,0.1220,0.1363,55403365.2,7252491.96426,52529,3759005.77437
1723161600000,0.1363,0.1370,0.1316,0.1349,45359215.5,6080520.73418,44741,3015979.82605
1723248000000,0.1349,0.1374,0.1333,0.1364,21623004.7,2928446.78704,27321,1505218.55919
1723334400000,0.1364,0.1390,0.1293,0.1301,30441058.7,4086904.34991,34548,1889006.35076
1723420800000,0.1301,0.1370,0.1285,0.1350,59251824.0,7894902.09404,56520,3941095.83212
1723507200000,0.1351,0.1372,0.1315,0.1361,34865684.4,4681449.17593,36839,2274375.52465
1723593600000,0.1361,0.1378,0.1327,0.1338,50288352.7,6811412.38651,45872,3428844.65116
1723680000000,0.1339,0.1363,0.1275,0.1284,47538955.8,6276608.76215,43464,2901662.07791
1723766400000,0.1285,0.1304,0.1247,0.1282,42318273.8,5409065.01500,36089,2674255.51895
1723852800000,0.1281,0.1300,0.1269,0.1300,27712617.6,3559893.62770,25995,1764872.29767
1723939200000,0.1299,0.1333,0.1281,0.1293,24157179.4,3154011.03098,26549,1613735.06937
1724025600000,0.1294,0.1323,0.1282,0.1319,38094469.1,4970055.63522,37761,2308179.37262
1724112000000,0.1319,0.1354,0.1308,0.1332,28746043.0,3829175.97530,30340,1864302.62581
1724198400000,0.1332,0.1408,0.1323,0.1382,34276967.8,4652265.80132,35469,2340986.33757
1724284800000,0.1382,0.1403,0.1358,0.1400,27280236.9,3785018.65113,28865,1948254.24092
1724371200000,0.1400,0.1480,0.1396,0.1466,47390538.0,6784660.59728,42090,3587596.62623
1724457600000,0.1465,0.1496,0.1439,0.1465,42118124.8,6175890.15321,35849,2939222.30991
1724544000000,0.1466,0.1473,0.1399,0.1430,62852639.8,9025591.55412,53399,4603671.44188
1724630400000,0.1430,0.1439,0.1358,0.1363,41329596.5,5795033.54327,39297,2781122.32543
1724716800000,0.1363,0.1387,0.1240,0.1274,59194053.0,7809619.77048,43309,3658896.21472
1724803200000,0.1274,0.1294,0.1200,0.1248,70357783.4,8814302.69647,47204,4227912.81723
1724889600000,0.1247,0.1307,0.1234,0.1253,42829412.6,5417247.30114,32750,2643415.50207
1724976000000,0.1252,0.1278,0.1189,0.1252,39910736.9,4945849.77537,33855,2392494.99762
1725062400000,0.1251,0.1260,0.1227,0.1242,21859378.5,2716451.90487,18160,1320493.26986
1725148800000,0.1241,0.1248,0.1191,0.1203,48813813.7,5977621.16068,36636,2940070.73543
1725235200000,0.1203,0.1290,0.1197,0.1280,46542240.2,5802092.47393,38537,2801593.24639
1725321600000,0.1279,0.1299,0.1214,0.1218,43046683.6,5431163.47129,35457,2583761.94769
1725408000000,0.1218,0.1264,0.1153,0.1243,52695102.8,6361851.28421,41358,3199236.18057
1725494400000,0.1242,0.1251,0.1192,0.1203,34484804.0,4180954.69184,27544,2072840.58207
1725580800000,0.1202,0.1228,0.1130,0.1171,75449368.4,8926698.06809,47947,4357878.86092
1725667200000,0.1171,0.1203,0.1164,0.1183,35593834.2,4209415.35272,24953,2169318.80901
1725753600000,0.1183,0.1225,0.1172,0.1206,36827919.1,4421154.61766,27404,2253445.48878
1725840000000,0.1206,0.1287,0.1205,0.1269,42515320.0,5279840.96445,32369,2676670.40968
1725926400000,0.1270,0.1315,0.1253,0.1294,37817502.6,4850300.24840,29303,2363241.75720
1726012800000,0.1294,0.1296,0.1230,0.1258,44047469.7,5555771.44522,34987,2677004.84076
1726099200000,0.1258,0.1306,0.1253,0.1302,28737398.5,3665443.52086,23932,1769954.67867
1726185600000,0.1303,0.1319,0.1269,0.1310,32967729.4,4277180.35124,26162,2087563.92250
1726272000000,0.1309,0.1312,0.1268,0.1281,22015891.7,2830696.67221,17979,1452000.47782
1726358400000,0.1282,0.1294,0.1217,0.1230,34348087.1,4341828.20880,24532,2117761.96419
1726444800000,0.1229,0.1237,0.1188,0.1202,38279450.3,4632679.50344,24419,2369970.85143
1726531200000,0.1201,0.1247,0.1189,0.1226,34295517.2,4198160.60770,21981,2167587.68602
1726617600000,0.1227,0.1253,0.1186,0.1251,47115729.5,5735226.19828,33954,2843680.84060
1726704000000,0.1252,0.1334,0.1252,0.1321,53252785.2,6911443.21580,37153,3501097.62756
1726790400000,0.1320,0.1388,0.1301,0.1387,67259208.5,9088348.00342,42602,4613422.92653
1726876800000,0.1388,0.1441,0.1368,0.1438,47100473.0,6618559.56697,34302,3193599.20807
1726963200000,0.1438,0.1484,0.1347,0.1388,71588053.2,10075034.18034,47933,4980437.90426
1727049600000,0.1388,0.1433,0.1360,0.1416,41884205.0,5915608.03651,36207,2940613.04792
1727136000000,0.1417,0.1447,0.1379,0.1433,53690960.8,7572024.95500,50944,4114864.26714
1727222400000,0.1434,0.1460,0.1420,0.1425,40838859.3,5881314.08357,37543,2752798.00177
1727308800000,0.1426,0.1480,0.1395,0.1465,49637859.7,7193404.30019,40557,3619717.20030
1727395200000,0.1465,0.1500,0.1455,0.1489,42040839.4,6222307.39914,34590,3171822.03202
1727481600000,0.1490,0.1524,0.1403,0.1431,50893752.1,7433073.92657,35339,3519008.58332
1727568000000,0.1431,0.1459,0.1393,0.1429,51182407.8,7287382.80351,34628,3793756.53681
1727654400000,0.1428,0.1432,0.1317,0.1332,62448942.2,8609289.15443,42916,4250573.52213
1727740800000,0.1332,0.1376,0.1173,0.1225,174687323.7,22404726.06227,87806,11169558.59549
1727827200000,0.1225,0.1256,0.1146,0.1175,92793317.2,11188943.29990,52896,5536246.54990
1727913600000,0.1174,0.1203,0.1131,0.1181,83153928.4,9696325.60592,53125,4910749.32648
1728000000000,0.1182,0.1238,0.1168,0.1230,65621603.4,7883580.08289,42860,3816076.30804
1728086400000,0.1231,0.1246,0.1200,0.1224,32256461.1,3962502.16521,26765,1853533.89206
1728172800000,0.1225,0.1257,0.1214,0.1250,27402857.1,3390699.89383,23718,1700874.34716
1728259200000,0.1250,0.1278,0.1227,0.1229,47394167.1,5946718.24566,37243,2882833.88489
1728345600000,0.1229,0.1246,0.1190,0.1207,49283029.9,5986275.95670,33385,2976184.65900
1728432000000,0.1208,0.1224,0.1159,0.1179,43775713.2,5207594.32122,31062,2597563.34231
1728518400000,0.1178,0.1189,0.1145,0.1174,45279629.2,5306643.25704,35361,2520460.43488
1728604800000,0.1175,0.1226,0.1169,0.1219,41308896.7,4953658.86218,29364,2613975.54080
1728691200000,0.1219,0.1252,0.1216,0.1242,32036083.5,3964854.21699,25205,1949727.04989
1728777600000,0.1242,0.1282,0.1222,0.1258,55011017.2,6887111.99099,40618,3377067.50783
1728864000000,0.1258,0.1310,0.1236,0.1304,65133667.7,8353125.95933,44812,4279941.40845
1728950400000,0.1305,0.1348,0.1231,0.1267,182586831.7,23674075.22934,93535,11237755.32728
1729036800000,0.1267,0.1268,0.1212,0.1215,64754014.3,7982385.03704,44571,3683870.63431
1729123200000,0.1216,0.1226,0.1167,0.1179,56859957.3,6779907.19407,41525,3255279.39946
1729209600000,0.1178,0.1206,0.1175,0.1203,50242558.8,5982164.94762,32894,2976216.09039
1729296000000,0.1203,0.1228,0.1190,0.1205,41496829.0,5005356.88768,30312,2464603.77528
1729382400000,0.1205,0.1253,0.1202,0.1250,76112296.8,9392996.53804,47274,4621956.33274
1729468800000,0.1250,0.1261,0.1198,0.1215,100262000.2,12359893.54652,49879,5688665.60536
1729555200000,0.1216,0.1227,0.1177,0.1206,70151519.8,8437540.11974,41253,4144763.14684
1729641600000,0.1206,0.1209,0.1126,0.1156,64971803.0,7569232.43647,46378,3381718.96572
1729728000000,0.1156,0.1190,0.1141,0.1182,47336076.5,5511520.22342,35482,2714731.46983
1729814400000,0.1183,0.1186,0.1024,0.1084,104467868.2,11669492.18148,56915,5300221.49648
1729900800000,0.1084,0.1096,0.1059,0.1089,55604506.5,5998624.11552,32142,2998420.82808
1729987200000,0.1090,0.1133,0.1086,0.1118,28386736.0,3147580.16345,21316,1457979.63290
1730073600000,0.1119,0.1138,0.1078,0.1128,44546835.3,4933920.28311,35196,2442460.81551
1730160000000,0.1128,0.1189,0.1128,0.1185,58691628.0,6802945.02270,38442,3259098.96402
1730246400000,0.1185,0.1202,0.1168,0.1178,47687941.8,5660086.66999,32464,2747885.72835
1730332800000,0.1179,0.1185,0.1108,0.1112,58005731.7,6610876.75266,36151,3082369.33640
1730419200000,0.1112,0.1142,0.1084,0.1105,70691502.3,7832099.64691,41476,3724096.06214
1730505600000,0.1104,0.1119,0.1076,0.1090,36546045.6,4003723.87106,27660,1917634.47689
1730592000000,0.1091,0.1093,0.1014,0.1062,79779912.8,8395383.18835,48278,4063531.82266
1730678400000,0.1062,0.1074,0.1008,0.1032,62422182.1,6530252.62353,40699,3111422.95254
1730764800000,0.1032,0.1087,0.1031,0.1079,49246015.0,5237444.32019,34664,2517378.79761
1730851200000,0.1079,0.1185,0.1078,0.1176,90208235.3,10313527.55321,60732,5268712.59749
1730937600000,0.1175,0.1215,0.1163,0.1195,76810350.3,9132260.73742,47295,4598708.48518
1731024000000,0.1196,0.1217,0.1170,0.1215,70026609.6,8369112.91312,45999,4174943.71887
1731110400000,0.1216,0.1248,0.1193,0.1244,63809529.3,7779187.43173,41801,3786238.16849
1731196800000,0.1244,0.1415,0.1227,0.1347,242905906.6,32590451.36079,129810,15893099.08761
1731283200000,0.1348,0.1472,0.1328,0.1463,187933834.1,26197347.70011,113505,12725699.82434
1731369600000,0.1464,0.1585,0.1366,0.1466,434077104.9,63774182.54118,204028,31406936.87264
1731456000000,0.1465,0.1496,0.1338,0.1403,238659788.3,33490659.29395,132182,16526338.70916
1731542400000,0.1403,0.1489,0.1361,0.1394,162088389.5,22887936.06243,111014,11301373.72031
1731628800000,0.1394,0.1553,0.1346,0.1534,164991146.3,23973755.69583,106577,11798804.30735
1731715200000,0.1535,0.1734,0.1527,0.1720,185474598.8,30196802.84300,123399,15265063.33528
1731801600000,0.1720,0.1723,0.1517,0.1551,131467840.8,21161372.11270,96406,9731465.64554
1731888000000,0.1553,0.2137,0.1535,0.1880,728851475.1,136607985.56722,444667,67835125.65515
1731974400000,0.1879,0.1949,0.1710,0.1770,283336665.6,51506987.20866,203964,25545292.93742
1732060800000,0.1771,0.1783,0.1636,0.1666,143806969.6,24581018.92384,122147,11860167.78489
1732147200000,0.1667,0.1758,0.1623,0.1725,157278024.1,26762099.57371,150036,13077773.05209
1732233600000,0.1725,0.1989,0.1690,0.1983,225071359.5,41152858.75201,212506,20548595.37761
1732320000000,0.1982,0.2340,0.1955,0.2159,562764364.3,122783332.23557,425865,59581899.47105
1732406400000,0.2158,0.2423,0.2040,0.2359,371221951.9,82378338.36702,336310,40272968.50043
1732492800000,0.2358,0.2550,0.2209,0.2257,309725949.9,73291854.65121,321669,35110715.49462
1732579200000,0.2257,0.2338,0.2082,0.2275,194420536.2,42699374.19066,231741,21519269.98995
1732665600000,0.2275,0.2313,0.2190,0.2300,137753968.9,30966756.57561,155862,15121143.45558
1732752000000,0.2300,0.2300,0.2170,0.2258,92184379.7,20569803.62620,116958,10138993.63629
1732838400000,0.2259,0.2863,0.2231,0.2751,667765889.2,168631882.74299,523091,83351464.21790
1732924800000,0.2750,0.2893,0.2581,0.2747,363804642.2,98977281.15786,361825,49122998.71828
1733011200000,0.2747,0.3159,0.2615,0.3089,422989540.9,123004301.34249,450824,60609158.61995
1733097600000,0.3090,0.4014,0.3090,0.3714,1142379109.1,403466110.69084,1342074,200144110.95092
1733184000000,0.3715,0.5975,0.3687,0.4746,2411430296.9,1207499447.46451,3171425,605745731.27929
1733270400000,0.4748,0.6301,0.4721,0.4949,1204514014.7,656009479.44290,2173497,324167928.24054
1733356800000,0.4949,0.5111,0.4425,0.4613,664721422.1,317834393.12030,1275723,154608903.88518
1733443200000,0.4613,0.5061,0.4269,0.4900,434793185.5,197324797.39638,837706,97060118.42541
1733529600000,0.4899,0.5596,0.4647,0.4864,552284517.7,276339815.66005,1047753,133847118.19883
1733616000000,0.4865,0.4935,0.4621,0.4726,195864898.5,92992552.84905,445403,45000790.58324
1733702400000,0.4727,0.4888,0.3384,0.3903,621213301.4,273150620.70412,1085617,129269419.07368
1733788800000,0.3903,0.3966,0.3274,0.3772,564797299.4,207265197.71738,805985,102645900.50519
1733875200000,0.3773,0.4120,0.3532,0.4004,324251988.7,123962634.79841,512411,60393667.58522
1733961600000,0.4003,0.4492,0.3922,0.4183,350589225.7,149028157.12838,599380,72796335.53260
1734048000000,0.4183,0.4324,0.4007,0.4214,236997133.3,98385448.50874,394447,48363660.75380
1734134400000,0.4214,0.4214,0.3805,0.3888,135817892.1,54304093.15554,263869,26164299.65395
1734220800000,0.3889,0.4017,0.3759,0.3991,128337728.7,49844869.70988,259888,24725348.19050
1734307200000,0.3992,0.4029,0.3637,0.3811,147563901.3,56665418.95576,265368,27184932.67449
1734393600000,0.3811,0.3940,0.3675,0.3740,167981160.0,63940229.02274,301460,31429180.25453
1734480000000,0.3739,0.3761,0.3188,0.3254,225822584.6,78758879.16946,359639,37608864.07796
1734566400000,0.3255,0.3428,0.2872,0.2990,298961479.4,93502116.51025,381250,46210407.52717
1734652800000,0.2990,0.3115,0.2528,0.3050,326094436.2,92686404.54967,364287,45753739.88029
1734739200000,0.3050,0.3377,0.2843,0.2886,200739402.3,61664153.37452,284635,30377891.33685
1734825600000,0.2887,0.3034,0.2784,0.2910,165967031.5,48269291.01461,240975,23923790.84598
1734912000000,0.2910,0.3380,0.2812,0.3247,202465954.9,61835535.21353,363103,30481505.94877
1734998400000,0.3248,0.3513,0.3107,0.3420,211949997.4,70075437.14479,285984,34145570.50395
1735084800000,0.3420,0.3492,0.3194,0.3233,133475912.3,44546877.43713,212909,21395737.52706
1735171200000,0.3233,0.3260,0.2889,0.2930,127418846.1,38542973.04394,197630,18045694.48334
1735257600000,0.2929,0.3216,0.2888,0.2934,208291141.2,62821545.27321,249418,30838143.31858
1735344000000,0.2935,0.3192,0.2902,0.3122,96511821.2,29009757.02247,168259,14497722.13527
1735430400000,0.3123,0.3202,0.2886,0.2915,93251230.9,28338934.01733,151272,13499092.70918
1735516800000,0.2915,0.3047,0.2770,0.2877,139497485.0,40656764.73616,208258,19836975.85722
1735603200000,0.2877,0.2961,0.2774,0.2809,101598213.9,29018276.14360,160100,14682010.39113
1735689600000,0.2808,0.3333,0.2803,0.3200,272732676.3,84261010.01952,317824,42002947.82512
1735776000000,0.3200,0.3569,0.3199,0.3434,432546069.9,147439476.07554,530442,73202837.75895
1735862400000,0.3434,0.3687,0.3379,0.3607,272338567.4,96602420.50455,427187,46870421.21053
1735948800000,0.3608,0.3813,0.3546,0.3569,187527846.6,68305192.02273,316716,32645436.70184
1736035200000,0.3570,0.3705,0.3509,0.3583,135509711.4,48789111.85523,248196,23711387.10569
1736121600000,0.3583,0.3998,0.3511,0.3792,224307205.3,85034381.39013,393224,41819027.09310
1736208000000,0.3793,0.3889,0.3378,0.3381,236949897.0,86380323.09031,362701,41637378.12203
1736294400000,0.3382,0.3443,0.2995,0.3200,199189153.4,64354681.90981,305210,31313511.23556
1736380800000,0.3201,0.3298,0.2945,0.3040,176120958.5,54524099.05783,260770,26544039.16483
1736467200000,0.3039,0.3306,0.2989,0.3220,202893134.0,64447224.25887,233563,31613802.71442
1736553600000,0.3220,0.3475,0.3178,0.3370,425990568.8,141827212.37984,467082,69031042.23614
1736640000000,0.3370,0.3497,0.3232,0.3281,197309219.8,66595557.60394,315723,31814129.92935
1736726400000,0.3281,0.3469,0.2899,0.3168,335022032.4,105417973.95716,419010,51858915.38251
1736812800000,0.3169,0.3562,0.3128,0.3488,245736054.4,82878545.17422,317474,40928525.12022
1736899200000,0.3487,0.3889,0.3430,0.3847,459101269.3,169084661.31787,550729,84917897.99666
1736985600000,0.3848,0.4094,0.3708,0.3912,406606528.8,160127478.31932,558543,78160592.92883
1737072000000,0.3913,0.4249,0.3904,0.3985,292397493.0,118025654.56172,462117,56831995.34156
1737158400000,0.3985,0.4030,0.3569,0.3672,254250825.9,94972719.83298,351206,44941835.19548
1737244800000,0.3673,0.3848,0.3181,0.3254,352418864.8,123399226.25947,450786,59644728.18832
1737331200000,0.3253,0.3672,0.3130,0.3298,367239364.5,124465417.10384,469846,60772031.02245
1737417600000,0.3299,0.3462,0.3091,0.3355,196668931.9,63949765.38105,300763,31004939.21145
1737504000000,0.3355,0.3397,0.3203,0.3233,112340930.6,37005289.67089,201101,18196895.05859
1737590400000,0.3233,0.3297,0.3089,0.3206,130144479.1,41278262.19310,234277,20212666.42116
1737676800000,0.3206,0.3404,0.3087,0.3179,112822792.0,36673802.38855,211655,18242242.63368
1737763200000,0.3179,0.3298,0.3159,0.3246,80148133.4,25870421.44012,141123,13014709.75327
1737849600000,0.3246,0.3353,0.3101,0.3106,73934836.2,24086106.39598,136015,11466106.64379
1737936000000,0.3106,0.3112,0.2709,0.3025,201311499.1,58519964.85658,242516,28621866.87429
1738022400000,0.3025,0.3069,0.2769,0.2790,97009732.3,28745661.87046,150921,14000688.34467
1738108800000,0.2789,0.3018,0.2762,0.2912,120363025.0,34682850.12119,183020,17287768.89481
1738195200000,0.2913,0.3179,0.2890,0.3067,73412706.9,22476844.17434,138920,11432829.24217
1738281600000,0.3067,0.3180,0.2974,0.3016,73488056.7,22543177.41524,141418,11396660.23220
1738368000000,0.3015,0.3094,0.2748,0.2779,79029647.6,23239188.30461,142911,11178635.80509
1738454400000,0.2780,0.2845,0.2231,0.2383,229623442.4,57866301.36438,248953,27809755.07243
1738540800000,0.2384,0.2501,0.1726,0.2444,540488094.7,116024551.50192,473594,57332562.88402
1738627200000,0.2443,0.2491,0.2154,0.2291,213341298.8,49150061.71350,267591,24698143.59825
1738713600000,0.2292,0.2358,0.2202,0.2227,100980178.9,23070933.78437,169356,11457814.95682
1738800000000,0.2226,0.2296,0.2067,0.2093,103686157.7,22564157.69430,152793,11281103.44065
1738886400000,0.2093,0.2344,0.2083,0.2164,132818763.1,29415219.52614,170403,14519367.03963
1738972800000,0.2164,0.2274,0.2117,0.2254,70858071.1,15443927.86609,108220,7701650.70384
1739059200000,0.2253,0.2319,0.2094,0.2209,70177373.3,15568749.69674,113634,7491478.61425
1739145600000,0.2209,0.2385,0.2128,0.2302,92699882.5,21076662.22259,141483,10745706.39427
1739232000000,0.2301,0.2510,0.2297,0.2331,114855852.0,27578270.20139,153488,13281685.06298
1739318400000,0.2332,0.2540,0.2210,0.2470,132890357.4,30824122.66117,169720,15354067.48430
1739404800000,0.2471,0.2486,0.2311,0.2372,66342022.2,15792009.73913,112104,8108534.18018
1739491200000,0.2373,0.2527,0.2343,0.2451,85895225.2,20954132.21068,131934,10571156.34282
1739577600000,0.2451,0.2497,0.2313,0.2350,60150404.7,14446394.84631,101990,6917071.52884
1739664000000,0.2350,0.2369,0.2264,0.2289,51975198.3,11985502.70226,105619,5928142.38460
1739750400000,0.2288,0.2396,0.2221,0.2264,65020217.8,14981567.18105,121163,7332009.38883
1739836800000,0.2266,0.2283,0.2078,0.2174,68115123.3,14752074.56857,127483,7085043.31066
1739923200000,0.2175,0.2249,0.2141,0.2238,53960300.6,11872592.43445,92281,6174374.39891
1740009600000,0.2238,0.2300,0.2215,0.2292,65846428.9,14856440.09040,96238,7583693.15043
1740096000000,0.2292,0.2417,0.2140,0.2178,81606758.8,18628037.16914,128788,9072913.51802
1740182400000,0.2177,0.2306,0.2161,0.2290,42236219.2,9412167.94744,69202,4748509.71751
1740268800000,0.2290,0.2322,0.2213,0.2265,41616635.7,9421680.38482,69818,4627826.19533
1740355200000,0.2266,0.2289,0.1942,0.1984,128511420.1,27105603.92309,169726,12733067.37016
1740441600000,0.1984,0.2034,0.1813,0.2004,186715051.0,35939337.83009,225319,17750497.72501
1740528000000,0.2004,0.2103,0.1951,0.2061,103824959.2,20967817.13095,147423,10411321.24393
1740614400000,0.2060,0.2110,0.1976,0.2034,58949052.5,12072876.22695,111804,5844174.53745
1740700800000,0.2035,0.2065,0.1828,0.2027,118327340.6,22927486.54065,178668,11459033.55786
1740787200000,0.2026,0.2099,0.1971,0.2075,69115500.4,13996488.23475,104440,7194607.04859
1740873600000,0.2075,0.3152,0.2035,0.2638,509020316.0,130423075.97553,574683,64057448.06101
1740960000000,0.2639,0.2653,0.2081,0.2114,287653233.5,67840413.60777,388812,33532654.11554
1741046400000,0.2115,0.2135,0.1894,0.2094,216324392.8,43818548.50118,310017,21562553.10295
1741132800000,0.2093,0.2269,0.2078,0.2188,122281869.4,26466475.34511,191354,13154786.78201
1741219200000,0.2188,0.2270,0.2067,0.2114,94811915.0,20613653.93460,156171,10061851.61300
1741305600000,0.2115,0.2179,0.1974,0.2052,126462884.7,26504832.41625,194268,13368367.84195
1741392000000,0.2051,0.2068,0.1945,0.1963,47801928.2,9535373.17765,91376,4711648.78632
1741478400000,0.1963,0.1982,0.1717,0.1759,107018366.4,19516555.82909,132628,9303813.39481
1741564800000,0.1760,0.1911,0.1639,0.1681,135023199.1,24028609.04549,163974,11443455.39031
1741651200000,0.1681,0.1807,0.1580,0.1751,122967779.4,20994008.89161,154377,10396192.94728
1741737600000,0.1751,0.1847,0.1699,0.1819,86479686.4,15388095.46282,114610,7917466.29367
1741824000000,0.1819,0.1863,0.1717,0.1761,73227766.8,13121434.47640,103177,6274135.82138
1741910400000,0.1762,0.1867,0.1756,0.1814,43773734.5,7920963.82102,76127,4071822.48873
1741996800000,0.1814,0.1868,0.1798,0.1852,32087964.5,5879096.91367,55857,2865796.01582
1742083200000,0.1852,0.1862,0.1716,0.1731,54160103.8,9677380.97942,82409,4744290.53772
1742169600000,0.1731,0.1856,0.1729,0.1831,50772060.5,9176594.20028,76207,4515523.47228
1742256000000,0.1832,0.1842,0.1728,0.1828,42703016.0,7626906.85967,65031,3819598.09302
1742342400000,0.1827,0.1946,0.1822,0.1914,86167525.1,16220635.19625,99307,7998731.82253
1742428800000,0.1913,0.1919,0.1803,0.1834,46551726.9,8622437.18905,69700,4171099.51689
1742515200000,0.1833,0.1853,0.1763,0.1788,44359619.4,7996014.90882,63277,4034774.06297
1742601600000,0.1787,0.1851,0.1776,0.1823,38811949.7,7050483.12857,56089,3670646.73393
1742688000000,0.1822,0.1854,0.1805,0.1849,30613341.3,5614014.39193,46259,2730293.23894
1742774400000,0.1848,0.1938,0.1813,0.1904,47881302.5,9070967.09709,63149,4492041.97870
1742860800000,0.1904,0.2042,0.1867,0.2038,66380972.7,12983800.62592,88877,6508674.38098
1742947200000,0.2038,0.2108,0.1961,0.1973,69730415.8,14165439.77240,92837,6533022.31642
1743033600000,0.1974,0.2026,0.1904,0.1967,47012427.8,9243670.93876,68797,4733414.10597
1743120000000,0.1966,0.1981,0.1800,0.1836,62986047.1,11793408.21685,86915,5361923.92164
1743206400000,0.1837,0.1848,0.1689,0.1723,52506339.6,9184734.69728,69155,4199468.58023
1743292800000,0.1722,0.1773,0.1670,0.1696,54770878.8,9499253.84678,80658,4786358.41601
1743379200000,0.1697,0.1729,0.1634,0.1691,62769237.3,10578157.34421,85761,5159238.64759
1743465600000,0.1691,0.1801,0.1687,0.1745,59466039.7,10369778.12295,73575,5541069.86912
1743552000000,0.1745,0.1783,0.1594,0.1623,88912311.5,15168449.00341,94376,7361416.08986
1743638400000,0.1624,0.1694,0.1537,0.1633,73103913.4,11678061.26596,73082,6121630.06600
1743724800000,0.1633,0.1697,0.1580,0.1654,67501623.0,11114520.60672,80933,5318276.24879
1743811200000,0.1653,0.1702,0.1628,0.1654,30770339.8,5108987.16028,38523,2454344.01131
1743897600000,0.1655,0.1668,0.1429,0.1468,67462906.1,10350518.29513,75629,4998604.27999
1743984000000,0.1468,0.1565,0.1306,0.1499,198039452.1,28663163.96393,162254,14401559.56656
1744070400000,0.1499,0.1572,0.1423,0.1431,76483338.1,11451763.91516,84170,5600224.95006
1744156800000,0.1432,0.1643,0.1384,0.1613,116582933.5,17803340.80061,112413,9017933.98194
1744243200000,0.1613,0.1617,0.1517,0.1565,62636337.6,9819140.10386,70924,4867523.39328
1744329600000,0.1565,0.1646,0.1552,0.1611,50746355.9,8144363.11241,57642,4173359.97775
1744416000000,0.1611,0.1721,0.1586,0.1712,44643828.5,7391902.11237,52522,3728997.74558
1744502400000,0.1712,0.1716,0.1596,0.1622,64058785.3,10618216.37234,67987,5108697.53158
1744588800000,0.1622,0.1681,0.1597,0.1615,59099196.2,9669024.43708,70026,4805752.30189
1744675200000,0.1616,0.1655,0.1562,0.1572,39684579.0,6400964.21089,50130,3230811.64949
1744761600000,0.1572,0.1598,0.1527,0.1553,44117099.9,6916829.19982,62836,3430946.81463
1744848000000,0.1553,0.1606,0.1545,0.1564,32157580.7,5060009.44020,44626,2638571.61321
1744934400000,0.1565,0.1622,0.1546,0.1587,26981789.0,4295891.63823,42069,2321799.75392
1745020800000,0.1587,0.1674,0.1586,0.1661,30137618.0,4914743.39597,46355,2449107.90005
1745107200000,0.1660,0.1690,0.1614,0.1649,36098441.0,5964045.21958,44973,2816963.15758
1745193600000,0.1649,0.1732,0.1645,0.1683,60674395.8,10297060.60714,65260,5384352.93254
1745280000000,0.1684,0.1885,0.1654,0.1857,83091107.2,14714912.02087,91932,7239897.02842
1745366400000,0.1858,0.1976,0.1855,0.1953,82269633.0,15839812.84535,97324,7828591.62206
1745452800000,0.1953,0.2030,0.1857,0.2013,76954775.0,14988575.25026,93420,7675025.59303
1745539200000,0.2012,0.2120,0.1950,0.2098,81588104.7,16658825.06176,103137,8534670.18421
1745625600000,0.2098,0.2185,0.2083,0.2113,66500717.1,14202908.47176,92462,6943284.92674
1745712000000,0.2113,0.2410,0.2025,0.2195,167391001.0,36784881.52420,207168,18651691.12578
1745798400000,0.2196,0.2293,0.2095,0.2220,126454273.5,27937176.37287,157774,13647562.50143
1745884800000,0.2220,0.2267,0.2040,0.2083,78641820.5,16915722.39937,109676,8255849.91654
1745971200000,0.2083,0.2120,0.1970,0.2064,62503893.5,12841023.25381,85547,6179143.37955
1746057600000,0.2064,0.2134,0.2042,0.2090,39727543.8,8334786.75149,59902,4085197.18646
1746144000000,0.2089,0.2201,0.2073,0.2152,52946015.5,11329324.70245,82932,5474732.17810
1746230400000,0.2152,0.2152,0.2033,0.2067,41610519.7,8683499.09004,67832,4187070.50389
1746316800000,0.2067,0.2147,0.2001,0.2070,87363988.0,18086768.78931,121645,8868299.93435
1746403200000,0.2070,0.2105,0.1989,0.2030,55574462.8,11372063.26559,95614,5640438.48292
1746489600000,0.2032,0.2054,0.1835,0.1967,84634556.5,16372051.16403,112937,7654128.26677
1746576000000,0.1967,0.2102,0.1953,0.2063,75625083.8,15397655.52558,107095,7878294.12581
1746662400000,0.2063,0.2319,0.2042,0.2309,67293787.8,14712123.67157,111197,7713217.72556
1746748800000,0.2308,0.2458,0.2277,0.2376,85056018.7,20021441.66290,159013,9935697.47810
1746835200000,0.2376,0.2571,0.2363,0.2564,85422702.7,21058528.17634,151276,10557594.17635
1746921600000,0.2564,0.2757,0.2407,0.2471,124811535.9,32203548.15049,194632,15748018.11139
1747008000000,0.2471,0.2646,0.2308,0.2425,143210534.3,36175792.48867,247155,17754534.72801
1747094400000,0.2425,0.2564,0.2274,0.2517,72754868.4,17556631.76670,143847,8390475.80927
1747180800000,0.2516,0.2552,0.2374,0.2392,60986641.2,15052500.20208,117491,7535246.90353
1747267200000,0.2393,0.2431,0.2212,0.2269,75744700.0,17445102.35278,127595,8388322.63449
1747353600000,0.2269,0.2367,0.2202,0.2223,52161874.7,12022055.26159,95743,5806208.43798
1747440000000,0.2223,0.2234,0.2117,0.2145,38666761.6,8362406.38786,84314,3968551.73989
1747526400000,0.2145,0.2326,0.2136,0.2299,44747060.7,9996959.64222,93966,4674288.10212
1747612800000,0.2301,0.2311,0.2128,0.2226,44430278.4,9762285.47767,87951,4554413.08881
1747699200000,0.2226,0.2288,0.2150,0.2241,33490533.4,7411795.17349,71147,3615979.46524
1747785600000,0.2241,0.2327,0.2179,0.2264,58803204.5,13148060.01197,94218,6314621.31785
1747872000000,0.2265,0.2378,0.2261,0.2311,50325028.1,11705763.88605,85176,5190082.35058
1747958400000,0.2311,0.2366,0.2067,0.2083,82473747.9,18352778.47402,118242,8559520.23691
1748044800000,0.2083,0.2124,0.2053,0.2071,40067094.8,8384688.01175,68229,4129291.94542
1748131200000,0.2070,0.2097,0.1983,0.2095,35636817.8,7258260.46626,63387,3616736.12215
1748217600000,0.2096,0.2136,0.2039,0.2060,37897930.3,7906914.41571,69731,3728511.70950
1748304000000,0.2060,0.2138,0.1994,0.2084,32261692.2,6721560.52654,63804,3235025.61756
1748390400000,0.2083,0.2140,0.2011,0.2076,40090256.5,8304162.83949,63656,4130160.09570
1748476800000,0.2076,0.2127,0.1971,0.1979,47686275.0,9774348.46762,68688,4683065.33361
1748563200000,0.1980,0.1989,0.1749,0.1777,91926119.5,17151246.41799,123220,7857390.11202
1748649600000,0.1777,0.1831,0.1708,0.1813,46505361.4,8249707.76389,65148,4030104.73961
1748736000000,0.1813,0.1851,0.1764,0.1843,34081260.3,6157197.82295,52951,3258571.06788
1748822400000,0.1844,0.1892,0.1796,0.1884,34990371.3,6420781.51461,52338,3106689.06410
1748908800000,0.1885,0.1918,0.1862,0.1865,34848552.9,6586718.50948,49656,3126369.48975
1748995200000,0.1865,0.1896,0.1798,0.1813,35176347.4,6527879.00492,45984,3163785.49716
1749081600000,0.1814,0.1842,0.1663,0.1701,64962014.0,11433189.74931,70981,5620531.93010
1749168000000,0.1701,0.1797,0.1695,0.1751,38036343.1,6630404.99810,52083,3264012.06382
1749254400000,0.1751,0.1814,0.1744,0.1797,24033944.2,4312217.10015,36863,2032006.98863
1749340800000,0.1797,0.1838,0.1765,0.1811,39508891.6,7126366.25900,49969,3711878.44787
1749427200000,0.1811,0.1902,0.1782,0.1901,32770608.7,6005148.67046,43443,2919518.71293
1749513600000,0.1901,0.1992,0.1868,0.1969,44753261.9,8646556.21229,56787,4287127.79735
1749600000000,0.1968,0.1987,0.1869,0.1887,68678815.6,13294891.59316,72842,6834632.76542
1749686400000,0.1888,0.1890,0.1745,0.1752,52105216.9,9468658.57186,66090,4460645.73870
1749772800000,0.1751,0.1751,0.1614,0.1718,85610260.3,14334331.08072,82792,6667737.17319
1749859200000,0.1718,0.1723,0.1654,0.1693,27667570.1,4685810.19370,41167,2285505.51860
1749945600000,0.1692,0.1713,0.1662,0.1700,22384826.7,3786748.53817,31689,1947790.42061
1750032000000,0.1700,0.1776,0.1683,0.1688,55346764.0,9605438.13750,71208,4315319.44946
1750118400000,0.1687,0.1721,0.1596,0.1623,66918195.0,11082549.66260,68307,5371781.72200
1750204800000,0.1623,0.1658,0.1574,0.1644,43072503.7,6969346.66111,56463,3389073.68196
1750291200000,0.1644,0.1666,0.1608,0.1644,26926301.0,4417590.49817,35477,2250454.09891
1750377600000,0.1645,0.1676,0.1550,0.1588,45927060.0,7415425.43686,49795,3587497.07982
1750464000000,0.1589,0.1612,0.1457,0.1517,47377447.2,7291132.69032,46868,3387988.98575
1750550400000,0.1517,0.1539,0.1390,0.1469,77123923.4,11226120.36446,69216,5302685.97888
1750636800000,0.1469,0.1629,0.1457,0.1612,70195940.5,10670057.39189,72151,5503996.96108
1750723200000,0.1612,0.1655,0.1606,0.1633,46922252.7,7628061.04911,58679,3803944.41523
1750809600000,0.1634,0.1638,0.1558,0.1566,44439172.2,7092362.50682,60697,3595259.03423
1750896000000,0.1567,0.1607,0.1507,0.1523,49935960.5,7727574.78420,53006,4009641.41404
1750982400000,0.1524,0.1561,0.1501,0.1542,45645274.9,6979794.18663,50580,3441326.10296
1751068800000,0.1542,0.1594,0.1529,0.1586,29562749.9,4598642.46251,34547,2380413.62651
1751155200000,0.1585,0.1641,0.1557,0.1635,31019025.3,4919370.82739,35612,2543387.12588
1751241600000,0.1636,0.1645,0.1565,0.1592,43000446.0,6885091.79519,47199,3486600.59031
1751328000000,0.1592,0.1598,0.1496,0.1511,34867771.6,5374329.93527,40584,2445056.15172
1751414400000,0.1512,0.1674,0.1483,0.1636,71049739.0,11380881.77109,56191,6039462.39139
1751500800000,0.1636,0.1685,0.1610,0.1638,64560302.4,10645318.75885,55483,5262493.97504
1751587200000,0.1638,0.1646,0.1517,0.1551,51383523.9,8064363.48272,51500,3826489.50824
1751673600000,0.1552,0.1564,0.1529,0.1561,25471404.7,3943236.88877,27733,1860996.22033
1751760000000,0.1561,0.1617,0.1546,0.1595,41575338.5,6558084.37634,35382,3157517.53254
1751846400000,0.1595,0.1620,0.1553,0.1578,43367950.7,6887820.74075,40074,3475126.57039
1751932800000,0.1578,0.1616,0.1547,0.1605,38642623.3,6100575.50652,44583,3121519.60178
1752019200000,0.1605,0.1729,0.1584,0.1722,85991007.7,14327442.54915,67222,7649720.53046
1752105600000,0.1723,0.1830,0.1600,0.1820,137780737.9,23695661.22174,115498,10804876.69716
1752192000000,0.1820,0.1993,0.1784,0.1876,132829884.3,25124691.88784,139988,11991326.33677
1752278400000,0.1877,0.1986,0.1810,0.1877,104571982.3,19904982.85567,126098,9383917.20965
1752364800000,0.1877,0.2304,0.1867,0.2173,346606912.0,73445936.81247,368765,36431022.75409
1752451200000,0.2174,0.2424,0.2138,0.2204,242615342.5,54714231.98726,304561,26043752.93400
1752537600000,0.2204,0.2253,0.2104,0.2248,154621836.8,33608447.78009,190983,16014924.38075
1752624000000,0.2247,0.2420,0.2200,0.2289,141635634.4,32191241.69323,163278,15705076.14269
1752710400000,0.2290,0.2470,0.2195,0.2418,180953685.0,41980416.12290,230929,20703413.91350
1752796800000,0.2418,0.2568,0.2249,0.2289,172190183.5,41549127.04293,213053,19800439.41752
1752883200000,0.2290,0.2347,0.2219,0.2343,75278588.5,17178197.29986,107753,8497470.06782
1752969600000,0.2343,0.2484,0.2317,0.2408,87955843.1,21166835.26954,136978,10136618.51938
1753056000000,0.2408,0.2506,0.2337,0.2375,117886950.9,28628286.08580,153420,14188221.89725
1753142400000,0.2374,0.2396,0.2221,0.2328,131312544.2,30069750.86698,155235,15154846.25710
1753228800000,0.2329,0.2329,0.2011,0.2079,191233069.0,40943518.33035,156883,19100703.49821
1753315200000,0.2080,0.2114,0.1938,0.2002,140718988.4,28496947.95476,135068,13893142.28808
1753401600000,0.2002,0.2083,0.1939,0.2069,90699663.7,18226617.93221,99306,8832558.91777
1753488000000,0.2069,0.2156,0.2058,0.2110,66149359.9,13966191.62166,71604,7143682.78963
1753574400000,0.2109,0.2231,0.2094,0.2215,85944119.4,18737443.02717,104373,8915900.65223
1753660800000,0.2216,0.2236,0.2021,0.2036,90577958.7,19363336.22845,108513,8815471.16902
1753747200000,0.2035,0.2111,0.1984,0.2035,91339435.0,18592451.44327,89721,8689047.87010
1753833600000,0.2035,0.2037,0.1890,0.1996,106128801.2,21012005.10203,103680,9886506.45041
1753920000000,0.1996,0.2057,0.1878,0.1884,81811749.8,16150143.59102,75591,7164405.17199
1754006400000,0.1883,0.1888,0.1740,0.1795,135357599.4,24765622.85949,113957,11931080.40618
1754092800000,0.1795,0.1822,0.1715,0.1762,69698805.3,12323279.05751,66863,6014010.39460
1754179200000,0.1763,0.1850,0.1735,0.1840,51551701.0,9324776.05218,52612,4853627.88157
1754265600000,0.1840,0.1924,0.1839,0.1896,50183620.6,9423121.08279,53258,4514173.50529
1754352000000,0.1896,0.1898,0.1791,0.1834,78074050.0,14355317.31858,72040,7112538.27387
1754438400000,0.1834,0.1894,0.1784,0.1876,62082413.0,11472717.11672,57407,5693064.75901
1754524800000,0.1876,0.1994,0.1865,0.1993,75959479.3,14654342.42543,60728,7385086.93906
1754611200000,0.1994,0.2038,0.1960,0.2013,108298928.5,21642652.48610,83515,10512525.13681
1754697600000,0.2013,0.2118,0.2007,0.2064,84841970.4,17598777.01141,80828,8722087.49324
1754784000000,0.2064,0.2136,0.2010,0.2065,86768755.7,17925199.23254,130712,9128745.85375
1754870400000,0.2065,0.2170,0.1963,0.1975,122193257.2,25243505.00378,117012,12354071.52793
1754956800000,0.1976,0.2142,0.1960,0.2115,82898312.6,16925884.39398,89898,8388562.51082
1755043200000,0.2114,0.2183,0.2086,0.2174,86710343.1,18579173.55208,114142,8964881.38162
1755129600000,0.2175,0.2292,0.1948,0.1995,204852349.5,43126774.51785,177791,20841881.53805
1755216000000,0.1994,0.2049,0.1921,0.1986,104591673.3,20787575.77103,87695,10308756.31731
1755302400000,0.1986,0.2119,0.1981,0.2080,86934352.3,17680978.65905,77059,8715412.09724
1755388800000,0.2080,0.2157,0.2059,0.2084,66147648.4,13952479.66496,66879,6633661.37165
1755475200000,0.2084,0.2092,0.1963,0.2012,93536929.0,18831210.41000,102571,9017127.86854
1755561600000,0.2012,0.2043,0.1911,0.1917,96258592.5,19080951.35539,118882,8994169.19256
1755648000000,0.1916,0.2004,0.1903,0.1983,65417259.1,12800391.23763,159579,5889066.49581
1755734400000,0.1983,0.2016,0.1918,0.1932,64057804.8,12570746.15839,66935,6189975.23465
1755820800000,0.1932,0.2144,0.1862,0.2122,122344493.2,24630724.01593,120805,12808452.72352
1755907200000,0.2122,0.2126,0.2049,0.2077,54257548.0,11286563.92034,64557,5736529.35078
1755993600000,0.2076,0.2141,0.1974,0.2030,123279234.3,25225977.51212,108129,12302140.48204
1756080000000,0.2030,0.2072,0.1849,0.1888,133693033.4,26026415.99887,180729,12785339.37922
1756166400000,0.1887,0.1985,0.1872,0.1967,88631732.7,17057519.91381,110641,8136556.50584
1756252800000,0.1967,0.1998,0.1932,0.1947,57156014.1,11211157.90295,101068,5252824.54110
1756339200000,0.1948,0.2037,0.1924,0.2025,63801679.7,12675215.75303,100005,5970348.45660
1756425600000,0.2025,0.2034,0.1885,0.1920,74392202.3,14401692.41659,97819,6994903.84005
1756512000000,0.1920,0.1948,0.1889,0.1928,34959463.5,6704094.39017,45427,3222740.96096
1756598400000,0.1928,0.1962,0.1889,0.1891,40573021.7,7831215.70412,41693,3845011.01034
1756684800000,0.1890,0.1942,0.1798,0.1843,93213330.6,17361762.88844,134387,7915799.69530
1756771200000,0.1844,0.1889,0.1817,0.1872,53562330.6,9947692.18949,158464,4653350.11398
1756857600000,0.1873,0.1916,0.1834,0.1884,36121559.1,6785694.43865,59131,3506541.11471
1756944000000,0.1884,0.1898,0.1807,0.1818,44654285.5,8226955.82812,62318,3848754.21020
1757030400000,0.1818,0.1883,0.1807,0.1839,46821898.3,8637248.90594,60715,4241361.56125
1757116800000,0.1838,0.1854,0.1803,0.1818,19506040.4,3561942.71766,36360,1828235.00934
1757203200000,0.1817,0.1866,0.1812,0.1854,39568325.2,7283929.32180,48248,3787544.84716
1757289600000,0.1855,0.1936,0.1846,0.1906,55222084.2,10478777.51734,71138,5563156.82653
1757376000000,0.1906,0.1963,0.1866,0.1897,63981180.3,12239439.36642,81340,6035327.31213
1757462400000,0.1897,0.1970,0.1882,0.1949,48526875.9,9380517.89035,59301,4602439.94625
1757548800000,0.1950,0.2015,0.1761,0.1948,104832649.1,20398654.79413,105726,10196540.76865
1757635200000,0.1949,0.2000,0.1929,0.1991,55753143.4,10958155.73939,70816,5207739.66099
1757721600000,0.1991,0.2038,0.1964,0.2021,63056407.2,12662498.95536,72583,6299954.01821
1757808000000,0.2022,0.2022,0.1921,0.1937,44699663.7,8771903.80350,60379,4022905.72566
1757894400000,0.1938,0.1964,0.1839,0.1876,59442495.9,11229239.22152,69450,4974282.28045
1757980800000,0.1876,0.1903,0.1840,0.1885,35778266.7,6720037.97273,47461,3180578.42157
1758067200000,0.1886,0.1955,0.1838,0.1940,57039051.7,10718130.00527,63276,5231094.83564
1758153600000,0.1942,0.1979,0.1918,0.1955,44593584.5,8693452.59466,54071,4465683.00814
1758240000000,0.1956,0.1976,0.1854,0.1870,43620984.8,8307560.70984,58410,3918458.11877
1758326400000,0.1871,0.1897,0.1850,0.1873,24790978.5,4647303.93381,37270,2247102.25156
1758412800000,0.1872,0.1883,0.1827,0.1837,33041319.6,6116609.76620,39857,2745480.89881
1758499200000,0.1837,0.1945,0.1466,0.1712,200172787.7,34529535.63286,162636,16426156.18949
1758585600000,0.1712,0.1736,0.1669,0.1694,58599089.9,10013061.74817,61988,4570017.14351
1758672000000,0.1695,0.1743,0.1662,0.1705,58674168.9,10041065.77589,59434,4765668.46661
1758758400000,0.1705,0.1708,0.1582,0.1596,84560711.1,13849689.15619,85573,6728277.53052
1758844800000,0.1597,0.1683,0.1593,0.1666,56573922.9,9213952.65660,63057,4534382.05407
1758931200000,0.1666,0.1672,0.1628,0.1649,27603168.8,4560075.64867,36925,2103239.50262
1759017600000,0.1649,0.1672,0.1602,0.1668,28467103.0,4655397.82278,35464,2364658.81754
1759104000000,0.1668,0.1691,0.1620,0.1674,43243981.6,7182235.56730,46474,3385140.22407
1759190400000,0.1673,0.1677,0.1610,0.1649,46545438.3,7646373.26064,47524,3645582.69736
1759276800000,0.1650,0.1783,0.1637,0.1783,57689234.3,9929473.43412,53766,5172926.64340
1759363200000,0.1783,0.1841,0.1777,0.1830,61808243.4,11196731.58171,63345,5286549.66585
1759449600000,0.1831,0.1913,0.1807,0.1905,69300391.5,12917040.88442,79731,6229761.53185
1759536000000,0.1905,0.1935,0.1827,0.1862,51714538.3,9658241.20716,57641,4900297.39908
1759622400000,0.1860,0.1949,0.1849,0.1879,61713105.3,11720503.97916,67070,5612947.54150
1759708800000,0.1879,0.1955,0.1866,0.1921,45070024.9,8634184.23247,61666,4086695.83019
1759795200000,0.1921,0.1935,0.1805,0.1830,73751642.8,13761007.48270,74009,6646304.75259
1759881600000,0.1829,0.1896,0.1813,0.1869,46262923.0,8592039.92191,56528,4058694.09303
1759968000000,0.1869,0.1872,0.1751,0.1796,59631299.2,10718033.44899,64330,5303871.91791
1760054400000,0.1795,0.1838,0.0781,0.1465,333450044.1,47879475.14329,251795,21673104.89339
1760140800000,0.1465,0.1494,0.1325,0.1379,154640569.1,21980491.30216,188822,9768081.85000
1760227200000,0.1379,0.1582,0.1353,0.1547,101121637.2,14867164.58724,79495,7553729.30054
1760313600000,0.1546,0.1632,0.1519,0.1616,94223190.3,14782612.24235,85891,7299337.47824
1760400000000,0.1616,0.1622,0.1417,0.1514,124062452.2,18478431.54417,96160,9154192.05431
1760486400000,0.1515,0.1558,0.1421,0.1447,52639682.8,7813098.20670,54080,3797085.08386
1760572800000,0.1448,0.1489,0.1364,0.1389,76289405.2,10931037.16771,70480,5477712.07048
1760659200000,0.1389,0.1414,0.1276,0.1378,98257675.0,13232192.88528,79976,6596988.77550
1760745600000,0.1378,0.1419,0.1367,0.1415,38244613.3,5344190.11213,40908,2672541.44523
1760832000000,0.1416,0.1475,0.1381,0.1436,49679417.6,7094365.03134,46693,3524175.80107
1760918400000,0.1435,0.1505,0.1409,0.1469,49307847.4,7247629.61606,49316,3503711.04537
1761004800000,0.1469,0.1537,0.1409,0.1424,61131896.8,8988911.96711,54024,4475755.06546
1761091200000,0.1423,0.1446,0.1345,0.1393,81613651.4,11487768.94488,63891,5917819.04377
1761177600000,0.1393,0.1449,0.1391,0.1437,44361014.5,6305017.56040,46158,3028423.93710
1761264000000,0.1436,0.1489,0.1429,0.1462,35375055.8,5144763.64925,40789,2547501.96296
1761350400000,0.1461,0.1493,0.1433,0.1466,25398066.5,3711786.61903,32398,1965994.97547
1761436800000,0.1467,0.1519,0.1450,0.1503,32478743.9,4817609.22136,35222,2367057.33103
1761523200000,0.1503,0.1524,0.1453,0.1461,43795646.6,6527189.09656,50109,3032160.69824
1761609600000,0.1462,0.1550,0.1415,0.1439,87256624.5,12955157.91756,79563,6490839.16192
1761696000000,0.1438,0.1479,0.1386,0.1425,60497565.0,8723355.73969,60420,4302339.97740
1761782400000,0.1423,0.1438,0.1308,0.1365,75383297.1,10294220.87763,75064,5176437.74792
1761868800000,0.1365,0.1413,0.1348,0.1372,49484472.6,6818992.67750,58992,3173233.04744
1761955200000,0.1373,0.1418,0.1363,0.1416,32322039.1,4501484.16202,36216,2163524.66076
1762041600000,0.1417,0.1438,0.1374,0.1418,34380690.4,4832873.97450,40487,2326160.11285
1762128000000,0.1417,0.1424,0.1210,0.1266,96136497.4,12512063.41107,112919,6141192.84876
1762214400000,0.1266,0.1307,0.1168,0.1267,145438161.4,18065636.60101,111037,8836487.01454
1762300800000,0.1266,0.1318,0.1207,0.1294,79773419.6,10178448.47502,81193,4916340.54765
1762387200000,0.1295,0.1302,0.1226,0.1263,66433869.5,8431628.09977,69165,4175118.20829
1762473600000,0.1263,0.1489,0.1262,0.1431,110133743.1,14942437.86580,92235,7664274.20351
1762560000000,0.1431,0.1474,0.1385,0.1419,73233276.8,10499040.69610,82270,5125798.95955
1762646400000,0.1419,0.1428,0.1346,0.1411,46952255.1,6527063.04808,52825,3191453.95335
1762732800000,0.1412,0.1514,0.1402,0.1491,62064313.2,9108593.69154,68554,4729807.25076
1762819200000,0.1491,0.1520,0.1409,0.1416,76800850.3,11277563.23430,78985,5452033.14657
1762905600000,0.1417,0.1482,0.1360,0.1394,62487493.9,8891469.20037,67724,4129452.28165
1762992000000,0.1393,0.1461,0.1324,0.1369,64327082.4,8991645.36525,69496,4494189.77303
1763078400000,0.1368,0.1377,0.1279,0.1305,76763850.3,10183621.32316,82455,4839018.35105
1763164800000,0.1304,0.1360,0.1303,0.1334,33538610.3,4476319.23356,43100,2218782.76613
1763251200000,0.1334,0.1351,0.1249,0.1288,52131872.4,6777503.82265,59604,3481835.38652
1763337600000,0.1287,0.1319,0.1201,0.1242,89838918.8,11351859.28346,79079,5614081.75544
1763424000000,0.1243,0.1301,0.1218,0.1277,63051474.8,7895548.58443,64649,3871558.01991
1763510400000,0.1277,0.1308,0.1187,0.1238,72477214.5,9041899.03855,65098,4557146.99431
1763596800000,0.1239,0.1296,0.1146,0.1177,89182228.8,10846252.91099,79706,5377278.73282
1763683200000,0.1176,0.1200,0.1050,0.1139,140111272.4,15740349.66614,112742,7835230.66385
1763769600000,0.1139,0.1168,0.1098,0.1149,53840989.9,6089915.88268,53178,2940828.44872
1763856000000,0.1149,0.1181,0.1138,0.1153,48740626.1,5640049.52184,43169,2937619.00304
1763942400000,0.1154,0.1207,0.1120,0.1185,72359506.0,8410889.84929,59520,4195166.81302
1764028800000,0.1185,0.1193,0.1146,0.1183,49181967.4,5756434.43332,44402,2821170.53415
1764115200000,0.1184,0.1186,0.1135,0.1172,36711639.2,4269835.26370,35915,2036332.86388
1764201600000,0.1172,0.1212,0.1170,0.1180,32072880.8,3812263.70109,35870,1915756.87784
1764288000000,0.1180,0.1194,0.1124,0.1136,44819120.1,5193120.68773,49746,2587186.87687
1764374400000,0.1137,0.1157,0.1113,0.1123,29361134.7,3324293.75497,41000,1584716.08477
1764460800000,0.1123,0.1134,0.1083,0.1085,31372928.1,3490910.38866,30159,1612046.17997
1764547200000,0.1084,0.1088,0.0951,0.0986,134867128.6,13353382.31874,87731,6414607.30303
1764633600000,0.0986,0.1063,0.0944,0.1039,76979374.3,7700371.90237,53513,3766266.92847
1764720000000,0.1039,0.1072,0.0999,0.1040,85909582.9,8860835.65437,65863,4481700.98227
1764806400000,0.1041,0.1050,0.0985,0.1006,77155098.5,7897887.33267,53818,4162966.81913
1764892800000,0.1006,0.1050,0.0973,0.1000,106821586.8,10845905.90548,60369,5516562.16633
1764979200000,0.0999,0.1044,0.0987,0.1027,47864783.8,4843847.61487,34424,2296838.71121
1765065600000,0.1027,0.1049,0.0981,0.1011,72822036.5,7409677.85806,53170,3673415.05508
1765152000000,0.1010,0.1049,0.1004,0.1033,47104392.3,4858191.54948,44479,2323021.60344
1765238400000,0.1033,0.1107,0.1015,0.1068,51020883.4,5388929.98035,47387,2592383.97215
1765324800000,0.1068,0.1099,0.1037,0.1042,50223598.5,5342132.15379,53542,2628270.83763
1765411200000,0.1043,0.1045,0.0996,0.1016,49991404.6,5063748.96829,47722,2435003.54908
1765497600000,0.1016,0.1025,0.0967,0.1000,44751416.4,4459735.94467,39422,2148339.97817
1765584000000,0.1000,0.1012,0.0993,0.1000,20925750.8,2101542.56245,25684,984602.70174
1765670400000,0.1000,0.1005,0.0929,0.0943,49588588.2,4798044.00943,67702,2270728.47339
1765756800000,0.0944,0.0964,0.0878,0.0916,103377050.9,9490413.66521,67352,4450805.46786
1765843200000,0.0916,0.0936,0.0899,0.0928,56535792.1,5191486.29788,42908,2464311.03149
1765929600000,0.0928,0.0948,0.0874,0.0899,81700054.3,7439916.93371,42743,3779604.26974
1766016000000,0.0899,0.0916,0.0831,0.0845,84799114.7,7421668.74890,49228,3624227.40411
1766102400000,0.0846,0.0904,0.0834,0.0897,72785777.3,6361404.23330,36549,3192950.84009
1766188800000,0.0897,0.0924,0.0892,0.0903,39550144.9,3587416.73655,24900,1715716.61878
1766275200000,0.0904,0.0906,0.0859,0.0868,43413733.7,3815254.37593,27099,1928739.66810
1766361600000,0.0868,0.0887,0.0846,0.0858,69352126.8,6008286.45781,42410,2851765.13686
1766448000000,0.0858,0.0865,0.0815,0.0841,69896398.1,5841865.29173,62155,2706604.54798
1766534400000,0.0842,0.0847,0.0815,0.0838,47087283.9,3904332.65039,31009,1944635.97014
1766620800000,0.0838,0.0852,0.0818,0.0821,30356255.2,2544574.34824,25085,1222298.72071
1766707200000,0.0821,0.0855,0.0813,0.0837,47541107.3,3988536.36421,29410,2056438.51095
1766793600000,0.0836,0.0877,0.0834,0.0872,30867264.6,2638367.93785,24168,1216042.81623
1766880000000,0.0873,0.0878,0.0849,0.0857,23905103.2,2066778.19526,23913,1045313.38754
1766966400000,0.0857,0.0875,0.0826,0.0828,50399435.1,4297385.97231,32948,2075505.31984
1767052800000,0.0829,0.0851,0.0822,0.0840,36711477.3,3071758.07465,28289,1538287.87857
1767139200000,0.0840,0.0846,0.0805,0.0807,42955225.7,3533865.58974,29433,1857658.79743
1767225600000,0.0807,0.0852,0.0793,0.0848,51464875.1,4227294.03091,31111,2012278.55867
1767312000000,0.0849,0.0953,0.0844,0.0946,102905127.4,9285799.98423,63643,4337385.76753
1767398400000,0.0947,0.0968,0.0920,0.0938,49665616.6,4670259.52401,35881,2243858.46393
1767484800000,0.0939,0.1035,0.0938,0.1018,99586549.8,9925518.34585,74097,5065759.61587
1767571200000,0.1018,0.1082,0.0998,0.1067,74619632.4,7721417.50098,51930,3855615.68989
1767657600000,0.1068,0.1181,0.1064,0.1125,186237342.0,21017578.40832,117471,10425337.28177
1767744000000,0.1125,0.1129,0.1057,0.1073,65484485.3,7143486.27429,76424,3455174.30766
1767830400000,0.1072,0.1374,0.1006,0.1065,458658723.6,50685949.81393,292082,25258923.14316
1767916800000,0.1065,0.1099,0.1024,0.1050,152574298.9,16070956.16236,92958,7841728.62099
1768003200000,0.1050,0.1052,0.1006,0.1012,59157963.9,6075680.18403,49176,2892902.73710
1768089600000,0.1013,0.1016,0.0967,0.0984,52406404.3,5223252.26579,44610,2445845.62715
1768176000000,0.0984,0.1015,0.0945,0.0949,66587765.2,6499264.96643,60270,3160018.98039
1768262400000,0.0949,0.1060,0.0945,0.1037,80563823.4,8024295.58362,84330,3903466.68850
1768348800000,0.1038,0.1077,0.1006,0.1008,88877174.0,9232356.61379,71263,4519255.72741
1768435200000,0.1009,0.1011,0.0945,0.0962,72927087.3,7128150.37843,54564,3499947.26275
1768521600000,0.0962,0.0980,0.0924,0.0947,60751283.0,5795862.87506,49449,2924124.55071
1768608000000,0.0948,0.0978,0.0937,0.0952,42837310.8,4091121.07380,34933,2112231.10046
1768694400000,0.0952,0.0964,0.0878,0.0879,51665197.6,4764350.21466,44207,2176458.30856
1768780800000,0.0879,0.0879,0.0785,0.0854,98642497.2,8394037.24073,128660,3944514.36632
1768867200000,0.0854,0.0863,0.0807,0.0829,78975529.7,6631431.99279,87354,3257077.75379
1768953600000,0.0828,0.0904,0.0827,0.0874,133878966.9,11692205.78320,69016,5863922.20693
1769040000000,0.0874,0.0940,0.0857,0.0878,110093383.4,9878308.59109,64311,4797535.49915
1769126400000,0.0877,0.0911,0.0863,0.0896,73980933.6,6564424.09323,47478,3207106.90655
1769212800000,0.0896,0.0897,0.0871,0.0883,23554900.7,2079976.68431,20950,1017927.25700
1769299200000,0.0883,0.0888,0.0815,0.0831,56261841.6,4756409.96689,42867,2268508.10241
1769385600000,0.0831,0.0878,0.0828,0.0864,50797856.2,4356651.56608,32994,2124664.78552
1769472000000,0.0863,0.0881,0.0836,0.0874,45218052.3,3869397.26781,30771,1884113.46519
1769558400000,0.0874,0.0878,0.0846,0.0859,44734447.4,3844307.09228,29277,1991933.92433
1769644800000,0.0858,0.0861,0.0791,0.0815,88274830.8,7228232.18192,62915,3402881.67849
1769731200000,0.0815,0.0826,0.0746,0.0777,152170605.4,12028762.92240,75801,5864988.33167
1769817600000,0.0777,0.0780,0.0647,0.0733,147024235.1,10516600.21305,100061,5067491.08907
1769904000000,0.0732,0.0752,0.0695,0.0707,105211044.7,7650177.32484,67702,3636869.66106
1769990400000,0.0708,0.0757,0.0685,0.0744,107410897.5,7749580.48347,55466,3831908.86751
1770076800000,0.0744,0.0765,0.0702,0.0730,142796451.5,10477736.52235,58424,4859561.10164
1770163200000,0.0730,0.0791,0.0725,0.0778,171585346.8,12978870.57080,79748,6445377.74034
1770249600000,0.0778,0.0782,0.0660,0.0670,286565472.8,20402024.25265,115758,10159322.99871
1770336000000,0.0670,0.0765,0.0621,0.0734,196297970.6,13540998.92695,92992,6648384.21867
1770422400000,0.0734,0.0735,0.0695,0.0708,108043090.4,7741470.70601,49777,3891748.87872
1770508800000,0.0709,0.0718,0.0686,0.0691,52005769.1,3651235.11943,29320,1886227.38166
1770595200000,0.0691,0.0704,0.0674,0.0686,52197915.0,3609199.57591,32165,1770819.86120
1770681600000,0.0686,0.0691,0.0660,0.0673,58340095.8,3928107.88178,36001,1943935.47898
1770768000000,0.0674,0.0675,0.0632,0.0646,79259133.2,5152280.18708,44997,2511579.37671
1770854400000,0.0646,0.0691,0.0645,0.0672,81940287.0,5476221.91508,43068,2702832.21692
1770940800000,0.0671,0.0690,0.0656,0.0683,66385155.9,4467876.91522,33338,2301497.92887
1771027200000,0.0683,0.0734,0.0683,0.0721,73762197.7,5203374.32319,35547,2736645.65842
1771113600000,0.0720,0.0732,0.0679,0.0687,64182655.0,4513858.26384,33255,2202724.96875
1771200000000,0.0687,0.0707,0.0678,0.0706,34885880.4,2406717.63890,26757,1195119.28366
1771286400000,0.0706,0.0714,0.0681,0.0688,61938242.3,4308053.70277,34300,2042673.12937
1771372800000,0.0688,0.0698,0.0662,0.0666,40310008.6,2743481.78952,24970,1257210.96180
1771459200000,0.0667,0.0689,0.0661,0.0677,77899145.9,5259283.34500,40390,2676687.26227
1771545600000,0.0677,0.0718,0.0668,0.0704,66514549.0,4619501.07818,34808,2378343.62893
1771632000000,0.0704,0.0709,0.0685,0.0686,30746365.0,2148274.10663,25597,1081653.20073
1771718400000,0.0685,0.0688,0.0671,0.0681,68204780.4,4639318.46796,26538,2312930.60235
1771804800000,0.0680,0.0681,0.0651,0.0661,99585097.9,6606209.64619,40258,2981829.93554
1771891200000,0.0661,0.0667,0.0648,0.0656,48129477.8,3161239.77486,31156,1460650.02720
1771977600000,0.0657,0.0736,0.0654,0.0711,78859854.9,5487055.77462,40011,2808988.32264
1772064000000,0.0711,0.0713,0.0672,0.0694,61702984.6,4299750.31879,37557,2152360.71664
1772150400000,0.0694,0.0710,0.0658,0.0670,63407240.6,4334155.69752,29714,1939432.90056
1772236800000,0.0670,0.0690,0.0634,0.0685,87100371.2,5690736.81108,46691,2748302.76520
1772323200000,0.0685,0.0703,0.0646,0.0658,78080861.9,5266595.95477,38656,2520011.57919
1772409600000,0.0659,0.0694,0.0648,0.0668,68869550.2,4604089.76828,34064,2283387.05012
1772496000000,0.0668,0.0669,0.0644,0.0658,59205365.4,3886910.64494,34308,1985558.01755
1772582400000,0.0659,0.0700,0.0648,0.0683,71200716.8,4796870.62835,39916,2445994.61104
1772668800000,0.0683,0.0684,0.0652,0.0660,58421022.5,3913134.75988,28949,1833712.47722
1772755200000,0.0660,0.0664,0.0640,0.0646,65015099.3,4252004.97803,32644,2091522.86412
1772841600000,0.0646,0.0652,0.0629,0.0634,38523610.1,2470724.09654,23187,1147695.67221
1772928000000,0.0634,0.0644,0.0623,0.0637,47117331.3,2991871.30613,26451,1453099.38421
1773014400000,0.0636,0.0658,0.0629,0.0633,54868366.1,3542736.02095,32825,1804753.96672
1773100800000,0.0632,0.0660,0.0626,0.0631,76194450.7,4879317.26279,37307,2412598.24548
1773187200000,0.0631,0.0648,0.0628,0.0631,72766018.5,4619357.86814,32305,2292852.48549
1773273600000,0.0631,0.0639,0.0623,0.0634,53195078.1,3359812.85360,25788,1723827.51989
1773360000000,0.0634,0.0657,0.0631,0.0637,88540108.2,5693156.74286,33251,2863373.60724
1773446400000,0.0637,0.0641,0.0625,0.0637,44897942.2,2836868.84303,22370,1332448.74192
1773532800000,0.0636,0.0652,0.0630,0.0645,57816369.1,3703383.90936,24931,1834087.43211
1773619200000,0.0645,0.0678,0.0640,0.0677,77433298.3,5085504.03919,32045,2711341.52593
1773705600000,0.0677,0.0680,0.0653,0.0666,62368450.0,4150946.90365,27882,1966718.13407
1773792000000,0.0666,0.0675,0.0615,0.0632,92329480.0,5931052.47921,31978,2689735.01758
1773878400000,0.0633,0.0641,0.0611,0.0622,73439382.9,4570853.64508,24182,2159922.58671
1773964800000,0.0623,0.0627,0.0613,0.0617,48577851.5,3016830.20584,21968,1402980.40416
1774051200000,0.0617,0.0620,0.0591,0.0597,50540925.2,3073077.55551,22622,1401193.54486
1774137600000,0.0597,0.0597,0.0561,0.0571,121246079.6,7047156.47530,105037,3091408.41244
1774224000000,0.0571,0.0594,0.0564,0.0590,80215556.6,4664792.69731,66198,2286796.71733
1774310400000,0.0590,0.0591,0.0578,0.0590,49510691.6,2895752.30881,25806,1492933.43021
1774396800000,0.0590,0.0597,0.0583,0.0597,39013207.0,2301605.60609,21498,1156071.39316
1774483200000,0.0597,0.0599,0.0566,0.0573,76554754.5,4423427.14460,26801,2153759.90145
1774569600000,0.0574,0.0577,0.0543,0.0550,78634111.6,4372998.04326,24972,2116882.00393
1774656000000,0.0549,0.0563,0.0546,0.0548,56242619.7,3119743.23161,24789,1658487.05454
1774742400000,0.0549,0.0554,0.0512,0.0533,70175472.4,3759585.61263,26996,1683988.73515
1774828800000,0.0533,0.0561,0.0533,0.0546,57700983.0,3173314.54687,25553,1598074.37296
1774915200000,0.0546,0.0557,0.0541,0.0545,52684638.3,2882470.08416,19288,1350770.36202
1775001600000,0.0546,0.0608,0.0545,0.0589,187301143.1,10897238.86191,51241,5617061.90510
1775088000000,0.0589,0.0606,0.0575,0.0590,133564068.2,7841999.32730,44809,3846117.80919
1775174400000,0.0591,0.0645,0.0579,0.0639,137851581.8,8520386.01363,61098,4312500.99129
1775260800000,0.0639,0.0639,0.0606,0.0611,77441239.6,4813748.93990,35906,2339768.43157
1775347200000,0.0611,0.0611,0.0575,0.0591,53430264.6,3145742.28149,25028,1542975.31254
1775433600000,0.0592,0.0598,0.0570,0.0575,60592718.8,3555360.87162,21198,1660358.35613
1775520000000,0.0576,0.0603,0.0543,0.0597,116750751.6,6652558.98082,32371,3269689.97846
1775606400000,0.0596,0.0610,0.0580,0.0581,76334235.6,4564706.84466,26541,2153154.88139
1775692800000,0.0582,0.0583,0.0565,0.0570,52265957.5,2997136.77665,24612,1561678.60607
1775779200000,0.0570,0.0580,0.0566,0.0573,51844907.3,2967530.48745,21894,1510084.98270
1775865600000,0.0574,0.0578,0.0563,0.0572,37065635.2,2112294.83815,17726,992456.87087
1775952000000,0.0573,0.0575,0.0541,0.0543,50932258.8,2832057.64272,22118,1158549.98724
1776038400000,0.0544,0.0564,0.0528,0.0562,93888017.2,5079224.86899,28337,2465079.24237
1776124800000,0.0563,0.0572,0.0544,0.0548,54513833.5,3038073.13531,23242,1614939.23240
1776211200000,0.0548,0.0561,0.0543,0.0556,36837640.1,2028146.90587,25901,1059103.05686
1776297600000,0.0557,0.0596,0.0553,0.0589,73016939.0,4156124.04266,43518,2220837.41891
1776384000000,0.0589,0.0619,0.0576,0.0599,68320214.3,4076411.37549,35585,2023106.68214
1776470400000,0.0598,0.0603,0.0566,0.0566,50461072.8,2949408.83370,20176,1325131.12515
1776556800000,0.0566,0.0578,0.0559,0.0562,46517261.8,2642115.25580,20938,1328120.45724
1776643200000,0.0563,0.0590,0.0562,0.0580,37773233.9,2182646.12096,17369,1058263.29781
1776729600000,0.0580,0.0589,0.0570,0.0580,36097905.0,2093764.07679,18305,1001323.67975
1776816000000,0.0580,0.0593,0.0574,0.0577,30182758.9,1766988.19074,14418,856751.94152
1776902400000,0.0577,0.0581,0.0558,0.0570,60997426.6,3468181.79107,22643,1642990.20476
1776988800000,0.0570,0.0586,0.0562,0.0579,59816422.7,3420189.40588,17200,1738181.59077
1777075200000,0.0579,0.0595,0.0571,0.0576,46697476.4,2721603.05263,22841,1350552.38539
1777161600000,0.0576,0.0582,0.0567,0.0577,31322771.9,1806745.05106,17115,888277.99627
1777248000000,0.0578,0.0584,0.0561,0.0568,41506953.2,2368065.98945,20261,1102395.21544
1777334400000,0.0569,0.0569,0.0554,0.0558,32944998.1,1847449.08559,23691,917497.76064
1777420800000,0.0558,0.0577,0.0540,0.0551,57874214.6,3234725.58802,21152,1546231.88729
1777507200000,0.0551,0.0557,0.0540,0.0543,33463291.2,1827328.49035,17878,916351.38158
1777593600000,0.0544,0.0555,0.0541,0.0546,36356519.6,1991755.65626,15391,1043413.03041
1777680000000,0.0546,0.0555,0.0542,0.0553,32836133.5,1799150.35108,14727,951448.28002
1777766400000,0.0553,0.0554,0.0542,0.0545,35817963.9,1959321.83802,14452,894653.48539
1777852800000,0.0545,0.0560,0.0539,0.0548,63946007.6,3509823.76720,18936,1641298.20704
1777939200000,0.0547,0.0582,0.0547,0.0576,72530258.3,4116989.42772,24228,2189619.56139
1778025600000,0.0575,0.0606,0.0573,0.0591,99048269.7,5846423.32814,33019,2864000.01053
1778112000000,0.0591,0.0593,0.0576,0.0581,68401385.1,3993153.54779,21803,1920828.08669
1778198400000,0.0581,0.0632,0.0575,0.0618,80261162.5,4844072.67979,31273,2442840.99590
1778284800000,0.0617,0.0654,0.0610,0.0613,86759424.8,5466227.23870,41532,2710717.70209
1778371200000,0.0614,0.0651,0.0604,0.0628,89160285.1,5557540.72237,37606,2776856.63506
1778457600000,0.0629,0.0666,0.0622,0.0652,126968235.7,8208527.68736,57623,4045832.88054
1778544000000,0.0652,0.0654,0.0616,0.0623,61816190.5,3902184.93502,27577,1721185.48169
1778630400000,0.0623,0.0657,0.0602,0.0604,76322248.2,4797150.52162,29180,2200113.62332
1778716800000,0.0604,0.0638,0.0591,0.0622,83562884.5,5128397.35239,28509,2502699.87787
1778803200000,0.0622,0.0627,0.0577,0.0581,65085954.8,3877832.94287,25688,1837166.04723
1778889600000,0.0581,0.0584,0.0549,0.0563,55330951.2,3113029.79823,21962,1543664.66795
1778976000000,0.0564,0.0568,0.0530,0.0550,45686517.7,2541263.00425,22116,1191567.29699
1779062400000,0.0550,0.0563,0.0542,0.0562,46625003.6,2573227.86174,24455,1210000.49593
1779148800000,0.0562,0.0566,0.0550,0.0557,31499579.2,1758536.92882,14734,861211.78812
1779235200000,0.0557,0.0566,0.0553,0.0559,33067134.4,1851543.25874,26477,951306.36255
1779321600000,0.0559,0.0581,0.0556,0.0569,45026040.8,2544404.07416,40881,1265501.98171
1779408000000,0.0569,0.0589,0.0566,0.0578,70632962.9,4086951.92921,46292,2012514.50433
1779494400000,0.0578,0.0588,0.0548,0.0579,73881899.9,4197066.03633,27106,1999607.41218
1779580800000,0.0580,0.0582,0.0552,0.0561,38895477.2,2215294.90196,33512,1035764.97295
1779667200000,0.0562,0.0588,0.0557,0.0574,36280201.2,2085497.02526,52380,1035698.86719
1779753600000,0.0573,0.0587,0.0561,0.0562,43902309.5,2512070.20778,22471,1228895.41371
1779840000000,0.0562,0.0568,0.0546,0.0553,46513278.5,2594227.45170,21740,1292406.25738
1779926400000,0.0552,0.0604,0.0534,0.0598,128781801.7,7341505.70597,46471,3636964.70705
1780012800000,0.0599,0.0655,0.0592,0.0654,312242018.5,19420269.73039,106253,9686766.14911
1780099200000,0.0653,0.0718,0.0619,0.0621,271109298.9,18259508.56764,102277,8527015.67489
1780185600000,0.0622,0.0639,0.0594,0.0606,121812094.9,7521152.46909,57810,3590030.66251
1780272000000,0.0607,0.0620,0.0569,0.0577,99742858.8,5897144.80825,41348,2727551.59315
1780358400000,0.0577,0.0578,0.0520,0.0528,102919846.9,5658666.05051,41109,2625176.38367
1780444800000,0.0528,0.0539,0.0501,0.0503,112960875.7,5886341.60222,44439,2747974.47721
1780531200000,0.0503,0.0507,0.0458,0.0478,189630211.6,9126587.05692,52324,4250252.80858
1780617600000,0.0478,0.0479,0.0428,0.0445,217341200.9,9787981.87409,50689,4518861.36214
1780704000000,0.0445,0.0451,0.0416,0.0449,80537668.0,3522394.03931,30181,1642239.40395
1780790400000,0.0449,0.0479,0.0445,0.0468,73374067.1,3373785.33862,30560,1762533.12960
1780876800000,0.0468,0.0492,0.0458,0.0470,74844896.4,3555050.55062,29372,1768720.60427
1780963200000,0.0471,0.0474,0.0447,0.0453,63452733.3,2924004.26294,26358,1481013.97017
1781049600000,0.0453,0.0459,0.0438,0.0444,72384066.4,3249877.14431,23402,1609290.42519
1781136000000,0.0443,0.0466,0.0443,0.0463,50762626.7,2306673.84990,19019,1133605.38261
1781222400000,0.046400,0.047480,0.045700,0.046520,85643217.7,4010136.8982170,45818,1857656.6175330
1781308800000,0.046520,0.047430,0.045910,0.046450,38148509.1,1776708.2948060,30729,876834.5081590
1781395200000,0.046450,0.048100,0.045410,0.047590,48927408.7,2273451.6523870,35375,1177765.0199890
1781481600000,0.047590,0.051540,0.046740,0.049540,90741235.4,4459689.4859640,70113,2176318.9548540
1781568000000,0.049540,0.051160,0.047600,0.048060,88008729.2,4349972.2810380,76876,2054888.0068110
1781654400000,0.048070,0.049560,0.046710,0.047320,52619794.2,2530972.5143780,60827,1213454.2408970
1781740800000,0.047320,0.049100,0.045000,0.045800,72721920.5,3418977.8497750,71655,1557546.9035740
1781827200000,0.045800,0.046330,0.044730,0.045060,31631925.5,1435777.6678760,49539,698183.7668530
1781913600000,0.045050,0.045560,0.044150,0.044990,33893392.0,1521026.1358590,31945,696795.1016410
1782000000000,0.044980,0.045530,0.043630,0.043780,30973061.4,1384700.2391450,28538,633663.3473150
1782086400000,0.043770,0.045440,0.043020,0.043180,38502775.0,1710109.4072000,40171,791710.3876020
1782172800000,0.043180,0.043450,0.040530,0.041750,66387277.3,2770671.3926740,58281,1318968.3441620
1782259200000,0.041780,0.042340,0.039100,0.040160,60861973.0,2475847.8338940,56818,1077329.8141320
1782345600000,0.040180,0.040280,0.037140,0.037800,97588033.8,3777338.9796920,63992,1795037.3148870
1782432000000,0.037790,0.039100,0.036210,0.038370,81365860.1,3074297.2640360,59372,1526726.6337750
1782518400000,0.038380,0.039770,0.037170,0.037360,54002533.4,2081343.8100620,39055,1029995.4339760
1782604800000,0.037360,0.037690,0.034720,0.035330,83303610.9,3014354.3734970,57381,1371510.7558460
1782691200000,0.035330,0.036320,0.034670,0.035010,90475593.0,3191555.9279760,105901,1551024.1300880
1782777600000,0.035000,0.035810,0.034140,0.035180,109299328.8,3827738.1951880,63461,1903353.5413760
1782864000000,0.035180,0.038820,0.034070,0.037470,298309598.8,11100672.5267370,154395,5084825.2930450
1782950400000,0.037480,0.040810,0.037100,0.039040,166344349.2,6520767.8310370,95967,3179051.6338350
1783036800000,0.039030,0.040180,0.038410,0.039470,69428890.9,2716884.0474460,57799,1291954.9981180
1783123200000,0.039470,0.040500,0.038010,0.039330,63718063.0,2489690.3417170,42531,1246368.4442480
1783209600000,0.039340,0.040160,0.037410,0.038240,63210356.0,2424322.4117630,41681,1206033.9407540
1783296000000,0.038250,0.038770,0.035990,0.037830,94390740.1,3516055.9174250,49879,1743594.7026870
1783382400000,0.037840,0.037950,0.035600,0.036400,59635817.3,2197050.2100290,40553,1016234.6627400
1783468800000,0.036410,0.037730,0.035720,0.036470,99289289.6,3642697.8362710,61867,1750766.5886650
1783555200000,0.036460,0.037150,0.036100,0.036790,46499146.7,1704687.9313860,37673,830649.9511950
1783641600000,0.036780,0.043200,0.036660,0.039070,436518564.2,17706709.5902000,249080,8845064.8110220
1783728000000,0.039070,0.043070,0.038710,0.039440,384840368.7,15708603.8062440,233803,7902573.5485930
1783814400000,0.039430,0.039650,0.037770,0.038590,150787245.6,5851410.1361780,95536,2646532.4140860
1783900800000,0.038590,0.038930,0.036540,0.036660,97269267.9,3637028.2324880,63528,1652333.6765010
1783987200000,0.036670,0.037350,0.035930,0.036850,83536225.7,3063541.8260540,47427,1435809.4392680
1784073600000,0.036860,0.038220,0.036090,0.037230,106254396.2,3941752.5157570,62433,1920249.3286700
1784160000000,0.037240,0.037310,0.035170,0.035390,80426415.9,2899627.8013790,56120,1358496.0325550
1784246400000,0.035380,0.036810,0.034630,0.035830,87321208.6,3109602.9062420,49193,1525805.9150960
1784332800000,0.035820,0.036560,0.035430,0.036030,55173250.7,1987009.4434730,34684,988321.7396340
1784419200000,0.036030,0.036560,0.035490,0.035800,43693142.4,1572060.1962370,25998,755064.1774440
1784505600000,0.035790,0.036460,0.035280,0.036300,55528304.8,1990037.3903980,35649,1019064.8148810
1784592000000,0.036280,0.038040,0.035990,0.036820,72974738.4,2698591.2308370,40316,1279343.2248960
1784678400000,0.036830,0.037120,0.035940,0.036280,48123762.3,1755217.6598000,30048,824694.4184510
1784764800000,0.036280,0.036390,0.034830,0.035010,48166117.9,1716611.5634080,38789,856548.1593510
1784851200000,0.035020,0.035260,0.033760,0.034540,65459612.6,2264249.7017460,45444,1068939.3378740
1784937600000,0.034540,0.034780,0.033980,0.034580,34968389.5,1202961.4494730,24369,572014.9786500
1785024000000,0.034580,0.035290,0.034500,0.035030,34334346.3,1194661.6322790,24720,564162.7182060
1785110400000,0.035040,0.035060,0.031730,0.032170,113927109.8,3800697.4315370,61967,1701586.0392570
1785196800000,0.032180,0.032790,0.031170,0.032600,99498398.2,3173016.6670610,51225,1392906.4279660
1785283200000,0.032600,0.032830,0.031330,0.032010,96153464.2,3069221.6834100,50764,1373991.6104100
1785369600000,0.032010,0.033210,0.032010,0.032440,66183034.8,2160632.9432490,35365,968992.9338260
1785456000000,0.032440,0.032690,0.030920,0.031940,73483933.7,2333840.7324580,41909,1112871.9475330
1785542400000,0.031950,0.033310,0.031610,0.032290,61918829.0,2007768.8530430,37918,963807.1303470
1785628800000,0.032290,0.033890,0.032280,0.033870,55035341.6,1814591.0421290,30050,956523.0515280
1785715200000,0.033880,0.034490,0.032750,0.033430,85035722.9,2867464.3171460,48593,1497305.7716030
1785801600000,0.033420,0.033690,0.032980,0.033110,56229716.6,1872112.4793560,44456,996897.0185580
1785888000000,0.033100,0.033990,0.033050,0.033780,47440550.6,1593272.8814560,40206,760100.9595600
1785974400000,0.033790,0.034560,0.033660,0.034030,49442321.7,1684416.4988240,38256,787172.1123460
1786060800000,0.034030,0.034220,0.033400,0.033750,37669148.2,1274531.1698180,26762,648601.4062700
1786147200000,0.033750,0.036760,0.033270,0.035270,120242748.7,4234052.1282080,70823,2186292.5775370
1786233600000,0.035270,0.036200,0.034830,0.034930,95199944.3,3372530.4059700,55974,1655008.1267460
1786320000000,0.034910,0.035480,0.033730,0.033850,42938720.9,1485626.3399120,30986,712228.2440560
1786406400000,0.033850,0.034410,0.033330,0.033690,45444887.8,1537676.9618270,35244,789910.0508160
1786492800000,0.033680,0.035370,0.033490,0.033920,69447939.0,2388604.2258810,45415,1136121.7933380
1786579200000,0.033920,0.034740,0.033420,0.033840,37829304.5,1288898.1248790,31093,590174.2177250
1786665600000,0.033850,0.033860,0.032560,0.033160,41124899.1,1358430.2451040,31518,605113.7359340
1786752000000,0.033170,0.033180,0.032400,0.032510,24984548.3,820294.1344960,31352,396891.5706470
1786838400000,0.032510,0.032600,0.031500,0.031780,52041194.6,1661680.9589340,32763,741746.0218700
1786924800000,0.031780,0.032870,0.031680,0.032610,48469861.4,1569181.5239260,40971,767333.9123480
1787011200000,0.032610,0.032930,0.031680,0.032780,54614854.7,1761539.1070980,50313,877130.4277740
1787097600000,0.032790,0.035710,0.032590,0.035350,100334771.6,3402806.9236880,64394,1807924.5091100
1787184000000,0.035350,0.038170,0.035100,0.037800,109357881.7,3988550.5515970,78285,2015992.9407340
1787270400000,0.037800,0.044830,0.037770,0.044070,145836190.2,6007507.6826180,120447,2923045.4981330
1787356800000,0.044080,0.049420,0.041130,0.044830,215448886.8,9886158.1283310,199870,4826276.5045530
1787443200000,0.044810,0.047290,0.042900,0.045920,75187261.2,3401124.7503460,80323,1654453.2731410
1787529600000,0.045920,0.046000,0.043780,0.045030,67978315.4,3054022.9287550,73404,1525523.4242680
1787616000000,0.045020,0.047050,0.042550,0.042950,77124719.6,3469741.5570480,88879,1633742.1192550
1787702400000,0.042940,0.044080,0.040670,0.042870,66010065.2,2799615.8765690,80366,1297510.8168640
1787788800000,0.042880,0.043990,0.041410,0.042240,59096432.0,2523605.6276090,57608,1172813.6090350
1787875200000,0.042250,0.043040,0.038010,0.039740,87714146.9,3535279.3059630,77952,1566408.0000560
1787961600000,0.039740,0.040220,0.037850,0.039600,66367030.5,2582349.6231540,60635,1218763.9183910
1788048000000,0.039600,0.041920,0.038570,0.039260,90332314.0,3644902.5751900,79375,1747142.9225410
1788134400000,0.039250,0.040680,0.039080,0.039890,48289047.6,1926842.5130440,52980,947143.4864420
1788220800000,0.039910,0.040830,0.039280,0.039570,62088785.9,2489811.7793900,62843,1228644.5873380
1788307200000,0.039570,0.040900,0.037760,0.039350,88073832.7,3473130.5012280,62355,1554884.2793230
1788393600000,0.039350,0.041510,0.039050,0.040820,73954472.2,2991327.9878730,60034,1467227.6710440
1788480000000,0.040800,0.041350,0.038380,0.039040,95264286.8,3790853.2854550,72740,1782602.5612530
1788566400000,0.039040,0.040730,0.038760,0.040330,56685334.3,2250230.2632840,41071,1177946.0655660
1788652800000,0.040330,0.043080,0.040290,0.042320,131358200.9,5502122.4229360,94904,2659866.7343290
1788739200000,0.042310,0.042790,0.041210,0.042430,90745095.5,3819466.6483090,65723,1872997.6998790
1788825600000,0.042420,0.043550,0.041010,0.042250,97882189.4,4165144.1627750,70034,1933481.9157800
1788912000000,0.042250,0.043720,0.041530,0.042810,107685099.5,4594836.8432410,76087,2222281.4382050
1788998400000,0.042810,0.042820,0.039000,0.039250,80424729.1,3265278.0160180,58840,1466577.9148830
1789084800000,0.039260,0.041610,0.038830,0.039790,72719645.2,2904592.7406390,51713,1366852.6555410
1789171200000,0.039800,0.040710,0.039710,0.040170,35094349.5,1408331.6641440,25782,730028.4681730
1789257600000,0.040170,0.041990,0.039690,0.040710,89801394.6,3675168.9355200,61956,1815076.5101160
1789344000000,0.040690,0.048370,0.040520,0.043620,504495559.4,22524160.0529800,319138,11510332.9818820
1789430400000,0.043620,0.043680,0.038070,0.038720,207695710.1,8521493.1139340,148944,3841582.1121950
1789516800000,0.038720,0.039300,0.037190,0.039160,127908287.4,4901074.8649330,83636,2217673.5521880
1789603200000,0.039140,0.041050,0.038810,0.040900,81074819.1,3231956.3099060,63448,1515834.3100340
1789689600000,0.040910,0.044780,0.040800,0.044740,105727778.6,4564474.7145200,82036,2182172.1986010
1789776000000,0.044740,0.048330,0.044510,0.047800,134376163.5,6261428.3372230,102324,3048506.8403780
1789862400000,0.047800,0.049770,0.045450,0.047010,201237885.9,9625348.6794650,147262,4747655.2615460
1789948800000,0.047010,0.049140,0.046390,0.048610,120994958.4,5800992.8172190,88946,2781028.2368030
1790035200000,0.048600,0.049390,0.046430,0.049100,99585915.2,4765478.4535270,74687,2286314.7536540
1790121600000,0.049120,0.050670,0.045360,0.046320,134716748.9,6489173.3567360,101965,3104669.4549980
1790208000000,0.046330,0.049010,0.044840,0.048020,95604592.8,4501340.7165990,80877,2073471.5600390
1790294400000,0.048000,0.051000,0.047470,0.050980,123657893.4,6123261.7216950,89050,2999392.4992160
1790380800000,0.050950,0.052570,0.049460,0.051210,140646340.3,7170742.7452870,91925,3601108.0757160
1790467200000,0.051210,0.051350,0.049530,0.051220,77680942.9,3922144.4275650,72774,1985697.5459130
1790553600000,0.051230,0.056960,0.048980,0.055720,791560213.2,42432428.7473370,465791,20552543.9330900
1790640000000,0.055700,0.056440,0.052020,0.052220,333347506.9,18172526.8919930,230906,8663425.7385600
1790726400000,0.052220,0.054190,0.050950,0.053690,132884593.6,6985355.8714950,123509,3344193.2388260
1790812800000,0.053700,0.056690,0.053010,0.054930,171030294.6,9384263.1526340,176928,4312990.9686870
1790899200000,0.054940,0.056340,0.051780,0.053410,117745771.3,6409860.5166330,108162,3040481.0542530
