open_time,open,high,low,close,volume,quote_volume,trades,taker_buy_quote
1680048000000,0.5257000,0.6043000,0.5166000,0.5765000,74896985,42739590.2816000,248865,20211752.2026000
1680134400000,0.5769000,0.6243000,0.5557000,0.6029000,183336500,108302595.3674000,545024,53979256.5903000
1680220800000,0.6028000,0.6560000,0.5729000,0.6049000,172177269,106565144.1776000,439912,52621650.2089000
1680307200000,0.6049000,0.6359000,0.5814000,0.6134000,52363529,31706054.0656000,169687,15351086.6246000
1680393600000,0.6131000,0.6434000,0.5910000,0.6060000,78692935,48799319.4264000,233039,24085592.4174000
1680480000000,0.6061000,0.6285000,0.5531000,0.5891000,65190644,38906871.8299000,208046,18721882.2104000
1680566400000,0.5891000,0.6179000,0.5741000,0.6139000,32341659,19314857.4348000,134393,9368073.1436000
1680652800000,0.6139000,0.6300000,0.5850000,0.5933000,26816418,16288589.0634000,97452,7740456.3979000
1680739200000,0.5934000,0.5966000,0.5751000,0.5880000,16809410,9840385.2349000,70351,4643254.9597000
1680825600000,0.5879000,0.5964000,0.5664000,0.5707000,16484150,9515620.5594000,52381,4563937.2846000
1680912000000,0.5707000,0.5791000,0.5519000,0.5670000,33943803,19225852.0840000,96663,8913172.8796000
1680998400000,0.5671000,0.6015000,0.5600000,0.5926000,32298088,18623852.2089000,94966,9080888.3850000
1681084800000,0.5927000,0.6082000,0.5770000,0.6020000,39351476,23357014.8232000,112934,11391586.3491000
1681171200000,0.6021000,0.6448000,0.5963000,0.6046000,53707644,33472229.5828000,150161,16424629.8399000
1681257600000,0.6047000,0.6213000,0.5820000,0.6044000,25796808,15427839.9881000,92499,7555693.1159000
1681344000000,0.6045000,0.6987000,0.5966000,0.6589000,106351426,69980095.0249000,298213,34343669.5781000
1681430400000,0.6587000,0.6886000,0.6141000,0.6453000,77029790,50285078.9026000,229388,23250229.4288000
1681516800000,0.6451000,0.6458000,0.6171000,0.6242000,28871001,18289574.2520000,95363,8519487.4734000
1681603200000,0.6243000,0.6480000,0.6100000,0.6452000,26408369,16565370.6369000,86724,8136808.8302000
1681689600000,0.6451000,0.6880000,0.6150000,0.6744000,109435817,71946604.5669000,297679,34950649.4350000
1681776000000,0.6744000,0.7180000,0.6523000,0.6832000,94128141,65240049.2254000,265914,32399885.1926000
1681862400000,0.6837000,0.6841000,0.5983000,0.6132000,42046917,27014716.8414000,120872,12174539.4325000
1681948800000,0.6128000,0.6380000,0.5704000,0.5767000,39579558,23900934.0710000,116195,11422750.0365000
1682035200000,0.5768000,0.5875000,0.5149000,0.5193000,36664143,20294921.7124000,101106,9545556.9599000
1682121600000,0.5193000,0.5317000,0.5052000,0.5304000,40464348,20821142.4762000,99734,10524745.2538000
1682208000000,0.5305000,0.5306000,0.4713000,0.4873000,43258590,21630535.1716000,113103,9867734.5188000
1682294400000,0.4874000,0.4974000,0.4694000,0.4789000,36948982,17859161.2324000,104304,8316907.9035000
1682380800000,0.4792000,0.5036000,0.4598000,0.4981000,41904747,19987551.9800000,109700,9727546.1949000
1682467200000,0.4981000,0.5358000,0.4621000,0.4992000,57588565,29035753.8292000,141476,14185540.5521000
1682553600000,0.4993000,0.5184000,0.4933000,0.5110000,34563593,17528908.3543000,102350,8573716.0071000
1682640000000,0.5110000,0.5148000,0.4849000,0.5025000,16628114,8334088.1743000,59713,4006241.3858000
1682726400000,0.5024000,0.5055000,0.4930000,0.5001000,12658191,6331627.0907000,45514,3046338.2393000
1682812800000,0.5002000,0.5003000,0.4708000,0.4720000,15888488,7712365.7115000,55308,3644030.1714000
1682899200000,0.4720000,0.4742000,0.4311000,0.4433000,35830902,16065037.0330000,105287,7525932.7889000
1682985600000,0.4433000,0.4446000,0.4253000,0.4327000,31911906,13888236.4254000,97138,6693209.0480000
1683072000000,0.4328000,0.4338000,0.3850000,0.4139000,92393471,37314398.3944000,218875,17694925.9181000
1683158400000,0.4139000,0.4140000,0.3802000,0.3869000,43990033,17455800.5775000,110835,7927352.8661000
1683244800000,0.3869000,0.4175000,0.3851000,0.4004000,91444525,36946003.1401000,180757,17844782.8922000
1683331200000,0.4006000,0.4029000,0.3566000,0.3597000,68067463,25752989.6124000,128313,11847460.0183000
1683417600000,0.3597000,0.3801000,0.3483000,0.3596000,59770580,21749949.6785000,110535,10558981.9138000
1683504000000,0.3596000,0.3646000,0.2998000,0.3194000,103394662,33999028.9077000,163919,16448851.1878000
1683590400000,0.3193000,0.3456000,0.3151000,0.3314000,83654935,27908361.3699000,142937,13573523.0241000
1683676800000,0.3315000,0.3615000,0.3257000,0.3448000,79478545,27147726.9744000,126775,13542732.7878000
1683763200000,0.3447000,0.3454000,0.3201000,0.3243000,47866545,15948622.9558000,95588,7732108.2192000
1683849600000,0.3242000,0.3370000,0.3118000,0.3362000,41574099,13439700.4255000,83634,6407581.2857000
1683936000000,0.3363000,0.3378000,0.3167000,0.3193000,29305695,9524257.8308000,62893,4619189.3598000
1684022400000,0.3194000,0.3410000,0.3123000,0.3393000,51193113,16671293.8732000,93502,8266041.3902000
1684108800000,0.3393000,0.3774000,0.3310000,0.3671000,285585655,103852105.3472000,387831,52946007.6513000
1684195200000,0.3670000,0.3882000,0.3589000,0.3651000,199260570,74241466.4153000,307186,38293690.6219000
1684281600000,0.3651000,0.4265000,0.3611000,0.3991000,169660013,65649053.8706000,321769,33304372.1034000
1684368000000,0.3993000,0.4059000,0.3701000,0.3780000,87561524,33945403.8660000,184479,16520794.5240000
1684454400000,0.3781000,0.3792000,0.3625000,0.3665000,64530463,23755394.5944000,129309,11178513.9321000
1684540800000,0.3664000,0.3665000,0.3559000,0.3607000,30963173,11177552.1359000,72659,5523616.7526000
1684627200000,0.3607000,0.3678000,0.3441000,0.3471000,44558219,15839053.9088000,83091,7659977.0672000
1684713600000,0.3470000,0.3713000,0.3401000,0.3676000,62985559,22761446.8050000,111002,10943264.4816000
1684800000000,0.3677000,0.3811000,0.3650000,0.3746000,41023129,15312178.6435000,85662,7156179.1727000
1684886400000,0.3746000,0.3746000,0.3435000,0.3494000,36617417,13012052.8727000,78585,6108517.5988000
1684972800000,0.3495000,0.3534000,0.3373000,0.3478000,22029458,7652065.9055000,49368,3734915.4735000
1685059200000,0.3478000,0.3584000,0.3453000,0.3563000,17508607,6144271.4444000,46483,2924171.4819000
1685145600000,0.3564000,0.3625000,0.3533000,0.3615000,16667326,5955767.3034000,42383,2890896.3636000
1685232000000,0.3614000,0.3886000,0.3573000,0.3790000,29018585,10706267.3468000,72789,5354219.8613000
1685318400000,0.3789000,0.4182000,0.3766000,0.4002000,231508622,92557615.5177000,395018,46713153.5625000
1685404800000,0.4002000,0.4794000,0.3945000,0.4630000,352218816,156079969.7189000,630109,79494808.2927000
1685491200000,0.4631000,0.4641000,0.3902000,0.4195000,188825040,79786626.1401000,345547,39177891.6296000
1685577600000,0.4196000,0.4615000,0.4052000,0.4295000,203311278,88758848.3096000,390703,44793783.7710000
1685664000000,0.4296000,0.4673000,0.4251000,0.4401000,137093255,61853834.3994000,273805,30685330.6134000
1685750400000,0.4402000,0.4550000,0.4077000,0.4225000,115715731,49248633.7354000,224843,24669909.7028000
1685836800000,0.4226000,0.4806000,0.4205000,0.4536000,282124822,129291915.4844000,493056,65252086.3274000
1685923200000,0.4536000,0.4750000,0.3743000,0.3936000,220619700,96540960.6888000,385793,46691090.8629000
1686009600000,0.3936000,0.4407000,0.3904000,0.4352000,136813105,57292502.9869000,263731,29674909.4010000
1686096000000,0.4352000,0.4476000,0.4047000,0.4095000,91074814,38874580.5953000,185416,18827094.4359000
1686182400000,0.4094000,0.4214000,0.4001000,0.4154000,47767498,19651065.5347000,105494,10112468.4186000
1686268800000,0.4154000,0.4346000,0.3982000,0.4018000,72060057,29996444.9620000,160349,14438724.9477000
1686355200000,0.4019000,0.4026000,0.3051000,0.3460000,119540676,41356717.2412000,212181,19896117.7805000
1686441600000,0.3460000,0.3481000,0.3316000,0.3341000,41265209,14081628.2341000,85986,6709782.5714000
1686528000000,0.3341000,0.3362000,0.3206000,0.3308000,55340265,18210860.9728000,105298,8939447.4072000
1686614400000,0.3309000,0.3429000,0.3188000,0.3238000,56726657,18705924.1066000,106680,9014509.2888000
1686700800000,0.3237000,0.3325000,0.2920000,0.3017000,51238287,16299714.0804000,105967,7709976.6575000
1686787200000,0.3016000,0.3132000,0.2882000,0.3075000,86777014,25871507.5369000,172647,12396829.5227000
1686873600000,0.3076000,0.3180000,0.3044000,0.3131000,65617708,20436487.9721000,128169,9702338.7056000
1686960000000,0.3131000,0.3250000,0.3096000,0.3191000,34255524,10925084.0836000,83720,5674959.6764000
1687046400000,0.3192000,0.3208000,0.3012000,0.3056000,30953271,9702198.4351000,72567,4779713.6460000
1687132800000,0.3056000,0.3309000,0.3029000,0.3290000,61234523,19406930.9516000,122453,10042426.5948000
1687219200000,0.3290000,0.3705000,0.3218000,0.3695000,132370065,45093960.3606000,208339,22846199.0863000
1687305600000,0.3695000,0.4091000,0.3655000,0.3978000,115976344,44565761.8583000,187827,22264652.7946000
1687392000000,0.3979000,0.4172000,0.3812000,0.3903000,60837112,24300527.9214000,129869,11500125.1523000
1687478400000,0.3903000,0.4253000,0.3902000,0.4089000,58065914,23620901.8375000,131091,11824024.7323000
1687564800000,0.4089000,0.4130000,0.3883000,0.3977000,32318677,12963656.9395000,77924,6170561.5594000
1687651200000,0.3978000,0.4500000,0.3956000,0.4279000,72831391,31399461.6385000,153786,16001636.1717000
1687737600000,0.4280000,0.4281000,0.3888000,0.3975000,60875185,24675565.8217000,136828,11544707.6462000
1687824000000,0.3974000,0.4176000,0.3941000,0.4054000,43000674,17437757.7828000,103306,8956884.3639000
1687910400000,0.4054000,0.4058000,0.3672000,0.3725000,35666225,13756387.2554000,93713,6316204.4388000
1687996800000,0.3726000,0.3900000,0.3658000,0.3802000,32515473,12308027.8227000,86048,6001278.6597000
1688083200000,0.3802000,0.4042000,0.3642000,0.3937000,50185933,19531556.6549000,129221,9466269.3479000
1688169600000,0.3936000,0.4023000,0.3887000,0.4021000,19356494,7659003.1944000,51853,3743317.2141000
1688256000000,0.4020000,0.4080000,0.3910000,0.4036000,25305890,10145022.8146000,65125,4877270.8687000
1688342400000,0.4035000,0.4283000,0.4034000,0.4167000,35914083,14981507.6630000,101886,7411485.2339000
1688428800000,0.4167000,0.4205000,0.4009000,0.4020000,21832661,8963230.3570000,68404,4363814.4952000
1688515200000,0.4019000,0.4067000,0.3829000,0.3867000,22835160,8990574.7211000,73152,4248886.4583000
1688601600000,0.3868000,0.4027000,0.3727000,0.3733000,31564585,12194224.6936000,96651,5965812.5463000
1688688000000,0.3732000,0.3801000,0.3668000,0.3793000,22539560,8446372.2497000,69522,4296672.8030000
1688774400000,0.3794000,0.3871000,0.3700000,0.3767000,18188063,6892317.1640000,53187,3363989.9704000
1688860800000,0.3767000,0.3885000,0.3760000,0.3786000,21559829,8264513.0364000,64385,4255218.0486000
1688947200000,0.3785000,0.3789000,0.3502000,0.3575000,48251176,17427317.6871000,126847,8501850.4153000
1689033600000,0.3575000,0.3744000,0.3564000,0.3620000,57238064,20888044.3325000,117279,10545239.8618000
1689120000000,0.3619000,0.3627000,0.3309000,0.3367000,67902311,23476229.5198000,145970,11005221.6094000
1689206400000,0.3367000,0.3862000,0.3333000,0.3840000,81135297,29372176.0670000,169968,14166936.0097000
1689292800000,0.3841000,0.4060000,0.3610000,0.3733000,80780940,31400497.9095000,179912,14972923.8184000
1689379200000,0.3733000,0.3831000,0.3686000,0.3737000,26953172,10135934.9569000,73224,5066642.1896000
1689465600000,0.3738000,0.3765000,0.3600000,0.3618000,21245878,7825457.8761000,57081,3912866.5658000
1689552000000,0.3617000,0.3742000,0.3497000,0.3644000,37388261,13548189.5868000,96341,6633882.6096000
1689638400000,0.3645000,0.3687000,0.3415000,0.3485000,34072546,12001495.2807000,89172,5841392.4124000
1689724800000,0.3485000,0.3568000,0.3464000,0.3509000,21101859,7429292.7711000,60893,3678933.9578000
1689811200000,0.3508000,0.3685000,0.3505000,0.3562000,32003529,11471006.5723000,73150,5568375.0346000
1689897600000,0.3562000,0.3620000,0.3495000,0.3571000,22041919,7865077.0307000,63165,3820888.4266000
1689984000000,0.3573000,0.3585000,0.3371000,0.3413000,16758334,5844375.4884000,51413,2701263.8758000
1690070400000,0.3413000,0.3440000,0.3304000,0.3388000,30800342,10391607.8266000,83730,5145936.3631000
1690156800000,0.3388000,0.3418000,0.3135000,0.3258000,34677356,11361129.1701000,90243,5131393.2195000
1690243200000,0.3258000,0.3333000,0.3214000,0.3325000,25784299,8469313.8123000,74368,4235134.9739000
1690329600000,0.3325000,0.3365000,0.3244000,0.3304000,23106970,7647130.8118000,73427,3630933.0574000
1690416000000,0.3304000,0.3358000,0.3226000,0.3261000,18090150,5963201.3507000,57726,2827706.4156000
1690502400000,0.3261000,0.3354000,0.3205000,0.3310000,25995394,8537244.4988000,80630,4166956.3633000
1690588800000,0.3310000,0.3336000,0.3255000,0.3314000,19341319,6367670.7267000,58882,3107991.3878000
1690675200000,0.3314000,0.3336000,0.3212000,0.3268000,20523021,6744755.4118000,49383,3306982.6702000
1690761600000,0.3268000,0.3390000,0.3261000,0.3310000,34283130,11433176.5076000,89068,5773104.1083000
1690848000000,0.3310000,0.3310000,0.3154000,0.3265000,34538356,11094546.5361000,90183,5234971.9653000
1690934400000,0.3266000,0.3299000,0.3048000,0.3090000,45563992,14326349.9873000,97479,6742048.9970000
1691020800000,0.3089000,0.3163000,0.3006000,0.3096000,41908031,12932249.0192000,100719,6259024.0227000
1691107200000,0.3096000,0.3171000,0.3074000,0.3104000,41045884,12839116.1514000,88135,6335557.3714000
1691193600000,0.3105000,0.3121000,0.3041000,0.3089000,20571521,6333226.6221000,52986,3016459.3117000
1691280000000,0.3089000,0.3187000,0.3075000,0.3139000,16160817,5091097.3912000,52527,2451754.9521000
1691366400000,0.3138000,0.3199000,0.3020000,0.3101000,23471695,7314457.6203000,62852,3506900.6355000
1691452800000,0.3101000,0.3188000,0.3071000,0.3150000,17425856,5462049.8763000,51398,2686136.7420000
1691539200000,0.3150000,0.3172000,0.3078000,0.3117000,18591619,5828491.9150000,44038,3031669.8278000
1691625600000,0.3118000,0.3132000,0.2975000,0.2980000,21625215,6587512.8899000,50797,3121701.3580000
1691712000000,0.2980000,0.2986000,0.2893000,0.2923000,42687014,12487922.6629000,114246,6276178.3042000
1691798400000,0.2923000,0.3005000,0.2903000,0.2998000,29337726,8650805.3301000,84092,4018390.6657000
1691884800000,0.2997000,0.3104000,0.2978000,0.3057000,32235015,9800370.1019000,82133,4523381.3039000
1691971200000,0.3056000,0.3102000,0.3003000,0.3036000,20190086,6169010.9804000,60499,2907360.6873000
1692057600000,0.3037000,0.3037000,0.2617000,0.2773000,33571897,9536696.4630000,66469,4137063.2828000
1692144000000,0.2772000,0.2785000,0.2518000,0.2602000,36284801,9641967.7774000,75920,4451472.5921000
1692230400000,0.2603000,0.2630000,0.2036000,0.2382000,42463979,10475043.9045000,85965,4978862.7466000
1692316800000,0.2381000,0.2463000,0.2369000,0.2440000,25446584,6155391.0148000,62527,3088618.7519000
1692403200000,0.2440000,0.2509000,0.2436000,0.2476000,12315785,3047412.8635000,35339,1478119.8356000
1692489600000,0.2476000,0.2508000,0.2459000,0.2495000,9944843,2474183.5666000,32030,1256071.4478000
1692576000000,0.2496000,0.2507000,0.2346000,0.2354000,16606554,4005450.9413000,47878,1925422.0407000
1692662400000,0.2355000,0.2359000,0.2167000,0.2323000,73722813,16703572.1972000,117646,8093479.6611000
1692748800000,0.2323000,0.2446000,0.2314000,0.2403000,51206699,12195607.0556000,100899,5878401.5188000
1692835200000,0.2403000,0.2411000,0.2286000,0.2309000,22967931,5412428.8587000,52049,2580232.9278000
1692921600000,0.2308000,0.2313000,0.2241000,0.2302000,22299300,5064660.2483000,45226,2556076.9510000
1693008000000,0.2302000,0.2314000,0.2247000,0.2257000,9012420,2057975.3119000,25962,983620.0919000
1693094400000,0.2257000,0.2306000,0.2224000,0.2282000,10385680,2351856.1484000,31128,1076333.9693000
1693180800000,0.2282000,0.2352000,0.2252000,0.2328000,22651733,5219861.5403000,47896,2532298.8256000
1693267200000,0.2328000,0.2471000,0.2269000,0.2424000,36536051,8722061.0156000,69955,4278368.3704000
1693353600000,0.2425000,0.2432000,0.2312000,0.2364000,26794964,6346486.4527000,44119,3143290.5192000
1693440000000,0.2364000,0.3371000,0.2335000,0.3147000,3275910933,1002525208.9313000,3022723,508488761.2054000
1693526400000,0.3146000,0.3402000,0.2736000,0.2861000,2525791219,781925291.8070000,2387108,390670388.8937000
1693612800000,0.2860000,0.3009000,0.2512000,0.2585000,450811693,122587752.5663000,518191,59974187.3897000
1693699200000,0.2585000,0.2809000,0.2564000,0.2649000,312368828,84299055.8372000,385137,41111324.8667000
1693785600000,0.2649000,0.2695000,0.2457000,0.2490000,147648013,37820969.5584000,203210,17902237.7691000
1693872000000,0.2490000,0.2532000,0.2454000,0.2489000,99402307,24767482.6094000,146893,12214416.9516000
1693958400000,0.2490000,0.2630000,0.2451000,0.2617000,119464815,30198957.0200000,168211,14632884.2323000
1694044800000,0.2617000,0.2788000,0.2552000,0.2693000,242291120,64621021.8847000,291286,31925445.6092000
1694131200000,0.2693000,0.2703000,0.2500000,0.2542000,93825748,24176476.1335000,119339,11421299.6122000
1694217600000,0.2543000,0.2634000,0.2483000,0.2486000,65384423,16701384.9993000,90283,8042629.0896000
1694304000000,0.2485000,0.2489000,0.2316000,0.2450000,80938580,19606371.5279000,119845,9046897.4540000
1694390400000,0.2450000,0.2491000,0.2284000,0.2317000,109929759,26129703.4345000,143214,12705368.4741000
1694476800000,0.2318000,0.2480000,0.2315000,0.2410000,66561621,15981450.9704000,100554,8053366.9567000
1694563200000,0.2410000,0.2459000,0.2368000,0.2457000,52099892,12604935.7765000,89160,6391304.6420000
1694649600000,0.2457000,0.2519000,0.2384000,0.2397000,49485210,12056352.6271000,86416,5921694.4391000
1694736000000,0.2397000,0.2561000,0.2362000,0.2535000,50431241,12269863.2893000,82688,5995982.8065000
1694822400000,0.2535000,0.2550000,0.2444000,0.2473000,46272818,11526265.0518000,77943,5324795.8191000
1694908800000,0.2474000,0.2474000,0.2312000,0.2340000,38998980,9322906.7857000,64404,4574263.8339000
1694995200000,0.2340000,0.2435000,0.2317000,0.2377000,55705104,13302607.2351000,84528,6702645.6644000
1695081600000,0.2376000,0.2468000,0.2366000,0.2437000,38214902,9269374.4624000,68568,4473908.5946000
1695168000000,0.2437000,0.2528000,0.2394000,0.2499000,45578004,11161293.6224000,90240,5406652.5274000
1695254400000,0.2499000,0.2511000,0.2356000,0.2394000,42783780,10347439.9528000,83110,4919842.8300000
1695340800000,0.2395000,0.2470000,0.2365000,0.2456000,64679161,15713611.6713000,83652,8041005.8533000
1695427200000,0.2457000,0.2479000,0.2382000,0.2423000,31194879,7596751.4897000,56831,3474716.7828000
1695513600000,0.2424000,0.2493000,0.2401000,0.2425000,38284126,9357687.2291000,74669,4645584.7621000
1695600000000,0.2426000,0.2465000,0.2396000,0.2416000,24987297,6064177.0907000,59120,2973191.3752000
1695686400000,0.2415000,0.2453000,0.2377000,0.2413000,22399163,5437991.4952000,52444,2564837.3908000
1695772800000,0.2414000,0.2438000,0.2353000,0.2373000,24416590,5850661.8975000,52155,2833431.3471000
1695859200000,0.2373000,0.2495000,0.2371000,0.2480000,57989255,14168640.0869000,74485,7007211.7547000
1695945600000,0.2480000,0.2606000,0.2455000,0.2526000,84483790,21391280.8956000,125678,10605031.1948000
1696032000000,0.2525000,0.2552000,0.2496000,0.2532000,50274250,12703620.9119000,62473,6385928.1958000
1696118400000,0.2531000,0.2713000,0.2525000,0.2647000,74142604,19566112.1902000,104015,9599927.9582000
1696204800000,0.2648000,0.2695000,0.2404000,0.2522000,103703580,27085508.6729000,105052,13009875.2318000
1696291200000,0.2523000,0.2528000,0.2449000,0.2466000,27606673,6868107.4726000,58249,3285616.9981000
1696377600000,0.2467000,0.2655000,0.2381000,0.2544000,90888387,22908586.8307000,139439,11563392.1292000
1696464000000,0.2545000,0.2628000,0.2454000,0.2523000,123828142,31464430.6639000,133120,15380764.6113000
1696550400000,0.2523000,0.2685000,0.2509000,0.2629000,76224755,19932124.5102000,123847,9802186.4846000
1696636800000,0.2629000,0.2845000,0.2557000,0.2612000,127913017,34346877.8103000,190586,16813702.7130000
1696723200000,0.2613000,0.2638000,0.2526000,0.2588000,35440437,9111599.8266000,78178,4357211.7946000
1696809600000,0.2588000,0.2621000,0.2328000,0.2367000,56853778,13942045.9566000,112783,6189121.7351000
1696896000000,0.2366000,0.2448000,0.2309000,0.2350000,46754507,11107329.2835000,81001,5433737.7657000
1696982400000,0.2350000,0.2370000,0.2256000,0.2309000,29384637,6766703.0831000,63280,3284030.1022000
1697068800000,0.2309000,0.2310000,0.2215000,0.2253000,25478639,5757093.1232000,56972,2695400.7045000
1697155200000,0.2254000,0.2320000,0.2247000,0.2273000,23277850,5286285.5208000,49665,2647022.5899000
1697241600000,0.2274000,0.2283000,0.2242000,0.2253000,16818115,3799950.2456000,41232,1959703.9960000
1697328000000,0.2254000,0.2307000,0.2244000,0.2288000,20418436,4638519.9854000,40795,2150606.4961000
1697414400000,0.2289000,0.2430000,0.2287000,0.2312000,34883018,8160806.2066000,65245,3912490.3028000
1697500800000,0.2312000,0.2322000,0.2207000,0.2221000,22411240,5066391.1498000,41344,2445668.2442000
1697587200000,0.2221000,0.2254000,0.2154000,0.2157000,19555280,4316009.9564000,41449,2046885.8633000
1697673600000,0.2156000,0.2165000,0.2089000,0.2147000,19104207,4080618.0348000,38007,1968298.7458000
1697760000000,0.2148000,0.2253000,0.2133000,0.2197000,23126537,5094824.1856000,48513,2475114.5321000
1697846400000,0.2197000,0.2322000,0.2181000,0.2281000,19579187,4418789.0511000,36245,2105174.2241000
1697932800000,0.2281000,0.2325000,0.2224000,0.2314000,23567732,5355757.7668000,43274,2620877.2063000
1698019200000,0.2315000,0.2488000,0.2287000,0.2460000,50336597,11943089.8318000,87317,5825222.9054000
1698105600000,0.2461000,0.2607000,0.2410000,0.2498000,67885849,17069582.2610000,139220,8037876.5998000
1698192000000,0.2498000,0.2664000,0.2458000,0.2566000,56845419,14504632.9017000,134632,7064111.9704000
1698278400000,0.2567000,0.2697000,0.2415000,0.2577000,69438926,17819241.1156000,160814,9077848.4443000
1698364800000,0.2576000,0.2581000,0.2478000,0.2520000,27260660,6898456.7581000,75171,3200085.5061000
1698451200000,0.2521000,0.2606000,0.2518000,0.2606000,12329644,3169812.0112000,36606,1561896.2445000
1698537600000,0.2607000,0.2655000,0.2551000,0.2632000,26705943,6965354.5323000,53300,3526826.4260000
1698624000000,0.2632000,0.2676000,0.2584000,0.2647000,36871255,9685526.5609000,72988,4845306.0696000
1698710400000,0.2648000,0.2795000,0.2575000,0.2649000,46109485,12344360.4564000,118224,6100217.2993000
1698796800000,0.2649000,0.2879000,0.2517000,0.2804000,60651608,16425018.4214000,129360,8447098.1687000
1698883200000,0.2805000,0.2962000,0.2682000,0.2769000,67015052,18852216.6696000,171909,8847644.6278000
1698969600000,0.2769000,0.2793000,0.2666000,0.2775000,22420974,6120091.4723000,72273,2865402.2932000
1699056000000,0.2775000,0.2854000,0.2753000,0.2833000,16381249,4596673.7395000,59308,2204669.0838000
1699142400000,0.2833000,0.2950000,0.2817000,0.2891000,31121456,8971802.8856000,89487,4265825.1784000
1699228800000,0.2891000,0.3002000,0.2853000,0.2962000,20366137,5990874.7006000,66094,2850639.0800000
1699315200000,0.2962000,0.2979000,0.2803000,0.2914000,31363732,9131295.5514000,101025,4630986.9087000
1699401600000,0.2914000,0.3122000,0.2886000,0.3049000,24557569,7395108.6723000,84896,3468936.3656000
1699488000000,0.3050000,0.3252000,0.2664000,0.3121000,54380961,16759913.3828000,172565,8064574.5831000
1699574400000,0.3120000,0.3431000,0.3069000,0.3347000,46461967,15061276.5510000,168495,7407499.1252000
1699660800000,0.3347000,0.3610000,0.3193000,0.3531000,41846577,14196896.0179000,154257,6951095.0448000
1699747200000,0.3531000,0.3940000,0.3350000,0.3783000,88504060,33082165.5051000,314455,16487014.3719000
1699833600000,0.3783000,0.3911000,0.3436000,0.3456000,52845308,19627815.0424000,200568,9439252.1955000
1699920000000,0.3456000,0.3625000,0.3202000,0.3396000,38888891,13413085.7058000,161918,6590092.9480000
1700006400000,0.3397000,0.4464000,0.3310000,0.4209000,288771362,121661388.6171000,863171,61399995.5958000
1700092800000,0.4209000,0.4493000,0.3944000,0.4081000,178932756,75910753.1545000,591819,37499787.6859000
1700179200000,0.4081000,0.4377000,0.3773000,0.3969000,70018329,28270564.6577000,274781,13589884.4075000
1700265600000,0.3968000,0.3972000,0.3430000,0.3778000,63129257,23300154.5508000,205546,11716625.3492000
1700352000000,0.3778000,0.3913000,0.3606000,0.3890000,38734058,14484121.0562000,139610,7505097.7039000
1700438400000,0.3890000,0.3913000,0.3533000,0.3582000,31509254,11711069.1815000,129193,5609379.7880000
1700524800000,0.3582000,0.3682000,0.3299000,0.3315000,46178788,16332654.4271000,189405,7836542.7402000
1700611200000,0.3314000,0.3800000,0.3307000,0.3742000,39517303,14359468.4937000,132358,7298011.9849000
1700697600000,0.3743000,0.3900000,0.3674000,0.3773000,36727255,13885018.6156000,121156,6698930.2263000
1700784000000,0.3774000,0.4073000,0.3716000,0.3898000,48820077,19124232.4110000,160662,9651897.2740000
1700870400000,0.3899000,0.4105000,0.3857000,0.3985000,25870691,10284680.9540000,98281,4956502.3975000
1700956800000,0.3984000,0.4002000,0.3667000,0.3829000,24048733,9248778.4276000,90923,4197822.4690000
1701043200000,0.3829000,0.3848000,0.3591000,0.3707000,16675382,6185112.9465000,80210,2946980.3860000
1701129600000,0.3710000,0.3837000,0.3597000,0.3793000,16088584,5984959.1648000,76553,2863096.3537000
1701216000000,0.3793000,0.3866000,0.3690000,0.3744000,17797316,6719832.5548000,80752,3100078.2323000
1701302400000,0.3744000,0.4002000,0.3714000,0.3959000,30827402,11909527.1201000,114557,6090330.1569000
1701388800000,0.3959000,0.4419000,0.3897000,0.4331000,165655771,70888674.8879000,468122,35645494.6468000
1701475200000,0.4331000,0.4441000,0.4229000,0.4365000,44665492,19450057.4865000,159491,9906473.5880000
1701561600000,0.4365000,0.4439000,0.4259000,0.4319000,16649584,7208960.8581000,78479,3513371.1921000
1701648000000,0.4319000,0.4866000,0.4300000,0.4784000,68853983,31634023.5784000,269601,15734991.1101000
1701734400000,0.4783000,0.5350000,0.4719000,0.5047000,82090563,41219446.8798000,367348,20108482.8982000
1701820800000,0.5048000,0.5443000,0.4871000,0.5058000,93005147,47683318.7099000,352512,23255074.7557000
1701907200000,0.5060000,0.5415000,0.4989000,0.5192000,61840028,32124598.1581000,266891,15918022.6315000
1701993600000,0.5189000,0.6384000,0.5154000,0.6051000,111529822,64788636.7499000,506845,32912101.2313000
1702080000000,0.6052000,0.7043000,0.6038000,0.6458000,188801623,124029026.7680000,865615,61215482.4230000
1702166400000,0.6458000,0.7373000,0.6376000,0.7133000,99517927,67555705.6110000,485407,33481637.5369000
1702252800000,0.7133000,0.7323000,0.6115000,0.6750000,174888528,118157978.3602000,744803,58310319.6122000
1702339200000,0.6751000,0.7543000,0.5960000,0.6134000,110086541,74186873.4692000,518962,35956101.5569000
1702425600000,0.6133000,0.6327000,0.5566000,0.6105000,100149481,59816569.4814000,453253,29999966.1462000
1702512000000,0.6105000,0.6324000,0.5835000,0.6107000,54323993,33463161.0854000,252389,16567023.2871000
1702598400000,0.6108000,0.6747000,0.5944000,0.6365000,67876429,42417676.8171000,333626,20996307.9082000
1702684800000,0.6365000,0.6778000,0.6171000,0.6367000,60647201,39671336.3889000,306695,19311474.4684000
1702771200000,0.6366000,0.6636000,0.6011000,0.6063000,42364280,27097190.9326000,231468,12844601.4357000
1702857600000,0.6063000,0.6207000,0.5676000,0.6165000,41073307,24675472.2570000,234463,12086519.4983000
1702944000000,0.6165000,0.6279000,0.5666000,0.5833000,27204436,16208844.7962000,183204,8257101.0223000
1703030400000,0.5835000,0.6172000,0.5805000,0.5966000,29463825,17740927.7378000,179584,8499207.5084000
1703116800000,0.5966000,0.7081000,0.5871000,0.7068000,61988437,40659037.0852000,359304,19879698.0413000
1703203200000,0.7068000,0.7796000,0.6939000,0.7262000,96659820,71263075.7358000,560769,35103664.2549000
1703289600000,0.7261000,0.7322000,0.6909000,0.7123000,33553503,23723204.8760000,212208,11494906.4083000
1703376000000,0.7124000,0.7184000,0.6494000,0.6635000,42378843,28796646.6860000,263835,13405217.2733000
1703462400000,0.6634000,0.7043000,0.6495000,0.6838000,29098022,19654428.8318000,207066,9779754.8207000
1703548800000,0.6839000,0.7566000,0.6077000,0.6810000,73311857,50788620.1279000,444501,23146632.2386000
1703635200000,0.6810000,0.6841000,0.6356000,0.6472000,28228850,18613264.0586000,190174,8909292.0217000
1703721600000,0.6472000,0.6681000,0.6028000,0.6198000,24214849,15281668.6443000,179139,6955963.3076000
1703808000000,0.6199000,0.6382000,0.5959000,0.6171000,22713659,14045937.3009000,152569,6845420.9915000
1703894400000,0.6172000,0.6263000,0.5997000,0.6123000,14831957,9129855.2277000,107756,4490279.0525000
1703980800000,0.6122000,0.6296000,0.5967000,0.6095000,14133966,8739461.1849000,109097,4261620.6213000
1704067200000,0.6095000,0.6695000,0.6010000,0.6600000,17349695,11067058.9201000,129758,5727291.5026000
1704153600000,0.6600000,0.6881000,0.6450000,0.6838000,26722106,17732841.8644000,170209,8483465.0245000
1704240000000,0.6838000,0.6996000,0.4837000,0.6630000,47197939,29658434.6420000,311299,13681709.5476000
1704326400000,0.6630000,0.7007000,0.6485000,0.6780000,41123065,27849513.8971000,294391,13809955.8024000
1704412800000,0.6782000,0.6833000,0.5922000,0.6169000,34233907,21599901.7945000,243864,10588283.5326000
1704499200000,0.6170000,0.6282000,0.5530000,0.6077000,27847776,16469483.8673000,195748,7991953.3830000
1704585600000,0.6075000,0.6412000,0.5919000,0.5974000,39619006,24261615.1651000,252304,12106952.3945000
1704672000000,0.5974000,0.6726000,0.5175000,0.6127000,277158482,163635722.2369000,1394067,80724499.0011000
1704758400000,0.6127000,0.6162000,0.5099000,0.5201000,128198157,73504483.8111000,762515,36078886.6305000
1704844800000,0.5200000,0.5735000,0.5009000,0.5581000,57720105,30313164.5170000,348027,15670099.9784000
1704931200000,0.5582000,0.5862000,0.5484000,0.5635000,36952768,20875198.1949000,238976,10007103.9005000
1705017600000,0.5634000,0.5666000,0.4908000,0.5136000,34193406,18323473.7431000,212859,8722093.8947000
1705104000000,0.5138000,0.5237000,0.4963000,0.5188000,15248674,7855380.5864000,97796,3746106.7670000
1705190400000,0.5189000,0.5380000,0.4979000,0.4994000,27564146,14270572.0421000,147458,7017216.1462000
1705276800000,0.4995000,0.5218000,0.4984000,0.5120000,18715487,9607453.0711000,104411,4592128.0149000
1705363200000,0.5120000,0.5294000,0.4982000,0.5160000,21554005,11098725.6686000,111603,5428544.6727000
1705449600000,0.5161000,0.5249000,0.5009000,0.5163000,16722448,8585022.7261000,102706,4181590.6266000
1705536000000,0.5163000,0.5172000,0.4627000,0.4824000,36165195,17934161.8450000,137499,8549460.7457000
1705622400000,0.4824000,0.4826000,0.4456000,0.4693000,18421140,8572251.2476000,101645,4096280.8600000
1705708800000,0.4692000,0.4777000,0.4592000,0.4766000,11796591,5522544.4854000,68012,2774961.4081000
1705795200000,0.4765000,0.4798000,0.4639000,0.4660000,11849614,5605802.7594000,71388,2769046.9151000
1705881600000,0.4660000,0.4704000,0.4249000,0.4285000,21446104,9622594.2965000,113656,4530654.0043000
1705968000000,0.4286000,0.4387000,0.3934000,0.4245000,26212747,10830807.6999000,117414,5206833.5195000
1706054400000,0.4244000,0.4348000,0.4155000,0.4296000,13541637,5743946.0265000,80029,2845333.8922000
1706140800000,0.4295000,0.4311000,0.4091000,0.4232000,15006504,6312635.6292000,75705,3200360.8556000
1706227200000,0.4232000,0.4562000,0.4185000,0.4516000,17077247,7537178.8159000,75952,3897166.8842000
1706313600000,0.4517000,0.4573000,0.4422000,0.4540000,9780542,4411257.1443000,47703,1956065.0251000
1706400000000,0.4539000,0.4898000,0.4532000,0.4653000,44187260,21024529.2169000,178532,10624158.2217000
1706486400000,0.4654000,0.5109000,0.4601000,0.4993000,48422443,23607121.8881000,171643,11486943.7788000
1706572800000,0.4994000,0.5083000,0.4778000,0.4822000,25064231,12373981.4136000,107364,5830008.4727000
1706659200000,0.4821000,0.4909000,0.4551000,0.4568000,20476004,9715314.9394000,98663,4513008.7678000
1706745600000,0.4569000,0.4676000,0.4454000,0.4625000,16458892,7502066.6893000,83363,3656979.5606000
1706832000000,0.4624000,0.4741000,0.4591000,0.4723000,14718405,6867387.4923000,72602,3438989.1114000
1706918400000,0.4723000,0.4814000,0.4641000,0.4669000,10720715,5042259.6221000,51360,2429366.6191000
1707004800000,0.4669000,0.4687000,0.4546000,0.4578000,8838414,4083018.2719000,49587,1965877.7769000
1707091200000,0.4578000,0.4697000,0.4470000,0.4570000,10457029,4808880.8474000,56878,2320362.3248000
1707177600000,0.4569000,0.4642000,0.4474000,0.4500000,8454584,3843482.9813000,47494,1885775.3440000
1707264000000,0.4499000,0.4781000,0.4437000,0.4749000,10118547,4623840.2251000,55635,2398293.7586000
1707350400000,0.4750000,0.4876000,0.4691000,0.4747000,8520981,4058868.2942000,49470,1950467.0462000
1707436800000,0.4748000,0.4964000,0.4740000,0.4904000,10192632,4946176.9709000,61823,2459397.5784000
1707523200000,0.4905000,0.5131000,0.4807000,0.4940000,16382711,8112045.7025000,77424,3947562.2297000
1707609600000,0.4940000,0.5019000,0.4885000,0.4943000,9806514,4858314.0476000,56016,2405784.3366000
1707696000000,0.4944000,0.5330000,0.4857000,0.5244000,19892316,10164829.0626000,103313,4935694.5459000
1707782400000,0.5244000,0.5343000,0.5005000,0.5215000,17929084,9289716.6201000,96241,4368552.0788000
1707868800000,0.5215000,0.5437000,0.5143000,0.5355000,13203149,7014260.2236000,76116,3323004.9735000
1707955200000,0.5355000,0.5583000,0.5314000,0.5478000,22019755,12031776.1929000,111725,6149330.8625000
1708041600000,0.5480000,0.5534000,0.5270000,0.5489000,16982483,9188957.6669000,84704,4472553.1847000
1708128000000,0.5490000,0.5548000,0.5211000,0.5530000,12037530,6483914.3274000,75820,3010599.2838000
1708214400000,0.5532000,0.5621000,0.5423000,0.5517000,11381210,6281342.9308000,71856,2885674.0177000
1708300800000,0.5518000,0.5797000,0.5392000,0.5466000,14788300,8242071.3699000,88262,3943490.9259000
1708387200000,0.5466000,0.5491000,0.4984000,0.5203000,22829190,11981816.0895000,131578,5563685.1759000
1708473600000,0.5203000,0.5215000,0.4770000,0.5001000,16606120,8262398.8828000,88614,3879884.4474000
1708560000000,0.5001000,0.5134000,0.4823000,0.4899000,14570313,7261580.0697000,80847,3527639.7726000
1708646400000,0.4898000,0.5366000,0.4834000,0.5142000,45662837,23354109.7742000,216672,11233388.7805000
1708732800000,0.5141000,0.6227000,0.5110000,0.5648000,131021747,75686078.3479000,600044,37344119.2392000
1708819200000,0.5648000,0.5983000,0.5454000,0.5647000,31498496,17792845.8589000,175911,8848016.3316000
1708905600000,0.5648000,0.5793000,0.5451000,0.5652000,26502995,14985374.8611000,140677,6992091.1962000
1708992000000,0.5650000,0.5926000,0.5526000,0.5751000,33175569,19058826.3864000,180943,9398553.8581000
1709078400000,0.5750000,0.5935000,0.4840000,0.5621000,45231648,25243098.8108000,257219,11446577.2505000
1709164800000,0.5621000,0.6070000,0.5539000,0.5720000,36131139,21208814.0708000,214981,9923937.2916000
1709251200000,0.5720000,0.6121000,0.5720000,0.6019000,24377211,14524717.5132000,141740,7132990.7898000
1709337600000,0.6019000,0.6139000,0.5860000,0.6135000,17189925,10305677.9462000,109071,5035174.2435000
1709424000000,0.6136000,0.6182000,0.5550000,0.5852000,25219652,14816659.4515000,141985,7008670.7499000
1709510400000,0.5853000,0.6051000,0.5672000,0.5922000,24855352,14663442.9459000,168604,7030084.7209000
1709596800000,0.5923000,0.5960000,0.4160000,0.5055000,59492755,31608421.8406000,332897,15086397.7748000
1709683200000,0.5054000,0.5471000,0.4883000,0.5353000,27406808,14410166.4370000,168143,7215205.1224000
1709769600000,0.5354000,0.5748000,0.5262000,0.5706000,25847103,14269940.6148000,149715,7189117.4950000
1709856000000,0.5707000,0.5847000,0.5324000,0.5628000,25124928,14057855.2841000,140968,6735232.9001000
1709942400000,0.5629000,0.5897000,0.5607000,0.5767000,18749464,10773953.1687000,114086,5306739.5950000
1710028800000,0.5767000,0.5909000,0.5505000,0.5775000,20747548,11857891.9971000,123925,5683581.7892000
1710115200000,0.5776000,0.6600000,0.5301000,0.6522000,62658352,39053217.4482000,344880,18902491.3930000
1710201600000,0.6523000,0.8523000,0.6071000,0.7880000,204615709,151969400.9856000,1116508,73940917.7707000
1710288000000,0.7882000,0.8280000,0.7416000,0.8096000,119846250,93046542.7699000,652275,45709554.6192000
1710374400000,0.8096000,0.8977000,0.7100000,0.7610000,113268268,90235481.9453000,667281,43077904.1695000
1710460800000,0.7611000,0.8416000,0.6913000,0.8064000,139523593,107104909.1636000,834965,52618805.0542000
1710547200000,0.8062000,0.9683000,0.7569000,0.8016000,168829737,145256898.2829000,1072785,70661046.3128000
1710633600000,0.8017000,1.0189000,0.7866000,0.9269000,204246182,185503084.2237000,1311074,91910333.9990000
1710720000000,0.9269000,1.2499000,0.8797000,1.1312000,348150255,389210120.6992000,2253493,193739484.3034000
1710806400000,1.1312000,1.1571000,0.9259000,0.9349000,219943822,229015460.7258000,1539698,111083880.6447000
1710892800000,0.9347000,1.0111000,0.7614000,0.9563000,221859029,191715928.6418000,1195983,94678972.3136000
1710979200000,0.9562000,0.9976000,0.8328000,0.8579000,111063990,101012475.5339000,627215,49139167.6734000
1711065600000,0.8578000,0.9305000,0.8037000,0.8273000,95649406,82736536.8409000,602827,40451560.6084000
1711152000000,0.8275000,0.8897000,0.8151000,0.8409000,41376851,35278253.1810000,296427,16668479.0224000
1711238400000,0.8407000,0.9399000,0.8138000,0.9079000,37650651,32430428.1300000,263071,16084818.3318000
1711324800000,0.9079000,1.0530000,0.8892000,0.9772000,105628155,100790916.5378000,613814,48036565.1041000
1711411200000,0.9770000,1.0178000,0.9574000,0.9879000,49107491,48355491.0731000,361356,23557679.4428000
1711497600000,0.9880000,1.0099000,0.9050000,0.9216000,46251247,44391354.7654000,328727,21213952.8408000
1711584000000,0.9217000,0.9309000,0.8912000,0.8940000,21450252,19465060.4668000,155971,9532150.6466000
1711670400000,0.8938000,0.8962000,0.8427000,0.8707000,20165586,17604796.6493000,154129,8416373.1388000
1711756800000,0.8708000,0.9243000,0.8542000,0.8626000,33148446,29492794.0370000,232371,14661409.3211000
1711843200000,0.8626000,0.8944000,0.8559000,0.8809000,14034742,12272439.3959000,132025,5834164.5917000
1711929600000,0.8806000,0.9275000,0.7915000,0.8259000,69882842,60633372.6715000,423480,28429406.5318000
1712016000000,0.8259000,0.8265000,0.7307000,0.7393000,42389952,32285166.7033000,269604,15508001.5837000
1712102400000,0.7392000,0.7669000,0.7059000,0.7346000,25697840,19073178.8408000,168740,9352448.6374000
1712188800000,0.7346000,0.7712000,0.7100000,0.7427000,16019747,11865630.6342000,117915,5549475.9981000
1712275200000,0.7427000,0.7552000,0.6910000,0.7362000,17960196,13031937.8804000,125585,6464945.4363000
1712361600000,0.7363000,0.8119000,0.7307000,0.7838000,37881192,29312793.7111000,228217,14718939.1675000
1712448000000,0.7839000,0.8255000,0.7834000,0.8139000,26161848,21062187.3912000,174621,10692686.6990000
1712534400000,0.8138000,0.8682000,0.7931000,0.8490000,27191289,22587576.7625000,183644,10936580.5000000
1712620800000,0.8490000,0.8579000,0.7858000,0.7932000,24612163,20252662.5441000,177350,9500982.9416000
1712707200000,0.7932000,0.8090000,0.7455000,0.7962000,34398972,27031064.8142000,191028,12711975.6939000
1712793600000,0.7961000,0.7967000,0.7489000,0.7580000,16901338,13037743.8002000,110967,6503191.2608000
1712880000000,0.7580000,0.7766000,0.5044000,0.6059000,58516819,36712751.4875000,282217,17017084.3682000
1712966400000,0.6058000,0.6300000,0.4241000,0.5054000,73352458,38692780.8927000,373776,19065206.7687000
1713052800000,0.5057000,0.5456000,0.4805000,0.5387000,44505589,22960255.7691000,265394,11435953.3767000
1713139200000,0.5388000,0.5677000,0.4864000,0.5136000,31817397,16842109.9261000,196531,8339775.0748000
1713225600000,0.5137000,0.5260000,0.4881000,0.5178000,25522799,12989014.3370000,151219,6523677.2210000
1713312000000,0.5178000,0.5300000,0.4845000,0.5100000,27163131,13817462.9355000,166622,6905729.3563000
1713398400000,0.5100000,0.5275000,0.4926000,0.5186000,21762591,11155040.1413000,143503,5425786.2605000
1713484800000,0.5185000,0.5385000,0.4714000,0.5184000,27086946,13897688.4831000,170122,6735568.4113000
1713571200000,0.5185000,0.5693000,0.5093000,0.5659000,18771958,10156258.9699000,117425,5111548.2186000
1713657600000,0.5659000,0.5726000,0.5401000,0.5551000,13870849,7740977.0032000,100840,3811467.7398000
1713744000000,0.5550000,0.5912000,0.5509000,0.5819000,20280678,11660182.2977000,128811,5823825.0096000
1713830400000,0.5818000,0.5960000,0.5692000,0.5863000,14370212,8391548.8028000,100827,3896125.4050000
1713916800000,0.5864000,0.6071000,0.5450000,0.5511000,18530381,10750815.9076000,123451,5410536.4724000
1714003200000,0.5511000,0.5610000,0.5175000,0.5470000,14088341,7601452.3882000,101979,3599338.5544000
1714089600000,0.5471000,0.5491000,0.5221000,0.5242000,9450126,5060152.5153000,73197,2460464.5781000
1714176000000,0.5241000,0.5407000,0.5020000,0.5304000,11187501,5827088.4587000,78881,2883889.1632000
1714262400000,0.5304000,0.5449000,0.5185000,0.5211000,8614830,4596063.5159000,62031,2278743.3834000
1714348800000,0.5211000,0.5243000,0.4913000,0.5141000,14626903,7404634.1022000,95335,3841810.0133000
1714435200000,0.5148000,0.5222000,0.4596000,0.4852000,15472491,7521745.8279000,90896,3550786.0522000
1714521600000,0.4849000,0.4937000,0.4471000,0.4858000,16790332,7909553.6317000,104790,3885741.7793000
1714608000000,0.4859000,0.5028000,0.4680000,0.4933000,10988088,5353355.4049000,65432,2575734.5476000
1714694400000,0.4932000,0.5236000,0.4793000,0.5169000,11972529,5980804.5911000,77684,2985315.1477000
1714780800000,0.5169000,0.5231000,0.5057000,0.5168000,10457868,5373483.4316000,63456,2681897.1940000
1714867200000,0.5169000,0.5289000,0.5069000,0.5215000,14486115,7489732.6964000,84299,3632508.0435000
1714953600000,0.5214000,0.5538000,0.5093000,0.5126000,17765082,9358140.7514000,92532,4470738.4933000
1715040000000,0.5128000,0.5200000,0.4873000,0.4877000,10896086,5512282.5520000,54481,2521140.7930000
1715126400000,0.4879000,0.4910000,0.4717000,0.4760000,11983888,5767019.5831000,63051,2756980.4963000
1715212800000,0.4760000,0.5094000,0.4647000,0.5021000,13454543,6539985.3632000,66769,3300074.2536000
1715299200000,0.5022000,0.5161000,0.4772000,0.4823000,21212600,10551412.6976000,93682,5059050.1507000
1715385600000,0.4822000,0.4898000,0.4746000,0.4763000,9738440,4686065.1995000,47983,2358332.9904000
1715472000000,0.4763000,0.4786000,0.4580000,0.4612000,19025392,8908811.8076000,65347,4229851.5993000
1715558400000,0.4611000,0.4695000,0.4324000,0.4536000,17907372,8122805.0450000,74531,3741292.3808000
1715644800000,0.4535000,0.4570000,0.4141000,0.4163000,19827541,8570204.5958000,78422,4129302.6613000
1715731200000,0.4162000,0.4817000,0.4129000,0.4776000,25091926,11332161.7922000,99432,5532025.9188000
1715817600000,0.4776000,0.4946000,0.4627000,0.4722000,14822296,7068527.1612000,77967,3339802.6595000
1715904000000,0.4722000,0.5075000,0.4677000,0.4964000,16246184,8043832.8504000,73561,3997547.0020000
1715990400000,0.4963000,0.5115000,0.4943000,0.5074000,10075016,5077413.4079000,52574,2565399.6874000
1716076800000,0.5073000,0.5123000,0.4751000,0.4791000,8682645,4267947.5585000,52017,2019689.8091000
1716163200000,0.4791000,0.5372000,0.4695000,0.5359000,21448181,10779660.3923000,104898,5286781.4930000
1716249600000,0.5362000,0.5532000,0.5162000,0.5172000,18245335,9747907.6590000,86149,4642829.1296000
1716336000000,0.5171000,0.5234000,0.4874000,0.4920000,22438559,11276867.6662000,101648,5335783.9223000
1716422400000,0.4921000,0.4946000,0.4280000,0.4601000,37168220,17265408.1763000,149232,8039184.7266000
1716508800000,0.4599000,0.4684000,0.4426000,0.4639000,19298077,8798125.1155000,79520,4051629.6227000
1716595200000,0.4639000,0.4759000,0.4607000,0.4673000,17120807,8019291.2744000,64720,3865239.6498000
1716681600000,0.4671000,0.4697000,0.4531000,0.4583000,7889385,3635956.6138000,42120,1643042.6822000
1716768000000,0.4582000,0.5183000,0.4574000,0.4954000,35536568,17395062.6850000,148779,8671584.3904000
1716854400000,0.4955000,0.5087000,0.4692000,0.4977000,26035613,12742647.9567000,108068,6078036.2030000
1716940800000,0.4976000,0.5076000,0.4791000,0.4804000,14290092,7060282.2983000,71191,3574918.8303000
1717027200000,0.4804000,0.4920000,0.4606000,0.4770000,16053248,7701153.6342000,90186,3594225.8331000
1717113600000,0.4769000,0.4821000,0.4610000,0.4690000,11917550,5609889.0118000,67475,2879797.9828000
1717200000000,0.4692000,0.4716000,0.4619000,0.4671000,6415988,2993988.1877000,39219,1589860.2008000
1717286400000,0.4671000,0.4802000,0.4587000,0.4624000,12951768,6092304.9129000,70424,2895770.1795000
1717372800000,0.4623000,0.4785000,0.4438000,0.4611000,17849648,8296487.5701000,91613,4093962.8827000
1717459200000,0.4611000,0.4797000,0.4553000,0.4787000,12939312,6050362.6700000,61700,2774178.0937000
1717545600000,0.4788000,0.4911000,0.4760000,0.4885000,10402377,5023652.2056000,56636,2451385.9726000
1717632000000,0.4885000,0.4900000,0.4700000,0.4763000,10456233,5024785.8909000,51482,2312571.0932000
1717718400000,0.4764000,0.4829000,0.3813000,0.4282000,26349762,11434204.1392000,109294,5254682.3660000
1717804800000,0.4282000,0.4321000,0.3933000,0.4000000,14433175,5940191.5138000,68619,2819963.8730000
1717891200000,0.3998000,0.4111000,0.3945000,0.4079000,7204771,2908789.6946000,32445,1423437.6546000
1717977600000,0.4077000,0.4134000,0.3946000,0.3998000,9435487,3822517.0032000,42481,1833117.7056000
1718064000000,0.3998000,0.4037000,0.3639000,0.3797000,17878937,6823001.9924000,73903,3282731.7517000
1718150400000,0.3798000,0.4133000,0.3711000,0.3999000,14272498,5662815.0149000,70893,2786345.8209000
1718236800000,0.4000000,0.4017000,0.3849000,0.3912000,8854029,3484191.2520000,54028,1660942.0431000
1718323200000,0.3911000,0.3977000,0.3613000,0.3750000,13884033,5320979.6699000,71659,2603004.7214000
1718409600000,0.3750000,0.3809000,0.3686000,0.3715000,5266932,1973187.5599000,30779,1027180.6552000
1718496000000,0.3714000,0.3847000,0.3643000,0.3824000,5250130,1969423.8665000,33331,964454.7958000
1718582400000,0.3824000,0.3873000,0.3359000,0.3481000,13306949,4760109.2750000,69286,2221453.9163000
1718668800000,0.3480000,0.3499000,0.2944000,0.3199000,20719627,6520543.0752000,94750,3162954.1122000
1718755200000,0.3198000,0.3312000,0.3150000,0.3269000,8323456,2704901.1678000,44155,1318844.8478000
1718841600000,0.3269000,0.3525000,0.3250000,0.3348000,10965513,3717639.4956000,53052,1829566.1214000
1718928000000,0.3348000,0.3435000,0.3285000,0.3327000,9496687,3190462.3526000,43371,1639498.2392000
1719014400000,0.3329000,0.3329000,0.3179000,0.3186000,9065623,2946008.6612000,38221,1476338.8322000
1719100800000,0.3186000,0.3393000,0.3080000,0.3135000,14117170,4560555.1900000,53835,2305823.1657000
1719187200000,0.3135000,0.3258000,0.2942000,0.3252000,15625123,4870583.6701000,63541,2328048.4878000
1719273600000,0.3253000,0.3438000,0.3240000,0.3394000,7831062,2617659.8898000,39017,1319666.4232000
1719360000000,0.3393000,0.3444000,0.3257000,0.3346000,11192879,3753755.9974000,45524,1917170.4254000
1719446400000,0.3347000,0.3476000,0.3246000,0.3468000,10926350,3674022.8499000,45564,1694442.7765000
1719532800000,0.3467000,0.3622000,0.3346000,0.3365000,17789530,6216686.5097000,72085,2967126.2868000
1719619200000,0.3364000,0.3420000,0.3233000,0.3236000,7026898,2346841.7152000,32101,1099140.1641000
1719705600000,0.3237000,0.3605000,0.3195000,0.3559000,17858707,6119656.9981000,65513,3064840.4365000
1719792000000,0.3560000,0.3605000,0.3446000,0.3512000,11800636,4164581.0225000,57630,1992691.1262000
1719878400000,0.3511000,0.3587000,0.3453000,0.3564000,13918003,4903600.6652000,66459,2332090.2171000
1719964800000,0.3565000,0.3565000,0.3210000,0.3256000,15119693,5089816.1956000,66052,2372620.2885000
1720051200000,0.3255000,0.3310000,0.2817000,0.2843000,24878407,7496339.3977000,88036,3666221.1129000
1720137600000,0.2845000,0.2897000,0.2481000,0.2833000,29556152,7976609.8714000,103102,3957182.8079000
1720224000000,0.2833000,0.3060000,0.2781000,0.3042000,10019224,2901641.2282000,45220,1471588.6858000
1720310400000,0.3045000,0.3045000,0.2813000,0.2835000,10819211,3160486.3434000,48986,1535578.4808000
1720396800000,0.2835000,0.3093000,0.2723000,0.2948000,17694103,5192879.5936000,68170,2585390.5251000
1720483200000,0.2946000,0.3082000,0.2912000,0.3060000,9372432,2812075.1666000,37158,1439746.8735000
1720569600000,0.3060000,0.3179000,0.3015000,0.3102000,8885233,2754638.1360000,38848,1424957.4943000
1720656000000,0.3104000,0.3188000,0.3003000,0.3019000,8924442,2755073.9189000,40192,1244495.1710000
1720742400000,0.3018000,0.3104000,0.2949000,0.3081000,7492888,2279899.7439000,33605,1216700.7198000
1720828800000,0.3083000,0.3129000,0.3029000,0.3087000,4409862,1359098.6534000,22155,665623.2137000
1720915200000,0.3085000,0.3171000,0.2996000,0.3149000,8683185,2683345.1565000,33163,1366148.7547000
1721001600000,0.3149000,0.3387000,0.3139000,0.3375000,9932210,3229843.5292000,38418,1681760.0070000
1721088000000,0.3375000,0.3523000,0.3212000,0.3448000,13053694,4415404.9900000,50838,2086840.5608000
1721174400000,0.3446000,0.3554000,0.3382000,0.3422000,12202564,4242279.5194000,44567,1893532.2118000
1721260800000,0.3423000,0.3524000,0.3353000,0.3417000,8430983,2909374.1919000,38263,1462278.9889000
1721347200000,0.3417000,0.3564000,0.3322000,0.3552000,7384334,2546984.6507000,35866,1226741.6406000
1721433600000,0.3552000,0.3806000,0.3485000,0.3773000,13716254,5006028.2882000,47132,2649781.6258000
1721520000000,0.3774000,0.4230000,0.3704000,0.4173000,136429830,53984473.4242000,309712,26821143.5181000
1721606400000,0.4173000,0.4231000,0.3896000,0.3925000,39461167,15926935.2251000,119634,7215025.2791000
1721692800000,0.3926000,0.4036000,0.3679000,0.3732000,23800783,9234469.4967000,85494,4414611.6728000
1721779200000,0.3732000,0.4084000,0.3625000,0.3667000,27370903,10579986.6723000,90287,5335278.4396000
1721865600000,0.3668000,0.3706000,0.3433000,0.3590000,17074636,6094679.7562000,58588,3012050.2342000
1721952000000,0.3591000,0.3937000,0.3583000,0.3912000,13557631,5139406.6860000,49845,2545413.3035000
1722038400000,0.3911000,0.3968000,0.3754000,0.3849000,11766117,4562903.7982000,41691,2245705.4606000
1722124800000,0.3849000,0.3854000,0.3680000,0.3730000,5932596,2236170.2026000,26665,1121773.0305000
1722211200000,0.3730000,0.3927000,0.3691000,0.3712000,8852044,3363094.1817000,36694,1458898.8113000
1722297600000,0.3712000,0.3756000,0.3566000,0.3630000,8418157,3102202.6936000,32969,1442092.5932000
1722384000000,0.3631000,0.3685000,0.3496000,0.3496000,7202597,2603074.8959000,27502,1257562.3076000
1722470400000,0.3496000,0.3552000,0.3219000,0.3492000,11067779,3752487.7985000,39005,1800365.7685000
1722556800000,0.3492000,0.3536000,0.3137000,0.3169000,10316446,3431680.4330000,41838,1583058.9969000
1722643200000,0.3169000,0.3239000,0.2938000,0.2992000,10414033,3220705.1120000,38170,1588605.9422000
1722729600000,0.2992000,0.3056000,0.2712000,0.2822000,16054613,4680809.9535000,45392,2247812.2998000
1722816000000,0.2820000,0.2849000,0.2255000,0.2596000,56431165,14120656.3710000,136671,6944151.4067000
1722902400000,0.2596000,0.2840000,0.2591000,0.2790000,13771505,3799784.8424000,40797,1956592.3335000
1722988800000,0.2790000,0.2878000,0.2605000,0.2633000,13981714,3853969.9666000,38610,1828817.2883000
1723075200000,0.2634000,0.3062000,0.2593000,0.3051000,13209737,3770982.6588000,41895,1984392.4322000
1723161600000,0.3048000,0.3056000,0.2880000,0.2948000,6589069,1948376.4964000,27292,954040.0822000
1723248000000,0.2947000,0.2982000,0.2905000,0.2960000,4446559,1309893.0508000,22053,665979.9194000
1723334400000,0.2960000,0.3042000,0.2771000,0.2786000,6538323,1902902.6791000,26002,865401.4713000
1723420800000,0.2785000,0.2980000,0.2765000,0.2921000,9714409,2808536.6129000,37755,1394203.7489000
1723507200000,0.2922000,0.2977000,0.2823000,0.2940000,5952904,1723524.2240000,24722,893431.5149000
1723593600000,0.2940000,0.3000000,0.2846000,0.2894000,6681430,1953500.0235000,28363,976546.4597000
1723680000000,0.2895000,0.2924000,0.2720000,0.2773000,9035792,2559069.7993000,32715,1188305.0732000
1723766400000,0.2773000,0.2823000,0.2676000,0.2772000,10780030,2971444.3933000,38893,1429262.9608000
1723852800000,0.2771000,0.2839000,0.2748000,0.2838000,5309209,1481568.3364000,23234,777264.7256000
1723939200000,0.2838000,0.2942000,0.2806000,0.2865000,8312945,2404401.0223000,27545,1182153.7719000
1724025600000,0.2867000,0.2937000,0.2819000,0.2928000,9996878,2866425.4018000,33899,1385343.0898000
1724112000000,0.2928000,0.3144000,0.2928000,0.3066000,13877046,4231800.4674000,42768,2042462.3401000
1724198400000,0.3066000,0.3278000,0.3055000,0.3246000,25188252,8000927.7421000,64844,3913972.4755000
1724284800000,0.3246000,0.3464000,0.3185000,0.3451000,23975452,7997631.1618000,67294,4205024.2981000
1724371200000,0.3451000,0.3700000,0.3446000,0.3631000,32569979,11688706.6229000,98297,5625013.7248000
1724457600000,0.3631000,0.3825000,0.3581000,0.3723000,16493695,6115966.2180000,60852,3174353.1495000
1724544000000,0.3723000,0.3884000,0.3569000,0.3732000,25349767,9462047.7706000,86178,4735866.8494000
1724630400000,0.3732000,0.3761000,0.3577000,0.3580000,16209447,5965886.8254000,65200,2542791.1439000
1724716800000,0.3580000,0.3707000,0.3289000,0.3360000,17849083,6290706.7706000,67842,3086873.9012000
1724803200000,0.3360000,0.3502000,0.3240000,0.3310000,12776048,4301980.7132000,53882,2098973.2065000
1724889600000,0.3308000,0.3458000,0.3199000,0.3212000,9206350,3062739.6896000,35442,1497293.8459000
1724976000000,0.3209000,0.3301000,0.3096000,0.3258000,8677542,2786393.7979000,36028,1380884.2465000
1725062400000,0.3257000,0.3283000,0.3146000,0.3184000,4258305,1366169.6626000,18708,620224.1061000
1725148800000,0.3184000,0.3190000,0.2944000,0.2976000,6951505,2139724.7128000,29922,1056209.6758000
1725235200000,0.2974000,0.3148000,0.2960000,0.3119000,9152991,2804268.1254000,34185,1553521.3821000
1725321600000,0.3118000,0.3184000,0.2947000,0.2952000,9509281,2896258.2374000,34595,1370817.4743000
1725408000000,0.2953000,0.3099000,0.2819000,0.3041000,10004037,2986490.4752000,33070,1589109.7718000
1725494400000,0.3040000,0.3063000,0.2935000,0.2954000,7916718,2376152.1665000,23473,1206536.4939000
1725580800000,0.2954000,0.3044000,0.2803000,0.2914000,14857772,4364688.2796000,41860,2171255.0978000
1725667200000,0.2915000,0.3040000,0.2897000,0.2991000,6647172,1979300.7915000,16923,1072647.4282000
1725753600000,0.2992000,0.3257000,0.2980000,0.3213000,19179257,6039438.1046000,41779,2976693.1882000
1725840000000,0.3212000,0.3379000,0.3195000,0.3309000,16531042,5434883.0345000,38939,2667895.9963000
1725926400000,0.3308000,0.3393000,0.3261000,0.3367000,8573577,2845166.9499000,23296,1459544.7573000
1726012800000,0.3367000,0.3395000,0.3180000,0.3229000,15345140,5003537.3410000,33737,2546986.2335000
1726099200000,0.3230000,0.3347000,0.3229000,0.3330000,8211292,2700578.3682000,24899,1387261.2732000
1726185600000,0.3330000,0.3467000,0.3273000,0.3435000,11589006,3899292.5053000,30120,1946793.0564000
1726272000000,0.3436000,0.3540000,0.3409000,0.3491000,9370139,3255990.6586000,25353,1680325.3050000
1726358400000,0.3492000,0.3496000,0.3243000,0.3281000,9123218,3101562.4827000,23400,1392231.0123000
1726444800000,0.3279000,0.3346000,0.3192000,0.3245000,8220433,2677116.1790000,22401,1355460.4737000
1726531200000,0.3245000,0.3382000,0.3197000,0.3289000,8393646,2774119.3249000,20984,1367282.1869000
1726617600000,0.3289000,0.3402000,0.3141000,0.3397000,10308254,3343183.1551000,28592,1736505.8726000
1726704000000,0.3399000,0.3710000,0.3399000,0.3686000,20488416,7377189.4628000,48613,3596481.5539000
1726790400000,0.3686000,0.3959100,0.3666000,0.3819000,19031138,7272546.8778400,68226,3522188.1731000
1726876800000,0.3819000,0.3917700,0.3727000,0.3866000,9927996,3783969.2994500,46098,1915330.1260300
1726963200000,0.3863200,0.3868700,0.3643700,0.3768000,8437294,3163804.8850200,37091,1538329.9252800
1727049600000,0.3769900,0.3901800,0.3679000,0.3792700,14408534,5487651.0575100,59910,2700784.9006600
1727136000000,0.3792700,0.3923400,0.3696300,0.3907800,11048188,4198165.5292600,51322,2055868.5372600
1727222400000,0.3907800,0.3914600,0.3727600,0.3746200,9164916,3502427.7379500,42822,1708872.0336400
1727308800000,0.3747300,0.4022000,0.3704400,0.3948800,10851216,4233900.6353800,55373,1978649.0357600
1727395200000,0.3948100,0.4143500,0.3889000,0.4105000,15241497,6162931.0672800,71078,3030265.6543200
1727481600000,0.4104600,0.4141100,0.3877000,0.3946700,10002994,3999243.1988400,50783,1755386.6583600
1727568000000,0.3946900,0.3963300,0.3763900,0.3872600,8441245,3260873.2041300,56381,1562288.4623200
1727654400000,0.3873300,0.3880600,0.3622600,0.3658800,10103789,3805259.5803200,63526,1818416.0713800
1727740800000,0.3657600,0.3791600,0.3186400,0.3252900,19694906,6766782.4298400,94557,3087436.1778000
1727827200000,0.3252100,0.3392500,0.3082900,0.3143900,15480779,5043925.1227700,83914,2425703.5812200
1727913600000,0.3143900,0.3181900,0.2975000,0.3087800,11802353,3630926.2027600,66832,1773832.6278900
1728000000000,0.3088000,0.3279000,0.3046400,0.3238500,11963206,3818165.5085800,62749,1888768.5639100
1728086400000,0.3237900,0.3254900,0.3138000,0.3209400,8314938,2666681.1503000,41517,1319862.2060500
1728172800000,0.3209800,0.3390100,0.3179500,0.3387600,10762973,3551865.7869700,48304,1762719.4769900
1728259200000,0.3387500,0.3482000,0.3317600,0.3332300,10641822,3622329.8616200,49886,1760057.1869700
1728345600000,0.3332600,0.3382200,0.3207300,0.3250900,7828810,2574252.6544700,44839,1236090.7873100
1728432000000,0.3252100,0.3303300,0.3124300,0.3156800,8365695,2700088.0501600,42709,1292164.3666300
1728518400000,0.3157100,0.3206500,0.3041300,0.3157600,8219393,2583537.2981400,38359,1279736.6823300
1728604800000,0.3157600,0.3374900,0.3137200,0.3367500,7601145,2466223.5113600,40555,1261558.1109800
1728691200000,0.3367500,0.3702500,0.3361700,0.3588000,29648775,10640842.7960400,113079,5210123.2874300
1728777600000,0.3588000,0.3711300,0.3529300,0.3659200,13230366,4802702.1699100,65261,2334593.0404800
1728864000000,0.3659200,0.3761300,0.3612800,0.3672800,11136822,4105112.2616800,67254,2017873.1281400
1728950400000,0.3674100,0.3777500,0.3479500,0.3593200,19602429,7087065.9328700,108062,3116724.9856800
1729036800000,0.3593100,0.3595600,0.3440700,0.3514500,8522313,2993587.2908200,65670,1401075.5825900
1729123200000,0.3514500,0.3559600,0.3340800,0.3418100,8081522,2776793.7778500,60248,1347307.8466500
1729209600000,0.3416900,0.3522100,0.3387000,0.3518900,5631950,1942137.9859700,45684,1051957.0385600
1729296000000,0.3518800,0.3578400,0.3455600,0.3501200,4886434,1715474.8615200,33037,792272.5301000
1729382400000,0.3501300,0.3631200,0.3456700,0.3615800,8136909,2877614.5683800,48666,1477078.8976300
1729468800000,0.3616200,0.3671400,0.3401100,0.3453000,11000239,3888008.9892400,59310,1753676.7863100
1729555200000,0.3453000,0.3542700,0.3389200,0.3469800,8754400,3022454.4490700,54746,1416324.7798900
1729641600000,0.3470600,0.3480800,0.3137000,0.3264700,16717111,5455861.8006000,86043,2598070.0507200
1729728000000,0.3263800,0.3350400,0.3220100,0.3283000,8636130,2836643.4982900,53279,1292316.8994100
1729814400000,0.3283000,0.3288600,0.2872200,0.3019800,13463618,4206079.2060100,69531,1848111.8320200
1729900800000,0.3018400,0.3090000,0.2962400,0.3057200,6189479,1876713.6938400,38119,868884.3323600
1729987200000,0.3057000,0.3143000,0.3035100,0.3111600,6530016,2027795.3240400,32567,1068414.2888100
1730073600000,0.3111600,0.3299600,0.3012800,0.3159700,22205941,7031854.7679500,85182,3662428.8822500
1730160000000,0.3160500,0.3305600,0.3154200,0.3284100,9686108,3135631.0849900,57456,1490362.9432300
1730246400000,0.3284800,0.3289600,0.3174700,0.3218000,5977166,1932606.7875200,42050,934705.8057800
1730332800000,0.3217500,0.3226900,0.3022200,0.3063100,7907945,2472160.5897000,50400,1173243.7470000
1730419200000,0.3062500,0.3176600,0.2988400,0.3038600,10362524,3191495.2366400,58027,1524835.6361800
1730505600000,0.3039200,0.3083700,0.2945400,0.2961100,4576571,1376482.5451300,31592,644349.5771300
1730592000000,0.2961200,0.2969400,0.2768400,0.2906600,9392958,2686098.8095700,63373,1225967.6902400
1730678400000,0.2906800,0.2956300,0.2750800,0.2808700,8716601,2496149.1899600,55682,1233878.7683200
1730764800000,0.2808500,0.2995000,0.2779700,0.2966400,7655109,2221784.1280300,49335,1101604.4696500
1730851200000,0.2967000,0.3353600,0.2967000,0.3320400,15853960,5079673.8114300,98970,2495502.8730800
1730937600000,0.3320800,0.3431300,0.3259100,0.3367000,12484888,4184208.2674700,72709,2050137.8546900
1731024000000,0.3367000,0.3580000,0.3313000,0.3543200,21326376,7378972.6954400,119334,3626780.9848500
1731110400000,0.3543400,0.3677100,0.3466700,0.3658800,18010909,6464530.6212300,107651,2953750.0555300
1731196800000,0.3658000,0.3944300,0.3564600,0.3805000,22157766,8303387.9431500,132876,4066030.2645600
1731283200000,0.3805900,0.4403800,0.3680000,0.4391300,37114135,14898758.6842400,213493,7567056.5518000
1731369600000,0.4392000,0.4600700,0.3829500,0.3919100,54428872,22776923.3042800,303731,10490586.8111600
1731456000000,0.3918000,0.3974800,0.3503800,0.3666400,30251358,11223876.6855400,222966,5429289.0798100
1731542400000,0.3666400,0.3912700,0.3503000,0.3581600,16822525,6193817.3486000,142925,2892189.6576200
1731628800000,0.3580800,0.3751600,0.3467100,0.3722200,11914712,4314737.4412000,109949,2031357.6649000
1731715200000,0.3721600,0.4043000,0.3684400,0.3982700,13847857,5408673.4912700,111060,2685774.9958300
1731801600000,0.3983300,0.4108200,0.3730400,0.3818200,20452311,8059768.5767600,156750,3782509.1992200
1731888000000,0.3818400,0.3992700,0.3695700,0.3924000,19188222,7388862.4041100,140862,3675162.2411400
1731974400000,0.3923000,0.4064300,0.3694800,0.3811200,26351018,10256638.7412200,135485,4824739.9408700
1732060800000,0.3811300,0.3892600,0.3507100,0.3585700,19442866,7209372.3496700,126188,3501930.1253200
1732147200000,0.3585800,0.3933800,0.3474200,0.3906100,22603353,8465828.2752400,143357,4196631.5092600
1732233600000,0.3904400,0.4538200,0.3805300,0.4515600,41917980,17391867.2803400,278239,8883561.3449300
1732320000000,0.4516200,0.4747700,0.4223600,0.4377400,46587985,20884708.6771000,298951,9572722.6769200
1732406400000,0.4378000,0.5146200,0.4102000,0.5114500,43183678,19564496.4752700,261048,9513694.1801500
1732492800000,0.5116800,0.5562700,0.4753800,0.4952600,79027985,40917802.6143100,451996,19783582.7362700
1732579200000,0.4951500,0.5277500,0.4715200,0.5191400,33713262,16994247.6221000,258188,8447427.2642200
1732665600000,0.5193100,0.5898700,0.5071000,0.5747700,31247610,16769891.6999000,224866,8216921.9146000
1732752000000,0.5746500,0.5977700,0.5342200,0.5486900,22139761,12517470.7018300,176315,6245435.4269800
1732838400000,0.5487200,0.5916900,0.5441100,0.5745000,19092977,10802813.4450600,141080,5183571.3794100
1732924800000,0.5746000,0.5864300,0.5530700,0.5731800,14256678,8147871.0003500,115161,4029370.2834200
1733011200000,0.5733400,0.5802600,0.5412200,0.5506700,18821050,10478977.8089700,126114,4767398.8926200
1733097600000,0.5506000,0.6159600,0.5266200,0.6132900,55180750,31254329.2703200,340806,14928962.3794200
1733184000000,0.6131900,0.6164600,0.5371700,0.6097400,35412000,20781367.6239600,235069,9632841.9254600
1733270400000,0.6099400,0.6516200,0.5984600,0.6256600,31267631,19705956.7954700,255143,9360899.7336400
1733356800000,0.6259600,0.6269700,0.5820700,0.6008300,21568011,13078018.7541800,166824,5953637.4847700
1733443200000,0.6011500,0.6538900,0.5960400,0.6406500,28820909,18233322.4124800,217938,8573754.7473800
1733529600000,0.6405200,0.6428000,0.6180000,0.6214400,11811494,7441508.7096700,113039,3427114.8477100
1733616000000,0.6216100,0.6524200,0.5946200,0.6468800,14786472,9158578.9137200,140183,4336314.0631900
1733702400000,0.6467900,0.6503000,0.4251000,0.5018600,39168084,21280229.1205000,276433,9074421.1279700
1733788800000,0.5018100,0.5117700,0.4384200,0.4843200,34391059,16407180.9978900,218832,7831312.2776300
1733875200000,0.4843500,0.5482900,0.4642200,0.5263200,19374452,9952420.3433500,156810,4884491.0716600
1733961600000,0.5264000,0.5863100,0.5229800,0.5670800,29750147,16611042.4807100,237818,8064268.6974300
1734048000000,0.5670600,0.5781700,0.5339500,0.5487700,20333200,11238542.7602500,181383,5189609.9993200
1734134400000,0.5488600,0.5640600,0.5132100,0.5211200,12000485,6486205.9549600,114820,3096514.6955400
1734220800000,0.5211200,0.5451600,0.5046900,0.5421500,13005352,6842202.7567900,117593,3512754.8612200
1734307200000,0.5424600,0.5685400,0.5179200,0.5275500,15934980,8591742.4227300,139991,4096088.6149900
1734393600000,0.5275300,0.5336300,0.4922900,0.4974000,12122204,6237808.7549500,116008,2929130.6666500
1734480000000,0.4975700,0.5004000,0.4352600,0.4366900,44352048,20360297.2031700,206111,9966939.1638700
1734566400000,0.4367700,0.4548000,0.3899100,0.4078100,29747036,12607475.4565000,191596,6036244.7004700
1734652800000,0.4078000,0.4249900,0.3459800,0.4058400,29415562,11262051.1428800,206437,5544856.6507900
1734739200000,0.4059000,0.4359900,0.3787600,0.3851700,21362591,8483652.1834600,152823,3931182.1654000
1734825600000,0.3851900,0.4009300,0.3741600,0.3851700,13026139,5071740.4208800,120496,2618128.1651400
1734912000000,0.3852000,0.4192000,0.3733400,0.4126100,42484089,17068117.1104500,180299,8575672.4158600
1734998400000,0.4125700,0.4481300,0.4013100,0.4372700,46539431,19310780.6796900,173610,9353927.4326100
1735084800000,0.4371500,0.4432600,0.4151700,0.4225300,10453980,4510164.5763200,94599,2231612.8131700
1735171200000,0.4226400,0.4273000,0.3847900,0.3899700,19450736,7673384.6120800,102530,3759622.6786900
1735257600000,0.3899700,0.4136800,0.3829000,0.3855200,25779208,10256333.3659500,145239,4621715.9349800
1735344000000,0.3854900,0.4014100,0.3649400,0.3958000,22290389,8514995.5353000,140398,4013185.7065900
1735430400000,0.3958700,0.4016900,0.3721000,0.3776000,14611499,5663083.0117600,110652,2729516.6202600
1735516800000,0.3776000,0.3910100,0.3591900,0.3730900,12666167,4774885.8887800,104469,2374840.1420000
1735603200000,0.3731500,0.3838100,0.3606300,0.3657700,8925037,3303553.8593800,75652,1617542.7589200
1735689600000,0.3657700,0.3853400,0.3559200,0.3824200,10177754,3774934.3756200,68955,1871073.3190000
1735776000000,0.3824300,0.4058600,0.3824200,0.3960700,12869757,5099863.8596600,85023,2417139.4050000
1735862400000,0.3961100,0.4154800,0.3905000,0.4110700,12551513,5088569.4565300,83691,2473297.7494300
1735948800000,0.4111100,0.4150000,0.3999600,0.4114400,19767942,8059512.9713000,92868,3616218.6618600
1736035200000,0.4114800,0.4167400,0.4027200,0.4134000,11419155,4680670.9863400,65237,2229563.6449800
1736121600000,0.4134000,0.4253100,0.4012000,0.4094400,26707777,11060486.3971800,113877,4963991.5434100
1736208000000,0.4095100,0.4173800,0.3619000,0.3620000,22212383,8679183.2315700,103878,3872767.7914600
1736294400000,0.3619300,0.3686700,0.3384100,0.3553100,20785117,7404210.2710600,99418,3420882.8167500
1736380800000,0.3552100,0.3612800,0.3396100,0.3493200,13264038,4650607.2350600,72959,2204114.7334700
1736467200000,0.3492900,0.3608900,0.3420100,0.3531300,13039963,4590288.6862500,70212,2222951.5941000
1736553600000,0.3531500,0.3585800,0.3457700,0.3512400,10047343,3517597.0777000,57885,1756464.8796900
1736640000000,0.3512900,0.3545900,0.3408400,0.3469600,8257270,2881294.5431200,50884,1437928.3557400
1736726400000,0.3470300,0.3566200,0.3094700,0.3349000,20644081,6752749.4905600,108013,3266306.5569800
1736812800000,0.3349300,0.3515900,0.3321900,0.3496700,9998875,3416566.5183400,61720,1731702.9025400
1736899200000,0.3496600,0.3855500,0.3472600,0.3837400,31673256,11655801.1716900,148499,5636497.7458800
1736985600000,0.3837500,0.3948200,0.3717600,0.3858800,16288945,6220156.5239500,96486,3013937.3506000
1737072000000,0.3859200,0.4017000,0.3849900,0.3984500,16956208,6692925.4931500,98925,3413827.3373100
1737158400000,0.3984500,0.4003600,0.3642400,0.3710100,14200305,5381442.2870200,88269,2536051.4100700
1737244800000,0.3710600,0.3841300,0.3196700,0.3255000,26700558,9256706.5239100,153623,4352327.4899000
1737331200000,0.3254900,0.3585600,0.3112200,0.3280600,31591590,10493396.2453200,162245,5155936.2014300
1737417600000,0.3280200,0.3476400,0.3101600,0.3409200,16531152,5455230.0866200,103617,2652508.0618800
1737504000000,0.3408500,0.3477100,0.3360800,0.3407300,10182517,3486227.5909100,65364,1694141.8910800
1737590400000,0.3408600,0.3422600,0.3213300,0.3314600,13996806,4633871.1295400,79990,2166407.3332700
1737676800000,0.3314900,0.3442900,0.3197400,0.3315700,19987071,6728593.6277200,88719,3089444.9228700
1737763200000,0.3315900,0.3511900,0.3269600,0.3377000,18456356,6290737.5625300,91737,3057985.0425900
1737849600000,0.3377900,0.3702700,0.3365900,0.3457000,21706973,7750976.9388500,109551,3826849.2014000
1737936000000,0.3457000,0.3466600,0.3044700,0.3188100,22668113,7251989.9867600,128784,3235188.5064000
1738022400000,0.3189100,0.3255500,0.2922500,0.2958500,12764666,3974168.8660300,68322,1917340.0448400
1738108800000,0.2959300,0.3160800,0.2942700,0.3072700,9716005,2951780.3667900,71741,1497807.8259200
1738195200000,0.3072700,0.3201800,0.3037100,0.3103200,9552331,2993267.7264400,60984,1451080.6863900
1738281600000,0.3104300,0.3242400,0.3039300,0.3086200,10613583,3316230.2627800,58070,1706598.6511500
1738368000000,0.3086500,0.3133500,0.2781700,0.2801600,9481678,2805337.1675200,57815,1197586.1212600
1738454400000,0.2801100,0.2862100,0.2220700,0.2364100,27774981,6930206.5063900,140058,3261374.8424300
1738540800000,0.2364700,0.2419900,0.1744600,0.2383000,66852474,13990219.3186900,247721,6867971.9692200
1738627200000,0.2383100,0.2415700,0.2146000,0.2265900,39026122,8972949.4164600,172521,4368479.1863200
1738713600000,0.2266100,0.2336400,0.2176300,0.2212200,17192796,3891644.3846000,92937,2039020.9975800
1738800000000,0.2212500,0.2270400,0.2027000,0.2052600,14488305,3120754.9860500,83961,1531790.8990300
1738886400000,0.2052800,0.2231300,0.1969800,0.2049900,22884207,4837081.5175100,108094,2363755.0555200
1738972800000,0.2050400,0.2195000,0.2027600,0.2183800,11665869,2442264.1416900,69986,1400982.0630600
1739059200000,0.2183600,0.2261200,0.2079700,0.2183300,21352354,4699819.3557700,95286,2167195.3299900
1739145600000,0.2183100,0.2281300,0.2090000,0.2278100,13336109,2941880.8827400,80561,1534177.9395800
1739232000000,0.2277800,0.2496800,0.2204500,0.2250800,23800615,5609025.3726400,100394,2660620.8834300
1739318400000,0.2250900,0.2457500,0.2111900,0.2421700,26011721,5823421.4557800,109459,2793313.9504200
1739404800000,0.2421900,0.2458600,0.2292400,0.2370200,23552969,5565385.0861300,94836,2647820.4081400
1739491200000,0.2370700,0.2500700,0.2342500,0.2435100,21028968,5084400.4988700,94234,2512332.9706600
1739577600000,0.2435000,0.2525800,0.2344800,0.2376800,16619329,4031478.3912400,75807,1874092.5660200
1739664000000,0.2376700,0.2438500,0.2337900,0.2386100,10566101,2525532.6803500,61501,1273259.8913500
1739750400000,0.2385800,0.2482600,0.2326000,0.2397800,14518287,3475431.3898400,77393,1531828.1181400
1739836800000,0.2397900,0.2415400,0.2212000,0.2300000,21838246,5025664.0105400,94402,2385392.3121800
1739923200000,0.2299700,0.2363600,0.2254300,0.2339300,9815179,2273427.8014200,55555,1089718.3791600
1740009600000,0.2340300,0.2510000,0.2334700,0.2505800,16887569,4101053.9769500,74336,2043367.7986300
1740096000000,0.2505900,0.2657500,0.2365000,0.2419800,18687408,4710178.0503800,88677,2182744.3180700
1740182400000,0.2420000,0.2585300,0.2401800,0.2532400,17803491,4472913.4695600,69082,2259919.1733300
1740268800000,0.2532600,0.2546600,0.2403400,0.2443700,11904533,2938344.4012400,52055,1324117.3824900
1740355200000,0.2444500,0.2466700,0.2110100,0.2127200,20895518,4758084.6231900,103360,2453976.2313300
1740441600000,0.2125900,0.2177700,0.1956300,0.2143400,31810203,6612880.0434800,139454,3233932.3556500
1740528000000,0.2143700,0.2239500,0.2090700,0.2186100,13200609,2871425.4581900,70440,1386259.8859400
1740614400000,0.2187200,0.2311100,0.2157300,0.2231800,14402026,3226144.6492600,69329,1634569.0744900
1740700800000,0.2231900,0.2257800,0.2012000,0.2242200,28268119,5995786.2325900,104502,3027611.9671700
1740787200000,0.2241800,0.2277100,0.2066400,0.2149100,16586790,3591342.5582700,67214,1675210.2787700
1740873600000,0.2149300,0.2423300,0.2103200,0.2422500,18348536,4127008.6937300,83596,1972799.3292200
1740960000000,0.2421300,0.2433100,0.1954700,0.1997300,31790748,6980744.7818200,133118,3269996.8147500
1741046400000,0.1997800,0.2017900,0.1777400,0.1924300,34494450,6564093.5550500,130068,3226977.9219800
1741132800000,0.1924500,0.2148800,0.1885100,0.2090200,21586865,4329667.9171800,82733,2053640.3675700
1741219200000,0.2090700,0.2149600,0.1982400,0.2014900,19857489,4108688.6968100,87659,1861794.1438100
1741305600000,0.2015000,0.2070600,0.1896100,0.1964700,18154949,3611242.4373300,93606,1843793.6811800
1741392000000,0.1964200,0.2025000,0.1911700,0.1984700,21822278,4283666.4630100,91391,2163515.5699000
1741478400000,0.1984600,0.1995000,0.1696800,0.1721500,20506918,3771330.6142900,83586,1705114.7992000
1741564800000,0.1721800,0.1848700,0.1566600,0.1592000,21297731,3632447.1767800,94130,1759438.6681400
1741651200000,0.1592400,0.1777200,0.1495300,0.1731200,24350664,4039446.8952600,95450,2037977.7019900
1741737600000,0.1731500,0.1828700,0.1645100,0.1821100,18096550,3150166.9086900,78314,1554570.7504400
1741824000000,0.1820400,0.1866600,0.1724800,0.1801100,16921891,3055501.3785200,79773,1522923.6279400
1741910400000,0.1801800,0.1902100,0.1792200,0.1836400,22087947,4076916.2489700,83270,2067643.6811700
1741996800000,0.1836500,0.1952000,0.1817600,0.1938200,18642753,3483982.9603400,64072,1791611.6313300
1742083200000,0.1937700,0.1999900,0.1811400,0.1828800,29027985,5573583.1450600,98455,2718000.8073300
1742169600000,0.1828200,0.1951600,0.1821500,0.1924600,13188835,2502264.7969100,62723,1249823.5511500
1742256000000,0.1924700,0.1956000,0.1824600,0.1902200,22098183,4195241.0219200,81469,2036243.5248800
1742342400000,0.1902400,0.1996700,0.1882600,0.1958000,22156431,4289849.7146900,72097,2068976.4570600
1742428800000,0.1958100,0.1975100,0.1829400,0.1847600,16433525,3101633.4763000,59247,1535399.6552200
1742515200000,0.1847600,0.1916200,0.1802500,0.1879400,16411167,3040059.6623400,65674,1498422.5580400
1742601600000,0.1879600,0.1960000,0.1876300,0.1922100,7392899,1422273.4148000,36532,696941.2444000
1742688000000,0.1921900,0.1957100,0.1897300,0.1952100,13686209,2646021.2327500,44614,1525786.2843300
1742774400000,0.1952300,0.2123700,0.1945500,0.2078900,25168819,5204002.5442500,82560,2490285.5407600
1742860800000,0.2078500,0.2171600,0.2040700,0.2133600,15524325,3267850.8308800,62020,1635462.7549600
1742947200000,0.2133000,0.2156600,0.2023200,0.2049100,12230765,2557443.1773900,52053,1188827.9302600
1743033600000,0.2049100,0.2094200,0.1998400,0.2048800,15296594,3140214.6566700,56363,1545219.5456100
1743120000000,0.2048900,0.2054000,0.1791800,0.1848200,23861538,4503460.5658300,79154,2065707.4934200
1743206400000,0.1848400,0.1864100,0.1726200,0.1751900,14314470,2550150.0892400,60860,1199617.3471100
1743292800000,0.1752000,0.1784400,0.1674800,0.1711700,14444478,2515228.5533000,62871,1130832.8382500
1743379200000,0.1712000,0.1823900,0.1634200,0.1684600,81835270,14209843.3449900,222441,7164007.9817700
1743465600000,0.1684800,0.1763900,0.1664200,0.1714500,23829855,4084608.9211000,86957,1897616.0311600
1743552000000,0.1714600,0.1725400,0.1520100,0.1543400,28608307,4717383.6456300,120684,2291029.6182000
1743638400000,0.1541700,0.1645900,0.1506500,0.1598200,21144357,3313388.3264800,69358,1670941.4850600
1743724800000,0.1598500,0.1626900,0.1516000,0.1610500,19167176,3030469.0656300,68659,1477935.1121700
1743811200000,0.1610200,0.1616700,0.1560000,0.1591600,6401441,1016565.8677900,31220,485309.2250800
1743897600000,0.1591600,0.1592400,0.1372800,0.1409800,21987212,3239383.6334200,72236,1565697.0315500
1743984000000,0.1410000,0.1485300,0.1275900,0.1435200,38973654,5378337.1722800,121051,2726741.4993400
1744070400000,0.1435400,0.1513500,0.1375400,0.1386200,25134147,3654130.3497600,76040,1746074.2766600
1744156800000,0.1386200,0.1605700,0.1337400,0.1578100,25425639,3729342.0266500,74349,1922897.0954100
1744243200000,0.1578100,0.1594900,0.1484100,0.1541500,18486338,2848700.4426400,52232,1443148.3146300
1744329600000,0.1541600,0.1623500,0.1541300,0.1596700,15282715,2425740.4097500,43399,1260890.3610900
1744416000000,0.1597000,0.1741600,0.1576800,0.1699900,11098482,1845810.6579200,37801,944465.3923500
1744502400000,0.1700100,0.1713600,0.1574500,0.1607200,14760738,2426205.0758800,40447,1122455.3247300
1744588800000,0.1607400,0.1719300,0.1603800,0.1674100,16661486,2768301.2243100,50537,1429020.1890700
1744675200000,0.1674500,0.1708300,0.1602900,0.1604000,18139503,2993428.9672000,54878,1459168.4627500
1744761600000,0.1604000,0.1617600,0.1523200,0.1544600,14551255,2279223.1864900,57167,1121298.7717000
1744848000000,0.1544000,0.1604400,0.1542400,0.1570900,9782955,1538786.0803500,35012,815447.9281400
1744934400000,0.1571100,0.1597000,0.1545200,0.1572400,9234994,1453143.8505800,36158,730598.9380000
1745020800000,0.1572400,0.1717700,0.1571200,0.1702800,11628306,1927973.6633100,48101,1042504.2643700
1745107200000,0.1702200,0.1734300,0.1663700,0.1699200,9201419,1561310.4195800,54875,797409.1349600
1745193600000,0.1699200,0.1828700,0.1699200,0.1737100,19785177,3503733.5749800,58252,1720015.5006700
1745280000000,0.1736200,0.1945200,0.1703000,0.1937800,17427366,3161524.1779400,58453,1620517.6062800
1745366400000,0.1937900,0.2064600,0.1917200,0.1995000,21585742,4306367.3102000,67825,1986703.5842400
1745452800000,0.1994600,0.2042000,0.1922400,0.2010800,10904953,2161884.9784600,47753,1041977.5555700
1745539200000,0.2011400,0.2078800,0.1964100,0.2037000,14902876,3042815.9246700,58921,1603320.1924300
1745625600000,0.2037600,0.2128500,0.2029000,0.2079800,13037372,2706980.2311700,53416,1212160.0448700
1745712000000,0.2079800,0.2099100,0.1876400,0.1883000,13800655,2721854.1530400,54579,1217161.4805900
1745798400000,0.1883500,0.1969100,0.1811400,0.1897400,17592650,3343364.2351700,68938,1679672.5898100
1745884800000,0.1897800,0.1936800,0.1830300,0.1855600,9004516,1707185.0898400,42376,882581.9669300
1745971200000,0.1855400,0.1918200,0.1791300,0.1859600,10205693,1901474.3190500,46329,940679.4074400
1746057600000,0.1860300,0.1926500,0.1848200,0.1920500,9551511,1807260.5273000,40565,917101.8592300
1746144000000,0.1921000,0.1966700,0.1894900,0.1919100,12810495,2472150.4212400,56324,1207419.8372700
1746230400000,0.1919200,0.1921800,0.1786600,0.1827900,11384702,2110110.4968100,50970,973716.8246200
1746316800000,0.1827900,0.1859100,0.1785400,0.1843400,11578287,2108021.5863700,49151,1068781.4429500
1746403200000,0.1842900,0.1876400,0.1763700,0.1798800,11887303,2166120.2450400,46824,1038412.0799300
1746489600000,0.1799000,0.1813000,0.1693800,0.1766600,7966080,1404610.9697600,43090,669887.3239800
1746576000000,0.1766900,0.1782900,0.1674000,0.1722900,10205834,1762271.1128000,46332,936281.4904000
1746662400000,0.1723900,0.1977900,0.1716600,0.1976400,18534121,3486470.4145400,81439,1828384.3515200
1746748800000,0.1976500,0.2185600,0.1976100,0.2172200,31817458,6679500.1823400,111329,3465844.9648200
1746835200000,0.2171400,0.2347100,0.2152600,0.2339800,24613700,5526686.4099600,95513,2734713.3480100
1746921600000,0.2338700,0.2350600,0.2157000,0.2230900,12581960,2822839.5828900,66063,1346211.2684200
1747008000000,0.2231100,0.2436800,0.2149300,0.2283900,23404707,5378024.1384200,92135,2622258.2498000
1747094400000,0.2283600,0.2342800,0.2123800,0.2288300,18437460,4109975.1393100,77547,2118011.9616900
1747180800000,0.2288600,0.2335200,0.2149600,0.2165300,12668679,2840517.6569500,70103,1281481.8079100
1747267200000,0.2165600,0.2184800,0.1933500,0.1982100,22838556,4620349.9780400,82301,2099678.3133000
1747353600000,0.1982300,0.2044400,0.1916500,0.1949400,12186942,2431167.6750500,54095,1130641.1545000
1747440000000,0.1949200,0.1955700,0.1829100,0.1842700,10589544,1999916.4810000,50061,1039509.8545300
1747526400000,0.1843100,0.2009500,0.1837000,0.2002800,14155753,2733038.5708400,67759,1328224.2332500
1747612800000,0.2003100,0.2029700,0.1810000,0.1877500,15477456,2914597.9135700,69630,1378336.5346500
1747699200000,0.1877600,0.1950900,0.1845200,0.1930800,12170392,2299568.3117000,57658,1174505.5657700
1747785600000,0.1931400,0.1977800,0.1849400,0.1940000,16148016,3080576.2752800,68028,1462684.4856800
1747872000000,0.1941000,0.2191500,0.1936800,0.2168200,30265699,6391853.5966500,101574,3236780.3998400
1747958400000,0.2167900,0.2223400,0.1918700,0.1925000,25008567,5208115.1411700,84224,2366805.6138500
1748044800000,0.1926600,0.1992700,0.1878800,0.1898600,9527232,1844221.1513300,46162,855806.6179500
1748131200000,0.1898700,0.1916200,0.1819500,0.1909100,9711109,1810973.9013700,52674,900667.2530200
1748217600000,0.1909800,0.2060000,0.1905900,0.1988300,27729912,5513831.9371800,98238,2717851.7867100
1748304000000,0.1988400,0.2057000,0.1923600,0.1959000,22888388,4582347.4023600,87001,2138696.2111200
1748390400000,0.1959300,0.1979500,0.1850000,0.1913200,19410475,3694537.0272800,81744,1786139.9535100
1748476800000,0.1913400,0.1981500,0.1745200,0.1754500,19992656,3724145.4339600,88266,1760592.4394900
1748563200000,0.1755700,0.1769000,0.1529100,0.1547100,49766912,8250680.8669400,139046,4005720.8327100
1748649600000,0.1547300,0.1648600,0.1505600,0.1631600,15411477,2435780.0180900,61968,1231240.6283800
1748736000000,0.1631000,0.1656500,0.1572800,0.1651100,9014732,1458767.2659400,57592,660292.6457600
1748822400000,0.1651600,0.1699400,0.1589000,0.1685300,8868209,1449566.5536100,52153,755791.2754800
1748908800000,0.1685100,0.1771300,0.1668000,0.1679600,30024694,5157187.2388200,93388,2507851.7279100
1748995200000,0.1679700,0.1712300,0.1594300,0.1605100,11325974,1878622.3443900,55980,904702.4606400
1749081600000,0.1605100,0.1665200,0.1457100,0.1499300,18605969,2917064.1435800,69488,1405525.4244000
1749168000000,0.1499300,0.1604300,0.1493500,0.1533600,13132104,2022799.5114900,57171,1011513.5184200
1749254400000,0.1533500,0.1620400,0.1523400,0.1600200,9756262,1551863.2816900,41532,759651.1308200
1749340800000,0.1600200,0.1622000,0.1537000,0.1586600,11254629,1777520.6849700,43684,879988.9730100
1749427200000,0.1586600,0.1736000,0.1532300,0.1734400,28827236,4622546.4409500,86972,2274622.8679500
1749513600000,0.1735100,0.1828000,0.1707700,0.1805400,32377786,5722969.0855000,99713,2806723.6159900
1749600000000,0.1805300,0.1816500,0.1676400,0.1697000,16413298,2881455.5787200,61663,1328649.2896900
1749686400000,0.1697300,0.1702600,0.1563300,0.1567100,16046266,2630889.6059700,63236,1313374.0235500
1749772800000,0.1566500,0.1567600,0.1431000,0.1518500,25350980,3757173.1359400,79565,1838282.6199500
1749859200000,0.1519100,0.1534300,0.1481800,0.1528800,10643724,1609777.2358500,41280,769968.7776900
1749945600000,0.1528900,0.1563000,0.1514800,0.1544800,9376945,1443553.5272800,51807,644449.2016300
1750032000000,0.1544800,0.1627200,0.1522100,0.1550400,15958277,2550617.1641700,59203,1215303.0248500
1750118400000,0.1550400,0.1589700,0.1453000,0.1482800,15730808,2405920.8989500,62677,1211206.6877300
1750204800000,0.1482600,0.1571200,0.1482600,0.1547900,39927342,6129508.3188400,100821,2941892.5942300
1750291200000,0.1548100,0.1564900,0.1434300,0.1485500,47075767,6942805.3696000,110873,3526545.0311500
1750377600000,0.1485800,0.1547200,0.1425300,0.1446900,19954480,2964056.9950200,63999,1428487.9978700
1750464000000,0.1447200,0.1471500,0.1296000,0.1348400,15864500,2217444.8411800,56462,1007270.7595500
1750550400000,0.1349300,0.1388700,0.1234900,0.1316000,22205991,2909528.7436600,64515,1443911.5101800
1750636800000,0.1315900,0.1454500,0.1284800,0.1453800,38798547,5191585.1126000,90167,2496319.0425200
1750723200000,0.1453500,0.1503900,0.1420400,0.1468200,26457923,3854437.6716600,80687,1877354.1610900
1750809600000,0.1468200,0.1474000,0.1397700,0.1407400,11684761,1676881.2185800,49980,809090.1553700
1750896000000,0.1407400,0.1462700,0.1352800,0.1367600,20372281,2851413.9076100,66351,1291044.7453100
1750982400000,0.1367600,0.1403900,0.1341800,0.1390200,15359747,2107898.3916300,61596,1087735.3593200
1751068800000,0.1390200,0.1437200,0.1383300,0.1423700,10705518,1505538.8628500,41611,735043.8621500
1751155200000,0.1423400,0.1516900,0.1401700,0.1498100,12123864,1755764.4209400,44034,911711.8725400
1751241600000,0.1498000,0.1506000,0.1408600,0.1414800,15669601,2257944.8506400,57485,1046079.0168800
1751328000000,0.1415100,0.1423200,0.1345900,0.1360600,13134457,1802872.5277100,51203,901536.1883200
1751414400000,0.1360700,0.1527700,0.1352000,0.1509000,29358997,4252610.1853500,75950,2116652.6442900
1751500800000,0.1509100,0.1525900,0.1465900,0.1492500,17145517,2569361.4647800,52715,1344748.5600800
1751587200000,0.1492500,0.1508400,0.1395000,0.1417400,13038171,1884053.4741400,51543,920832.5619500
1751673600000,0.1418000,0.1452200,0.1386700,0.1415400,8113947,1153206.0841200,34505,567271.4810000
1751760000000,0.1415900,0.1468000,0.1398500,0.1444800,7790970,1117196.9321900,35792,571535.0202700
1751846400000,0.1445200,0.1474000,0.1401200,0.1426400,11132320,1602050.2186100,45751,799186.3708800
1751932800000,0.1426400,0.1460200,0.1395800,0.1442400,9818509,1400773.0383900,42860,724633.7243300
1752019200000,0.1442400,0.1516900,0.1426600,0.1511200,19357194,2820486.2316000,58893,1423734.5398000
1752105600000,0.1511200,0.1577600,0.1324400,0.1558900,125456716,17771944.9283300,224174,9074649.8371700
1752192000000,0.1558900,0.1834200,0.1527000,0.1631300,81090957,13667911.9887000,217848,6602898.8539700
1752278400000,0.1631900,0.1701500,0.1582000,0.1633200,38384512,6331220.4642700,150612,2998561.3746700
1752364800000,0.1633500,0.1747400,0.1631000,0.1692800,24812910,4187637.5413500,81411,2094306.3778400
1752451200000,0.1692800,0.1782400,0.1654800,0.1671000,24520727,4204384.2853200,88543,1951050.0022600
1752537600000,0.1671000,0.1762500,0.1599900,0.1755500,18835176,3144478.7531600,63427,1516648.9909000
1752624000000,0.1755600,0.1788400,0.1708700,0.1731400,19745166,3443591.7087500,63400,1523674.9976500
1752710400000,0.1732200,0.1789700,0.1666100,0.1771300,22878289,3958850.7551400,73378,1969987.4840000
1752796800000,0.1770400,0.1866900,0.1702500,0.1747500,36352842,6535525.3322900,93369,3174710.7412800
1752883200000,0.1747700,0.1825700,0.1702000,0.1801800,15593404,2765989.5741100,59257,1326409.9126900
1752969600000,0.1801100,0.1914200,0.1780600,0.1862400,23654794,4366139.2773500,79818,2069043.2241600
1753056000000,0.1862900,0.1984600,0.1824000,0.1910100,19069029,3637762.9886800,62123,1746699.4932200
1753142400000,0.1910700,0.1957000,0.1825500,0.1954300,26703247,5056956.8154100,86342,2423478.9372600
1753228800000,0.1955500,0.1960500,0.1697300,0.1743300,22332268,4059156.6463600,78508,1916780.3481400
1753315200000,0.1744200,0.1785300,0.1633900,0.1711400,21853949,3762613.6187400,80099,1849231.0753900
1753401600000,0.1710800,0.1752800,0.1646800,0.1751200,14379677,2443452.1318100,52414,1203059.2665800
1753488000000,0.1751300,0.1815700,0.1735800,0.1777700,13668298,2420180.8002200,46021,1297959.2786000
1753574400000,0.1777200,0.1901100,0.1763000,0.1844800,62733644,11570460.2822600,131392,5808987.6927900
1753660800000,0.1844800,0.1893400,0.1704900,0.1722100,36012333,6549551.8391700,87199,3044236.9530100
1753747200000,0.1721900,0.1778300,0.1654400,0.1690400,27012099,4615958.2852700,83639,2099885.3167300
1753833600000,0.1690200,0.1694900,0.1508500,0.1601900,48190765,7615090.3438000,136397,3658961.5122700
1753920000000,0.1601400,0.1638200,0.1492500,0.1501900,17565915,2756587.0633200,53819,1340133.9548000
1754006400000,0.1501900,0.1513900,0.1419100,0.1461100,23357983,3457832.3613000,64595,1677717.9324000
1754092800000,0.1461400,0.1492800,0.1416800,0.1437200,12700487,1847336.3599700,42338,902184.4381100
1754179200000,0.1437800,0.1492600,0.1419200,0.1484300,9223249,1356404.7615800,31673,746280.8737500
1754265600000,0.1484200,0.1610400,0.1482300,0.1599300,19943634,3103304.8953000,54779,1656575.1638000
1754352000000,0.1600400,0.1652700,0.1490000,0.1522900,40553209,6417662.7128000,83530,2887758.0231900
1754438400000,0.1522900,0.1564100,0.1499100,0.1547400,11812827,1814677.9560600,44516,899934.7089200
1754524800000,0.1546800,0.1622500,0.1505100,0.1618200,15317547,2387474.8743400,51127,1183567.1340700
1754611200000,0.1618300,0.1636900,0.1544000,0.1603600,21411808,3402674.1373300,68839,1708705.2223700
1754697600000,0.1603800,0.1723800,0.1599000,0.1683700,17821314,2967257.7834900,67937,1484830.5574300
1754784000000,0.1684200,0.1723600,0.1601000,0.1668600,20267514,3361560.8536000,65373,1615975.8223000
1754870400000,0.1668600,0.1723400,0.1548700,0.1557900,28325681,4660946.9424300,78513,2245009.9480800
1754956800000,0.1557700,0.1674200,0.1542400,0.1661600,21063202,3390014.6098400,61351,1664092.3746400
1755043200000,0.1661500,0.1746600,0.1630500,0.1730200,20732320,3505483.7146000,64178,1737974.8245300
1755129600000,0.1730900,0.1773700,0.1520400,0.1554700,38400024,6290094.9176100,95161,3017064.4460000
1755216000000,0.1554700,0.1640000,0.1503400,0.1551400,25352661,3988492.0466800,81616,1933675.1478600
1755302400000,0.1551300,0.1641000,0.1550800,0.1615500,15331554,2447530.1765800,110037,1161681.4866800
1755388800000,0.1615600,0.1687300,0.1602100,0.1631000,16436983,2702425.5610200,81133,1209375.8380700
1755475200000,0.1631000,0.1631000,0.1525600,0.1572100,15415672,2417506.6125200,59724,1097735.6049200
1755561600000,0.1572100,0.1616600,0.1500000,0.1511200,15211676,2364444.1842600,54784,1131849.9027700
1755648000000,0.1511600,0.1582100,0.1505700,0.1563800,16277537,2521843.6049200,60717,1246251.4900700
1755734400000,0.1564000,0.1574100,0.1479400,0.1506000,13998922,2125834.7261700,53802,1119752.3628300
1755820800000,0.1506200,0.1685800,0.1441900,0.1666900,27398059,4274512.6118500,79480,2072176.3264500
1755907200000,0.1667000,0.1672500,0.1405000,0.1622500,87355726,14228362.5202600,99533,5879991.6323700
1755993600000,0.1622700,0.1669800,0.1553100,0.1598600,29098695,4662673.3318000,94696,2226761.8635300
1756080000000,0.1598700,0.1626400,0.1412200,0.1439200,30934960,4664017.5410900,96313,2217084.7566200
1756166400000,0.1439200,0.1549000,0.1421400,0.1541900,28325145,4262378.3264400,104962,2243102.2185200
1756252800000,0.1542200,0.1623200,0.1529200,0.1599700,24968941,3932617.7278600,101985,1940132.0551600
1756339200000,0.1599900,0.1673900,0.1584400,0.1633900,24012058,3905976.1891900,95454,1818031.6325600
1756425600000,0.1633800,0.1636600,0.1490300,0.1529800,18944853,2937779.5955400,60881,1413928.8614700
1756512000000,0.1530300,0.1842100,0.1496800,0.1813200,146396589,25060689.6835500,270257,12765194.5752000
1756598400000,0.1813100,0.1865800,0.1700000,0.1857100,180696873,32114323.5796400,384832,15612174.8398200
1756684800000,0.1856900,0.1924800,0.1581800,0.1635800,173009921,31154562.7494200,524230,15021817.3436700
1756771200000,0.1636100,0.1683600,0.1610000,0.1632500,50022949,8245180.1637700,185566,4197013.6083500
1756857600000,0.1632400,0.1699200,0.1613000,0.1680600,29858488,4959617.6314600,133269,2540871.3879100
1756944000000,0.1680100,0.1680100,0.1537500,0.1563700,34349611,5434806.0355400,117227,2607758.9356800
1757030400000,0.1563800,0.1628400,0.1552700,0.1601700,19953007,3175304.0909600,72662,1530041.7622300
1757116800000,0.1602200,0.1643800,0.1570000,0.1587200,13162753,2108659.2011600,54000,993744.2748000
1757203200000,0.1587200,0.1614000,0.1547000,0.1570700,16361365,2596232.0291000,77038,1241475.2961600
1757289600000,0.1570800,0.1639000,0.1557000,0.1632700,15495408,2483749.7441400,59902,1269273.2753500
1757376000000,0.1632100,0.1667700,0.1578200,0.1603700,22980460,3735043.4689100,80204,1893447.8518600
1757462400000,0.1604000,0.1732900,0.1586800,0.1719900,49850854,8345350.3005800,102953,3967014.8671900
1757548800000,0.1719400,0.1737300,0.1641000,0.1674600,39328761,6642365.6879100,86485,3118530.8996500
1757635200000,0.1674400,0.1700300,0.1624400,0.1698400,15842572,2646566.4728900,62286,1239618.4328200
1757721600000,0.1698700,0.1809300,0.1684900,0.1755300,35551657,6235467.6055400,114820,3123278.2140200
1757808000000,0.1755300,0.1755600,0.1670000,0.1702600,18672033,3204109.1753900,66063,1424876.9279900
1757894400000,0.1702500,0.1740500,0.1583500,0.1662000,27509130,4560445.3458800,96314,2203214.4556600
1757980800000,0.1662000,0.1838600,0.1633900,0.1770100,121693116,21645420.9161300,231161,10773628.6226700
1758067200000,0.1770600,0.1917800,0.1708300,0.1896000,54927662,9766843.7385800,157737,4796226.1722200
1758153600000,0.1896000,0.2200000,0.1858000,0.2082800,110892164,22591787.3902400,382703,11052086.3862600
1758240000000,0.2082800,0.2107400,0.1880900,0.1900200,53287935,10711022.6537200,214612,5073109.0143500
1758326400000,0.1900200,0.1998600,0.1892500,0.1945900,31788171,6169323.3816200,140878,3181487.9777500
1758412800000,0.1945900,0.1948900,0.1853400,0.1855200,23073732,4374054.7980400,110591,2081483.7488200
1758499200000,0.1854400,0.1862900,0.1607200,0.1802800,56749140,9760292.6671600,178004,4716583.2393200
1758585600000,0.1803700,0.1938500,0.1717200,0.1762000,172712990,31748243.7687900,408219,15574599.7411800
1758672000000,0.1761400,0.1842000,0.1711000,0.1740400,47194796,8422127.4473200,125715,4009432.0908400
1758758400000,0.1740700,0.1747800,0.1512600,0.1536500,58723679,9457262.9076100,207627,4300785.3537800
1758844800000,0.1536800,0.1672000,0.1496800,0.1611100,43950949,6978163.9505700,141469,3548227.6148900
1758931200000,0.1611200,0.1693700,0.1594700,0.1672700,48211145,7995797.1148100,136485,3985064.9172800
1759017600000,0.1672700,0.1674200,0.1576000,0.1649100,24263812,3921933.3712100,100799,1831230.3320700
1759104000000,0.1649400,0.1675900,0.1557600,0.1613500,25447212,4111415.7610600,97295,2067998.5782700
1759190400000,0.1614300,0.1627400,0.1500800,0.1552400,18056467,2811017.4640400,67561,1277407.2214300
1759276800000,0.1552000,0.1691000,0.1525300,0.1649300,21247352,3448394.9305600,72487,1693419.6597100
1759363200000,0.1650000,0.1721900,0.1624100,0.1682000,20554085,3452208.8653800,48283,1545192.6850000
1759449600000,0.1681900,0.1736900,0.1643600,0.1701500,13989193,2352560.5137900,48924,1149894.9080100
1759536000000,0.1700800,0.1705300,0.1570000,0.1623200,15313701,2483986.6776700,46816,1148679.4121200
1759622400000,0.1623100,0.1707100,0.1577800,0.1599900,16302487,2682498.6803300,50156,1273089.7390200
1759708800000,0.1600400,0.1703900,0.1584400,0.1677600,15147558,2502486.8459400,44881,1202771.6762400
1759795200000,0.1677600,0.1688700,0.1549500,0.1554900,15657517,2526508.3273800,47837,1230581.6388600
1759881600000,0.1555400,0.1628300,0.1535000,0.1605500,14234401,2249260.3079700,46821,1131944.9992900
1759968000000,0.1606000,0.1608000,0.1483500,0.1532900,17226006,2638117.5619600,54537,1232238.7136400
1760054400000,0.1533100,0.1577000,0.0578900,0.1119200,82244973,9476050.1100800,149923,4455703.4768200
1760140800000,0.1119100,0.1173200,0.1044600,0.1088700,41094561,4618530.5924800,114113,2294726.2021900
1760227200000,0.1088800,0.1248300,0.1065500,0.1227400,27920042,3272977.1134800,59102,1667643.4973800
1760313600000,0.1227000,0.1333500,0.1204100,0.1322100,36938273,4658513.1022100,64967,2229854.7023800
1760400000000,0.1322500,0.1327800,0.1181700,0.1272700,28929125,3599124.1459800,57575,1694250.6550900
1760486400000,0.1272800,0.1304000,0.1193700,0.1217600,22727669,2844708.1870200,48747,1323317.7650000
1760572800000,0.1217600,0.1268200,0.1164900,0.1184400,22187270,2706425.4844400,50369,1339071.8906900
1760659200000,0.1184000,0.1200100,0.1075900,0.1131200,25584571,2875130.5764500,49436,1401040.7326200
1760745600000,0.1130900,0.1171800,0.1117700,0.1135500,12808889,1465892.5677700,33505,855131.9590100
1760832000000,0.1135700,0.1197000,0.1118400,0.1171800,11973447,1384294.5707100,32556,711975.2651500
1760918400000,0.1171300,0.1213100,0.1143400,0.1181600,12298149,1457713.5034300,31791,692566.2933200
1761004800000,0.1180400,0.1221400,0.1123100,0.1127200,16633455,1937203.0403900,39900,971286.6453700
1761091200000,0.1128700,0.1150500,0.1062100,0.1108000,19077351,2131014.3310500,40449,1081046.9696800
1761177600000,0.1108100,0.1165500,0.1102300,0.1143400,19075671,2179313.0911000,37531,1053238.3751300
1761264000000,0.1143900,0.1176100,0.1122000,0.1156300,14870723,1706106.3891000,35485,740621.4376400
1761350400000,0.1156100,0.1176100,0.1135200,0.1165800,7912128,914504.5195300,28463,464557.9760300
1761436800000,0.1166100,0.1215300,0.1148000,0.1206000,10279739,1217962.9437800,29871,624776.6482700
1761523200000,0.1206900,0.1230400,0.1163800,0.1173500,12813897,1531683.5752300,32206,731703.3043500
1761609600000,0.1173800,0.1206900,0.1117600,0.1145800,18961641,2219474.6862500,36928,1100321.2375000
1761696000000,0.1145400,0.1191000,0.1123200,0.1160800,13579912,1582456.7456100,34951,789061.8209000
1761782400000,0.1160300,0.1175100,0.1026400,0.1068900,27576412,3047102.6677700,58852,1515075.7362100
1761868800000,0.1069000,0.1115200,0.1066300,0.1095900,11766112,1283439.0401300,32780,651628.2271200
1761955200000,0.1096400,0.1146500,0.1088800,0.1137500,9774405,1095551.3856100,31835,571929.2725100
1762041600000,0.1137600,0.1156800,0.1092900,0.1134700,14459838,1631166.8909300,41893,777788.1558400
1762128000000,0.1134300,0.1136100,0.0926400,0.0978100,34780607,3538174.9545900,68992,1734432.4562500
1762214400000,0.0978300,0.1001800,0.0871700,0.0936400,30580622,2873544.5460400,50378,1370760.8471100
1762300800000,0.0936600,0.0987200,0.0891700,0.0980100,13260731,1267124.7216700,35007,654964.8485700
1762387200000,0.0979800,0.0995100,0.0932900,0.0970400,10059309,974681.5613800,28145,464217.0912900
1762473600000,0.0970100,0.1109500,0.0954800,0.1079400,21354921,2199297.8131000,52412,1168273.4225200
1762560000000,0.1079400,0.1193900,0.1024000,0.1137500,38044513,4206544.9309900,96898,2034296.6276900
1762646400000,0.1137200,0.1137900,0.1014000,0.1087200,24142292,2572541.5751900,51057,1189574.7924100
1762732800000,0.1086700,0.1132000,0.1070900,0.1106700,16798761,1849622.2076000,51849,886714.2304300
1762819200000,0.1106800,0.1127200,0.1031800,0.1038300,20865171,2247714.1837900,109545,1115294.2257100
1762905600000,0.1038600,0.1088000,0.0975000,0.0982600,22821433,2356481.8028500,58931,1224194.6778200
1762992000000,0.0982600,0.1029700,0.0904000,0.0930700,40390131,3867368.4300500,106361,1898665.8774700
1763078400000,0.0930800,0.0941700,0.0821300,0.0839300,49424620,4377086.4862100,63734,2204918.9258600
1763164800000,0.0839300,0.0870000,0.0827300,0.0838300,14520310,1227429.5992000,32899,590887.2537000
1763251200000,0.0838100,0.0862800,0.0803200,0.0828400,14105435,1174382.3385500,31420,543137.8693300
1763337600000,0.0828400,0.0864100,0.0789200,0.0804800,19921821,1642675.7761600,34651,839032.5386600
1763424000000,0.0805200,0.0836300,0.0782400,0.0790000,95860094,7754196.8050600,59356,3942942.6534600
1763510400000,0.0790000,0.0855400,0.0744400,0.0794100,38924863,3103663.0736700,61622,1497104.7883800
1763596800000,0.0794100,0.0853500,0.0762700,0.0782000,22662102,1831433.6367000,41585,885841.3495000
1763683200000,0.0781700,0.0809800,0.0676800,0.0731200,29172449,2168344.6083400,81140,1074706.3181100
1763769600000,0.0731200,0.0759800,0.0715100,0.0747000,13262436,973323.0602800,28627,481211.8584800
1763856000000,0.0746900,0.0760400,0.0736200,0.0738500,13024186,973326.7174300,24259,460675.1039700
1763942400000,0.0738900,0.0801500,0.0731500,0.0786300,15791690,1202630.0663000,28409,536373.8606500
1764028800000,0.0786300,0.0796000,0.0762000,0.0788200,12259460,959505.7396500,23114,455061.7480400
1764115200000,0.0788500,0.0804200,0.0767300,0.0802500,9562609,751328.6936400,20892,358971.2270800
1764201600000,0.0802300,0.0830100,0.0799200,0.0808300,15742412,1283169.5681300,30717,566577.6559000
1764288000000,0.0808300,0.0819000,0.0784400,0.0796400,9745926,782086.0945000,21978,380280.7121600
1764374400000,0.0796500,0.0800800,0.0763300,0.0768500,6489759,508176.9961200,19165,242364.5283100
1764460800000,0.0768300,0.0785200,0.0756500,0.0758300,11365213,877811.5203400,19142,420338.9747400
1764547200000,0.0758600,0.0760800,0.0674600,0.0696100,26148060,1824270.4084400,40340,915997.6965000
1764633600000,0.0696000,0.0742000,0.0683800,0.0725000,10687167,759096.1393700,22314,346023.1607100
1764720000000,0.0725200,0.0763900,0.0713900,0.0756600,11211732,827698.2495100,25883,397225.6051700
1764806400000,0.0756600,0.0763400,0.0735700,0.0747000,10168877,763267.5865600,23006,354449.6221000
1764892800000,0.0746700,0.0752900,0.0684800,0.0691300,13509018,969568.5005700,32039,467477.5934000
1764979200000,0.0691000,0.0722400,0.0685100,0.0717800,10530070,739611.5488500,23014,367987.7952600
1765065600000,0.0717800,0.0726900,0.0681000,0.0702500,8287393,587249.1939700,21965,298420.9069000
1765152000000,0.0702200,0.0739500,0.0696400,0.0722000,11678788,843888.8284800,27279,424004.6584100
1765238400000,0.0722000,0.0778500,0.0704700,0.0755400,14516789,1077473.1736800,31023,521508.7475100
1765324800000,0.0755300,0.0765800,0.0724600,0.0725500,10219356,757880.8639500,22623,356079.8787100
1765411200000,0.0725600,0.0726100,0.0678600,0.0708000,14763862,1023121.8757800,31088,522274.3902800
1765497600000,0.0708200,0.0718000,0.0670600,0.0698600,10877416,759601.4042000,22627,346932.3346300
1765584000000,0.0699100,0.0712500,0.0695500,0.0704500,7383813,519690.8100900,16875,278621.6249200
1765670400000,0.0704400,0.0706500,0.0650100,0.0658200,11994959,814287.6433100,22883,476923.0269200
1765756800000,0.0658400,0.0687900,0.0612700,0.0621600,27082684,1783175.3711800,41838,769304.6609500
1765843200000,0.0621500,0.0643800,0.0600800,0.0641700,23578908,1457015.4051200,32145,863918.5878500
1765929600000,0.0642000,0.0645400,0.0592500,0.0597000,13347413,831468.4429600,25036,409399.6470900
1766016000000,0.0597200,0.0606800,0.0547100,0.0554000,18452933,1067947.0856300,30008,486556.5793900
1766102400000,0.0554100,0.0604100,0.0543900,0.0597600,9215590,531827.3614900,18082,258048.0620300
1766188800000,0.0597500,0.0608100,0.0594700,0.0600700,6143325,368512.6385900,13163,174835.7121400
1766275200000,0.0600600,0.0602600,0.0566100,0.0577000,9453342,552598.7820500,18537,245731.6680800
1766361600000,0.0577100,0.0598700,0.0573000,0.0587800,10760293,632177.7493100,18999,329133.4091500
1766448000000,0.0587800,0.0593600,0.0567500,0.0589000,11381941,662412.9122400,22060,331606.4721300
1766534400000,0.0589000,0.0590800,0.0564200,0.0585200,10528606,608046.0163500,24060,307136.1707500
1766620800000,0.0585200,0.0641900,0.0583700,0.0599000,34758006,2146425.9995000,49363,1074500.0247300
1766707200000,0.0599600,0.0631400,0.0595700,0.0607400,16222370,997429.2574500,27294,493624.1630000
1766793600000,0.0607300,0.0656400,0.0591700,0.0646100,21461571,1330106.3024300,37084,739461.1788100
1766880000000,0.0646200,0.0660800,0.0623900,0.0634500,21876598,1416594.6562800,37132,690726.5800200
1766966400000,0.0634700,0.0653700,0.0617800,0.0619100,8758211,555744.6621300,24277,286836.0191200
1767052800000,0.0618800,0.0621800,0.0600400,0.0604100,10377909,631860.7337500,24683,356266.2712800
1767139200000,0.0604200,0.0619700,0.0588200,0.0602500,17871175,1076057.8763400,34568,501284.0018300
1767225600000,0.0602400,0.0668000,0.0593800,0.0662900,20622170,1305456.9844000,37555,653832.8505300
1767312000000,0.0663000,0.0693100,0.0645900,0.0670200,24522129,1632387.0890800,41688,759908.8937200
1767398400000,0.0670400,0.0678800,0.0651200,0.0666400,7813207,519656.3497800,18435,271915.8052000
1767484800000,0.0666700,0.0798300,0.0666000,0.0722300,242852883,17761327.1006200,296343,8334419.8540600
1767571200000,0.0722300,0.0733400,0.0700000,0.0717000,53681813,3850734.5930900,80730,1561568.6944800
1767657600000,0.0717000,0.0731000,0.0669000,0.0719000,34995346,2476908.0119200,69302,1056872.1168300
1767744000000,0.0719300,0.0720400,0.0674200,0.0681400,15575205,1083874.2303000,31499,511854.4422300
1767830400000,0.0681800,0.0691300,0.0635400,0.0665700,22464731,1483388.2131700,44896,687766.6969200
1767916800000,0.0665600,0.0677700,0.0649300,0.0659700,13681861,905634.4595000,24571,383664.3092200
1768003200000,0.0659600,0.0664600,0.0650000,0.0654000,6210467,408308.9200500,19612,212314.2791400
1768089600000,0.0654300,0.0661800,0.0626800,0.0637500,9751191,633718.1598200,20612,297511.6040800
1768176000000,0.0637700,0.0653800,0.0613100,0.0619500,12408085,782102.3875600,25932,388055.4701500
1768262400000,0.0619400,0.0679100,0.0618200,0.0668500,15940540,1030878.4155800,30108,536337.9763900
1768348800000,0.0668600,0.0680600,0.0658000,0.0664700,11537845,772275.0786300,25891,369861.3647100
1768435200000,0.0664500,0.0664900,0.0607600,0.0620300,20414241,1298261.9813100,34059,580474.0473800
1768521600000,0.0620800,0.0640100,0.0612900,0.0637000,11694312,733938.1423600,24255,405499.9033600
1768608000000,0.0637100,0.0652900,0.0632900,0.0640700,6836179,438843.2212000,18129,216563.9560000
1768694400000,0.0640700,0.0647500,0.0605600,0.0606300,9099789,574882.1954600,20165,280568.0308400
1768780800000,0.0606400,0.0608900,0.0543300,0.0606300,18676827,1093606.6322200,53779,514081.0194400
1768867200000,0.0606600,0.0630000,0.0554100,0.0570100,22879727,1371096.6137700,38312,660338.5409100
1768953600000,0.0569700,0.0599800,0.0569100,0.0585000,12603459,736161.4443200,25099,383407.5296400
1769040000000,0.0585200,0.0597300,0.0567500,0.0573400,8183815,477337.7467400,17398,246928.1515400
1769126400000,0.0573700,0.0584800,0.0558300,0.0571800,11503539,656947.5295900,23229,333393.6746700
1769212800000,0.0571700,0.0579600,0.0562100,0.0564500,6333346,361767.7231200,14837,164667.5318800
1769299200000,0.0564500,0.0566600,0.0515900,0.0532000,17958745,977267.8679100,28597,453030.7526800
1769385600000,0.0532000,0.0555900,0.0528700,0.0542000,12087731,655049.4963200,19900,383506.9492600
1769472000000,0.0542200,0.0547200,0.0524800,0.0542600,9869262,529315.9133500,18242,264819.7377200
1769558400000,0.0542600,0.0545100,0.0513600,0.0518200,27391059,1437093.7043200,33940,733665.4771700
1769644800000,0.0518200,0.0524500,0.0476700,0.0492400,26160787,1316257.4269100,32771,611658.5032500
1769731200000,0.0492100,0.0494200,0.0465500,0.0478800,16428959,785496.2238700,29330,394615.8226500
1769817600000,0.0478600,0.0481000,0.0393900,0.0444500,29311122,1299539.2406200,44396,675381.9095100
1769904000000,0.0444300,0.0453000,0.0417600,0.0424700,15492137,680015.0004800,27356,355760.1527200
1769990400000,0.0424900,0.0442300,0.0410900,0.0436600,15239925,652860.4341400,27759,326675.3262100
1770076800000,0.0436700,0.0448900,0.0409700,0.0427700,17807738,768609.5345900,26709,394534.6277100
1770163200000,0.0427500,0.0437900,0.0411900,0.0422000,16979831,721548.6264100,25461,351497.0810000
1770249600000,0.0422000,0.0425900,0.0353500,0.0354700,30785931,1198979.4054500,40110,559890.2346200
1770336000000,0.0354600,0.0413800,0.0323400,0.0404500,37361901,1395674.2263800,40890,746000.5476800
1770422400000,0.0404200,0.0411400,0.0388600,0.0404100,17524840,703822.5099100,22963,349386.5952300
1770508800000,0.0404200,0.0404700,0.0383700,0.0387700,13720730,539318.7816500,18093,268188.5729500
1770595200000,0.0388000,0.0391400,0.0368800,0.0380800,15695881,597512.8388500,20904,280816.3842600
1770681600000,0.0380900,0.0382200,0.0362200,0.0365400,12968085,478337.1807700,16966,270258.0311100
1770768000000,0.0365500,0.0368700,0.0349400,0.0364600,19036976,681428.6656800,20569,328315.3173600
1770854400000,0.0364600,0.0391300,0.0364300,0.0381100,19679953,742221.4371600,22282,351316.0150400
1770940800000,0.0381100,0.0428000,0.0371400,0.0395200,57079413,2272322.3779400,58852,1104174.8440100
1771027200000,0.0395300,0.0412300,0.0392600,0.0406600,16559080,666905.9444600,21369,323931.8842500
1771113600000,0.0406600,0.0407300,0.0376100,0.0383000,26755726,1046543.5198300,24733,552562.4333400
1771200000000,0.0383100,0.0390800,0.0375500,0.0388600,14170581,542642.8111400,17589,284779.1210500
1771286400000,0.0388600,0.0389500,0.0372600,0.0377600,15422414,585925.9444000,20934,287275.9465400
1771372800000,0.0377500,0.0378100,0.0352200,0.0358000,18178282,670135.5597800,21529,340824.7044800
1771459200000,0.0358200,0.0364500,0.0343700,0.0351700,13638695,481583.5045400,18280,250473.5821200
1771545600000,0.0351800,0.0358300,0.0344000,0.0357600,13286879,469477.1596600,19625,241287.2262600
1771632000000,0.0357600,0.0397900,0.0356500,0.0369500,58252013,2225535.4626400,53398,974557.9959200
1771718400000,0.0369500,0.0369900,0.0354300,0.0360200,15954399,580402.3241900,18892,283965.5717300
1771804800000,0.0360400,0.0361200,0.0333300,0.0339500,27363823,937995.1379400,27614,487308.2008900
1771891200000,0.0339600,0.0345100,0.0332000,0.0343800,14690748,496948.8855000,19448,264757.4850700
1771977600000,0.0343800,0.0409000,0.0343700,0.0389200,39820399,1511726.7488500,44212,677889.0239700
1772064000000,0.0389300,0.0391600,0.0361100,0.0372400,17806967,671019.7729200,25387,331536.9054600
1772150400000,0.0372400,0.0382200,0.0359500,0.0366900,18498094,687773.4776200,20017,361213.1748500
1772236800000,0.0367100,0.0376700,0.0336800,0.0376400,30520848,1073076.8448200,32360,561374.3275100
1772323200000,0.0376300,0.0412000,0.0360900,0.0369800,55516423,2147756.1044900,51597,984818.9445500
1772409600000,0.0370200,0.0445100,0.0368900,0.0397900,76126360,3083460.8772600,59953,1473142.8082100
1772496000000,0.0397900,0.0416500,0.0385100,0.0404500,28379390,1134674.2959800,33766,524046.3252800
1772582400000,0.0404700,0.0419000,0.0394200,0.0402900,24502583,995597.2470100,27338,507191.6006100
1772668800000,0.0403000,0.0403500,0.0382100,0.0388200,16258238,638605.8036400,22181,352962.5962400
1772755200000,0.0388200,0.0391200,0.0370600,0.0372500,13972515,534383.0705900,17391,269093.1914200
1772841600000,0.0372800,0.0374600,0.0358000,0.0361200,12343482,451260.2015100,15534,244079.7246800
1772928000000,0.0361500,0.0374900,0.0357900,0.0363900,19044648,695741.6921700,21226,348814.4180900
1773014400000,0.0363900,0.0384600,0.0362600,0.0374200,11447194,429599.7462500,16296,209267.6562200
1773100800000,0.0374000,0.0415100,0.0372900,0.0412500,26042802,1042571.8224000,34224,483505.9110500
1773187200000,0.0412500,0.0462400,0.0400000,0.0406100,128829898,5546632.8998600,92762,2655663.7678400
1773273600000,0.0406700,0.0420200,0.0400400,0.0413600,24882076,1024166.1420000,32190,541668.7603100
1773360000000,0.0413800,0.0426300,0.0404700,0.0407200,22550993,941117.5724200,26003,417647.4912400
1773446400000,0.0407100,0.0409500,0.0395800,0.0405000,10641123,428779.8553600,16410,237889.7278100
1773532800000,0.0405200,0.0412500,0.0400100,0.0408500,10725246,435034.1766800,14036,207446.2815000
1773619200000,0.0408600,0.0432100,0.0407300,0.0429300,13227367,554824.1664000,16927,282138.9065800
1773705600000,0.0429300,0.0433300,0.0419600,0.0427700,15024575,641276.7715000,16810,314278.1348200
1773792000000,0.0427700,0.0434100,0.0402100,0.0406200,13176285,549415.5501000,17336,263083.8390400
1773878400000,0.0406600,0.0407300,0.0390700,0.0397800,12239301,489163.1287900,15496,220518.6692700
1773964800000,0.0397800,0.0403900,0.0388700,0.0393700,8355047,331521.5592100,12697,161667.8937600
1774051200000,0.0393800,0.0395700,0.0377600,0.0380000,7592039,295771.0890000,12733,142896.7602600
1774137600000,0.0380000,0.0391700,0.0365400,0.0371100,14338463,543154.8918400,19904,256727.6271800
1774224000000,0.0371100,0.0424500,0.0368000,0.0400000,33821190,1365226.6001200,34336,641247.0636500
1774310400000,0.0400100,0.0420000,0.0396300,0.0417900,18038301,733730.3377600,19329,397023.6992900
1774396800000,0.0417900,0.0449400,0.0416200,0.0430900,48627533,2102649.0185600,51052,1073410.1371700
1774483200000,0.0430900,0.0436800,0.0405800,0.0412600,18256111,770306.1816800,18108,376526.3389200
1774569600000,0.0412500,0.0415400,0.0381700,0.0382800,13162023,521356.0994700,18340,258897.1651500
1774656000000,0.0382800,0.0384000,0.0364100,0.0366400,15464941,573340.8325400,17719,270630.0701800
1774742400000,0.0366400,0.0372400,0.0352800,0.0361100,19102065,696068.7371300,22140,356389.7676700
1774828800000,0.0361100,0.0383000,0.0359300,0.0365300,17460548,650533.9071500,18982,336648.9342400
1774915200000,0.0365100,0.0376000,0.0360700,0.0372800,12301668,453734.1277800,14919,220103.4576800
1775001600000,0.0372800,0.0379700,0.0366700,0.0371000,11186010,416821.3316700,15325,213679.0628500
1775088000000,0.0371300,0.0374000,0.0351200,0.0364900,11107555,400977.6494400,19052,188732.9568700
1775174400000,0.0365000,0.0378600,0.0363800,0.0366600,10090342,375466.6856200,15083,192545.3871300
1775260800000,0.0366300,0.0370000,0.0359100,0.0363300,8296105,303333.9482500,11499,132712.6134700
1775347200000,0.0363300,0.0367500,0.0352900,0.0366600,12368959,444262.7722700,14544,231114.3745700
1775433600000,0.0366700,0.0381900,0.0357200,0.0362100,24850266,923828.3652100,30768,460298.3216000
1775520000000,0.0361800,0.0590000,0.0351200,0.0569500,764802429,39097448.8349300,442210,19643740.7433900
1775606400000,0.0570600,0.0774900,0.0504100,0.0515300,5735816902,359188094.3400900,3431912,179974745.0042500
1775692800000,0.0515600,0.0564400,0.0486000,0.0497900,825007167,42736657.3890700,607777,20979533.9232700
1775779200000,0.0498100,0.0509000,0.0464900,0.0492000,216577958,10488514.5441200,206322,4971062.8508700
1775865600000,0.0492100,0.0497600,0.0450700,0.0468800,143389408,6760979.5679400,164600,3145330.4080600
1775952000000,0.0468700,0.0476000,0.0438700,0.0439400,108656190,4938050.1186200,140116,2341898.7935700
1776038400000,0.0439500,0.0456100,0.0431000,0.0445600,62644770,2772487.4680700,75265,1386426.5446600
1776124800000,0.0445700,0.0473500,0.0420100,0.0445300,145142710,6438642.9131800,149084,3171418.4004000
1776211200000,0.0445200,0.0500400,0.0441400,0.0466800,173827119,8230334.9210600,186925,3968432.9552800
1776297600000,0.0466700,0.0473100,0.0451500,0.0471700,65509605,3024325.1248300,63831,1413974.4209000
1776384000000,0.0471900,0.0476300,0.0452600,0.0470900,47892672,2224902.9564300,54654,1001203.6894000
1776470400000,0.0470500,0.0480900,0.0455000,0.0457900,51154944,2393371.1150700,61822,1126934.0341000
1776556800000,0.0457800,0.0509900,0.0453300,0.0463600,163429982,7854795.9413200,162324,3872229.6020100
1776643200000,0.0463600,0.0482500,0.0461200,0.0465700,52995569,2491623.7724200,61693,1232177.8967100
1776729600000,0.0465500,0.0495800,0.0459200,0.0478900,59103928,2834075.8790600,52276,1479892.7677700
1776816000000,0.0479000,0.0504800,0.0479000,0.0482900,58356260,2882011.4351700,54236,1452594.3284500
1776902400000,0.0483300,0.0518500,0.0475200,0.0515900,46935926,2346175.1626600,47212,1188085.4897900
1776988800000,0.0516300,0.0523900,0.0471700,0.0473500,69805156,3448684.8867800,66151,1591970.2356900
1777075200000,0.0473200,0.0478100,0.0454800,0.0470500,27261307,1274710.3242300,36196,638842.7470900
1777161600000,0.0470600,0.0477800,0.0462200,0.0471100,20243594,950255.1092700,28712,488747.4867400
1777248000000,0.0471200,0.0474800,0.0451100,0.0462600,20119212,929669.9247200,25497,460378.4637200
1777334400000,0.0462300,0.0463100,0.0445900,0.0454700,22032863,1002089.0471200,27937,483948.5063800
1777420800000,0.0455300,0.0465600,0.0436800,0.0449300,19298618,872069.1930000,27241,415352.8670200
1777507200000,0.0449100,0.0478300,0.0442300,0.0469500,69468539,3222027.2835900,59206,1632885.5900700
1777593600000,0.0469900,0.0494300,0.0449100,0.0471800,85444552,4061787.0662400,71174,2048682.7079600
1777680000000,0.0472100,0.0483200,0.0468300,0.0478900,14397617,684582.1792800,21582,315284.6342300
1777766400000,0.0478600,0.0479700,0.0466800,0.0473300,10992677,520327.8337400,19906,272994.5041500
1777852800000,0.0473300,0.0491500,0.0468100,0.0475000,21102135,1009826.2011100,25539,482077.2565900
1777939200000,0.0474900,0.0484800,0.0470200,0.0476700,17787492,849803.5349200,22364,395985.8884200
1778025600000,0.0476700,0.0491800,0.0474700,0.0482400,21229786,1026285.0221900,23735,479311.8452700
1778112000000,0.0482400,0.0485500,0.0472100,0.0483300,15663567,750859.0313600,20906,388284.0756900
1778198400000,0.0483600,0.0491000,0.0473500,0.0489000,16210760,782730.3833200,23994,353681.9882800
1778284800000,0.0488900,0.0504000,0.0483300,0.0485200,23859691,1177219.1472100,30385,546010.0985000
1778371200000,0.0485000,0.0521600,0.0479200,0.0505200,39635545,1999119.1911900,47812,975613.0544000
1778457600000,0.0505200,0.0541500,0.0494100,0.0524000,61225157,3184151.4945300,67008,1534877.2185500
1778544000000,0.0523900,0.0529500,0.0483300,0.0493700,39370804,1994946.3244300,44315,914451.5443500
1778630400000,0.0493300,0.0516500,0.0455400,0.0463500,30590010,1488561.6220900,37685,685737.6736000
1778716800000,0.0462900,0.0488400,0.0455900,0.0473500,17500358,824676.0147400,25122,391290.7901600
1778803200000,0.0473500,0.0476800,0.0435100,0.0445800,19548272,885398.1031600,24139,437246.6727200
1778889600000,0.0446000,0.0447500,0.0417800,0.0420100,16828003,722989.7518200,24047,327697.6460700
1778976000000,0.0420000,0.0443400,0.0408000,0.0418200,39379612,1683935.8080200,43950,801139.1754600
1779062400000,0.0418100,0.0418300,0.0403800,0.0414400,23368636,962601.1428800,31005,458171.1461800
1779148800000,0.0414500,0.0461000,0.0409200,0.0434500,70433429,3052788.5393000,74095,1550328.3948200
1779235200000,0.0434300,0.0439700,0.0416800,0.0430800,31229940,1337880.9199700,36035,648268.3743000
1779321600000,0.0430900,0.0444100,0.0428600,0.0438400,21616190,943013.2241100,26400,465855.3934100
1779408000000,0.0438400,0.0446800,0.0414800,0.0418200,16398986,711795.7680200,24154,340640.9472800
1779494400000,0.0418100,0.0441900,0.0408900,0.0433100,21418727,912713.5524200,28068,431489.5225000
1779580800000,0.0433300,0.0434800,0.0410900,0.0417100,12783538,542543.1434700,18894,266212.7912800
1779667200000,0.0417200,0.0432100,0.0415600,0.0421900,13215567,560356.6543600,18144,288449.8962400
1779753600000,0.0422100,0.0425500,0.0404800,0.0407900,14474742,602924.7421300,18300,278571.8136800
1779840000000,0.0408000,0.0418800,0.0374400,0.0380700,30361465,1209040.0474300,29933,570007.8394800
1779926400000,0.0380600,0.0387200,0.0369800,0.0381200,22429108,849940.6625100,27653,404925.7167200
1780012800000,0.0381100,0.0388000,0.0373100,0.0379600,21813921,832416.8463000,25583,408707.2540800
1780099200000,0.0379800,0.0405600,0.0378500,0.0391200,21066358,829864.6923400,26727,402129.9842500
1780185600000,0.0391400,0.0396700,0.0379100,0.0391500,13506612,524225.7669300,19503,247002.9104500
1780272000000,0.0391400,0.0420500,0.0379600,0.0405300,45289036,1826674.6456300,47869,982370.4099100
1780358400000,0.0405300,0.0406600,0.0360300,0.0368500,28532598,1097641.4034100,34643,489619.7732400
1780444800000,0.0368700,0.0387600,0.0362600,0.0368100,20415577,767273.4813700,25043,396355.0852100
1780531200000,0.0368000,0.0371400,0.0330600,0.0346200,31388640,1093104.6765300,36037,591719.1594100
1780617600000,0.0345600,0.0346900,0.0295300,0.0305200,45839384,1453430.8667900,44699,657275.4244100
1780704000000,0.0305500,0.0311600,0.0286500,0.0301400,22210136,667806.0769000,25127,350922.2628700
1780790400000,0.0301400,0.0318900,0.0295900,0.0310600,26716369,819343.2976200,27488,407785.5376400
1780876800000,0.0310800,0.0319100,0.0301800,0.0310800,21715025,674811.4381900,25140,343597.3727700
1780963200000,0.0311100,0.0311200,0.0293800,0.0299800,24143850,732846.6014300,25767,367877.2669200
1781049600000,0.0300000,0.0300900,0.0277500,0.0283100,34538417,1002150.3907400,32457,455623.4117600
1781136000000,0.0283100,0.0304600,0.0282300,0.0299800,23564665,695235.7865700,27929,338734.8243300
1781222400000,0.0299600,0.0320100,0.0293300,0.0307800,34678332,1066379.3538800,32199,547617.6208400
1781308800000,0.0307800,0.0317500,0.0306300,0.0309100,28592643,887292.8500800,25238,451532.1325100
1781395200000,0.0308800,0.0319600,0.0303200,0.0318700,22995033,711850.6501200,24650,336566.9694900
1781481600000,0.0319000,0.0334300,0.0318000,0.0320700,24292207,790016.4088400,25026,398717.9848000
1781568000000,0.0321000,0.0326000,0.0311500,0.0317200,15948043,509400.1092400,18721,257494.4671500
1781654400000,0.0317400,0.0325000,0.0308100,0.0314300,25865917,817423.8928600,28107,404230.8170300
1781740800000,0.0314400,0.0316800,0.0291600,0.0299900,19303466,585616.9523300,22475,280240.8049100
1781827200000,0.0299700,0.0301300,0.0290400,0.0295100,14618383,431510.2376000,17163,211919.5852400
1781913600000,0.0295100,0.0326400,0.0292600,0.0321300,34386734,1063923.0794000,31548,539959.0921700
1782000000000,0.0321400,0.0329100,0.0310600,0.0311500,30751699,986469.2695400,26811,482761.5191500
1782086400000,0.0311500,0.0325300,0.0306500,0.0308000,15765983,500758.8184800,19928,247084.2352000
1782172800000,0.0308100,0.0314300,0.0292200,0.0300000,22646994,686031.5210500,21516,312806.0964900
1782259200000,0.0299800,0.0301200,0.0275700,0.0293100,19779726,573436.5049500,21193,278036.5651300
1782345600000,0.0293500,0.0297600,0.0268600,0.0282100,22298733,632619.8788000,22444,318340.6151900
1782432000000,0.0282100,0.0305800,0.0271700,0.0297300,28745610,833802.2956900,25796,447084.3156800
1782518400000,0.0297500,0.0298700,0.0283400,0.0284600,12539657,366360.6796600,14208,183210.0110200
1782604800000,0.0284500,0.0291300,0.0276900,0.0283500,12826661,365430.0122900,16190,179860.2632300
1782691200000,0.0283500,0.0293000,0.0280100,0.0285900,15140909,433044.8341000,15712,205012.1969400
1782777600000,0.0285800,0.0286400,0.0271800,0.0276800,15988760,445995.6274300,16034,212786.2737600
1782864000000,0.0276600,0.0304300,0.0269400,0.0293600,34135716,992521.5677200,27058,485087.8218100
1782950400000,0.0293800,0.0299900,0.0290400,0.0294900,17201726,507134.7134600,16875,258462.9471100
1783036800000,0.0294600,0.0309300,0.0292600,0.0304800,18818539,562268.0945500,14823,239347.7899700
1783123200000,0.0304500,0.0311100,0.0298900,0.0301400,16879052,513099.3064900,14842,251454.0809400
1783209600000,0.0301400,0.0302300,0.0294300,0.0300000,15005768,447049.8202000,12136,208168.2777700
1783296000000,0.0300200,0.0305200,0.0285700,0.0299200,22788455,672624.6021700,16450,309907.8081700
1783382400000,0.0299200,0.0300700,0.0283500,0.0286400,17124981,501070.2692000,14029,232596.9845300
1783468800000,0.0286600,0.0288800,0.0277000,0.0282200,18593089,522020.8018800,14242,258584.9846600
1783555200000,0.0282000,0.0287500,0.0279500,0.0283400,13333941,378845.9770200,11784,189537.9439300
1783641600000,0.0283400,0.0288700,0.0281300,0.0286000,13182004,376672.3018400,12069,177481.9055200
1783728000000,0.0285900,0.0291400,0.0281900,0.0281900,12101371,348453.2979200,11607,175303.1803700
1783814400000,0.0282100,0.0283400,0.0275900,0.0277700,15047254,421606.3414400,13508,159359.7713400
1783900800000,0.0277800,0.0282600,0.0266400,0.0269900,22612014,617032.1327600,15243,275837.2694700
1783987200000,0.0270100,0.0285600,0.0268000,0.0278400,18060349,499577.6551500,14675,273726.1778000
1784073600000,0.0278300,0.0283300,0.0274100,0.0279300,16444429,457957.1862800,14581,224927.2649600
1784160000000,0.0279100,0.0281200,0.0271400,0.0272800,13150730,363307.5031000,10270,170972.3705800
1784246400000,0.0272700,0.0275100,0.0266200,0.0271600,13515053,366194.4487000,13775,170371.2891600
1784332800000,0.0271600,0.0272100,0.0264900,0.0270100,11501689,308159.0619500,10760,132212.2227800
1784419200000,0.0270200,0.0274100,0.0266300,0.0267800,15110621,408145.3313100,11785,202205.7366000
1784505600000,0.0267700,0.0274700,0.0263600,0.0269700,17547584,472243.1923300,14260,228290.1985000
1784592000000,0.0269700,0.0279700,0.0269100,0.0276200,15550623,427452.6667900,13860,228359.9853500
1784678400000,0.0276000,0.0292700,0.0272400,0.0281400,30614129,865438.5294500,21357,431624.7299400
1784764800000,0.0281400,0.0283700,0.0270800,0.0272500,14909665,413431.3586900,13065,212654.7375400
1784851200000,0.0272300,0.0277500,0.0267000,0.0269200,14874670,404082.8252900,13773,201109.6508000
1784937600000,0.0269100,0.0296200,0.0265900,0.0286400,62804441,1783814.7427100,41945,874857.5313100
1785024000000,0.0286500,0.0295800,0.0277500,0.0282100,38535357,1099952.4532700,29129,536031.7461200
1785110400000,0.0282300,0.0282600,0.0254700,0.0257700,27475938,740974.2262100,20261,334425.8933500
1785196800000,0.0257900,0.0257900,0.0245600,0.0249300,28651897,719136.5579700,21967,361687.7077900
1785283200000,0.0249400,0.0251300,0.0229000,0.0232200,29010168,694917.9016700,19428,310630.5412100
1785369600000,0.0232200,0.0238900,0.0230900,0.0232200,24213034,569069.9831100,21605,293843.3675500
1785456000000,0.0232200,0.0251500,0.0230500,0.0236000,52580319,1270315.5041300,33280,598512.9337700
1785542400000,0.0236100,0.0244900,0.0235500,0.0237500,31077161,743841.5652200,24782,381771.7462900
1785628800000,0.0237600,0.0245600,0.0237200,0.0243000,21362803,515721.1137000,15343,274472.6236600
1785715200000,0.0243000,0.0245400,0.0236100,0.0241600,21240968,510785.0039400,16893,243702.1023900
1785801600000,0.0241700,0.0248500,0.0240000,0.0240600,22219847,540388.1749000,14455,258118.4647100
1785888000000,0.0240700,0.0255100,0.0239700,0.0246600,32082521,798526.9626200,20257,398096.8680600
1785974400000,0.0246700,0.0258800,0.0245300,0.0251500,27202468,685992.8031900,18952,329632.5270600
1786060800000,0.0251400,0.0258500,0.0249000,0.0250400,22830926,577702.1440900,15513,289934.7285700
1786147200000,0.0250500,0.0264900,0.0248100,0.0261000,29775310,763619.2727600,21289,387444.8601800
1786233600000,0.0261000,0.0359600,0.0259400,0.0297100,711899186,22759469.1911000,348835,11027353.5563200
1786320000000,0.0297100,0.0302300,0.0270800,0.0285300,140405944,3971093.0415100,87716,1778922.5140500
1786406400000,0.0285300,0.0294300,0.0262100,0.0278400,65519088,1796089.2371600,44148,806815.2165000
1786492800000,0.0278200,0.0285700,0.0267700,0.0271900,35713933,980563.9041800,31365,475964.5558300
1786579200000,0.0271800,0.0279000,0.0268800,0.0276400,19910051,544936.8216000,20206,278434.2247700
1786665600000,0.0276400,0.0285500,0.0273000,0.0278400,35629670,993519.6604200,30406,509213.4014800
1786752000000,0.0278400,0.0291900,0.0276800,0.0284200,29788292,848484.2151200,24404,409924.1369700
1786838400000,0.0284200,0.0286300,0.0272700,0.0276500,21148985,593299.0442200,18518,280278.7796900
1786924800000,0.0276500,0.0279900,0.0271400,0.0271800,16083075,444186.9249800,14452,189924.0820500
1787011200000,0.0271800,0.0273200,0.0265900,0.0268000,16137743,434451.7497400,16040,207616.6295700
1787097600000,0.0268000,0.0292200,0.0266600,0.0284700,30937866,853842.3563200,26088,425056.5673700
1787184000000,0.0284800,0.0297700,0.0284700,0.0296100,29050665,845417.0639700,25490,400465.9255000
1787270400000,0.0296000,0.0321200,0.0295400,0.0318300,38305338,1185412.8113300,33830,625872.1636200
1787356800000,0.0318300,0.0334000,0.0293400,0.0302500,46767936,1453915.4256100,65502,612149.3252100
1787443200000,0.0302400,0.0315000,0.0288100,0.0309600,25108192,756593.9380100,22930,337052.9795100
1787529600000,0.0309400,0.0311100,0.0297800,0.0301600,26905828,816787.3789300,21733,398357.6101600
1787616000000,0.0301100,0.0310800,0.0293100,0.0296600,25042138,760524.9237800,22281,371871.0236100
1787702400000,0.0296300,0.0309800,0.0295000,0.0305700,20181629,610778.7938300,19790,319711.5370500
1787788800000,0.0305500,0.0310700,0.0301100,0.0307400,13201249,404509.8793000,15871,220860.9355200
1787875200000,0.0307400,0.0328300,0.0297800,0.0306500,43569142,1369016.1983200,40040,703830.3015900
1787961600000,0.0306400,0.0321900,0.0305400,0.0318800,15237231,478103.1691100,17518,234113.4576300
1788048000000,0.0319100,0.0330400,0.0297700,0.0303400,29331347,924972.2418100,29856,419169.5113400
1788134400000,0.0303100,0.0322300,0.0301700,0.0312100,18586542,580068.9409500,21196,284163.7547400
1788220800000,0.0311900,0.0316700,0.0299600,0.0303300,13353898,412720.9247000,16715,201814.7835200
1788307200000,0.0303100,0.0305100,0.0296900,0.0298800,13820358,415391.0699100,15752,202608.7905700
1788393600000,0.0298800,0.0314600,0.0297200,0.0309600,17536160,540152.8820100,16164,262255.9160900
1788480000000,0.0309400,0.0310900,0.0298000,0.0301900,15096660,458792.3933000,16890,202380.1179100
1788566400000,0.0301900,0.0316900,0.0301600,0.0313900,16079245,502253.7950700,17821,236370.0548400
1788652800000,0.0313700,0.0332100,0.0313200,0.0328400,24594892,787786.5298100,24688,422716.0320900
1788739200000,0.0328300,0.0344800,0.0324000,0.0325900,60206319,2011526.0798100,46510,963111.9808100
1788825600000,0.0325700,0.0333900,0.0317500,0.0322400,24691199,805149.8435600,21002,363007.4939200
1788912000000,0.0322500,0.0328000,0.0300000,0.0308900,25497310,811904.8260600,24793,381299.8620100
1788998400000,0.0309000,0.0309900,0.0294000,0.0294800,19361535,586429.0287200,21360,276551.8099200
1789084800000,0.0294800,0.0305900,0.0288800,0.0297000,23519880,696778.2544400,21801,339964.8452300
1789171200000,0.0296900,0.0306400,0.0296500,0.0305000,13947114,423019.7752500,16850,214177.7358400
1789257600000,0.0305000,0.0330300,0.0298100,0.0300200,31280581,984100.6207100,70554,474823.2625000
1789344000000,0.0300300,0.0307900,0.0295400,0.0296800,21672246,654379.0098700,19861,318964.6264500
1789430400000,0.0296900,0.0300600,0.0277500,0.0280400,20724788,600435.9623000,20018,292942.4342600
1789516800000,0.0280200,0.0282300,0.0267300,0.0277500,26118996,717515.4254900,25246,310053.8914800
1789603200000,0.0277400,0.0291900,0.0276300,0.0289700,21894916,623984.4855900,20742,301092.2867400
1789689600000,0.0289700,0.0313500,0.0288400,0.0312000,29568809,903613.2028500,24565,464206.2176500
1789776000000,0.0311800,0.0350300,0.0310000,0.0346300,69109396,2310756.0110500,49882,1120152.5972700
1789862400000,0.0346100,0.0373700,0.0315600,0.0351600,183805403,6343154.8439800,119108,3113249.0407800
1789948800000,0.0351800,0.0385700,0.0349100,0.0365800,128639848,4686829.4621500,84768,2109661.3652500
1790035200000,0.0365600,0.0384300,0.0360600,0.0377200,48456332,1796426.2536800,44342,812080.0594200
1790121600000,0.0377200,0.0378600,0.0336800,0.0345200,47628848,1708246.8728000,46678,786329.6682000
1790208000000,0.0345000,0.0366400,0.0341900,0.0362900,24507647,866364.4891100,34230,427216.8174700
1790294400000,0.0363000,0.0456400,0.0361900,0.0416400,311656944,12816918.5509400,234381,6276468.6605800
1790380800000,0.0416400,0.0433000,0.0392900,0.0401200,101687767,4177092.3542300,79892,1956619.3022400
1790467200000,0.0401400,0.0415700,0.0393700,0.0415300,37729521,1523277.8683500,38950,770391.2184000
1790553600000,0.0415300,0.0421400,0.0340000,0.0368400,85468671,3208770.7493800,72170,1485027.4996300
1790640000000,0.0368400,0.0407600,0.0355900,0.0390700,59024665,2262769.3330300,58561,1033948.3542500
1790726400000,0.0390600,0.0396700,0.0375100,0.0384200,37059104,1430894.3602700,40341,691963.1443300
1790812800000,0.0384000,0.0396400,0.0373600,0.0382800,28035633,1081209.1398000,31785,521552.3042100
1790899200000,0.0382700,0.0399300,0.0372200,0.0385600,27260473,1058298.7860500,38533,524960.8575100
