open_time,open,high,low,close,volume,quote_volume,trades,taker_buy_quote
1602633600000,29.500,32.432,28.500,31.032,220335.7,6762677.4500,40300,3284376.8746
1602720000000,31.025,31.025,28.914,29.428,118699.7,3531061.9093,38180,1711391.0660
1602806400000,29.420,29.928,26.967,27.875,108661.4,3066294.2874,36114,1395335.8388
1602892800000,27.950,29.689,27.800,29.355,86997.5,2505698.8190,32121,1219601.4295
1602979200000,29.359,31.691,29.148,31.033,113304.3,3453869.6035,36691,1773230.3725
1603065600000,31.040,31.154,28.644,29.023,116950.2,3512197.9263,40046,1550964.4286
1603152000000,29.016,29.500,27.543,27.908,118994.8,3406309.7349,39407,1480068.4579
1603238400000,27.864,29.175,27.107,27.903,136131.0,3846992.0295,41613,1926662.1452
1603324800000,27.884,29.478,27.830,28.212,118394.8,3396591.6944,37112,1486571.8777
1603411200000,28.204,28.864,27.200,28.094,131762.5,3710335.8603,39392,1632803.3364
1603497600000,28.106,28.192,26.472,27.069,129876.1,3579110.1152,38080,1505398.7483
1603584000000,27.065,28.091,26.160,26.720,149845.1,4068723.4380,41916,2004696.0572
1603670400000,26.759,35.342,26.088,34.674,1331781.4,42423924.4841,187091,22861797.8762
1603756800000,34.560,35.789,32.319,34.247,828381.2,28226926.7459,122680,14669403.8558
1603843200000,34.255,34.381,30.385,31.624,438530.5,13899327.5691,92822,6929278.2993
1603929600000,31.661,32.813,28.800,29.977,261456.8,8016901.2253,63876,3992738.1876
1604016000000,29.971,30.198,27.850,29.648,252435.4,7315184.1152,61610,3740871.3093
1604102400000,29.613,31.306,29.338,30.388,193234.5,5866943.3965,48338,2979457.5946
1604188800000,30.385,32.891,29.857,32.110,205143.4,6452486.5839,50296,3289872.6622
1604275200000,32.103,32.454,29.351,29.869,223217.4,6825798.8283,58640,3583529.6367
1604361600000,29.862,30.778,27.623,28.870,235118.0,6832216.3929,53485,3465562.3624
1604448000000,28.859,29.388,27.313,28.556,215217.6,6123831.6636,52200,3150087.2243
1604534400000,28.536,31.358,28.376,30.106,237569.4,7050378.1806,55769,3578609.9389
1604620800000,30.135,33.678,30.050,33.011,271317.5,8795098.7715,63614,4341760.3318
1604707200000,33.031,35.000,29.743,31.317,304631.5,9950304.5414,67926,4722345.3110
1604793600000,31.354,33.800,30.619,32.986,168361.1,5433828.2583,48311,2530050.9742
1604880000000,32.984,34.555,31.906,33.183,199295.7,6642288.3077,52400,3011434.7787
1604966400000,33.182,36.341,32.667,35.240,229723.5,7857606.2002,56893,3520276.0001
1605052800000,35.250,37.937,34.970,35.693,342529.1,12462453.0420,71055,5760712.3277
1605139200000,35.707,38.993,35.069,38.174,337290.6,12636640.0651,70341,6365425.6011
1605225600000,38.157,39.478,37.198,38.688,228172.5,8774544.8261,58104,4380445.1980
1605312000000,38.698,38.838,35.500,37.062,208356.2,7710491.8166,57604,3655056.0480
1605398400000,37.091,37.924,34.096,35.463,210456.6,7589060.5103,59276,3519603.1771
1605484800000,35.439,37.116,34.358,36.285,185391.3,6677931.2990,55776,3186055.6125
1605571200000,36.272,38.666,35.820,38.241,228574.5,8566236.0949,66071,4062443.3418
1605657600000,38.266,38.527,34.079,35.645,253639.7,9166574.1137,70173,4385180.0804
1605744000000,35.649,37.186,34.590,35.396,224818.1,8045601.5223,66151,4014413.7213
1605830400000,35.394,39.516,35.055,37.833,329138.2,12489487.6983,80525,5803045.9850
1605916800000,37.889,41.296,36.914,40.765,318658.3,12484701.7680,76933,5582762.9703
1606003200000,40.820,41.224,37.831,38.696,280829.2,11017510.8310,71373,4979401.4777
1606089600000,38.743,41.243,38.387,40.659,228212.3,9105191.1233,63422,4214800.7715
1606176000000,40.634,53.252,39.652,48.490,650250.4,29987037.5807,143849,13797145.4317
1606262400000,48.492,50.386,40.042,42.318,340724.3,15572961.1476,76387,6629841.2084
1606348800000,42.250,50.452,38.500,49.176,1219805.1,54713458.3754,251085,27211303.1816
1606435200000,49.202,49.641,42.918,45.268,387031.4,17839179.0776,99566,8620828.3625
1606521600000,45.240,46.843,43.177,45.246,225621.4,10204290.2014,71297,4866447.4888
1606608000000,45.245,53.656,44.409,53.122,547223.4,27670462.2615,139505,14229639.2648
1606694400000,53.127,54.731,50.314,52.299,364742.0,19090063.9305,112587,9164706.7885
1606780800000,52.306,56.609,49.700,54.189,389738.7,20981755.9306,110581,10223488.8604
1606867200000,54.135,65.575,53.040,61.785,713230.5,42731896.1755,158692,21491410.1413
1606953600000,61.789,62.994,57.623,59.198,419239.1,25342160.0898,110710,11815146.0907
1607040000000,59.142,60.051,49.744,50.750,562875.3,30597458.7747,133664,13864928.8756
1607126400000,50.761,56.719,49.730,55.904,372479.5,20170439.0391,100745,9780081.1417
1607212800000,55.936,56.784,50.925,52.398,226973.6,12147176.8166,72935,5969358.7266
1607299200000,52.402,54.677,51.628,53.667,188565.6,9991033.7526,66475,4349055.2804
1607385600000,53.670,53.766,45.700,46.418,263092.5,13003369.0212,82513,5480095.7482
1607472000000,46.425,51.300,43.937,48.980,324257.5,15497295.5032,99610,7238179.4277
1607558400000,49.012,49.810,46.369,47.125,201398.9,9668707.7295,69142,4709135.5669
1607644800000,47.142,47.288,43.555,44.953,225142.2,10222042.4651,73349,5157779.4246
1607731200000,44.948,48.798,44.860,48.208,185540.9,8859532.3155,65716,3684803.0128
1607817600000,48.279,52.793,47.316,50.868,211838.1,10693505.6330,66839,4802238.4841
1607904000000,50.903,51.973,49.045,50.445,177364.0,8920904.1750,56148,3671787.7950
1607990400000,50.450,57.549,49.938,56.860,376474.3,20591911.6216,93466,9412068.9323
1608076800000,56.876,58.373,55.000,57.413,333207.1,18887362.7555,88361,8348622.8998
1608163200000,57.444,62.802,55.500,58.226,422311.5,24817874.7937,107812,11630612.2143
1608249600000,58.277,59.527,56.182,57.554,260659.7,14988004.4202,79549,6860420.0586
1608336000000,57.581,59.500,55.754,56.044,218509.6,12620600.1483,69454,5525701.0698
1608422400000,55.991,57.197,53.000,53.646,188621.8,10341090.2897,64138,5287893.8534
1608508800000,53.629,56.094,48.538,49.574,234569.5,12100762.3389,75316,5272841.8361
1608595200000,49.591,54.492,48.338,54.190,213760.3,10909847.9667,72345,5634765.7406
1608681600000,54.222,55.088,43.600,47.517,324138.0,16400402.0395,94489,7311289.7832
1608768000000,47.560,53.025,45.938,52.386,264609.3,13124963.7520,80383,5902667.2447
1608854400000,52.425,52.590,48.066,50.126,239418.9,12036214.5183,77226,5874805.4310
1608940800000,50.141,50.924,47.348,47.830,197086.6,9703983.2373,64105,4158031.0971
1609027200000,47.865,51.483,46.500,50.372,260810.5,12804359.3054,79114,6054792.8489
1609113600000,50.416,58.765,49.261,58.471,432608.3,23786926.1220,106973,11642567.1382
1609200000000,58.426,63.279,53.740,61.994,546190.2,31625355.4810,137989,15407477.9338
1609286400000,61.963,65.846,59.646,62.146,363200.6,22769174.1484,99793,10382731.5340
1609372800000,62.196,73.682,59.693,72.005,476403.0,32061233.5085,127629,15762699.2294
1609459200000,72.058,73.559,65.506,69.689,323481.4,22480334.4694,96839,9886301.4459
1609545600000,69.719,73.540,65.139,69.331,307914.7,21262107.7180,89625,9532790.8906
1609632000000,69.348,74.999,66.035,73.135,377638.8,26586776.6577,94999,11235655.7945
1609718400000,73.149,74.960,59.898,68.626,516797.5,35541644.8463,135420,15571373.7360
1609804800000,68.660,71.333,62.000,67.949,337564.4,22601493.4452,93704,9498924.4264
1609891200000,68.041,76.344,65.555,75.623,380623.6,27096946.1557,107858,11697849.9262
1609977600000,75.621,77.453,65.069,69.152,414288.8,29776689.4646,117790,11005220.7702
1610064000000,69.108,71.827,64.045,68.889,283615.2,19393871.6260,89658,8890708.4489
1610150400000,68.903,70.631,66.000,69.344,235244.3,16150378.2199,75343,6382445.3015
1610236800000,69.346,75.300,65.410,71.465,406670.7,28498970.3724,112477,11178743.3949
1610323200000,71.499,71.715,57.700,64.469,481405.0,31403078.0370,126724,13950219.0893
1610409600000,64.444,67.740,61.700,62.773,209259.1,13522939.5645,77405,6278255.1787
1610496000000,62.775,78.383,60.630,76.848,373183.8,26269410.1467,116704,11723974.5826
1610582400000,76.952,89.248,76.307,88.814,408307.4,33667020.7604,128328,15677387.1194
1610668800000,88.735,89.529,74.100,83.700,392953.3,32253010.6328,113307,14188750.3602
1610755200000,83.697,109.788,81.300,102.664,483120.9,44850871.9178,135492,20676724.0800
1610841600000,102.732,109.806,90.377,102.693,357765.2,35721436.2941,110841,15513722.6084
1610928000000,102.705,121.448,101.656,109.525,392110.6,44296068.8861,131425,19381362.3169
1611014400000,109.561,110.610,98.669,101.417,243383.9,25689334.5648,85733,8814695.1315
1611100800000,101.331,107.740,90.132,106.056,281395.7,28062270.2758,94419,13454439.4468
1611187200000,106.053,106.662,92.553,93.015,301604.1,29873083.5961,98826,13318686.3217
1611273600000,92.893,105.484,85.301,104.117,253789.1,24968666.1388,89936,12265102.4012
1611360000000,104.067,112.893,101.604,107.763,224136.6,24030937.7089,82664,10463565.7845
1611446400000,107.675,112.353,100.528,104.157,208615.5,22287069.8813,77696,8701196.5307
1611532800000,104.173,109.489,98.210,98.916,178109.0,18429965.6021,71822,8649101.1650
1611619200000,98.820,104.197,93.177,102.118,171558.9,16936887.9697,72923,8192305.5030
1611705600000,102.095,102.095,90.302,95.400,175915.8,16808281.2701,68371,8941797.4908
1611792000000,95.447,118.069,93.704,114.260,237827.0,25540983.1605,89672,11550434.1508
1611878400000,114.236,115.659,102.040,106.993,206101.0,22001867.8602,81840,7164848.6259
1611964800000,106.957,107.876,99.402,101.432,167476.3,17311430.6214,70941,5665979.6734
1612051200000,101.418,106.282,96.446,98.081,203450.7,20635645.0241,75550,6897361.3868
1612137600000,98.049,102.028,95.442,100.993,180317.7,17821940.1910,72779,5846197.7690
1612224000000,100.965,108.095,98.052,105.374,219920.4,22747977.8278,87377,8828844.8939
1612310400000,105.440,123.465,104.978,119.493,363375.4,41215742.5756,128076,16575755.4004
1612396800000,119.469,124.786,108.698,115.795,395365.6,46403093.8889,136319,17547961.9980
1612483200000,115.802,123.284,114.876,121.834,322397.1,38369873.8216,119627,13807057.4782
1612569600000,121.946,124.780,111.000,113.275,257616.2,29915040.8961,105581,10373411.5136
1612656000000,113.175,116.406,100.090,116.308,296438.6,32291330.5430,119601,12352187.0301
1612742400000,116.308,137.000,111.515,133.655,330477.9,41074508.9287,141244,17106480.7246
1612828800000,133.734,139.000,126.439,131.101,261608.0,34580479.3700,117912,12235830.8951
1612915200000,131.103,138.893,115.990,129.586,319120.0,41737934.6152,137872,15977895.7858
1613001600000,129.587,148.164,126.474,142.753,282673.1,39802341.8563,130134,15122709.5206
1613088000000,142.819,160.617,138.000,154.314,234708.9,35372801.4321,109082,12332068.3679
1613174400000,154.482,170.000,153.393,161.956,274676.2,44500140.8155,131722,16657039.2300
1613260800000,162.056,164.482,146.693,157.598,226010.4,35370009.6852,113977,12250881.6052
1613347200000,157.598,224.828,135.028,190.431,1116322.3,211024193.1661,514191,102335035.4387
1613433600000,190.632,229.629,187.932,209.741,654172.0,135909060.9991,359312,61504243.2128
1613520000000,209.500,244.730,195.000,241.025,468674.8,102548198.5248,276650,42861151.2039
1613606400000,241.108,241.950,218.864,223.794,248053.5,56677147.2506,168369,19841528.4135
1613692800000,223.817,243.268,205.599,224.544,309066.9,69192014.0973,206812,32294070.9762
1613779200000,224.555,248.295,209.296,222.166,360280.3,83909234.9991,218689,39178989.8888
1613865600000,222.142,237.812,216.264,224.063,204128.4,46179411.4047,131494,22071016.0971
1613952000000,224.060,300.000,191.347,272.462,740881.2,184886147.2131,487956,86761701.8152
1614038400000,272.422,289.868,206.747,241.605,688090.0,172010772.7797,543357,84251731.3442
1614124800000,241.549,270.198,225.073,242.797,359010.3,89187415.2271,245944,43972748.0909
1614211200000,242.759,258.565,222.177,224.682,302670.5,72914805.4869,197911,30635281.7362
1614297600000,224.983,230.930,198.628,216.324,322054.9,69482501.3605,200565,33761318.3452
1614384000000,216.324,239.573,215.761,229.673,252095.7,57886397.2016,158208,30976252.8913
1614470400000,229.612,235.167,195.000,213.045,324899.0,67898321.1846,190739,32599969.6851
1614556800000,213.011,231.309,209.799,228.141,224275.5,49327377.3477,141913,24195256.5675
1614643200000,228.126,246.132,218.937,240.945,240368.4,55393022.1619,151449,26196032.3280
1614729600000,241.080,259.608,238.501,244.852,228680.1,56690920.6323,159452,25329448.0609
1614816000000,244.914,254.975,231.325,234.772,197748.1,48082581.9379,142033,20596298.4261
1614902400000,234.905,234.905,211.437,228.112,220614.8,48793572.1689,150977,23519032.2582
1614988800000,228.037,230.989,215.702,229.032,141633.8,31829469.2358,103661,13858199.8574
1615075200000,229.081,239.823,225.567,234.075,136537.2,31657809.6450,102309,14159358.1469
1615161600000,234.105,244.348,223.476,244.348,166361.3,38684673.5936,124985,18292840.5014
1615248000000,244.097,297.975,238.790,290.692,281362.4,75400043.6476,214074,35205017.8748
1615334400000,290.959,318.740,267.766,304.240,420816.8,126202756.3765,313851,61427233.7389
1615420800000,304.091,345.400,278.552,330.179,301486.3,92969114.0760,242743,46475483.1364
1615507200000,330.317,336.699,301.646,314.651,274006.3,87551156.2659,206975,44005991.7828
1615593600000,314.381,324.662,301.930,314.195,212074.6,66941047.6100,157758,29727394.7327
1615680000000,314.210,322.837,300.000,300.612,161752.9,50251830.9517,133346,23024599.7451
1615766400000,300.342,325.308,277.023,310.888,236774.9,72322932.3277,196335,34063228.1318
1615852800000,310.642,334.609,291.350,319.041,231438.6,72714557.1958,190217,35087642.6782
1615939200000,319.125,349.500,310.283,346.112,227064.1,73729542.2167,180172,38273013.1051
1616025600000,346.149,392.103,343.572,368.057,309739.5,114280649.1671,253771,53337836.4593
1616112000000,368.061,423.554,356.500,384.457,330615.1,131609603.6734,249898,65234890.2352
1616198400000,384.302,411.769,379.504,389.902,188663.7,74961426.4606,159428,33726502.4993
1616284800000,389.867,417.655,383.010,400.480,213261.8,85712861.3080,175664,41609046.0537
1616371200000,400.546,461.019,398.359,437.848,307701.3,134706054.4462,256739,68725367.1354
1616457600000,438.171,454.490,417.536,422.297,239982.5,104037714.4227,204560,53142144.8216
1616544000000,422.051,490.999,415.640,423.249,311542.1,141441508.5619,268788,68297725.3079
1616630400000,423.053,436.758,370.699,410.856,436133.7,176067111.8243,352076,84481029.4879
1616716800000,410.807,455.742,405.000,454.967,233013.1,99697181.6441,222016,47012905.4654
1616803200000,455.171,506.525,448.133,469.097,384818.0,185443547.2746,339606,93284387.0588
1616889600000,469.052,520.959,467.653,511.765,268832.9,131655531.1514,265826,65267712.8104
1616976000000,512.099,568.809,507.246,547.952,325585.2,177094715.2928,314079,87536229.3438
1617062400000,548.324,557.867,519.398,540.952,218843.6,118129418.8485,241041,51017066.1200
1617148800000,540.968,560.986,477.171,496.602,304024.5,157787935.9748,319683,64008933.9186
1617235200000,496.602,508.792,449.765,464.272,372187.5,177217147.4896,397275,68800568.5760
1617321600000,464.471,466.856,420.000,450.961,361803.7,160391329.0427,372403,63431914.0591
1617408000000,451.056,499.000,421.361,440.257,425491.8,196973830.3181,387192,84975773.0661
1617494400000,440.226,456.626,430.000,445.416,218426.1,97691273.5625,218623,45589060.4161
1617580800000,445.556,480.495,427.000,462.500,274851.1,123466383.6764,248264,52983361.0278
1617667200000,462.626,473.290,427.980,441.023,296547.8,133580516.8966,279750,58536707.8012
1617753600000,441.112,473.051,378.558,428.587,449654.7,193651467.1893,370780,87904250.3071
1617840000000,428.460,468.960,424.000,461.366,251669.1,113238056.6617,260512,53607397.8688
1617926400000,461.341,468.675,442.447,451.957,164415.0,74632569.5303,162909,37104887.1848
1618012800000,452.032,462.560,440.861,449.431,154691.9,69794597.9185,159281,32392810.1399
1618099200000,449.432,451.852,434.070,439.709,126905.6,56028186.3442,123661,25456815.0134
1618185600000,439.829,441.682,410.167,422.885,178757.6,76479246.5455,175181,34617438.1613
1618272000000,422.870,440.935,413.277,432.431,179151.8,76526069.6941,155888,35841315.6494
1618358400000,432.886,475.000,423.094,455.746,310650.7,141018144.8323,287705,65722810.8633
1618444800000,455.776,486.304,453.074,477.859,245485.9,115443775.2194,211162,54376447.2056
1618531200000,477.708,483.164,424.174,447.505,225770.2,101817574.7795,210933,46618333.2488
1618617600000,447.488,485.012,446.074,456.319,241314.0,111979622.2707,214009,53158726.8549
1618704000000,456.515,466.406,367.572,405.759,366903.4,148161960.7422,300543,66889372.4115
1618790400000,405.761,424.063,361.000,368.720,264055.3,102723426.8541,230568,45561895.8941
1618876800000,368.531,385.200,315.375,383.754,394892.4,137367023.6325,315030,65950825.7394
1618963200000,383.598,385.016,338.013,349.976,249686.5,90577313.3112,204040,43611995.6523
1619049600000,350.098,389.203,339.000,348.122,274261.8,99112207.7475,238966,48290016.5396
1619136000000,348.007,359.893,277.330,336.746,444284.8,140560696.7922,334545,66490627.5875
1619222400000,336.893,337.503,298.132,303.359,209291.3,65782679.0179,168690,33663249.3258
1619308800000,303.184,332.991,300.268,318.645,188292.9,59014023.7726,155873,29172613.7337
1619395200000,318.659,399.856,315.218,396.020,252107.0,92186738.8562,214140,46645725.3963
1619481600000,396.093,419.994,382.266,397.661,210593.1,83837291.1180,181946,39580765.6128
1619568000000,397.609,407.970,365.000,394.099,196660.8,77025754.9506,169432,38225682.8986
1619654400000,394.277,398.637,368.262,387.605,162581.8,62659922.9219,144307,30086832.6155
1619740800000,387.647,415.000,378.917,407.024,184444.4,73254089.6298,162322,33900935.3438
1619827200000,407.197,428.000,403.067,422.025,167908.0,69816507.1050,150919,34170418.7489
1619913600000,422.047,442.349,398.309,414.379,213733.1,89784613.3711,179064,43387855.4707
1620000000000,414.368,433.000,408.862,424.699,172484.8,72784438.1627,148509,33921565.9111
1620086400000,424.818,440.093,382.235,389.422,252695.7,103987020.7682,208458,46676986.5655
1620172800000,389.392,432.205,386.016,428.938,168993.7,69641517.6683,149723,32410756.5654
1620259200000,428.892,455.480,412.188,447.830,230278.7,98880518.6397,207668,46362820.5945
1620345600000,447.765,459.362,423.000,431.711,182735.1,80020696.2035,178399,38761950.6247
1620432000000,431.675,470.220,426.562,434.377,184439.5,82278568.3015,180181,39732520.8668
1620518400000,434.373,459.925,425.000,451.454,176927.2,78999382.4961,162202,36352409.4379
1620604800000,451.724,460.775,383.085,408.766,220333.0,94871171.8077,191697,44829746.9512
1620691200000,408.924,440.440,389.320,439.950,151792.7,62354224.9217,149295,30042932.4717
1620777600000,439.890,525.000,434.570,465.080,454966.8,221584868.2173,413406,107055549.9201
1620864000000,464.550,587.530,429.820,529.260,872518.0,464098705.6320,892857,223824259.8674
1620950400000,529.490,599.390,505.960,597.890,363998.5,199426966.6623,374427,98946423.8593
1621036800000,598.060,615.380,536.710,546.380,318265.7,184297489.5688,348713,88287539.3059
1621123200000,546.590,609.270,495.510,542.330,299148.6,167324019.9067,345597,79660399.4049
1621209600000,542.590,608.650,479.780,573.190,405076.7,226684065.9221,536923,108555685.0609
1621296000000,573.100,626.680,560.000,593.160,318363.0,189789143.2960,385821,91300234.5250
1621382400000,593.130,602.000,203.340,337.550,643147.8,283320449.4746,664883,128391853.8090
1621468800000,338.270,449.970,281.410,389.430,628162.1,237444452.9990,647246,112237777.1290
1621555200000,389.420,437.660,264.260,338.290,579584.4,207828520.2840,570211,101016374.9710
1621641600000,338.240,353.870,282.110,313.920,356714.7,114565666.7740,332811,56186762.5200
1621728000000,314.030,336.530,201.110,260.310,626718.4,160139338.6450,507609,80294171.5030
1621814400000,260.170,349.550,251.820,349.550,450088.2,136342122.6420,383869,63796986.8820
1621900800000,349.450,372.860,281.860,322.050,433114.2,139548192.5830,374321,68413055.2700
1621987200000,322.080,360.930,309.630,342.960,319696.3,106162325.7340,243478,54203725.5190
1622073600000,342.960,343.330,301.000,316.040,266597.0,85360121.4690,201588,38036260.2520
1622160000000,316.120,343.180,270.510,289.020,350864.3,104940565.5840,275980,52030439.4380
1622246400000,289.040,302.170,257.300,295.110,243603.8,68082069.1430,194047,34956087.0860
1622332800000,296.050,320.790,273.940,309.360,278491.2,82968204.2750,209182,41807680.5580
1622419200000,309.380,379.960,290.000,370.880,304424.6,99710318.2920,243925,48305051.3520
1622505600000,370.880,376.670,347.220,367.690,323795.6,117520595.5870,277750,56219600.1980
1622592000000,367.690,475.990,361.080,447.060,457264.4,193931005.5150,400617,96816178.7710
1622678400000,447.060,487.920,445.530,464.210,382422.0,178147717.6960,347001,87775815.3260
1622764800000,464.220,464.420,380.160,418.720,464916.4,194030207.9100,447464,93925975.2510
1622851200000,418.720,454.000,383.040,402.160,326456.8,137430124.2300,312406,65949185.5960
1622937600000,402.150,424.270,396.560,422.810,193587.3,78810227.9610,170483,38174870.8500
1623024000000,422.630,446.820,370.310,378.500,304575.3,127743032.0540,273327,60467392.2400
1623110400000,378.400,420.290,342.710,411.050,704823.3,271318895.9370,659070,137587223.5210
1623196800000,411.160,518.000,388.180,510.410,860057.9,385416555.6760,823709,198380655.1440
1623283200000,510.410,537.000,458.410,474.330,1022228.4,509946215.5520,916314,255605982.2800
1623369600000,474.630,493.700,404.200,415.740,583595.5,263099120.6930,516628,127871462.9820
1623456000000,415.890,427.990,383.070,399.790,601392.9,243212826.6310,530690,120298669.3370
1623542400000,399.740,449.400,385.880,433.930,416998.2,172269146.5210,381230,83794799.1610
1623628800000,433.960,439.610,400.180,427.260,429233.5,180103929.8560,370626,88761153.6380
1623715200000,427.300,429.290,378.920,379.390,416876.8,168895849.6980,356079,77518970.7150
1623801600000,379.530,389.800,353.690,366.950,433199.1,160569182.9790,367742,76951363.7020
1623888000000,366.810,377.200,337.710,347.280,336811.5,120559798.8410,275409,58321302.1700
1623974400000,347.350,347.620,299.070,315.660,432716.6,139358018.3320,343420,68055489.8930
1624060800000,315.650,325.730,300.120,300.600,356989.8,110757969.4350,262857,56305083.3420
1624147200000,300.660,314.530,271.590,300.150,495783.7,145990276.7910,356952,70198355.3770
1624233600000,300.150,302.590,206.920,211.540,960886.4,238484036.6980,620627,115686099.6970
1624320000000,211.330,234.880,163.190,182.590,1620873.3,315757299.8910,871517,156424812.1980
1624406400000,182.640,224.580,172.270,203.780,1106676.6,227980965.4540,573132,113870156.6270
1624492800000,203.880,217.190,186.120,205.650,758902.1,153753933.6380,388782,76578255.6190
1624579200000,205.660,213.220,171.900,174.070,907143.1,171836297.2600,445359,84843247.9630
1624665600000,174.010,181.080,156.300,172.940,936138.0,156578517.8830,443845,79566199.3170
1624752000000,172.900,179.460,161.720,179.020,739008.9,125956725.3160,336995,63366953.9020
1624838400000,179.120,229.700,175.400,220.000,1592550.6,326557830.2970,724702,165128884.5520
1624924800000,219.930,238.360,206.170,214.180,1486304.2,327738252.8570,684980,163442116.4900
1625011200000,214.140,216.640,191.100,214.880,1103646.3,226077997.8180,510376,113519957.9140
1625097600000,214.850,215.130,193.000,198.400,794622.1,160479109.6930,391108,79983736.1750
1625184000000,198.390,207.040,190.110,204.050,591912.4,116669316.1580,288283,58438815.7460
1625270400000,204.060,213.440,197.680,206.620,452374.8,93337704.7290,221887,46270653.4980
1625356800000,206.610,217.850,200.490,209.810,420695.2,88380634.7800,217477,42416523.6640
1625443200000,209.780,209.830,192.010,198.040,455840.5,91826137.0790,235723,44386785.9730
1625529600000,198.190,225.660,197.600,223.880,536718.1,113082810.1950,261709,56649869.4310
1625616000000,223.960,244.920,223.740,236.690,954561.8,225197327.0260,454194,111570428.1550
1625702400000,236.660,237.920,205.420,212.550,597490.9,129142112.4780,328956,63060765.9710
1625788800000,212.550,216.500,199.510,213.240,395220.9,82324541.5010,228048,40583347.8510
1625875200000,213.290,218.990,202.300,207.720,269764.9,56418440.7650,151650,27615570.5730
1625961600000,207.770,215.080,204.130,210.830,218116.4,45659125.6160,127880,24417413.9200
1626048000000,210.840,213.410,193.130,200.490,297649.9,60855780.0820,157167,28988154.9890
1626134400000,200.350,203.800,188.890,192.420,290079.3,57187072.4180,154277,27472411.5200
1626220800000,192.420,196.740,175.750,187.520,408494.5,76115646.9140,208567,35671564.0060
1626307200000,187.490,209.760,179.660,201.850,706331.8,138726994.9410,333992,68221753.7820
1626393600000,201.850,202.520,179.200,179.920,499687.2,94689970.4730,244499,47077205.2360
1626480000000,179.950,187.570,175.190,178.710,378026.2,67976773.3320,200323,33459322.3040
1626566400000,178.870,187.290,177.640,181.150,230324.2,42066560.9070,131563,21020141.3430
1626652800000,181.140,182.350,161.240,163.530,331459.7,56334028.5290,165450,27065290.1920
1626739200000,163.550,166.980,141.460,148.340,489659.0,73918601.1770,228735,37197864.8530
1626825600000,148.350,182.250,144.000,174.740,595105.2,99319678.7060,276498,48737666.8970
1626912000000,174.740,179.550,165.040,175.240,449802.4,77041603.4170,233888,38304079.5180
1626998400000,175.230,179.690,162.680,177.790,383364.8,65742720.7370,221127,31548583.8050
1627084800000,177.780,188.990,173.960,185.860,448813.8,81225536.2790,241668,40555398.3110
1627171200000,185.910,189.580,175.090,184.240,456144.9,83098837.0740,251427,39005723.0270
1627257600000,184.180,206.610,182.660,184.830,610961.8,119589266.5680,337409,57297439.2740
1627344000000,184.790,189.500,176.130,185.280,361187.7,65940272.5930,209816,32189138.3720
1627430400000,185.290,193.240,181.360,188.010,354896.5,66280417.0480,192742,31698020.2040
1627516800000,188.060,195.410,181.350,190.040,302433.3,56782468.2300,168849,27522414.0920
1627603200000,190.080,198.510,182.000,194.520,305834.5,58118655.8450,182817,27695970.3850
1627689600000,194.490,204.130,191.240,198.610,391852.6,77092135.2140,209902,37687678.2190
1627776000000,198.670,223.440,195.800,206.570,857845.6,183791964.4200,443805,88038346.1500
1627862400000,206.640,211.500,200.710,204.920,374025.4,77288257.3400,213123,37897200.9220
1627948800000,204.920,209.300,192.750,202.100,331961.5,66130196.7230,189604,31091888.1350
1628035200000,201.970,218.600,198.590,215.290,299233.7,62428631.0860,172799,30708820.3050
1628121600000,215.210,219.930,202.560,216.130,309133.2,65788936.6930,179154,31415955.3610
1628208000000,216.110,236.780,211.300,227.830,424248.8,96694041.2570,229207,47578531.9130
1628294400000,227.670,243.650,223.360,235.150,437062.0,102184542.4980,242055,47432505.8040
1628380800000,235.140,235.890,211.360,215.860,341129.3,76348171.2020,204154,35665346.1050
1628467200000,215.810,229.840,207.220,221.620,370532.0,81611391.2160,217480,39066761.6300
1628553600000,221.560,253.790,217.140,241.330,641614.1,152413442.5340,352265,70766462.2290
1628640000000,241.430,292.200,241.230,267.950,723447.3,195557730.3110,428081,94149895.3120
1628726400000,267.970,280.310,247.010,261.760,483659.4,127018531.4970,285511,60920185.4890
1628812800000,261.750,283.220,260.560,281.610,366034.8,100200746.2320,222395,46613845.8870
1628899200000,281.360,286.250,263.060,273.360,348396.8,95496637.2870,205645,43150155.2200
1628985600000,273.220,278.280,259.690,273.960,298769.7,80359475.0040,177575,37900831.4140
1629072000000,274.060,319.070,270.000,299.810,819232.0,244559040.6990,467484,114421857.2670
1629158400000,299.960,325.480,267.880,277.500,633622.2,191214816.1360,435375,88594756.0320
1629244800000,277.670,304.450,260.850,281.680,555417.8,158289891.3330,364540,74970869.9590
1629331200000,281.540,334.800,275.180,327.950,881092.7,273994286.7960,564470,134376014.9820
1629417600000,327.980,350.990,313.580,346.060,573573.0,191722454.0430,387412,92670155.7870
1629504000000,346.280,354.020,326.230,328.850,380072.7,128966059.5800,271049,59813035.0230
1629590400000,328.820,344.400,317.870,331.440,293377.1,96950245.0820,229126,45430495.2590
1629676800000,331.350,341.460,321.240,328.640,274171.0,90614862.0530,222968,40818980.0910
1629763200000,328.630,333.120,286.050,296.380,393333.1,121958922.9230,314357,55396672.6440
1629849600000,296.220,309.810,283.550,303.700,303297.7,90592053.2000,254536,43905184.4150
1629936000000,303.760,311.460,273.140,277.330,382981.5,109947710.2700,301389,51560808.2070
1630022400000,277.320,312.510,266.590,306.010,538442.6,157510607.1590,422742,76824012.4820
1630108800000,306.030,321.060,296.720,305.610,322411.8,98939081.7680,251576,46924376.6820
1630195200000,305.670,327.720,289.130,296.780,679046.3,207051353.8680,455589,106049228.4790
1630281600000,296.780,321.920,285.560,297.600,816435.6,245252117.5200,534710,130893695.0020
1630368000000,297.610,416.100,295.830,394.750,1688238.4,625410081.0450,1185808,311401437.7940
1630454400000,394.650,422.220,366.560,388.470,1066778.3,412856487.2270,753055,203064689.6210
1630540800000,388.480,419.670,380.160,399.900,745776.3,296989940.2130,489389,141875389.7220
1630627200000,399.900,430.180,393.390,406.580,617839.9,256409478.1460,458956,122176833.7790
1630713600000,406.680,419.740,395.270,398.160,313906.2,127927750.3480,275156,62726008.5890
1630800000000,398.310,408.550,385.970,402.850,286238.2,113999908.7460,232609,52765979.8130
1630886400000,402.900,407.880,364.570,395.790,395622.1,155647116.5260,300268,73216009.1600
1630972800000,395.660,398.550,270.000,330.700,739753.2,253454844.1220,545110,116105844.2560
1631059200000,330.660,355.550,307.270,341.020,710815.0,238741974.3820,517408,123582617.9420
1631145600000,341.090,393.310,325.400,389.940,531198.5,192789959.1510,382972,97395247.2580
1631232000000,389.730,428.050,355.000,385.570,925325.1,366871083.2920,666460,180531782.0280
1631318400000,385.590,425.660,375.000,419.430,530967.5,210726501.6310,389035,100870139.1460
1631404800000,419.420,451.780,405.000,434.920,922434.3,395045174.4480,638540,190128730.8870
1631491200000,434.840,446.870,374.000,405.120,600419.8,245601709.1570,466294,116381125.0670
1631577600000,405.090,438.560,396.140,418.310,388652.5,162139010.3330,298294,78245273.9220
1631664000000,418.300,435.890,405.310,429.320,220933.0,92084798.6630,190471,43634137.6160
1631750400000,429.350,441.740,400.010,409.580,350972.1,148738522.5570,270766,69899952.3840
1631836800000,409.660,417.740,384.160,390.200,202391.5,80729854.6070,195060,37248351.3140
1631923200000,390.190,422.100,385.180,418.890,217723.3,89193786.6690,190763,41995799.1820
1632009600000,418.960,424.110,395.050,400.790,174576.1,71452856.2890,154863,33163581.0400
1632096000000,400.760,402.450,324.740,332.650,398488.0,142101967.8650,352897,66264655.8690
1632182400000,332.660,349.310,296.510,306.140,388937.3,127103880.0560,319558,63277858.2500
1632268800000,306.100,351.130,298.380,347.960,362647.9,117866716.9060,287833,59134780.0250
1632355200000,347.960,358.820,337.130,357.680,225078.0,78160499.7040,189174,39268151.2950
1632441600000,357.670,365.000,301.000,332.410,368841.7,121660726.6560,296341,59939915.6680
1632528000000,332.370,339.290,320.500,326.720,190145.9,62461191.8330,164736,31982034.0850
1632614400000,326.780,333.160,300.480,323.920,236084.3,75521408.6870,184735,36773510.1820
1632700800000,323.830,346.280,314.280,315.110,251640.4,83616114.0290,197547,41296078.0290
1632787200000,315.110,344.600,308.440,317.290,341081.7,111200979.8610,254125,56585775.8200
1632873600000,317.220,341.400,314.000,322.080,233766.4,76820216.6650,189660,37479777.9460
1632960000000,322.140,337.030,320.200,331.140,208012.6,68636293.9960,177143,35193017.8170
1633046400000,331.250,353.780,328.220,348.980,244947.2,83688654.1860,195464,40244714.6070
1633132800000,349.020,364.910,340.740,352.850,182815.1,64295424.6950,155057,29978991.6250
1633219200000,352.960,357.360,341.660,346.380,162260.6,56892680.9510,142413,25894011.8770
1633305600000,346.320,347.300,324.010,339.550,195140.4,65870237.6280,162469,30430011.7740
1633392000000,339.700,344.500,328.960,337.340,168406.2,56862831.5190,145975,28637724.8610
1633478400000,337.440,340.770,314.580,333.590,212321.8,70036605.9880,188288,33076190.0910
1633564800000,333.690,370.000,326.560,355.780,357946.6,126445865.0030,265827,61082543.8970
1633651200000,355.840,360.710,340.010,344.540,183045.5,64501344.7930,151890,29310722.5340
1633737600000,344.630,366.050,340.870,354.050,166491.1,58686202.3680,147808,28094132.4490
1633824000000,354.120,372.820,333.140,334.880,265449.6,94774253.5350,208066,45861055.9340
1633910400000,334.740,346.330,321.180,330.650,187215.3,62902480.1010,151101,28425804.1010
1633996800000,330.780,330.860,306.280,323.610,217201.9,69286603.5700,163947,35609389.8340
1634083200000,323.590,367.880,311.370,366.370,435845.0,149280460.5870,280785,73960673.7410
1634169600000,366.440,377.830,347.000,350.930,423219.2,154569143.0150,274667,74705657.6010
1634256000000,350.860,373.390,335.110,348.780,358261.5,125391655.3440,271462,60877430.8150
1634342400000,348.740,360.460,337.150,341.710,173242.8,60494408.1890,150465,28690041.5290
1634428800000,341.410,351.990,329.530,351.110,182962.9,62974281.9110,141011,29241476.8120
1634515200000,351.160,365.680,340.000,362.690,254892.3,90085360.9560,198857,44750043.3790
1634601600000,362.640,380.940,357.240,380.220,312934.2,116008552.4250,234936,59480443.1640
1634688000000,380.070,383.730,366.490,378.590,205859.2,77378909.8630,164580,38100666.1650
1634774400000,378.520,385.630,360.390,368.990,245251.7,91806157.1110,190241,42334776.8760
1634860800000,368.950,389.290,367.250,375.010,236551.8,89138026.3030,171187,44740562.6470
1634947200000,375.060,386.660,371.640,382.270,158268.9,60136141.3210,128700,29999362.9450
1635033600000,382.360,407.620,378.630,399.740,277693.2,110067646.4490,217815,56952310.9910
1635120000000,399.680,415.370,395.500,402.650,234211.3,94806782.7680,197828,45072539.3110
1635206400000,402.630,409.390,383.000,390.690,185279.8,73213921.3670,154967,34083196.7300
1635292800000,390.910,396.920,345.050,356.770,272096.5,101048838.1370,233761,48262137.9350
1635379200000,356.770,379.370,354.830,364.560,188198.0,68974245.1270,170868,33716210.9760
1635465600000,364.690,373.180,361.650,367.460,156065.4,57324352.0860,146335,26563336.2760
1635552000000,367.370,380.400,362.760,373.330,157137.7,58224861.2890,138036,26444326.6180
1635638400000,373.360,379.460,353.120,370.710,134884.5,49321319.0950,121944,23684702.4980
1635724800000,370.890,412.630,359.360,410.290,239495.9,92750938.0980,226000,46112832.2260
1635811200000,410.330,455.470,397.780,443.350,349400.8,151026357.7300,319586,71119238.7090
1635897600000,442.840,460.750,421.590,454.800,217915.0,96177639.3800,205174,45209516.4110
1635984000000,454.700,460.620,431.410,441.840,146983.9,65133840.8360,145272,32395205.5220
1636070400000,441.960,454.500,428.900,450.730,143039.7,62809652.2670,142446,27970501.0670
1636156800000,450.700,461.800,432.580,445.420,159349.4,71235660.3070,159709,33166479.7940
1636243200000,445.460,514.560,441.010,513.110,249388.9,119071096.0030,242477,63153214.4640
1636329600000,513.080,519.000,476.600,483.050,224152.5,110404721.4710,225772,57319742.1810
1636416000000,483.070,485.060,450.000,452.890,171085.0,79818352.4020,162262,36315444.5530
1636502400000,452.880,471.430,388.420,427.430,266255.9,117884221.0360,249666,56352584.0270
1636588800000,427.340,452.300,413.870,440.370,180090.2,78132400.8960,161770,38916179.6080
1636675200000,440.260,444.430,408.460,423.260,152854.4,64665528.8900,144342,30984368.2360
1636761600000,423.280,435.910,412.600,428.710,110411.8,46766117.4630,112328,25393200.4400
1636848000000,428.660,435.880,420.410,434.290,94266.8,40472033.1910,106453,21609858.5190
1636934400000,434.320,442.200,408.730,410.210,129218.6,55051022.5300,134759,23719423.8870
1637020800000,410.340,410.420,351.330,366.650,248614.3,94196011.1070,239188,47147006.7820
1637107200000,366.770,376.230,352.410,367.940,159112.4,58077795.1100,176388,28629597.7400
1637193600000,367.910,372.870,331.510,339.250,175901.5,61799805.5550,184434,31748672.8120
1637280000000,339.390,365.500,327.630,354.910,165501.8,57683503.1050,172370,27897791.1160
1637366400000,354.830,368.170,341.320,366.970,134623.1,47907706.9920,139450,23563890.1530
1637452800000,366.970,371.960,358.440,364.670,127834.2,46574697.0590,125699,23164957.7200
1637539200000,364.930,366.440,335.440,338.100,177160.2,61656278.6640,169644,29887512.5010
1637625600000,338.080,352.900,326.000,343.700,191895.6,64568058.6750,174918,30475127.1120
1637712000000,343.770,347.390,323.500,328.180,155008.9,51862456.1650,143551,24760833.5470
1637798400000,328.180,350.360,326.310,339.450,135056.3,45752049.3980,116153,20005584.8750
1637884800000,339.490,340.360,298.830,314.790,234107.7,74209462.1180,195605,34643004.2800
1637971200000,314.780,347.960,313.880,334.530,156982.0,52301950.5880,147502,25084678.9540
1638057600000,334.470,356.030,319.410,350.250,302554.5,103629103.2710,265936,49001452.0280
1638144000000,350.250,372.760,349.210,366.310,169010.6,60835445.0990,152995,30074387.4050
1638230400000,366.260,394.810,357.620,392.860,249706.9,94519146.6500,234271,45572952.7180
1638316800000,392.860,405.410,381.640,391.240,168943.4,66326333.5820,178312,33285044.2920
1638403200000,391.220,391.640,365.170,366.530,111831.0,41818108.3060,121387,23379796.3140
1638489600000,366.600,371.160,331.910,345.590,163549.0,58215277.7830,147636,28163811.4490
1638576000000,345.610,345.790,246.660,301.590,313230.7,92750988.2590,243408,46948656.5620
1638662400000,301.680,306.120,277.550,294.520,199133.8,58333109.9730,170950,28453315.3360
1638748800000,294.450,294.710,255.790,287.470,234895.1,64307960.3360,203367,32192155.4370
1638835200000,287.410,318.980,283.430,295.640,206019.7,61277483.7450,192923,30150098.0750
1638921600000,295.530,314.800,286.900,307.190,183725.6,55345361.3710,165683,29044215.5610
1639008000000,307.120,308.560,283.590,286.470,153953.5,45180829.0760,140983,21165165.2590
1639094400000,286.470,309.640,280.090,281.800,274601.1,81045476.9370,229066,39868072.9380
1639180800000,281.520,297.160,275.150,295.430,157947.4,45609805.0000,142449,24228734.9150
1639267200000,295.520,305.170,292.000,303.100,147761.9,44087263.8520,124231,21816840.2400
1639353600000,303.140,308.260,269.110,272.850,206632.8,59536939.5060,185335,28915842.9040
1639440000000,272.840,289.050,269.090,279.110,165298.6,45723855.0690,148691,22826641.8850
1639526400000,279.060,292.150,268.880,288.440,146741.4,41313535.4450,130803,20221409.6000
1639612800000,288.410,293.290,278.120,280.120,120787.4,34643301.5390,113504,17767428.6300
1639699200000,280.000,282.990,269.120,276.900,158652.3,43961292.6140,125932,22945030.4550
1639785600000,276.960,281.790,270.040,279.730,98030.8,27225115.4430,94404,12563423.0810
1639872000000,279.880,281.380,272.320,274.110,83649.6,23212000.7100,69575,11808797.4800
1639958400000,274.100,276.770,259.960,264.100,111925.7,29860910.0880,99475,14076188.7790
1640044800000,264.110,270.760,260.730,266.260,121375.1,32345013.0180,95081,14640890.7990
1640131200000,266.240,281.040,266.190,273.100,146430.9,40108712.1860,118493,18811608.2440
1640217600000,273.140,293.450,267.010,290.960,148774.4,41469837.2160,127922,19803979.2830
1640304000000,291.000,303.180,284.330,288.020,148281.3,43454187.2230,141159,21104525.6210
1640390400000,287.960,294.800,286.470,292.280,87887.6,25609315.1140,88482,12370849.0020
1640476800000,292.200,325.020,286.400,322.410,180717.3,55340860.5310,161985,28987134.7130
1640563200000,322.530,331.520,308.290,322.580,265463.3,84990852.7200,221142,39939091.9660
1640649600000,322.640,335.160,291.100,294.230,367633.0,116026411.7260,314638,55695247.7110
1640736000000,294.330,303.610,278.670,283.900,164491.9,48371009.8650,144441,22913612.2400
1640822400000,283.830,287.480,276.300,279.840,116026.1,32710065.0190,109625,17030504.2480
1640908800000,279.800,287.770,270.740,276.490,117043.5,32783568.8250,102024,16988802.7360
1640995200000,276.490,288.980,275.100,288.620,84351.1,23737590.4770,90856,10988139.8500
1641081600000,288.520,298.500,282.650,295.090,92847.8,27048781.5600,111998,13450819.5670
1641168000000,295.120,299.770,285.140,289.900,140130.7,40826210.1580,147595,19631790.1990
1641254400000,289.900,309.940,282.470,295.580,182525.8,54383061.4790,185954,28218843.7580
1641340800000,295.600,307.810,254.400,266.530,193699.5,55746896.0770,192400,27268539.8640
1641427200000,266.600,272.590,258.290,269.170,154866.7,41057545.3430,136243,19902474.0570
1641513600000,269.140,274.120,245.630,250.430,179558.4,46145846.0960,175352,22704294.4200
1641600000000,250.550,254.900,231.050,239.840,179466.1,43434070.7690,170038,20483502.2670
1641686400000,239.750,251.860,238.230,246.760,132294.7,32384186.5310,118870,15420354.1240
1641772800000,246.750,250.390,228.070,241.240,183136.4,43894325.8950,161958,22087088.8230
1641859200000,241.280,261.660,239.590,260.430,172054.7,43354748.3020,150995,21573935.9600
1641945600000,260.460,279.070,259.850,274.890,203681.1,55614049.5190,173952,27025588.2860
1642032000000,274.910,280.890,264.220,266.060,170086.0,46319191.6120,161324,21306511.9150
1642118400000,266.110,289.360,263.830,281.490,240789.4,67866107.2230,200802,35751102.3200
1642204800000,281.500,289.880,279.830,289.660,112610.1,32067839.4080,104332,16078736.0300
1642291200000,289.660,292.730,273.630,277.670,142056.9,40030528.0180,121632,18236112.2590
1642377600000,277.700,278.300,255.120,258.820,133198.2,35337664.3390,112484,18853208.0320
1642464000000,258.820,260.790,247.410,253.000,142388.9,36045185.1250,110952,18816692.6470
1642550400000,253.010,254.020,240.490,243.260,112048.6,27594967.6120,94014,13591408.1350
1642636800000,243.220,256.850,238.260,239.120,107198.4,26624954.8220,91486,12322134.3190
1642723200000,238.960,240.870,210.030,213.880,226002.6,51340016.2140,196919,24878576.2550
1642809600000,213.860,217.390,172.920,190.040,294882.1,56745089.4720,242525,28378203.2380
1642896000000,190.220,197.960,180.770,191.180,205957.7,38970563.4400,145844,20057529.2430
1642982400000,191.210,191.270,161.700,174.640,327866.3,56334173.1150,237398,28235118.4720
1643068800000,174.620,180.810,169.570,173.460,226012.3,39523310.1670,151490,19008863.7130
1643155200000,173.500,181.260,161.990,164.960,286183.4,49739595.2120,182623,24671284.4300
1643241600000,164.960,168.710,155.360,164.460,307155.8,49800731.4970,191427,24283803.8600
1643328000000,164.550,169.400,158.740,168.730,253434.5,41758193.7350,155498,21403041.2980
1643414400000,168.720,174.030,166.890,171.020,177960.2,30359669.7510,122436,14158238.5790
1643500800000,171.010,173.770,161.310,162.940,196392.4,33085650.6070,121140,15296257.7080
1643587200000,162.880,165.290,153.950,159.320,240461.5,38393751.2620,136548,18210271.7120
1643673600000,159.360,175.790,158.300,170.960,288345.2,47938009.7060,167058,23239599.2080
1643760000000,170.900,177.460,159.690,161.810,372049.2,63222319.2330,198228,30116435.2500
1643846400000,161.830,163.560,155.360,162.840,233755.8,37145115.7220,137967,18265047.4310
1643932800000,162.820,182.780,162.140,180.250,467390.9,81930975.2950,246238,42345669.8230
1644019200000,180.250,188.960,178.740,184.360,180469.7,33366232.5740,121802,15847200.0490
1644105600000,184.330,198.810,179.590,195.510,209155.0,39498074.5710,131693,19738353.5670
1644192000000,195.590,203.290,192.760,198.140,209857.6,41384988.3710,138490,19388709.6090
1644278400000,198.170,204.990,184.560,192.050,254228.3,49378234.6130,162864,23969571.7380
1644364800000,192.070,194.940,184.610,191.890,200080.3,38081140.8420,127841,19332650.9310
1644451200000,191.900,193.400,177.860,178.660,233424.7,43405965.1340,139505,20996009.3400
1644537600000,178.730,183.600,160.760,164.800,184933.5,32391131.3610,114263,15207160.2740
1644624000000,164.830,172.070,160.170,166.650,154782.6,25664536.8850,102404,12979469.2910
1644710400000,166.680,171.790,160.340,162.830,124803.3,20891948.5690,83880,10768260.1890
1644796800000,162.840,168.570,158.700,166.850,128326.5,20999215.6200,88225,10250610.1540
1644883200000,166.860,178.460,166.350,176.100,121792.3,21139947.8840,84088,10223785.5180
1644969600000,176.260,177.620,166.140,166.800,184925.3,31787900.1730,113004,15053919.3230
1645056000000,166.810,169.880,154.560,155.310,219689.2,35827647.5930,127308,17089930.3300
1645142400000,155.340,159.540,147.560,149.680,181262.2,27940172.1050,103582,13339793.5110
1645228800000,149.670,153.840,145.810,150.940,111781.1,16767022.4240,67278,8201336.7770
1645315200000,150.950,151.320,135.730,138.680,152712.7,21508494.5580,81829,10529427.2150
1645401600000,138.680,144.100,125.040,125.700,291838.8,39743706.4650,139919,19846890.4470
1645488000000,125.750,133.060,121.710,129.700,209921.8,26812900.5060,111001,12679168.1670
1645574400000,129.660,135.190,122.490,123.010,321729.9,41596754.9830,140759,20368548.9150
1645660800000,123.000,124.920,105.090,117.710,514557.8,57999122.1580,236900,29545833.8280
1645747200000,117.730,126.460,113.580,124.700,359315.9,42874331.8320,162950,21274370.5740
1645833600000,124.700,129.800,121.590,124.730,246923.0,31068194.6950,128873,14223406.4730
1645920000000,124.730,126.600,114.800,117.430,211953.6,25653206.6910,117143,12524719.6280
1646006400000,117.390,130.090,114.620,129.840,201804.3,24332818.2040,109681,12422823.8750
1646092800000,129.820,142.310,127.720,138.270,422572.7,57431948.8510,269483,27830579.0130
1646179200000,138.260,140.680,133.060,138.300,268905.7,36922263.8130,172653,17992384.2060
1646265600000,138.300,143.360,130.510,131.810,275044.4,37502361.2650,161987,18872517.7220
1646352000000,131.800,132.270,118.720,120.700,200328.8,25452964.4260,117991,12366058.8820
1646438400000,120.710,124.300,116.280,122.460,172367.9,20851994.2040,100926,10289073.9590
1646524800000,122.440,124.220,116.810,119.520,189927.1,22955419.3300,114151,11933155.8580
1646611200000,119.510,127.390,115.030,120.190,293959.4,35319332.9540,156991,17568720.0730
1646697600000,120.190,127.950,119.200,122.330,258255.1,31906078.6840,146662,15850769.4010
1646784000000,122.360,136.880,122.020,134.970,209049.5,27549365.7170,113020,12882863.1190
1646870400000,135.000,139.830,122.550,126.390,319782.8,40952514.8120,159600,20125030.3960
1646956800000,126.390,131.980,120.860,123.620,284096.9,35991032.9350,148111,17142019.5740
1647043200000,123.620,127.530,122.870,123.780,126659.7,15771425.1650,74945,7645744.8810
1647129600000,123.770,125.330,116.620,117.410,150699.1,18400875.4670,81369,8818593.3740
1647216000000,117.410,120.840,115.990,120.120,150407.4,17818980.8240,81384,8614544.8610
1647302400000,120.120,125.570,115.300,125.360,307989.2,37216657.7790,158753,18218438.8890
1647388800000,125.340,131.200,121.160,130.540,304192.8,38491363.4460,165619,19134445.3390
1647475200000,130.540,136.370,127.970,132.900,286666.5,38112489.8550,147720,18913308.4660
1647561600000,132.980,149.310,130.960,148.010,446615.2,62733789.0190,236877,31721463.3000
1647648000000,148.010,152.900,144.120,146.610,289736.8,42698930.4520,181213,20748268.5930
1647734400000,146.610,152.980,141.500,151.810,338341.5,49724616.6280,223164,24237879.5900
1647820800000,151.780,160.610,144.280,155.200,467761.2,72136526.9670,279007,35332885.2590
1647907200000,155.200,160.740,153.320,158.400,221220.4,34752664.8120,142341,17097440.3320
1647993600000,158.410,169.910,156.080,161.710,307100.5,50241241.2880,173855,25114407.1990
1648080000000,161.730,165.320,156.160,162.950,287206.6,46230282.5860,158831,21438349.6520
1648166400000,162.960,167.840,157.690,166.550,228417.7,37354366.9180,141267,18814333.8550
1648252800000,166.490,170.830,163.610,164.420,243649.6,40749450.7260,153841,19882507.5560
1648339200000,164.420,174.960,163.120,173.930,183847.2,30899962.9460,119455,14580909.7420
1648425600000,173.910,182.000,162.190,168.610,383620.8,67718174.1530,229900,31416785.2350
1648512000000,168.580,187.100,167.910,183.960,326784.8,58770151.5340,205032,27505392.1360
1648598400000,183.900,193.300,174.400,188.480,304788.3,56777887.2240,199812,27784143.5150
1648684800000,188.490,200.840,181.580,188.570,330254.8,63255113.0170,234283,30307110.0790
1648771200000,188.570,195.740,177.580,189.560,257691.1,48305824.2530,190687,23311635.7300
1648857600000,189.570,207.310,188.960,201.850,280009.2,56052584.6010,229298,27645451.4810
1648944000000,201.740,204.910,195.100,201.760,178128.8,35613222.5730,154096,16647721.8690
1649030400000,201.760,202.010,182.810,188.890,210406.6,40293714.1900,155412,19185383.1620
1649116800000,188.880,194.800,178.920,179.770,185938.2,35105013.0570,133208,16730709.9520
1649203200000,179.730,181.360,166.590,174.070,284908.3,49801343.7730,219540,23800101.5140
1649289600000,173.970,183.500,170.680,181.260,349702.9,62222520.7070,264046,30139755.3660
1649376000000,181.180,193.500,170.660,171.700,305552.7,56245636.1210,233588,28315087.8460
1649462400000,171.690,178.850,170.160,178.230,177053.1,30857000.5410,140402,14477387.9720
1649548800000,178.250,179.610,168.310,169.410,144903.0,25439297.5620,117640,12369071.1690
1649635200000,169.430,170.010,149.300,152.560,284021.0,45356391.1770,197804,21717149.8740
1649721600000,152.610,159.260,148.000,153.610,210380.7,32422204.5500,146642,15596483.0340
1649808000000,153.630,162.120,150.500,160.600,385307.7,60370528.2330,193900,30136658.2150
1649894400000,160.600,167.000,155.750,160.770,253784.1,40993619.6660,163209,19808086.2650
1649980800000,160.770,168.130,158.140,166.090,223394.5,36561180.3040,144319,17992350.6160
1650067200000,166.030,176.010,165.990,174.430,521594.2,90026036.5260,296920,47176170.7590
1650153600000,174.440,178.990,168.570,168.670,319481.4,55450935.5370,191391,27778542.3360
1650240000000,168.650,168.690,155.000,167.190,332718.4,54082658.9290,205473,26015616.0300
1650326400000,167.170,178.790,163.200,176.520,226905.3,38511135.6520,154289,18258733.2890
1650412800000,176.470,186.450,173.200,180.650,388923.7,70379963.8890,255867,34300020.1370
1650499200000,180.670,184.900,164.400,167.910,255008.6,45272354.7620,177263,21226374.6370
1650585600000,167.950,173.450,162.240,164.330,196618.8,33000133.5610,138055,16204067.3640
1650672000000,164.330,167.260,158.740,162.190,179891.2,29407627.8830,105956,14048421.8880
1650758400000,162.180,163.580,156.790,159.210,123474.8,19842563.8400,90554,9640548.8910
1650844800000,159.210,164.360,148.920,164.310,219058.3,34126633.4060,143364,16451265.7460
1650931200000,164.320,166.380,151.880,154.760,247613.5,39472941.1570,152193,19235125.9880
1651017600000,154.790,163.480,154.210,157.970,221145.1,35032348.6370,144524,17491056.6340
1651104000000,157.970,161.510,154.280,157.790,177999.3,28131131.9540,117339,13494933.7080
1651190400000,157.800,159.830,144.840,145.080,201988.8,30997762.2480,126917,15311664.8920
1651276800000,145.100,149.080,125.330,131.410,201788.2,28376513.9100,124594,13598096.5320
1651363200000,131.390,137.100,128.220,132.450,246616.7,32686966.5320,126782,16057212.8170
1651449600000,132.380,135.720,125.820,130.820,231080.3,30294038.1730,124683,14883541.0880
1651536000000,130.790,135.130,126.030,127.420,203765.8,26694411.4010,92340,13434374.8740
1651622400000,127.430,142.890,126.870,140.390,266044.0,35507231.5200,129058,17897473.5560
1651708800000,140.380,144.360,125.260,127.390,274556.3,36739897.2190,144014,17623717.6600
1651795200000,127.390,131.400,120.530,126.190,385670.5,48368747.9810,158799,24206248.2590
1651881600000,126.170,127.100,115.000,117.650,269812.8,33163272.0210,120374,15894737.7570
1651968000000,117.660,118.600,111.190,112.060,286314.6,32738958.6860,125802,16195538.4270
1652054400000,112.100,115.340,92.860,94.140,691227.6,71147576.1160,269086,35689935.0430
1652140800000,94.150,104.570,88.840,92.560,761815.0,74275884.8070,349143,37336292.3210
1652227200000,92.660,95.610,70.960,73.330,1036121.2,85643699.2250,444607,43056662.0620
1652313600000,73.330,76.890,61.410,69.000,972729.9,67142382.3960,398432,34683675.9050
1652400000000,69.020,83.650,67.040,73.830,589575.7,45653832.3460,223142,23332241.9960
1652486400000,73.750,78.720,65.580,74.050,759924.4,54369932.3100,211285,28466682.9090
1652572800000,74.040,89.300,67.500,81.120,1860504.6,138016651.0400,424218,71835911.1000
1652659200000,80.980,85.600,68.520,73.680,2141910.3,165412605.7040,571681,81632939.6360
1652745600000,73.720,87.880,72.820,81.770,1522627.8,123615088.3340,428742,61904548.9670
1652832000000,81.770,83.810,71.630,76.140,1111533.1,85408363.1390,265696,42621454.8240
1652918400000,76.180,82.650,70.960,80.430,1034976.8,79195251.0250,279136,40621157.8850
1653004800000,80.450,81.680,73.170,75.210,586622.8,45663481.8270,170836,22496113.1250
1653091200000,75.210,80.480,73.150,80.070,485330.1,37136865.3190,139893,19199506.5000
1653177600000,80.070,82.220,78.080,80.220,432951.1,34871522.1060,129549,17051997.0680
1653264000000,80.230,89.120,78.290,82.790,675008.5,56945612.3270,200376,27902284.7870
1653350400000,82.780,86.260,75.000,81.820,674815.5,54525521.2980,226451,26983710.4720
1653436800000,81.810,86.540,78.580,79.340,573847.0,47026453.9230,193108,23416914.1450
1653523200000,79.310,81.080,69.000,69.690,711732.4,52208690.5850,217287,25413035.7940
1653609600000,69.650,71.380,64.650,66.530,760789.4,51743110.7980,237665,25798737.4260
1653696000000,66.500,69.080,65.140,67.550,415966.2,28109215.0770,121631,14172445.4280
1653782400000,67.530,72.860,65.240,71.720,503048.7,35053403.5760,146795,17802897.8630
1653868800000,71.730,77.980,70.860,77.880,533964.9,39758558.3490,179982,19666908.0270
1653955200000,77.890,82.790,73.260,79.750,689233.4,54168347.9870,224614,27171254.2320
1654041600000,79.730,88.000,69.740,72.900,1755993.8,139801733.0450,452863,69623142.1870
1654128000000,72.910,74.220,70.400,73.280,695509.7,50393273.2440,224319,24849526.2710
1654214400000,73.280,73.450,67.400,68.190,491689.7,34341141.6000,149007,17396815.2550
1654300800000,68.180,70.290,66.530,68.680,347682.5,23792892.1690,101329,11804396.2550
1654387200000,68.680,69.440,67.050,67.820,282385.5,19264689.9710,91684,9315435.7930
1654473600000,67.830,73.180,67.500,70.180,405748.6,28683482.3980,120769,13579417.2750
1654560000000,70.190,70.260,65.500,67.320,498623.6,33704671.5180,139995,16489234.5360
1654646400000,67.320,69.220,64.970,66.260,404093.9,26976268.6310,108392,12692419.9420
1654732800000,66.290,68.400,65.370,66.430,267257.5,17886303.9630,77424,8515050.4150
1654819200000,66.410,67.600,57.920,58.530,477553.5,29803953.2910,122946,13600884.3770
1654905600000,58.510,60.550,55.050,57.060,521303.3,30116094.2140,123332,14933110.8970
1654992000000,57.100,57.560,50.560,50.770,638885.0,34173900.9730,155575,16771019.4360
1655078400000,50.760,51.820,42.870,46.240,1144315.4,53083375.0660,277341,26343999.5490
1655164800000,46.230,52.440,43.010,50.880,847883.1,41305807.4330,208418,20458440.8040
1655251200000,50.890,58.240,47.040,58.150,1910356.3,96997256.2540,349691,50080670.1100
1655337600000,58.090,58.740,48.010,49.100,618628.4,32293625.2200,165371,15784460.1830
1655424000000,49.090,51.010,48.430,49.020,404162.2,20028722.8730,117267,10156218.3350
1655510400000,49.030,49.720,44.070,48.430,717662.6,33710304.4670,185030,17291557.7560
1655596800000,48.410,52.150,46.030,50.930,516738.8,25100216.7380,144541,12695831.9050
1655683200000,50.910,54.390,48.700,53.250,450144.2,23375399.0400,128584,11561152.6490
1655769600000,53.240,57.480,52.150,53.600,362654.4,20018239.7810,106837,9828214.3400
1655856000000,53.610,54.930,51.040,51.820,310164.5,16359310.9020,96844,8097584.2800
1655942400000,51.830,54.590,51.710,54.090,261691.4,14008180.0510,76450,7005195.6890
1656028800000,54.080,58.220,53.920,57.140,411771.6,23143664.6160,101475,11475714.4220
1656115200000,57.150,58.290,54.000,57.330,305619.2,17225816.7310,86415,8264683.9530
1656201600000,57.330,58.720,51.950,52.310,365010.7,20411167.4900,96021,9818986.0750
1656288000000,52.320,55.820,52.120,52.990,403705.5,21722556.9560,95899,10756339.8310
1656374400000,53.000,54.910,49.590,50.180,456505.9,23840906.0210,106337,11506687.5150
1656460800000,50.170,50.980,48.030,48.940,433789.3,21418976.2000,106306,10702960.4670
1656547200000,48.940,49.260,44.810,48.270,499751.9,23272016.2690,112606,11692977.4120
1656633600000,48.290,49.850,46.080,48.520,575428.0,27582693.0460,122619,14155895.1970
1656720000000,48.530,49.510,47.350,48.800,366531.5,17709643.6130,85718,8662105.4420
1656806400000,48.800,49.860,47.240,49.480,243547.7,11823846.5480,62285,6160603.1140
1656892800000,49.480,51.850,48.300,51.510,352381.6,17554156.6070,77175,8450876.4470
1656979200000,51.510,52.130,48.770,50.280,347335.1,17566828.0570,87527,8760286.0050
1657065600000,50.290,52.120,49.360,51.280,287621.9,14576673.7050,78144,7032857.5260
1657152000000,51.270,53.080,50.960,52.490,234561.3,12196409.8230,66837,5899363.9620
1657238400000,52.530,53.890,50.790,51.700,316173.6,16542400.7290,80593,7903722.2300
1657324800000,51.690,53.800,51.670,53.050,184598.0,9779526.6790,49330,4923955.5290
1657411200000,53.040,53.180,49.670,49.930,190476.1,9741490.3280,53389,4739511.9470
1657497600000,49.950,49.950,46.410,46.610,259790.8,12608169.0000,67705,5983634.3190
1657584000000,46.610,48.560,46.060,46.730,279072.0,13220354.6750,77645,6420901.4250
1657670400000,46.730,49.340,45.000,49.020,430914.4,20504048.7600,108027,10141528.2330
1657756800000,49.010,51.880,47.240,51.570,299867.5,14734353.4450,83118,7434520.6440
1657843200000,51.560,55.730,51.040,54.400,656916.3,35494186.6520,143817,17891822.3630
1657929600000,54.400,56.890,52.650,56.460,337835.8,18443165.2910,83759,9491651.3660
1658016000000,56.450,57.890,54.150,54.410,248272.5,13870618.4300,68991,6823253.3500
1658102400000,54.410,64.240,54.330,63.720,620996.0,37483757.8040,153788,18499531.8990
1658188800000,63.720,65.550,61.230,63.020,550729.4,34826532.3680,151527,17659163.9100
1658275200000,63.020,65.750,58.210,59.850,433815.5,27104951.3200,124333,13172917.4010
1658361600000,59.850,61.870,57.490,61.130,304060.8,18153437.9350,90256,8920947.3880
1658448000000,61.130,69.750,60.740,66.450,1054516.0,70951145.2390,233863,37337430.1700
1658534400000,66.450,69.700,63.420,66.970,581606.0,38451543.1190,152738,19151983.8350
1658620800000,66.970,68.020,64.400,64.690,326089.8,21661676.2880,97826,10720029.3530
1658707200000,64.690,65.240,58.220,58.320,378161.0,23296374.8260,104025,11301458.8970
1658793600000,58.340,58.420,55.340,57.930,353709.0,20060892.6450,98809,10017509.1060
1658880000000,57.920,62.440,55.880,62.240,400629.0,23246233.0530,97307,11681575.5480
1658966400000,62.240,67.230,60.680,65.300,484573.5,30985684.4820,126181,15358578.6480
1659052800000,65.300,67.350,61.840,63.720,448321.7,28773430.1920,121874,13915761.8050
1659139200000,63.730,66.690,62.500,63.100,280878.9,18272046.7570,88464,8985958.8510
1659225600000,63.100,68.320,61.940,63.600,409510.9,26679189.6980,113717,13383396.2820
1659312000000,63.600,69.200,62.480,63.990,586495.3,38309728.3920,133214,18622448.0560
1659398400000,63.990,64.690,59.570,60.760,444802.8,27333374.3560,119971,13590785.7030
1659484800000,60.760,63.860,58.890,61.290,358372.0,22128115.8090,94221,10546066.8900
1659571200000,61.280,62.920,59.800,60.850,290541.4,17800799.0920,84676,8813075.4120
1659657600000,60.820,63.810,60.390,63.450,330268.0,20683944.0700,89125,10344223.3730
1659744000000,63.470,68.560,62.930,66.370,637443.4,42465431.0310,146140,21882740.7790
1659830400000,66.360,68.000,64.870,65.670,567100.5,37684789.9140,131492,18039931.8550
1659916800000,65.680,67.970,63.120,64.710,784731.5,51719270.6030,170651,24303980.3040
1660003200000,64.690,65.700,59.010,60.110,669437.7,41457707.8050,139256,19707109.6120
1660089600000,60.110,64.360,58.000,62.880,698276.9,42617260.9480,153421,20113328.2700
1660176000000,62.890,64.320,60.230,60.700,427177.0,26870997.0200,105200,12831311.6610
1660262400000,60.710,61.360,58.900,60.950,423479.1,25566197.6490,100398,12283322.2800
1660348800000,60.950,62.260,60.270,61.130,318673.6,19488653.7910,84292,9323488.7370
1660435200000,61.130,63.510,57.460,58.710,538374.6,32744358.7730,123966,15512710.8680
1660521600000,58.730,60.540,56.780,57.620,427545.2,24948615.8980,104092,11865882.7210
1660608000000,57.620,58.360,55.630,56.010,486230.0,27707369.1740,107214,13455021.8570
1660694400000,56.000,58.360,54.090,54.820,458055.5,25656881.9000,110078,12070016.0270
1660780800000,54.830,55.840,50.380,51.570,441550.4,24091539.2160,98210,11204429.5800
1660867200000,51.570,52.000,45.850,48.480,722912.5,35346139.1950,141727,17102083.5920
1660953600000,48.480,49.780,46.690,48.440,450878.5,21848568.7160,97749,10860249.1490
1661040000000,48.440,50.970,47.850,50.650,422454.5,20903374.6410,87534,10463516.8150
1661126400000,50.630,50.910,46.570,50.550,522271.3,25406864.6490,105947,12621993.5710
1661212800000,50.550,50.970,48.210,49.580,466421.0,23235237.1020,103371,11255807.7390
1661299200000,49.600,50.280,48.090,48.910,457539.5,22539327.8310,95612,10822362.9680
1661385600000,48.920,50.660,48.180,48.450,407490.9,20129708.2420,84316,9884627.6730
1661472000000,48.450,49.180,43.770,44.420,655449.0,30826329.2270,125889,14525828.9860
1661558400000,44.400,46.080,43.740,45.700,346735.9,15622241.8020,78659,7812307.2900
1661644800000,45.700,47.420,45.170,45.410,387379.6,17879465.2990,89801,8802130.4280
1661731200000,45.400,50.200,44.960,50.040,638482.9,30446633.9000,131380,15810196.0870
1661817600000,50.040,50.460,46.520,47.440,490036.6,23852841.4130,112432,12031021.1720
1661904000000,47.450,49.740,47.120,47.300,312126.6,15171877.7120,83312,7434582.6580
1661990400000,47.310,47.840,45.440,47.410,288237.3,13446690.3110,78125,6757484.8180
1662076800000,47.420,49.140,46.630,47.740,314035.3,15028302.2190,76951,7173044.2490
1662163200000,47.740,49.500,47.330,48.680,245511.8,11879327.0860,64042,5913336.6720
1662249600000,48.680,51.680,48.680,50.540,763091.3,38390498.9510,135624,20211512.4740
1662336000000,50.530,51.460,48.570,51.320,522644.4,26018043.9010,101464,13064634.9240
1662422400000,51.310,52.590,45.280,45.460,640487.4,31586309.9510,135749,15219307.7920
1662508800000,45.450,49.060,44.930,48.280,340948.2,15965425.3870,84735,7914194.8680
1662595200000,48.280,50.290,47.960,50.150,321813.9,15768985.1440,82345,7865289.6390
1662681600000,50.140,54.290,49.890,52.610,424585.1,22198127.3210,108872,11190876.6310
1662768000000,52.610,53.310,51.460,52.230,251170.1,13108174.7480,76674,6382202.5960
1662854400000,52.230,53.580,50.700,51.860,298772.5,15662301.2020,82828,7717751.2640
1662940800000,51.860,54.430,50.750,52.120,367945.7,19392760.1680,105473,9401605.4240
1663027200000,52.100,52.230,46.020,46.320,453116.8,22346229.8090,115945,10680156.1040
1663113600000,46.330,47.890,46.050,47.470,314824.6,14809018.3170,82044,7234065.1390
1663200000000,47.470,47.790,44.100,44.430,409384.5,18787740.5220,97797,9041498.1040
1663286400000,44.440,44.650,42.520,43.920,427550.1,18643565.1720,92410,8796664.9540
1663372800000,43.920,44.910,43.590,44.700,280235.0,12389392.3190,60866,6131800.7320
1663459200000,44.700,44.730,38.000,39.560,546505.6,22896864.5000,103137,10842305.2080
1663545600000,39.560,40.280,37.590,39.940,813533.2,31682011.5130,137829,15316622.4480
1663632000000,39.940,41.160,39.140,39.930,546345.3,21966552.8850,111443,10654456.1790
1663718400000,39.930,43.980,39.110,40.040,1473483.7,61241927.9470,248781,30809311.9150
1663804800000,40.040,42.650,40.010,41.710,521845.9,21624325.3030,105027,11286639.4120
1663891200000,41.700,42.610,39.570,42.180,654245.1,26805186.4840,119644,13454511.6630
1663977600000,42.180,42.670,40.730,41.010,243613.0,10205253.3450,62728,4982990.8460
1664064000000,41.010,41.900,39.650,40.340,302862.9,12371456.8950,64823,6105747.3300
1664150400000,40.350,42.490,39.800,42.070,682147.0,28240397.7690,117293,14292478.2030
1664236800000,42.080,45.350,41.960,42.440,869156.1,38155065.4250,140909,19002074.3190
1664323200000,42.440,44.780,40.430,44.030,627013.9,26733245.8890,110764,13240696.9920
1664409600000,44.050,44.460,42.050,43.030,551778.1,23825274.4490,106467,12207665.9500
1664496000000,43.030,43.770,41.720,42.150,417116.4,17869651.8190,84319,8326676.8040
1664582400000,42.150,42.850,41.600,42.030,208810.1,8840916.2240,46449,4352941.6630
1664668800000,42.030,42.490,40.330,40.550,274011.2,11384754.9850,58225,5325849.6420
1664755200000,40.560,42.790,40.030,42.570,318920.6,13266788.0080,62375,6696115.5530
1664841600000,42.560,44.440,42.220,43.870,349538.3,15177805.8620,71804,8014787.5940
1664928000000,43.880,44.100,42.030,43.250,331618.6,14253067.5730,68499,7002193.4220
1665014400000,43.250,44.020,42.000,42.550,420981.7,18048473.5040,76567,8963647.8600
1665100800000,42.550,43.550,42.200,42.280,421187.7,18099741.0090,77142,9371320.1210
1665187200000,42.280,43.950,41.630,42.550,383354.0,16483922.2820,68655,7889924.3530
1665273600000,42.550,44.070,42.350,43.530,306176.6,13230781.1780,59110,6548294.1200
1665360000000,43.540,44.290,41.790,41.850,572440.8,24561283.7500,94766,12282465.8670
1665446400000,41.840,41.850,40.300,40.970,372093.7,15337930.6190,73408,7393533.1200
1665532800000,40.960,41.300,39.650,40.050,298270.9,12086587.8360,64872,5634294.6100
1665619200000,40.050,41.260,36.020,40.610,763862.3,29402144.2710,117983,14229429.5380
1665705600000,40.610,42.370,39.210,39.900,451508.1,18427077.7790,78631,9472946.7310
1665792000000,39.890,40.300,38.320,38.840,250265.3,9879549.1280,51234,4747031.4240
1665878400000,38.830,39.610,38.310,38.610,294153.7,11474932.2300,53295,5835671.5390
1665964800000,38.600,39.580,37.500,38.070,659958.4,25279850.4360,96134,12385788.8750
1666051200000,38.070,38.350,36.710,37.550,807162.3,30355024.2720,110942,14054690.0340
1666137600000,37.550,38.390,36.610,37.020,774872.7,29157471.7360,100574,13866898.0620
1666224000000,37.030,38.150,35.480,35.910,649057.4,23967556.0980,95396,11400805.2080
1666310400000,35.910,36.050,34.230,35.020,807813.7,28267532.9370,111292,14158810.8890
1666396800000,35.020,35.230,34.330,34.550,460508.0,15968594.0020,64167,7771432.8520
1666483200000,34.550,34.900,33.460,34.730,674844.7,23049856.2460,84389,10558287.3960
1666569600000,34.730,35.070,33.270,34.100,1049361.4,35806488.9800,122416,16928942.6560
1666656000000,34.100,36.390,34.060,34.870,1028880.6,36189343.2570,134556,17374351.1330
1666742400000,34.880,36.090,34.730,35.970,1034883.0,36712499.5470,131206,18143683.0210
1666828800000,35.970,37.280,34.640,34.870,997504.7,35815104.7850,127768,16766995.7600
1666915200000,34.870,35.880,34.230,35.330,492227.7,17252014.4730,87377,8103871.5330
1667001600000,35.320,36.690,35.300,35.890,701601.7,25242807.2520,113491,12304977.2780
1667088000000,35.900,37.180,35.610,36.500,587044.4,21373335.7580,103605,10140502.7410
1667174400000,36.500,37.210,34.650,34.870,927672.3,33249169.0190,139750,16218858.0770
1667260800000,34.870,35.330,33.720,33.850,928048.5,32012102.2450,121590,14778813.7040
1667347200000,33.860,34.250,31.770,32.470,1159768.0,38355864.0610,147930,18191216.5530
1667433600000,32.470,34.210,32.370,33.620,692192.1,23250823.5760,101346,11156819.9290
1667520000000,33.620,36.360,33.360,36.310,981669.0,34336590.3950,137234,16207629.5130
1667606400000,36.300,39.980,36.140,38.690,2518073.9,96688713.5670,299595,47993849.3580
1667692800000,38.690,39.030,36.020,36.050,1420907.4,53798059.6430,193944,25757277.4180
1667779200000,36.060,37.110,34.470,35.600,1239195.2,44539406.6490,163397,20628989.1870
1667865600000,35.610,36.160,25.310,29.980,2878893.6,92327914.2990,341963,44468537.4170
1667952000000,29.980,30.230,23.510,24.590,2123329.3,57061880.5960,254920,28029239.4860
1668038400000,24.590,29.030,24.110,28.200,1422759.1,38706661.1800,179190,18809639.6470
1668124800000,28.200,28.600,24.960,26.180,1032537.8,27128784.9310,151687,13682677.5810
1668211200000,26.180,26.250,23.860,24.140,532446.0,13134385.4530,81593,6348444.0450
1668297600000,24.140,24.870,22.790,23.160,779970.2,18697507.7340,99592,8976575.2200
1668384000000,23.150,24.540,21.730,24.310,899100.2,20745093.1530,112044,9961643.4020
1668470400000,24.310,25.780,23.890,25.070,582606.7,14536826.2920,72848,7168114.6440
1668556800000,25.070,25.540,24.220,24.690,464658.0,11558172.7740,60506,5649130.0810
1668643200000,24.680,25.000,24.000,24.190,599760.8,14672910.5830,72647,7003359.1070
1668729600000,24.200,24.910,23.730,23.920,381324.6,9281659.9360,46687,4399882.9850
1668816000000,23.920,24.740,23.490,24.640,360219.7,8697724.2570,44576,4039325.4180
1668902400000,24.640,25.030,23.410,23.440,613777.4,15029607.1010,74769,7679609.8490
1668988800000,23.440,24.360,22.610,24.220,727008.5,17070476.8010,86623,8033391.9220
1669075200000,24.210,25.640,23.250,25.630,768904.5,18733654.6280,88767,9344290.2860
1669161600000,25.630,26.470,25.210,26.310,568875.3,14789013.1540,68216,7591043.6970
1669248000000,26.320,26.790,25.710,26.490,335404.5,8786871.4790,51308,4437032.4510
1669334400000,26.470,26.970,25.750,26.240,597680.8,15803531.8210,84420,7871792.7140
1669420800000,26.260,27.080,26.230,26.600,371696.3,9907627.2660,59987,5058487.6560
1669507200000,26.620,27.290,25.670,25.780,500483.0,13313499.5580,72615,6268645.2570
1669593600000,25.790,26.130,24.770,25.580,537380.7,13634940.6160,75199,6689899.7930
1669680000000,25.590,27.130,25.360,26.810,548031.5,14542812.7910,79987,7489167.2300
1669766400000,26.820,31.500,26.790,29.810,1526957.4,43856322.3170,181838,22660605.3250
1669852800000,29.810,30.870,29.210,30.140,1077733.8,32195101.1000,143889,16172306.5440
1669939200000,30.140,31.080,29.320,30.750,680353.4,20557518.3900,105933,10192666.4290
1670025600000,30.760,30.900,29.050,29.370,459095.8,13820781.0070,85600,6783364.7740
1670112000000,29.370,29.660,28.580,29.380,395127.1,11514773.7140,74394,5634273.8080
1670198400000,29.390,31.330,29.380,31.030,1132292.1,34608634.9500,152001,17646613.0330
1670284800000,31.020,31.800,30.200,30.520,1279047.4,39838091.0240,170027,20514411.4320
1670371200000,30.530,31.000,28.930,29.280,821880.8,24679056.4880,124080,11951265.7720
1670457600000,29.280,30.500,29.030,29.800,617803.1,18327810.6100,98113,9451100.6960
1670544000000,29.810,29.990,28.830,29.260,328148.7,9673549.0210,59919,4764445.0840
1670630400000,29.250,29.970,29.200,29.750,304988.0,9038572.8530,51959,4502097.3280
1670716800000,29.740,30.630,29.470,29.530,481379.1,14498390.7050,70834,7239563.1130
1670803200000,29.530,29.590,28.070,28.840,697382.0,19935326.4690,101701,9524769.6780
1670889600000,28.840,29.200,27.630,28.880,611368.4,17420741.2550,83037,8857876.9550
1670976000000,28.890,29.110,27.340,27.480,531729.8,15030524.1570,74525,7188943.2530
1671062400000,27.490,27.780,26.830,27.290,637148.8,17432665.7020,81291,8263483.5970
1671148800000,27.300,27.670,24.080,24.560,567945.5,14917682.7200,83411,7082436.8250
1671235200000,24.550,25.610,23.910,25.580,442363.6,11043433.6440,55986,5435979.2830
1671321600000,25.590,25.790,24.860,25.360,287056.9,7275250.9870,43627,3581081.4770
1671408000000,25.370,25.830,24.070,24.190,464783.9,11668108.9410,57681,5711732.4150
1671494400000,24.180,25.160,24.030,24.720,459313.5,11352414.7250,60984,5796843.4150
1671580800000,24.720,24.790,24.070,24.490,317656.3,7757759.0540,42885,3890826.6370
1671667200000,24.490,24.940,24.240,24.890,339786.9,8350469.7630,47362,3997801.1610
1671753600000,24.900,25.380,24.740,25.330,268524.0,6736189.4480,39103,3253815.7410
1671840000000,25.320,25.390,24.940,24.960,192226.2,4841544.9940,29809,2511823.5440
1671926400000,24.970,25.400,24.440,24.990,296972.5,7400155.2460,41240,3569100.4690
1672012800000,24.980,25.730,24.860,25.650,312079.5,7912290.7400,42105,3948525.5610
1672099200000,25.650,26.070,24.800,25.490,386179.0,9854139.9930,51183,4941831.6120
1672185600000,25.490,25.690,24.290,24.710,532118.5,13263675.7180,59959,6398914.0120
1672272000000,24.710,25.750,24.510,25.650,598937.9,15155550.2740,67436,7892401.7380
1672358400000,25.640,25.670,24.330,24.560,458159.3,11366228.5170,53625,5575518.5600
1672444800000,24.550,24.640,22.840,23.110,712902.6,16867162.3320,67566,7941922.1700
1672531200000,23.100,23.240,22.050,22.440,1047984.7,23637196.3460,91485,11076067.7050
1672617600000,22.450,22.930,21.400,22.670,1488249.5,33140620.5130,115073,16070399.7580
1672704000000,22.670,23.210,22.320,23.110,1222272.9,27808015.4170,99255,13227036.8190
1672790400000,23.120,24.790,23.110,24.280,1425091.0,34114757.9100,117729,16567013.3510
1672876800000,24.280,24.980,24.040,24.680,981232.8,24064988.8800,92725,12213653.6810
1672963200000,24.670,25.170,23.860,24.960,802620.4,19624183.4140,77444,9919678.9680
1673049600000,24.970,25.230,24.180,24.350,446066.9,10974870.8140,49228,5287852.9990
1673136000000,24.350,25.500,23.930,25.340,706475.2,17336078.0790,69922,8585131.0190
1673222400000,25.340,26.650,25.190,25.840,998520.5,25928286.7540,94125,12962318.9460
1673308800000,25.840,26.900,25.370,26.630,877457.4,23156332.0180,79952,11379143.7460
1673395200000,26.640,27.450,25.990,27.270,747418.1,19834408.1560,75437,9767824.1490
1673481600000,27.270,28.560,26.740,28.330,933574.0,25739139.9210,91898,12804216.9700
1673568000000,28.330,29.140,27.530,29.030,648451.4,18305276.3050,73047,8853756.4570
1673654400000,29.030,33.960,29.000,31.280,1490088.3,46521899.6020,175813,23094669.4460
1673740800000,31.280,31.520,29.780,31.260,737790.3,22719477.4550,96662,10997219.0330
1673827200000,31.250,32.560,30.300,32.210,791953.6,25015397.1300,110085,12434603.0960
1673913600000,32.200,36.980,31.570,34.370,2805624.0,97832306.9430,357577,48411120.4000
1674000000000,34.370,35.560,31.500,34.280,1945271.7,66323348.1560,273714,32416643.1030
1674086400000,34.270,35.090,33.000,33.560,1176026.7,39906598.8880,154424,19864671.0670
1674172800000,33.560,36.390,33.050,36.160,1277436.9,44445721.2500,162875,21984508.6590
1674259200000,36.160,37.160,34.100,34.340,1172521.6,41924723.7910,167415,19357486.9940
1674345600000,34.340,36.370,34.200,34.780,729156.1,25688121.9940,124906,12348576.4880
1674432000000,34.780,36.090,34.500,35.700,688089.8,24395626.5530,107626,11975323.5150
1674518400000,35.700,36.290,32.050,33.220,635453.0,22319834.1690,103290,10533103.5330
1674604800000,33.210,35.600,32.000,34.830,654274.8,22078100.8450,110203,10689329.5830
1674691200000,34.840,35.430,33.540,34.410,520327.9,17958983.1460,99754,8874389.0880
1674777600000,34.410,36.820,33.560,36.580,688729.7,24457514.7610,113635,12037934.5040
1674864000000,36.580,37.780,35.770,36.120,667927.6,24620056.6790,112828,11632189.4580
1674950400000,36.120,37.320,35.620,37.190,522458.2,19146477.8880,94585,9279613.0950
1675036800000,37.180,37.750,32.740,34.140,765675.7,26936099.1930,140418,12724583.4730
1675123200000,34.150,35.860,33.910,35.370,537730.6,18911545.4520,111235,9066397.4180
1675209600000,35.370,36.750,33.730,36.500,617528.4,21756543.1950,129763,10598768.0690
1675296000000,36.510,38.470,36.220,36.800,627286.3,23393012.3020,129434,11261949.6910
1675382400000,36.820,38.580,36.550,38.100,448006.2,16887970.5500,97346,8478883.1060
1675468800000,38.100,38.790,37.460,38.040,272635.9,10402976.2180,62981,4859437.0320
1675555200000,38.040,38.640,35.060,35.910,525298.5,19352729.3580,103934,9020186.3890
1675641600000,35.920,36.420,34.830,35.180,298910.8,10727369.9440,66448,5229284.1050
1675728000000,35.170,37.300,34.970,37.180,415924.0,14962161.8470,79836,7527270.6240
1675814400000,37.180,37.600,34.220,37.200,629477.9,22733924.7460,119601,10964768.6170
1675900800000,37.210,37.810,32.160,33.230,1092940.0,38902514.1300,179101,18833755.6990
1675987200000,33.230,33.360,31.450,31.690,638939.5,20749867.0180,114569,10356078.5040
1676073600000,31.680,32.720,31.360,32.570,306213.5,9839144.0700,59796,4755328.1770
1676160000000,32.590,33.290,31.170,31.890,337350.3,10964335.2200,69742,5079077.6210
1676246400000,31.900,32.390,30.040,32.310,493974.5,15451580.3620,98277,7422150.3040
1676332800000,32.320,33.840,31.810,33.730,616187.8,20231807.1380,109693,9849605.4830
1676419200000,33.720,37.000,33.280,36.910,685021.5,23769245.0330,117163,12179487.4270
1676505600000,36.920,39.400,35.750,37.060,1003132.6,37859488.2210,172790,18367576.8830
1676592000000,37.050,44.520,36.780,42.950,2065167.6,83843741.1060,342268,42103307.8160
1676678400000,42.950,44.520,42.310,43.000,983364.6,42779066.2580,186252,20879999.8150
1676764800000,42.990,49.540,42.700,45.530,1545163.4,71175744.6280,292048,34551865.3580
1676851200000,45.520,45.730,43.600,45.160,648827.0,29111077.3110,144191,14058362.9950
1676937600000,45.170,47.170,43.120,43.890,773505.2,34788728.5220,177676,16189546.6200
1677024000000,43.890,43.980,40.210,41.360,568360.0,23610032.3600,133514,11567817.7080
1677110400000,41.370,42.870,40.680,41.580,460076.2,19202817.8150,113353,8937816.0530
1677196800000,41.580,42.110,37.310,38.330,667346.4,26468180.0480,135004,12400828.7780
1677283200000,38.340,38.700,36.470,37.990,419072.8,15864456.9710,100689,7404271.4190
1677369600000,37.990,39.320,37.830,39.040,386366.7,14983115.8410,97579,7490053.4960
1677456000000,39.040,40.310,38.010,38.970,445396.7,17396314.5790,104967,8553931.8210
1677542400000,38.980,39.190,35.870,36.090,620592.1,23142127.5970,119937,10712106.9310
1677628800000,36.100,38.330,35.760,38.160,535668.7,20079053.9440,112818,9755642.7620
1677715200000,38.160,38.330,36.140,36.430,362412.9,13375235.4510,89414,6359715.6100
1677801600000,36.420,36.500,32.410,33.970,687080.9,23355314.7420,127056,10784876.9900
1677888000000,33.970,34.490,32.600,34.200,384863.0,13022507.3410,83700,6239511.8490
1677974400000,34.190,35.250,33.610,34.570,618251.2,21481081.0200,111071,10601352.9440
1678060800000,34.560,35.370,33.930,34.620,629039.3,21895631.3230,124507,10719896.6800
1678147200000,34.630,35.080,32.450,33.060,541629.9,18271606.6180,104245,8532963.3060
1678233600000,33.070,33.460,31.000,31.780,495773.7,15995968.5330,100549,7571712.1080
1678320000000,31.780,32.530,30.250,31.800,882624.3,27864332.4240,154753,14123395.1880
1678406400000,31.810,32.320,28.660,32.180,1166360.9,35701132.1960,176747,17341932.2260
1678492800000,32.180,32.530,29.110,30.000,770361.8,23473633.3200,133141,11767769.6410
1678579200000,30.000,32.410,29.420,32.380,626678.5,19204705.0070,111346,9528549.7510
1678665600000,32.380,33.970,31.030,33.520,843537.6,27423505.5260,157224,13708106.0770
1678752000000,33.510,37.500,33.200,36.020,896953.3,31580492.4810,200234,15531910.0840
1678838400000,36.020,37.700,32.110,32.870,915276.4,31836546.0190,219548,15388864.0800
1678924800000,32.870,33.660,32.250,32.920,554059.4,18263325.1010,145590,8966429.2890
1679011200000,32.910,36.950,32.380,36.790,591371.0,20591106.0000,147195,10026768.1720
1679097600000,36.780,37.990,35.130,35.480,546647.5,20089592.3680,139627,9491377.1430
1679184000000,35.470,37.510,35.420,36.480,370324.3,13523463.4010,107250,6773536.0260
1679270400000,36.480,37.060,33.550,33.860,534417.9,18949843.1100,163516,9323066.0130
1679356800000,33.850,35.530,33.030,35.360,546326.9,18778434.1190,185711,9414499.5530
1679443200000,35.370,35.430,31.670,33.070,688787.8,23298204.1920,201088,11058842.4040
1679529600000,33.080,35.170,32.540,35.010,371081.6,12639845.2490,106520,6274365.3770
1679616000000,35.020,35.480,32.580,33.430,434432.9,14689943.1080,155996,7139927.4200
1679702400000,33.420,33.650,31.880,32.430,196857.5,6485894.9510,77693,3136392.4730
1679788800000,32.440,33.780,32.110,33.570,172247.3,5726244.8600,56011,2797551.2720
1679875200000,33.580,33.900,31.180,31.800,514425.2,16726886.9500,131192,8314135.7760
1679961600000,31.810,33.640,31.290,33.360,364383.1,11770776.2200,112964,5807872.0180
1680048000000,33.360,35.060,33.260,34.810,328832.5,11336894.3730,90698,5553633.3720
1680134400000,34.820,35.830,33.570,34.190,361582.6,12504122.4050,94108,6178592.5340
1680220800000,34.200,35.800,33.650,34.860,357060.4,12428132.9790,99450,6144348.4260
1680307200000,34.860,35.140,33.510,33.850,258662.2,8832299.5660,74590,4343252.5470
1680393600000,33.850,33.970,32.100,32.740,325730.4,10794761.8720,80435,5047165.3610
1680480000000,32.750,33.480,31.500,33.090,398122.1,12992149.5390,96099,6063833.7620
1680566400000,33.090,34.750,32.570,33.770,361792.2,12156193.5190,88359,5952104.3200
1680652800000,33.770,34.420,33.050,33.880,296361.3,10039405.6800,74508,4821099.4170
1680739200000,33.900,33.930,32.770,33.190,259384.1,8651336.4070,67333,3991129.0680
1680825600000,33.200,33.360,32.180,32.520,437133.6,14315191.2240,86087,6858295.9780
1680912000000,32.530,32.940,32.010,32.300,209768.7,6809119.3640,51494,3393720.4920
1680998400000,32.310,32.760,31.690,32.490,211384.7,6814664.9780,48534,3140228.0120
1681084800000,32.500,33.240,32.210,33.230,376107.9,12298517.3490,71524,5907837.1400
1681171200000,33.220,34.640,32.960,33.700,874468.1,29522415.5170,136167,14434485.6670
1681257600000,33.700,34.440,32.570,34.320,776822.3,25964150.3570,128709,12501453.5430
1681344000000,34.340,36.200,33.930,35.690,1033483.5,36376978.2410,144993,17935838.3830
1681430400000,35.680,37.790,35.500,37.320,1012400.7,36945508.2100,155239,17960305.3630
1681516800000,37.320,38.390,37.080,37.430,763043.3,28806005.8940,119347,14268296.6400
1681603200000,37.430,37.940,36.500,37.590,558309.1,20705199.2350,92129,10031140.5830
1681689600000,37.590,37.710,35.660,36.080,475845.8,17336083.7420,83183,8423084.5730
1681776000000,36.090,37.610,35.620,37.220,402788.7,14892233.0080,76347,6849159.8490
1681862400000,37.220,37.290,32.790,33.750,791287.3,27626712.2250,122059,13094529.6180
1681948800000,33.740,34.500,31.380,31.730,672651.2,22253455.3010,117026,10542843.3050
1682035200000,31.740,32.110,29.100,29.940,635876.7,19675765.4980,107339,9447434.8120
1682121600000,29.930,30.740,29.720,30.670,223170.2,6749767.6990,50906,3388090.4120
1682208000000,30.670,30.840,29.310,30.270,252167.8,7607335.2970,54827,3515686.5530
1682294400000,30.270,30.710,29.520,30.070,283186.4,8547073.4810,60773,4154847.7710
1682380800000,30.070,31.080,29.410,31.030,346386.9,10400816.6290,67817,5187592.5790
1682467200000,31.040,32.340,28.800,30.420,650027.1,20137365.3190,112601,9347197.6380
1682553600000,30.420,31.430,30.270,31.010,376519.0,11634128.1480,75334,5675211.5580
1682640000000,31.010,31.080,30.080,30.860,192382.8,5898414.0270,47531,2886247.4470
1682726400000,30.860,31.700,30.700,31.590,211632.1,6632271.9450,56149,3002563.0390
1682812800000,31.590,31.650,30.580,30.940,255608.9,7979170.8610,57909,3806853.4630
1682899200000,30.950,31.090,28.800,28.980,371661.4,11088498.2220,82844,5159945.7450
1682985600000,28.980,29.310,28.430,29.170,631654.1,18222007.7630,110668,8809925.1430
1683072000000,29.170,29.560,27.900,29.300,677875.0,19477519.4320,109798,9409644.7630
1683158400000,29.310,29.410,28.580,28.860,287711.8,8331844.6800,56411,4100563.8140
1683244800000,28.870,29.200,28.030,29.070,440269.5,12688048.1870,82447,6190813.8790
1683331200000,29.070,29.190,27.200,27.770,535070.5,15101803.4120,82247,7287594.0780
1683417600000,27.770,28.030,27.290,27.570,331695.6,9169051.0130,54065,4475162.9810
1683504000000,27.560,27.780,24.530,25.610,739929.4,19347782.9110,107694,9064004.3610
1683590400000,25.620,25.960,25.350,25.810,278050.4,7137988.7810,56336,3578222.4710
1683676800000,25.820,26.740,24.880,26.340,507357.5,13183848.2330,81916,6534211.7030
1683763200000,26.340,26.350,24.110,25.080,543059.0,13717735.8480,86494,6944102.4290
1683849600000,25.080,25.370,24.040,25.270,452656.6,11168954.5510,76638,5422566.9530
1683936000000,25.270,25.360,24.700,24.890,167910.5,4191450.9440,38119,2066958.9700
1684022400000,24.890,25.730,24.590,25.410,258227.4,6517194.0140,50531,3258784.4500
1684108800000,25.410,26.040,25.030,25.630,257279.6,6613529.2260,50908,3268815.0100
1684195200000,25.630,25.900,25.300,25.860,303130.3,7768533.9820,56245,3899450.2570
1684281600000,25.840,26.400,25.110,26.330,330329.9,8524171.5900,63694,3967942.6460
1684368000000,26.330,26.350,25.240,25.550,333708.3,8632749.0230,59466,4128274.9370
1684454400000,25.550,25.710,25.160,25.360,318680.9,8102445.1450,56925,4228076.1890
1684540800000,25.350,26.200,25.160,25.890,300997.0,7741861.3400,48811,3633164.0500
1684627200000,25.900,26.010,24.950,25.160,234508.4,5971281.4680,42909,2870750.8830
1684713600000,25.160,25.390,24.710,25.140,243287.1,6110285.4940,43656,3043027.7350
1684800000000,25.140,25.890,24.970,25.470,360702.3,9203857.6010,57680,4477238.7060
1684886400000,25.470,25.530,24.100,24.980,355963.9,8869445.0400,53234,4230778.2150
1684972800000,24.990,25.420,24.410,25.250,252506.1,6331078.2190,46425,3014476.3190
1685059200000,25.240,25.420,24.940,25.250,195449.8,4924897.6090,36255,2346934.7530
1685145600000,25.260,25.760,24.870,25.680,215237.9,5449762.6140,40469,2700011.8930
1685232000000,25.680,26.660,25.500,26.250,297871.7,7720041.7410,56360,3876652.5930
1685318400000,26.250,26.460,25.740,26.100,330788.5,8638921.4360,57675,4308225.0750
1685404800000,26.100,26.520,25.850,26.120,251503.4,6574544.8010,44874,3170734.1290
1685491200000,26.130,26.510,25.400,26.430,351228.7,9087317.4180,59646,4366362.6660
1685577600000,26.440,27.040,26.090,26.250,680479.9,18093507.6060,104841,8687739.0430
1685664000000,26.250,27.190,25.790,26.610,559132.6,14772804.0680,93098,7175621.0780
1685750400000,26.600,27.340,26.450,27.310,331375.8,8922551.1410,59684,4659486.4660
1685836800000,27.310,28.440,26.930,27.600,749423.8,20908571.7950,103811,10018247.0190
1685923200000,27.610,28.260,24.630,25.630,958154.6,25384596.4030,119556,12873353.8250
1686009600000,25.630,27.240,25.350,27.120,603165.5,15820483.0820,91974,7881132.8040
1686096000000,27.130,27.730,25.770,26.120,567554.9,15134887.7640,87227,7610373.1630
1686182400000,26.120,26.480,25.350,25.860,413272.7,10681633.0980,62696,5239327.6960
1686268800000,25.870,26.110,25.020,25.300,311412.2,8011777.5790,55447,3947183.2570
1686355200000,25.300,25.300,19.550,21.680,1173287.1,25425233.9910,146165,12552275.8500
1686441600000,21.690,22.300,21.370,21.890,417524.0,9110359.3860,63689,4516358.3050
1686528000000,21.890,22.950,21.340,22.630,435878.4,9647292.7810,64285,4685392.8570
1686614400000,22.630,23.120,21.920,22.410,437769.9,9832862.4760,64130,4821023.2970
1686700800000,22.420,22.560,20.800,21.140,540813.7,11792506.0260,77852,5625696.5930
1686787200000,21.150,21.370,20.330,20.830,501919.5,10431147.1070,81975,5006249.9550
1686873600000,20.830,22.190,20.560,22.070,487548.1,10448995.3070,77767,5269817.8810
1686960000000,22.080,23.250,21.850,22.860,384365.1,8771561.1590,66349,4394752.0260
1687046400000,22.850,23.410,22.250,22.690,458806.9,10510355.2170,73237,5127517.1490
1687132800000,22.680,23.090,22.470,23.080,345867.4,7880554.5310,60302,4052312.5610
1687219200000,23.090,23.970,22.590,23.730,396984.1,9206462.7290,71114,4516832.4190
1687305600000,23.740,24.480,23.560,24.010,466112.7,11164541.9840,82409,5586826.2100
1687392000000,24.010,24.770,23.430,23.520,495545.9,11930258.6390,88369,5712660.6030
1687478400000,23.520,24.950,23.510,24.320,334083.6,8090483.4160,70696,4069729.8850
1687564800000,24.330,24.970,23.830,24.420,302433.6,7373514.1310,66109,3703541.0130
1687651200000,24.430,26.280,24.420,25.850,566539.7,14565263.1070,102979,7216804.0190
1687737600000,25.850,25.890,24.120,24.500,516138.5,12907175.5910,107070,6214408.6990
1687824000000,24.500,26.070,24.400,25.870,415156.3,10539531.6100,84158,5264182.4930
1687910400000,25.870,25.900,23.160,24.590,619597.0,15338389.4730,101323,7476532.2930
1687996800000,24.590,25.350,24.280,25.090,484300.8,12056292.3240,89147,5865489.4100
1688083200000,25.090,26.020,22.890,25.230,790153.5,19835359.5040,120017,9719225.3600
1688169600000,25.240,26.820,24.960,26.250,690246.5,18010942.2440,126681,9183846.4840
1688256000000,26.260,26.580,25.410,26.390,430529.5,11176043.8270,79463,5391502.6320
1688342400000,26.360,27.380,26.150,26.540,509351.3,13654661.9360,96891,6536636.1520
1688428800000,26.550,26.620,25.010,25.330,395868.7,10171926.0920,81696,4908178.4660
1688515200000,25.350,25.900,24.250,24.900,372636.4,9316154.5650,76318,4522964.9000
1688601600000,24.900,25.950,23.900,23.920,350755.2,8731993.1850,74036,4137664.1340
1688688000000,23.920,24.540,23.670,24.310,295112.6,7156145.2850,58795,3476050.9030
1688774400000,24.310,24.490,23.710,24.120,144732.1,3499141.1210,35976,1705020.7280
1688860800000,24.120,24.420,23.620,23.720,219573.4,5250781.0040,48213,2543411.0340
1688947200000,23.720,24.190,23.000,23.740,427575.7,10085918.6680,71149,4802813.6420
1689033600000,23.740,23.920,23.410,23.770,187683.2,4447767.6230,41951,2273418.3310
1689120000000,23.780,24.280,23.400,24.030,217293.9,5197672.1060,44093,2620995.3220
1689206400000,24.030,25.750,23.570,25.690,401920.9,9944791.0220,71556,4893167.3450
1689292800000,25.700,26.110,24.010,24.800,542335.9,13679924.2130,86320,6439394.5270
1689379200000,24.800,25.170,24.230,24.660,243893.3,6026284.6960,49198,2838984.4470
1689465600000,24.670,24.780,23.700,23.880,242895.9,5907934.2950,46680,2813376.3240
1689552000000,23.880,24.650,23.650,24.510,368927.7,8944596.2520,64569,4454662.4760
1689638400000,24.500,24.740,23.530,24.120,348962.2,8420215.0680,66078,4030990.8200
1689724800000,24.120,24.550,23.830,23.910,247151.2,5965467.0140,53514,2865939.4360
1689811200000,23.920,24.210,23.110,23.350,444120.4,10550637.1450,77201,4976317.8540
1689897600000,23.350,23.960,23.110,23.500,347746.3,8159240.4090,66940,4048163.5290
1689984000000,23.500,23.740,22.680,22.950,232055.4,5425967.2210,45353,2438695.4220
1690070400000,22.950,23.730,22.720,23.480,215649.7,5032370.3240,45870,2437454.8180
1690156800000,23.480,23.630,21.800,22.640,390493.0,8885250.6900,68788,4264575.7840
1690243200000,22.650,22.700,22.290,22.440,199424.8,4488542.5120,46760,2129158.0980
1690329600000,22.430,22.790,22.020,22.640,251578.2,5643138.9910,49083,2731219.4400
1690416000000,22.640,22.920,22.360,22.900,236042.1,5359718.7360,46878,2633914.4840
1690502400000,22.900,23.500,22.850,23.350,364529.1,8470055.6840,61731,4076392.3590
1690588800000,23.350,23.600,23.060,23.380,273839.3,6383948.4680,48976,3184561.3010
1690675200000,23.380,23.470,22.330,23.160,290662.5,6706482.3770,45157,3150612.2540
1690761600000,23.160,23.350,22.520,22.850,286971.5,6601201.7830,44486,3227738.1110
1690848000000,22.860,23.950,22.080,23.850,511062.8,11831342.8790,71840,5983157.2070
1690934400000,23.860,24.100,23.010,23.540,473590.9,11208178.4030,70480,5395868.1300
1691020800000,23.540,23.710,22.960,23.170,319921.6,7481463.1940,57555,3560860.1720
1691107200000,23.170,23.260,22.010,22.270,524378.3,11832589.3430,68848,5810914.0690
1691193600000,22.260,22.290,20.900,21.550,943280.1,20164429.4610,105525,10042696.2580
1691280000000,21.550,22.610,21.380,21.950,888616.1,19686299.1410,99082,9304943.9060
1691366400000,21.950,22.510,21.580,22.340,487119.7,10768133.7790,69335,5495860.8900
1691452800000,22.340,22.800,22.170,22.570,400960.2,9001679.3990,65869,4481042.9170
1691539200000,22.560,22.870,22.300,22.730,287473.5,6506417.0120,46935,3080155.9420
1691625600000,22.730,23.220,22.620,22.730,259345.4,5923424.5820,48553,2920463.5810
1691712000000,22.730,22.900,22.200,22.280,214555.8,4838310.2990,44146,2272866.1750
1691798400000,22.270,23.640,22.200,23.310,587275.4,13578939.5280,86579,6831336.6720
1691884800000,23.320,23.770,23.160,23.540,468657.1,10971615.7870,70255,5384464.1040
1691971200000,23.530,24.080,23.460,23.590,550488.0,13089623.7450,74538,6516175.2240
1692057600000,23.590,24.020,21.080,22.820,925748.9,21358593.2980,116113,10269700.9550
1692144000000,22.810,23.030,21.340,22.130,778092.5,17445032.5720,111348,8659855.7590
1692230400000,22.120,22.650,18.240,20.620,995111.4,21276113.2140,131987,10454071.8450
1692316800000,20.620,20.920,19.840,20.330,689597.7,14044194.5520,96990,7071624.6740
1692403200000,20.320,20.560,20.130,20.370,312896.8,6366396.0630,49155,3028225.6710
1692489600000,20.360,20.530,20.050,20.440,257184.3,5236265.0450,41553,2567398.5040
1692576000000,20.450,20.510,19.300,19.710,556925.1,11121796.3220,64045,5255656.9090
1692662400000,19.710,19.740,18.270,19.280,972274.4,18532223.6330,110218,9020314.7150
1692748800000,19.280,20.310,19.240,20.040,534380.9,10517806.3260,76495,5006724.6680
1692835200000,20.050,20.130,18.870,19.230,523878.8,10199840.5990,67482,4970208.9500
1692921600000,19.240,19.420,18.730,19.130,495190.8,9417730.8430,61168,4830449.8640
1693008000000,19.120,19.310,18.960,19.090,193439.0,3702622.5450,30307,1822709.9900
1693094400000,19.100,19.390,19.060,19.280,205551.2,3949986.2380,34773,1839459.8590
1693180800000,19.290,19.730,18.890,19.500,341480.3,6607851.6500,56929,3344443.2650
1693267200000,19.490,20.120,18.840,19.890,726023.1,14249163.7510,74632,7121757.0670
1693353600000,19.890,19.960,19.370,19.430,340848.9,6690509.0770,45474,3272516.7510
1693440000000,19.420,19.530,18.510,18.830,537028.2,10251427.8320,62151,4947036.7000
1693526400000,18.830,19.300,18.650,18.790,631958.9,11954839.6010,77343,5958451.2550
1693612800000,18.800,19.250,18.760,19.130,305164.4,5806157.2250,42150,2892739.8550
1693699200000,19.140,19.200,18.740,18.930,206105.0,3904391.7250,34804,1889886.7460
1693785600000,18.930,19.500,18.670,18.920,374849.5,7133948.0910,50796,3498118.4700
1693872000000,18.920,19.370,18.680,19.160,271707.3,5182100.5810,39377,2528563.4750
1693958400000,19.160,19.420,18.570,19.000,374251.8,7119657.8790,49426,3406971.8030
1694044800000,19.010,19.340,18.820,19.280,234391.8,4465722.1640,35911,2199263.0640
1694131200000,19.280,19.440,18.800,19.030,217730.2,4161334.5660,30298,2013165.9860
1694217600000,19.040,19.380,18.950,19.140,213700.1,4101464.7820,29418,2074577.4650
1694304000000,19.140,19.170,18.190,18.510,482067.7,8988952.8130,52756,4319012.7590
1694390400000,18.510,18.670,17.500,17.740,567377.7,10253536.4860,73949,4803477.3220
1694476800000,17.730,18.480,17.670,17.820,408995.1,7355241.4230,60217,3710115.6900
1694563200000,17.820,18.350,17.710,17.940,373964.3,6731180.1860,53259,3378053.6000
1694649600000,17.940,18.340,17.810,18.200,246684.6,4461207.3100,39780,2182021.0360
1694736000000,18.210,19.150,18.190,19.060,335088.6,6241850.3510,47855,3166629.0320
1694822400000,19.070,19.590,19.060,19.270,295100.5,5699164.4110,45931,2746090.5920
1694908800000,19.270,19.290,18.360,18.600,234127.8,4414110.8410,35776,2144505.7390
1694995200000,18.600,19.420,18.460,19.040,273442.1,5215028.3790,43781,2675459.5220
1695081600000,19.040,19.430,18.940,19.310,159695.8,3066532.2490,31878,1483670.8660
1695168000000,19.310,19.710,19.060,19.710,276514,5357725.8780,44781,2728673.0410
1695254400000,19.710,19.980,19.060,19.260,276807.4,5388792.0210,44230,2576723.7720
1695340800000,19.270,19.540,18.590,18.900,396036.7,7503303.2310,48129,3565065.4360
1695427200000,18.910,19.120,18.460,18.680,397231.1,7475438.0440,48265,3740995.7030
1695513600000,18.670,18.980,18.100,18.250,354554.6,6602631.6930,45354,3140767.0600
1695600000000,18.250,18.960,18.090,18.930,315032.8,5881231.6840,46249,2912358.6750
1695686400000,18.940,19.010,18.600,18.890,227844.3,4287370.8750,36824,2081629.8950
1695772800000,18.890,19.330,18.750,18.970,289975.7,5510123.8360,42897,2644016.4210
1695859200000,18.980,19.220,18.550,18.830,374018.1,7054455.4620,51006,3450564.5070
1695945600000,18.840,19.070,18.650,18.880,306101.2,5780037.6650,43559,2796971.0430
1696032000000,18.870,19.310,18.690,19.020,298400.1,5695341.3630,45281,2761221.6400
1696118400000,19.030,19.920,19.010,19.710,319580.3,6216855.1540,47801,3052850.5970
1696204800000,19.720,20.200,18.510,19.160,531487,10426674.4920,66729,4938520.3260
1696291200000,19.150,19.380,18.610,18.840,265699.1,5042764.0230,40541,2503829.4650
1696377600000,18.840,18.850,18.050,18.500,304423.6,5638000.3060,51964,2635554.5390
1696464000000,18.490,18.640,17.900,17.970,314735.7,5757360.7660,44596,2873213.1350
1696550400000,17.980,18.310,17.900,18.010,411511.3,7452090.4960,50328,3816971.0100
1696636800000,18.020,18.250,17.940,18.110,279792.4,5067966.7010,35081,2418672.3010
1696723200000,18.120,18.360,18,18.180,275969.9,5020108.4350,40976,2357156.7770
1696809600000,18.190,18.350,16.530,17.190,676258,11757360.8860,73803,5519539.1710
1696896000000,17.190,17.520,16.960,17.210,305148.3,5256900.4130,42297,2487965.4750
1696982400000,17.220,17.350,16.570,17.110,787068.2,13392561.1130,79497,6386689.5840
1697068800000,17.120,17.130,16.590,16.970,291973.3,4915152.4950,39600,2319650.2790
1697155200000,16.960,17.160,16.770,16.980,273235.6,4632168.2810,38624,2306115.5950
1697241600000,16.980,17.580,16.960,17.410,258838.6,4482450.1350,33082,2250860.6040
1697328000000,17.420,17.730,17.260,17.590,351324.6,6148317.7590,42179,2910140.4860
1697414400000,17.580,18.050,17.190,17.400,474124.3,8334441.5960,55416,4123214.8450
1697500800000,17.400,17.570,16.660,16.850,342227.3,5864947.4000,40866,2704691.7940
1697587200000,16.850,17.180,16.700,16.840,398560.1,6718341.6540,45515,3406272.3500
1697673600000,16.840,16.940,16.450,16.830,374016.4,6252202.2190,44206,3101886.5870
1697760000000,16.830,17.560,16.720,17.310,361060,6223040.5470,46722,2833415.3490
1697846400000,17.310,18.330,17.250,18.040,347536,6219316.2460,45226,3135227.0810
1697932800000,18.040,18.270,17.350,17.930,450567.4,7995600.0490,63474,4017882.4260
1698019200000,17.930,19.180,17.740,18.970,840238.5,15325974.6030,114479,7448847.0360
1698105600000,18.970,19.850,18.480,19.170,930755,17822421.7860,137561,8733296.0950
1698192000000,19.170,19.810,18.770,19.560,420423.5,8132943.5070,71339,4133648.3550
1698278400000,19.560,20.210,18.630,19.410,532906.8,10398665.0450,82277,5065357.8110
1698364800000,19.420,19.520,18.700,19.120,309483.5,5924960.1900,57322,2890832.5240
1698451200000,19.120,21.030,19.100,20.610,960601.4,19579996.2130,113511,10044358.4610
1698537600000,20.600,22.370,20.200,22.010,1138230.8,24422121.0450,132070,11725211.1750
1698624000000,22.010,22.360,21.320,22.080,617812.2,13476372.5070,88126,6500908.7540
1698710400000,22.080,22.380,20.590,21.380,512720.5,11043334.5440,80578,5110429.9580
1698796800000,21.370,23.690,20.520,23.670,745768.7,16429465.5450,125766,8126614.3540
1698883200000,23.670,24.320,22.130,23.050,939226.3,21959694.3970,157042,10623089.2920
1698969600000,23.030,23.460,22.090,23.350,458954.8,10525558.4740,87901,5054844.5590
1699056000000,23.360,23.660,22.620,23.310,322159.6,7468628.4440,64643,3758436.6280
1699142400000,23.320,28.300,23.090,26.040,2534676.6,66428496.2250,353199,32356922.0830
1699228800000,26.040,27.780,25.400,26.180,1782823,46901065.8940,298980,23040177.9980
1699315200000,26.180,26.840,24.830,26.830,1106370,28605647.6230,209671,13987938.1940
1699401600000,26.830,28.210,26.030,27.280,606284.3,16439501.9510,126003,7810909.2480
1699488000000,27.280,27.810,21.820,25.290,1315437,34104701.9350,260108,16178475.3360
1699574400000,25.300,26.690,24.300,26.470,559287.4,14240993.7360,128156,7017455.1870
1699660800000,26.460,27.330,25.240,26.620,594182.3,15677910.3720,143373,7594559.9880
1699747200000,26.620,28.870,25.340,27.950,881241.6,24184703.1200,184114,11590880.5710
1699833600000,27.950,28.430,24.780,24.810,1033348,27245147.0290,194016,11871491.1360
1699920000000,24.820,25.580,23.100,24.400,692361,17051345.3200,139344,5143948.8911
1700006400000,24.410,26.480,24.270,26.250,670541.4,17184287.9710,133188,8322163.0220
1700092800000,26.240,26.750,24.350,24.790,706277.3,18112063.1420,155537,8737131.4500
1700179200000,24.790,25.580,23.210,24.400,628011.7,15288995.8370,130799,7550075.9570
1700265600000,24.390,24.390,22.900,24.020,367083.8,8696049.4030,80410,4181230.1370
1700352000000,24.030,25.520,23.380,25.270,524853.7,12988158.2000,99154,6354493.8580
1700438400000,25.280,25.840,24.190,24.490,542663.2,13660906.7990,112607,6518919.3730
1700524800000,24.480,24.880,21.760,22.040,790991.6,18470503.2410,146785,8742696.1280
1700611200000,22.040,24.090,21.960,23.780,417546.4,9706525.6100,84404,4900240.1370
1700697600000,23.790,25.070,23.710,24.320,529157.4,12964384.5380,102234,6231975.3690
1700784000000,24.330,25.140,24.180,25.040,400445.8,9875748.4840,79908,4828472.7620
1700870400000,25.040,26.380,24.640,26.030,565897.2,14470218.4270,103419,7088019.8240
1700956800000,26.030,26.650,24.500,24.970,769732.4,19720676.8270,127533,9498392.9260
1701043200000,24.970,25.210,23.700,24.420,616970.1,14935752.2430,110244,7357751.2970
1701129600000,24.440,24.760,23.720,24.390,428520.2,10408371.9800,80996,4997091.7510
1701216000000,24.400,24.980,23.830,24.210,342731.2,8356163.2500,77042,4101672.7460
1701302400000,24.210,25.900,24.040,25.850,774725.2,19356185.7600,134664,9940278.2650
1701388800000,25.840,26.070,24.930,25.550,598972.7,15202945.4770,111214,7016205.2070
1701475200000,25.550,26.210,25.150,26.050,352396.1,9058165.0780,74860,4019233.8380
1701561600000,26.050,26.340,25.150,25.640,336553.8,8655187.4130,77527,4058938.2160
1701648000000,25.640,26.690,24.730,26.400,735571,19075913.4740,147431,9110006.0430
1701734400000,26.410,26.970,25.360,26.420,790893.1,20676156.4960,149306,10055801.5990
1701820800000,26.410,27.480,25.380,26.650,775760.2,20598351.6420,159998,10112613.9940
1701907200000,26.660,28.380,26.260,28.200,706700.4,19344760.6610,153745,9453393.2210
1701993600000,28.200,30.530,27.890,30.090,871639.9,25677611.9620,181870,12497058.7670
1702080000000,30.080,32.540,30.070,31.280,1488134.1,47010738.0920,299222,23075549.9160
1702166400000,31.290,32.220,30.250,32.170,519303.2,16262759.9310,126368,7906241.1650
1702252800000,32.170,32.480,27.280,29.410,1068389.9,31667526.3080,235043,15225319.1070
1702339200000,29.410,30.750,28.320,29.080,766779.4,22898576.2960,172460,11227929.5650
1702425600000,29.070,29.890,27.160,29.790,608460.7,17335170.5600,153358,8368060.6250
1702512000000,29.790,30.890,28.490,30.010,631087.7,18842444.3750,138624,9245969.4990
1702598400000,30.020,30.100,28.080,28.210,539782.7,15808257.7040,131445,7586673.5250
1702684800000,28.210,31.450,28.050,31.230,603480.2,18214451.3000,145077,8939394.7260
1702771200000,31.220,31.710,29.100,29.380,702173.1,21362219.8400,158814,10693464.7130
1702857600000,29.380,30.060,26.960,29.490,765575.1,21789705.3460,159836,10453806.9740
1702944000000,29.490,30.140,28.570,28.760,403793.7,11861015.3260,109253,5603044.4640
1703030400000,28.760,30.350,28.380,29.600,415464.1,12239392.7320,108098,6042547.9560
1703116800000,29.610,34.970,29.530,34.460,1285218.0,41298491.0200,282362,20298228.6890
1703203200000,34.460,35.770,32.600,33.430,998970.7,33968834.9430,210472,16013612.6040
1703289600000,33.430,43.260,32.650,40.860,3289710.5,126336406.9220,792679,62705713.4410
1703376000000,40.870,61.850,38.720,51.530,14901385.9,778446168.3820,3292678,390064996.9070
1703462400000,51.530,64.200,49.100,58.530,7586014.0,416791529.4890,2055583,205844586.5870
1703548800000,58.530,63.990,51.130,56.090,5046479.8,296226810.5250,1523015,143757196.4070
1703635200000,56.090,58.050,52.290,54.120,2024048.4,110792900.3120,676301,54485827.1370
1703721600000,54.110,55.160,49.530,49.650,1418746.9,73412159.2570,498976,35243992.3510
1703808000000,49.660,53.140,47.630,48.800,1758545.8,89016633.1630,557556,42757216.5090
1703894400000,48.790,49.230,46.450,47.830,942601.0,44930388.0170,293753,22606657.5660
1703980800000,47.840,49.840,43.540,45.130,876386.3,41504929.8580,282250,19775484.9030
1704067200000,45.140,52.460,44.010,51.220,1172325.2,56556320.9930,376889,28290633.2560
1704153600000,51.230,52.320,47.240,47.490,1109000.7,54586075.8820,359323,26461142.0820
1704240000000,47.500,50.340,33.000,44.220,1799460.3,79344150.3820,578643,37283086.1230
1704326400000,44.230,47.380,43.090,46.230,1005839.4,45474528.1430,358998,22411363.0450
1704412800000,46.230,47.120,40.600,43.020,926794.8,40226434.8660,333231,20195787.9340
1704499200000,43.010,43.010,39.000,40.300,642580.2,26031705.0740,221717,12356803.1850
1704585600000,40.300,42.070,37.190,37.760,599390.0,23886641.2680,223516,11455170.2610
1704672000000,37.760,42.880,34.830,41.910,1020270.0,39809233.3410,320446,20056700.9340
1704758400000,41.910,42.210,37.850,39.480,982132.7,39309249.6610,307280,19476310.3710
1704844800000,39.480,45.410,38.060,44.600,919142.0,37601339.4950,321280,18741895.8840
1704931200000,44.610,47.130,42.730,46.600,1069954.8,47976684.8330,357981,23530926.9240
1705017600000,46.600,47.080,40.000,42.320,1011808.4,44929755.3270,368010,21971749.1050
1705104000000,42.330,43.730,40.680,43.060,413651.3,17556906.4760,159397,8501185.7360
1705190400000,43.050,43.140,40.450,40.610,397799.0,16659849.6950,151350,7886943.8540
1705276800000,40.620,42.640,40.570,41.490,383578.9,15978375.2680,138378,7890550.3490
1705363200000,41.490,42.560,40.670,42.310,377466.7,15810050.3300,133679,7765370.4190
1705449600000,42.310,43.330,41.030,41.650,479066.2,20276320.8470,163205,9667247.9560
1705536000000,41.660,41.690,38.220,39.430,551745.3,22146429.1460,159466,10759857.1730
1705622400000,39.440,40.210,36.400,38.710,667809.4,25763355.6470,176509,12136822.0820
1705708800000,38.710,39.590,38.140,39.440,249406.8,9688308.7680,81665,4719787.3560
1705795200000,39.450,40.300,38.890,39.280,298104.0,11789190.8000,89133,5805106.9330
1705881600000,39.280,39.590,36.280,36.610,590751.8,22296366.1110,164661,10987239.1150
1705968000000,36.610,37.470,33.600,36.460,538444.2,19024190.5960,161322,9040527.4040
1706054400000,36.470,36.810,35.360,36.130,388970.8,14004250.9930,121078,6849051.4010
1706140800000,36.140,36.510,35.110,35.970,279830.9,10051643.9380,102390,4888156.8880
1706227200000,35.970,38.130,35.470,37.650,375252.2,14002866.2830,107053,7039362.7670
1706313600000,37.650,39.820,37.190,39.080,323100.1,12436202.7920,88326,5970688.0540
1706400000000,39.070,39.660,37.840,38.580,311342.0,12055610.5450,89218,5909555.2820
1706486400000,38.570,40.470,38.310,40.210,523919.8,20624624.5840,131082,10035406.4320
1706572800000,40.210,40.650,38.790,39.070,410173.4,16338208.7800,110004,7456904.2270
1706659200000,39.050,40.410,37.630,37.840,506982.6,19695905.8540,139833,9774339.7670
1706745600000,37.830,38.220,36.910,38.010,259859.9,9790912.3620,89030,4754825.2130
1706832000000,38.020,39.140,37.860,39.130,212700.5,8185535.6160,75157,3994940.5570
1706918400000,39.140,40.470,38.030,38.140,259787.7,10155484.4720,85397,4962321.8500
1707004800000,38.150,38.420,37.250,37.420,242576.3,9183893.7280,75750,4374461.4450
1707091200000,37.420,38.740,36.520,38.220,412142.6,15630621.0780,113663,7726336.7360
1707177600000,38.230,39.500,37.750,38.340,431919.5,16628414.1800,111228,8413094.8520
1707264000000,38.350,40.270,37.960,39.820,384012.8,15075870.3700,105635,7412799.9170
1707350400000,39.820,41.790,39.590,40.590,410729.9,16669031.2430,114694,8159602.5640
1707436800000,40.590,42.430,40.210,41.890,381995.6,15845884.8160,114820,7682427.6480
1707523200000,41.890,42.660,41.180,41.340,290048.3,12140618.4510,85207,5883203.2560
1707609600000,41.340,42.570,41.270,41.620,273295.3,11457908.8190,80743,5590092.9460
1707696000000,41.620,44.770,40.570,43.790,686028.8,29381691.5240,173408,13871664.4300
1707782400000,43.790,44.200,41.940,43.730,395079.1,17098276.4490,125904,8280567.1760
1707868800000,43.730,45.690,43.070,45.350,448258.6,20101234.2110,142150,9978845.5420
1707955200000,45.350,46.980,44.620,45.240,464183.7,21227358.6950,150294,9971377.0750
1708041600000,45.240,46.510,44.150,45.530,403900.6,18327890.7160,124532,8945166.5900
1708128000000,45.530,45.610,42.220,44.360,399128.8,17434030.6420,122350,8559141.4930
1708214400000,44.360,45.780,43.790,45.500,245241.4,11016510.8180,88142,5453018.6230
1708300800000,45.500,52.300,45.470,47.710,871822.9,42069595.1710,269754,20657855.8900
1708387200000,47.720,48.030,44.000,46.700,616397.6,28554834.1840,208177,13223245.3350
1708473600000,46.710,47.060,43.250,45.830,412690.7,18540612.4950,150648,8782867.7410
1708560000000,45.830,47.650,44.650,45.930,323135.6,15035282.8400,132371,7060274.0600
1708646400000,45.930,46.590,44.290,45.420,396315.9,18009773.8050,162671,9179195.7950
1708732800000,45.410,47.540,44.230,47.270,299616.7,13977873.1110,125897,7062141.5560
1708819200000,47.270,49.180,46.340,48.920,392401.3,18623020.1430,160343,9248559.3030
1708905600000,48.920,49.550,47.100,49.530,433518.0,21068602.8610,188247,10370164.2120
1708992000000,49.540,51.000,47.780,49.310,398923.9,19763422.1340,189914,9483740.5430
1709078400000,49.300,52.480,44.150,49.060,724610.6,35806023.8300,303256,16647384.7190
1709164800000,49.060,53.510,47.710,49.060,580490.3,29621802.3350,266831,14193734.7280
1709251200000,49.070,51.340,49.050,50.850,355250.4,17748145.9850,165137,8734116.6250
1709337600000,50.850,54.650,50.560,54.350,440592.0,23161561.9890,201477,11543896.7230
1709424000000,54.350,56.020,48.590,54.970,783145.4,41870596.7550,311394,20678202.8420
1709510400000,54.980,56.340,51.370,53.280,778458.0,42227990.6100,308341,20316993.1990
1709596800000,53.280,56.480,43.290,49.890,1327939.1,69096649.1580,513318,33354921.9840
1709683200000,49.880,55.860,47.720,55.020,608718.8,31681162.0780,286370,15522637.7620
1709769600000,55.020,57.400,53.360,53.890,669403.0,36755094.6330,290330,18076008.0480
1709856000000,53.900,55.360,50.100,53.090,719899.8,38033542.5270,276388,18635431.3970
1709942400000,53.100,54.120,52.290,52.720,311530.9,16595319.7460,135924,8364058.4180
1710028800000,52.730,53.580,49.810,52.300,488557.9,25427377.1180,185554,12421274.4990
1710115200000,52.310,56.090,48.550,55.410,768894.6,41124757.1360,289019,19986265.5490
1710201600000,55.410,57.670,50.780,57.620,990416.6,53818902.2600,333920,26544650.8440
1710288000000,57.630,61.150,56.950,60.090,1106163.8,65048370.2900,364554,31127125.0810
1710374400000,60.100,61.010,53.700,57.470,837466.8,48465209.8740,338359,22973651.5690
1710460800000,57.470,58.830,48.900,53.190,1073646.5,56915802.2180,402421,27014915.5010
1710547200000,53.190,53.950,46.920,48.290,742407.3,37413080.4890,279248,18125606.6960
1710633600000,48.280,50.820,45.730,50.180,545957.7,26774175.6310,211409,13285091.0520
1710720000000,50.180,50.390,45.430,46.310,480949.1,22917672.3350,194475,11343640.9930
1710806400000,46.300,46.970,39.680,40.780,900967.1,38640379.5290,323629,18921786.2970
1710892800000,40.770,45.900,39.600,45.650,718203.2,30553054.9770,255844,15030445.1150
1710979200000,45.640,46.250,43.580,45.140,401467.9,18134311.3600,156072,8855860.1370
1711065600000,45.140,46.400,42.810,44.330,441779.8,19608682.7060,171222,9854131.1060
1711152000000,44.330,45.830,43.670,44.120,242030.8,10841844.7150,102411,5397199.9140
1711238400000,44.110,46.400,43.690,46.130,259042.4,11621571.2460,107284,5891316.0710
1711324800000,46.130,49.230,45.820,49.020,326868.8,15523520.0950,128777,7512160.8710
1711411200000,49.030,51.460,48.810,50.080,530228.5,26654523.1210,177936,13595983.6830
1711497600000,50.090,51.010,47.630,48.420,381079.8,18755493.9990,158996,9556340.7320
1711584000000,48.420,49.470,46.910,49.010,311730.9,15097847.8290,109018,7173384.4220
1711670400000,49.000,51.460,47.610,50.420,527309.1,26342187.0670,162427,13158942.0700
1711756800000,50.420,50.880,48.170,48.530,243138.2,12092905.4640,93511,5890499.4220
1711843200000,48.540,49.480,48.020,48.530,161156.2,7853646.1470,72331,3931992.8370
1711929600000,48.510,48.810,44.640,46.280,509266.1,23591494.0500,166753,11406697.9840
1712016000000,46.280,46.440,41.410,42.550,558348.7,24016580.7480,173111,11412482.4000
1712102400000,42.550,44.080,40.360,41.630,457709.7,19390963.9340,124080,9482728.7000
1712188800000,41.640,43.620,40.660,42.490,285875.8,12126790.9390,91534,5811593.5880
1712275200000,42.480,42.540,40.010,41.560,294207.1,12176586.5990,91044,5957932.2100
1712361600000,41.550,42.680,41.280,42.140,177111.3,7442103.4210,58054,3779428.8220
1712448000000,42.130,43.240,41.890,42.730,263414.0,11250925.3010,74059,5576301.1700
1712534400000,42.740,44.660,41.770,44.320,324772.8,14168637.7320,95896,6663868.0020
1712620800000,44.310,44.510,41.200,41.390,418095.0,17905697.7840,110352,8590480.2650
1712707200000,41.390,41.650,38.480,40.610,487246.7,19603099.1750,122306,9449963.9920
1712793600000,40.620,41.420,39.570,39.960,285310.2,11510499.5860,79118,5782752.9210
1712880000000,39.950,40.550,28.150,33.570,933776.1,32352498.9120,206722,14756916.2140
1712966400000,33.560,34.030,23.580,28.710,1503397.4,43619521.0880,303582,21013837.9840
1713052800000,28.700,31.930,27.720,31.650,918914.5,27418803.7530,201297,13608398.6960
1713139200000,31.640,32.810,28.760,30.230,666186.6,20597724.2140,147261,9907777.8410
1713225600000,30.230,31.260,28.920,30.800,525502.7,15866410.0910,119634,7864498.2710
1713312000000,30.790,31.460,29.450,30.530,489416.4,14902409.5740,115537,7354734.8520
1713398400000,30.530,31.810,29.540,31.150,469115.3,14438359.0160,113873,6966246.4790
1713484800000,31.160,32.290,28.600,31.130,503963.0,15599215.1990,126442,7762590.4010
1713571200000,31.130,33.760,30.780,33.520,265475.9,8576741.7370,67103,4257114.0940
1713657600000,33.510,33.700,31.910,32.580,266673.7,8740930.7810,67192,4334361.4340
1713744000000,32.580,33.840,32.360,33.440,258458.7,8610247.3190,73008,4321658.8640
1713830400000,33.440,33.720,32.310,32.530,258130.3,8501307.8020,65906,4134487.7610
1713916800000,32.530,32.740,29.200,29.600,873110.3,26705811.5700,162896,12935752.9870
1714003200000,29.590,30.410,28.700,29.810,445273.5,13117542.1260,94191,6239133.6050
1714089600000,29.800,29.920,28.670,28.940,341354.2,10014556.3270,79030,4913451.4300
1714176000000,28.930,30.070,27.640,29.730,369057.9,10713574.7350,79003,5315346.5560
1714262400000,29.720,30.530,29.390,29.570,241769.1,7261295.3770,57828,3546361.6120
1714348800000,29.580,30.330,28.590,29.830,301934.5,8889545.1980,72593,4352435.8910
1714435200000,29.830,30.040,26.940,28.680,628943.8,17685088.0910,126423,8671165.4130
1714521600000,28.680,29.190,26.630,28.980,620865.8,17340973.0030,134666,8565993.8360
1714608000000,28.980,30.360,28.040,29.900,426978.3,12499851.3260,85544,6085424.2600
1714694400000,29.910,30.580,28.990,30.260,307479.9,9218474.5660,68808,4660114.8270
1714780800000,30.260,30.430,28.670,28.700,496722.4,14616944.1590,83372,6913729.6900
1714867200000,28.710,29.930,27.950,29.010,935389.5,26858880.7560,136309,13433770.4120
1714953600000,29.010,30.200,27.800,27.960,818724.9,23537956.0850,139889,11480749.2080
1715040000000,27.960,29.220,27.690,27.970,603253.0,17184291.7400,109111,8258045.4100
1715126400000,27.980,30.230,27.400,28.560,933625.3,26745494.7830,155877,13468455.0710
1715212800000,28.570,30.660,28.380,30.170,680690.3,20077131.5090,120973,9663224.2140
1715299200000,30.160,30.910,28.280,28.640,611572.8,18093791.3500,117143,8588130.5200
1715385600000,28.640,29.190,27.980,28.050,330377.4,9454461.9700,71971,4520670.7550
1715472000000,28.060,28.820,27.610,27.750,260903.5,7372928.2330,59017,3505347.5910
1715558400000,27.760,29.240,26.850,27.920,544073.4,15267876.1530,108494,7608359.3100
1715644800000,27.910,28.580,26.900,27.080,435777.4,12122266.9950,95331,5948690.4880
1715731200000,27.080,29.540,26.780,29.390,543102.1,15386817.1410,111976,8058279.1310
1715817600000,29.390,29.540,28.320,28.970,383470.7,11113713.0810,85058,5280453.1660
1715904000000,28.960,30.290,28.620,30.150,282245.9,8342366.6830,75798,4016100.6110
1715990400000,30.150,30.920,28.640,30.480,481923.3,14326926.1140,97741,7289913.4990
1716076800000,30.480,31.370,28.520,28.860,607711.9,18136340.2370,116664,8447341.3590
1716163200000,28.860,32.550,28.270,32.280,758443.5,23164391.7120,147264,12126784.2360
1716249600000,32.270,32.720,31.640,32.170,429307.8,13806315.4680,94777,6868015.3530
1716336000000,32.170,32.450,31.040,31.490,316691.8,10037039.4040,89530,4878598.7840
1716422400000,31.500,32.200,28.190,30.220,686314.8,20911563.3120,156738,9695791.7750
1716508800000,30.210,32.350,29.890,31.990,504644.8,15704778.0400,123750,8219579.9580
1716595200000,31.970,33.080,31.900,32.550,301813.9,9796975.3740,78084,4992472.5110
1716681600000,32.550,33.300,32.000,32.300,279185.1,9139728.8040,76026,4547321.9570
1716768000000,32.310,33.470,32.010,32.550,311771.9,10215447.5270,89786,5209132.7980
1716854400000,32.550,32.920,31.500,32.170,294423.2,9464727.8840,106930,4449474.6270
1716940800000,32.170,33.300,31.810,31.980,294972.9,9605288.5470,96321,4757285.7390
1717027200000,31.980,32.480,30.120,30.750,324545.0,10118652.5580,104339,4623286.0260
1717113600000,30.760,30.990,29.930,30.350,199906.2,6110482.2560,69938,2940285.6710
1717200000000,30.360,30.620,29.990,30.370,122348.7,3712379.4260,40434,1839031.3780
1717286400000,30.360,31.360,29.780,30.070,264481.9,8053399.6400,78514,3828517.0010
1717372800000,30.070,31.940,29.820,31.230,259151.9,8110573.6730,93199,4002618.3830
1717459200000,31.240,32.700,31.170,32.490,256667.4,8225161.0020,79842,4093943.3080
1717545600000,32.500,32.820,31.760,32.640,200370.3,6485730.3320,63654,3262725.3020
1717632000000,32.650,33.300,32.020,32.450,319610.1,10442368.6270,85758,4982517.1320
1717718400000,32.450,33.500,27.440,30.160,592351.2,18328673.9190,137171,8841766.3210
1717804800000,30.160,30.450,28.200,28.450,270055.6,7935608.6260,76053,3792263.5690
1717891200000,28.450,28.950,28.160,28.840,144829.3,4145049.6640,45661,2009640.5410
1717977600000,28.840,29.080,27.990,28.420,198345.9,5669688.8060,66095,2660299.8850
1718064000000,28.430,28.740,26.820,27.480,510682.2,14154269.9710,119579,6908137.7810
1718150400000,27.490,31.850,26.900,30.050,1054748.9,31689386.9240,225493,15462901.8250
1718236800000,30.040,30.260,27.650,27.890,622252.8,18014471.4550,161179,9589078.6930
1718323200000,27.900,28.190,25.580,26.280,560446.0,15111506.4950,118934,7039745.5880
1718409600000,26.280,26.760,25.900,26.510,195822.0,5180865.8850,53017,2479302.6370
1718496000000,26.510,26.990,25.950,26.750,185332.2,4919521.0240,52042,2447600.5370
1718582400000,26.750,26.910,23.740,24.700,538981.7,13665642.7730,103181,6725366.7410
1718668800000,24.700,24.840,21.320,23.820,792540.2,18405051.3100,130802,9010558.7800
1718755200000,23.800,24.780,23.600,23.970,598497.8,14484644.7650,105489,7421505.8180
1718841600000,23.970,25.010,23.620,24.000,445028.9,10813653.0430,90705,5022053.1960
1718928000000,24.000,24.370,23.350,23.980,335507.9,8011746.8560,76572,3878940.2790
1719014400000,23.980,24.150,23.590,23.990,143015.6,3413791.5780,45228,1716919.0610
1719100800000,23.990,24.260,22.880,23.060,213246.7,5046294.1760,52590,2303460.6990
1719187200000,23.060,23.400,21.700,23.200,541939.2,12279341.3150,108268,6077757.0950
1719273600000,23.200,24.520,23.110,23.840,271178.7,6488202.8870,62810,3260041.5360
1719360000000,23.850,24.000,22.580,23.060,259861.8,6046795.8340,56318,3040852.9470
1719446400000,23.060,24.300,22.550,24.150,272601.3,6371847.4900,57355,3206397.1900
1719532800000,24.160,24.330,23.200,23.270,259712.3,6196677.7540,59716,2931957.3500
1719619200000,23.280,23.620,23.020,23.100,118954.8,2774039.3590,32609,1308161.2250
1719705600000,23.100,23.890,22.780,23.800,162271.8,3790626.4120,40228,1889829.4320
1719792000000,23.790,24.320,23.640,23.670,250526.9,6020012.8390,53723,3013578.4840
1719878400000,23.670,24.300,23.590,24.030,175556.6,4210565.7090,43473,1966053.6520
1719964800000,24.030,24.440,22.630,22.810,395796.0,9332156.9320,77243,4410712.3260
1720051200000,22.810,23.000,20.470,20.540,463822.3,10038445.4360,84736,4759357.9360
1720137600000,20.550,20.780,17.800,20.380,1266621.9,24567489.2060,134399,12243370.5380
1720224000000,20.370,21.920,19.870,21.800,287137.2,5958868.9520,55383,2945871.7170
1720310400000,21.800,21.800,20.040,20.140,229067.3,4797024.1700,50171,2443203.1930
1720396800000,20.140,21.520,19.370,20.580,482033.4,9877294.7280,85252,4806286.2620
1720483200000,20.600,21.460,20.470,21.030,191612.1,4024364.1570,43932,2045938.5290
1720569600000,21.010,21.830,20.560,21.070,217777.7,4588387.7460,44563,2394939.0830
1720656000000,21.080,21.750,20.670,20.840,195326.2,4123925.7210,45702,2048959.4930
1720742400000,20.850,21.430,20.400,21.410,168634.1,3527477.5900,41305,1817365.6440
1720828800000,21.410,21.980,21.200,21.740,147762.4,3181653.8420,34531,1562683.6130
1720915200000,21.740,22.780,21.550,22.740,226379.0,5039159.7600,49425,2538168.4670
1721001600000,22.730,23.600,22.660,23.470,314106.8,7285613.0850,59871,3617217.9710
1721088000000,23.470,23.580,22.210,23.200,369048.0,8483535.1640,70928,4125634.1010
1721174400000,23.200,23.730,22.360,22.640,356026.0,8216263.1430,65284,3963903.3010
1721260800000,22.640,23.220,21.750,21.990,294784.4,6637976.0810,55470,3030011.5540
1721347200000,22.000,22.600,21.500,22.520,335218.6,7372233.4650,54342,3576106.3540
1721433600000,22.520,23.170,22.300,23.120,227315.8,5167151.3170,43332,2479018.7170
1721520000000,23.130,23.810,22.230,23.500,404488.1,9316988.5220,69812,4532771.3410
1721606400000,23.500,23.770,21.920,21.980,326460.7,7439553.7770,53049,3383389.4430
1721692800000,21.980,22.300,20.790,21.110,528487.0,11386778.1740,69659,5473000.5950
1721779200000,21.110,21.480,20.660,20.800,258487.1,5459457.9040,43045,2504963.9170
1721865600000,20.800,20.940,19.760,20.524,571486.8,11605661.5427,137432,5776484.8561
1721952000000,20.518,21.596,20.501,21.553,306727.9,6476524.7713,191771,3265530.3808
1722038400000,21.552,22.117,21.247,21.812,370911.7,8082238.6894,180010,4050162.5332
1722124800000,21.816,22.001,20.970,21.175,259471.5,5575410.6049,87282,2632511.2660
1722211200000,21.174,22.267,20.937,21.067,440277.1,9521305.5946,144017,4632536.0198
1722297600000,21.065,21.963,20.560,20.873,320194.0,6827244.8956,139145,3255213.3017
1722384000000,20.876,21.317,20.430,20.482,380035.7,7941673.1856,103401,3859188.5307
1722470400000,20.480,20.694,18.612,20.227,530269.5,10468205.0017,113309,4970128.2896
1722556800000,20.224,20.345,18.456,18.836,542595.7,10453039.8886,107960,5091043.1491
1722643200000,18.830,19.176,17.500,18.170,501287.6,9156618.0356,100357,4372040.0432
1722729600000,18.167,18.663,16.670,17.567,704410.3,12515536.6743,126142,6146975.0652
1722816000000,17.573,17.764,13.853,15.974,2257542.7,34908979.1394,310420,16912703.3112
1722902400000,15.980,17.383,15.955,16.803,809736.8,13672962.8232,120763,6712011.2025
1722988800000,16.802,17.225,15.860,16.070,731910.5,12081465.9241,119373,6024833.0068
1723075200000,16.071,18.058,15.722,18.000,514028.7,8720166.7702,96168,4272377.9127
1723161600000,17.997,18.000,17.220,17.424,329962.9,5771771.3132,63112,2874678.5720
1723248000000,17.430,18.113,17.114,17.991,256187.9,4508384.1090,50864,2178589.4588
1723334400000,17.991,18.065,16.743,16.813,299191.3,5226633.3348,57504,2574481.8226
1723420800000,16.812,17.976,16.799,17.548,464573.4,8079371.8449,84174,4076927.6711
1723507200000,17.545,17.939,17.021,17.845,276587.6,4851183.6734,56689,2357837.8960
1723593600000,17.846,17.910,17.054,17.315,284689.7,4985803.7897,55347,2373869.2750
1723680000000,17.315,17.950,16.577,16.864,385557.1,6645643.2914,72254,3211310.6899
1723766400000,16.864,17.209,16.312,16.777,339989.2,5699321.8043,53548,2890360.4906
1723852800000,16.777,17.105,16.634,16.889,174653.3,2951222.2469,38688,1418837.5825
1723939200000,16.885,17.677,16.655,17.254,227670.4,3927754.5365,54848,1981120.2451
1724025600000,17.256,17.792,17.007,17.754,259238.3,4496935.8971,54248,2269776.8697
1724112000000,17.755,18.225,17.412,18.153,237644.1,4258790.2938,59991,2039606.2774
1724198400000,18.156,20.363,18.114,19.761,616750.2,11835239.3410,109679,5824448.5236
1724284800000,19.763,21.075,19.482,20.754,514598.1,10510612.4418,98396,5241875.2472
1724371200000,20.754,21.623,20.447,21.440,389309.4,8152903.9250,77379,3981519.9660
1724457600000,21.440,22.726,21.103,22.259,269395.0,5913425.6480,60597,2909178.5941
1724544000000,22.259,22.593,21.310,21.940,306882.3,6747971.1385,71661,3304374.8156
1724630400000,21.944,22.224,20.622,20.699,293167.4,6301182.7573,69509,3183611.2112
1724716800000,20.699,21.289,19.203,19.758,365383.5,7443427.9476,81097,3633234.5580
1724803200000,19.757,20.620,18.863,19.140,361423.0,7097394.9217,86471,3509912.2715
1724889600000,19.145,19.758,18.412,18.754,266693.6,5091093.7671,68227,2569601.5798
1724976000000,18.750,19.038,17.898,18.566,240902.2,4460273.8969,59992,2130655.9194
1725062400000,18.564,18.762,18.004,18.157,130738.8,2397016.4555,36424,1189563.5285
1725148800000,18.158,18.295,17.200,17.408,239586.4,4284440.5701,63308,2075154.0831
1725235200000,17.413,18.558,17.383,18.460,185145.1,3329783.6729,53092,1685512.1616
1725321600000,18.456,18.634,17.380,17.435,187385.8,3365000.6506,48986,1583680.0575
1725408000000,17.426,18.382,16.699,18.126,254957.4,4492699.0252,61676,2297027.4980
1725494400000,18.115,18.211,17.198,17.412,199181.3,3517036.0704,41600,1771802.8398
1725580800000,17.418,17.612,16.381,17.062,432790.1,7417690.4965,77950,3688072.2337
1725667200000,17.061,18.027,16.941,17.622,165947.9,2909149.3622,37123,1463496.9871
1725753600000,17.623,18.718,17.551,18.362,190568.5,3448461.7002,36667,1668318.0028
1725840000000,18.369,20.079,18.303,19.944,1059550.5,20428789.9790,149065,10125630.7724
1725926400000,19.941,20.570,19.692,19.969,600318.1,12087264.6508,96714,5845060.8868
1726012800000,19.969,20.265,19.335,19.846,443946.2,8797265.5107,79297,4513523.7788
1726099200000,19.852,20.210,19.344,19.864,345747.5,6840664.0027,59745,3416516.8521
1726185600000,19.866,20.190,19.057,19.930,363369.8,7143436.6650,60079,3510241.5020
1726272000000,19.931,21.853,19.439,21.587,956352.4,20126509.8874,132946,10355860.0483
1726358400000,21.587,21.845,20.119,20.347,1352886.8,28351581.2676,197992,13560561.5638
1726444800000,20.355,20.363,19.421,19.664,498061.6,9856872.1287,102026,4931205.1518
1726531200000,19.659,20.402,19.357,20.185,342155.3,6817766.3531,78242,3483095.4529
1726617600000,20.181,20.775,19.493,20.761,307593.9,6170227.8144,77827,3027448.0038
1726704000000,20.759,21.253,20.654,20.839,299397.9,6264721.1664,75411,2896220.8489
1726790400000,20.840,21.332,20.444,20.729,257775.5,5374340.0466,68754,2456961.1410
1726876800000,20.730,21.393,20.245,21.307,211469.4,4386237.4805,58314,2253884.2689
1726963200000,21.306,21.373,19.991,20.475,223803.7,4612784.0056,56047,2092389.2140
1727049600000,20.480,21.354,20.050,20.914,283957.9,5928283.9909,64932,2958315.2798
1727136000000,20.924,21.546,20.472,21.328,265820.5,5569287.9970,68468,2867765.1856
1727222400000,21.334,22.431,21.218,21.559,314809.8,6875432.8097,94573,3193432.9704
1727308800000,21.558,22.716,21.287,22.166,272870.6,6047498.0467,82983,3002510.8747
1727395200000,22.163,22.757,22.017,22.459,261581.5,5852724.7391,69134,3013145.4415
1727481600000,22.464,22.834,21.428,21.885,201673.9,4424433.8608,65281,1970319.8320
1727568000000,21.885,22.157,21.001,21.783,209808.2,4526589.4165,65860,2262469.4511
1727654400000,21.789,21.809,19.831,20.033,331131.2,6911227.3817,104674,3247432.8020
1727740800000,20.030,20.691,17.950,18.507,545510.5,10565539.7134,141538,5128565.5355
1727827200000,18.506,19.105,17.508,18.084,366033.1,6702747.9745,121374,3359028.7413
1727913600000,18.083,18.388,17.253,17.885,294359.3,5241491.9083,91386,2629240.9183
1728000000000,17.888,18.580,17.735,18.384,222960.7,4042933.6898,70599,1941599.2056
1728086400000,18.381,18.560,17.880,18.328,222523.2,4064736.8657,66603,1995291.3896
1728172800000,18.329,18.886,17.995,18.880,251098.5,4638212.0116,76675,2291507.1999
1728259200000,18.876,19.223,18.138,18.230,363543.2,6791871.3403,104311,3104292.0414
1728345600000,18.231,18.500,17.477,17.942,288364.1,5183504.8317,88933,2432594.9278
1728432000000,17.944,18.164,17.278,17.570,242928.0,4309394.7448,75434,2077976.0589
1728518400000,17.567,17.792,16.830,17.481,273035.6,4740001.4096,80114,2347601.3950
1728604800000,17.481,18.437,17.480,18.413,184462.8,3324481.3423,63356,1554011.1733
1728691200000,18.413,18.714,18.216,18.353,202145.3,3734857.7770,59311,1732631.7320
1728777600000,18.352,18.540,17.708,18.318,202484.6,3670684.3888,63022,1879329.8045
1728864000000,18.320,19.300,18.029,19.044,339952.0,6400593.8254,101372,3155632.3085
1728950400000,19.045,19.182,17.823,18.513,466096.9,8643105.6128,134942,4151146.6739
1729036800000,18.512,18.584,17.805,18.083,366089.2,6662421.0195,97929,3238718.1903
1729123200000,18.079,18.415,17.110,17.601,1218617.1,21625459.7157,190405,10528220.5575
1729209600000,17.602,18.448,17.553,18.441,271235.5,4876785.5844,69820,2318956.1961
1729296000000,18.441,18.708,18.179,18.396,195874.1,3619468.9563,56696,1763393.6299
1729382400000,18.401,19.678,18.225,19.552,436093.5,8343541.3183,102461,4159319.6389
1729468800000,19.553,19.935,18.806,19.021,395785.5,7648795.0750,104189,3687450.0450
1729555200000,19.024,19.263,18.451,18.715,325455.7,6110999.9334,81745,2900634.1072
1729641600000,18.715,18.809,17.465,18.147,546911.3,9920285.4019,106954,4789338.8915
1729728000000,18.143,18.589,17.756,18.355,346456.6,6305847.1386,76019,3139403.6343
1729814400000,18.349,18.490,15.658,16.564,485739.6,8383249.4986,109823,3875171.0486
1729900800000,16.564,17.144,16.160,16.929,297189.0,4992757.6981,80490,2389844.5697
1729987200000,16.929,17.652,16.705,17.364,210701.0,3602903.3060,58911,1831017.1205
1730073600000,17.365,17.603,16.680,17.327,331100.5,5664335.4046,84427,2675513.7596
1730160000000,17.331,17.953,17.300,17.756,504603.4,8939207.7509,95027,4660541.6363
1730246400000,17.755,17.869,17.242,17.519,451568.9,7935305.8362,90816,3937324.2245
1730332800000,17.522,17.574,16.310,16.586,376954.2,6358659.2766,84505,2922389.4487
1730419200000,16.586,16.922,16.128,16.400,444755.8,7336470.3012,68808,3570402.9202
1730505600000,16.400,16.634,15.794,16.006,288191.0,4662398.4811,55554,2195260.8670
1730592000000,16.012,16.225,15.050,15.518,435480.5,6776823.5946,79330,3228091.5102
1730678400000,15.517,15.708,14.691,14.960,338552.2,5183976.5975,65512,2467236.6185
1730764800000,14.957,15.857,14.953,15.662,278689.1,4310055.9732,56307,2079387.2608
1730851200000,15.662,17.442,15.658,17.285,576002.0,9628748.4109,108063,4664197.5801
1730937600000,17.286,17.472,16.680,17.294,448573.5,7670342.8571,94553,3648563.9310
1731024000000,17.291,17.885,17.013,17.679,707378.3,12316387.2571,130269,5884475.6684
1731110400000,17.680,18.199,17.156,18.154,509110.6,8967188.2409,113427,4213312.9330
1731196800000,18.156,20.663,17.780,19.462,1195374.8,23306758.0932,256061,11182335.0746
1731283200000,19.465,20.565,18.842,20.416,815244.2,15988749.7413,193030,7432448.4676
1731369600000,20.418,21.198,18.748,19.541,1261880.1,24920146.2477,287716,11665585.9896
1731456000000,19.548,19.750,17.753,19.071,988855.6,18628951.5132,230052,8691390.7520
1731542400000,19.073,19.465,17.937,18.326,631817.5,11810735.5221,155169,5519080.8670
1731628800000,18.325,20.006,17.709,19.987,550526.4,10308244.3457,132582,5208995.3483
1731715200000,19.989,22.220,19.866,22.080,1012194.5,21144743.0336,218167,10281755.1237
1731801600000,22.074,23.200,20.289,20.555,962968.3,20991569.3192,208017,9575543.2463
1731888000000,20.561,22.575,20.461,22.058,789580.0,17156064.2349,188927,8335139.7002
1731974400000,22.055,22.218,20.452,21.073,540882.3,11543367.4760,126261,5492173.1398
1732060800000,21.066,21.414,19.628,20.023,644409.0,13239460.4426,146904,6516497.9470
1732147200000,20.025,21.656,19.447,20.892,628457.6,13027161.1859,143962,6168081.8044
1732233600000,20.894,23.486,20.545,23.456,919033.8,19843635.8944,206103,9752703.6948
1732320000000,23.455,50.914,23.124,49.476,32175634.9,1239888116.7020,4300064,630517900.3353
1732406400000,49.470,52.100,37.809,40.807,20641114.2,900927804.3693,3845179,449798535.9786
1732492800000,40.810,40.832,37.150,40.198,5855910.8,230434556.1940,1363888,114242557.7541
1732579200000,40.190,47.325,34.394,36.191,7139670.6,275538663.2794,1325624,134977076.2517
1732665600000,36.192,38.650,35.359,37.479,2587790.3,96129861.3436,680754,46411595.6296
1732752000000,37.480,37.985,35.709,36.830,1439860.6,53204599.3062,407808,25806996.5471
1732838400000,36.827,43.968,36.648,42.117,3211510.6,129386217.3405,774312,63725448.1994
1732924800000,42.115,43.777,39.839,41.259,2405149.1,99676206.1906,596276,48137073.9106
1733011200000,41.261,44.150,40.024,41.638,2037114.9,84735122.9904,524277,41623066.4425
1733097600000,41.652,42.824,38.030,41.982,2932924.1,118018451.3486,677462,57168706.5088
1733184000000,41.982,45.800,40.248,45.047,3771780.6,163063185.0218,805266,78702679.5975
1733270400000,45.054,50.000,43.463,45.641,2914494.9,135930587.9664,660902,65251332.6131
1733356800000,45.648,46.759,43.159,44.872,1823820.2,82082976.8029,481598,40158797.9293
1733443200000,44.879,47.887,43.847,47.349,1372942.1,63198669.5091,408586,30837094.3945
1733529600000,47.348,47.554,44.955,45.000,922651.8,42606833.1242,290415,20608335.2054
1733616000000,45.001,46.135,43.613,45.545,698946.6,31385953.5203,244056,14940037.8526
1733702400000,45.545,45.580,30.366,36.720,1906522.9,74545559.3186,462819,34530288.7466
1733788800000,36.717,37.353,31.877,35.603,1883376.4,65657522.4207,426604,32673972.8218
1733875200000,35.613,38.879,33.876,38.117,1392512.4,51313113.4816,381481,24897991.6873
1733961600000,38.117,41.135,37.778,39.396,1246728.4,49397968.2759,350536,23721590.6579
1734048000000,39.395,39.972,37.802,39.464,912770.1,35523551.6229,277760,17450425.1988
1734134400000,39.466,39.938,36.620,37.426,698043.2,26530113.6246,213780,12894665.6151
1734220800000,37.424,41.277,36.098,39.189,1041167.6,40326089.6678,324305,19942193.0867
1734307200000,39.189,39.738,36.344,38.112,823319.4,31311946.9113,311655,14975255.8965
1734393600000,38.113,38.470,35.271,35.824,800355.2,29615779.6184,306427,14487672.6219
1734480000000,35.821,36.498,31.879,32.374,1235419.9,42392239.4658,348451,20626664.8742
1734566400000,32.378,32.943,28.382,29.592,1550860.9,47776557.8657,371663,23333483.9780
1734652800000,29.589,32.261,25.018,31.647,1680509.1,47853080.8909,443931,23930556.4685
1734739200000,31.641,34.909,30.257,30.903,1259475.1,40394914.4177,394864,19448374.5352
1734825600000,30.907,31.976,29.568,30.222,896547.0,27620560.2737,316009,13594672.0532
1734912000000,30.222,33.586,29.406,32.938,969396.4,30027027.5096,344254,14802603.1451
1734998400000,32.936,37.338,32.003,36.701,1060526.6,37077914.5264,360302,18407562.4530
1735084800000,36.697,38.468,35.662,36.373,970378.8,35900036.8979,325246,17737114.9433
1735171200000,36.374,36.759,33.254,34.102,641791.8,22207764.6894,243136,10907235.6663
1735257600000,34.099,36.184,33.343,33.777,712077.4,24579542.1050,246281,11961263.2051
1735344000000,33.777,35.793,33.059,35.292,468909.9,16104641.2269,181082,8021837.1270
1735430400000,35.299,36.418,34.254,34.680,624842.2,22050977.8066,212265,10611928.7469
1735516800000,34.686,36.325,32.617,34.310,767940.5,26383901.5661,261647,12763036.8617
1735603200000,34.308,34.763,32.629,33.008,431629.8,14539130.4958,178941,7286990.7097
1735689600000,33.009,34.547,31.510,34.315,552707.9,18140110.2153,202251,8909544.5357
1735776000000,34.313,35.750,33.692,34.189,522610.3,18056550.1727,198221,8831083.1291
1735862400000,34.190,37.029,33.842,36.675,531820.8,18919211.4397,194712,9343928.3084
1735948800000,36.673,36.800,35.301,36.214,370493.3,13371042.6727,146361,6619171.2821
1736035200000,36.219,36.695,35.341,36.320,334978.2,12061440.3292,140365,5824903.5258
1736121600000,36.324,37.500,35.399,36.394,481689.9,17520404.6665,168146,8302297.5482
1736208000000,36.395,36.690,32.499,32.505,703635.2,24238603.6248,192108,11421001.7677
1736294400000,32.509,32.960,29.363,31.029,664797.7,20751250.6040,184874,9820357.6505
1736380800000,31.027,31.538,29.444,30.132,651402.2,19821501.0734,156361,9736064.0500
1736467200000,30.135,31.427,29.937,30.960,803697.3,24619325.9912,159221,12287946.7897
1736553600000,30.957,31.615,30.135,30.736,279527.6,8574076.0148,107837,4179557.1605
1736640000000,30.746,30.854,29.615,30.129,322916.7,9791822.8809,107748,5048960.6455
1736726400000,30.132,31.040,27.116,29.540,798885.3,22901593.0791,204317,11050964.5854
1736812800000,29.535,31.626,29.356,31.557,349347.0,10608544.7952,114994,5372180.5025
1736899200000,31.565,32.978,30.583,32.904,611669.7,19436484.0849,175129,9813001.6088
1736985600000,32.904,33.270,31.279,31.829,680588.6,21906614.6821,197487,10731756.7010
1737072000000,31.831,34.424,31.819,34.193,572564.4,18976330.0741,169620,9232486.8791
1737158400000,34.191,34.485,30.765,31.578,918473.5,29260230.3799,214247,13588185.3574
1737244800000,31.580,32.455,26.427,26.973,1543617.0,45073799.9467,316780,21545436.0161
1737331200000,26.968,29.454,25.772,27.321,1793565.0,49337624.8574,333126,24252809.4485
1737417600000,27.321,29.052,25.973,28.322,642786.8,17666774.0592,173159,8706298.5958
1737504000000,28.321,28.687,27.243,27.431,378087.0,10597869.5088,124212,5179188.6561
1737590400000,27.431,28.020,26.514,27.454,560761.5,15210706.9378,146297,7543031.3477
1737676800000,27.453,28.649,26.582,27.254,366179.4,10131392.4717,118216,4833634.2631
1737763200000,27.253,27.606,26.682,27.354,233415.6,6334684.7700,92815,3131861.8959
1737849600000,27.358,28.616,26.365,26.421,308602.3,8482969.5461,94783,3928828.1345
1737936000000,26.421,26.421,23.605,25.936,706286.0,17652647.7728,171141,8470573.0992
1738022400000,25.944,26.254,23.512,23.693,351701.9,8755946.0192,109034,4159069.4914
1738108800000,23.692,25.427,23.560,24.460,388218.7,9493366.9550,124367,4580202.7474
1738195200000,24.467,26.576,24.263,25.900,294338.0,7565606.5480,99929,3826522.5617
1738281600000,25.904,27.074,25.561,26.142,303494.4,7976989.6009,105060,3881452.6728
1738368000000,26.146,26.769,23.719,23.965,313730.2,7979229.6768,105120,3699539.5526
1738454400000,23.962,24.558,19.107,20.458,992879.2,21626807.4517,228325,10423715.9058
1738540800000,20.461,21.613,14.905,21.286,2057353.9,37775392.3860,306400,18294150.6592
1738627200000,21.283,21.441,19.053,19.896,735529.3,14647194.5968,170832,7253435.0635
1738713600000,19.899,20.295,19.108,19.474,355350.1,7030790.1660,111627,3347770.4232
1738800000000,19.465,20.205,18.387,18.610,363732.4,6999119.1827,118951,3514108.1640
1738886400000,18.611,19.954,18.075,18.632,454663.1,8668262.3506,122667,4387723.2440
1738972800000,18.632,19.453,18.306,19.347,245794.7,4601301.6157,80734,2395483.0948
1739059200000,19.344,19.791,18.185,19.031,302565.1,5808982.7334,91546,2779546.4101
1739145600000,19.031,19.476,18.412,19.412,264179.2,5050558.6321,114923,2564980.7625
1739232000000,19.408,21.310,19.392,19.881,445719.8,9041012.9783,144636,4522457.8099
1739318400000,19.875,21.378,19.192,21.186,462298.7,9292575.2153,144041,4463366.1381
1739404800000,21.186,21.235,20.040,20.499,302081.4,6196593.0072,115391,3081397.4586
1739491200000,20.500,21.545,20.436,20.821,306598.9,6426862.9178,109164,3082387.9285
1739577600000,20.824,21.113,20.199,20.253,200126.1,4143437.0348,72855,1994336.5307
1739664000000,20.252,20.719,19.908,20.180,224892.5,4553468.8673,83413,2304661.6463
1739750400000,20.182,20.865,19.604,19.991,276892.6,5578707.3002,107911,2752417.5348
1739836800000,19.989,20.116,18.336,18.951,318839.6,6083350.5384,117357,2826316.6027
1739923200000,18.945,19.700,18.780,19.551,238874.3,4607454.2240,80001,2268632.7650
1740009600000,19.553,20.279,19.472,20.001,238623.8,4748877.1355,81924,2328776.5134
1740096000000,20.003,21.333,19.317,19.744,451292.7,9189711.8538,121820,4660061.9185
1740182400000,19.744,20.638,19.600,20.333,375837.0,7591938.5235,90623,3745197.1069
1740268800000,20.332,20.725,19.796,20.094,168536.2,3401810.7041,67137,1640730.9816
1740355200000,20.094,20.622,17.850,18.091,761466.5,14787606.4991,205285,7103908.1490
1740441600000,18.085,20.035,16.922,19.843,790271.3,14430432.9324,224245,7190259.0153
1740528000000,19.844,21.617,19.226,20.064,1107545.8,22575037.4764,330302,11307469.8911
1740614400000,20.067,20.847,19.368,19.876,441187.9,8890610.0598,146655,4342939.2417
1740700800000,19.877,19.937,18.031,19.640,629148.4,11896213.2618,352885,5813740.3373
1740787200000,19.641,19.938,18.565,19.166,320015.8,6162700.1356,103073,2927947.4567
1740873600000,19.168,21.098,18.534,21.053,572359.8,11401758.0420,146841,5416668.0796
1740960000000,21.052,21.252,17.685,17.946,623935.3,12081133.3606,190142,5765472.9242
1741046400000,17.945,18.114,16.227,17.762,560071.6,9669717.8458,174254,4615224.8409
1741132800000,17.763,18.707,17.468,18.483,271218.2,4897969.8183,116589,2301052.8430
1741219200000,18.482,18.884,17.870,18.172,246815.2,4541476.5205,101137,2202976.8989
1741305600000,18.172,18.696,17.162,17.835,375031.5,6765065.5207,127648,3436516.3221
1741392000000,17.834,17.939,17.072,17.500,240945.8,4212003.8583,82339,2018476.5607
1741478400000,17.505,17.626,16.060,16.484,351232.6,5907586.0458,104988,2908132.9418
1741564800000,16.488,17.485,15.300,15.652,468438.0,7737712.0467,143196,3931489.1811
1741651200000,15.656,16.471,14.598,15.984,495112.0,7705206.4883,145047,3854315.0016
1741737600000,15.985,16.368,15.255,15.982,293887.4,4654449.5150,98023,2373154.9368
1741824000000,15.977,16.379,15.409,15.890,248111.0,3943621.0330,81170,1934572.2170
1741910400000,15.888,16.717,15.793,16.468,270158.4,4407429.5338,76523,2162394.3287
1741996800000,16.470,16.984,16.326,16.885,269930.4,4501731.2203,69415,2216069.0889
1742083200000,16.886,17.047,16.207,16.369,233852.5,3886469.1470,76121,1932660.5083
1742169600000,16.370,17.948,16.340,17.389,442704.6,7620807.9324,112522,3846552.6433
1742256000000,17.389,17.689,16.904,17.482,238733.0,4122116.3452,79749,1946107.4345
1742342400000,17.480,18.380,17.384,18.360,342047.2,6083128.3633,96276,3101683.3062
1742428800000,18.363,18.461,17.105,17.266,245293.9,4326615.4955,75804,2117593.9869
1742515200000,17.263,17.689,16.821,16.932,275761.1,4741979.0547,75785,2384686.2687
1742601600000,16.934,17.333,16.809,16.934,195242.9,3327364.0954,58243,1589416.8245
1742688000000,16.932,17.799,16.772,17.726,381370.8,6554988.4089,86279,3301892.9038
1742774400000,17.728,19.016,17.281,18.221,514880.1,9386647.2243,117531,4484783.3362
1742860800000,18.218,18.447,18.031,18.280,222769.5,4067457.9731,67027,1974521.5252
1742947200000,18.281,18.722,17.854,18.065,236259.3,4315735.8901,66132,2073321.0589
1743033600000,18.066,18.500,17.725,18.091,476788.9,8654359.2541,85254,4261545.5340
1743120000000,18.093,18.141,16.426,16.730,305487.9,5217368.4121,76624,2319739.0276
1743206400000,16.732,16.794,15.562,15.856,281205.4,4526757.4138,70049,2194168.1628
1743292800000,15.856,16.150,15.627,15.865,182137.6,2905546.3809,51904,1429822.9717
1743379200000,15.870,16.008,15.308,15.780,244083.2,3838268.7629,60104,1834963.5862
1743465600000,15.780,16.817,15.763,15.970,337192.4,5485683.2399,74007,2726340.0942
1743552000000,15.977,16.005,14.586,14.828,493170.9,7633709.8720,107477,3578700.5651
1743638400000,14.829,15.505,14.451,15.013,315749.0,4722381.0812,82783,2288798.6773
1743724800000,15.015,15.263,14.579,14.963,358343.0,5363761.9920,80526,2486862.5485
1743811200000,14.960,15.192,14.616,14.886,200395.5,2990118.1595,47250,1469674.7458
1743897600000,14.888,14.918,12.486,12.873,560922.9,7691860.6557,116336,3483982.2340
1743984000000,12.874,13.405,11.342,12.748,886012.6,10950915.1812,176808,5475733.7085
1744070400000,12.750,13.101,12.232,12.322,372419.7,4706711.1749,95361,2320219.6452
1744156800000,12.321,13.881,11.866,13.634,524787.3,6727305.1917,113974,3379781.0364
1744243200000,13.637,13.662,12.675,13.149,365293.4,4794871.3014,85938,2359586.5523
1744329600000,13.149,13.619,13.043,13.379,263124.9,3495844.4020,70213,1697978.9651
1744416000000,13.378,14.065,13.321,13.975,202858.4,2779988.5831,57847,1409980.8052
1744502400000,13.975,14.086,13.072,13.305,325016.2,4405544.3047,78898,2116403.2409
1744588800000,13.306,13.844,13.206,13.350,266640.8,3602799.7874,76855,1785899.0710
1744675200000,13.351,13.379,12.684,12.747,310416.3,4045197.1848,78190,1963213.5467
1744761600000,12.754,12.984,12.022,12.346,426122.5,5335000.3308,99286,2763153.0247
1744848000000,12.346,12.606,12.126,12.437,338843.3,4193697.6556,74227,2041800.9911
1744934400000,12.436,12.767,12.352,12.661,198532.8,2501081.6466,54421,1255249.3438
1745020800000,12.662,13.517,12.652,13.413,298174.3,3926689.4843,62490,1998896.3330
1745107200000,13.414,13.821,13.185,13.778,281458.7,3801736.1920,73188,1830368.5778
1745193600000,13.780,14.298,13.677,13.870,357056.1,5003849.2501,90285,2350155.5662
1745280000000,13.870,14.698,13.595,14.667,360270.1,5106849.1046,85941,2584783.0201
1745366400000,14.669,15.665,14.598,15.395,404513.8,6173653.9509,91755,3068454.3223
1745452800000,15.389,15.985,14.870,15.862,475275.8,7366398.4823,102453,3639665.2416
1745539200000,15.858,16.471,15.679,16.294,432369.9,6992737.9239,87323,3269192.6775
1745625600000,16.298,16.824,15.944,16.397,334782.0,5498165.6005,73318,2719308.7888
1745712000000,16.401,16.522,15.695,15.810,181191.6,2901093.1802,54017,1484646.8823
1745798400000,15.810,16.500,15.313,16.342,307892.7,4943568.1054,69010,2483822.9342
1745884800000,16.346,16.583,15.702,15.884,190790.9,3100496.0533,49850,1493454.8144
1745971200000,15.880,16.005,14.770,15.223,507140.0,7762096.3717,85681,3511204.3597
1746057600000,15.218,16.064,15.208,15.814,361407.7,5669462.3401,79744,2918803.8284
1746144000000,15.815,16.088,15.466,15.704,223408.7,3523547.0355,59564,1755562.1166
1746230400000,15.705,15.714,14.802,14.984,199404.9,3040008.3028,54504,1603990.9169
1746316800000,14.980,15.063,14.383,14.474,209649.2,3067390.3449,67364,1578172.4866
1746403200000,14.474,14.840,14.373,14.581,183862.1,2684825.1731,60480,1353822.4312
1746489600000,14.588,14.699,14.005,14.605,257409.8,3697420.2498,76814,1813764.6112
1746576000000,14.613,14.868,14.299,14.700,233558.7,3422260.2780,76710,1698882.3027
1746662400000,14.700,16.859,14.675,16.837,780042.5,12540323.5688,154180,5933041.7880
1746748800000,16.830,18.050,16.800,18.031,731408.8,12748742.4124,164107,6227159.2309
1746835200000,18.028,19.619,17.936,19.599,549727.3,10196174.4094,141569,5081207.8587
1746921600000,19.593,19.631,18.289,18.840,454545.9,8578458.6863,126859,4274236.4775
1747008000000,18.843,24.490,18.542,22.298,4144348.6,94018760.6019,747697,47325988.4232
1747094400000,22.299,22.999,20.635,22.172,1519293.4,32731990.4990,406005,15393334.1751
1747180800000,22.174,22.533,20.890,21.040,585240.7,12626125.4590,236080,6098238.3063
1747267200000,21.042,21.224,19.002,19.349,588339.7,11665858.6615,234096,5705018.3196
1747353600000,19.352,20.086,18.604,18.901,301354.3,5871202.5981,131240,2696798.0181
1747440000000,18.893,18.992,18.003,18.236,276301.8,5090157.3928,109823,2582313.0304
1747526400000,18.238,19.983,18.143,19.397,398079.7,7598782.7324,138285,3793404.4636
1747612800000,19.391,19.478,17.600,18.430,339343.9,6187917.5437,117689,2973918.8090
1747699200000,18.431,19.226,18.026,18.604,294078.8,5438683.2959,106873,2686664.6524
1747785600000,18.605,19.379,18.101,18.907,449900.8,8379831.2481,128202,4088801.1390
1747872000000,18.913,20.160,18.889,20.086,330756.8,6501960.7633,103173,3249368.4560
1747958400000,20.087,20.661,18.137,18.212,546560.4,10555254.7390,142179,5086487.6915
1748044800000,18.213,18.636,18.019,18.158,212848.0,3897568.2731,75133,1872119.2314
1748131200000,18.162,18.319,17.391,18.226,241288.4,4305130.0736,84799,1959739.7622
1748217600000,18.231,18.666,18.008,18.101,159181.2,2920064.0663,71787,1418113.8227
1748304000000,18.100,18.948,17.647,18.290,300361.3,5532702.4764,80223,2710325.6071
1748390400000,18.290,19.394,17.775,19.226,385215.2,7103163.6584,108333,3474059.8232
1748476800000,19.230,19.313,17.513,17.689,435791.3,8026749.3829,116486,3936048.6530
1748563200000,17.684,17.772,15.693,15.925,487441.4,8200882.5288,114239,3913662.7351
1748649600000,15.925,16.374,15.258,16.142,288509.0,4565978.4193,81214,2132453.7964
1748736000000,16.144,16.208,15.500,16.115,263555.2,4194749.3060,72220,1919638.3157
1748822400000,16.115,16.593,15.546,16.531,188915.4,3020504.4704,59880,1521962.5101
1748908800000,16.538,17.016,16.479,16.589,339610.7,5687695.7374,77086,2637180.4705
1748995200000,16.587,16.920,16.085,16.183,352148.2,5823723.9540,84902,2769992.1383
1749081600000,16.185,16.471,14.811,15.144,441819.6,6956047.6361,96958,3278436.6124
1749168000000,15.145,15.961,15.090,15.454,244586.3,3799093.3145,66522,1852955.7779
1749254400000,15.456,16.509,15.414,16.235,199774.5,3221726.8085,56549,1558944.4107
1749340800000,16.241,16.476,15.922,16.213,165746.9,2687199.2077,51665,1244789.0694
1749427200000,16.208,16.793,15.849,16.754,293899.0,4795431.8621,76907,2515124.9834
1749513600000,16.754,17.464,16.447,17.415,364510.8,6195120.5088,95861,2995066.1255
1749600000000,17.415,17.508,16.560,16.720,330401.5,5666654.4550,95613,2627557.9964
1749686400000,16.724,16.748,15.186,15.556,503552.1,8033342.9659,124026,3934901.1113
1749772800000,15.557,15.557,14.311,15.157,463652.0,6844465.1514,114431,3285505.3109
1749859200000,15.159,15.201,14.451,14.822,189812.6,2823000.3686,66006,1439099.6906
1749945600000,14.817,14.940,14.361,14.762,151573.3,2225132.7862,54517,1112408.0053
1750032000000,14.761,15.444,14.564,14.745,339246.2,5130254.0705,88881,2582070.3103
1750118400000,14.739,14.964,13.800,14.204,451492.1,6459821.1231,111612,3083559.8625
1750204800000,14.206,14.543,13.884,14.368,389049.7,5544680.8826,102188,2783648.0579
1750291200000,14.370,14.522,13.932,14.200,219370.4,3119763.2875,66909,1508240.3610
1750377600000,14.201,14.646,13.495,13.784,303983.7,4276765.1594,82551,2054659.6834
1750464000000,13.787,14.075,12.730,13.114,291316.6,3913683.0475,80442,1833552.2432
1750550400000,13.118,13.233,11.948,12.586,411008.2,5159188.7640,101720,2523328.2915
1750636800000,12.588,14.018,12.511,13.987,341920.0,4460187.3947,86125,2173718.9300
1750723200000,13.989,14.455,13.845,13.980,340648.8,4794169.8430,93239,2428197.8978
1750809600000,13.981,14.082,12.972,13.115,513614.3,6912031.3603,117796,3385186.1887
1750896000000,13.116,13.538,12.658,12.744,392121.0,5095938.5292,108008,2593728.6329
1750982400000,12.747,13.161,12.606,12.988,248949.9,3209461.7154,76546,1599967.1445
1751068800000,12.989,13.536,12.824,13.456,183317.9,2408365.3654,56064,1186391.2240
1751155200000,13.456,13.967,13.026,13.806,314366.2,4197373.6946,69550,2099855.3442
1751241600000,13.807,13.834,12.641,12.878,568864.0,7431094.4670,119436,3588875.5207
1751328000000,12.874,12.923,12.187,12.277,391672.8,4879691.6537,84474,2433620.6607
1751414400000,12.277,13.474,12.142,13.266,411133.0,5318792.2762,85498,2495070.3287
1751500800000,13.265,13.575,13.039,13.255,369985.5,4923077.4622,89185,2531809.5660
1751587200000,13.257,13.352,12.306,12.443,323623.0,4114788.9667,80860,1991265.5222
1751673600000,12.443,12.704,12.312,12.621,217065.6,2703788.4950,49198,1400942.7390
1751760000000,12.622,12.938,12.414,12.664,259055.5,3275363.6288,60871,1677495.3783
1751846400000,12.664,12.886,12.355,12.535,268300.3,3390693.1974,61919,1631197.6479
1751932800000,12.539,12.857,12.318,12.729,351575.0,4410954.5151,82816,2146055.8650
1752019200000,12.728,13.609,12.593,13.519,454391.7,5966222.7237,87987,3034281.4650
1752105600000,13.520,14.688,13.342,14.580,462241.5,6405297.7678,96347,2977509.5073
1752192000000,14.584,15.181,14.204,14.552,500374.1,7408245.8731,123100,3559862.3322
1752278400000,14.551,14.889,13.888,14.303,364297.0,5249182.5541,103000,2557230.3112
1752364800000,14.296,14.960,14.166,14.707,292205.9,4278829.2975,89020,2131423.9412
1752451200000,14.712,15.488,14.476,14.730,568882.0,8543603.9638,132202,4072759.6855
1752537600000,14.732,15.137,14.150,15.092,436230.4,6348427.8089,113585,2981768.8797
1752624000000,15.087,16.242,14.806,15.762,924671.8,14533967.8199,178746,7298801.7608
1752710400000,15.767,16.202,15.269,16.039,641738.6,10125517.0290,149438,4923130.4097
1752796800000,16.038,19.000,15.525,16.286,1088807.9,18367783.9835,220626,9122696.2127
1752883200000,16.293,16.840,15.896,16.521,414587.1,6810683.3447,104088,3507514.6238
1752969600000,16.523,17.611,16.458,17.184,506051.8,8634193.2930,121321,3891979.2351
1753056000000,17.185,18.021,16.869,17.259,547273.3,9568062.5606,114216,4246275.1385
1753142400000,17.259,17.390,16.349,17.362,501354.6,8459113.2044,128567,3929189.1264
1753228800000,17.362,17.377,15.305,15.757,611732.6,9903185.4853,164973,4570681.2909
1753315200000,15.758,16.029,14.810,15.442,563596.9,8726374.7533,155044,4331709.0563
1753401600000,15.444,16.029,14.888,15.942,404804.3,6243267.8937,115908,3117828.8898
1753488000000,15.938,16.142,15.785,15.852,226307.1,3607065.8877,79993,1674706.7587
1753574400000,15.845,16.380,15.820,16.320,215536.8,3470260.2837,79903,1712364.9876
1753660800000,16.314,16.746,15.401,15.483,376564.5,6049122.0227,114048,3024992.7405
1753747200000,15.488,16.002,14.960,15.234,393440.4,6066154.0470,97157,2896444.5846
1753833600000,15.229,15.292,14.130,14.942,444516.6,6569416.3661,117746,3128033.8079
1753920000000,14.942,15.146,13.967,14.049,299796.8,4397483.9459,86288,2089951.7176
1754006400000,14.048,14.160,13.265,13.574,514975.0,7104873.7589,111370,3582184.0066
1754092800000,13.573,13.808,12.991,13.379,355355.5,4751977.1273,83809,2329921.5514
1754179200000,13.386,14.049,13.220,13.928,275763.1,3797052.9521,69709,1991528.6675
1754265600000,13.926,14.415,13.860,14.301,347375.9,4891676.6368,72614,2464200.1613
1754352000000,14.299,14.316,13.323,13.692,367493.8,5066685.5384,106409,2525629.9543
1754438400000,13.693,14.055,13.371,13.946,299541.3,4122837.8676,82805,2082976.9255
1754524800000,13.944,14.703,13.817,14.694,364866.8,5197466.2528,82093,2718221.5563
1754611200000,14.694,15.205,14.454,15.131,525212.0,7773444.0369,116843,3762446.0130
1754697600000,15.134,15.863,15.106,15.651,290894.9,4530473.2659,85127,2074393.8729
1754784000000,15.655,16.192,15.108,15.548,661638.6,10322911.1855,142898,4867512.9651
1754870400000,15.547,15.995,14.695,14.851,420608.6,6445349.9223,88533,2941109.8229
1754956800000,14.852,16.114,14.607,15.883,415532.4,6397505.8135,88964,2991339.0780
1755043200000,15.886,16.610,15.701,16.467,526495.4,8528132.1245,103569,3990189.8366
1755129600000,16.466,16.857,14.643,15.077,685755.9,10774137.6998,167066,4907536.8030
1755216000000,15.082,15.657,14.384,14.833,473241.8,7108488.9443,131663,3444846.3717
1755302400000,14.832,15.292,14.670,15.240,272705.0,4077675.1013,81939,1951820.2266
1755388800000,15.240,15.919,15.108,15.381,320395.6,4969343.8511,82168,2467082.6822
1755475200000,15.383,15.399,14.403,14.663,415638.2,6134388.4753,137042,2864346.7020
1755561600000,14.663,14.853,13.870,13.925,444572.7,6375467.9502,140289,3094208.4314
1755648000000,13.925,14.752,13.849,14.666,328308.5,4701917.1722,110445,2231211.2426
1755734400000,14.664,14.807,14.097,14.379,346645.2,4998924.2779,114002,2666892.6445
1755820800000,14.380,16.218,13.901,16.064,617115.9,9362520.4622,176732,4855585.2528
1755907200000,16.065,16.650,15.539,16.579,526201.9,8486531.4660,155583,4251133.5443
1755993600000,16.575,16.854,15.680,15.989,643425.5,10413951.4096,167084,4903660.5432
1756080000000,15.987,16.174,14.180,14.547,540773.5,8161953.4515,161704,3773071.8649
1756166400000,14.546,15.275,14.393,15.167,325453.2,4818377.5030,114636,2398242.2655
1756252800000,15.164,15.861,15.053,15.366,530113.1,8208710.7365,138548,3715660.0969
1756339200000,15.367,15.805,15.196,15.630,332638.1,5169325.4235,103047,2537345.6929
1756425600000,15.629,15.631,14.423,14.885,485538.7,7246123.2421,146158,3464691.7293
1756512000000,14.886,16.481,14.562,16.262,993605.6,15406458.6138,200799,7601909.0021
1756598400000,16.263,17.680,15.341,15.417,1617033.0,26354579.4447,328390,12898358.3582
1756684800000,15.417,15.608,14.398,14.705,709982.6,10659125.9801,188218,5276974.2806
1756771200000,14.709,15.146,14.432,15.132,416649.7,6152613.8623,148989,2949419.4566
1756857600000,15.133,15.473,15.035,15.284,297520.6,4545931.3103,91684,2123507.7899
1756944000000,15.286,15.371,14.581,14.827,262799.6,3912800.0600,95417,1866026.4752
1757030400000,14.826,15.391,14.819,15.207,313800.7,4735820.8242,94095,2370659.1974
1757116800000,15.208,15.440,14.898,15.118,273804.9,4151340.2613,71970,2030897.0322
1757203200000,15.117,15.755,15.094,15.347,386773.3,5954453.2726,87003,3012166.2735
1757289600000,15.345,15.552,15.186,15.473,338752.8,5204060.2289,98408,2582234.5693
1757376000000,15.474,15.814,15.061,15.527,462277.5,7154850.7291,134126,3568666.7000
1757462400000,15.527,15.951,15.470,15.726,419419.1,6581510.9783,117822,3126950.5179
1757548800000,15.726,15.907,15.409,15.766,337432.7,5281604.8710,87335,2633631.4782
1757635200000,15.764,16.052,15.523,15.997,290932.1,4603619.0444,84888,2168555.0811
1757721600000,16.002,17.242,15.921,16.667,658157.5,10926544.1656,173702,5580171.3516
1757808000000,16.670,16.717,15.502,15.842,460272.3,7394812.3118,124321,3101967.0540
1757894400000,15.842,16.048,15.036,15.254,355695.3,5500716.5891,116059,2722877.6984
1757980800000,15.254,15.900,15.110,15.778,311565.6,4838207.6221,94116,2447050.5516
1758067200000,15.778,16.195,15.386,16.030,354796.4,5586989.7660,105048,2477448.4108
1758153600000,16.034,16.335,15.887,16.111,367921.4,5924674.5252,101437,2812177.8165
1758240000000,16.110,16.929,15.520,15.656,593247.8,9615326.6706,151834,4588166.7291
1758326400000,15.655,16.289,15.529,15.892,304367.6,4850771.0345,73026,2169242.9474
1758412800000,15.894,16.048,15.317,15.352,299702.0,4706750.4285,71262,2382579.3041
1758499200000,15.352,15.408,13.313,14.341,795946.4,11456477.1527,202357,5232258.2247
1758585600000,14.342,14.507,13.937,14.131,311733.6,4452432.7904,92719,2115322.3297
1758672000000,14.132,14.480,13.818,14.216,224252.7,3188137.6848,78092,1503774.1691
1758758400000,14.215,14.223,12.981,13.156,611584.2,8304306.2311,149381,4144824.0853
1758844800000,13.157,14.298,13.131,14.020,605816.3,8223685.6242,117809,4234336.0197
1758931200000,14.019,14.058,13.779,13.985,210457.6,2932846.3675,58841,1475611.2805
1759017600000,13.986,15.221,13.681,14.652,793457.5,11545241.0273,174405,5575148.3499
1759104000000,14.651,14.684,14.023,14.328,338159.7,4860964.2436,100242,2426540.6722
1759190400000,14.327,14.397,13.813,14.343,396714.9,5607598.9636,99395,2651186.9984
1759276800000,14.341,15.094,14.141,15.080,366686.8,5374605.3873,97693,2673156.4917
1759363200000,15.080,15.540,14.956,15.448,331198.9,5054328.4893,82212,2248659.5080
1759449600000,15.448,15.592,14.922,15.356,312503.0,4762368.3573,85167,2275190.5937
1759536000000,15.361,15.431,14.734,14.926,239497.3,3599499.0610,66413,1529317.7949
1759622400000,14.923,15.632,14.828,15.000,314999.5,4788704.4676,86554,2306874.2648
1759708800000,14.998,15.726,14.891,15.580,286117.0,4406650.2962,79613,2171645.9945
1759795200000,15.590,15.798,14.627,14.803,520726.1,7914691.8295,126926,3610739.6147
1759881600000,14.802,15.167,14.535,15.062,366113.4,5430056.9174,105492,2773093.9544
1759968000000,15.061,15.096,14.280,14.741,596632.8,8754132.0249,160883,4078215.9257
1760054400000,14.741,15.197,4.403,10.465,1590781.8,18341463.8535,278850,8000651.1234
1760140800000,10.478,11.710,10.050,10.382,1359315.4,14640802.0601,293865,6832115.1360
1760227200000,10.383,11.837,10.204,11.606,656860.6,7258151.0957,173651,3648616.6880
1760313600000,11.606,12.317,11.434,12.235,914130.1,10864588.3316,236188,5491583.1938
1760400000000,12.235,12.290,10.944,11.757,814728.7,9400104.8340,212086,4572371.7538
1760486400000,11.754,11.950,10.948,11.243,446685.7,5110749.7681,122569,2548399.1549
1760572800000,11.243,11.639,10.690,10.890,617558.5,6926193.0958,163755,3388399.4269
1760659200000,10.890,11.107,10.115,10.494,751771.8,7913219.6094,176369,3916759.1031
1760745600000,10.494,10.729,10.298,10.536,442545.8,4667974.3893,85687,2250568.4790
1760832000000,10.535,11.131,10.375,10.942,396418.5,4284687.1522,90669,2157573.1629
1760918400000,10.941,11.321,10.716,10.792,461212.3,5071777.1569,107372,2524048.8980
1761004800000,10.793,11.299,10.327,10.495,542919.4,5831131.3458,109648,2797455.8953
1761091200000,10.495,10.877,10.179,10.520,653191.8,6906027.5050,117743,3229657.5017
1761177600000,10.524,10.899,10.451,10.671,448799.2,4795817.3530,80279,2346908.8442
1761264000000,10.672,10.900,10.403,10.613,435234.9,4622706.1593,83625,2453939.4510
1761350400000,10.613,10.623,10.366,10.553,279011.2,2928921.5615,51414,1432726.0297
1761436800000,10.554,10.859,10.339,10.742,384942.0,4093266.5011,68089,1978985.2129
1761523200000,10.742,10.894,10.352,10.474,481517.5,5117885.3326,86699,2507996.2786
1761609600000,10.475,10.535,9.785,9.996,547823.2,5607144.0896,93251,2536473.5192
1761696000000,9.996,10.387,9.872,10.042,480273.8,4864284.2772,97414,2493898.1867
1761782400000,10.043,10.185,9.036,9.422,854779.8,8138731.5939,149495,3718490.8922
1761868800000,9.425,9.716,9.247,9.458,501768.8,4776961.7652,102293,2342362.6568
1761955200000,9.457,10.084,9.383,10.027,600579.8,5897211.9451,113686,3048177.1665
1762041600000,10.029,11.531,9.960,10.978,2904192.7,31504393.2712,485289,15476805.1331
1762128000000,10.977,11.128,8.930,9.506,1743836.6,17281342.8797,314198,8102466.8613
1762214400000,9.507,9.946,8.647,9.126,1538830.0,14353627.2270,322518,6989171.9543
1762300800000,9.127,9.390,8.592,9.276,636254.2,5805011.7548,150385,2846413.0855
1762387200000,9.275,9.933,8.919,9.633,1064172.7,9976689.8648,234551,4943352.3386
1762473600000,9.634,11.622,9.530,11.276,1988561.6,20738442.0514,440582,10119826.0572
1762560000000,11.275,15.400,10.913,13.560,10766745.1,145213010.5563,2625968,71214801.7740
1762646400000,13.559,14.371,12.000,12.173,5860672.3,76108824.1233,1249190,37293179.1181
1762732800000,12.173,12.680,11.775,12.345,1823450.4,22376474.5717,479218,10825120.5208
1762819200000,12.346,12.480,11.360,11.378,912096.5,10808667.9951,320911,5084378.8027
1762905600000,11.380,11.738,10.816,10.900,839322.3,9519161.7293,291548,4629956.7967
1762992000000,10.900,11.254,10.215,10.523,800813.0,8662121.6350,300520,4172790.9224
1763078400000,10.524,10.627,9.842,9.977,702258.0,7185404.8513,217221,3494263.1133
1763164800000,9.977,10.535,9.948,10.232,420444.0,4320630.5993,140920,2081720.1585
1763251200000,10.233,10.377,9.632,9.902,567155.4,5649266.3925,168293,2719042.5517
1763337600000,9.900,10.214,9.590,9.755,513975.6,5082916.6153,157347,2416542.4101
1763424000000,9.756,10.051,9.530,9.901,634217.4,6198609.0958,171731,2908172.3528
1763510400000,9.901,9.966,9.266,9.793,571931.3,5518490.6511,156987,2624220.0842
1763596800000,9.794,10.201,9.217,9.378,670105.8,6518198.2352,150320,3055353.1209
1763683200000,9.379,9.583,8.132,8.596,987109.8,8634891.2600,229819,4194095.3663
1763769600000,8.598,8.645,8.311,8.487,322510.5,2731044.6138,94444,1394817.6347
1763856000000,8.485,8.681,8.423,8.450,277646.4,2377933.6988,71594,1166923.4816
1763942400000,8.447,8.946,8.311,8.704,554747.2,4767411.8854,117500,2405207.5519
1764028800000,8.705,8.765,8.409,8.714,329087.3,2830697.0613,73908,1353486.7040
1764115200000,8.716,8.986,8.336,8.740,381710.8,3296445.7804,80847,1661051.0260
1764201600000,8.740,9.314,8.700,8.920,439889.9,3956051.5869,81594,1940308.6842
1764288000000,8.920,8.966,8.636,8.824,381530.2,3357924.3387,72987,1620161.8008
1764374400000,8.824,9.001,8.678,8.733,326324.9,2890489.6839,64309,1370625.9396
1764460800000,8.729,8.837,8.481,8.500,213995.5,1860836.3640,52909,910409.3805
1764547200000,8.501,8.517,7.699,7.945,672124.7,5340717.9578,114170,2385634.6805
1764633600000,7.945,9.032,7.812,8.632,581316.5,4921839.0957,66043,2606014.6731
1764720000000,8.632,8.863,8.494,8.786,368687.1,3205922.6948,77556,1558225.4751
1764806400000,8.787,8.853,8.388,8.544,337857.7,2933553.0461,75304,1368881.2806
1764892800000,8.545,8.657,8.045,8.168,379085.1,3166051.5330,76615,1563438.6424
1764979200000,8.166,8.314,8.071,8.235,194432.3,1588841.0021,45467,777924.3393
1765065600000,8.234,8.306,7.847,8.049,420834.6,3413922.1717,68102,1661609.9699
1765152000000,8.048,8.403,8.017,8.214,289418.5,2382738.3601,43560,1145300.9523
1765238400000,8.219,8.885,8.023,8.580,407302.5,3440184.6978,85650,1780217.0237
1765324800000,8.584,8.609,8.040,8.114,393149.4,3266913.5443,79444,1568244.6071
1765411200000,8.113,8.152,7.590,7.792,574556.8,4461398.1738,98201,2041923.8137
1765497600000,7.793,7.891,7.407,7.661,377476.6,2894538.9824,71526,1348650.0639
1765584000000,7.661,7.839,7.646,7.788,255999.0,1989027.0929,45732,1011946.5422
1765670400000,7.789,7.803,7.369,7.470,227896.5,1727266.4640,47936,811746.0052
1765756800000,7.468,7.865,6.969,7.191,599356.5,4440940.8231,90825,2051851.3945
1765843200000,7.191,7.460,6.985,7.310,467176.2,3392203.6502,80937,1773363.8652
1765929600000,7.310,7.420,6.715,6.789,475848.4,3352388.8974,78962,1512008.4670
1766016000000,6.787,7.005,6.387,6.560,587323.2,3929179.2520,82493,1988205.3757
1766102400000,6.561,7.177,6.448,7.079,512645.6,3506227.2207,76693,1774802.8765
1766188800000,7.084,7.088,6.954,7.034,300524.6,2108564.8876,41984,1063358.9009
1766275200000,7.035,8.199,6.826,6.905,3348929.0,24706524.5902,336344,12275684.1294
1766361600000,6.906,7.405,6.826,7.137,973006.4,6905355.8760,145465,3279224.6306
1766448000000,7.138,7.197,6.856,7.052,463824.1,3260240.5123,81774,1683313.3285
1766534400000,7.053,7.081,6.836,6.946,341253.0,2367582.9378,55435,1132733.5172
1766620800000,6.947,7.086,6.740,6.782,287212.9,1995842.9136,51154,986584.0333
1766707200000,6.781,7.112,6.734,6.867,360118.2,2491720.3639,59375,1275851.7601
1766793600000,6.867,7.282,6.849,7.224,406047.2,2870683.9068,58786,1471928.4447
1766880000000,7.224,7.641,7.099,7.176,680765.8,4997378.9486,87970,2393242.5287
1766966400000,7.176,7.301,7.062,7.117,341023.1,2448681.8025,60186,1200136.8242
1767052800000,7.116,7.193,7.014,7.041,229788.5,1630935.3453,43583,786815.1307
1767139200000,7.040,7.049,6.706,6.818,425184.9,2930448.1888,60573,1338071.0708
1767225600000,6.819,7.902,6.782,7.565,859254.5,6394422.0011,73776,3304855.2513
1767312000000,7.565,7.904,7.417,7.862,634829.7,4820668.7788,104617,2425966.8900
1767398400000,7.862,8.087,7.591,7.805,389644.4,3047662.4702,76245,1503445.6582
1767484800000,7.804,7.911,7.729,7.854,259139.1,2030253.1544,60121,994662.5449
1767571200000,7.855,8.217,7.697,8.138,358329.2,2844036.9061,76185,1405251.6166
1767657600000,8.139,8.788,8.030,8.422,470063.3,3927074.1040,74239,1830060.8581
1767744000000,8.423,8.462,7.683,7.831,547715.9,4386768.8158,99468,1888819.8107
1767830400000,7.832,7.936,7.515,7.738,396389.9,3064427.5659,86901,1453241.0799
1767916800000,7.740,7.828,7.502,7.669,313956.2,2406641.7981,65830,1191124.5278
1768003200000,7.669,8.091,7.521,7.802,510895.8,3990629.1869,79019,2022244.8113
1768089600000,7.802,7.823,7.455,7.562,382771.9,2948773.8130,57437,1495924.5050
1768176000000,7.562,7.754,7.241,7.265,461335.6,3444141.5289,81551,1779845.0563
1768262400000,7.269,8.418,7.251,8.166,1189223.2,9457419.0091,154868,4905542.6375
1768348800000,8.167,8.209,7.851,7.979,413203.1,3329352.0209,79212,1607707.9434
1768435200000,7.982,8.008,7.335,7.477,554416.0,4225055.4196,86516,1942636.5102
1768521600000,7.477,7.624,7.340,7.588,371954.0,2786772.7925,66530,1383140.1949
1768608000000,7.589,8.089,7.517,7.841,361734.3,2833215.2353,66950,1401672.5881
1768694400000,7.840,7.922,7.281,7.292,333889.5,2557560.0597,61301,1215481.1749
1768780800000,7.291,7.294,6.524,6.993,746436.1,5175868.9639,138533,2468327.9142
1768867200000,6.993,7.000,6.533,6.621,491784.9,3319150.9749,89199,1675135.1455
1768953600000,6.622,6.922,6.542,6.759,522968.4,3529629.7421,86823,1662152.0629
1769040000000,6.763,6.888,6.605,6.678,369877.4,2503384.2669,60258,1188787.7176
1769126400000,6.678,6.877,6.572,6.695,311736.7,2097752.0427,56456,1027207.0023
1769212800000,6.697,6.862,6.656,6.724,355836.9,2403325.2699,51645,1262391.2184
1769299200000,6.724,6.781,6.218,6.370,517333.5,3377237.0433,81076,1587941.9879
1769385600000,6.369,6.832,6.352,6.724,561654.8,3731106.4705,83253,1901163.6784
1769472000000,6.724,6.839,6.575,6.782,473440.3,3173247.3631,74883,1537078.5886
1769558400000,6.782,6.841,6.632,6.792,538251.6,3628911.8531,79349,1838571.0118
1769644800000,6.792,6.814,6.011,6.156,977877.9,6200757.2380,124264,2707675.3476
1769731200000,6.156,6.219,5.909,6.102,940514.3,5725893.6962,132760,2770645.3775
1769817600000,6.103,6.116,4.942,5.507,1379142.4,7773598.5329,152398,3821966.1585
1769904000000,5.506,5.586,5.211,5.325,995302.1,5395983.2674,133526,2801450.3748
1769990400000,5.326,5.617,5.167,5.495,893067.4,4844391.8291,137371,2445615.7631
1770076800000,5.494,5.507,4.909,5.094,974045.2,5095177.0903,115413,2530585.6445
1770163200000,5.092,5.217,4.757,4.857,1338918.0,6657854.1631,140486,3281033.9049
1770249600000,4.861,4.927,4.097,4.149,2119628.5,9601954.2340,218323,4631054.9201
1770336000000,4.149,4.737,3.718,4.621,2017892.4,8715678.9552,193810,4394501.4841
1770422400000,4.620,4.650,4.356,4.539,1346515.0,6097582.7741,121838,3050845.8277
1770508800000,4.540,4.551,4.312,4.363,1562213.3,6934792.2410,141307,3460312.7976
1770595200000,4.363,4.492,4.205,4.407,2064684.0,9003246.2526,169329,4500762.3211
1770681600000,4.408,4.425,4.211,4.269,1936002.2,8342284.5805,148782,4156216.6918
1770768000000,4.269,4.460,4.103,4.367,2557085.0,10857729.3376,176308,5496638.0632
1770854400000,4.368,4.595,4.252,4.425,2123148.3,9339654.1151,147832,4614804.3307
1770940800000,4.424,4.596,4.334,4.554,1300753.9,5779129.8408,99785,2933169.3750
1771027200000,4.554,4.965,4.550,4.873,1203612.9,5736209.0014,96953,2862711.8629
1771113600000,4.872,4.891,4.559,4.659,1330517.1,6279281.3908,100466,3065966.3447
1771200000000,4.660,4.869,4.608,4.832,1450676.8,6845779.1240,109349,3426147.8170
1771286400000,4.831,4.924,4.738,4.800,1582390.7,7651053.6590,121267,3763768.0846
1771372800000,4.800,4.862,4.579,4.596,1213247.8,5746577.6820,106812,2841224.2831
1771459200000,4.596,4.634,4.441,4.538,1352247.8,6153920.4810,121580,3059379.3049
1771545600000,4.539,5.111,4.498,4.869,2587886.4,12334027.3749,193015,6192358.0138
1771632000000,4.867,5.273,4.820,4.944,2092127.5,10456698.1336,180600,5073967.1411
1771718400000,4.943,4.955,4.719,4.751,1247099.2,5982434.3217,113513,2972827.3431
1771804800000,4.751,4.782,4.509,4.598,2014892.1,9317721.4995,164397,4613638.9992
1771891200000,4.597,4.756,4.471,4.746,1746748.0,8027597.9366,139846,4012917.5918
1771977600000,4.745,5.576,4.725,5.341,4800567.9,25426102.5841,348242,12605391.1732
1772064000000,5.342,5.420,4.966,5.115,1584172.7,8169361.0488,145829,3989152.6906
1772150400000,5.114,5.242,4.920,4.973,1359667.6,6894224.4042,124638,3386398.9315
1772236800000,4.973,5.017,4.537,4.909,1690255.0,7998011.1860,146757,3917433.4237
1772323200000,4.908,5.105,4.638,4.703,1457653.0,7074784.8027,126183,3504452.8026
1772409600000,4.704,4.972,4.626,4.760,1614299.5,7699408.5628,111993,3861432.7667
1772496000000,4.761,4.771,4.416,4.621,940872.4,4299334.7712,84929,2032789.0454
1772582400000,4.620,4.990,4.519,4.797,885230.7,4219742.5239,83826,2084117.1229
1772668800000,4.798,4.882,4.635,4.676,504218.2,2401924.0674,56595,1203534.8710
1772755200000,4.676,4.736,4.374,4.415,514693.1,2334720.0132,58831,1086655.6708
1772841600000,4.416,4.749,4.369,4.416,1238234.0,5625143.3885,98957,2758419.4827
1772928000000,4.415,4.562,4.352,4.459,775880.1,3450670.2554,64208,1665728.4065
1773014400000,4.457,4.783,4.438,4.621,652420.0,3020762.7893,67920,1465213.4222
1773100800000,4.620,4.740,4.517,4.558,571767.1,2643449.3051,50673,1303472.6630
1773187200000,4.559,4.627,4.471,4.581,490296.8,2223529.3926,48732,1120532.3414
1773273600000,4.581,4.596,4.400,4.550,404587.3,1817601.2392,38678,835777.7507
1773360000000,4.551,4.775,4.468,4.496,705062.7,3264526.3532,48009,1465637.5600
1773446400000,4.496,4.499,4.362,4.405,528877.4,2330482.6621,43620,1090637.7338
1773532800000,4.405,4.545,4.374,4.523,432338.1,1927471.6017,41462,883805.4634
1773619200000,4.523,4.944,4.497,4.841,1163819.7,5558662.2971,101078,2780562.4727
1773705600000,4.842,4.862,4.669,4.761,551044.3,2619690.4817,47444,1288431.5129
1773792000000,4.761,4.926,4.468,4.600,565575.6,2637856.4696,54609,1207729.6978
1773878400000,4.600,4.633,4.455,4.524,332969.4,1506511.9987,38773,782697.4936
1773964800000,4.525,4.657,4.475,4.527,381857.3,1746003.3723,39874,815740.5083
1774051200000,4.528,4.689,4.355,4.393,277482.8,1261393.8490,24940,597013.5329
1774137600000,4.394,4.444,4.263,4.343,422442.7,1846962.8434,38754,873697.9042
1774224000000,4.342,4.576,4.310,4.468,364421.2,1624296.4622,28319,829831.1020
1774310400000,4.468,4.484,4.345,4.457,260679.7,1154136.9644,26877,582270.6595
1774396800000,4.456,4.484,4.356,4.401,285898.7,1265041.9932,26427,617263.1465
1774483200000,4.401,4.412,4.211,4.269,412279.6,1779506.8217,29689,838284.1254
1774569600000,4.270,4.325,4.081,4.132,424237.8,1770773.6159,36666,837943.0760
1774656000000,4.132,4.165,4.044,4.061,305457.5,1254102.7833,26808,566616.2736
1774742400000,4.061,4.160,4.001,4.092,407994.9,1669190.3217,38159,812222.6634
1774828800000,4.093,4.244,4.065,4.101,311682.4,1299891.9019,33721,622533.8505
1774915200000,4.102,4.212,4.070,4.174,346186.0,1438128.7992,32345,695203.2897
1775001600000,4.175,4.319,4.140,4.260,293909.8,1243984.7353,27687,590313.2237
1775088000000,4.258,4.318,4.029,4.235,382368.7,1591508.1682,27823,731321.0853
1775174400000,4.236,4.358,4.170,4.192,276065.6,1179389.6444,23447,583694.2570
1775260800000,4.190,4.219,4.128,4.159,242566.3,1012548.1938,18012,495883.9096
1775347200000,4.160,4.177,4.034,4.162,276312.2,1132459.0854,20677,537873.7397
1775433600000,4.167,4.241,4.053,4.076,368290.7,1537467.5448,25725,689548.7900
1775520000000,4.074,4.283,3.972,4.260,415951.7,1694634.3568,32474,839104.2766
1775606400000,4.262,4.292,4.151,4.165,328248.8,1388019.8000,25872,604000.9695
1775692800000,4.164,4.286,4.115,4.206,285174.8,1195141.7597,22164,628341.8846
1775779200000,4.208,4.365,4.162,4.310,378025.3,1611103.1263,29959,800461.2863
1775865600000,4.310,4.361,4.192,4.239,302557.5,1292676.8413,22581,593260.5437
1775952000000,4.238,4.256,4.088,4.103,386498.4,1604350.4013,32157,772208.4954
1776038400000,4.102,4.332,4.073,4.294,339471.4,1413810.6175,29371,709384.1490
1776124800000,4.292,4.304,4.108,4.138,352243.2,1474853.6266,30411,670486.4368
1776211200000,4.139,4.308,4.138,4.289,337966.7,1427588.2842,25774,734887.2097
1776297600000,4.288,4.797,4.280,4.693,837467.2,3803136.0972,54721,1844850.1239
1776384000000,4.690,6.485,4.522,4.951,10342198.2,55049017.8738,856495,26732184.9082
1776470400000,4.950,4.994,4.637,4.663,1428472.1,6854706.1450,140910,3074008.4185
1776556800000,4.662,5.037,4.583,4.627,1704709.9,8191269.6126,188977,4008998.9733
1776643200000,4.628,4.842,4.554,4.746,698640.3,3288574.7501,76590,1551934.6080
1776729600000,4.745,4.835,4.648,4.775,413003.3,1957573.0851,55004,919687.7135
1776816000000,4.775,4.934,4.720,4.783,401426.0,1943809.1668,48409,920676.6359
1776902400000,4.784,5.150,4.682,4.950,1403469.0,6938796.5043,125850,3442407.2924
1776988800000,4.950,5.017,4.813,4.842,613173.2,2997188.5023,59222,1360728.6450
1777075200000,4.842,4.924,4.686,4.721,390084.0,1873485.4977,43767,922289.0167
1777161600000,4.721,4.846,4.672,4.819,292107.5,1395534.2181,34132,685270.2440
1777248000000,4.820,4.906,4.648,4.747,297456.8,1415704.1154,34818,616535.1744
1777334400000,4.746,4.820,4.706,4.797,338298.5,1612661.5504,26016,763730.9035
1777420800000,4.796,4.913,4.603,4.717,492541.1,2366493.8722,38270,1070446.7657
1777507200000,4.717,4.797,4.618,4.741,253366.8,1191449.0446,25699,564207.5715
1777593600000,4.741,4.786,4.682,4.706,312344.2,1477031.2953,35720,679179.0079
1777680000000,4.706,4.831,4.688,4.787,280057.8,1330582.5354,30024,664244.6293
1777766400000,4.788,4.907,4.697,4.880,373351.7,1792332.1674,37021,891590.3298
1777852800000,4.881,5.052,4.766,4.818,719643.5,3524224.4209,58291,1672780.4522
1777939200000,4.818,4.945,4.796,4.896,340683.7,1661792.3288,33586,874190.6268
1778025600000,4.895,5.094,4.875,5.091,562710.9,2811572.7439,50230,1338714.9043
1778112000000,5.091,6.800,4.986,5.651,23477856.5,137157465.6463,1296690,69395136.5360
1778198400000,5.650,6.053,5.533,5.989,3785538.8,22027081.6284,333799,10449342.6725
1778284800000,5.989,6.210,5.890,5.895,1402128.4,8446274.9371,187098,4023895.9821
1778371200000,5.896,5.990,5.743,5.903,738085.0,4334487.0117,104646,2078166.5592
1778457600000,5.903,5.961,5.734,5.830,514374.4,3011709.5292,86222,1529044.6067
1778544000000,5.830,5.838,5.520,5.607,540458.5,3068820.6771,70132,1563395.5352
1778630400000,5.606,5.813,5.326,5.387,544370.9,3018362.0031,66059,1394737.2263
1778716800000,5.386,5.537,5.327,5.429,457584.9,2490024.0034,62298,1209887.4617
1778803200000,5.430,5.461,5.061,5.171,458362.6,2394779.9781,57419,1041578.5452
1778889600000,5.171,5.221,4.956,5.053,390023.5,1974152.5762,39954,849727.9294
1778976000000,5.054,5.210,4.803,4.948,461747.9,2343697.3828,45963,1099293.9886
1779062400000,4.947,5.024,4.877,5.009,454636.3,2248369.5162,50810,1013592.1887
1779148800000,5.010,5.033,4.838,4.891,321701.7,1581302.8493,41191,755866.5365
1779235200000,4.890,5.030,4.860,4.991,256834.0,1269998.0997,34628,603377.7382
1779321600000,4.991,5.226,4.951,5.173,432916.6,2186390.0295,46360,1056834.3435
1779408000000,5.173,5.212,4.868,4.893,430106.8,2187585.1293,49490,959947.1897
1779494400000,4.894,5.059,4.707,4.961,376998.1,1835952.0703,45660,927588.5508
1779580800000,4.962,4.984,4.694,4.802,301508.6,1465659.0000,33287,630812.6203
1779667200000,4.802,4.935,4.778,4.852,298713.2,1453972.4756,28741,707306.2237
1779753600000,4.853,4.863,4.584,4.635,534687.8,2527858.7310,52560,1210850.1479
1779840000000,4.636,4.778,4.522,4.558,393963.9,1833833.2135,45867,803539.3685
1779926400000,4.557,4.600,4.332,4.488,446002.5,1981453.5328,53211,867340.8961
1780012800000,4.487,4.598,4.384,4.504,443639.7,1989391.7828,43045,979757.3965
1780099200000,4.505,4.610,4.493,4.552,263309.4,1198789.2661,43256,605823.9610
1780185600000,4.553,4.615,4.425,4.552,223314.3,1009269.6610,30094,462818.6512
1780272000000,4.554,4.638,4.442,4.533,550726.1,2495252.2365,40340,1148893.9976
1780358400000,4.534,4.541,4.070,4.157,701203.0,3021573.4838,59329,1281983.9236
1780444800000,4.158,4.287,4.064,4.127,415719.8,1743187.0108,53224,847339.6425
1780531200000,4.126,4.167,3.705,3.852,935633.4,3633187.3738,113583,1746486.4237
1780617600000,3.852,3.873,3.448,3.607,1068816.4,3900489.9212,105852,1823097.4886
1780704000000,3.607,3.657,3.360,3.561,484868.8,1712121.9969,56107,847548.3601
1780790400000,3.561,3.783,3.555,3.682,392294.6,1430306.8469,43938,709980.1643
1780876800000,3.682,3.790,3.579,3.663,567789.7,2090037.4625,50943,1000650.6580
1780963200000,3.665,3.674,3.495,3.570,424718.1,1525422.8196,44875,739036.8993
1781049600000,3.571,3.603,3.389,3.455,419266.1,1467870.6353,45229,700426.8905
1781136000000,3.457,3.709,3.456,3.654,513073.9,1860880.5970,37048,914832.7819
1781222400000,3.656,3.714,3.588,3.636,533503.0,1947881.7438,29166,930461.3493
1781308800000,3.639,3.753,3.636,3.696,227009.3,837570.8225,25326,438439.6890
1781395200000,3.696,3.749,3.583,3.722,300482.8,1100171.3503,22827,556659.9170
1781481600000,3.718,3.894,3.694,3.762,382927.5,1451369.1552,35134,677716.5223
1781568000000,3.763,3.823,3.671,3.734,395964.9,1485920.7214,27293,690701.3751
1781654400000,3.734,3.844,3.661,3.735,402562.3,1513555.4195,32591,722054.3343
1781740800000,3.736,3.759,3.492,3.572,345993.4,1248355.2862,36643,608602.5705
1781827200000,3.571,3.578,3.437,3.478,272182.5,948770.6907,26659,492008.2579
1781913600000,3.478,3.542,3.425,3.529,327299.7,1141164.7060,23203,532546.1423
1782000000000,3.529,3.577,3.414,3.423,289055.4,1013558.9782,22884,506094.4474
1782086400000,3.422,3.565,3.386,3.409,436647.5,1519540.2016,23365,738312.6085
1782172800000,3.408,3.442,3.208,3.377,466289.4,1550882.2093,28035,699866.0316
1782259200000,3.378,3.419,3.136,3.290,609052.7,2006877.1168,43357,988059.0331
1782345600000,3.290,3.306,2.963,3.098,523607.1,1638146.3254,36274,770366.1262
1782432000000,3.098,3.171,2.961,3.130,647182.3,1991599.2551,46050,871580.7029
1782518400000,3.132,3.160,3.029,3.040,355812.1,1108292.4168,31725,526357.2009
1782604800000,3.040,3.071,2.972,3.005,320502.3,969631.1948,26140,495818.1510
1782691200000,3.003,3.103,2.963,3.047,419179.2,1268798.5362,33770,608031.0536
1782777600000,3.046,3.052,2.926,2.973,588554.0,1762978.8253,24725,817665.5180
1782864000000,2.974,3.185,2.894,3.088,671287.8,2046636.2574,40968,997764.4859
1782950400000,3.090,3.259,3.056,3.136,679430.0,2149970.2479,44540,1053420.2594
1783036800000,3.137,3.349,3.136,3.330,441371.5,1429031.3706,31125,715616.9246
1783123200000,3.329,3.370,3.264,3.292,307645.0,1017680.6423,29461,503786.6571
1783209600000,3.292,3.331,3.190,3.296,289992.3,942395.9808,23216,454604.3379
1783296000000,3.297,3.699,3.266,3.478,3834701.3,13318655.2162,150015,6495428.2847
1783382400000,3.477,3.506,3.241,3.250,732311.6,2473157.3169,39824,1083944.2138
1783468800000,3.250,3.398,3.145,3.377,630211.9,2037255.7452,43010,1034936.7368
1783555200000,3.378,3.385,3.227,3.272,353688.8,1163234.3227,28787,571041.6030
1783641600000,3.270,3.442,3.266,3.407,513623.1,1717617.2718,34147,882658.8340
1783728000000,3.408,3.434,3.294,3.301,483928.6,1624817.6192,32671,729423.5229
1783814400000,3.300,3.355,3.259,3.274,250845.3,830625.8048,21675,369093.7253
1783900800000,3.274,3.365,3.186,3.228,374660.1,1224969.7747,28916,572191.6784
1783987200000,3.228,3.393,3.213,3.332,482731.1,1594454.3797,31378,725861.4463
1784073600000,3.333,3.375,3.280,3.315,361310.4,1198529.4947,23687,569517.5148
1784160000000,3.314,3.346,3.162,3.194,500007.4,1621406.1761,27513,728286.5203
1784246400000,3.193,3.243,3.125,3.201,354975.4,1134482.3403,25285,514311.2138
1784332800000,3.202,3.211,3.147,3.181,221108.6,702510.6447,16127,336878.4927
1784419200000,3.181,3.234,3.146,3.164,271691.2,865984.7605,19596,423292.4119
1784505600000,3.163,3.306,3.102,3.256,364098.2,1166585.9389,23136,533003.8147
1784592000000,3.255,3.350,3.237,3.252,454168.5,1486686.5787,23558,714100.2823
1784678400000,3.251,3.289,3.175,3.201,329164.3,1061823.5362,19182,539722.7290
1784764800000,3.201,3.210,3.078,3.080,295031.1,923926.7718,20764,425035.0529
1784851200000,3.082,3.149,3.024,3.051,322064.3,990910.8314,21053,469547.2331
1784937600000,3.051,3.116,3.024,3.100,172314.4,528973.4983,11945,262738.0647
1785024000000,3.101,3.191,3.089,3.141,265163.7,829758.6994,16282,396224.5760
1785110400000,3.141,3.159,2.985,3.007,340316.1,1046601.0959,20127,462559.9257
1785196800000,3.008,3.055,2.939,2.992,416781.8,1246492.3131,22228,599580.8611
1785283200000,2.993,3.015,2.835,2.889,525532.8,1534619.1462,27105,661624.3299
1785369600000,2.889,3.005,2.868,2.967,324291.6,958505.2031,20111,497224.4257
1785456000000,2.967,3.021,2.930,2.971,234650.5,698040.6645,18694,312204.1232
1785542400000,2.974,3.215,2.971,3.162,1598762.1,4969854.6186,69871,2444439.4606
1785628800000,3.161,3.188,2.994,3.039,849254.1,2601265.8462,43018,1277730.0090
1785715200000,3.040,3.171,2.984,3.095,824950.9,2553937.3080,41283,1223316.7099
1785801600000,3.095,3.203,3.083,3.142,549298.1,1721920.5330,33283,940093.9682
1785888000000,3.141,3.234,3.070,3.146,609433.3,1920184.9532,38327,917596.6542
1785974400000,3.144,3.184,3.072,3.082,446939.5,1397192.9296,31462,760127.1019
1786060800000,3.081,3.117,3.033,3.071,346851.1,1065154.5979,23372,543857.0167
1786147200000,3.071,3.175,3.051,3.152,285508.1,882328.2942,18082,447905.8765
1786233600000,3.152,3.174,3.020,3.040,490688.9,1515519.8474,32671,693984.4202
1786320000000,3.040,3.098,3.008,3.020,333939.7,1020188.3868,24609,473475.5224
1786406400000,3.020,3.061,2.918,2.952,412821.9,1236626.4981,27334,597729.5726
1786492800000,2.951,2.983,2.838,2.870,288186.9,843040.1521,20628,377801.8423
1786579200000,2.870,2.923,2.842,2.871,191962.4,553126.1649,17054,260874.5665
1786665600000,2.871,2.887,2.791,2.873,331760.9,940372.2469,22235,428261.2650
1786752000000,2.873,2.922,2.867,2.883,257532.4,745936.2599,17906,383846.2833
1786838400000,2.883,2.923,2.848,2.880,268215.7,775181.5377,21101,370836.1132
1786924800000,2.880,2.927,2.856,2.866,285785.8,825015.5687,19400,422340.3756
1787011200000,2.866,2.901,2.806,2.899,254887.3,725371.9675,18833,341904.2145
1787097600000,2.899,3.103,2.851,3.050,458910.6,1357886.7342,32829,646289.8703
1787184000000,3.050,3.188,3.020,3.178,568767.7,1774083.4178,37265,895722.1456
1787270400000,3.180,3.671,3.163,3.594,833905.3,2822112.5880,61823,1305700.1166
1787356800000,3.596,4.072,3.529,3.621,1570692.5,5926781.0655,175366,2810437.7432
1787443200000,3.621,3.833,3.445,3.743,550935.3,2013504.7284,66576,947172.6154
1787529600000,3.742,3.748,3.590,3.611,474328.9,1737816.5876,49974,825047.1429
1787616000000,3.610,3.747,3.385,3.472,469606.4,1679643.4342,46709,819541.1089
1787702400000,3.474,3.569,3.401,3.567,255014.6,887929.9231,23650,438278.6353
1787788800000,3.565,3.750,3.485,3.550,762097.5,2737884.3368,51674,1365448.1391
1787875200000,3.551,3.639,3.369,3.494,384478.8,1343182.1043,28503,607689.5473
1787961600000,3.493,3.586,3.477,3.570,284679.4,1003250.1112,24568,503029.3283
1788048000000,3.571,3.657,3.409,3.460,318537.8,1142281.7262,23722,522482.6596
1788134400000,3.459,3.601,3.430,3.564,305295.1,1072628.3670,24633,527280.3783
1788220800000,3.563,3.753,3.555,3.651,414674.7,1508863.7044,30897,733388.3989
1788307200000,3.649,3.675,3.514,3.591,327367.6,1176713.0986,25986,569078.4621
1788393600000,3.592,3.728,3.490,3.641,418676.9,1504689.9920,29982,720883.6215
1788480000000,3.640,3.654,3.507,3.635,313318.8,1123557.5758,32159,547273.3744
1788566400000,3.634,3.832,3.615,3.753,684953.5,2550699.2217,39616,1217268.0482
1788652800000,3.753,3.950,3.743,3.870,640453.5,2460359.7779,44416,1153606.1321
1788739200000,3.868,4.082,3.770,3.955,987346.8,3894287.6628,57684,1885844.9003
1788825600000,3.955,4.292,3.823,4.131,1438114.9,5858426.7548,85373,2888401.5716
1788912000000,4.128,4.156,3.726,3.848,861724.4,3427294.1113,67286,1544338.9053
1788998400000,3.851,3.994,3.672,3.677,596875.6,2276805.2510,63288,1082586.7513
1789084800000,3.677,3.835,3.632,3.714,498862.1,1858709.5665,40642,916503.3642
1789171200000,3.713,3.854,3.691,3.819,360872.9,1366283.2663,28575,687314.3670
1789257600000,3.819,3.961,3.783,3.844,448425.7,1730240.0548,36462,858818.3107
1789344000000,3.844,4.053,3.834,3.924,549403.1,2184453.6503,42317,986313.4747
1789430400000,3.924,4.049,3.629,3.686,553868.6,2122641.7050,43311,1003119.0119
1789516800000,3.686,3.997,3.600,3.982,553624.7,2070702.5401,49118,1053518.3722
1789603200000,3.980,4.987,3.917,4.228,9031250.9,41391591.0448,488325,20292810.8699
1789689600000,4.227,4.551,4.163,4.431,2173793.8,9452427.5963,149427,4221202.1867
1789776000000,4.431,4.516,4.337,4.465,704572.3,3133127.7751,72564,1362757.4428
1789862400000,4.466,4.578,4.240,4.452,674513.4,2971700.0848,59403,1350922.5117
1789948800000,4.453,4.664,4.412,4.644,622979.9,2851346.1519,58731,1305356.7211
1790035200000,4.644,4.756,4.536,4.720,522959.0,2426575.4723,57043,1156604.7080
1790121600000,4.721,4.765,4.311,4.336,787345.8,3585690.1975,79932,1717582.7367
1790208000000,4.337,4.635,4.278,4.566,555999.1,2490423.0819,48084,1153035.1499
1790294400000,4.565,4.797,4.522,4.765,610105.1,2864604.6071,60298,1361478.6027
1790380800000,4.764,4.937,4.654,4.796,517654.4,2473434.5443,43535,1222129.2819
1790467200000,4.795,4.984,4.733,4.795,532778.0,2574958.1070,44647,1233587.0034
1790553600000,4.795,4.825,4.446,4.644,500936.5,2303826.3422,45709,1049470.0556
1790640000000,4.643,4.883,4.474,4.827,446551.3,2086898.3030,51430,1034392.5611
1790726400000,4.827,5.367,4.782,5.167,3239020.7,16652207.5346,240783,8091084.4548
1790812800000,5.169,5.338,5.002,5.079,1123276.1,5819845.6073,96300,2649095.9086
1790899200000,5.078,5.273,4.933,5.134,603255.7,3084380.5328,61335,1412868.6402
1790985600000,5.133,5.474,5.055,5.209,765820.1,4046344.3159,60638,1986195.4294
