open_time,open,high,low,close,volume,quote_volume,trades,taker_buy_quote
1698969600000,0.0240000,0.0293960,0.0216750,0.0262190,26125225990,665513129.2512980,2756549,326377140.4827330
1699056000000,0.0262200,0.0265280,0.0227570,0.0251060,17042557468,421474443.1969590,2167901,205990222.8912430
1699142400000,0.0251050,0.0251220,0.0189000,0.0198700,17354081978,371541366.9143140,1919876,173306031.7717510
1699228800000,0.0198700,0.0213550,0.0191120,0.0210070,9361929519,188833845.2608180,947798,91446572.9504250
1699315200000,0.0210100,0.0210100,0.0165120,0.0177960,11525219488,213885403.8285990,1173461,99026700.2481750
1699401600000,0.0178000,0.0191000,0.0174400,0.0181560,7601497486,138308760.0124950,758818,66927494.8605660
1699488000000,0.0181560,0.0224200,0.0155400,0.0194260,20987488083,424282242.8502280,1936372,198434509.2415020
1699574400000,0.0194260,0.0217170,0.0186000,0.0210240,8631115709,175472679.1562040,999059,84617644.1499250
1699660800000,0.0210240,0.0249900,0.0200070,0.0222500,13207419213,298947240.1772910,1766475,144487809.0918640
1699747200000,0.0222510,0.0225000,0.0202400,0.0217180,5409756749,115992942.5749450,717027,55616478.6579430
1699833600000,0.0217250,0.0369790,0.0213000,0.0340750,55791890816,1754050430.5212700,6418366,884908025.1080620
1699920000000,0.0340750,0.0384290,0.0290200,0.0362070,48889359081,1673594365.7894560,7119182,841376206.3159500
1700006400000,0.0362070,0.0412270,0.0331360,0.0338910,28747136272,1093153024.0900600,4637646,538945735.4047260
1700092800000,0.0338920,0.0361590,0.0300440,0.0310080,20595226972,684936425.2464990,3010210,328920826.2301030
1700179200000,0.0310110,0.0344590,0.0267920,0.0292240,19686997190,585705226.7486880,2525569,284282732.2638580
1700265600000,0.0292160,0.0292350,0.0251590,0.0268240,11639815365,310738998.4317120,1386745,151187569.5801500
1700352000000,0.0268180,0.0315550,0.0250000,0.0309450,19440635436,558676555.2796380,2299725,272794146.9512100
1700438400000,0.0309470,0.0310990,0.0273890,0.0278900,12766648984,372738855.5110130,1596088,177975606.5487610
1700524800000,0.0278900,0.0283090,0.0235000,0.0237680,15064647907,390416345.5289510,1779585,187254028.6798740
1700611200000,0.0237700,0.0267780,0.0237360,0.0263720,9990144761,255384295.5092020,1162530,125954528.6960720
1700697600000,0.0263790,0.0286090,0.0258590,0.0269840,10016896265,273428172.3052270,1242959,133500071.8333020
1700784000000,0.0269810,0.0285780,0.0265430,0.0271490,7741205627,211915735.4903150,1017466,102287467.1618370
1700870400000,0.0271480,0.0328850,0.0267790,0.0320840,16608981640,507310016.1568580,2091608,251297291.9266750
1700956800000,0.0320830,0.0328000,0.0280780,0.0291670,14325404434,437917285.5455730,2044088,211056118.7344560
1701043200000,0.0291640,0.0303050,0.0262790,0.0271750,10099251447,280413591.4991430,1436161,133455834.3402920
1701129600000,0.0271750,0.0285000,0.0260000,0.0281940,7599786936,209393192.8279330,1115961,101153136.4084330
1701216000000,0.0281940,0.0288660,0.0263180,0.0267540,5685110753,156532902.1872120,832589,74777268.4147230
1701302400000,0.0267530,0.0274700,0.0261000,0.0271540,3910605944,104791430.4446960,601671,50038130.2946870
1701388800000,0.0271540,0.0287690,0.0268650,0.0277230,5447235119,151856713.1413800,713494,72087540.9985130
1701475200000,0.0277270,0.0328000,0.0276660,0.0314440,11470653685,347223477.2563710,1459338,167395306.5343900
1701561600000,0.0314400,0.0343950,0.0294740,0.0303110,10477699633,328337605.4765720,1365334,154471981.1845660
1701648000000,0.0303040,0.0340330,0.0265430,0.0329370,13165498406,412380889.8745820,1878906,192190621.5704010
1701734400000,0.0329370,0.0467150,0.0322430,0.0431150,39171351192,1627803157.2304770,6001926,797106644.7918960
1701820800000,0.0431070,0.0474400,0.0350000,0.0400690,25423247638,1026508802.8661860,3950545,491357544.8058930
1701907200000,0.0400910,0.0439850,0.0377220,0.0392660,18030058058,735853714.2878510,2896581,355078277.6766660
1701993600000,0.0392660,0.0411450,0.0380000,0.0393460,9174076159,361290124.9396680,1568217,170739044.9330050
1702080000000,0.0393450,0.0418820,0.0382000,0.0388410,9998385628,397954186.4849220,1723370,185470972.6620430
1702166400000,0.0388400,0.0405050,0.0375120,0.0386090,6650823105,258114662.0985840,1251576,121857358.9421940
1702252800000,0.0386070,0.0390170,0.0297000,0.0346800,9546934964,330319174.9051260,1652565,152290188.9978280
1702339200000,0.0346800,0.0366350,0.0330750,0.0342000,5889685390,204094352.2250280,1110234,98637763.3314650
1702425600000,0.0341950,0.0348140,0.0310150,0.0341820,6590565004,214653889.2935790,1064041,102167516.1549710
1702512000000,0.0341840,0.0358540,0.0300000,0.0349720,6781612343,229692961.4173600,1032880,109588789.3737760
1702598400000,0.0349710,0.0368770,0.0307550,0.0309780,7433783899,251851683.3232770,1188190,116454499.7327930
1702684800000,0.0309820,0.0331100,0.0306110,0.0326510,4278912099,137339592.5654790,734171,65657768.5090720
1702771200000,0.0326510,0.0333450,0.0306200,0.0308720,4986816442,159160406.0886560,842909,74975876.3056640
1702857600000,0.0308720,0.0313520,0.0272430,0.0291840,5943266193,171158997.8858010,851472,79427224.8912910
1702944000000,0.0291940,0.0313060,0.0288970,0.0308560,5639101487,170428835.2570780,855094,81762457.4643270
1703030400000,0.0308500,0.0320000,0.0294200,0.0304290,4799627885,145968978.6567630,790301,69564821.8291190
1703116800000,0.0304290,0.0318090,0.0297430,0.0310190,3795096266,116868324.1366250,631801,54672808.2864910
1703203200000,0.0310190,0.0343500,0.0298000,0.0332330,5947363507,188509859.0642710,931124,89629483.4228410
1703289600000,0.0332310,0.0332310,0.0307120,0.0315130,3407217754,107578425.7912810,558349,49185468.9582320
1703376000000,0.0315150,0.0322620,0.0282000,0.0295170,3603257220,110706326.4524750,594851,49604929.4530690
1703462400000,0.0295150,0.0315970,0.0293100,0.0309250,2784051377,84957327.5258480,499493,39620860.3296590
1703548800000,0.0309230,0.0315370,0.0259760,0.0294330,4243565597,126436205.4519820,729033,56368683.4033880
1703635200000,0.0294360,0.0296870,0.0281020,0.0293140,2511118029,72882323.2508650,460126,34368395.5029340
1703721600000,0.0293190,0.0299470,0.0268820,0.0277740,3347826608,94975599.9904180,569696,44053266.8450300
1703808000000,0.0277750,0.0288480,0.0267480,0.0279840,2743658372,75927560.9430950,483512,35196735.6898110
1703894400000,0.0279830,0.0284760,0.0270000,0.0278750,1947565487,54367631.8547070,359777,25427916.5495110
1703980800000,0.0278760,0.0292250,0.0266000,0.0273080,2260690530,63405134.9213960,399301,29561910.8902880
1704067200000,0.0273080,0.0280390,0.0251990,0.0279550,2874847583,76828844.5317860,448738,36429999.3787770
1704153600000,0.0279560,0.0291000,0.0268330,0.0271560,2827856966,79252132.0159460,466143,36701003.4309030
1704240000000,0.0271570,0.0289130,0.0166540,0.0229540,7341535441,177083544.8784750,1047282,81340216.9388220
1704326400000,0.0229550,0.0314200,0.0227390,0.0263050,14771162526,401689707.9187150,1951210,193700075.6422700
1704412800000,0.0263040,0.0269140,0.0222830,0.0245620,6305335198,155069934.1890720,997075,73636796.8329090
1704499200000,0.0245620,0.0257000,0.0226440,0.0244740,4885220817,119813686.4499990,810714,56453269.0572660
1704585600000,0.0244720,0.0250110,0.0226120,0.0231100,3091497152,74255701.6136230,548386,35520958.7215450
1704672000000,0.0231110,0.0234900,0.0205600,0.0232980,4062826809,90194637.7524450,671923,42804332.4687720
1704758400000,0.0232980,0.0234610,0.0210000,0.0220740,3627225235,80372002.8395230,587835,38320763.9624170
1704844800000,0.0220740,0.0246240,0.0212510,0.0240150,3075079445,69615099.7717530,517043,34436331.3969950
1704931200000,0.0240150,0.0271200,0.0234610,0.0264520,4768301641,120867891.6327550,775052,58784602.1224930
1705017600000,0.0264520,0.0279900,0.0236140,0.0247010,5669144755,149452320.7476660,920696,71616871.0288710
1705104000000,0.0247040,0.0274010,0.0236790,0.0267980,2500303661,63798924.4113130,443958,31339366.3977780
1705190400000,0.0267930,0.0298330,0.0261200,0.0274370,6922744396,195111153.0520300,1108459,94258970.1997730
1705276800000,0.0274320,0.0294800,0.0267270,0.0272620,3260516717,91507452.7743140,583661,44193599.1399320
1705363200000,0.0272620,0.0279950,0.0264490,0.0272120,2677429401,72685582.4814860,477619,34615906.1206370
1705449600000,0.0272090,0.0280410,0.0261360,0.0275530,2438124618,66371257.1059620,452210,31565127.0552990
1705536000000,0.0275530,0.0306500,0.0262610,0.0265460,8975360934,257724135.7637050,1304162,126122841.5053270
1705622400000,0.0265480,0.0266830,0.0227280,0.0242290,4692808804,114901198.4384580,747975,54200508.8046810
1705708800000,0.0242320,0.0249790,0.0234390,0.0247800,1907604286,46289796.9533940,351546,22488029.5964270
1705795200000,0.0247800,0.0259310,0.0243450,0.0244580,2261253795,57200181.5604490,426664,26890723.0269830
1705881600000,0.0244570,0.0246010,0.0227800,0.0232170,2859900724,67732299.3204330,522198,32133034.9677860
1705968000000,0.0232170,0.0237120,0.0209290,0.0227200,3075007355,68049454.5942140,554079,32851705.1154660
1706054400000,0.0227220,0.0232790,0.0224060,0.0231550,1535216431,34956154.6487900,270721,17250845.3486260
1706140800000,0.0231540,0.0233030,0.0216970,0.0223920,1270083750,28528392.5994640,224414,13843920.7295070
1706227200000,0.0223890,0.0239250,0.0221110,0.0236860,1385751069,32100057.4503370,222345,15964270.6218000
1706313600000,0.0236870,0.0240490,0.0233230,0.0238050,1054297814,25045241.5146230,166953,12072300.1207300
1706400000000,0.0238040,0.0243040,0.0228460,0.0231440,1677176325,39714824.1799190,235936,18682944.2736200
1706486400000,0.0231470,0.0239000,0.0227100,0.0237240,1490724265,34916076.0353930,216269,16711872.2597230
1706572800000,0.0237240,0.0239550,0.0229250,0.0231010,1532021573,36137734.1584920,223235,17373002.1560780
1706659200000,0.0231040,0.0232040,0.0215020,0.0218290,1464446879,32886841.5747660,236090,15528453.4257580
1706745600000,0.0218310,0.0223480,0.0211390,0.0220290,1210003669,26365028.8094640,196901,12754429.1423520
1706832000000,0.0220320,0.0224670,0.0218500,0.0222640,1051659853,23318309.7488270,160651,11484315.0881630
1706918400000,0.0222680,0.0224800,0.0217720,0.0219160,726249017,16035173.2339160,104028,7664065.9920690
1707004800000,0.0219130,0.0232880,0.0215070,0.0217040,1908200043,42622690.0127110,261918,20668397.2237290
1707091200000,0.0217030,0.0222470,0.0211920,0.0218670,1513549896,33101942.3741960,215841,15891448.9476960
1707177600000,0.0218660,0.0224640,0.0215690,0.0216360,980164432,21480593.2710660,156813,10312226.8126070
1707264000000,0.0216370,0.0227170,0.0215780,0.0225970,882638368,19536981.2094300,150914,9303968.8666470
1707350400000,0.0225990,0.0227890,0.0222320,0.0226110,830217020,18746812.9461830,140401,8819166.9455910
1707436800000,0.0226110,0.0238200,0.0226060,0.0234200,1247589769,29036663.4537110,211460,13854864.9098240
1707523200000,0.0234280,0.0237470,0.0229230,0.0232600,937301079,21944072.2305470,145099,10483870.1086550
1707609600000,0.0232590,0.0245230,0.0231570,0.0234670,1344662759,32002022.6118610,229994,15304622.8810490
1707696000000,0.0234680,0.0243270,0.0227610,0.0242440,1219196550,28775829.4234660,222750,13391337.5574220
1707782400000,0.0242400,0.0256930,0.0232880,0.0245060,2310448298,56934668.9094140,399458,27215523.1824690
1707868800000,0.0245050,0.0264800,0.0240800,0.0258300,1870985289,47581341.4852730,283768,22380978.3010130
1707955200000,0.0258320,0.0275900,0.0253050,0.0263830,2360198126,62395843.0597120,371139,30536808.8911460
1708041600000,0.0263860,0.0270800,0.0252800,0.0262430,1581027101,41604204.2884530,275673,19349471.5836200
1708128000000,0.0262460,0.0264120,0.0247850,0.0256840,1172135426,30089306.9806640,214552,14283189.2435780
1708214400000,0.0256840,0.0283260,0.0254800,0.0277020,2480570370,67329465.2443970,401245,31880025.4014480
1708300800000,0.0277020,0.0296880,0.0270290,0.0279260,2392339763,66981955.0146520,397830,31355617.8266490
1708387200000,0.0279250,0.0281980,0.0245670,0.0264580,1973072581,52673167.8556840,357030,25214989.0644930
1708473600000,0.0264610,0.0265750,0.0245530,0.0257000,1323584225,33640165.9225190,251171,16653210.6199080
1708560000000,0.0257020,0.0295280,0.0252690,0.0271610,3582685345,99273535.3078640,542963,49139142.2269760
1708646400000,0.0271580,0.0286750,0.0257830,0.0261620,2733263633,74483668.9454090,470794,36371819.7708440
1708732800000,0.0261590,0.0279290,0.0254600,0.0275490,1902046182,50492450.2152940,322966,24943232.9935910
1708819200000,0.0275490,0.0290370,0.0266840,0.0282160,1531141031,42502270.8700190,315783,20331387.7224480
1708905600000,0.0282140,0.0325990,0.0275280,0.0303820,4062784703,120767426.0257360,818456,58067750.1593750
1708992000000,0.0303820,0.0384770,0.0303230,0.0355820,10372412413,352397416.8349990,2019606,168560426.7810780
1709078400000,0.0355750,0.0382710,0.0286550,0.0334050,9681547620,329554218.6131030,1981216,155314456.2366950
1709164800000,0.0334040,0.0368640,0.0306800,0.0316680,5068512794,172055213.6616100,1221332,80738608.3007170
1709251200000,0.0316750,0.0415000,0.0316750,0.0381770,7060386323,256891468.8234640,1492251,122947325.5627930
1709337600000,0.0381760,0.0488000,0.0377400,0.0430980,13128388895,576059684.7069890,2890653,276588197.6921850
1709424000000,0.0430970,0.0554810,0.0340120,0.0532050,15997399652,762632572.1350530,3555760,369429819.6757960
1709510400000,0.0532220,0.0575620,0.0471930,0.0500410,14391000818,752520304.9421600,3753949,361478674.8947320
1709596800000,0.0500420,0.0547960,0.0296950,0.0386510,14173374087,633306821.5152940,3719827,296916176.7672700
1709683200000,0.0386550,0.0455150,0.0365520,0.0423510,7785505038,323805322.1960190,2298437,156842834.5148080
1709769600000,0.0423580,0.0425960,0.0384150,0.0400500,4382587402,175521678.5635240,1350283,84684493.3956110
1709856000000,0.0400510,0.0473990,0.0383140,0.0462270,10441428353,464085142.2034050,2487389,220671522.7131790
1709942400000,0.0462270,0.0486490,0.0431410,0.0457100,5408662245,247462045.1782590,1279793,117455572.9741010
1710028800000,0.0457190,0.0533270,0.0415840,0.0482420,6812983527,320902588.4175390,1483970,152865624.5835400
1710115200000,0.0482430,0.0533840,0.0449780,0.0479480,8442534970,414610413.4661480,2064437,202099076.4648650
1710201600000,0.0479430,0.0485400,0.0423100,0.0455760,4901826028,223615246.6926530,1253027,106272201.1942240
1710288000000,0.0455760,0.0501260,0.0434410,0.0479560,4752856364,221751371.5864370,1185410,108182809.7567270
1710374400000,0.0479570,0.0539000,0.0460290,0.0492760,8885295382,442110240.2670350,2160086,212127925.4081390
1710460800000,0.0492770,0.0499410,0.0410000,0.0454000,5471138843,244966537.9751370,1471197,118891795.3564120
1710547200000,0.0453990,0.0461800,0.0369110,0.0382550,4653548966,190141568.3435390,1038877,89971697.7901260
1710633600000,0.0382550,0.0418510,0.0364170,0.0410700,3394185356,134000160.5203100,827271,65244477.3390660
1710720000000,0.0410680,0.0412410,0.0361660,0.0367050,2934473814,113056832.0743270,713432,54596753.9461630
1710806400000,0.0367050,0.0371900,0.0316140,0.0333090,4789358865,162825180.5937150,1103301,78413098.6029320
1710892800000,0.0333100,0.0382110,0.0316110,0.0377760,3678156458,127941335.6077990,877181,63464226.8425370
1710979200000,0.0377730,0.0381650,0.0355300,0.0365310,2427848460,89248054.0544830,551416,43423554.9860170
1711065600000,0.0365320,0.0384810,0.0339420,0.0351790,2407417181,86518092.1296020,564741,42477326.1272350
1711152000000,0.0351770,0.0382980,0.0349420,0.0366450,2298082728,84947893.6694850,488268,40740748.6433030
1711238400000,0.0366460,0.0395540,0.0363100,0.0384810,1936054725,73171304.8412620,432202,35894768.6802570
1711324800000,0.0384880,0.0407090,0.0374350,0.0397980,2234073641,87513144.1688040,491078,41240631.0116790
1711411200000,0.0397970,0.0410370,0.0378690,0.0388200,2004103498,79024089.8174570,444630,37942711.8082100
1711497600000,0.0388280,0.0401100,0.0364780,0.0370190,1817188439,69171815.5628730,435878,31919384.4977150
1711584000000,0.0370180,0.0390000,0.0359510,0.0384990,2121947248,80137863.8689240,458764,38211710.3612890
1711670400000,0.0385000,0.0391870,0.0359520,0.0369650,1508653551,56306945.4433830,345520,27099634.9860650
1711756800000,0.0369650,0.0394130,0.0367460,0.0376640,1871104225,71493519.7930020,406328,33739053.9306290
1711843200000,0.0376640,0.0408760,0.0373700,0.0395900,2767214242,109907274.6581540,567235,53725140.1264760
1711929600000,0.0395900,0.0438500,0.0367730,0.0434650,7298489599,295553425.6963920,1273161,141632526.0683210
1712016000000,0.0434650,0.0446470,0.0388900,0.0391330,11624596358,483829631.3421630,2177851,234939097.9580130
1712102400000,0.0391330,0.0391400,0.0344500,0.0349190,6144202269,226164452.5749830,1138464,106899948.0948940
1712188800000,0.0349190,0.0367020,0.0342250,0.0352380,2908020535,102956661.0809710,584888,49610072.2396570
1712275200000,0.0352380,0.0353190,0.0330330,0.0347060,2299841083,78613324.7839380,535027,39055038.7520410
1712361600000,0.0347060,0.0364310,0.0345010,0.0359410,1325755730,47056002.2489200,318888,22331471.2813060
1712448000000,0.0359400,0.0369580,0.0357670,0.0366110,1335518161,48670906.5134230,295320,22592596.2887720
1712534400000,0.0366140,0.0392450,0.0355890,0.0387720,1594550843,59992376.3897500,400066,27128384.8620030
1712620800000,0.0387740,0.0394860,0.0361270,0.0363400,2111613482,80350693.2153130,501140,38065269.4468230
1712707200000,0.0363360,0.0436670,0.0356910,0.0430830,7291483898,297838805.3457160,1587644,149433265.3820120
1712793600000,0.0430840,0.0434350,0.0385450,0.0388400,5180860131,212310597.9644190,1072032,104743050.2247120
1712880000000,0.0388420,0.0417350,0.0297550,0.0327280,5105660197,185854066.6125280,1040152,87269107.2755660
1712966400000,0.0327230,0.0328130,0.0208670,0.0249780,7519900169,202880912.1566250,1427080,97599735.7949540
1713052800000,0.0249790,0.0285780,0.0239020,0.0278400,3973525449,104345291.6411200,830655,51450385.4970690
1713139200000,0.0278500,0.0287130,0.0248350,0.0259230,2776493799,75037047.4355100,599960,36884245.8737520
1713225600000,0.0259240,0.0267650,0.0244200,0.0264440,2681244856,69237951.9492360,523917,34299352.2145840
1713312000000,0.0264440,0.0269830,0.0248760,0.0252540,2283827880,59129170.5178480,480731,29633337.1681790
1713398400000,0.0252530,0.0263750,0.0240780,0.0258440,2245122912,56706925.4131730,461801,27953165.6253080
1713484800000,0.0258420,0.0268720,0.0234730,0.0259890,2228842285,57244582.2252980,453601,27955945.0602860
1713571200000,0.0259880,0.0291770,0.0255500,0.0289870,1697196129,46541181.9025860,327548,23310163.2579740
1713657600000,0.0289850,0.0298750,0.0278280,0.0286550,2226181383,64457819.2805730,406532,30318101.8666830
1713744000000,0.0286550,0.0296760,0.0284100,0.0292390,1586562204,46221102.5460190,333639,22121858.4499240
1713830400000,0.0292350,0.0312280,0.0287000,0.0303020,3350654765,100266827.5583670,587275,48876874.8921640
1713916800000,0.0303010,0.0324850,0.0283450,0.0287940,3728359608,115161507.7546930,646643,55333427.6442440
1714003200000,0.0287920,0.0307110,0.0277440,0.0293250,2439838451,70812547.1503880,450996,34850210.1140400
1714089600000,0.0293210,0.0296050,0.0280820,0.0284040,1864499580,53758953.9548350,349623,25296466.4017870
1714176000000,0.0284050,0.0285580,0.0258090,0.0277560,1806464013,49538212.5471920,311925,23287681.5578440
1714262400000,0.0277570,0.0284320,0.0265000,0.0266740,1369181194,37834118.4855080,219028,18067979.6813840
1714348800000,0.0266740,0.0269180,0.0251750,0.0261870,2292115119,59293585.2188390,321895,28471680.7614740
1714435200000,0.0261900,0.0266530,0.0229690,0.0240110,2702767058,65787737.3098800,446434,31381229.8632570
1714521600000,0.0240110,0.0249980,0.0221790,0.0243980,2949605023,69366349.1805820,459655,33998090.8465750
1714608000000,0.0243970,0.0248890,0.0234520,0.0241250,2464712597,59655064.1762650,343343,29651751.7700990
1714694400000,0.0241270,0.0259000,0.0236820,0.0256320,2701656393,66606299.4478280,364308,32950995.5121190
1714780800000,0.0256340,0.0271170,0.0254040,0.0262730,1939045588,51018925.0310510,311647,24180117.2420310
1714867200000,0.0262750,0.0269150,0.0255260,0.0261460,1624577769,42487208.0790310,239748,20013278.9174330
1714953600000,0.0261460,0.0274820,0.0251320,0.0252670,2059164465,53843432.9234260,310475,25310540.6981810
1715040000000,0.0252660,0.0258030,0.0242140,0.0242610,1617196665,40605531.6101690,235688,18553357.9075600
1715126400000,0.0242620,0.0260310,0.0238240,0.0243690,2581622994,63612039.5020760,341907,30837217.6052390
1715212800000,0.0243650,0.0260870,0.0242100,0.0255360,2565997933,64438033.9466830,329273,31280681.0075140
1715299200000,0.0255370,0.0259550,0.0238010,0.0240910,2051338595,51131434.5084910,266771,24671383.6784930
1715385600000,0.0240900,0.0249720,0.0239730,0.0240630,1426143308,34817747.0774920,202424,17058678.7866520
1715472000000,0.0240630,0.0245240,0.0236510,0.0238720,963287528,23184388.1146720,141235,11037299.2987690
1715558400000,0.0238720,0.0257830,0.0224420,0.0244890,3186036669,77092220.1620280,429731,37471779.4554790
1715644800000,0.0244890,0.0258300,0.0233280,0.0234610,3992075732,98174098.4773200,503536,47876577.3853310
1715731200000,0.0234620,0.0259470,0.0234110,0.0256200,3322108652,81701587.7688990,426397,39821799.9095680
1715817600000,0.0256190,0.0269470,0.0242020,0.0252380,2384657651,61424673.6125140,336977,29111455.3176800
1715904000000,0.0252380,0.0263250,0.0249190,0.0259960,1492711959,38216035.1304750,215882,18223900.9874920
1715990400000,0.0259960,0.0263490,0.0246800,0.0256370,1612576128,41384820.7445010,217983,20113445.4070220
1716076800000,0.0256400,0.0263000,0.0237750,0.0240870,1443363199,36153327.0502880,210064,17484794.1789820
1716163200000,0.0240860,0.0271960,0.0235010,0.0271380,2187528746,55342557.2515060,335154,26634508.0053510
1716249600000,0.0271350,0.0282410,0.0263190,0.0281050,2248861574,61251369.2534500,354044,29260126.0012540
1716336000000,0.0280870,0.0288190,0.0269500,0.0276240,3630898105,101571991.6701620,495539,47778197.7461190
1716422400000,0.0276240,0.0283420,0.0245390,0.0267680,3173349418,85264923.3214560,473747,40240548.9724970
1716508800000,0.0267650,0.0274920,0.0255540,0.0264310,1637575830,43319398.2726610,284951,21125254.8549340
1716595200000,0.0264320,0.0288740,0.0262650,0.0278960,1954488472,54068036.3649660,278190,25946803.9705120
1716681600000,0.0278990,0.0284400,0.0266270,0.0267640,1496352304,41060092.7135530,211677,19386581.1065480
1716768000000,0.0267600,0.0298270,0.0267320,0.0295420,2557742953,73061119.8292600,388438,35027319.6252460
1716854400000,0.0295410,0.0319480,0.0285020,0.0316560,4319758552,130540860.0532250,631497,62925288.3290740
1716940800000,0.0316610,0.0336010,0.0296500,0.0297200,4015409890,126340380.2133780,640106,61160819.9105730
1717027200000,0.0297260,0.0309230,0.0280740,0.0292210,2969643468,87840159.2207820,454677,41777746.4809120
1717113600000,0.0292150,0.0305390,0.0284380,0.0300140,1946425418,57637643.1784080,332509,27619208.0855360
1717200000000,0.0300140,0.0305170,0.0293300,0.0294260,1243720397,37293290.6838090,212886,18242241.5335350
1717286400000,0.0294250,0.0303070,0.0281320,0.0287520,1663275219,48954223.9993870,276806,23017970.8087050
1717372800000,0.0287450,0.0307200,0.0283950,0.0292000,2206147688,65588246.9351220,360976,31549476.5694160
1717459200000,0.0292000,0.0296780,0.0285010,0.0292630,1276498638,37030691.8632640,232868,17912447.9679490
1717545600000,0.0292660,0.0308810,0.0292260,0.0298020,2001707510,60338382.3029650,339689,27975687.9267900
1717632000000,0.0298020,0.0304200,0.0284500,0.0288080,1416290023,41678905.3563120,248954,19474483.3552190
1717718400000,0.0288090,0.0292430,0.0226200,0.0252590,3013281395,79011551.6966790,491000,36229203.7366120
1717804800000,0.0252610,0.0259920,0.0242380,0.0245400,1497604116,37433329.5325180,243060,17589037.8570880
1717891200000,0.0245370,0.0251590,0.0241700,0.0249340,879978483,21790026.5309430,163118,10584589.0975930
1717977600000,0.0249320,0.0250200,0.0236170,0.0239450,1162884323,28300606.4478190,212017,13752091.5948540
1718064000000,0.0239400,0.0241290,0.0218350,0.0225710,1809592600,41462967.4838750,299407,19615677.7857300
1718150400000,0.0225730,0.0238710,0.0217420,0.0229900,1676027603,38698828.3278180,290761,18536188.0425420
1718236800000,0.0229900,0.0229930,0.0203740,0.0211240,1960965082,42067561.1922720,267089,20205978.8030830
1718323200000,0.0211220,0.0221630,0.0198400,0.0208360,2156586581,45299835.4431950,315450,21930249.0481950
1718409600000,0.0208360,0.0217520,0.0208110,0.0211280,1015464113,21658508.7870260,163556,10417868.1387660
1718496000000,0.0211280,0.0216960,0.0206410,0.0214110,877065077,18623951.9897430,136877,8980183.8954280
1718582400000,0.0214080,0.0215590,0.0188040,0.0196190,1853358963,37370008.3057070,277319,17728104.9117030
1718668800000,0.0196210,0.0197560,0.0162000,0.0177270,3351092148,59226128.0771370,435005,28484529.7761250
1718755200000,0.0177280,0.0187600,0.0173680,0.0183930,1674176965,30240551.4039720,225241,14831899.2914240
1718841600000,0.0183920,0.0201440,0.0182020,0.0197890,2591730034,49903759.6849590,352089,24261534.7278700
1718928000000,0.0197920,0.0204200,0.0186510,0.0187130,2591170046,50161990.8961950,361173,24834605.2018720
1719014400000,0.0187180,0.0194850,0.0183320,0.0190830,1028754452,19371227.5812450,158528,9592380.3328160
1719100800000,0.0190810,0.0202320,0.0185210,0.0187590,2206707649,43039479.4885760,297671,20825598.5355880
1719187200000,0.0187570,0.0200270,0.0175500,0.0199590,2700763053,51167302.1300390,392740,25033446.6051090
1719273600000,0.0199630,0.0205600,0.0195430,0.0200250,1532627362,30667510.8628570,228055,15146293.8152330
1719360000000,0.0200230,0.0208500,0.0187240,0.0190430,1667848874,32875746.5086050,222516,16092809.3360320
1719446400000,0.0190430,0.0205390,0.0186010,0.0201920,1604028212,31472226.5915750,207590,15070855.0387770
1719532800000,0.0201900,0.0203700,0.0192370,0.0193510,1183348947,23425523.8154570,164775,11528409.4294680
1719619200000,0.0193520,0.0197890,0.0183070,0.0183350,747633965,14309965.3597140,113051,6963478.5178350
1719705600000,0.0183360,0.0187740,0.0178530,0.0185830,1402147925,25555920.8702360,174016,12497375.0850750
1719792000000,0.0185830,0.0192410,0.0179000,0.0182050,1392434141,25783509.3741150,183063,12234504.3313850
1719878400000,0.0182060,0.0185460,0.0171890,0.0176920,1583019421,28332282.2398680,202222,13803846.5153150
1719964800000,0.0176930,0.0179760,0.0163820,0.0166720,1839025276,31443535.7918850,215258,14713969.6228260
1720051200000,0.0166760,0.0168000,0.0140170,0.0142290,2979817276,45949567.0461400,302754,21365955.3691840
1720137600000,0.0142260,0.0142530,0.0120000,0.0127800,5307641186,68327288.6285090,530630,33497454.9083300
1720224000000,0.0127790,0.0142950,0.0126560,0.0141310,2566928950,34406759.1083260,273644,16879926.8381540
1720310400000,0.0141320,0.0142190,0.0132780,0.0135180,2913419373,40206250.1920210,290360,19093377.6452270
1720396800000,0.0135200,0.0149310,0.0129380,0.0141930,4059486768,57263320.2700110,440036,28202887.6343850
1720483200000,0.0141960,0.0146640,0.0140850,0.0144780,1581070412,22716020.6526970,206285,11162939.4998270
1720569600000,0.0144780,0.0149560,0.0142730,0.0146180,1310475629,19167729.9476950,157927,9501098.8380600
1720656000000,0.0146210,0.0150150,0.0138440,0.0139110,1559941189,22622855.8988600,181748,10848168.7358490
1720742400000,0.0139110,0.0146070,0.0135430,0.0146040,1343084977,18742716.9674300,158240,9089915.2389670
1720828800000,0.0146030,0.0147990,0.0142240,0.0145410,1105719641,16054310.7145220,138742,7535235.6437630
1720915200000,0.0145400,0.0152000,0.0145290,0.0150520,982441368,14504565.9353440,125709,6995484.7204280
1721001600000,0.0150510,0.0171180,0.0149560,0.0169670,2228025341,35110194.1345810,214770,17383291.6321160
1721088000000,0.0169650,0.0174680,0.0157310,0.0169570,3139064773,52450141.2935980,313568,25505990.8185870
1721174400000,0.0169510,0.0173760,0.0162780,0.0165720,1569165870,26573847.1041950,176523,12715017.3375300
1721260800000,0.0165740,0.0170650,0.0155750,0.0158780,1465557172,24008981.3627510,167862,11820099.6022900
1721347200000,0.0158830,0.0169860,0.0154720,0.0167630,1482196013,24070703.0249370,174784,11609407.5317870
1721433600000,0.0167610,0.0175180,0.0164050,0.0169200,1392974023,23586765.7041050,166486,11380183.2641410
1721520000000,0.0169220,0.0171880,0.0157450,0.0171390,1607327158,26728758.6551490,180422,13062229.3282410
1721606400000,0.0171410,0.0182790,0.0162610,0.0171890,3998248586,69311581.7752320,343829,33558156.7869930
1721692800000,0.0171860,0.0176400,0.0156060,0.0159530,4362645514,72263959.3657960,375821,34748210.5677580
1721779200000,0.0159530,0.0163530,0.0150670,0.0152480,2119757855,33560248.6698390,211574,16071248.4379320
1721865600000,0.0152440,0.0153720,0.0140410,0.0148070,2251832129,33173619.7787200,233981,15906142.2807320
1721952000000,0.0148040,0.0155520,0.0147360,0.0154640,1045766799,15952956.8880470,116320,7535782.9862200
1722038400000,0.0154620,0.0161400,0.0150610,0.0155440,1394087840,21713491.3406630,143728,10240811.6407030
1722124800000,0.0155460,0.0155460,0.0147230,0.0148710,770593579,11692657.1320130,92797,5555010.5684890
1722211200000,0.0148730,0.0159190,0.0147960,0.0148560,1645862012,25363861.4557300,177393,12569856.5924410
1722297600000,0.0148600,0.0151960,0.0138650,0.0141980,1419873719,20773754.1222010,158789,9873979.3338320
1722384000000,0.0141960,0.0145400,0.0137520,0.0138650,1407546683,20015961.4946870,152605,9654385.8215850
1722470400000,0.0138640,0.0140440,0.0123410,0.0133050,2581096966,33978710.5662510,223797,16257344.8765970
1722556800000,0.0133030,0.0134940,0.0121270,0.0122620,2510662939,32140664.3104980,224415,15489449.3587100
1722643200000,0.0122630,0.0123430,0.0106410,0.0107500,3969613033,45448153.6303780,296498,21726007.1746630
1722729600000,0.0107500,0.0110350,0.0099190,0.0101970,4266492367,44985746.7158650,312592,21897497.6827500
1722816000000,0.0101980,0.0104220,0.0080100,0.0091670,11791935143,105426783.0258520,759038,52476581.3673510
1722902400000,0.0091680,0.0106090,0.0091550,0.0102900,4224735461,42992163.4574310,296327,20954585.9134680
1722988800000,0.0102900,0.0109640,0.0101700,0.0104900,2932006328,31014641.4905610,239626,14826009.6190660
1723075200000,0.0104890,0.0114510,0.0101620,0.0113700,2494213355,27097672.7943100,197810,13668046.9625750
1723161600000,0.0113700,0.0114540,0.0104100,0.0107850,2444548617,26560621.8929470,167546,13083127.4826350
1723248000000,0.0107890,0.0111150,0.0106040,0.0110090,1322648046,14359025.6516890,99453,6850866.5755790
1723334400000,0.0110100,0.0115420,0.0100640,0.0101210,2229881610,24354079.6298520,156223,11385361.8178930
1723420800000,0.0101240,0.0112890,0.0101180,0.0111640,2532558936,27370482.4333100,176409,13477588.6274570
1723507200000,0.0111660,0.0113880,0.0107310,0.0112550,1606451959,17753863.3755650,116742,8927863.3627000
1723593600000,0.0112550,0.0113170,0.0106400,0.0108200,1525689047,16837721.8348850,115534,8275871.9987360
1723680000000,0.0108180,0.0110480,0.0100820,0.0102320,2047046952,21614540.8657830,153722,10603869.6809690
1723766400000,0.0102280,0.0104050,0.0097040,0.0099210,2222983226,22298781.0194250,145377,11099333.9108530
1723852800000,0.0099210,0.0101670,0.0097730,0.0101550,1382839291,13766238.0470890,98206,6923417.3766860
1723939200000,0.0101570,0.0109350,0.0100230,0.0103370,2263742471,23825839.1309230,152118,11540523.3629420
1724025600000,0.0103390,0.0103500,0.0099040,0.0103220,1656852538,16805639.9223070,116306,8562593.2728530
1724112000000,0.0103250,0.0107980,0.0102720,0.0106260,1671273502,17648995.7636150,125703,8385130.6523250
1724198400000,0.0106300,0.0111300,0.0105310,0.0109680,2499942499,26986402.8913450,156637,13180144.0428380
1724284800000,0.0109680,0.0110970,0.0107390,0.0110510,1430809909,15615102.6858270,103177,7513641.2188820
1724371200000,0.0110520,0.0134830,0.0110410,0.0130210,5914178423,73850220.5430070,388121,35499863.3881200
1724457600000,0.0130220,0.0134800,0.0127510,0.0130790,3160395787,41353020.5521690,233867,19912758.5774560
1724544000000,0.0130790,0.0131230,0.0121650,0.0123460,1819336974,22822104.7589590,153592,10655899.7694000
1724630400000,0.0123440,0.0125000,0.0111690,0.0112100,1939475536,22961840.6921860,154530,11163770.2615020
1724716800000,0.0112070,0.0115090,0.0102800,0.0104970,2247587802,24673737.9212720,152664,11897617.3542570
1724803200000,0.0105000,0.0107850,0.0098420,0.0100980,2216979579,22860113.0370890,155732,11272580.3734190
1724889600000,0.0101020,0.0105460,0.0097600,0.0100080,1583619658,16100878.5517480,112196,7867759.4415340
1724976000000,0.0100070,0.0101810,0.0093790,0.0099670,1663759918,16372600.9552660,122944,7976501.4212140
1725062400000,0.0099660,0.0101060,0.0096140,0.0097310,958768836,9464466.9395920,78459,4531077.0994050
1725148800000,0.0097310,0.0097500,0.0090960,0.0092070,1583591982,15049302.6291380,118874,7484933.6155920
1725235200000,0.0092010,0.0098640,0.0091350,0.0097630,1760250917,16753791.0657730,120514,8371525.0518160
1725321600000,0.0097650,0.0099850,0.0091200,0.0091430,1397340569,13353623.0330110,105676,6577870.8662060
1725408000000,0.0091440,0.0096830,0.0086250,0.0093130,2221918241,20363142.6782090,149014,9750661.6412190
1725494400000,0.0093150,0.0094080,0.0088420,0.0089050,1709425603,15679288.7457880,120727,7831384.7973160
1725580800000,0.0089040,0.0092310,0.0082190,0.0086150,3399311737,29896651.1992070,195482,14539111.0777580
1725667200000,0.0086150,0.0090490,0.0085270,0.0087860,1317494450,11579174.5545510,88922,5760100.7156930
1725753600000,0.0087870,0.0093470,0.0087750,0.0092710,1718679645,15656249.0948180,116603,7592046.9908000
1725840000000,0.0092690,0.0098330,0.0091380,0.0096720,1596840427,15047653.8703570,116709,7459526.1919880
1725926400000,0.0096720,0.0098980,0.0095100,0.0096780,1104155225,10669996.6857090,84959,5070964.8594260
1726012800000,0.0096800,0.0096970,0.0090270,0.0093500,1819056263,16994341.2293560,114956,8203690.3400820
1726099200000,0.0093490,0.0098400,0.0093460,0.0097800,1271692712,12203776.3094630,91039,6026949.0874350
1726185600000,0.0097800,0.0102360,0.0094810,0.0100900,2060940730,20328790.0405900,131806,9953435.2305160
1726272000000,0.0100950,0.0102800,0.0098440,0.0100580,1544314728,15575938.6763810,104066,7365049.8252700
1726358400000,0.0100580,0.0102350,0.0094850,0.0095870,1590135057,15820456.5338470,108703,7291638.2672720
1726444800000,0.0095870,0.0096950,0.0089740,0.0091050,2026569997,18937657.7817840,117263,9306998.8334390
1726531200000,0.0091070,0.0101660,0.0089610,0.0099370,2398771113,23047605.9568490,135750,11120261.2207310
1726617600000,0.0099400,0.0104440,0.0096120,0.0104020,2721291160,27386814.4178490,191402,13381740.1752180
1726704000000,0.0104020,0.0110110,0.0103640,0.0105980,2265823167,24025622.5767030,172577,11875880.1709610
1726790400000,0.0105960,0.0111720,0.0103840,0.0106520,2188418799,23546294.8935660,169543,11193914.6746780
1726876800000,0.0106530,0.0109130,0.0102490,0.0108670,1104295922,11702035.0587220,103532,5822858.9698060
1726963200000,0.0108680,0.0109100,0.0101070,0.0104830,1573789536,16638501.2805510,134118,7660594.1852060
1727049600000,0.0104860,0.0110070,0.0102520,0.0109580,1745447435,18798479.7984690,145014,9218461.6788920
1727136000000,0.0109570,0.0112380,0.0106380,0.0110740,2167512444,23753675.5275510,172028,11261667.8444540
1727222400000,0.0110770,0.0115280,0.0107200,0.0108100,1774275212,19701569.0218520,150932,9212691.7844440
1727308800000,0.0108110,0.0123070,0.0106130,0.0120200,2933247156,33892376.4192840,243004,15933968.4924170
1727395200000,0.0120190,0.0130430,0.0118160,0.0126620,3863098664,48455084.3194000,304097,23079970.0726990
1727481600000,0.0126620,0.0132320,0.0118640,0.0123050,2673936026,33268274.1647090,215813,15764721.7796280
1727568000000,0.0123050,0.0130850,0.0118740,0.0125270,2812316420,34872515.5235210,234597,16530598.3431750
1727654400000,0.0125280,0.0129110,0.0116310,0.0117730,3719297756,46059422.6050280,292125,22024424.7728900
1727740800000,0.0117720,0.0124850,0.0101610,0.0102510,4908800007,55533189.9128840,356669,26562410.5856530
1727827200000,0.0102500,0.0109320,0.0096100,0.0097220,3336933486,34335392.1706190,260358,16408777.5788030
1727913600000,0.0097190,0.0098730,0.0090800,0.0094300,2920604016,27724330.2744090,239039,13638742.4847270
1728000000000,0.0094270,0.0101340,0.0093490,0.0099910,2610896303,25301868.5568810,197607,12286517.2554510
1728086400000,0.0099900,0.0102530,0.0095980,0.0098670,2009896258,20064166.3307000,157369,9754755.8241850
1728172800000,0.0098680,0.0103240,0.0097970,0.0102340,1516165494,15248624.9398290,121057,7608139.0642680
1728259200000,0.0102320,0.0107770,0.0101180,0.0102300,3125132315,32724154.1756380,218260,15515408.2613770
1728345600000,0.0102270,0.0104560,0.0098580,0.0100390,2322541204,23585254.2250250,186184,11462960.0430940
1728432000000,0.0100410,0.0102830,0.0092890,0.0094260,2327711418,22589407.7757150,178849,10816947.2027880
1728518400000,0.0094250,0.0096770,0.0091100,0.0095330,1928228639,18173067.0186450,157364,8821864.9138000
1728604800000,0.0095310,0.0102860,0.0094340,0.0101700,1994584474,19767232.8161110,153187,9642281.6065430
1728691200000,0.0101700,0.0121180,0.0101660,0.0115660,7681486298,87480116.2936400,472851,42809795.2442140
1728777600000,0.0115660,0.0117250,0.0107160,0.0111500,4542576680,51029433.9514860,330389,24201133.3092120
1728864000000,0.0111500,0.0154800,0.0109840,0.0148700,19165958204,268541282.8029500,1250241,134343088.7703410
1728950400000,0.0148700,0.0162170,0.0133750,0.0139870,26149651891,379545580.4435850,1795473,188685904.3283970
1729036800000,0.0139860,0.0140680,0.0124520,0.0130490,9025570139,119455917.0556820,788929,57377440.4221980
1729123200000,0.0130510,0.0133790,0.0121680,0.0127160,7108678291,90310797.5271760,581309,44372829.4731310
1729209600000,0.0127150,0.0137120,0.0126720,0.0133970,7122032854,94297310.6451380,592672,45229206.9103730
1729296000000,0.0133970,0.0137600,0.0129650,0.0132830,5194280542,69600608.6283560,430823,33170858.6053640
1729382400000,0.0132840,0.0145520,0.0128690,0.0141410,8229528358,111484349.5257880,625117,54884955.0389370
1729468800000,0.0141410,0.0145240,0.0131050,0.0131750,4578224075,62940915.9579090,381385,29691210.4152780
1729555200000,0.0131730,0.0134810,0.0123760,0.0126540,4111024833,52865380.4498740,275137,25065622.9011170
1729641600000,0.0126560,0.0128450,0.0118060,0.0123550,3282431860,40844820.2519280,242671,19651713.7376080
1729728000000,0.0123560,0.0130700,0.0122700,0.0129820,3046619926,38648683.9496080,242244,18562842.0269540
1729814400000,0.0129790,0.0131650,0.0108470,0.0113290,4205077720,51138918.3824790,312141,24148360.6294590
1729900800000,0.0113280,0.0135850,0.0110080,0.0134080,12489452302,159768497.1665810,674560,79972161.9002060
1729987200000,0.0134070,0.0139800,0.0130960,0.0136330,11785885766,158090708.7011950,643881,80938596.2523680
1730073600000,0.0136350,0.0139870,0.0125220,0.0132530,6361384633,83630235.8813790,446866,41792837.5928640
1730160000000,0.0132520,0.0137610,0.0127390,0.0133240,5640854470,74531054.6214860,418334,36685216.2282350
1730246400000,0.0133250,0.0143520,0.0130310,0.0135100,7425291322,101704971.0439380,579606,48784124.4438980
1730332800000,0.0135090,0.0135540,0.0122290,0.0122500,4548027006,58059573.0657770,342424,27019890.7855160
1730419200000,0.0122500,0.0129920,0.0113590,0.0115650,5628009608,68236448.2252720,399046,32263468.2013880
1730505600000,0.0115670,0.0117830,0.0111000,0.0112320,2834254942,32430123.1025750,217618,15070912.7346870
1730592000000,0.0112320,0.0113240,0.0099900,0.0106290,4602570548,48648095.1281410,319637,24034363.7896250
1730678400000,0.0106300,0.0112210,0.0100040,0.0103730,4210712463,44665256.0200350,322208,21154254.2317110
1730764800000,0.0103740,0.0114410,0.0103580,0.0109950,3941681393,42796728.7507300,296272,21024789.6379280
1730851200000,0.0109960,0.0120980,0.0109640,0.0116990,7849551000,89901446.5392930,534063,43132979.0973350
1730937600000,0.0116990,0.0121760,0.0110440,0.0113090,7581472388,86994245.8060960,495988,40206337.9223840
1731024000000,0.0113090,0.0116210,0.0104530,0.0109910,6454802011,70555854.1975280,412345,32041534.0412690
1731110400000,0.0109920,0.0119450,0.0107390,0.0117780,5534998889,63049078.4376790,358819,29550991.0198130
1731196800000,0.0117820,0.0136440,0.0116260,0.0126690,10627375473,133217890.0841320,853884,62359491.6141290
1731283200000,0.0126680,0.0139090,0.0123300,0.0138160,8531240462,110733166.3119510,790034,52482913.5557440
1731369600000,0.0138160,0.0146570,0.0122480,0.0140370,11771089213,158747461.6402610,1055693,74286411.0062780
1731456000000,0.0140330,0.0154980,0.0120300,0.0141410,18203938040,244104825.9761310,1495548,114871842.0455050
1731542400000,0.0141480,0.0156660,0.0129560,0.0131970,14995635994,215217160.0613080,1427501,101098648.6890140
1731628800000,0.0131970,0.0150090,0.0125390,0.0146090,8580051842,116131729.0934830,816424,56144220.1226770
1731715200000,0.0146100,0.0156600,0.0138270,0.0144040,6643352888,97325797.7254070,659247,46886599.7623150
1731801600000,0.0144030,0.0149470,0.0133810,0.0142020,5490765893,78515214.3577860,562360,37827856.6721250
1731888000000,0.0142060,0.0147380,0.0137610,0.0143560,5181670367,73845238.2712790,504724,35117955.6134530
1731974400000,0.0143570,0.0143590,0.0131150,0.0134940,3748196893,51496495.5434740,385397,24231550.2808750
1732060800000,0.0134930,0.0135090,0.0122330,0.0125060,3350853609,43365790.1880090,358950,20109372.8903780
1732147200000,0.0125050,0.0136330,0.0120270,0.0133710,4630256214,59907184.2484740,446111,28635233.7884690
1732233600000,0.0133690,0.0136320,0.0125550,0.0134840,3709379902,48642971.0705060,409944,23349495.2962150
1732320000000,0.0134870,0.0146830,0.0133370,0.0142420,6233645750,87528669.5296510,642217,41618973.1290850
1732406400000,0.0142450,0.0151310,0.0131830,0.0145430,5476034808,77703637.7276690,589738,37080170.0976120
1732492800000,0.0145500,0.0153130,0.0138150,0.0147920,6419265424,93325169.0127220,689471,45155222.4527370
1732579200000,0.0147840,0.0153000,0.0127330,0.0132710,7778494050,107490713.0637410,744503,52044287.1032880
1732665600000,0.0132710,0.0144700,0.0128880,0.0144150,5834352990,79490017.1936030,549625,37702097.3343140
1732752000000,0.0144160,0.0153640,0.0142870,0.0149820,6177854259,91361791.4494720,620400,44308971.2234900
1732838400000,0.0149810,0.0162940,0.0145040,0.0152250,7490761782,113913225.9733930,625522,54070552.9315130
1732924800000,0.0152260,0.0166320,0.0149340,0.0160830,5969649489,94335685.0874110,571773,45924519.5848110
1733011200000,0.0160830,0.0167990,0.0154840,0.0163170,5664535261,91579843.1685970,605331,42700111.5827340
1733097600000,0.0163190,0.0165320,0.0144360,0.0161540,6936039379,107119999.8399260,714403,49388711.6280220
1733184000000,0.0161530,0.0169040,0.0146280,0.0166170,6971131476,111636089.8159770,778532,53620027.2161650
1733270400000,0.0166180,0.0178010,0.0163840,0.0172830,6733964995,115081973.4063060,781453,55270863.1896270
1733356800000,0.0172810,0.0172920,0.0152890,0.0166870,7535346094,123882086.1573410,793092,57009149.1141170
1733443200000,0.0166870,0.0174400,0.0161060,0.0168140,4581598455,77491084.5877340,553490,35455712.4830120
1733529600000,0.0168130,0.0186920,0.0165850,0.0180060,6647683279,118659849.9826740,773142,57816319.6865630
1733616000000,0.0180060,0.0184640,0.0172080,0.0178790,3837499950,68413064.6278700,502692,32098877.6476240
1733702400000,0.0178760,0.0180500,0.0114770,0.0142740,10312526632,162231585.1166000,1045666,73079935.8349960
1733788800000,0.0142760,0.0146940,0.0122000,0.0133660,8148861816,108744163.3916040,864702,53023888.5023080
1733875200000,0.0133710,0.0144240,0.0128030,0.0142930,4350187114,59804517.6967810,503637,28853536.8071560
1733961600000,0.0142950,0.0150660,0.0140980,0.0143030,4152711995,60566182.5811650,472507,28614457.4177760
1734048000000,0.0143040,0.0144730,0.0136530,0.0141300,3272223830,46000144.1533210,389778,22291198.2629210
1734134400000,0.0141310,0.0143380,0.0129560,0.0133390,2533508108,34343922.2558970,320073,16188732.2452280
1734220800000,0.0133390,0.0137070,0.0128370,0.0136240,2461733525,32774552.7402120,321199,15420478.3905040
1734307200000,0.0136260,0.0139310,0.0128160,0.0131400,3034331125,40361559.1447410,374852,19517421.8303030
1734393600000,0.0131400,0.0132700,0.0124120,0.0125940,3346229218,43082934.6535960,394784,19962281.0730880
1734480000000,0.0125950,0.0126960,0.0106130,0.0111520,6079010874,72331730.0215510,562659,33462534.4708230
1734566400000,0.0111530,0.0113180,0.0098760,0.0103700,8261882071,87466814.0424750,662236,42162179.6236510
1734652800000,0.0103710,0.0109800,0.0089060,0.0108240,7697065143,76689428.8845370,595669,37190237.1054280
1734739200000,0.0108240,0.0115710,0.0100420,0.0102390,4283195958,45719603.6936690,421826,21761770.1142680
1734825600000,0.0102420,0.0108090,0.0099510,0.0103330,3166034731,32823638.6567070,323824,15781110.1150980
1734912000000,0.0103350,0.0110910,0.0100460,0.0108560,3506872243,36614715.3715690,313685,18259227.2214030
1734998400000,0.0108560,0.0114910,0.0105090,0.0113720,2648265529,29190361.6757970,240435,14412191.9986070
1735084800000,0.0113690,0.0115110,0.0109390,0.0111700,2061925288,23158184.1716650,202475,11008217.6122580
1735171200000,0.0111740,0.0113190,0.0103850,0.0106210,3025374440,32550691.1167790,259050,15063091.8790570
1735257600000,0.0106230,0.0112400,0.0105150,0.0107680,2381510218,25853733.3824050,217757,12376549.3024230
1735344000000,0.0107680,0.0113460,0.0105560,0.0112320,1549724485,16874700.3370820,168013,8312047.3847830
1735430400000,0.0112320,0.0112870,0.0105200,0.0106560,1407876368,15369588.5921190,155361,7391399.7118490
1735516800000,0.0106570,0.0112500,0.0104360,0.0107320,2620280034,28461939.7078510,246166,13573989.8285110
1735603200000,0.0107340,0.0109830,0.0102230,0.0106660,2190777584,23205016.8847780,205498,11254417.9245240
1735689600000,0.0106670,0.0109270,0.0103770,0.0108390,1455915925,15532407.1219560,153189,7075239.6040230
1735776000000,0.0108420,0.0114310,0.0108030,0.0111540,2441917793,27322940.5505020,231007,13305884.3071720
1735862400000,0.0111550,0.0117780,0.0108740,0.0117010,1950796730,22199047.3538710,186277,10065865.8594570
1735948800000,0.0116990,0.0118270,0.0112760,0.0115560,1816383518,21000896.8503960,168668,10282757.1680950
1736035200000,0.0115570,0.0116000,0.0112500,0.0113840,1377051756,15715525.2650800,139076,7440012.4555940
1736121600000,0.0113850,0.0117700,0.0111600,0.0114880,2158217382,24745026.6652910,185847,11623329.8530700
1736208000000,0.0114880,0.0115760,0.0100640,0.0101050,2767845947,29861460.7998950,214376,13627383.6623340
1736294400000,0.0101050,0.0102120,0.0090770,0.0095530,3056248262,29482626.5454970,196975,14017338.7436610
1736380800000,0.0095530,0.0096950,0.0090140,0.0092880,2661632449,24904758.7344110,179710,12364301.0983230
1736467200000,0.0092890,0.0097260,0.0092180,0.0095220,2252663904,21328940.6959800,165554,10739643.1275710
1736553600000,0.0095210,0.0097190,0.0093470,0.0095200,1069390618,10132659.0225410,100653,4988695.7210250
1736640000000,0.0095220,0.0095760,0.0091490,0.0092890,1020529104,9580021.2563970,90415,4522257.8583360
1736726400000,0.0092900,0.0095500,0.0080970,0.0086910,5065632047,43666742.5391050,276892,21050773.0681530
1736812800000,0.0086920,0.0092690,0.0086240,0.0091450,1918303686,17154242.9041110,140474,8507833.5888080
1736899200000,0.0091450,0.0096420,0.0088430,0.0096020,2519999383,23358314.5235780,161335,11818534.6854900
1736985600000,0.0096040,0.0097060,0.0091370,0.0092980,2516318573,23627931.9853260,157883,11521664.4097610
1737072000000,0.0092990,0.0102020,0.0092990,0.0101010,2509538782,24623198.1810840,149332,12067802.1382480
1737158400000,0.0101010,0.0103510,0.0090750,0.0094830,4289884359,40504835.7648370,235730,19031078.3556250
1737244800000,0.0094830,0.0100730,0.0084340,0.0086680,8452396516,79500326.6791950,492589,37067776.8423990
1737331200000,0.0086670,0.0094380,0.0080750,0.0083480,8536635631,74071260.9194210,525981,35926637.7926810
1737417600000,0.0083460,0.0087890,0.0078110,0.0086040,5838869489,48256006.6322410,302478,23905816.6906300
1737504000000,0.0086030,0.0088390,0.0084600,0.0085500,3277054058,28456209.4194550,201097,13797633.5554090
1737590400000,0.0085490,0.0086040,0.0079770,0.0083590,4252364128,35434194.9490700,210914,17606651.0890850
1737676800000,0.0083600,0.0085350,0.0079190,0.0079710,3293710825,27145482.0462930,177611,13702233.0927110
1737763200000,0.0079700,0.0081590,0.0077570,0.0080080,1917048291,15338847.8414500,150010,7509849.2652310
1737849600000,0.0080090,0.0083230,0.0078040,0.0078190,1812573115,14681634.8492200,122026,6952444.7288230
1737936000000,0.0078170,0.0078170,0.0067360,0.0073810,6585500061,47207592.6029810,268335,22501255.2651180
1738022400000,0.0073820,0.0074920,0.0064400,0.0065320,3531873189,24681629.7141730,154159,11583006.1565600
1738108800000,0.0065340,0.0072730,0.0064910,0.0068930,4890995034,33801559.9548350,223733,16563746.4156210
1738195200000,0.0068960,0.0072930,0.0068320,0.0070970,3559666956,25247632.3698770,143488,12124900.1657770
1738281600000,0.0070990,0.0075620,0.0069940,0.0071400,3249844592,23489581.1299150,150986,11559380.2493270
1738368000000,0.0071390,0.0072800,0.0060800,0.0061480,3396212721,22815959.8189480,160373,10587553.8563690
1738454400000,0.0061470,0.0063570,0.0047520,0.0051310,10637911726,59611726.9384430,311787,29169143.4164690
1738540800000,0.0051310,0.0053840,0.0035580,0.0052160,17034882779,77377217.1380830,484055,38309283.2271490
1738627200000,0.0052160,0.0052680,0.0045610,0.0048880,11210176272,54478428.2499800,349080,26959303.6503460
1738713600000,0.0048880,0.0050310,0.0046600,0.0047700,7303982214,35642196.8757410,252858,17541679.4259090
1738800000000,0.0047690,0.0048520,0.0042800,0.0043440,15219991595,68501344.9658920,272461,33830078.6500850
1738886400000,0.0043450,0.0045900,0.0040610,0.0042250,16000366295,70083208.7571430,308890,34641117.2111300
1738972800000,0.0042250,0.0047130,0.0041990,0.0045840,8325634982,37063940.4275070,234298,18542904.2902120
1739059200000,0.0045840,0.0046490,0.0041700,0.0044390,6914185408,31031684.8579810,198534,15311299.3141080
1739145600000,0.0044390,0.0045420,0.0042220,0.0044640,7495868650,33071420.5341090,246088,16926356.9025620
1739232000000,0.0044640,0.0047320,0.0042900,0.0043560,6007361007,26975235.9387400,211517,13268877.6622950
1739318400000,0.0043550,0.0047690,0.0041510,0.0047340,6893518814,30222492.8496280,272882,14928986.4814220
1739404800000,0.0047340,0.0048030,0.0044760,0.0045370,4159677152,19124713.3251270,198433,9516305.1639970
1739491200000,0.0045380,0.0050250,0.0044750,0.0047860,5331766860,25304378.6075070,230963,12572410.2186370
1739577600000,0.0047860,0.0048140,0.0045290,0.0045840,3379542562,15794011.8377950,156325,7615999.3406180
1739664000000,0.0045830,0.0046950,0.0044560,0.0045290,3574075089,16339908.3495990,152827,7949477.3680240
1739750400000,0.0045290,0.0046650,0.0042060,0.0043480,5566872378,24864928.9607800,222816,11824122.6161320
1739836800000,0.0043490,0.0043680,0.0038600,0.0041200,5558510503,22806452.6864130,216637,11068766.0215080
1739923200000,0.0041200,0.0041810,0.0039960,0.0040650,4688592473,19179133.8443600,161400,10053165.9813150
1740009600000,0.0040650,0.0042580,0.0040420,0.0042380,5107697576,21202338.3708710,153941,10472531.7370950
1740096000000,0.0042370,0.0045870,0.0040460,0.0040850,7010352316,30318291.3476430,232456,15065169.1189040
1740182400000,0.0040860,0.0045420,0.0040410,0.0045030,6576437407,28084430.7044390,175462,14232713.6392400
1740268800000,0.0045020,0.0045490,0.0042460,0.0043340,4486755721,19703488.0955510,137105,9557200.7185050
1740355200000,0.0043340,0.0043660,0.0034000,0.0035290,9741407074,37797776.8293380,249670,18276593.9046850
1740441600000,0.0035290,0.0037590,0.0033150,0.0036930,13838943561,49259583.3357480,342012,24457936.8186380
1740528000000,0.0036940,0.0038580,0.0035730,0.0038430,9826243815,36527729.3338300,229547,17819492.6753780
1740614400000,0.0038440,0.0039740,0.0036710,0.0038010,6520601787,24963080.1230550,164401,12153517.9870630
1740700800000,0.0038020,0.0039240,0.0033740,0.0038260,11461407935,41504250.5716850,271451,20500387.3024700
1740787200000,0.0038260,0.0038470,0.0035130,0.0036250,7696956125,28109694.7464590,154164,13875267.6296780
1740873600000,0.0036260,0.0040360,0.0034890,0.0039960,11857185411,44431207.7505740,256699,22141093.9827300
1740960000000,0.0039970,0.0040040,0.0031710,0.0032730,14533410427,51917216.8631910,298241,25570332.1246420
1741046400000,0.0032730,0.0033070,0.0028300,0.0031340,21637454929,66979845.9203560,398250,32449699.8885990
1741132800000,0.0031330,0.0031880,0.0029680,0.0030950,11854837082,36523190.6618700,218176,18338833.9441710
1741219200000,0.0030950,0.0031870,0.0029000,0.0029930,9485402255,28929340.2439430,222780,14517180.4845350
1741305600000,0.0029930,0.0031350,0.0027980,0.0029290,10767503857,32049706.0363430,231134,15857795.4854850
1741392000000,0.0029300,0.0029440,0.0027010,0.0027790,5759027753,16305067.6982190,139317,7561892.9580990
1741478400000,0.0027790,0.0027920,0.0023040,0.0023820,9825275198,24671707.6364070,201792,11808814.2932420
1741564800000,0.0023830,0.0026510,0.0022310,0.0023500,10005665670,24468183.0533130,231898,12275591.7464450
1741651200000,0.0023510,0.0025440,0.0021510,0.0024430,10708474409,25295591.0364810,220485,12532099.0021840
1741737600000,0.0024430,0.0025210,0.0023370,0.0024630,5292733646,12876144.1546030,128987,6629345.0537860
1741824000000,0.0024620,0.0025370,0.0023200,0.0023870,5165562047,12514420.9366130,125045,6004305.2030660
1741910400000,0.0023870,0.0025540,0.0023770,0.0024680,3263726574,8067194.3142560,92628,4088736.2177920
1741996800000,0.0024670,0.0025570,0.0024130,0.0025080,3950152983,9778024.0085570,93456,4716278.1635710
1742083200000,0.0025080,0.0025100,0.0022850,0.0023130,5204395260,12451601.5563210,124496,5771242.5908490
1742169600000,0.0023130,0.0025150,0.0023110,0.0024680,5011637144,12209431.6623970,118937,5957362.6643610
1742256000000,0.0024680,0.0024800,0.0022940,0.0024540,5341457038,12707316.6259150,118979,6036556.3649420
1742342400000,0.0024540,0.0025060,0.0023740,0.0025000,6867893164,16764744.9997640,136717,8483018.3971040
1742428800000,0.0025000,0.0025190,0.0023690,0.0024020,5043251552,12250002.5461840,106449,5912387.1317360
1742515200000,0.0024020,0.0024510,0.0022840,0.0023250,7691888517,18150327.6988340,110108,8381222.8194400
1742601600000,0.0023240,0.0025320,0.0023200,0.0024260,4772133561,11701795.1066340,108036,5837232.9526330
1742688000000,0.0024250,0.0025040,0.0024070,0.0024640,5299408073,13051661.2895830,97389,6997758.4890670
1742774400000,0.0024630,0.0026180,0.0023990,0.0025680,9556911844,24313608.3293830,138018,12792085.4539490
1742860800000,0.0025670,0.0026390,0.0025080,0.0026220,4958199653,12764593.9415520,96264,6169445.1652540
1742947200000,0.0026220,0.0028270,0.0025530,0.0026020,7341404127,19624718.2252220,135225,9741429.6712570
1743033600000,0.0026020,0.0026860,0.0025160,0.0025520,6063680448,15741256.8531180,104299,7382404.0723520
1743120000000,0.0025510,0.0025780,0.0021960,0.0022860,9162616438,21113361.2796870,131092,10874773.2723540
1743206400000,0.0022870,0.0023080,0.0020090,0.0020830,6193459542,13124861.1993580,117924,6159269.0752840
1743292800000,0.0020840,0.0021360,0.0020320,0.0020830,4750705417,9922456.9658190,81004,4744748.5626990
1743379200000,0.0020840,0.0021240,0.0020060,0.0020610,4609291403,9554724.2131910,89210,4770071.2095320
1743465600000,0.0020610,0.0021610,0.0020350,0.0020590,5118329624,10725683.1314870,86405,5342076.6482910
1743552000000,0.0020600,0.0020730,0.0018140,0.0018670,8338741255,16351442.8434040,133936,8035979.3244370
1743638400000,0.0018660,0.0019410,0.0017590,0.0018570,4594802181,8468889.1018130,93344,4227498.6530780
1743724800000,0.0018570,0.0018910,0.0017620,0.0018490,7787386309,14308879.0047860,106969,7183272.8678790
1743811200000,0.0018490,0.0018660,0.0017680,0.0017970,3774021796,6849374.9911140,60450,3360312.4248690
1743897600000,0.0017960,0.0017980,0.0015120,0.0015600,8872510102,14348993.0690150,131172,7069412.4607040
1743984000000,0.0015610,0.0016720,0.0014240,0.0015900,15766824184,24510754.3741170,188426,12349473.6590430
1744070400000,0.0015910,0.0016280,0.0014550,0.0014750,6605626165,10131856.4219700,97195,5169718.4723460
1744156800000,0.0014760,0.0016530,0.0014230,0.0016320,8603376225,13310858.2396720,114693,6827107.9724040
1744243200000,0.0016320,0.0016330,0.0014910,0.0015450,4841797889,7521919.8024830,70211,3777725.6593170
1744329600000,0.0015440,0.0016240,0.0015370,0.0015920,3875072623,6158462.1651380,58381,3402447.3914280
1744416000000,0.0015920,0.0016810,0.0015720,0.0016680,3997919345,6552761.2400340,54224,3352846.8260410
1744502400000,0.0016680,0.0016720,0.0015090,0.0015410,4102495981,6570175.9307400,61416,3428591.7012880
1744588800000,0.0015410,0.0016270,0.0015130,0.0015270,4587503212,7166001.0876050,73643,3647531.6869870
1744675200000,0.0015270,0.0015680,0.0014400,0.0014520,5189179861,7857651.7504880,76919,3893662.1095120
1744761600000,0.0014530,0.0014900,0.0013740,0.0014350,6335121797,9113073.6543530,82748,4817957.2789380
1744848000000,0.0014350,0.0014600,0.0014010,0.0014220,4618970386,6631211.3156380,58827,3568061.2732390
1744934400000,0.0014230,0.0025090,0.0014140,0.0024770,165294468938,327196801.7102300,1479694,166754611.8564090
1745020800000,0.0024770,0.0026810,0.0019820,0.0021580,177320410894,393740216.5342190,1811263,195359302.4380920
1745107200000,0.0021580,0.0024480,0.0020740,0.0022560,62219006393,138458954.4923950,841725,68345199.5939680
1745193600000,0.0022560,0.0023520,0.0020060,0.0020100,25205205834,55031683.0982570,385156,25934101.6096980
1745280000000,0.0020110,0.0022550,0.0019310,0.0021450,27495901159,57177630.1855570,373247,28860966.3352660
1745366400000,0.0021460,0.0022320,0.0020660,0.0022220,18528725755,40118329.5208250,314115,19591860.8567470
1745452800000,0.0022210,0.0023220,0.0020910,0.0021390,24679447149,54777849.6635350,417476,26338994.3022490
1745539200000,0.0021390,0.0022930,0.0020940,0.0022290,14075272370,31062020.6885990,235793,14891305.0953040
1745625600000,0.0022300,0.0023490,0.0021540,0.0022810,11600923674,26063222.8392540,211980,12636773.7605950
1745712000000,0.0022800,0.0022800,0.0020630,0.0020740,8812344273,18781449.4931100,157555,8861301.6921570
1745798400000,0.0020750,0.0021960,0.0019870,0.0021790,8247086047,17421634.4252080,165748,8324942.9490700
1745884800000,0.0021790,0.0022030,0.0020420,0.0020830,6799813075,14536727.7196500,144781,6999977.9193310
1745971200000,0.0020820,0.0021890,0.0020520,0.0021260,6561790300,13896807.7149950,151717,6966612.2628860
1746057600000,0.0021270,0.0023520,0.0021020,0.0022360,11455477419,25299038.7212040,185308,12474238.4023060
1746144000000,0.0022360,0.0023100,0.0021150,0.0021580,9643140467,21050549.4950510,165232,10248658.7254700
1746230400000,0.0021580,0.0021620,0.0019190,0.0019300,8550773505,17392447.8299620,128569,8084695.3866400
1746316800000,0.0019290,0.0019750,0.0018730,0.0019040,9126424374,17467861.0257120,161263,8712887.5808030
1746403200000,0.0019050,0.0019440,0.0018240,0.0018530,7254067392,13609460.3112450,127611,6568219.4403510
1746489600000,0.0018530,0.0018940,0.0017210,0.0018270,8949133456,16210425.3789300,124243,7968911.6233450
1746576000000,0.0018280,0.0018840,0.0017930,0.0018390,6725612760,12359605.2013300,97510,6053454.7285300
1746662400000,0.0018380,0.0021850,0.0018340,0.0021790,10243221180,20505235.2288580,138661,9993405.7934120
1746748800000,0.0021780,0.0028320,0.0021670,0.0026530,39498239900,100050131.2550220,553067,50327375.7863750
1746835200000,0.0026550,0.0032670,0.0026180,0.0028960,46004977393,134886391.4936040,772598,66520187.3781180
1746921600000,0.0028950,0.0029090,0.0026430,0.0028420,19263794236,53782820.3246830,341736,25773686.9083290
1747008000000,0.0028430,0.0030170,0.0025260,0.0026730,23545110784,66773483.5106120,413610,31852744.8512770
1747094400000,0.0026730,0.0031430,0.0024670,0.0030610,28192713761,81045554.4825210,446152,38782152.0231050
1747180800000,0.0030620,0.0031730,0.0027520,0.0027940,26521520027,78434787.0495660,404514,37093452.1871840
1747267200000,0.0027940,0.0028390,0.0022820,0.0023750,24449454406,61619926.8268070,340549,28426439.9405740
1747353600000,0.0023750,0.0024700,0.0022460,0.0022910,14636192163,34881710.8646440,231539,16779891.5634780
1747440000000,0.0022910,0.0023000,0.0021440,0.0021930,11309768419,24869541.3772040,169046,11946872.9070970
1747526400000,0.0021940,0.0024830,0.0021760,0.0024090,16088037787,37710305.8830120,217283,18445311.0353430
1747612800000,0.0024100,0.0024280,0.0021420,0.0022910,12703498137,28561141.0881800,170227,13267770.0615670
1747699200000,0.0022910,0.0023540,0.0021700,0.0023120,9824398411,22212025.8472550,162061,11084375.4498490
1747785600000,0.0023120,0.0024950,0.0022580,0.0023920,12251026916,28738562.0620450,184157,14144621.8446120
1747872000000,0.0023920,0.0026080,0.0023880,0.0026030,12721673071,32179135.0578370,188731,15784671.3954640
1747958400000,0.0026030,0.0027380,0.0022370,0.0022600,18471028051,46072307.3705340,233918,21284791.5735420
1748044800000,0.0022590,0.0023380,0.0022390,0.0022760,8096502029,18549155.8849290,122184,9059309.7282260
1748131200000,0.0022760,0.0022880,0.0020780,0.0022500,9412470335,20492570.5936470,160034,9646192.7268640
1748217600000,0.0022500,0.0023180,0.0021740,0.0022040,10101183209,22714198.9878250,161529,10807594.0659390
1748304000000,0.0022040,0.0023170,0.0021150,0.0022590,10285483470,22960510.2827770,173148,10905953.1737590
1748390400000,0.0022590,0.0023890,0.0021910,0.0022790,9771208132,22273804.5452050,162517,11041633.4639870
1748476800000,0.0022780,0.0023760,0.0021640,0.0021820,8645881770,19642393.5414420,152722,9578119.9000540
1748563200000,0.0021810,0.0021970,0.0017800,0.0018030,15232924744,30133532.1351490,216240,14025883.9726250
1748649600000,0.0018030,0.0018820,0.0017120,0.0018560,9008838184,16206926.6063980,144920,8130681.4508440
1748736000000,0.0018560,0.0019400,0.0018280,0.0019130,8233189487,15590551.6331580,114258,7647562.5371400
1748822400000,0.0019140,0.0019640,0.0018360,0.0019400,9149953547,17283325.9769570,116309,8507732.9261780
1748908800000,0.0019410,0.0020320,0.0019360,0.0019710,6930271373,13800107.5674920,102987,6846471.1186010
1748995200000,0.0019720,0.0020380,0.0018500,0.0018710,7418080702,14513994.5425730,103541,6866176.6824690
1749081600000,0.0018720,0.0019020,0.0016650,0.0017010,11572401625,20773207.8364240,135969,9714181.5251070
1749168000000,0.0017010,0.0018420,0.0016890,0.0017380,6603612615,11645306.0120690,85784,5780824.9749780
1749254400000,0.0017380,0.0018480,0.0017350,0.0018260,3962413483,7196890.2252530,54165,3561055.2265530
1749340800000,0.0018260,0.0018640,0.0017840,0.0018240,3857508619,7028329.0356980,51734,3330547.0604520
1749427200000,0.0018240,0.0019460,0.0017640,0.0019390,6696552284,12384184.8827880,85974,6376630.8038580
1749513600000,0.0019390,0.0020200,0.0018760,0.0020110,9498656206,18548882.8584970,112699,9136174.9876600
1749600000000,0.0020110,0.0020130,0.0018320,0.0018550,7813969758,15110536.8937250,103585,6863784.2752550
1749686400000,0.0018560,0.0018590,0.0016780,0.0016800,7912902622,14085376.3632340,99652,6708885.9216050
1749772800000,0.0016800,0.0016800,0.0015310,0.0016550,13178531427,20908450.9819980,139299,10113377.9333590
1749859200000,0.0016560,0.0017000,0.0016060,0.0016530,6868479843,11404492.6889700,73652,5551466.4861710
1749945600000,0.0016530,0.0016820,0.0016060,0.0016540,4763902216,7847571.8029890,64387,3945890.6784630
1750032000000,0.0016550,0.0017550,0.0016270,0.0016490,7723226746,13203254.1333480,76614,6191575.1466320
1750118400000,0.0016490,0.0016970,0.0015200,0.0015560,8759041970,14068914.7248720,88856,6828677.9457990
1750204800000,0.0015560,0.0015870,0.0014380,0.0015800,12444124984,18969269.8088050,112298,9348598.2634680
1750291200000,0.0015790,0.0016080,0.0015200,0.0015580,5647325934,8845500.6022930,59490,4159576.0409110
1750377600000,0.0015580,0.0016010,0.0014530,0.0014860,7176617946,10964050.0263080,71851,5351669.8657780
1750464000000,0.0014850,0.0015200,0.0013590,0.0014050,8419782216,12149985.5089350,84239,5845238.1860870
1750550400000,0.0014060,0.0014240,0.0012420,0.0013280,15720658888,20794481.4030180,131676,9837735.7188390
1750636800000,0.0013280,0.0015110,0.0013230,0.0015050,11588665606,16115502.8015610,102082,8173913.9311810
1750723200000,0.0015050,0.0015880,0.0015050,0.0015660,8243547336,12751888.8372870,81356,6423288.2901630
1750809600000,0.0015650,0.0015680,0.0014840,0.0014960,7306587302,11134713.0642690,71849,5477404.2298770
1750896000000,0.0014960,0.0015470,0.0014160,0.0014410,7305496728,10805561.2824840,66917,5485889.5345610
1750982400000,0.0014410,0.0015000,0.0014130,0.0014830,6514225688,9547783.1766600,60234,4754986.0511990
1751068800000,0.0014830,0.0015880,0.0014610,0.0015590,5535565307,8410577.5741450,58322,4251700.5174380
1751155200000,0.0015600,0.0016780,0.0015380,0.0016430,6558853569,10403642.1394690,67551,5309454.5173950
1751241600000,0.0016440,0.0016600,0.0015270,0.0015590,7745074372,12260580.1126140,87359,6057113.7980420
1751328000000,0.0015590,0.0015680,0.0014430,0.0014570,7653407831,11539401.4776260,83528,5560311.1588740
1751414400000,0.0014560,0.0016490,0.0014300,0.0016130,8441044711,13141232.7383240,84317,6356025.4177170
1751500800000,0.0016130,0.0016680,0.0015750,0.0015980,8866828061,14423404.3078830,82533,7291902.5237870
1751587200000,0.0015990,0.0016160,0.0014550,0.0014870,7807211347,11871985.5358160,73190,5955916.1324460
1751673600000,0.0014870,0.0015130,0.0014450,0.0014880,5269114466,7816230.0471970,61774,3883015.1376100
1751760000000,0.0014880,0.0015800,0.0014730,0.0015520,13256448548,20414712.6841440,108512,10292769.8474640
1751846400000,0.0015530,0.0015830,0.0015030,0.0015220,7237281233,11142453.9069520,63430,5428844.0039720
1751932800000,0.0015230,0.0015670,0.0014870,0.0015480,7290987698,11089390.2533210,59135,5592122.0562100
1752019200000,0.0015490,0.0016490,0.0015240,0.0016370,7919592107,12527823.1156660,70618,6338247.0546690
1752105600000,0.0016360,0.0018920,0.0016160,0.0018680,11424191562,19805697.6134380,106676,9866317.0204390
1752192000000,0.0018680,0.0019800,0.0018010,0.0018320,15455461398,29473025.8683900,180481,14565984.5798670
1752278400000,0.0018330,0.0018590,0.0016860,0.0017710,8341689129,14806056.6764580,104360,7292034.2008550
1752364800000,0.0017710,0.0018690,0.0017430,0.0018170,6368876680,11477250.6860780,90821,5568165.3481540
1752451200000,0.0018170,0.0019500,0.0017570,0.0017990,9185053368,17058932.3783320,141247,8322852.3540430
1752537600000,0.0017980,0.0019050,0.0017080,0.0019050,8773701160,15616882.6276960,118238,7682540.7860330
1752624000000,0.0019050,0.0022030,0.0018490,0.0020480,20001486902,40659785.4530880,252492,19896763.1172040
1752710400000,0.0020490,0.0021060,0.0019320,0.0020230,16269190385,32940833.4633930,204080,15628359.3537530
1752796800000,0.0020240,0.0021430,0.0018920,0.0019540,13696397607,27942377.8773810,161528,13243490.4601320
1752883200000,0.0019550,0.0020280,0.0018800,0.0020160,6740801862,13256912.5632360,97363,6714704.2970640
1752969600000,0.0020160,0.0021740,0.0019950,0.0020820,10490503887,21888066.0837940,155158,10344967.0652700
1753056000000,0.0020810,0.0021910,0.0020250,0.0021520,10766412209,22754501.4912090,159230,10951236.4930910
1753142400000,0.0021530,0.0021820,0.0019560,0.0021050,16049888841,32754755.2124710,189052,15803139.1888220
1753228800000,0.0021050,0.0021070,0.0017640,0.0018590,23088221131,44594890.4578300,205086,21969817.7580260
1753315200000,0.0018600,0.0018960,0.0016760,0.0017680,14137620420,25374640.3982400,150013,12148805.0619440
1753401600000,0.0017690,0.0018660,0.0017010,0.0018560,12339175412,22012086.1084610,148336,10928134.9022830
1753488000000,0.0018560,0.0018870,0.0018230,0.0018280,4340424110,8040420.9280280,94965,3724706.8686050
1753574400000,0.0018270,0.0019570,0.0018220,0.0019340,6334570371,11966096.2401080,98256,6035378.0099810
1753660800000,0.0019340,0.0020420,0.0017520,0.0017760,15025216336,28596796.7205450,182137,13455444.0914510
1753747200000,0.0017760,0.0018680,0.0017000,0.0017620,12724800901,22598819.3350720,130863,10628128.8584230
1753833600000,0.0017630,0.0017820,0.0016340,0.0017420,10339320904,17811189.7137720,122886,8457438.3738590
1753920000000,0.0017420,0.0023880,0.0017080,0.0019760,160276287527,340712895.2863740,1290420,168864373.2419640
1754006400000,0.0019770,0.0020430,0.0017850,0.0018720,120361294335,230995151.1159920,876790,115013808.3786440
1754092800000,0.0018720,0.0019410,0.0017540,0.0018470,32127483815,59386098.1251070,375886,29237018.6676360
1754179200000,0.0018480,0.0018760,0.0018030,0.0018200,14222092400,26064954.0450770,244376,12305936.2126270
1754265600000,0.0018200,0.0018610,0.0017590,0.0018070,18082667627,32645826.2741160,176533,15756743.5506250
1754352000000,0.0018070,0.0018130,0.0015960,0.0016530,21394826451,36305683.8412360,184332,17223506.0650310
1754438400000,0.0016540,0.0017020,0.0016000,0.0016830,16122254210,26561104.3650850,154403,13083782.3054160
1754524800000,0.0016840,0.0017280,0.0016450,0.0017240,13204636830,22330255.7948670,138937,10638745.3767930
1754611200000,0.0017240,0.0017730,0.0016970,0.0017550,13673157170,23781785.2312940,143966,11882558.9379100
1754697600000,0.0017550,0.0018590,0.0017430,0.0018280,12017372279,21772127.0597160,118272,10584025.1220980
1754784000000,0.0018290,0.0018760,0.0017340,0.0018060,13023754679,23428747.2481880,129070,11055638.1003720
1754870400000,0.0018070,0.0018630,0.0016800,0.0017020,16681505990,29449042.8024540,149166,14534765.8186020
1754956800000,0.0017020,0.0018370,0.0016720,0.0018170,14405050458,25243085.0855530,153734,12432992.5255580
1755043200000,0.0018180,0.0019650,0.0018150,0.0019390,18489976556,35054656.7969790,187532,17967832.2383240
1755129600000,0.0019400,0.0021290,0.0017900,0.0018790,58976604177,117341822.8669090,542203,57488106.2432120
1755216000000,0.0018790,0.0020940,0.0018340,0.0018630,41687320932,81610931.4727230,366665,40045891.1393590
1755302400000,0.0018620,0.0020620,0.0018420,0.0020070,18735709066,36487208.1309220,192916,18085089.9062630
1755388800000,0.0020070,0.0020280,0.0019410,0.0019590,10366183773,20533056.9718330,116489,9884118.3851450
1755475200000,0.0019580,0.0022650,0.0018760,0.0021360,74387591520,156443742.3040920,648635,77894573.2885250
1755561600000,0.0021360,0.0021670,0.0019710,0.0020850,38314223809,78570843.6972110,360552,38168721.3331100
1755648000000,0.0020850,0.0030260,0.0020580,0.0027680,217164095374,577575313.2436810,1958228,291180051.1908310
1755734400000,0.0027680,0.0029260,0.0024960,0.0025710,132920928195,360454072.9425280,1191956,179097412.8810240
1755820800000,0.0025710,0.0043080,0.0023940,0.0040960,124286622798,380300903.8123810,1396771,191105648.8240000
1755907200000,0.0040980,0.0043230,0.0034620,0.0036260,226353030591,869672346.5565500,2722598,432310227.1850730
1755993600000,0.0036260,0.0045410,0.0035280,0.0038980,171316052371,672049551.9610200,2494496,335741597.4435680
1756080000000,0.0038990,0.0040750,0.0033210,0.0034550,95220402732,350492832.6493830,1335089,171072075.7171340
1756166400000,0.0034550,0.0036480,0.0032560,0.0033320,70101756187,240019998.9545700,966232,120388160.4399160
1756252800000,0.0033320,0.0034100,0.0030720,0.0031030,45154866286,145087018.1255180,600779,69758801.8831140
1756339200000,0.0031030,0.0031950,0.0029310,0.0029940,26919692451,82890540.6325730,389693,40771961.2023430
1756425600000,0.0029950,0.0030470,0.0027470,0.0028930,23415213857,67316717.5026410,342125,32780520.4356530
1756512000000,0.0028930,0.0030080,0.0028190,0.0028430,17350093258,50317872.4562770,287565,25199569.1845810
1756598400000,0.0028430,0.0029170,0.0027180,0.0027310,12480387532,35396255.5663280,202110,16826880.7499520
1756684800000,0.0027300,0.0027650,0.0024530,0.0025220,19569581518,51222630.7902390,257688,24638359.2323150
1756771200000,0.0025220,0.0025850,0.0024720,0.0025350,14042232544,35606579.0292940,201656,17490434.7704710
1756857600000,0.0025350,0.0026180,0.0025100,0.0025480,11943978896,30657731.5016660,193864,15148453.3524550
1756944000000,0.0025480,0.0025600,0.0023740,0.0024220,11826176315,28892020.8752100,188716,13736912.8528930
1757030400000,0.0024230,0.0025650,0.0024200,0.0024880,17275341508,43260984.3836260,233347,21442918.6652020
1757116800000,0.0024870,0.0027690,0.0024760,0.0025190,30513088053,79104771.1889540,404078,38737088.3141910
1757203200000,0.0025190,0.0026690,0.0025180,0.0026120,17353794702,45018869.2108020,246400,21353258.6501570
1757289600000,0.0026120,0.0026890,0.0025460,0.0026250,16906864510,44134425.4730360,240073,20960634.1047940
1757376000000,0.0026250,0.0026650,0.0024920,0.0025680,14959322876,38585085.4753020,251464,18162327.6806040
1757462400000,0.0025680,0.0026480,0.0025090,0.0025330,11386895189,29554548.2707030,199842,13598708.5944680
1757548800000,0.0025330,0.0029110,0.0025010,0.0028140,20598416805,55185187.3476530,288693,26713361.3901370
1757635200000,0.0028140,0.0028230,0.0026130,0.0027440,19870429350,53727980.1293560,258244,25757450.6676890
1757721600000,0.0027460,0.0028800,0.0026860,0.0027800,16954711283,47261432.4896160,239418,22076857.4919260
1757808000000,0.0027800,0.0027830,0.0025600,0.0026170,10820339377,28802632.0594130,167102,13456802.8729740
1757894400000,0.0026170,0.0026570,0.0024640,0.0025770,13840439507,35105802.6037480,199301,17028206.9864000
1757980800000,0.0025780,0.0027660,0.0025220,0.0026590,21635993115,57011741.1669900,296228,28208593.8922030
1758067200000,0.0026600,0.0027750,0.0025790,0.0027310,13650442032,36219861.6758740,218638,16827948.1988780
1758153600000,0.0027320,0.0027760,0.0026600,0.0026870,8071717507,21957708.0927370,137131,10708923.4289220
1758240000000,0.0026860,0.0027250,0.0025270,0.0025500,8486193129,22152136.4878020,126970,10885134.2024010
1758326400000,0.0025500,0.0026730,0.0025350,0.0026410,6476935408,16878230.3170760,104436,8170935.4913110
1758412800000,0.0026420,0.0027950,0.0026260,0.0026840,14976881970,40572651.6967470,225146,19159907.0711880
1758499200000,0.0026830,0.0027110,0.0021200,0.0022900,25535882258,60573417.0019640,304423,29104664.3963230
1758585600000,0.0022900,0.0024900,0.0022540,0.0023500,25313086453,60381282.6081640,259017,29617682.8869610
1758672000000,0.0023500,0.0024260,0.0023070,0.0023490,10108989105,24000579.1003260,135685,11889151.2033380
1758758400000,0.0023490,0.0023530,0.0021270,0.0021500,15656806339,34926554.9910170,187938,16879033.4193330
1758844800000,0.0021500,0.0024110,0.0021340,0.0023930,15963446609,36376965.1274870,208081,18061436.3678550
1758931200000,0.0023930,0.0024270,0.0022960,0.0023520,8943945692,21082068.1577370,135147,10552679.5333640
1759017600000,0.0023510,0.0024350,0.0022720,0.0024150,7472204620,17413651.0760220,112334,8669605.8967020
1759104000000,0.0024150,0.0024190,0.0023170,0.0023640,7819759028,18588684.7270770,111293,8896690.0988730
1759190400000,0.0023640,0.0024190,0.0022990,0.0023950,9704430775,22842290.0751550,124377,11650972.5612320
1759276800000,0.0023960,0.0024890,0.0023560,0.0024450,7825871215,19048984.9154400,106869,9454724.7183670
1759363200000,0.0024450,0.0026190,0.0024270,0.0025950,8646375104,21712002.8005330,122271,10674744.7970100
1759449600000,0.0025960,0.0026000,0.0024660,0.0025360,11360059983,28730404.2337290,150229,13921740.1062180
1759536000000,0.0025360,0.0025560,0.0023860,0.0024300,7997848098,19728015.2733650,105881,9771586.4256360
1759622400000,0.0024300,0.0025360,0.0023930,0.0024160,7272795763,18009858.0020910,102841,8711842.4260100
1759708800000,0.0024170,0.0025680,0.0023940,0.0025410,6069328271,15111003.8009840,106279,7611115.9143550
1759795200000,0.0025410,0.0025570,0.0023600,0.0023850,10015898493,24433018.5204910,138320,12030452.9278550
1759881600000,0.0023850,0.0026180,0.0023320,0.0025070,13463173204,33459031.5974710,176035,16031208.7083120
1759968000000,0.0025070,0.0025140,0.0022800,0.0023890,10615584765,25147667.6573850,136477,12545407.4220080
1760054400000,0.0023900,0.0024990,0.0008240,0.0015430,27439176164,52559131.7780900,313881,24247337.1308220
1760140800000,0.0015420,0.0017120,0.0014370,0.0016090,19360650538,30695189.8141040,221842,14441259.5794970
1760227200000,0.0016090,0.0018800,0.0015820,0.0018200,15203678625,26172113.4028900,183401,12908804.2615880
1760313600000,0.0018200,0.0019050,0.0017370,0.0018780,14468749649,26314069.0767310,166239,13419336.2746830
1760400000000,0.0018780,0.0018870,0.0016370,0.0017950,16254561584,28421915.7112480,178709,13993702.2438330
1760486400000,0.0017940,0.0018430,0.0016810,0.0017070,9760350523,17169023.2037010,118583,8529733.9080170
1760572800000,0.0017060,0.0018040,0.0016050,0.0016540,13034224013,22278697.3607850,155737,10779500.3445440
1760659200000,0.0016550,0.0017030,0.0014990,0.0016400,13705309133,22005899.0492110,153381,10598845.5607270
1760745600000,0.0016400,0.0017090,0.0016210,0.0016610,4444059735,7397336.3921290,70055,3706091.1862930
1760832000000,0.0016610,0.0017500,0.0016210,0.0017040,5264683645,8927329.8783570,74098,4566511.7246530
1760918400000,0.0017030,0.0017910,0.0016610,0.0017410,6407845362,11158311.4168870,87845,5243779.1506020
1761004800000,0.0017400,0.0017940,0.0016290,0.0016370,8687994378,14851302.5221640,90954,7049848.2262270
1761091200000,0.0016360,0.0016660,0.0015200,0.0015830,8827261309,14268058.7438460,101449,6930558.2420070
1761177600000,0.0015840,0.0016610,0.0015730,0.0016420,4982038846,8053124.5886850,68769,4276972.1381690
1761264000000,0.0016430,0.0017020,0.0016260,0.0016960,4384142412,7296199.2754920,67020,3708033.6577740
1761350400000,0.0016950,0.0016970,0.0016520,0.0016740,2546538156,4263067.0050050,42718,2153808.9958190
1761436800000,0.0016750,0.0017560,0.0016430,0.0017280,4614486584,7838119.0259110,57166,3816940.8707080
1761523200000,0.0017290,0.0017620,0.0016430,0.0016540,6009305109,10185451.4215200,75549,5061701.3121620
1761609600000,0.0016540,0.0017000,0.0015520,0.0015850,7099996038,11592237.0229550,84015,5626312.1912210
1761696000000,0.0015860,0.0016880,0.0015390,0.0016100,9083111881,14616733.6555340,115815,6939172.0368910
1761782400000,0.0016100,0.0016370,0.0014330,0.0014930,13485867788,20302006.9660920,141536,9989193.0215480
1761868800000,0.0014930,0.0015630,0.0014800,0.0015350,6431081252,9796606.0758970,79741,4879387.2881330
1761955200000,0.0015360,0.0015810,0.0015140,0.0015680,3942756552,6135050.4912850,56931,3177141.8965390
1762041600000,0.0015680,0.0015830,0.0014710,0.0015420,5512201176,8414558.7795680,66965,3963827.2409950
1762128000000,0.0015410,0.0015430,0.0012710,0.0013820,18358849508,25819792.7135920,177186,12474325.4906990
1762214400000,0.0013820,0.0014540,0.0012460,0.0013380,16924244831,22920466.6379420,164259,11133761.1012730
1762300800000,0.0013380,0.0014550,0.0012600,0.0014280,10183700807,14063643.6804230,91677,7205648.2657760
1762387200000,0.0014280,0.0014470,0.0013580,0.0014210,8343757949,11759182.9755530,95214,5873195.6437350
1762473600000,0.0014200,0.0018790,0.0014190,0.0017070,25200584975,42717076.1226830,275377,21185787.7246560
1762560000000,0.0017080,0.0017810,0.0015900,0.0016400,9813147353,16284739.7343660,150230,8047857.1291610
1762646400000,0.0016390,0.0016730,0.0015380,0.0016470,5183429915,8352287.9534290,102677,4091645.7791770
1762732800000,0.0016460,0.0017510,0.0016320,0.0016830,5047443782,8501198.1179440,86407,4023314.6792700
1762819200000,0.0016830,0.0017090,0.0015150,0.0015170,6548895320,10510912.4128400,96773,5144458.3114300
1762905600000,0.0015180,0.0015910,0.0014660,0.0015110,4370139652,6658196.7227160,85052,3455033.6365540
1762992000000,0.0015100,0.0015470,0.0013860,0.0014440,5970990599,8806092.9771610,83923,4288838.0848350
1763078400000,0.0014450,0.0014870,0.0013550,0.0014240,6864114884,9821020.7649460,97626,4824222.0677800
1763164800000,0.0014250,0.0015130,0.0014210,0.0014460,3488403662,5116566.4254050,57887,2544225.7369750
1763251200000,0.0014460,0.0014690,0.0013610,0.0014110,4408260617,6245401.9776980,64603,3098968.6622570
1763337600000,0.0014110,0.0014670,0.0013460,0.0013870,5436006874,7632330.8313260,83049,3736218.1438200
1763424000000,0.0013860,0.0014990,0.0013500,0.0014410,8940023375,12844773.3334400,106586,6475427.7853870
1763510400000,0.0014410,0.0014480,0.0013110,0.0014050,5734532417,7950952.6292880,72085,3791004.0190340
1763596800000,0.0014040,0.0015140,0.0013230,0.0013770,7835839332,11065441.0586440,95291,5462026.4963170
1763683200000,0.0013760,0.0014070,0.0012020,0.0012970,12148654225,15861386.2967650,125114,7631607.5647900
1763769600000,0.0012980,0.0013160,0.0012440,0.0012800,4393197800,5599424.2208660,59835,2815046.5017370
1763856000000,0.0012800,0.0013050,0.0012520,0.0012540,3756211752,4812166.1911030,45847,2321307.8284840
1763942400000,0.0012540,0.0013430,0.0012300,0.0013100,5812536733,7466548.5780440,67435,3750566.9969110
1764028800000,0.0013090,0.0013240,0.0012660,0.0013100,4074477440,5287372.3875070,41881,2738606.4392500
1764115200000,0.0013100,0.0013170,0.0012510,0.0013090,5553345666,7132871.8204210,49479,3493216.0420040
1764201600000,0.0013090,0.0014950,0.0012710,0.0013790,13619164115,18746044.0498510,112054,9471341.6318130
1764288000000,0.0013780,0.0014830,0.0013120,0.0013800,37578240764,52769171.3057800,301508,25718138.7235020
1764374400000,0.0013790,0.0013970,0.0013020,0.0013110,7024860446,9449763.2623810,90223,4511029.9360200
1764460800000,0.0013110,0.0013210,0.0012720,0.0012750,4086374451,5316328.8725260,58435,2745137.8727250
1764547200000,0.0012750,0.0012770,0.0011390,0.0011910,9335720508,11059854.3169380,89416,5145599.1900900
1764633600000,0.0011920,0.0012860,0.0011610,0.0012390,5835265296,7144528.4683920,59514,3488611.8743210
1764720000000,0.0012400,0.0012660,0.0011980,0.0012420,4986341630,6162693.2302920,55486,3011386.9547780
1764806400000,0.0012420,0.0012570,0.0011740,0.0011850,5058326338,6160608.6537170,53080,2996155.9847790
1764892800000,0.0011860,0.0011940,0.0010970,0.0011360,6616578016,7629455.5408090,82231,3640679.5384730
1764979200000,0.0011360,0.0012530,0.0011260,0.0012140,8833075087,10558113.6210360,84140,5287768.8813230
1765065600000,0.0012140,0.0012260,0.0011310,0.0011620,6350020864,7470562.1561050,71046,3503661.8429500
1765152000000,0.0011620,0.0012160,0.0011550,0.0011810,4373241240,5194547.1088010,51676,2566499.1627380
1765238400000,0.0011800,0.0012480,0.0011500,0.0012090,5522438511,6623544.0246170,55144,3263489.3795050
1765324800000,0.0012090,0.0012240,0.0011380,0.0011490,5834370545,6899460.0663420,56803,3416425.0634260
1765411200000,0.0011500,0.0011670,0.0010810,0.0011410,7990618053,8902068.0558100,79946,4528305.5188390
1765497600000,0.0011410,0.0011550,0.0010570,0.0010910,5714032627,6319860.2074130,56906,2952492.4985730
1765584000000,0.0010920,0.0011070,0.0010790,0.0010970,3016312952,3295987.4334390,38127,1650373.8600450
1765670400000,0.0010970,0.0011060,0.0010370,0.0010510,3736661811,3999840.4700130,41049,1934789.0365930
1765756800000,0.0010500,0.0010790,0.0009740,0.0010230,6428863534,6586475.9857920,74259,3201886.6632470
1765843200000,0.0010230,0.0010290,0.0009930,0.0010090,4619283139,4680319.6290490,49526,2299943.0728850
1765929600000,0.0010080,0.0010260,0.0009320,0.0009430,7262574323,7097503.2781170,56101,3485715.3087190
1766016000000,0.0009430,0.0009760,0.0008780,0.0008990,8799407052,8140301.2218110,74997,3864760.9787870
1766102400000,0.0008990,0.0009840,0.0008800,0.0009760,7815717268,7345887.3367410,52003,3780102.6307050
1766188800000,0.0009770,0.0009780,0.0009550,0.0009660,3489861420,3368998.1551830,30382,1715031.5183390
1766275200000,0.0009660,0.0009690,0.0009170,0.0009470,4388124174,4152244.7266320,35502,1971955.8610540
1766361600000,0.0009470,0.0009730,0.0009290,0.0009470,4539523946,4342975.9579860,41390,2143920.2860360
1766448000000,0.0009470,0.0009680,0.0009150,0.0009620,5468699597,5156468.4734680,47759,2656855.0602600
1766534400000,0.0009620,0.0009660,0.0009280,0.0009540,4275059465,4048338.2632410,38317,2005784.9569570
1766620800000,0.0009550,0.0009830,0.0009300,0.0009340,4550809821,4372562.8861940,37137,2031348.0869220
1766707200000,0.0009340,0.0010630,0.0009240,0.0010060,22011002288,22289133.0911040,105016,11135366.3888060
1766793600000,0.0010060,0.0010280,0.0009850,0.0010240,6176148440,6209073.8053570,52318,3022797.7169320
1766880000000,0.0010230,0.0010250,0.0009820,0.0009940,3938326605,3955047.0793960,40328,1909229.8528370
1766966400000,0.0009930,0.0010230,0.0009600,0.0009630,5726522808,5656346.6665650,48466,2749808.4474970
1767052800000,0.0009630,0.0009750,0.0009460,0.0009600,3549671963,3413678.6281480,37774,1696293.5590320
1767139200000,0.0009610,0.0010490,0.0009550,0.0009870,12283063136,12358814.5978340,83253,6095277.6614780
1767225600000,0.0009870,0.0010910,0.0009780,0.0010710,9410193823,9696287.8920650,70241,4811995.6653660
1767312000000,0.0010720,0.0012290,0.0010580,0.0011540,21880764936,25247862.5059600,167013,12321359.1192540
1767398400000,0.0011540,0.0011750,0.0011050,0.0011360,7998976299,9096624.7160970,80971,4396888.7303770
1767484800000,0.0011370,0.0013350,0.0011360,0.0012480,15787479850,19572211.6405530,144310,9624552.1648500
1767571200000,0.0012470,0.0012670,0.0011900,0.0012330,9910229581,12168925.7771050,80069,5872159.9244230
1767657600000,0.0012330,0.0012920,0.0011890,0.0012450,9538036165,11879350.6096260,81221,5588036.7554320
1767744000000,0.0012440,0.0012540,0.0011790,0.0011930,6670918816,8077421.5785980,58918,4046207.3321280
1767830400000,0.0011940,0.0012070,0.0011320,0.0011610,6211931835,7247667.1956670,72203,3321335.7512680
1767916800000,0.0011620,0.0011970,0.0011430,0.0011670,5361219098,6246352.5831570,56362,3093286.0530540
1768003200000,0.0011670,0.0011740,0.0011400,0.0011470,2308256984,2676172.9428260,31553,1381469.8036560
1768089600000,0.0011470,0.0011660,0.0011110,0.0011290,3095273150,3539704.8831320,36445,1726829.6987360
1768176000000,0.0011290,0.0011560,0.0010910,0.0011060,5429122987,6077649.1089900,57827,2993078.0099700
1768262400000,0.0011050,0.0012410,0.0011030,0.0012190,6036450310,7039565.7314530,69031,3414208.3840740
1768348800000,0.0012200,0.0012370,0.0011680,0.0011740,5765807682,6928760.4289440,61936,3325593.7969280
1768435200000,0.0011750,0.0011820,0.0010840,0.0011130,5795582087,6583657.6591060,50822,3222102.1256210
1768521600000,0.0011140,0.0011650,0.0010910,0.0011550,3993881299,4513864.9612590,49606,2279789.5488290
1768608000000,0.0011550,0.0011610,0.0011190,0.0011260,3018276440,3458859.3309730,39231,1774169.6246180
1768694400000,0.0011260,0.0011460,0.0010640,0.0010680,3688273630,4102115.4585720,39242,1853086.6401120
1768780800000,0.0010670,0.0010680,0.0009240,0.0010600,7958868035,8053602.4528660,121918,3764599.3573890
1768867200000,0.0010600,0.0013650,0.0010530,0.0011140,219639600668,268920849.7079430,1148425,132716407.0550220
1768953600000,0.0011150,0.0012380,0.0010890,0.0011480,57147809762,66045763.5631990,363791,31223842.9803160
1769040000000,0.0011470,0.0012080,0.0010740,0.0010770,17255723544,19561628.5766070,151962,9452278.6328570
1769126400000,0.0010760,0.0011010,0.0010460,0.0010620,10798034291,11622962.1916740,105826,5718103.5982890
1769212800000,0.0010610,0.0010860,0.0010530,0.0010660,5254885301,5608471.7885300,69469,2772326.7176160
1769299200000,0.0010650,0.0010680,0.0009650,0.0009920,8055564235,8206772.3104890,91290,3928322.2636670
1769385600000,0.0009930,0.0010910,0.0009900,0.0010490,7544440955,7864409.8624840,87600,3942836.7912230
1769472000000,0.0010480,0.0010680,0.0010200,0.0010620,5469760566,5707145.1830900,56755,2744986.9593160
1769558400000,0.0010610,0.0010650,0.0010290,0.0010360,4546099893,4757429.3446500,54243,2326284.2601970
1769644800000,0.0010360,0.0010390,0.0009410,0.0009750,7696552365,7561646.0600630,89670,3594968.9543010
1769731200000,0.0009750,0.0009840,0.0009230,0.0009300,10005889246,9465306.6632700,92207,4629217.1512950
1769817600000,0.0009300,0.0009360,0.0007560,0.0008420,16994197072,14435303.5838980,121388,7027265.1613570
1769904000000,0.0008420,0.0008520,0.0007870,0.0008130,7282374363,5992067.2509370,70055,2954105.2190360
1769990400000,0.0008140,0.0008580,0.0007880,0.0008320,11058974094,9124552.0441700,81726,4521735.3685850
1770076800000,0.0008330,0.0008600,0.0007890,0.0008190,12188555855,10092385.4656410,69350,4977908.1408550
1770163200000,0.0008180,0.0008350,0.0007860,0.0008070,10797207573,8728441.6164250,65326,4316816.3085870
1770249600000,0.0008070,0.0008160,0.0006700,0.0006800,22408043180,16562079.9874800,115586,8101856.8874970
1770336000000,0.0006790,0.0007700,0.0006000,0.0007550,19669750530,13710134.3513570,99002,6892051.0755370
1770422400000,0.0007540,0.0007610,0.0007140,0.0007420,10241204052,7579040.2245150,50908,3659189.3599550
1770508800000,0.0007410,0.0007430,0.0007050,0.0007110,5578234081,4055343.0870590,34340,1955452.8862390
1770595200000,0.0007110,0.0007340,0.0006870,0.0007150,6419026335,4560851.6915590,44371,2239778.8488630
1770681600000,0.0007140,0.0007180,0.0006820,0.0006880,5572755942,3871726.3173310,41617,1951126.7679870
1770768000000,0.0006880,0.0006910,0.0006440,0.0006750,8648509361,5758264.7100440,58763,2789797.9196160
1770854400000,0.0006750,0.0006982,0.0006692,0.0006929,8230841390,5624782.3800948,100872,2813435.1125324
1770940800000,0.0006928,0.0007188,0.0006714,0.0007050,9534958062,6616707.7166256,108762,3284582.2557111
1771027200000,0.0007050,0.0007953,0.0006971,0.0007771,13771730966,10240968.0167172,179459,5112417.5125195
1771113600000,0.0007772,0.0007823,0.0006979,0.0007167,11232772510,8305679.7294580,183871,4026028.4518562
1771200000000,0.0007168,0.0007354,0.0007011,0.0007285,7611010890,5470637.8769099,142354,2764086.4825698
1771286400000,0.0007284,0.0007399,0.0007095,0.0007128,6716673136,4844244.2050477,110337,2313596.4076198
1771372800000,0.0007129,0.0007205,0.0006753,0.0006831,5438305622,3800809.2315452,90076,1859077.3599327
1771459200000,0.0006831,0.0006886,0.0006521,0.0006747,4606482799,3086674.1582807,78124,1503584.0898930
1771545600000,0.0006747,0.0006924,0.0006602,0.0006889,5806145582,3949871.0968281,100507,1933686.6235689
1771632000000,0.0006889,0.0007044,0.0006806,0.0006808,4200797284,2915273.8709592,79877,1388043.8515300
1771718400000,0.0006807,0.0006808,0.0006540,0.0006625,3730475432,2477388.5928874,69149,1251470.1887998
1771804800000,0.0006626,0.0006787,0.0006208,0.0006426,8781815198,5680605.6900952,129687,2710039.2806168
1771891200000,0.0006425,0.0006534,0.0006282,0.0006377,6657777944,4257985.7417732,94225,1944488.6632485
1771977600000,0.0006378,0.0006846,0.0006344,0.0006495,10701009191,7009955.8035308,145980,3497373.8584316
1772064000000,0.0006496,0.0006571,0.0006033,0.0006259,9256285451,5861035.0405137,121662,2784098.2783358
1772150400000,0.0006259,0.0006420,0.0006015,0.0006131,6094218538,3791576.5650652,95320,1827488.6984060
1772236800000,0.0006131,0.0006177,0.0005513,0.0006014,10232572806,5926173.3214771,151715,2742758.3822066
1772323200000,0.0006014,0.0006291,0.0005656,0.0005729,8065649108,4818197.6849698,120083,2402358.7079158
1772409600000,0.0005730,0.0006085,0.0005641,0.0005841,6762281827,3961860.3158330,101380,1932543.1924490
1772496000000,0.0005841,0.0006542,0.0005647,0.0006516,14717353155,8978755.0534345,198786,4493717.3283188
1772582400000,0.0006515,0.0007333,0.0006216,0.0006306,54110357315,36056632.3802289,542881,17376359.6459681
1772668800000,0.0006306,0.0006470,0.0006076,0.0006156,13459648350,8429141.0982591,182968,4127584.3176169
1772755200000,0.0006157,0.0006221,0.0005900,0.0005970,6361831574,3858487.9898702,117605,1838863.5306979
1772841600000,0.0005969,0.0005969,0.0005519,0.0005535,6106487242,3478014.6212033,81836,1631289.2993910
1772928000000,0.0005536,0.0005654,0.0005361,0.0005583,8959978766,4934568.3855258,105252,2419560.2574205
1773014400000,0.0005583,0.0005958,0.0005561,0.0005701,11504526329,6611220.7011012,145567,3227284.4949346
1773100800000,0.0005701,0.0006020,0.0005690,0.0005765,8584951655,5050144.6048527,109097,2375947.7186999
1773187200000,0.0005765,0.0005948,0.0005673,0.0005861,6542914021,3810467.1879835,93325,1913975.5196050
1773273600000,0.0005860,0.0006466,0.0005636,0.0006084,24168490039,14707956.6693774,264658,7274586.7602381
1773360000000,0.0006083,0.0006201,0.0005872,0.0005911,13113951225,7940872.6149325,158561,3559115.0372262
1773446400000,0.0005911,0.0006012,0.0005809,0.0005925,4774943661,2811989.0124474,66448,1367697.2510558
1773532800000,0.0005926,0.0005951,0.0005832,0.0005917,4578174339,2695384.6847324,65129,1339598.0799055
1773619200000,0.0005917,0.0006346,0.0005875,0.0006254,10368708843,6383283.4500483,120877,3021045.7175310
1773705600000,0.0006255,0.0006328,0.0006057,0.0006059,6947901766,4283181.6001498,89836,1904983.5851626
1773792000000,0.0006059,0.0006221,0.0005704,0.0005807,7848571117,4651415.1074065,100608,2293129.3035825
1773878400000,0.0005808,0.0005808,0.0005549,0.0005619,7269136631,4108973.1941522,85203,1961912.8159191
1773964800000,0.0005619,0.0005859,0.0005607,0.0005678,6672073042,3827881.9426815,87409,1798262.0822888
1774051200000,0.0005677,0.0006081,0.0005587,0.0005639,11606268370,6764668.4494475,123855,3316888.8940985
1774137600000,0.0005638,0.0005741,0.0005327,0.0005410,8220068928,4557058.8863427,123013,2024160.5144988
1774224000000,0.0005410,0.0005820,0.0005408,0.0005783,8620250168,4862728.4923387,114794,2365082.5710239
1774310400000,0.0005785,0.0005887,0.0005639,0.0005780,5547095441,3207460.0653322,63939,1467611.7450389
1774396800000,0.0005780,0.0006007,0.0005735,0.0005907,4365221363,2562997.0171034,60970,1176814.6601496
1774483200000,0.0005907,0.0006445,0.0005459,0.0005669,32850026757,19441058.0787993,327454,9726559.4417347
1774569600000,0.0005670,0.0005721,0.0005273,0.0005287,7387880720,4034766.2773018,95116,1912723.1000875
1774656000000,0.0005287,0.0005303,0.0004989,0.0005125,7620737884,3934471.4553784,105156,1804834.7629206
1774742400000,0.0005124,0.0005152,0.0004817,0.0004951,6040932128,3026099.7640697,76532,1496527.5462142
1774828800000,0.0004952,0.0005229,0.0004945,0.0005067,5238153640,2686426.9664300,66049,1312856.0850117
1774915200000,0.0005068,0.0005300,0.0005056,0.0005228,6165207213,3200974.4303451,64319,1646807.7854536
1775001600000,0.0005227,0.0005356,0.0005165,0.0005218,4163545350,2195435.4183235,54936,983505.2736849
1775088000000,0.0005218,0.0005262,0.0004989,0.0005080,5322687665,2706868.5581794,62960,1377143.8066946
1775174400000,0.0005081,0.0005175,0.0005020,0.0005111,4413862809,2253444.9344759,48735,1076348.4765624
1775260800000,0.0005110,0.0005118,0.0004944,0.0005046,4398090206,2211926.1109348,42544,1077941.4408771
1775347200000,0.0005047,0.0005056,0.0004840,0.0005015,4505800508,2216719.6630331,44945,1058252.0613677
1775433600000,0.0005016,0.0005191,0.0004976,0.0004996,6908500690,3519346.3091736,73760,1624309.5504543
1775520000000,0.0004995,0.0005304,0.0004875,0.0005283,6369564501,3208714.3251750,64643,1604827.6359622
1775606400000,0.0005286,0.0005357,0.0005043,0.0005062,5759159813,3012155.5302723,70213,1448085.6744612
1775692800000,0.0005061,0.0005234,0.0004995,0.0005134,4999938440,2555905.8139885,56738,1224966.5083318
1775779200000,0.0005135,0.0005282,0.0005091,0.0005206,5477282409,2843318.6460385,66139,1310224.5709318
1775865600000,0.0005208,0.0005290,0.0005090,0.0005206,4408896698,2282381.8136619,55731,1062863.1691725
1775952000000,0.0005206,0.0005214,0.0004889,0.0004899,5897778615,2949877.6509417,70735,1428235.3921945
1776038400000,0.0004900,0.0005370,0.0004866,0.0005356,7724608605,3927514.9411342,87390,1905713.1235585
1776124800000,0.0005356,0.0005380,0.0005068,0.0005117,6125586536,3187761.8455144,59504,1519666.3660638
1776211200000,0.0005117,0.0005507,0.0005083,0.0005458,7680917040,4073140.2881016,75489,2032162.9310457
1776297600000,0.0005458,0.0006960,0.0005422,0.0006234,42142657156,25584427.2699160,378230,12387146.1406950
1776384000000,0.0006234,0.0006319,0.0005667,0.0005816,18234710776,10828290.3960986,180710,5236140.3127117
1776470400000,0.0005815,0.0005989,0.0005400,0.0005418,9517269332,5414298.1861938,97768,2468848.2293592
1776556800000,0.0005417,0.0006123,0.0005320,0.0005563,26304133590,14865855.6245679,250021,7180400.4265105
1776643200000,0.0005564,0.0006296,0.0005520,0.0005775,35576984114,21118618.1827498,324546,9981898.7810658
1776729600000,0.0005775,0.0005951,0.0005609,0.0005741,11715323886,6769373.9939432,117097,3222773.3360259
1776816000000,0.0005742,0.0005941,0.0005657,0.0005666,8836062028,5157849.0793299,96188,2404459.9411029
1776902400000,0.0005666,0.0005717,0.0005521,0.0005688,7303674153,4101781.1590945,87172,1917930.1279195
1776988800000,0.0005690,0.0005946,0.0005626,0.0005761,7675628499,4438260.8089231,87100,2118186.3748141
1777075200000,0.0005761,0.0005835,0.0005591,0.0005701,5015298674,2874252.7794992,60283,1441205.3554863
1777161600000,0.0005701,0.0005898,0.0005653,0.0005742,4556675538,2633567.1752512,58014,1252244.2312611
1777248000000,0.0005744,0.0005886,0.0005527,0.0005672,6142907746,3479713.4866927,77567,1655278.4754099
1777334400000,0.0005671,0.0005759,0.0005574,0.0005709,4743475264,2688211.6382000,62074,1299657.5700806
1777420800000,0.0005709,0.0006004,0.0005534,0.0005667,9667064471,5598036.4354607,107572,2699788.3171741
1777507200000,0.0005667,0.0005749,0.0005573,0.0005613,5179264340,2926466.0585348,64413,1411495.9735157
1777593600000,0.0005611,0.0005774,0.0005574,0.0005592,4940466412,2802132.6955786,56874,1331050.2358088
1777680000000,0.0005593,0.0005863,0.0005560,0.0005725,5775042222,3304353.2818761,66868,1613408.5938233
1777766400000,0.0005726,0.0005736,0.0005561,0.0005627,4932454865,2780492.0767396,56533,1268232.3434689
1777852800000,0.0005627,0.0005850,0.0005574,0.0005781,7579561488,4338854.4510304,78902,2137006.1531311
1777939200000,0.0005782,0.0006367,0.0005775,0.0005957,23662800718,14426706.9395451,229964,6877706.9552242
1778025600000,0.0005958,0.0006230,0.0005916,0.0006104,9881028765,6022574.5794173,116091,2829081.2174212
1778112000000,0.0006103,0.0006224,0.0005925,0.0006122,8985048447,5485382.2874354,105906,2700033.1223036
1778198400000,0.0006124,0.0006455,0.0006026,0.0006386,9012533411,5636830.8016909,103958,2789580.7434486
1778284800000,0.0006387,0.0006456,0.0006153,0.0006207,6135117940,3849710.4306624,69516,1816946.6753413
1778371200000,0.0006207,0.0006479,0.0006121,0.0006315,8096304550,5070142.1828445,88481,2445566.0290369
1778457600000,0.0006316,0.0006348,0.0006072,0.0006172,5911878390,3655054.3744087,82009,1690098.3221199
1778544000000,0.0006171,0.0006183,0.0005858,0.0005994,6306744558,3798841.7061407,83947,1818905.6641850
1778630400000,0.0005994,0.0006413,0.0005808,0.0005838,11085723433,6759166.5895451,118266,3211963.2425059
1778716800000,0.0005837,0.0006127,0.0005700,0.0005933,5999067173,3541978.9579691,79335,1644664.3659724
1778803200000,0.0005933,0.0005992,0.0005440,0.0005579,8336720987,4746813.3705625,101634,2234888.0264353
1778889600000,0.0005579,0.0005665,0.0005243,0.0005328,5947139322,3208129.7079317,71612,1473224.9034187
1778976000000,0.0005326,0.0005380,0.0004867,0.0005082,5656661871,2947289.9016828,65541,1302626.1109605
1779062400000,0.0005082,0.0005226,0.0004993,0.0005181,6043336038,3075697.9597060,109376,1555591.5654739
1779148800000,0.0005182,0.0005199,0.0005021,0.0005100,4728893574,2416835.5814396,55628,1216602.5861688
1779235200000,0.0005101,0.0005221,0.0005056,0.0005186,4234013414,2183220.2523856,61282,1054456.4046219
1779321600000,0.0005186,0.0005318,0.0005145,0.0005278,4260128023,2229393.2770088,69928,1076026.2169107
1779408000000,0.0005279,0.0005312,0.0004952,0.0004988,6153229113,3186332.5564392,76666,1486895.6721470
1779494400000,0.0004989,0.0005322,0.0004828,0.0005200,6736771949,3391387.7855503,66198,1657748.3112244
1779580800000,0.0005202,0.0005211,0.0004909,0.0005028,4188251644,2129661.6374565,47608,1005511.6820427
1779667200000,0.0005029,0.0005236,0.0004995,0.0005104,4999646182,2564307.3214964,62360,1262396.4702099
1779753600000,0.0005104,0.0005195,0.0004946,0.0004996,6573476476,3325015.8762900,70008,1645422.5460511
1779840000000,0.0004997,0.0005125,0.0004892,0.0004950,6182822338,3096332.5942582,67103,1559878.5806752
1779926400000,0.0004950,0.0004998,0.0004612,0.0004793,9247660767,4401931.9812541,106390,2119913.9266374
1780012800000,0.0004793,0.0005150,0.0004742,0.0005008,21889798203,10883302.5359448,175017,5453724.3628636
1780099200000,0.0005007,0.0005871,0.0004970,0.0005188,39312211048,21017946.9240309,306519,10178998.0976429
1780185600000,0.0005190,0.0006174,0.0005181,0.0006065,72541372695,41848164.2870781,708685,20315609.6245245
1780272000000,0.0006064,0.0006353,0.0005359,0.0005585,41756684037,24017373.7889649,472596,11470041.6715770
1780358400000,0.0005583,0.0005609,0.0004805,0.0004940,26605983571,13756913.6597142,264672,6486898.7926420
1780444800000,0.0004940,0.0006051,0.0004909,0.0005687,26421365645,14552599.5748936,310974,7267136.1655134
1780531200000,0.0005688,0.0006496,0.0005211,0.0006361,66444129825,39983368.5064796,725677,19314966.1225373
1780617600000,0.0006360,0.0006847,0.0005510,0.0005763,59342535009,36602619.2123375,728355,17652918.9794123
1780704000000,0.0005764,0.0005953,0.0005295,0.0005521,21058975311,11729907.0283743,304536,5689977.0752116
1780790400000,0.0005521,0.0006674,0.0005504,0.0005899,25839755603,15948897.6451289,376982,7797276.5415003
1780876800000,0.0005898,0.0006009,0.0005149,0.0005169,15236669294,8644180.0433289,235066,4051410.8705863
1780963200000,0.0005170,0.0006056,0.0005002,0.0005723,23642230090,13210927.1793665,329186,6354757.2485629
1781049600000,0.0005723,0.0005931,0.0005206,0.0005335,15247275475,8482042.1328167,201221,4023388.0125665
1781136000000,0.0005335,0.0005990,0.0005320,0.0005889,14918852743,8502858.7197582,205639,4158821.9214175
1781222400000,0.0005889,0.0005943,0.0005625,0.0005697,10232645587,5910270.3412535,128925,2861884.9462462
1781308800000,0.0005697,0.0005797,0.0005512,0.0005598,7549243491,4247856.2436819,97568,1984561.0864270
1781395200000,0.0005597,0.0006761,0.0005515,0.0006324,36643980111,22856901.3465451,424970,11455251.4370035
1781481600000,0.0006324,0.0006476,0.0005944,0.0006089,14509038548,9056357.9420987,222397,4162558.4511393
1781568000000,0.0006090,0.0006790,0.0006049,0.0006295,15689688216,10120847.0490944,259918,4804936.5473084
1781654400000,0.0006295,0.0006514,0.0005845,0.0005914,11351186783,6954564.2647130,185896,3257814.5272247
1781740800000,0.0005914,0.0006048,0.0005411,0.0005465,10182766277,5884376.0702324,148374,2686278.9448914
1781827200000,0.0005468,0.0005609,0.0005322,0.0005505,7344464716,3999792.6357622,111941,1957359.0517356
1781913600000,0.0005504,0.0005759,0.0005333,0.0005477,8253052754,4542471.7499593,91028,2258260.1163346
1782000000000,0.0005477,0.0005672,0.0005370,0.0005487,6243402169,3448919.2114612,83144,1601990.2473619
1782086400000,0.0005486,0.0005613,0.0005281,0.0005344,6788178751,3710622.6558789,90800,1746735.5951455
1782172800000,0.0005343,0.0005563,0.0005032,0.0005425,10017966212,5312140.5459605,129871,2614875.4711093
1782259200000,0.0005425,0.0005448,0.0004910,0.0005034,10496315195,5405953.0816018,139934,2410981.0524246
1782345600000,0.0005035,0.0005103,0.0004647,0.0004863,9390496429,4592390.6706367,148220,2117972.8252311
1782432000000,0.0004864,0.0005427,0.0004722,0.0005234,17517891908,9092914.2164609,200231,4578200.1773495
1782518400000,0.0005234,0.0005387,0.0005120,0.0005278,5732536479,3003167.9051083,70206,1493741.6570347
1782604800000,0.0005277,0.0006136,0.0005212,0.0005866,27394481456,15983148.9831213,303784,7799227.2653635
1782691200000,0.0005867,0.0006056,0.0005775,0.0005987,9234655662,5478481.6935549,132494,2711650.8153884
1782777600000,0.0005986,0.0006519,0.0005928,0.0006171,13447228552,8399875.4796696,173544,4209489.0601720
1782864000000,0.0006167,0.0006476,0.0005975,0.0006257,9407648889,5880204.2327411,126333,2775771.6332288
1782950400000,0.0006257,0.0006379,0.0006016,0.0006175,5625891085,3460898.3646038,86546,1647515.2890357
1783036800000,0.0006174,0.0006517,0.0006067,0.0006452,5612552497,3494742.3566001,70718,1656865.9186774
1783123200000,0.0006457,0.0006646,0.0005987,0.0006020,8790955873,5497608.2086722,99400,2660503.1656655
1783209600000,0.0006019,0.0006106,0.0005827,0.0005997,4895523311,2934349.3915984,62668,1459567.0736511
1783296000000,0.0005997,0.0006113,0.0005771,0.0006036,4852400638,2889336.4724455,56722,1309655.1328758
1783382400000,0.0006037,0.0006213,0.0005651,0.0005711,5998618358,3560302.8354004,68189,1662182.7887454
1783468800000,0.0005712,0.0005790,0.0005544,0.0005634,3897081064,2204676.7074761,61764,1033663.0523240
1783555200000,0.0005634,0.0005801,0.0005584,0.0005652,2825016769,1608394.0737599,37775,758561.1509874
1783641600000,0.0005652,0.0005774,0.0005578,0.0005666,3231476296,1830567.0892887,39550,907296.3970639
1783728000000,0.0005667,0.0006008,0.0005478,0.0005576,5587320830,3203207.0776800,58677,1567908.7032793
1783814400000,0.0005575,0.0005637,0.0005465,0.0005552,3297691608,1831318.5199249,41350,884364.3081608
1783900800000,0.0005552,0.0005640,0.0005314,0.0005429,4148609701,2265695.1131276,51559,1159771.3248039
1783987200000,0.0005428,0.0005567,0.0005371,0.0005499,2844906393,1554813.1385427,40295,763664.6338751
1784073600000,0.0005498,0.0005585,0.0005358,0.0005416,3784095281,2061677.6325448,47077,945984.3375787
1784160000000,0.0005417,0.0005492,0.0005306,0.0005340,3229256260,1745431.2947371,37003,810647.4138565
1784246400000,0.0005339,0.0005453,0.0005191,0.0005340,4335293995,2309864.8284181,54537,1143131.8501108
1784332800000,0.0005341,0.0005569,0.0005276,0.0005382,5339726517,2896382.9395694,69017,1327200.1428081
1784419200000,0.0005382,0.0005439,0.0005254,0.0005325,2390805397,1279644.7606297,41395,648589.7226053
1784505600000,0.0005324,0.0005384,0.0005157,0.0005274,4498795687,2374402.6713078,50237,1182818.9121982
1784592000000,0.0005273,0.0005406,0.0005245,0.0005291,2634449493,1401742.9373492,36052,673405.7018351
1784678400000,0.0005291,0.0005348,0.0005192,0.0005314,2759549218,1457379.3593413,33902,701964.3924771
1784764800000,0.0005315,0.0005373,0.0005137,0.0005170,3119433409,1632442.8821614,35856,745895.3295448
1784851200000,0.0005171,0.0005349,0.0005120,0.0005215,5659147605,2957712.5413470,52110,1384008.9229907
1784937600000,0.0005216,0.0005324,0.0005070,0.0005280,2891911908,1504302.2565330,35679,709926.3410791
1785024000000,0.0005279,0.0005490,0.0005204,0.0005284,4959565426,2652165.2710986,54370,1243094.9184292
1785110400000,0.0005281,0.0005419,0.0005002,0.0005072,4538273578,2374962.7898651,52862,1115313.5799849
1785196800000,0.0005073,0.0005165,0.0004984,0.0005058,3852688696,1952547.1060265,48812,959850.0428119
1785283200000,0.0005058,0.0005096,0.0004813,0.0004919,4075536623,2021189.8286064,51979,932046.2180773
1785369600000,0.0004919,0.0005145,0.0004913,0.0005123,2619625007,1322276.8593958,42307,662814.7843451
1785456000000,0.0005123,0.0005263,0.0005003,0.0005247,4519596973,2314452.0068895,64436,1102218.9374162
1785542400000,0.0005248,0.0005366,0.0004987,0.0005032,4222398041,2171467.4978947,54937,1034122.3361634
1785628800000,0.0005032,0.0005100,0.0004966,0.0004993,3289435477,1657432.3827785,37175,826597.2656539
1785715200000,0.0004993,0.0005032,0.0004900,0.0005010,2770813122,1379195.9767738,38050,652026.2092701
1785801600000,0.0005010,0.0005071,0.0004923,0.0004937,3036325190,1515801.1080410,35948,714718.6863158
1785888000000,0.0004937,0.0005001,0.0004861,0.0004961,3536347621,1746171.9244437,42379,860687.3805630
1785974400000,0.0004961,0.0005070,0.0004944,0.0005013,3315031886,1659020.2119158,45830,780183.8685594
1786060800000,0.0005014,0.0005074,0.0004861,0.0004904,3162891878,1569198.3714783,38423,689830.7787175
1786147200000,0.0004905,0.0005164,0.0004899,0.0005055,3643862504,1840393.3639385,35689,804972.1578043
1786233600000,0.0005054,0.0005529,0.0005022,0.0005390,7247731444,3816574.9820418,77333,1838143.1225660
1786320000000,0.0005389,0.0005547,0.0005082,0.0005164,5103055295,2688691.5482547,73164,1312530.3815483
1786406400000,0.0005164,0.0005208,0.0004892,0.0005012,3819414836,1920218.7561214,47813,840521.5872848
1786492800000,0.0005014,0.0005099,0.0004802,0.0004862,4451299421,2209073.9675515,51975,1040038.0074558
1786579200000,0.0004862,0.0004977,0.0004753,0.0004882,4237534945,2066132.8385045,49534,1004600.4131146
1786665600000,0.0004882,0.0004903,0.0004713,0.0004853,3988919706,1915749.0002508,50000,866647.5015297
1786752000000,0.0004854,0.0005027,0.0004779,0.0004810,3306842170,1609996.6428397,39246,740778.5788389
1786838400000,0.0004810,0.0004828,0.0004557,0.0004634,3607612523,1701053.5608922,41247,724772.5065758
1786924800000,0.0004632,0.0004699,0.0004545,0.0004579,4283704054,1982775.3482580,47567,942781.2771261
1787011200000,0.0004579,0.0004750,0.0004430,0.0004608,7086064463,3251830.8718424,70811,1555018.4546839
1787097600000,0.0004609,0.0004969,0.0004523,0.0004848,5982713972,2831683.5708194,66465,1322529.0643661
1787184000000,0.0004849,0.0005186,0.0004800,0.0005140,9786996910,4931089.1805840,109422,2487201.8276410
1787270400000,0.0005138,0.0005822,0.0005092,0.0005737,14142370162,7693973.1856061,162644,3652934.5355526
1787356800000,0.0005737,0.0006211,0.0005154,0.0005469,13325254099,7613123.6958568,162460,3487372.4804413
1787443200000,0.0005468,0.0005792,0.0005240,0.0005639,6547125219,3647960.5722774,93161,1755702.2931429
1787529600000,0.0005638,0.0005646,0.0005387,0.0005443,7197806885,3955168.8454255,114056,1930208.4322706
1787616000000,0.0005442,0.0005638,0.0005172,0.0005310,5094793743,2765788.6847113,89185,1318944.0870142
1787702400000,0.0005310,0.0005540,0.0005270,0.0005523,4592101796,2478277.3505885,49963,1160737.2586488
1787788800000,0.0005522,0.0005819,0.0005400,0.0005550,5593508113,3120329.5292310,57527,1583024.9418385
1787875200000,0.0005550,0.0005622,0.0005190,0.0005376,3966635720,2139555.0691327,52152,1046504.7874269
1787961600000,0.0005375,0.0005406,0.0005260,0.0005292,1785341567,950234.0329365,24376,448411.8398917
1788048000000,0.0005292,0.0005420,0.0004972,0.0005064,3944995702,2074035.3694313,40975,979441.7003989
1788134400000,0.0005067,0.0005269,0.0005043,0.0005244,3482028200,1807394.5025904,42921,928609.2392163
1788220800000,0.0005243,0.0005360,0.0005099,0.0005156,3535171032,1846856.2427878,37988,883820.1753309
1788307200000,0.0005154,0.0005208,0.0005041,0.0005113,2641131333,1353050.3362891,39857,658881.8407662
1788393600000,0.0005114,0.0005562,0.0005075,0.0005403,4895174034,2613874.7177300,73271,1240287.4848628
1788480000000,0.0005403,0.0005576,0.0005201,0.0005453,7342824654,3944828.2789657,70712,1887201.7514545
1788566400000,0.0005455,0.0005756,0.0005424,0.0005688,5381151474,3038539.8605672,56533,1438746.9585745
1788652800000,0.0005685,0.0005762,0.0005466,0.0005634,3745021032,2095868.6515063,40627,944434.2937125
1788739200000,0.0005633,0.0005739,0.0005365,0.0005636,5225553246,2917319.3723783,45456,1347063.3828649
1788825600000,0.0005635,0.0005793,0.0005523,0.0005606,4899376713,2769936.9740691,50481,1284906.7194247
1788912000000,0.0005607,0.0005677,0.0005083,0.0005205,4869010815,2663406.0776788,54628,1180069.6415973
1788998400000,0.0005204,0.0005242,0.0004963,0.0005007,4159150701,2124780.6118557,53022,971422.9620359
1789084800000,0.0005003,0.0005340,0.0004944,0.0005172,4428481345,2276014.0545928,51099,1076103.9002927
1789171200000,0.0005170,0.0005441,0.0005160,0.0005380,3389217163,1801343.3761836,44686,880211.8008816
1789257600000,0.0005381,0.0005504,0.0005255,0.0005304,3129093805,1690343.9280871,38799,763601.1739207
1789344000000,0.0005303,0.0005439,0.0005249,0.0005296,3036976350,1622914.7147966,36364,786266.3880205
1789430400000,0.0005296,0.0005397,0.0004984,0.0005125,5364217186,2784255.5718850,53399,1293071.4174467
1789516800000,0.0005121,0.0005186,0.0004938,0.0005181,3780940885,1905903.7832444,35414,880754.2330618
1789603200000,0.0005177,0.0005277,0.0005121,0.0005248,2630341941,1367885.7230545,30704,646885.5094133
1789689600000,0.0005247,0.0005686,0.0005228,0.0005654,4110342643,2255594.4822523,40522,1107908.8241797
1789776000000,0.0005655,0.0005848,0.0005513,0.0005768,4693677573,2663105.9586002,50705,1322447.9190984
1789862400000,0.0005768,0.0005800,0.0005490,0.0005644,3399512504,1911386.5904723,43402,874741.6048880
1789948800000,0.0005643,0.0006201,0.0005607,0.0006158,7625781871,4519932.3712762,74002,2151411.4601406
1790035200000,0.0006159,0.0006308,0.0005969,0.0006262,6615383051,4073711.8686106,69400,1924957.3451600
1790121600000,0.0006262,0.0006588,0.0005794,0.0005891,7849374300,4843762.1351913,82805,2266830.9035281
1790208000000,0.0005892,0.0006407,0.0005845,0.0006277,4717886908,2898942.6569291,68419,1385315.5510641
1790294400000,0.0006278,0.0006500,0.0006175,0.0006497,4231631272,2675808.4335309,53796,1288202.8794836
1790380800000,0.0006496,0.0006617,0.0006254,0.0006361,3322529616,2144010.4790869,46090,979573.1190396
1790467200000,0.0006359,0.0006457,0.0006211,0.0006432,3408899811,2166567.0697803,48090,1059241.4964389
1790553600000,0.0006433,0.0006474,0.0005825,0.0005954,5667992209,3425452.4518260,78441,1593579.5353196
1790640000000,0.0005954,0.0006183,0.0005752,0.0005949,5544908324,3317874.2766389,62083,1571353.8808069
1790726400000,0.0005950,0.0006126,0.0005867,0.0005970,4313155244,2586091.9223705,76422,1230157.6652394
1790812800000,0.0005971,0.0006043,0.0005768,0.0005856,3601259562,2123513.2079712,55117,1046346.9911706
1790899200000,0.0005857,0.0006169,0.0005611,0.0005854,5846014866,3455533.0647695,77457,1747126.4920694
