open_time,open,high,low,close,volume,quote_volume,trades,taker_buy_quote
1703548800000,32.112000,34.140000,27.328000,29.172000,1574136.55,48847089.98192000,278315,23112491.23222000
1703635200000,29.195000,30.006000,24.425000,25.231000,3580826.70,95006698.64799000,605065,46170736.20560000
1703721600000,25.233000,27.333000,21.022000,21.741000,3376847.18,77620030.25585000,475279,36094074.79640000
1703808000000,21.737000,32.500000,21.082000,29.111000,19901473.39,567855980.14518000,2598418,280148306.66755000
1703894400000,29.110000,29.700000,25.843000,27.015000,7883097.83,217575348.39060000,1264786,105330941.62921000
1703980800000,27.027000,28.549000,23.784000,24.844000,3687596.19,98288453.70576000,670619,46783457.87002000
1704067200000,24.844000,26.542000,24.432000,25.214000,2363387.51,59888217.94840000,491723,29487680.52477000
1704153600000,25.216000,26.500000,23.200000,24.510000,2884550.30,71503317.78332000,589660,33295949.52617000
1704240000000,24.511000,28.621000,15.044000,24.992000,7609121.13,176768877.21984000,1206330,84915551.08436000
1704326400000,24.995000,29.710000,24.022000,27.326000,12075817.87,326535158.17920000,2187774,158971261.86556000
1704412800000,27.326000,30.325000,25.249000,26.148000,5716541.51,156996292.93792000,1236320,75139035.82868000
1704499200000,26.148000,26.206000,23.368000,24.701000,2632167.38,65428310.43806000,597033,31440268.37656000
1704585600000,24.695000,25.677000,22.730000,23.191000,1520626.48,36713532.21336000,381444,17903534.38393000
1704672000000,23.194000,26.388000,21.095000,25.606000,3536384.88,86468796.44433000,849751,41674689.90419000
1704758400000,25.613000,27.500000,22.788000,23.617000,2471396.63,61466264.82934000,728547,29391453.77482000
1704844800000,23.622000,27.932000,22.643000,26.981000,2669381.70,67274995.99633000,874312,32970224.77807000
1704931200000,26.978000,27.627000,25.130000,25.902000,2345026.31,61403456.24950000,799605,29678120.15223000
1705017600000,25.905000,27.734000,23.777000,27.040000,3388084.35,88086179.01944000,995270,43398698.56775000
1705104000000,27.048000,30.975000,26.159000,26.860000,9273871.21,261929904.18324000,1832239,127547375.17486000
1705190400000,26.863000,27.624000,25.439000,25.562000,2603553.98,69051029.94055000,671222,32025384.62637000
1705276800000,25.571000,28.500000,25.524000,25.943000,2540198.50,68641804.94403000,719038,32649778.78979000
1705363200000,25.951000,26.394000,25.010000,25.833000,1506008.77,38926092.45814000,447299,18246332.98619000
1705449600000,25.830000,26.232000,24.514000,25.179000,1173912.58,29744312.56088000,326764,13457597.98761000
1705536000000,25.178000,25.241000,22.764000,23.610000,1477175.50,35455706.03951000,320122,16684191.78671000
1705622400000,23.609000,24.624000,22.265000,24.071000,1473937.38,34967156.68786000,364791,16921319.87299000
1705708800000,24.066000,24.599000,22.996000,24.467000,920013.08,22019068.63215000,242455,10616889.63959000
1705795200000,24.465000,24.540000,23.582000,23.782000,570473.09,13764628.23324000,168280,6472256.63695000
1705881600000,23.782000,23.961000,21.488000,21.824000,1192017.93,26943425.85382000,307644,13061287.48597000
1705968000000,21.824000,23.912000,19.533000,22.593000,2691250.74,58096713.53031000,576054,28222842.65448000
1706054400000,22.590000,23.940000,21.716000,22.794000,2041770.82,46720103.20769000,493748,22583685.83031000
1706140800000,22.798000,23.100000,21.693000,22.529000,891713.55,19895002.35495000,234788,9133163.10232000
1706227200000,22.531000,23.493000,22.295000,23.155000,695422.10,15959225.24764000,159412,7775162.70169000
1706313600000,23.157000,25.713000,22.632000,25.068000,1495362.31,36154285.12107000,287750,17775239.92238000
1706400000000,25.066000,25.076000,22.746000,23.169000,954021.26,22826832.77895000,214409,10119610.12818000
1706486400000,23.165000,24.162000,23.046000,23.712000,632891.49,14918431.93251000,156091,7173375.83531000
1706572800000,23.709000,23.946000,22.753000,22.921000,538249.74,12647857.09322000,142018,5897591.84180000
1706659200000,22.924000,23.387000,22.031000,22.129000,723734.44,16449075.55177000,189518,7965762.24118000
1706745600000,22.126000,22.314000,21.313000,22.129000,473823.95,10380978.51436000,141688,4835969.80102000
1706832000000,22.120000,22.541000,21.995000,22.302000,310258.50,6904955.84839000,97452,3259994.48860000
1706918400000,22.307000,22.438000,21.696000,21.827000,273542.64,6051885.61038000,82627,2730844.72267000
1707004800000,21.823000,22.065000,21.221000,21.723000,343384.59,7457044.10196000,89924,3699694.69587000
1707091200000,21.723000,22.688000,21.320000,21.820000,503575.65,11059237.01899000,134096,5285215.55534000
1707177600000,21.821000,22.100000,21.305000,21.425000,310205.84,6736334.11550000,87149,3016779.03529000
1707264000000,21.435000,22.500000,21.318000,22.431000,434202.29,9524421.75629000,106295,4606593.59721000
1707350400000,22.442000,22.661000,21.880000,21.987000,383539.65,8528391.09852000,99785,3956465.01965000
1707436800000,21.989000,23.364000,21.989000,23.004000,526530.11,11853684.22833000,136030,5561138.78320000
1707523200000,23.001000,23.609000,22.346000,22.746000,545556.73,12548650.54610000,138714,5830889.25379000
1707609600000,22.754000,23.658000,22.288000,22.591000,468275.93,10762066.77566000,122139,5137676.03386000
1707696000000,22.585000,23.649000,21.800000,23.247000,764101.88,17455873.91344000,210053,8157207.33391000
1707782400000,23.250000,23.509000,22.210000,23.058000,726536.22,16687970.20220000,202388,7654304.38540000
1707868800000,23.054000,23.580000,22.793000,23.189000,650655.65,15083854.81477000,183053,7050263.52120000
1707955200000,23.187000,23.965000,22.307000,22.782000,965943.97,22338530.21462000,257739,10317510.74415000
1708041600000,22.782000,23.299000,21.824000,22.469000,743068.13,16814502.33435000,187895,7597993.70897000
1708128000000,22.467000,23.190000,21.713000,22.579000,737792.52,16527550.14764000,183113,8028379.79261000
1708214400000,22.578000,24.686000,22.284000,23.799000,1055803.37,25027320.44056000,267289,11810899.11740000
1708300800000,23.804000,27.570000,23.212000,24.454000,3268347.20,83333065.36639000,686848,39594485.97208000
1708387200000,24.457000,25.974000,22.242000,24.062000,1610467.08,39381807.16551000,423604,18376625.21895000
1708473600000,24.061000,24.190000,22.137000,23.134000,722685.29,16619051.07655000,225287,7752665.81932000
1708560000000,23.133000,23.385000,22.317000,22.491000,733227.60,16761953.76808000,191621,7859508.62286000
1708646400000,22.499000,22.695000,20.924000,21.284000,729591.64,15908823.04858000,183040,7300268.05517000
1708732800000,21.283000,22.414000,20.920000,22.271000,523040.56,11425413.67239000,137989,5485025.71821000
1708819200000,22.271000,22.594000,21.814000,22.215000,392929.93,8693950.27921000,111704,4052774.39393000
1708905600000,22.209000,23.407000,21.314000,22.948000,890130.23,19984091.03443000,226846,9421392.30489000
1708992000000,22.945000,23.828000,22.169000,23.660000,787110.81,18203997.62968000,218433,8227507.56673000
1709078400000,23.662000,25.581000,21.456000,23.962000,1648497.03,39452546.43568000,454270,18744935.63824000
1709164800000,23.956000,24.937000,22.738000,23.487000,914376.76,22047149.57134000,313677,10588513.87638000
1709251200000,23.487000,25.786000,23.481000,25.381000,890272.81,22023001.33250000,276807,10460936.36945000
1709337600000,25.380000,26.392000,24.134000,25.911000,944253.94,23748425.39316000,300930,11554708.59813000
1709424000000,25.909000,26.850000,24.000000,25.337000,949594.50,24239042.89669000,313067,11346861.72544000
1709510400000,25.356000,25.616000,23.850000,24.639000,936800.81,23341722.26303000,302083,11015716.96449000
1709596800000,24.641000,27.415000,18.797000,22.336000,2468948.22,59388470.33940000,686773,27638056.30503000
1709683200000,22.334000,23.524000,21.403000,22.912000,1121879.94,25419698.94500000,367180,12680861.17269000
1709769600000,22.913000,24.648000,21.714000,22.356000,1546212.92,35541483.37348000,420927,17172773.99959000
1709856000000,22.362000,22.820000,21.510000,22.361000,1000724.42,22358021.75911000,254704,10422004.71679000
1709942400000,22.363000,24.750000,22.250000,23.521000,1195103.83,27785316.69073000,288861,13318340.16718000
1710028800000,23.523000,24.537000,22.060000,22.619000,1474841.04,34202666.33796000,350598,16038247.60216000
1710115200000,22.621000,24.848000,21.000000,24.328000,2057721.77,48045036.72815000,469955,22754006.75573000
1710201600000,24.326000,24.925000,22.455000,24.602000,1929123.56,46169355.53208000,445245,21381468.52778000
1710288000000,24.608000,32.634000,24.100000,26.837000,6979763.68,200177174.56256000,1312042,97630170.46096000
1710374400000,26.838000,27.218000,23.651000,25.069000,2328480.67,59341013.76598000,568995,28639447.41838000
1710460800000,25.070000,25.800000,21.628000,23.720000,1965757.81,46139092.59773000,552645,21954746.99249000
1710547200000,23.720000,24.600000,21.168000,21.873000,1341572.82,30709082.60518000,390171,14401596.94098000
1710633600000,21.872000,22.856000,20.650000,22.518000,967554.67,21396289.06384000,282214,10188217.69207000
1710720000000,22.518000,22.671000,20.714000,21.038000,812468.57,17567386.49775000,244869,8273876.73551000
1710806400000,21.034000,21.353000,18.068000,18.802000,1495932.84,28945133.67277000,391339,13895752.56265000
1710892800000,18.801000,21.668000,18.149000,21.509000,1437854.64,28344767.02050000,314733,13460477.56083000
1710979200000,21.509000,21.809000,20.663000,21.272000,861051.78,18295097.05047000,218001,8792925.11297000
1711065600000,21.272000,21.639000,19.779000,20.489000,717886.27,14829069.36408000,195736,7063711.20172000
1711152000000,20.490000,20.992000,20.184000,20.296000,528606.04,10909906.06716000,131600,5084238.70302000
1711238400000,20.290000,21.369000,20.009000,21.243000,481446.00,9943505.73525000,123627,4856842.74461000
1711324800000,21.246000,22.849000,21.100000,22.415000,1007551.95,22340606.05504000,205186,10754921.53247000
1711411200000,22.418000,23.575000,21.828000,22.426000,919614.84,20755285.83317000,190077,9246574.19648000
1711497600000,22.426000,23.135000,21.266000,21.698000,722144.39,15954365.43009000,157366,7692726.05563000
1711584000000,21.698000,21.923000,21.019000,21.732000,538007.94,11559246.20851000,108794,5251406.06700000
1711670400000,21.733000,22.534000,21.268000,22.176000,887505.90,19518014.73400000,165357,8763335.44580000
1711756800000,22.178000,22.263000,20.633000,20.848000,583286.07,12563163.84169000,121698,5951379.08633000
1711843200000,20.852000,21.398000,20.769000,21.182000,467542.64,9882328.48229000,89659,4683963.99202000
1711929600000,21.180000,21.249000,19.552000,20.491000,831709.94,16845918.53142000,165713,7880062.13746000
1712016000000,20.497000,20.551000,18.361000,19.254000,793724.46,15229446.62473000,201649,7175771.67694000
1712102400000,19.256000,19.762000,18.279000,19.030000,592031.24,11328351.52684000,142691,5465432.67008000
1712188800000,19.029000,19.632000,18.589000,19.054000,645818.53,12366612.06747000,237341,6572712.68603000
1712275200000,19.054000,19.187000,17.722000,18.421000,627064.81,11530084.84773000,139864,5421241.73030000
1712361600000,18.420000,19.080000,18.286000,18.861000,289812.57,5418943.86996000,66614,2546238.88983000
1712448000000,18.863000,19.354000,18.780000,19.231000,441695.33,8432519.73585000,83900,3835920.00665000
1712534400000,19.232000,19.971000,18.813000,19.850000,554970.59,10855506.15740000,109090,5067949.60294000
1712620800000,19.849000,19.920000,18.402000,18.494000,563952.39,10749220.28074000,112948,5003275.69739000
1712707200000,18.499000,18.613000,17.147000,18.113000,635300.93,11404368.27298000,110600,5289236.75995000
1712793600000,18.111000,18.572000,17.594000,17.733000,451145.43,8118826.23465000,89831,3869128.60912000
1712880000000,17.734000,18.140000,10.699000,13.592000,2247567.44,32376312.25001000,348296,13672104.88483000
1712966400000,13.591000,13.866000,9.908000,11.704000,2279567.87,27658001.16082000,416224,13260205.56209000
1713052800000,11.716000,13.064000,11.115000,12.904000,1442327.68,17498539.39260000,336352,8503711.24183000
1713139200000,12.905000,13.642000,11.854000,12.468000,944353.90,12088101.67638000,249510,5971457.74935000
1713225600000,12.469000,12.899000,11.916000,12.618000,884921.53,11002423.01268000,212310,5535643.10304000
1713312000000,12.618000,12.720000,11.593000,12.194000,840791.26,10268244.30377000,189126,4968427.38882000
1713398400000,12.190000,12.630000,11.746000,12.507000,662267.52,8105575.56408000,165322,4047372.22653000
1713484800000,12.507000,12.984000,11.461000,12.727000,914125.46,11432402.48930000,213416,5617753.81900000
1713571200000,12.722000,14.229000,12.532000,14.042000,773139.47,10391449.91984000,153417,5090720.28670000
1713657600000,14.043000,14.096000,13.368000,13.614000,565681.05,7768107.76595000,125802,3724886.35791000
1713744000000,13.615000,14.180000,13.495000,14.022000,509936.81,7096406.59640000,119205,3444727.81702000
1713830400000,14.021000,14.243000,13.602000,13.753000,456399.56,6336454.93779000,93786,2872243.47963000
1713916800000,13.754000,14.416000,12.766000,12.979000,748153.83,10224396.35898000,153031,4787684.55697000
1714003200000,12.984000,13.660000,12.590000,13.287000,576693.26,7529876.04151000,120778,3665745.98131000
1714089600000,13.280000,13.323000,12.704000,12.817000,472530.02,6137405.47126000,94659,2888113.87416000
1714176000000,12.818000,13.218000,12.145000,13.108000,528509.62,6725765.13139000,99329,3290542.11948000
1714262400000,13.105000,13.832000,12.851000,12.933000,396669.89,5278108.79771000,83621,2567363.75197000
1714348800000,12.938000,13.234000,12.292000,12.854000,536239.65,6816383.76900000,101826,3392402.67669000
1714435200000,12.858000,13.025000,11.454000,12.043000,648221.67,7799347.73768000,144812,3883940.00415000
1714521600000,12.042000,12.460000,11.113000,12.176000,830023.23,9809023.78578000,158286,4844677.95457000
1714608000000,12.176000,12.633000,11.728000,12.466000,510206.85,6229825.59536000,92146,3064230.85902000
1714694400000,12.463000,16.000000,12.357000,15.047000,3991378.58,57071281.62488000,475309,28543482.92579000
1714780800000,15.047000,15.162000,13.638000,13.857000,4311804.62,61129200.59228000,511773,29177642.62099000
1714867200000,13.847000,13.960000,13.272000,13.751000,1465891.08,20012912.35432000,186722,9652039.59670000
1714953600000,13.751000,14.877000,13.750000,13.871000,1883320.19,26860502.36023000,230375,13216188.04054000
1715040000000,13.874000,14.081000,13.222000,13.277000,943128.69,12946039.14144000,118348,6045590.22929000
1715126400000,13.278000,14.759000,12.892000,14.212000,1803521.85,24989967.39486000,208656,12276954.65022000
1715212800000,14.211000,17.825000,13.684000,15.676000,14156883.43,224935034.60451000,1337408,112602271.82194000
1715299200000,15.678000,15.812000,14.022000,14.580000,4472943.57,65998176.00792000,460939,32246851.99629000
1715385600000,14.581000,16.591000,14.581000,16.053000,9003439.86,143917817.85891000,896661,71539660.62837000
1715472000000,16.055000,16.914000,15.661000,15.753000,4450501.72,72005494.53413000,399879,36251977.98257000
1715558400000,15.753000,16.119000,14.694000,15.143000,3139781.69,48473999.16151000,342655,23920743.27337000
1715644800000,15.142000,15.499000,14.350000,14.432000,1476889.72,21964632.14074000,190652,10767167.07042000
1715731200000,14.431000,15.251000,14.063000,14.967000,1139038.05,16792488.69268000,169392,8286739.15537000
1715817600000,14.962000,15.175000,14.142000,14.410000,691803.89,10146883.45642000,108338,4921786.93135000
1715904000000,14.408000,15.092000,14.151000,14.677000,603971.12,8836752.83857000,103904,4345240.46738000
1715990400000,14.677000,15.045000,14.467000,14.707000,584186.38,8605183.72098000,99807,4284598.41789000
1716076800000,14.706000,14.798000,13.770000,13.953000,656268.10,9337490.39117000,97753,4531371.67062000
1716163200000,13.955000,15.449000,13.642000,15.355000,893426.05,12936111.57682000,150352,6176215.63946000
1716249600000,15.360000,16.177000,15.102000,15.720000,771826.81,12148774.66037000,134093,5949069.39882000
1716336000000,15.719000,15.834000,15.164000,15.420000,586276.77,9109738.64687000,108777,4315841.02420000
1716422400000,15.423000,15.639000,14.196000,15.153000,761193.35,11421470.93893000,134205,5460411.63308000
1716508800000,15.153000,15.715000,14.664000,15.674000,690284.65,10582066.85891000,106141,5289563.46052000
1716595200000,15.676000,15.939000,15.355000,15.451000,420723.11,6583700.35905000,62257,3209218.74355000
1716681600000,15.451000,15.590000,15.073000,15.256000,302371.64,4628362.32491000,53350,2165258.61281000
1716768000000,15.256000,15.815000,15.012000,15.425000,366372.60,5628617.95189000,63608,2678286.61825000
1716854400000,15.428000,15.552000,14.742000,15.262000,512051.54,7784036.83669000,113016,3686965.28565000
1716940800000,15.262000,15.971000,15.034000,15.121000,586701.24,9083830.44784000,107808,4366357.21763000
1717027200000,15.121000,15.382000,14.535000,15.027000,514796.97,7766549.05262000,102864,3607927.47807000
1717113600000,15.026000,15.148000,14.624000,14.774000,362680.17,5408619.22295000,88296,2575087.81657000
1717200000000,14.774000,14.775000,14.418000,14.475000,289392.89,4209381.34589000,54139,1951041.66290000
1717286400000,14.474000,14.874000,14.154000,14.409000,454307.11,6583799.73134000,94356,3019052.54476000
1717372800000,14.410000,14.787000,14.222000,14.309000,369333.26,5376585.05301000,81453,2359255.59093000
1717459200000,14.308000,14.625000,13.820000,14.601000,585179.60,8332361.20574000,99892,4063414.03289000
1717545600000,14.606000,15.896000,14.524000,15.486000,1098010.50,16781546.34104000,145715,8232426.87356000
1717632000000,15.495000,19.800000,15.442000,17.582000,19267120.32,344614012.36332000,1828671,175263836.75933000
1717718400000,17.583000,17.695000,14.067000,15.114000,6375401.97,105412187.82442000,802192,50188201.80003000
1717804800000,15.116000,17.388000,15.070000,16.025000,4208756.89,69394921.87669000,607554,33792197.05788000
1717891200000,16.029000,16.709000,15.593000,16.320000,2041430.67,33136064.72227000,290043,16624077.47357000
1717977600000,16.318000,16.519000,14.932000,15.001000,1237680.61,19238662.50376000,182741,9138303.81705000
1718064000000,15.000000,15.204000,13.175000,13.486000,1692862.11,23835090.51750000,237083,11353000.65632000
1718150400000,13.487000,14.578000,12.880000,14.017000,1466877.15,20307719.90743000,217166,10127494.15018000
1718236800000,14.013000,14.013000,12.917000,13.133000,821280.47,11040433.23109000,131261,5250048.83491000
1718323200000,13.136000,13.486000,10.364000,12.524000,1156326.83,14713691.42404000,146951,6959908.89626000
1718409600000,12.526000,12.962000,12.453000,12.597000,449529.47,5709454.74970000,75583,2747943.86977000
1718496000000,12.598000,12.969000,12.341000,12.794000,438662.86,5576011.53117000,71088,2663894.45644000
1718582400000,12.788000,12.923000,11.411000,11.889000,799418.17,9712138.09828000,109076,4637484.01796000
1718668800000,11.886000,11.975000,10.194000,11.025000,1210123.17,13109815.03995000,161292,6345543.67095000
1718755200000,11.023000,11.378000,10.814000,11.124000,586819.34,6531512.69422000,75490,3117873.23872000
1718841600000,11.123000,12.009000,11.054000,11.520000,777535.14,8984027.43710000,102454,4385673.11805000
1718928000000,11.515000,11.728000,11.183000,11.359000,632258.08,7242698.07740000,93764,3519791.81440000
1719014400000,11.362000,11.378000,11.093000,11.158000,252223.54,2834485.31248000,46430,1316948.93907000
1719100800000,11.157000,11.460000,10.599000,10.697000,390808.96,4323757.91472000,61048,2010069.60721000
1719187200000,10.696000,11.624000,10.347000,11.498000,834007.58,9105525.14095000,129343,4482160.18897000
1719273600000,11.496000,11.700000,11.298000,11.530000,389747.88,4482253.60727000,80126,2170477.32703000
1719360000000,11.529000,11.778000,11.082000,11.193000,345945.59,3941738.62016000,64851,1869781.37026000
1719446400000,11.195000,11.852000,10.954000,11.532000,490298.39,5589412.59710000,75608,2737654.03104000
1719532800000,11.532000,11.704000,10.880000,10.917000,456948.58,5179307.22777000,65941,2449484.12743000
1719619200000,10.915000,11.132000,10.641000,10.698000,323382.17,3520808.08907000,47521,1690283.13815000
1719705600000,10.699000,11.468000,10.588000,11.415000,464721.56,5137473.44189000,73700,2492362.66320000
1719792000000,11.414000,11.540000,11.112000,11.248000,329571.10,3728726.38822000,55794,1784092.01277000
1719878400000,11.249000,11.379000,10.995000,11.238000,300841.74,3365160.90201000,53962,1661890.35266000
1719964800000,11.241000,11.310000,10.289000,10.391000,397212.77,4268256.62493000,65356,2053792.10031000
1720051200000,10.393000,10.466000,9.233000,9.350000,657580.33,6470184.98902000,100823,2976638.51125000
1720137600000,9.351000,9.360000,7.880000,8.687000,1292386.16,11020619.57915000,149958,5314647.20702000
1720224000000,8.685000,9.530000,8.633000,9.452000,601902.94,5428769.91502000,78723,2791519.29231000
1720310400000,9.452000,9.468000,8.759000,8.810000,599262.84,5510982.35179000,78689,2588941.09105000
1720396800000,8.810000,9.558000,8.400000,9.168000,879712.08,7913272.85599000,113298,3890744.42676000
1720483200000,9.167000,9.448000,9.025000,9.335000,492370.47,4534023.42507000,67544,2205881.87843000
1720569600000,9.335000,9.799000,9.200000,9.411000,554411.79,5239295.48981000,68467,2562359.85426000
1720656000000,9.415000,9.731000,9.256000,9.306000,418345.96,3963103.77664000,53170,1922064.24471000
1720742400000,9.307000,9.478000,9.063000,9.437000,288821.24,2681081.93348000,37703,1317788.08517000
1720828800000,9.441000,9.712000,9.349000,9.564000,266723.13,2541395.69489000,45125,1250627.71055000
1720915200000,9.564000,10.239000,9.491000,10.171000,334708.89,3259870.31989000,43567,1650942.14737000
1721001600000,10.170000,11.644000,10.067000,10.710000,5477952.57,59486487.06134000,480589,29139448.70330000
1721088000000,10.709000,11.505000,10.460000,11.254000,1667942.92,18238568.44710000,188784,8212678.89544000
1721174400000,11.252000,11.793000,11.161000,11.468000,1051565.43,12021463.66325000,127948,5807033.76218000
1721260800000,11.465000,11.758000,10.752000,10.952000,809091.35,9115872.41558000,89769,4367531.79322000
1721347200000,10.953000,11.391000,10.572000,11.374000,532856.72,5875136.61501000,64301,2887725.14592000
1721433600000,11.374000,11.980000,11.197000,11.527000,994998.04,11532471.43232000,104103,5750300.37409000
1721520000000,11.527000,12.526000,10.981000,12.063000,747193.22,8802342.49896000,89202,4140141.07080000
1721606400000,12.065000,12.268000,11.163000,11.270000,711916.27,8354291.11129000,85403,3834747.61859000
1721692800000,11.274000,11.528000,10.597000,11.093000,851745.85,9449020.81627000,89013,4734455.65100000
1721779200000,11.094000,11.360000,10.640000,10.714000,455625.88,5033340.63024000,57985,2497900.31112000
1721865600000,10.718000,10.803000,9.925000,10.412000,723786.43,7446588.70993000,79957,3615726.46421000
1721952000000,10.410000,11.083000,10.359000,11.016000,435500.69,4714361.48033000,49676,2257345.19066000
1722038400000,11.019000,11.079000,10.586000,10.889000,457696.02,4982606.32753000,60931,2391826.94226000
1722124800000,10.884000,10.960000,10.284000,10.427000,291853.24,3109162.61666000,45926,1481856.54302000
1722211200000,10.428000,11.035000,10.390000,10.485000,476321.67,5129442.12796000,63335,2547005.09337000
1722297600000,10.488000,10.681000,9.831000,9.966000,376128.43,3864391.55730000,52983,1686803.67428000
1722384000000,9.965000,10.358000,9.704000,9.717000,383837.56,3846521.79146000,52959,1796200.46523000
1722470400000,9.720000,9.831000,8.759000,9.517000,687777.42,6409869.51751000,83245,3019147.47824000
1722556800000,9.515000,9.579000,8.699000,8.765000,544639.88,4969980.04419000,77211,2361283.82019000
1722643200000,8.763000,8.946000,8.032000,8.308000,542032.67,4618031.98474000,71206,2288627.37781000
1722729600000,8.308000,8.485000,7.568000,7.861000,588938.95,4755483.30627000,76029,2216700.41235000
1722816000000,7.862000,7.941000,6.206000,7.207000,2703859.34,18577406.84739000,241017,9138008.99918000
1722902400000,7.211000,7.869000,7.184000,7.700000,642472.42,4889700.61487000,69493,2459873.59520000
1722988800000,7.699000,7.969000,7.224000,7.329000,742871.49,5641814.49980000,73175,2721377.38101000
1723075200000,7.335000,8.344000,7.212000,8.292000,668938.12,5203403.27110000,73986,2649269.50449000
1723161600000,8.287000,8.311000,7.860000,8.131000,429584.90,3469838.26087000,50750,1701060.11251000
1723248000000,8.129000,8.380000,8.018000,8.347000,384119.02,3159947.58485000,42144,1536443.40082000
1723334400000,8.346000,8.762000,7.666000,7.723000,660366.86,5438896.32738000,60660,2614354.59703000
1723420800000,7.726000,8.485000,7.715000,8.394000,569194.86,4633961.21234000,56040,2274588.72756000
1723507200000,8.394000,8.602000,8.027000,8.395000,460449.75,3827962.04508000,48858,1870249.47779000
1723593600000,8.392000,8.459000,8.010000,8.189000,441281.12,3656674.34289000,43110,1897791.97125000
1723680000000,8.188000,8.310000,7.520000,7.838000,604622.40,4793956.74493000,53876,2321106.31213000
1723766400000,7.834000,8.095000,7.676000,7.976000,591747.11,4681292.70601000,52123,2299127.13946000
1723852800000,7.976000,7.996000,7.772000,7.891000,340883.94,2690452.89773000,30004,1369478.86045000
1723939200000,7.889000,8.356000,7.716000,8.007000,637207.74,5144498.34637000,54558,2532524.86493000
1724025600000,8.005000,8.384000,7.846000,8.337000,636351.71,5129240.81252000,52900,2489763.74784000
1724112000000,8.334000,8.478000,8.104000,8.359000,354688.33,2957406.79860000,52291,1353609.93057000
1724198400000,8.360000,11.200000,8.294000,10.698000,9215040.66,95340254.18322000,591522,48648104.99655000
1724284800000,10.698000,11.493000,10.092000,10.730000,24549973.66,260978519.73669000,1484707,132280727.56517000
1724371200000,10.730000,11.637000,10.558000,11.190000,8697400.57,95830236.82666000,676553,47269721.83339000
1724457600000,11.194000,11.946000,10.890000,11.126000,4843161.65,55706949.00468000,461701,27076816.69159000
1724544000000,11.127000,11.167000,10.500000,10.593000,2050205.79,22065795.28729000,186896,10973876.58222000
1724630400000,10.596000,10.691000,9.981000,10.059000,1477382.04,15291226.26504000,138580,7361130.57932000
1724716800000,10.059000,10.352000,9.051000,9.345000,1524435.48,14916957.91607000,131366,7224800.86342000
1724803200000,9.349000,9.711000,9.147000,9.382000,1142023.24,10773044.11611000,102758,5289175.19364000
1724889600000,9.385000,9.686000,9.005000,9.218000,683289.38,6395716.48747000,75779,3049875.08150000
1724976000000,9.216000,9.440000,8.775000,9.250000,704375.29,6433557.68845000,74635,3235056.37322000
1725062400000,9.252000,9.336000,8.905000,9.089000,391341.08,3558680.21696000,47759,1749615.54430000
1725148800000,9.094000,9.118000,8.605000,8.663000,552397.98,4898852.20285000,61987,2405320.18488000
1725235200000,8.657000,9.367000,8.599000,9.313000,716322.69,6442931.80017000,71629,3279129.02536000
1725321600000,9.312000,9.411000,8.833000,8.946000,672802.71,6132266.89908000,73321,2954866.19522000
1725408000000,8.945000,9.386000,8.503000,9.177000,807976.64,7264621.26438000,84216,3580318.76761000
1725494400000,9.177000,9.183000,8.573000,8.725000,539801.05,4803535.33531000,66742,2254052.32659000
1725580800000,8.721000,9.042000,8.144000,8.482000,784032.62,6783326.39513000,81291,3257258.79051000
1725667200000,8.478000,8.797000,8.405000,8.592000,318202.15,2746928.14525000,39335,1375012.37888000
1725753600000,8.593000,9.067000,8.539000,8.907000,366933.05,3227136.14771000,43603,1523700.75862000
1725840000000,8.906000,9.210000,8.798000,9.064000,652228.04,5884807.74685000,63937,2882498.59645000
1725926400000,9.065000,9.351000,8.930000,9.291000,605185.92,5548032.98393000,60772,2717994.54964000
1726012800000,9.293000,9.323000,8.894000,9.094000,708439.35,6440237.75420000,69970,3021766.66565000
1726099200000,9.093000,9.395000,9.009000,9.376000,754461.66,6950197.51419000,66246,3371736.23792000
1726185600000,9.379000,9.886000,9.249000,9.786000,802323.99,7632696.77455000,77824,3604656.78363000
1726272000000,9.787000,9.810000,9.479000,9.730000,416724.87,4019619.15032000,45029,1847657.74915000
1726358400000,9.726000,9.962000,9.278000,9.409000,619589.80,6013938.66757000,65355,2769815.87904000
1726444800000,9.411000,9.574000,8.921000,9.147000,548157.46,5044226.87872000,64226,2424537.05802000
1726531200000,9.145000,9.616000,9.021000,9.580000,400722.83,3748504.09681000,54406,1827338.59924000
1726617600000,9.580000,9.912000,9.154000,9.878000,704324.39,6735496.77814000,86524,3238472.60924000
1726704000000,9.880000,10.358000,9.880000,10.139000,654779.08,6633584.19926000,85469,3269419.60287000
1726790400000,10.137000,10.811000,9.982000,10.682000,708971.86,7441112.83479000,94967,3493995.25581000
1726876800000,10.680000,10.736000,10.336000,10.551000,430634.78,4520049.41191000,59023,2185796.60048000
1726963200000,10.551000,10.569000,9.780000,10.121000,620705.18,6263275.42449000,81057,3127992.48963000
1727049600000,10.122000,10.786000,9.906000,10.579000,626091.20,6565224.40645000,88106,3067727.78654000
1727136000000,10.578000,11.098000,10.309000,10.984000,551415.02,5862663.63747000,79271,2931168.48722000
1727222400000,10.985000,11.287000,10.384000,10.440000,461634.51,5014551.75120000,67468,2303585.38316000
1727308800000,10.440000,11.120000,10.168000,10.895000,629555.49,6787037.52179000,92288,3320056.23920000
1727395200000,10.894000,11.509000,10.744000,11.366000,501170.64,5592612.66261000,72295,2740008.00098000
1727481600000,11.369000,11.612000,10.751000,11.275000,533702.35,5905559.96224000,75431,2837233.16531000
1727568000000,11.276000,11.618000,10.815000,11.287000,614879.57,6918356.74362000,96192,3246893.17657000
1727654400000,11.292000,11.379000,10.439000,10.554000,669582.81,7305253.30794000,100530,3495745.23117000
1727740800000,10.554000,11.074000,9.117000,9.431000,1022440.72,10253177.34204000,132839,4952990.77450000
1727827200000,9.430000,10.019000,9.024000,9.262000,605917.12,5779249.76557000,94386,2813994.85972000
1727913600000,9.262000,9.420000,8.683000,8.961000,697905.50,6291413.86650000,100110,2963055.51036000
1728000000000,8.962000,9.771000,8.880000,9.545000,579418.55,5390902.37424000,78722,2742838.40240000
1728086400000,9.542000,9.670000,9.158000,9.448000,279642.29,2645702.59371000,47665,1247069.04828000
1728172800000,9.450000,9.791000,9.327000,9.767000,396501.20,3782359.46163000,54185,1951953.72605000
1728259200000,9.767000,10.004000,9.395000,9.428000,583688.73,5667149.05243000,84619,2720590.10463000
1728345600000,9.429000,9.624000,9.027000,9.218000,421416.25,3916926.32484000,69575,1951216.56299000
1728432000000,9.218000,9.416000,8.803000,8.911000,388057.57,3541233.71271000,66864,1739287.71382000
1728518400000,8.911000,9.134000,8.691000,9.108000,353202.07,3147229.73161000,61802,1513086.05248000
1728604800000,9.110000,9.384000,8.934000,9.306000,401456.49,3693954.96096000,67620,1719259.88101000
1728691200000,9.307000,9.541000,9.282000,9.382000,330233.76,3110087.97574000,48733,1441248.22751000
1728777600000,9.384000,9.459000,8.978000,9.429000,276820.64,2552079.83157000,58532,1196109.55409000
1728864000000,9.428000,10.066000,9.277000,9.982000,495659.92,4827208.88505000,87665,2345350.57073000
1728950400000,9.983000,10.092000,9.337000,9.774000,651611.27,6315087.84297000,113387,2820850.47103000
1729036800000,9.773000,9.795000,9.303000,9.361000,295956.11,2814125.63311000,61454,1363066.73133000
1729123200000,9.360000,9.468000,8.956000,9.226000,308460.46,2836708.60597000,57493,1357616.23694000
1729209600000,9.225000,9.610000,9.157000,9.584000,254448.10,2393718.95211000,41148,1177186.76143000
1729296000000,9.587000,9.791000,9.389000,9.721000,375193.72,3596120.69791000,48895,1827126.78926000
1729382400000,9.719000,11.200000,9.615000,10.578000,4392417.86,46586978.07689000,437146,23048265.57409000
1729468800000,10.579000,10.651000,10.051000,10.323000,785506.29,8124858.35791000,103779,3562483.84582000
1729555200000,10.325000,10.442000,9.913000,10.220000,616940.91,6281318.96511000,83236,2963336.48338000
1729641600000,10.221000,10.249000,9.506000,9.834000,416304.73,4100028.57529000,61708,1812566.25540000
1729728000000,9.832000,10.518000,9.777000,10.114000,940834.40,9554485.07619000,101631,4630909.11784000
1729814400000,10.115000,10.207000,8.800000,9.212000,874360.01,8472183.46678000,83773,3887331.75377000
1729900800000,9.209000,9.438000,8.924000,9.213000,559383.62,5135671.30602000,50774,2609220.31123000
1729987200000,9.213000,9.730000,9.117000,9.603000,409849.95,3850977.67315000,42020,1901100.47043000
1730073600000,9.605000,9.752000,9.230000,9.594000,602983.53,5739175.40591000,66088,2694047.86795000
1730160000000,9.596000,10.178000,9.567000,10.035000,445288.17,4408645.84946000,54028,2041094.14126000
1730246400000,10.036000,10.161000,9.752000,9.971000,335310.36,3339374.08107000,48092,1630187.75669000
1730332800000,9.973000,10.020000,9.292000,9.429000,449513.97,4323637.57127000,53792,2020254.35816000
1730419200000,9.431000,9.695000,9.098000,9.269000,394865.32,3685701.32050000,56712,1788761.84984000
1730505600000,9.271000,9.366000,8.888000,9.056000,265163.27,2411849.85947000,36793,1177568.59802000
1730592000000,9.055000,9.097000,8.136000,8.479000,459283.55,3929159.17406000,62355,1828728.23008000
1730678400000,8.478000,8.636000,7.876000,8.124000,437939.90,3635396.93213000,56210,1765947.08507000
1730764800000,8.123000,8.650000,8.118000,8.520000,458735.83,3861207.43859000,52584,1910107.17725000
1730851200000,8.518000,9.794000,8.518000,9.697000,647954.61,6006862.01277000,80673,2898555.68856000
1730937600000,9.696000,9.878000,9.382000,9.798000,403834.51,3907905.23258000,63425,1864007.78917000
1731024000000,9.800000,14.128000,9.411000,12.807000,9860953.48,124285039.40648000,844217,62642723.88244000
1731110400000,12.807000,12.840000,11.156000,11.807000,6956695.19,82084720.60363000,734471,39888367.57974000
1731196800000,11.808000,12.454000,11.028000,11.968000,3414995.34,40529848.82439000,421506,18901366.54800000
1731283200000,11.969000,12.488000,11.660000,12.368000,1768159.71,21330714.73374000,275433,10428373.60449000
1731369600000,12.369000,12.956000,10.792000,11.221000,2171538.51,25526460.10286000,325132,12217884.93769000
1731456000000,11.223000,11.345000,10.276000,10.851000,1603785.17,17216602.40101000,280574,8304260.43767000
1731542400000,10.852000,11.482000,10.114000,10.292000,1241810.73,13448012.92421000,192547,6398597.40521000
1731628800000,10.294000,11.279000,9.961000,11.082000,1013504.77,10718802.62644000,141056,5109466.29215000
1731715200000,11.084000,11.584000,10.858000,11.503000,840315.17,9467511.70447000,113949,4560621.45554000
1731801600000,11.501000,13.130000,10.803000,11.369000,2732955.79,32757557.38880000,362120,15537793.63713000
1731888000000,11.370000,13.000000,11.242000,12.514000,1491680.89,18035173.06098000,199420,8686654.36573000
1731974400000,12.511000,12.533000,11.744000,12.071000,780645.95,9524519.12837000,123222,4573898.74055000
1732060800000,12.074000,12.149000,11.046000,11.291000,846532.09,9887922.90129000,112306,4638636.25756000
1732147200000,11.292000,12.218000,10.858000,12.145000,754168.45,8855063.47099000,124302,4159720.24264000
1732233600000,12.145000,12.466000,11.502000,12.405000,663148.30,7921965.29223000,126562,3942323.40459000
1732320000000,12.405000,18.999000,12.241000,18.100000,14237052.27,233674377.76925000,1354755,114748469.52061000
1732406400000,18.100000,18.154000,15.005000,16.814000,6171693.54,102080415.91532000,762695,48824683.02223000
1732492800000,16.816000,17.718000,15.953000,16.405000,2452370.42,41170604.39287000,402455,19610500.85477000
1732579200000,16.404000,17.099000,15.164000,15.921000,1274169.05,20460321.11536000,219388,9717417.80214000
1732665600000,15.926000,16.774000,15.641000,16.526000,731921.68,11969832.44736000,139451,5711677.79896000
1732752000000,16.528000,16.693000,15.706000,16.435000,683963.86,11115564.92765000,129779,5321401.75448000
1732838400000,16.435000,17.210000,16.253000,16.624000,862779.01,14364579.76418000,128582,6744461.37157000
1732924800000,16.624000,17.441000,16.215000,17.028000,840515.83,14223023.20030000,130435,6762148.20485000
1733011200000,17.030000,17.317000,16.389000,17.029000,574905.75,9714509.55325000,115116,4594299.05814000
1733097600000,17.035000,17.581000,15.322000,17.397000,1473688.54,23992737.15815000,220069,11660402.40181000
1733184000000,17.399000,20.356000,17.103000,19.706000,3140497.73,59390179.64320000,486353,29359226.68201000
1733270400000,19.714000,20.779000,18.968000,19.684000,1643936.48,32763340.78420000,284853,15716449.03692000
1733356800000,19.689000,19.839000,17.875000,19.430000,1353390.31,25943513.48767000,243810,13283287.49268000
1733443200000,19.430000,20.600000,19.143000,19.721000,1035151.15,20605657.59442000,245247,9488008.45537000
1733529600000,19.721000,19.986000,19.041000,19.134000,490713.58,9555190.50866000,130269,4318698.85983000
1733616000000,19.136000,19.864000,18.781000,19.756000,547348.28,10561210.59764000,141465,5229780.33618000
1733702400000,19.760000,19.766000,12.755000,15.431000,2355049.65,39417353.87577000,326725,18035115.45896000
1733788800000,15.430000,15.834000,13.545000,15.102000,1516482.75,22537689.04181000,266772,11268061.28419000
1733875200000,15.104000,17.488000,14.561000,17.083000,1036564.07,16619853.61836000,195352,8161424.10671000
1733961600000,17.084000,18.184000,16.805000,17.433000,926303.19,16148483.88477000,194527,7971588.76400000
1734048000000,17.435000,17.574000,16.626000,17.158000,637096.09,10829686.80988000,161220,5212221.55667000
1734134400000,17.163000,17.452000,15.652000,16.010000,508072.66,8353564.71952000,126584,4084044.76749000
1734220800000,16.012000,16.664000,15.551000,16.408000,801464.73,12850505.18833000,157572,6312417.00060000
1734307200000,16.412000,16.855000,15.242000,15.608000,783581.10,12407149.23642000,174367,6266287.50944000
1734393600000,15.604000,15.628000,14.274000,14.574000,1168192.17,17648077.75038000,218323,7716839.38997000
1734480000000,14.576000,14.620000,12.767000,13.125000,1359141.58,18652902.27766000,256113,9238824.10398000
1734566400000,13.124000,13.581000,11.756000,12.173000,1674940.11,21235043.52338000,261459,10281565.34511000
1734652800000,12.168000,12.787000,10.466000,12.595000,1594552.96,18416551.16799000,239297,8915686.79863000
1734739200000,12.593000,13.523000,12.132000,12.486000,1570557.79,19994504.14979000,268975,10037989.33211000
1734825600000,12.483000,12.899000,12.068000,12.460000,786242.28,9850984.73499000,164737,4698789.81389000
1734912000000,12.461000,13.775000,12.128000,13.493000,731742.56,9400616.46858000,147266,4688347.42900000
1734998400000,13.490000,14.896000,13.112000,14.493000,803715.13,11232569.98866000,152297,5700111.62099000
1735084800000,14.486000,15.351000,14.153000,14.440000,753877.14,11047808.11061000,149547,5233781.46691000
1735171200000,14.442000,14.636000,13.063000,13.264000,529304.93,7261809.53187000,110458,3475848.95938000
1735257600000,13.267000,14.160000,13.155000,13.512000,553888.08,7513536.56752000,110767,3475534.79478000
1735344000000,13.510000,14.742000,13.307000,14.459000,954120.57,13495265.04760000,180869,6858595.74378000
1735430400000,14.459000,14.839000,13.328000,13.477000,585223.77,8252344.49375000,122256,4006696.84459000
1735516800000,13.477000,13.964000,12.162000,12.589000,1775263.49,22895803.29277000,232619,10912702.36999000
1735603200000,12.591000,12.803000,12.021000,12.157000,551743.71,6867578.87940000,121668,3340913.18587000
1735689600000,12.156000,12.743000,11.912000,12.616000,473149.77,5809739.78307000,97849,2851801.07170000
1735776000000,12.618000,13.410000,12.578000,13.162000,567284.79,7422257.70269000,100472,3490761.63748000
1735862400000,13.163000,14.295000,12.783000,14.244000,707267.08,9476783.62476000,117064,4760044.64566000
1735948800000,14.240000,14.415000,13.762000,14.016000,456721.58,6433955.96914000,94954,2948951.58589000
1736035200000,14.017000,14.282000,13.639000,13.830000,545145.46,7601912.38873000,96446,3767675.68157000
1736121600000,13.831000,14.520000,13.518000,14.047000,738575.16,10337159.99326000,136380,4907459.66004000
1736208000000,14.049000,14.064000,12.266000,12.268000,869164.96,11496879.88976000,136850,5080869.47457000
1736294400000,12.270000,12.419000,11.001000,11.664000,678572.19,7955878.06547000,107815,3682827.15519000
1736380800000,11.664000,11.807000,10.989000,11.255000,533034.63,6062893.57670000,83267,2961634.96262000
1736467200000,11.262000,11.720000,10.922000,11.308000,622993.13,7074603.58234000,86157,3368933.48187000
1736553600000,11.307000,11.453000,10.939000,11.196000,370423.42,4143702.84721000,59617,2094762.92457000
1736640000000,11.193000,11.269000,10.822000,10.982000,411185.23,4559075.88708000,54179,2327248.40661000
1736726400000,10.983000,11.336000,9.931000,10.837000,759482.71,7963779.78835000,124817,3772896.58348000
1736812800000,10.840000,11.320000,10.759000,11.246000,581032.20,6372086.82787000,78696,3100107.04499000
1736899200000,11.244000,12.172000,10.929000,12.162000,716779.72,8161235.29274000,105309,3995764.33459000
1736985600000,12.163000,12.220000,11.454000,11.673000,661545.46,7817261.48060000,98586,3698196.79461000
1737072000000,11.678000,12.658000,11.653000,12.525000,467577.69,5689009.47055000,86972,2776380.64171000
1737158400000,12.525000,12.724000,11.262000,11.464000,605618.96,7130783.03376000,115084,3390160.94188000
1737244800000,11.467000,11.898000,9.985000,10.198000,1287827.21,14032212.17810000,185357,6664996.65515000
1737331200000,10.199000,10.959000,9.588000,9.994000,1650265.05,16801553.47958000,214749,7957143.21672000
1737417600000,9.996000,10.611000,9.467000,10.380000,586492.12,5900488.57647000,118077,2944030.01985000
1737504000000,10.377000,10.501000,10.060000,10.101000,357952.68,3686490.12708000,78846,1721810.78087000
1737590400000,10.103000,10.193000,9.617000,9.963000,491595.29,4862337.20474000,90011,2429608.37650000
1737676800000,9.966000,10.224000,9.572000,9.680000,562120.11,5584358.25383000,99311,2728678.12866000
1737763200000,9.681000,10.107000,9.480000,10.007000,360368.59,3544917.53199000,81475,1757630.59776000
1737849600000,10.008000,10.401000,9.731000,9.757000,437991.46,4454301.61229000,81399,2103972.43068000
1737936000000,9.752000,9.771000,8.613000,9.551000,984076.14,8983869.40127000,139866,4253037.92455000
1738022400000,9.553000,9.695000,8.692000,8.772000,455951.50,4198266.17206000,77638,2001970.99938000
1738108800000,8.772000,9.447000,8.680000,9.097000,732759.79,6626309.86920000,99016,3229085.21625000
1738195200000,9.097000,9.625000,8.969000,9.395000,340491.85,3201511.34436000,62603,1596305.73950000
1738281600000,9.390000,9.913000,9.225000,9.404000,410099.48,3916333.15052000,76010,1926487.85565000
1738368000000,9.405000,9.557000,8.461000,8.551000,337843.01,3053933.32832000,65736,1481204.58575000
1738454400000,8.551000,8.714000,6.892000,7.380000,1034529.06,8114444.33490000,142900,3764586.78832000
1738540800000,7.384000,7.970000,5.428000,7.892000,2279476.20,15187913.06501000,216243,7543419.36028000
1738627200000,7.888000,7.964000,6.858000,7.072000,899755.15,6503982.43669000,104498,3031128.52878000
1738713600000,7.072000,7.340000,6.888000,7.001000,437787.54,3112692.95231000,67483,1546564.36878000
1738800000000,6.999000,7.227000,6.556000,6.664000,581688.95,4012955.12226000,78824,2014907.49086000
1738886400000,6.664000,7.337000,6.629000,6.831000,605694.63,4190244.62344000,78580,2107139.87307000
1738972800000,6.830000,7.259000,6.701000,7.171000,515561.71,3584171.49267000,58663,1777706.56779000
1739059200000,7.174000,7.492000,6.774000,7.115000,442286.70,3175675.38580000,63474,1612645.29505000
1739145600000,7.115000,7.401000,6.810000,7.393000,447936.72,3200102.49559000,70546,1575238.66092000
1739232000000,7.392000,8.236000,7.320000,7.564000,859419.24,6655467.74989000,116374,3195209.22379000
1739318400000,7.561000,8.245000,7.260000,8.172000,832204.09,6370407.90025000,97782,3124773.16834000
1739404800000,8.174000,8.388000,7.604000,7.956000,617693.01,4890681.73133000,75387,2335353.03583000
1739491200000,7.958000,8.459000,7.934000,8.244000,823018.31,6733137.18250000,104941,3179511.77808000
1739577600000,8.246000,8.395000,7.753000,7.838000,694446.36,5626442.81989000,84248,2584964.70548000
1739664000000,7.838000,8.245000,7.724000,7.763000,762411.53,6084167.05130000,105282,2999006.42962000
1739750400000,7.764000,8.082000,7.557000,7.964000,532587.81,4174028.20843000,67201,2025362.08838000
1739836800000,7.963000,8.387000,7.627000,8.014000,2060496.69,16544062.76681000,186495,8164101.38073000
1739923200000,8.018000,8.340000,7.828000,7.968000,809948.18,6513988.33623000,97787,3131044.60650000
1740009600000,7.968000,8.424000,7.918000,8.247000,811388.82,6634397.03706000,119472,3157214.79723000
1740096000000,8.248000,9.127000,7.945000,8.048000,1767234.12,15170233.68583000,164998,7641810.42888000
1740182400000,8.049000,8.366000,7.991000,8.276000,530188.92,4340843.71708000,64944,2156378.21754000
1740268800000,8.276000,8.454000,7.929000,8.052000,366980.54,3000550.28470000,55461,1434529.44883000
1740355200000,8.056000,8.100000,6.710000,6.964000,670667.27,5008857.02939000,88119,2334336.92145000
1740441600000,6.966000,7.630000,6.662000,7.431000,1598522.16,11381144.05707000,143496,5498667.48668000
1740528000000,7.432000,7.473000,6.923000,7.215000,816711.03,5919023.05955000,91101,2731457.76745000
1740614400000,7.218000,7.454000,6.930000,7.169000,540104.39,3906276.05322000,63915,1837867.61107000
1740700800000,7.170000,7.394000,6.662000,7.305000,699759.71,4903813.36189000,80134,2303416.85623000
1740787200000,7.309000,7.433000,6.939000,7.144000,348226.83,2497388.89957000,46209,1272690.80456000
1740873600000,7.146000,7.731000,6.965000,7.686000,639705.24,4673931.59406000,65073,2243386.07283000
1740960000000,7.690000,7.714000,6.480000,6.615000,755234.35,5333963.03854000,83557,2609475.65458000
1741046400000,6.612000,6.680000,6.025000,6.479000,1093127.57,6900672.52193000,88645,3336932.00566000
1741132800000,6.478000,6.955000,6.431000,6.759000,1239745.61,8349462.86234000,101040,4316788.22207000
1741219200000,6.760000,6.996000,6.489000,6.569000,706842.98,4770760.21128000,62165,2385344.55784000
1741305600000,6.569000,6.819000,6.254000,6.576000,1035294.69,6839021.63477000,88441,3455059.18736000
1741392000000,6.578000,6.662000,6.318000,6.405000,509655.02,3313428.18096000,54726,1555391.70898000
1741478400000,6.406000,6.434000,5.652000,5.718000,513575.14,3079249.95829000,51419,1399199.06061000
1741564800000,5.720000,6.094000,5.269000,5.378000,983829.66,5607618.04791000,80843,2667314.55591000
1741651200000,5.381000,5.745000,4.881000,5.600000,1186132.27,6285328.49890000,102881,3021267.57150000
1741737600000,5.600000,5.853000,5.423000,5.719000,662724.50,3757185.31281000,64537,1813039.89589000
1741824000000,5.718000,5.796000,5.459000,5.589000,830504.20,4715617.45960000,60541,2345565.04509000
1741910400000,5.589000,5.921000,5.575000,5.772000,414112.69,2380104.77983000,42206,1168677.94075000
1741996800000,5.774000,6.170000,5.767000,6.090000,1149824.33,6921708.15270000,96597,3337059.41081000
1742083200000,6.088000,6.167000,5.797000,5.859000,456384.93,2733275.29219000,45373,1334651.77926000
1742169600000,5.859000,6.261000,5.856000,6.180000,475557.72,2887066.93896000,54687,1432048.46471000
1742256000000,6.180000,6.198000,5.874000,6.183000,443350.81,2679145.41009000,41145,1268689.98307000
1742342400000,6.178000,6.366000,6.103000,6.336000,592310.87,3681443.56768000,46722,1799775.31034000
1742428800000,6.339000,6.383000,6.169000,6.210000,476339.55,2993464.53373000,44205,1563294.52302000
1742515200000,6.211000,6.259000,6.004000,6.062000,367603.57,2254036.87247000,37920,1083220.88810000
1742601600000,6.060000,6.675000,6.049000,6.476000,691024.29,4407114.18693000,56691,2192643.11345000
1742688000000,6.475000,7.300000,6.285000,6.405000,3546452.71,24091712.80601000,229484,11657417.11642000
1742774400000,6.404000,6.688000,6.302000,6.535000,969391.38,6335502.58704000,83297,3020168.21957000
1742860800000,6.533000,6.605000,6.363000,6.507000,518692.86,3363872.67689000,60630,1607005.54254000
1742947200000,6.507000,6.684000,6.316000,6.387000,542298.48,3523949.91419000,57873,1629480.92848000
1743033600000,6.386000,6.595000,6.348000,6.429000,433170.71,2802865.49527000,41580,1404134.47014000
1743120000000,6.429000,6.467000,5.787000,5.881000,469774.88,2851719.79215000,53348,1337040.18448000
1743206400000,5.882000,5.924000,5.435000,5.559000,459193.67,2595623.38838000,49891,1280135.42674000
1743292800000,5.559000,5.746000,5.481000,5.558000,420728.42,2368156.67974000,48695,1163229.00793000
1743379200000,5.559000,5.634000,5.303000,5.537000,451873.56,2488061.98052000,51705,1239245.05023000
1743465600000,5.539000,5.827000,5.507000,5.593000,394955.52,2229978.09333000,44811,1117507.81562000
1743552000000,5.593000,5.729000,5.189000,5.247000,778648.24,4263673.06280000,64635,2087887.48455000
1743638400000,5.246000,5.476000,5.017000,5.247000,480840.66,2516680.78108000,46004,1240332.45608000
1743724800000,5.249000,5.333000,5.043000,5.269000,499947.38,2603673.76830000,45877,1292531.23916000
1743811200000,5.269000,5.355000,5.108000,5.222000,279617.29,1462567.31359000,27496,726177.30357000
1743897600000,5.221000,5.245000,4.537000,4.671000,530852.25,2607178.03996000,49329,1313240.48915000
1743984000000,4.672000,5.021000,4.217000,4.959000,1051849.04,4843713.75759000,93278,2457411.39918000
1744070400000,4.959000,5.166000,4.744000,4.805000,1064685.82,5294893.86558000,73954,2613394.15823000
1744156800000,4.804000,5.224000,4.608000,5.183000,815677.38,4006605.60455000,70488,1995666.98440000
1744243200000,5.184000,5.206000,4.880000,4.952000,591907.88,2965590.19814000,54165,1441220.69064000
1744329600000,4.952000,5.257000,4.940000,5.175000,370044.77,1893484.38905000,40868,946746.87019000
1744416000000,5.175000,5.362000,5.115000,5.322000,444247.25,2323485.15534000,38998,1160707.90939000
1744502400000,5.322000,5.342000,4.887000,4.930000,547502.72,2804529.82844000,51596,1320100.84401000
1744588800000,4.933000,5.124000,4.921000,5.036000,469980.08,2359105.54556000,50531,1105937.63103000
1744675200000,5.036000,5.108000,4.842000,4.893000,345485.03,1721863.61264000,40444,872200.11116000
1744761600000,4.894000,4.991000,4.719000,4.819000,476419.46,2325349.36013000,43404,1153755.28603000
1744848000000,4.818000,4.901000,4.721000,4.855000,637044.33,3081004.21035000,49952,1565837.41608000
1744934400000,4.858000,4.991000,4.807000,4.975000,282170.64,1390139.47754000,28579,707556.43661000
1745020800000,4.975000,5.313000,4.972000,5.279000,427640.09,2213586.62602000,47041,1101074.54092000
1745107200000,5.281000,5.946000,5.261000,5.598000,1640027.80,9071837.26417000,113793,4622688.47309000
1745193600000,5.599000,6.071000,5.587000,5.708000,1271583.52,7410781.45121000,96148,3523699.12717000
1745280000000,5.709000,6.091000,5.390000,6.049000,600310.31,3422528.63969000,54804,1691653.03821000
1745366400000,6.049000,6.383000,6.008000,6.242000,690157.43,4278773.73112000,53800,2051821.22729000
1745452800000,6.241000,6.358000,6.056000,6.293000,481284.43,3000579.74795000,47623,1508354.05626000
1745539200000,6.293000,6.468000,6.174000,6.356000,388281.28,2462566.39453000,41973,1230191.37655000
1745625600000,6.356000,6.731000,6.349000,6.529000,337043.43,2205823.65325000,38531,1108936.03275000
1745712000000,6.530000,6.583000,6.146000,6.190000,296667.91,1869652.06389000,34774,907918.13419000
1745798400000,6.193000,6.467000,6.053000,6.410000,336124.62,2124178.81401000,37108,1056174.67311000
1745884800000,6.412000,6.503000,6.143000,6.223000,298999.36,1907531.00226000,33539,940687.06225000
1745971200000,6.220000,6.467000,6.013000,6.300000,327351.88,2052327.68922000,32059,1104384.37501000
1746057600000,6.302000,6.465000,6.241000,6.397000,267214.91,1699820.36314000,29944,847735.04112000
1746144000000,6.395000,6.669000,6.360000,6.406000,419748.00,2711430.29888000,40171,1377503.90964000
1746230400000,6.407000,6.467000,5.929000,6.037000,399580.08,2487016.42680000,44543,1138684.23204000
1746316800000,6.037000,6.224000,5.956000,6.029000,286538.46,1738932.89808000,40629,859628.22938000
1746403200000,6.029000,6.142000,5.907000,6.042000,395520.73,2375326.33498000,47021,1155854.91618000
1746489600000,6.041000,6.151000,5.724000,5.962000,591362.98,3525160.26261000,61095,1823982.14769000
1746576000000,5.964000,6.285000,5.906000,6.200000,531771.71,3209396.07103000,52594,1595891.35049000
1746662400000,6.206000,6.959000,6.198000,6.957000,720056.46,4742155.10886000,66668,2405216.88058000
1746748800000,6.958000,7.591000,6.868000,7.492000,591907.44,4316112.70547000,73003,2133350.27331000
1746835200000,7.491000,8.166000,7.418000,8.137000,485963.30,3739500.25067000,62597,1849497.03212000
1746921600000,8.136000,8.364000,7.745000,8.011000,553477.77,4456117.44899000,68332,2174683.49810000
1747008000000,8.012000,8.556000,7.710000,8.020000,935128.81,7649699.24909000,104979,3687093.30798000
1747094400000,8.023000,8.301000,7.433000,8.173000,449815.64,3537614.69417000,73761,1683752.06875000
1747180800000,8.177000,8.283000,7.845000,7.947000,368731.56,2957168.25421000,58816,1433251.33211000
1747267200000,7.948000,8.029000,7.136000,7.310000,369400.64,2764057.85406000,59845,1343742.15055000
1747353600000,7.317000,7.526000,7.120000,7.192000,266068.70,1965362.88894000,48465,1007011.32901000
1747440000000,7.194000,7.234000,6.900000,7.029000,302743.88,2129704.25420000,49090,963546.29884000
1747526400000,7.031000,7.508000,6.887000,7.408000,314037.36,2267385.82868000,57811,1128493.57249000
1747612800000,7.412000,7.467000,6.820000,7.164000,379570.90,2689612.31958000,61733,1354949.32104000
1747699200000,7.166000,7.319000,6.965000,7.221000,237385.19,1690641.39972000,47446,863149.79144000
1747785600000,7.222000,7.493000,7.084000,7.334000,272572.52,1980025.34003000,55263,1008789.06158000
1747872000000,7.334000,7.826000,7.316000,7.776000,225437.35,1717830.00351000,48644,882281.46588000
1747958400000,7.777000,7.972000,7.061000,7.081000,378590.22,2854286.42295000,61887,1317616.82517000
1748044800000,7.084000,7.275000,7.050000,7.100000,152953.57,1098310.86134000,39059,534702.28501000
1748131200000,7.099000,7.138000,6.781000,7.081000,209508.17,1453857.98684000,47317,715434.95953000
1748217600000,7.082000,7.189000,6.906000,7.043000,197535.18,1394182.87423000,40778,679332.19842000
1748304000000,7.043000,7.696000,6.835000,7.534000,711662.71,5276544.67707000,90693,2582716.46225000
1748390400000,7.537000,7.681000,7.190000,7.409000,543818.53,4075269.73446000,83353,1871771.61948000
1748476800000,7.410000,7.605000,7.081000,7.138000,442921.99,3278430.58675000,93369,1475898.21041000
1748563200000,7.138000,7.181000,6.288000,6.318000,531325.86,3609852.33962000,73035,1753462.46298000
1748649600000,6.319000,6.464000,6.060000,6.357000,478423.26,2989988.46237000,92082,1458240.94482000
1748736000000,6.356000,6.484000,6.126000,6.456000,221444.43,1394043.42580000,39481,726230.75339000
1748822400000,6.456000,6.587000,6.279000,6.535000,247907.77,1590331.06844000,45304,731983.13512000
1748908800000,6.539000,6.741000,6.471000,6.511000,275333.38,1821148.25798000,48016,873322.52686000
1748995200000,6.510000,6.615000,6.203000,6.210000,330014.79,2112671.34237000,50783,969429.49766000
1749081600000,6.213000,6.252000,5.663000,5.771000,381313.25,2289573.46057000,59500,1115849.16808000
1749168000000,5.770000,6.039000,5.712000,5.752000,294279.71,1727012.46978000,39996,927793.47730000
1749254400000,5.752000,5.910000,5.706000,5.794000,285003.31,1658438.49556000,52562,854950.63260000
1749340800000,5.795000,6.233000,5.676000,6.026000,1203583.60,7209063.79897000,131632,3504829.60594000
1749427200000,6.029000,6.576000,5.863000,6.551000,813179.60,4967098.71025000,87697,2489650.43685000
1749513600000,6.549000,7.480000,6.549000,7.301000,4708720.86,33602695.26359000,351284,16507844.81216000
1749600000000,7.299000,7.302000,6.669000,6.759000,1088427.39,7670595.95423000,99519,3714482.17545000
1749686400000,6.762000,6.798000,6.160000,6.208000,698711.12,4529232.01071000,84593,2231120.18369000
1749772800000,6.207000,6.207000,5.647000,5.920000,789039.42,4622674.43209000,89268,2142984.26128000
1749859200000,5.920000,5.954000,5.514000,5.658000,408069.33,2352666.45008000,49253,1034276.81419000
1749945600000,5.658000,5.728000,5.549000,5.700000,297926.76,1683039.09492000,40487,858565.14094000
1750032000000,5.702000,6.000000,5.616000,5.633000,428330.04,2513407.07531000,55263,1134307.45177000
1750118400000,5.634000,5.736000,5.270000,5.396000,359057.42,1981704.94079000,53993,1011360.89358000
1750204800000,5.397000,5.522000,5.208000,5.475000,293092.07,1577937.56054000,39839,780759.09274000
1750291200000,5.474000,5.542000,5.282000,5.454000,231835.55,1258276.49363000,29547,619749.09956000
1750377600000,5.454000,5.587000,5.176000,5.288000,242747.02,1311315.25773000,33918,604296.96361000
1750464000000,5.288000,5.388000,4.899000,5.079000,386341.40,1991603.31889000,44548,973008.08038000
1750550400000,5.080000,5.146000,4.618000,4.941000,451724.17,2205043.79205000,52595,1116956.38609000
1750636800000,4.940000,5.475000,4.913000,5.435000,525959.60,2704853.23732000,59240,1327273.61732000
1750723200000,5.435000,5.590000,5.374000,5.507000,538945.40,2942807.41744000,49410,1433079.69045000
1750809600000,5.507000,5.541000,5.289000,5.352000,335386.34,1819248.84393000,35478,833559.20615000
1750896000000,5.355000,5.518000,5.189000,5.231000,285875.66,1528965.56009000,35054,759777.23295000
1750982400000,5.232000,5.447000,5.168000,5.323000,295481.93,1571632.17199000,35874,803619.64364000
1751068800000,5.324000,5.426000,5.153000,5.367000,292618.94,1539973.52799000,34012,764827.34269000
1751155200000,5.370000,5.690000,5.363000,5.617000,244888.32,1339674.46658000,34107,686447.52405000
1751241600000,5.618000,5.655000,5.303000,5.401000,333575.22,1828100.72528000,42381,877771.88530000
1751328000000,5.403000,5.504000,5.151000,5.212000,529754.68,2798987.27679000,52842,1401944.92265000
1751414400000,5.211000,5.639000,5.120000,5.506000,364939.74,1984196.24320000,48454,997746.09779000
1751500800000,5.508000,5.670000,5.480000,5.565000,227261.55,1270049.17007000,35992,642849.27474000
1751587200000,5.563000,5.575000,5.177000,5.226000,350102.97,1865383.18537000,40897,918289.02636000
1751673600000,5.228000,5.329000,5.161000,5.242000,165502.22,868938.71929000,23810,432395.38123000
1751760000000,5.243000,5.412000,5.167000,5.343000,146015.14,772923.29161000,22379,430913.99594000
1751846400000,5.344000,5.471000,5.258000,5.345000,279728.87,1496676.57666000,33119,682095.48072000
1751932800000,5.345000,5.471000,5.253000,5.436000,259930.70,1398709.37757000,32089,722175.55758000
1752019200000,5.437000,5.750000,5.403000,5.716000,349055.51,1940784.45882000,39845,981422.70330000
1752105600000,5.716000,6.280000,5.645000,6.231000,570962.48,3367834.08772000,54217,1653382.57484000
1752192000000,6.233000,6.563000,6.137000,6.255000,477481.82,3043045.64295000,59452,1430642.10112000
1752278400000,6.258000,6.523000,6.118000,6.333000,537771.46,3398061.84450000,54934,1634533.62817000
1752364800000,6.333000,6.720000,6.256000,6.441000,749044.79,4876991.79268000,77969,2389461.08023000
1752451200000,6.438000,7.026000,6.319000,6.472000,875058.57,5824647.85237000,94685,2741008.84884000
1752537600000,6.472000,6.747000,6.170000,6.720000,527357.60,3371807.95428000,66314,1668253.74459000
1752624000000,6.722000,6.962000,6.574000,6.788000,429422.91,2901326.70945000,54575,1430160.88842000
1752710400000,6.788000,6.886000,6.502000,6.768000,489724.45,3291528.21781000,64499,1556983.76736000
1752796800000,6.766000,7.272000,6.682000,6.803000,697012.82,4861600.54335000,74121,2414618.56472000
1752883200000,6.805000,6.976000,6.633000,6.918000,315456.34,2155568.80962000,46845,1076838.06448000
1752969600000,6.920000,7.250000,6.862000,7.055000,356268.57,2512714.10726000,50333,1266039.25191000
1753056000000,7.056000,7.520000,6.927000,7.376000,894232.65,6554175.03146000,83063,3105591.48928000
1753142400000,7.377000,7.516000,7.040000,7.255000,1663291.67,12081467.95392000,108924,5830859.63237000
1753228800000,7.256000,7.259000,6.300000,6.514000,710208.10,4850935.13920000,71282,2229078.13798000
1753315200000,6.516000,6.584000,5.750000,5.841000,1359541.78,8101854.67961000,131763,4187194.10251000
1753401600000,5.841000,6.166000,5.697000,6.154000,674228.52,3991685.03440000,63650,1871711.49609000
1753488000000,6.152000,6.202000,5.959000,5.977000,360038.23,2189470.39947000,39762,1087437.66338000
1753574400000,5.976000,6.358000,5.960000,6.324000,282526.71,1736017.57799000,36777,849260.53807000
1753660800000,6.324000,7.357000,6.255000,6.399000,3205902.32,21915766.56996000,256732,10265014.32630000
1753747200000,6.400000,6.550000,6.106000,6.222000,809896.76,5125422.77151000,77361,2400058.48493000
1753833600000,6.222000,6.226000,5.758000,6.040000,574682.93,3456975.42667000,63620,1707290.94281000
1753920000000,6.040000,6.265000,5.648000,5.687000,480743.81,2890778.47661000,56852,1400575.43927000
1754006400000,5.689000,5.799000,5.466000,5.625000,536749.56,3039353.95799000,57669,1376723.15859000
1754092800000,5.625000,5.678000,5.330000,5.448000,285677.54,1572832.55679000,37019,682635.73391000
1754179200000,5.450000,5.864000,5.380000,5.788000,310935.32,1770232.34674000,36477,864531.60070000
1754265600000,5.790000,6.203000,5.778000,6.172000,788950.08,4738611.11898000,65439,2246650.60664000
1754352000000,6.173000,6.229000,5.757000,5.886000,437503.78,2632962.27646000,47745,1153255.14409000
1754438400000,5.885000,5.988000,5.690000,5.926000,291407.58,1703010.79811000,39699,953569.47129000
1754524800000,5.925000,6.271000,5.867000,6.265000,395752.32,2396365.48174000,41924,1309399.68388000
1754611200000,6.264000,7.288000,6.221000,6.783000,2975187.97,20033291.70100000,228883,9744817.79589000
1754697600000,6.784000,6.985000,6.665000,6.781000,1231893.30,8398991.08455000,81341,4040619.83038000
1754784000000,6.782000,7.594000,6.781000,7.144000,2110754.76,15235549.95377000,194644,7348728.83492000
1754870400000,7.145000,7.287000,6.494000,6.623000,947130.58,6581189.65834000,94896,3057100.97212000
1754956800000,6.621000,6.829000,6.454000,6.678000,844988.25,5671346.98329000,82844,2745039.09848000
1755043200000,6.679000,7.150000,6.624000,7.106000,768310.59,5266810.52426000,68643,2664592.49730000
1755129600000,7.107000,7.181000,6.232000,6.431000,788467.23,5314613.25210000,80397,2432628.31251000
1755216000000,6.432000,6.640000,6.242000,6.477000,352576.06,2282307.57665000,43832,1077814.50198000
1755302400000,6.478000,7.194000,6.398000,7.012000,941704.84,6460090.83968000,86742,3036788.94333000
1755388800000,7.015000,7.899000,6.939000,7.111000,6543830.53,49102376.68280000,429226,23930997.44784000
1755475200000,7.111000,7.112000,6.490000,6.514000,1383333.40,9282579.17980000,129797,4070987.33639000
1755561600000,6.514000,6.622000,6.253000,6.285000,662884.75,4269754.70682000,87062,1861922.89990000
1755648000000,6.282000,6.593000,6.189000,6.533000,634863.48,4082656.55452000,70285,1899206.33731000
1755734400000,6.534000,6.601000,6.256000,6.324000,304906.17,1956972.68361000,39388,900939.52735000
1755820800000,6.325000,6.888000,6.001000,6.833000,570855.59,3703685.99136000,58596,1807376.29483000
1755907200000,6.834000,6.857000,6.600000,6.804000,381237.85,2565165.38681000,45164,1219507.17027000
1755993600000,6.803000,6.874000,6.439000,6.600000,452722.09,3007905.71184000,50166,1333845.08898000
1756080000000,6.596000,6.700000,5.900000,5.987000,420491.36,2626694.56620000,49804,1185942.76380000
1756166400000,5.987000,6.649000,5.918000,6.625000,536631.32,3377171.42156000,51358,1714506.76844000
1756252800000,6.623000,7.850000,6.499000,6.797000,7560323.71,53106651.01334000,463928,26027067.15163000
1756339200000,6.797000,6.934000,6.600000,6.797000,1210749.82,8187371.40919000,127061,3679455.16106000
1756425600000,6.798000,6.884000,6.171000,6.297000,773983.20,4986242.12509000,85124,2234128.12850000
1756512000000,6.295000,6.759000,6.226000,6.651000,827636.50,5391861.81606000,90358,2739612.39759000
1756598400000,6.648000,6.765000,6.328000,6.349000,481651.12,3174883.16599000,55356,1503025.74257000
1756684800000,6.347000,6.399000,5.927000,6.088000,677549.31,4197499.03238000,80740,1965757.59420000
1756771200000,6.088000,6.243000,5.857000,5.965000,741412.82,4481700.60735000,99659,2081389.24892000
1756857600000,5.968000,6.015000,5.765000,5.952000,599013.10,3537825.50758000,67815,1756154.39688000
1756944000000,5.953000,5.986000,5.557000,5.676000,592059.85,3374565.95871000,66066,1517925.08624000
1757030400000,5.677000,5.950000,5.655000,5.763000,568135.78,3285360.12439000,58904,1656384.32472000
1757116800000,5.761000,5.825000,5.672000,5.759000,281790.44,1620426.80204000,36264,819277.51050000
1757203200000,5.761000,5.872000,5.735000,5.836000,306998.59,1785496.03668000,33477,812737.49374000
1757289600000,5.836000,6.076000,5.763000,6.014000,441672.63,2617201.28074000,48526,1159716.33071000
1757376000000,6.012000,6.230000,5.831000,5.938000,499944.30,3017700.28129000,55424,1488199.12351000
1757462400000,5.940000,6.066000,5.812000,5.930000,474713.42,2826949.84019000,52008,1361489.15237000
1757548800000,5.931000,6.047000,5.836000,5.999000,362520.36,2155925.58912000,39410,1039589.12737000
1757635200000,5.997000,6.105000,5.900000,6.067000,415962.70,2494453.47406000,42002,1151292.98681000
1757721600000,6.068000,6.289000,6.009000,6.151000,599598.89,3693222.89394000,55589,1705350.18032000
1757808000000,6.150000,6.177000,5.791000,5.864000,513714.54,3062333.91360000,53785,1355873.70256000
1757894400000,5.864000,5.994000,5.532000,5.678000,485376.90,2779564.11959000,48937,1256792.63753000
1757980800000,5.677000,5.803000,5.543000,5.766000,384041.92,2172853.38909000,40560,1028423.23229000
1758067200000,5.767000,6.029000,5.649000,5.958000,458444.74,2661131.94379000,48617,1254280.74439000
1758153600000,5.960000,6.050000,5.856000,6.005000,373655.29,2231176.08320000,35175,1050722.75187000
1758240000000,6.006000,6.157000,5.464000,5.610000,1077486.95,6340326.29160000,77734,2694963.20952000
1758326400000,5.610000,5.982000,5.570000,5.963000,428579.84,2471667.44105000,84014,1147499.58750000
1758412800000,5.963000,6.163000,5.832000,5.953000,349792.88,2092288.37256000,44228,916643.04999000
1758499200000,5.950000,5.974000,5.023000,5.395000,809701.05,4404279.45790000,112389,1816135.89293000
1758585600000,5.393000,5.701000,5.268000,5.459000,515169.81,2842238.33636000,51740,1325525.51622000
1758672000000,5.459000,5.731000,5.368000,5.601000,341348.43,1912578.74151000,35290,910211.86068000
1758758400000,5.603000,5.617000,5.151000,5.229000,466530.54,2494041.13969000,42511,1153794.33009000
1758844800000,5.229000,5.464000,5.172000,5.376000,291804.06,1548296.26871000,35100,801026.52967000
1758931200000,5.378000,5.439000,5.298000,5.387000,120255.88,646519.91786000,21333,330007.90922000
1759017600000,5.388000,5.523000,5.213000,5.513000,180997.88,963315.53570000,21419,506465.81699000
1759104000000,5.516000,5.518000,5.258000,5.342000,249275.69,1345719.34225000,27324,595577.66915000
1759190400000,5.342000,5.362000,5.120000,5.255000,310271.57,1624655.41509000,28894,820323.84197000
1759276800000,5.256000,5.632000,5.191000,5.615000,315075.27,1721836.51138000,35110,854191.67032000
1759363200000,5.619000,5.782000,5.588000,5.685000,269790.73,1534829.99862000,30855,734063.03405000
1759449600000,5.685000,5.877000,5.534000,5.745000,351702.96,1995790.18273000,42804,1003436.60353000
1759536000000,5.745000,5.780000,5.510000,5.659000,272063.35,1532897.97252000,36676,707989.93274000
1759622400000,5.660000,5.851000,5.528000,5.578000,290751.94,1652569.02100000,36876,724129.60966000
1759708800000,5.579000,5.753000,5.528000,5.680000,330701.22,1869130.32985000,38079,951109.06858000
1759795200000,5.678000,5.714000,5.309000,5.334000,402079.45,2212269.57290000,43651,1006321.49370000
1759881600000,5.331000,5.590000,5.242000,5.534000,341154.93,1848179.00477000,35925,844534.28564000
1759968000000,5.534000,5.557000,5.300000,5.448000,326198.12,1764566.28038000,38724,808684.67607000
1760054400000,5.450000,5.563000,2.273000,3.915000,2140692.23,8841144.73781000,130834,3967763.84973000
1760140800000,3.915000,4.333000,3.793000,4.169000,1233578.45,5025154.22741000,100163,2245029.84226000
1760227200000,4.168000,4.499000,4.063000,4.404000,759555.48,3248681.49598000,61695,1510522.04234000
1760313600000,4.404000,4.704000,4.294000,4.637000,571204.78,2553689.17708000,52931,1299590.57541000
1760400000000,4.636000,4.675000,4.127000,4.434000,565481.53,2449728.31858000,47795,1230469.80552000
1760486400000,4.434000,4.510000,4.104000,4.176000,373229.08,1611097.86738000,37656,759251.86786000
1760572800000,4.176000,4.316000,3.932000,4.022000,434143.50,1795329.68672000,44979,863560.88742000
1760659200000,4.023000,4.087000,3.622000,3.833000,739657.71,2820385.64231000,48608,1390550.21125000
1760745600000,3.830000,3.957000,3.777000,3.869000,322332.97,1247723.30971000,29494,629087.24880000
1760832000000,3.870000,4.010000,3.756000,3.900000,536553.20,2085388.14580000,40964,1045799.40924000
1760918400000,3.900000,4.233000,3.786000,3.902000,1022696.04,4127000.08305000,70301,1983256.07086000
1761004800000,3.901000,4.054000,3.723000,3.744000,611297.32,2362005.42727000,46839,1067845.34360000
1761091200000,3.741000,3.793000,3.459000,3.637000,588463.31,2165921.68753000,45793,983461.12803000
1761177600000,3.639000,3.789000,3.626000,3.739000,348255.06,1294162.43074000,27242,629075.30684000
1761264000000,3.739000,3.816000,3.564000,3.662000,488991.05,1810729.14268000,36511,901455.51432000
1761350400000,3.661000,3.726000,3.564000,3.659000,320114.12,1164506.80256000,25751,591293.64071000
1761436800000,3.659000,3.792000,3.596000,3.770000,317437.68,1177080.60713000,28008,548327.06984000
1761523200000,3.770000,3.819000,3.565000,3.606000,373250.68,1381842.07306000,28441,633703.77614000
1761609600000,3.604000,3.699000,3.455000,3.516000,532514.91,1909719.78678000,32162,909970.71485000
1761696000000,3.515000,3.610000,3.372000,3.537000,578177.47,2038958.86156000,41501,986366.92073000
1761782400000,3.537000,3.561000,3.190000,3.297000,628409.80,2112545.15156000,43590,1023996.11233000
1761868800000,3.296000,3.357000,3.192000,3.245000,373773.98,1229296.52025000,30769,628281.23764000
1761955200000,3.246000,3.470000,3.226000,3.431000,577671.64,1940341.59108000,38571,985196.23250000
1762041600000,3.432000,3.773000,3.375000,3.520000,2440302.91,8653593.33673000,117833,4048816.50008000
1762128000000,3.521000,3.538000,2.842000,3.281000,1666278.29,5314185.23979000,95673,2516074.20745000
1762214400000,3.282000,4.056000,3.059000,3.226000,6300359.98,22295149.21799000,392454,10704706.29555000
1762300800000,3.226000,3.549000,3.040000,3.475000,1208552.28,3941278.36652000,100660,1933074.13384000
1762387200000,3.474000,3.782000,3.246000,3.589000,2617848.21,9271026.73858000,190500,4490168.04679000
1762473600000,3.590000,4.650000,3.498000,4.146000,2687968.17,10622695.08185000,157138,5105210.75203000
1762560000000,4.145000,4.650000,3.688000,3.874000,3287628.64,13369396.83356000,271675,6276282.96307000
1762646400000,3.873000,3.901000,3.661000,3.751000,886999.61,3356524.18061000,86713,1671729.37839000
1762732800000,3.752000,3.886000,3.648000,3.733000,672150.54,2533139.82917000,69275,1267862.12241000
1762819200000,3.734000,4.113000,3.620000,3.913000,1674915.61,6406815.33534000,158082,3136910.28452000
1762905600000,3.914000,3.991000,3.528000,3.662000,1367562.64,5101154.21482000,92553,2474156.14490000
1762992000000,3.663000,4.079000,3.507000,3.581000,1658462.75,6363857.49194000,103160,3111074.79560000
1763078400000,3.582000,3.629000,3.320000,3.389000,1088371.15,3793418.53494000,95037,1834975.83539000
1763164800000,3.389000,3.541000,3.371000,3.477000,408988.10,1412913.48500000,48776,698771.80514000
1763251200000,3.476000,3.561000,3.195000,3.286000,666022.17,2249681.23898000,60236,1052183.98429000
1763337600000,3.290000,3.368000,3.127000,3.194000,526398.49,1714188.68478000,39418,855335.38935000
1763424000000,3.194000,3.297000,3.120000,3.204000,568685.09,1819063.71153000,36198,871509.76254000
1763510400000,3.203000,3.217000,3.003000,3.195000,550444.22,1715387.06436000,34632,795581.80441000
1763596800000,3.194000,3.340000,3.043000,3.192000,894406.17,2850763.66318000,49997,1330988.38797000
1763683200000,3.194000,3.278000,2.846000,3.068000,936910.49,2868937.08777000,72718,1350933.53195000
1763769600000,3.069000,3.157000,2.934000,3.069000,456380.78,1379549.31556000,30793,675041.89950000
1763856000000,3.068000,3.139000,3.011000,3.053000,587947.45,1808718.53081000,42116,886574.83488000
1763942400000,3.054000,3.180000,2.970000,3.120000,466863.24,1436043.54345000,32862,694749.10070000
1764028800000,3.119000,3.204000,3.069000,3.183000,437211.68,1371695.70295000,55008,662387.09119000
1764115200000,3.183000,3.218000,3.082000,3.196000,311836.08,986908.49190000,21076,491553.66703000
1764201600000,3.196000,3.706000,3.165000,3.297000,1719287.34,5872908.79108000,83325,2899398.69556000
1764288000000,3.295000,3.332000,3.167000,3.197000,697382.82,2266241.36900000,41455,1089522.03084000
1764374400000,3.197000,3.260000,3.130000,3.158000,310421.96,989313.77475000,28532,474108.67014000
1764460800000,3.158000,3.287000,3.124000,3.174000,338889.19,1083092.93871000,27714,524574.46393000
1764547200000,3.174000,3.176000,2.830000,2.898000,477078.45,1401415.64466000,29513,663675.76207000
1764633600000,2.897000,3.107000,2.861000,3.030000,336634.40,1006374.44808000,19947,469187.51737000
1764720000000,3.031000,3.126000,2.976000,3.096000,443147.84,1352058.59846000,26008,680784.91891000
1764806400000,3.098000,3.121000,2.916000,2.959000,293323.55,885511.71034000,18529,478203.96541000
1764892800000,2.959000,3.011000,2.794000,2.877000,426243.89,1233673.64577000,24187,624958.43370000
1764979200000,2.880000,2.984000,2.841000,2.927000,362018.91,1052096.06514000,19792,503076.26580000
1765065600000,2.929000,3.250000,2.885000,2.969000,2593504.72,7901124.56886000,103879,3716850.60016000
1765152000000,2.968000,3.348000,2.941000,3.049000,3407156.44,10760783.43196000,139602,5256467.32937000
1765238400000,3.047000,3.141000,2.998000,3.099000,907745.28,2790601.79572000,53294,1326859.06110000
1765324800000,3.099000,3.130000,2.981000,3.017000,712551.70,2176961.48712000,44484,1009802.44309000
1765411200000,3.018000,3.033000,2.876000,2.973000,604410.18,1773353.97664000,40940,822174.03130000
1765497600000,2.975000,3.016000,2.825000,2.903000,406811.07,1193045.28497000,23321,551730.56335000
1765584000000,2.902000,2.923000,2.835000,2.876000,252147.20,726039.80532000,20389,364774.95325000
1765670400000,2.875000,2.880000,2.663000,2.701000,415433.85,1155656.15861000,36208,520923.91206000
1765756800000,2.702000,2.788000,2.512000,2.616000,505275.45,1335261.18770000,31253,678719.33255000
1765843200000,2.615000,2.638000,2.544000,2.572000,322182.38,835702.66408000,38791,398668.80324000
1765929600000,2.570000,2.576000,2.363000,2.403000,640600.09,1583912.42218000,30034,682225.96403000
1766016000000,2.405000,2.478000,2.272000,2.341000,613406.65,1457901.57387000,31680,708988.51941000
1766102400000,2.342000,2.506000,2.324000,2.497000,299918.97,725457.19640000,17881,380649.43095000
1766188800000,2.497000,2.553000,2.477000,2.542000,169907.93,427618.60829000,12395,200108.56935000
1766275200000,2.542000,2.600000,2.412000,2.456000,663771.36,1669837.57903000,28175,762303.86884000
1766361600000,2.455000,2.535000,2.425000,2.498000,268290.59,667623.59600000,16946,348151.17593000
1766448000000,2.498000,2.532000,2.428000,2.505000,218915.82,543935.21994000,16657,255390.78362000
1766534400000,2.505000,2.614000,2.439000,2.606000,569261.70,1417043.40707000,29124,740417.17350000
1766620800000,2.605000,2.750000,2.504000,2.506000,1268402.08,3328248.84996000,55494,1603659.35815000
1766707200000,2.505000,2.582000,2.484000,2.550000,317607.00,805705.34261000,27345,416786.07890000
1766793600000,2.551000,2.592000,2.490000,2.577000,274727.51,700355.64078000,22288,376003.23877000
1766880000000,2.576000,2.584000,2.484000,2.500000,213277.78,541452.18472000,19468,255814.64013000
1766966400000,2.500000,2.540000,2.409000,2.435000,362082.35,894254.84273000,19989,452247.22703000
1767052800000,2.435000,2.489000,2.388000,2.449000,301905.94,736094.50165000,16676,346275.38797000
1767139200000,2.449000,2.528000,2.386000,2.472000,494426.17,1209815.31084000,21586,571825.58140000
1767225600000,2.473000,2.604000,2.451000,2.584000,368215.77,930158.28836000,21967,471483.42808000
1767312000000,2.586000,2.662000,2.545000,2.650000,436596.01,1133223.76956000,20045,616446.11042000
1767398400000,2.649000,2.734000,2.537000,2.696000,602097.33,1585436.13060000,36756,762407.80226000
1767484800000,2.695000,2.761000,2.678000,2.716000,471242.73,1279183.68925000,28570,580552.80055000
1767571200000,2.716000,2.791000,2.645000,2.728000,557770.74,1513133.96315000,27287,721996.06109000
1767657600000,2.727000,2.800000,2.612000,2.723000,608651.37,1653344.42751000,31723,763159.65376000
1767744000000,2.723000,2.751000,2.644000,2.692000,446659.14,1204417.60044000,27432,549437.71365000
1767830400000,2.692000,2.837000,2.601000,2.685000,1125792.20,3055983.06558000,50222,1455366.04518000
1767916800000,2.686000,2.755000,2.650000,2.697000,453289.67,1224471.33423000,24626,594537.36806000
1768003200000,2.696000,2.744000,2.648000,2.675000,354782.08,957442.71496000,23377,454703.14675000
1768089600000,2.674000,2.700000,2.578000,2.620000,215994.80,574319.70832000,23832,267819.96159000
1768176000000,2.620000,2.680000,2.537000,2.581000,222266.63,577470.88027000,17286,289703.64375000
1768262400000,2.578000,2.761000,2.571000,2.720000,494159.33,1331279.46756000,30024,680216.82965000
1768348800000,2.720000,2.811000,2.689000,2.717000,525806.97,1440810.81325000,30282,724697.27752000
1768435200000,2.717000,2.735000,2.517000,2.557000,558328.83,1461778.03450000,30487,672675.35992000
1768521600000,2.557000,2.647000,2.510000,2.595000,561690.08,1447812.82058000,30550,699584.24720000
1768608000000,2.594000,2.644000,2.549000,2.588000,399316.99,1035815.27798000,23149,487324.86142000
1768694400000,2.588000,2.636000,2.474000,2.474000,435626.58,1118535.58663000,24831,505121.74366000
1768780800000,2.475000,2.475000,2.216000,2.427000,684914.54,1636281.99767000,61306,764575.30978000
1768867200000,2.427000,2.468000,2.284000,2.303000,388787.43,919269.53378000,27227,428478.18778000
1768953600000,2.302000,2.394000,2.290000,2.338000,430904.64,1012849.12348000,25126,503542.87863000
1769040000000,2.337000,2.362000,2.262000,2.288000,337675.98,780484.40523000,19690,368279.81641000
1769126400000,2.290000,2.338000,2.258000,2.288000,270244.43,621954.20934000,17968,282002.46451000
1769212800000,2.288000,2.332000,2.263000,2.327000,277545.45,636933.18582000,16317,299682.02437000
1769299200000,2.327000,2.438000,2.151000,2.218000,1356558.70,3110225.28483000,62358,1471696.15833000
1769385600000,2.218000,2.503000,2.206000,2.325000,1317829.41,3080631.57192000,54271,1478481.31298000
1769472000000,2.325000,2.345000,2.250000,2.339000,460824.06,1056009.68313000,29620,510293.37113000
1769558400000,2.338000,2.339000,2.252000,2.277000,401332.16,923519.17878000,27868,432011.32230000
1769644800000,2.277000,2.281000,2.083000,2.129000,578773.67,1257312.93788000,32228,616623.65165000
1769731200000,2.129000,2.192000,2.055000,2.138000,533219.35,1127127.55011000,29474,537900.06560000
1769817600000,2.138000,2.139000,1.692000,1.844000,1029618.30,1964586.09959000,58555,906385.76305000
1769904000000,1.843000,1.909000,1.751000,1.787000,570815.70,1050940.30494000,33890,529937.23118000
1769990400000,1.787000,1.868000,1.733000,1.820000,595866.63,1077593.84909000,30134,543365.37333000
1770076800000,1.821000,1.850000,1.711000,1.769000,623110.17,1120760.88763000,28531,551271.43391000
1770163200000,1.767000,1.811000,1.688000,1.727000,523209.31,913240.83007000,25885,459861.18406000
1770249600000,1.729000,1.751000,1.455000,1.468000,1113338.90,1763559.19045000,46920,803905.93635000
1770336000000,1.467000,1.622000,1.312000,1.610000,1017230.54,1538081.11717000,47253,805098.86520000
1770422400000,1.609000,1.624000,1.533000,1.563000,559201.49,875620.59969000,26037,431799.19060000
1770508800000,1.563000,1.570000,1.487000,1.503000,505402.88,777014.52077000,20449,369449.08177000
1770595200000,1.503000,1.529000,1.437000,1.499000,426437.10,635703.96347000,21226,303398.59267000
1770681600000,1.499000,1.513000,1.461000,1.487000,389199.98,576099.04569000,18013,298230.24049000
1770768000000,1.486000,1.503000,1.407000,1.464000,542117.06,785892.05307000,22108,398416.77762000
1770854400000,1.465000,1.555000,1.444000,1.478000,660547.47,989897.89700000,28380,456938.55571000
1770940800000,1.478000,1.498000,1.433000,1.486000,548493.35,803126.66262000,21560,417720.74706000
1771027200000,1.486000,1.567000,1.465000,1.534000,935033.04,1415915.73849000,28571,683008.08013000
1771113600000,1.535000,1.550000,1.437000,1.467000,681579.14,1021022.15424000,23873,457134.77597000
1771200000000,1.467000,1.490000,1.437000,1.476000,558039.61,816987.05668000,21027,438039.51818000
1771286400000,1.476000,1.487000,1.436000,1.456000,519836.30,761356.17903000,18650,368999.54239000
1771372800000,1.456000,1.481000,1.381000,1.395000,485885.26,694461.84103000,19779,334085.76951000
1771459200000,1.396000,1.412000,1.347000,1.390000,531205.91,733306.57865000,18486,349960.25133000
1771545600000,1.390000,1.419000,1.368000,1.410000,510763.16,713868.31289000,17716,348864.23377000
1771632000000,1.408000,1.446000,1.388000,1.389000,448275.70,636094.69974000,20474,297394.28358000
1771718400000,1.388000,1.388000,1.325000,1.340000,437185.74,591804.75088000,18956,294855.12289000
1771804800000,1.340000,1.342000,1.235000,1.244000,1014020.95,1300012.74156000,25897,641498.47432000
1771891200000,1.244000,1.281000,1.215000,1.249000,751128.14,933461.77102000,21486,450194.00489000
1771977600000,1.249000,1.368000,1.222000,1.317000,1301955.25,1689486.28774000,32880,901350.27009000
1772064000000,1.317000,1.326000,1.228000,1.271000,974257.89,1242447.16331000,23474,616230.13413000
1772150400000,1.272000,1.366000,1.248000,1.273000,1319802.79,1716632.05384000,43899,826448.21667000
1772236800000,1.273000,1.288000,1.143000,1.265000,1422824.73,1709658.56554000,34979,850470.52130000
1772323200000,1.266000,1.297000,1.172000,1.201000,1072009.79,1324955.11587000,27360,661482.01465000
1772409600000,1.202000,1.277000,1.187000,1.228000,850936.11,1045291.93750000,22163,520095.05467000
1772496000000,1.229000,1.333000,1.196000,1.287000,2008824.76,2556257.35325000,42562,1274098.20689000
1772582400000,1.287000,1.337000,1.243000,1.303000,1436918.54,1859488.63662000,37829,814644.34879000
1772668800000,1.303000,1.318000,1.254000,1.275000,720138.89,928109.08917000,25649,435596.03889000
1772755200000,1.275000,1.322000,1.241000,1.260000,826806.91,1058266.24812000,24209,520438.74519000
1772841600000,1.260000,1.474000,1.233000,1.369000,7438098.71,10159626.40816000,127728,5059318.74044000
1772928000000,1.370000,1.419000,1.192000,1.200000,5262714.52,6734850.54505000,81503,3150051.15946000
1773014400000,1.200000,1.294000,1.198000,1.235000,2215350.79,2762692.93962000,45661,1391989.90739000
1773100800000,1.236000,1.261000,1.209000,1.224000,1222401.14,1507299.41797000,33535,757190.37566000
1773187200000,1.223000,1.256000,1.191000,1.250000,1036350.02,1272114.77865000,28506,630315.60627000
1773273600000,1.249000,1.268000,1.222000,1.263000,784025.15,980142.61788000,19933,477300.98636000
1773360000000,1.262000,1.343000,1.262000,1.288000,1241485.67,1610632.64697000,40175,754150.37755000
1773446400000,1.287000,1.329000,1.269000,1.301000,919285.09,1193269.13248000,22953,612315.28590000
1773532800000,1.301000,1.331000,1.286000,1.317000,652749.41,852175.61231000,17218,422074.32697000
1773619200000,1.317000,1.376000,1.274000,1.338000,1183888.57,1572300.91670000,28955,734102.74634000
1773705600000,1.339000,1.348000,1.283000,1.301000,1002560.08,1317372.96688000,22595,637940.34489000
1773792000000,1.301000,1.310000,1.219000,1.235000,946956.33,1197157.64078000,23488,583317.43153000
1773878400000,1.235000,1.237000,1.158000,1.182000,844613.53,1002922.15473000,21136,483947.97880000
1773964800000,1.182000,1.190000,1.129000,1.150000,702637.93,816156.64562000,16677,391494.20790000
1774051200000,1.151000,1.196000,1.120000,1.127000,913156.56,1059201.11389000,19612,476663.27932000
1774137600000,1.126000,1.184000,1.107000,1.122000,1473704.71,1689555.60717000,34033,843010.43759000
1774224000000,1.120000,1.156000,1.096000,1.124000,995442.06,1121969.50433000,18950,549686.52732000
1774310400000,1.124000,1.150000,1.109000,1.128000,716248.09,808256.03658000,15439,400151.57444000
1774396800000,1.128000,1.140000,1.113000,1.122000,554669.61,625748.28197000,12516,310043.61787000
1774483200000,1.122000,1.125000,1.028000,1.052000,1014008.70,1086126.85640000,19346,495728.96891000
1774569600000,1.052000,1.086000,1.027000,1.034000,1016392.71,1074837.80980000,19496,518792.07457000
1774656000000,1.035000,1.052000,1.010000,1.023000,608861.93,625791.03177000,13402,338153.21612000
1774742400000,1.022000,1.032000,0.976000,1.001000,657591.24,665143.95525000,14702,312742.76957000
1774828800000,1.002000,1.140000,1.002000,1.053000,4091498.09,4465378.81541000,53006,2207570.65590000
1774915200000,1.054000,1.363000,1.051000,1.269000,15729225.61,20033750.41123000,182246,9870992.92427000
1775001600000,1.269000,1.369000,1.247000,1.315000,8651752.31,11258190.86462000,134165,5579194.62396000
1775088000000,1.315000,1.348000,1.164000,1.173000,3642697.46,4598037.92810000,68228,2251747.02890000
1775174400000,1.172000,1.247000,1.161000,1.212000,1499885.79,1800423.73229000,35128,898615.33950000
1775260800000,1.212000,1.257000,1.148000,1.190000,1108329.78,1331376.08174000,27396,605632.33595000
1775347200000,1.191000,1.192000,1.141000,1.165000,950895.04,1104170.38248000,24027,560886.66536000
1775433600000,1.164000,1.214000,1.145000,1.158000,980673.65,1154701.31924000,29385,576767.83765000
1775520000000,1.158000,1.197000,1.113000,1.189000,964210.15,1101496.61866000,21217,531464.14885000
1775606400000,1.190000,1.260000,1.170000,1.177000,1948470.03,2362862.94163000,35713,1124452.69938000
1775692800000,1.176000,1.258000,1.164000,1.219000,1314770.60,1598326.91597000,27344,798754.31104000
1775779200000,1.220000,1.246000,1.196000,1.205000,957420.39,1167100.78880000,29232,580031.57912000
1775865600000,1.205000,1.239000,1.167000,1.223000,827692.44,992958.44354000,18609,459907.37857000
1775952000000,1.223000,1.231000,1.153000,1.166000,740957.73,874464.28786000,20296,424128.38061000
1776038400000,1.167000,1.199000,1.142000,1.187000,883316.76,1032129.04844000,22911,556311.01924000
1776124800000,1.187000,1.232000,1.170000,1.189000,1007715.55,1209365.19168000,20633,611973.91694000
1776211200000,1.189000,1.215000,1.175000,1.207000,612873.21,731348.98185000,16120,358587.27050000
1776297600000,1.206000,1.532000,1.197000,1.444000,4758722.69,6562172.84459000,103728,3186888.91556000
1776384000000,1.444000,4.400000,1.417000,2.914000,234081911.17,770235219.34360000,7355122,385758294.30862000
1776470400000,2.914000,2.992000,2.141000,2.156000,63963676.78,158228418.31372000,1798128,79710438.68955000
1776556800000,2.155000,2.227000,1.823000,1.914000,17072781.90,33668085.81250000,617324,16469352.88529000
1776643200000,1.914000,2.108000,1.838000,1.949000,9959637.94,19244032.75630000,433101,9557619.75685000
1776729600000,1.948000,2.199000,1.752000,1.790000,8735384.27,16923651.74712000,297139,8005496.61466000
1776816000000,1.789000,1.839000,1.651000,1.654000,4510116.34,7875079.95703000,114628,3773294.27625000
1776902400000,1.654000,3.348000,1.622000,2.622000,148490957.87,414728593.98650000,4029824,207416921.80164000
1776988800000,2.621000,2.829000,2.167000,2.193000,68792415.47,164515913.92853000,1839009,81288121.70650000
1777075200000,2.193000,2.812000,2.187000,2.464000,32368771.26,79763442.42317000,1294091,39170655.64520000
1777161600000,2.465000,2.505000,2.180000,2.215000,10153471.26,23621467.03168000,388152,11266420.14938000
1777248000000,2.216000,2.431000,2.137000,2.298000,8977572.54,20311437.58440000,388278,10066253.03884000
1777334400000,2.296000,2.403000,2.229000,2.285000,5779087.42,13290560.71620000,199537,6472352.30661000
1777420800000,2.284000,2.588000,2.273000,2.445000,15352837.45,36991093.61342000,465338,18135776.18635000
1777507200000,2.445000,2.471000,2.311000,2.446000,5767889.48,13746850.74932000,185403,6442154.42888000
1777593600000,2.446000,2.620000,2.370000,2.431000,4906913.56,12065543.09583000,177170,5812324.36203000
1777680000000,2.430000,2.728000,2.416000,2.530000,6754982.64,17453494.78016000,252895,8396296.10393000
1777766400000,2.530000,2.636000,2.356000,2.419000,4278444.56,10629041.92493000,170814,4928880.36369000
1777852800000,2.419000,2.471000,2.216000,2.231000,2950271.47,7016662.01477000,124637,3186761.09842000
1777939200000,2.231000,2.257000,2.093000,2.131000,4057928.20,8835161.39367000,151505,4247960.00896000
1778025600000,2.131000,2.370000,2.103000,2.211000,5399103.77,11872735.03069000,187107,5977627.24028000
1778112000000,2.209000,2.629000,2.181000,2.546000,8952443.23,21103898.55634000,331340,10261716.53832000
1778198400000,2.546000,2.815000,2.363000,2.722000,14543183.31,38074480.74802000,522864,18475242.82685000
1778284800000,2.721000,2.783000,2.528000,2.620000,4022842.38,10600873.87837000,177331,5051085.82150000
1778371200000,2.620000,2.888000,2.473000,2.555000,5095497.62,13764446.92602000,229474,6643394.01094000
1778457600000,2.555000,2.810000,2.486000,2.808000,3347607.96,8812831.32343000,149519,4438511.10944000
1778544000000,2.808000,2.884000,2.618000,2.631000,4596053.45,12756484.63403000,201202,6237869.15945000
1778630400000,2.631000,2.737000,2.525000,2.549000,2562721.91,6742438.17694000,110975,3321105.37727000
1778716800000,2.549000,2.719000,2.537000,2.596000,2299482.85,6055499.73117000,107264,3010322.23011000
1778803200000,2.597000,2.641000,2.280000,2.351000,2387573.11,5807380.98885000,106368,2864954.55611000
1778889600000,2.351000,2.380000,2.203000,2.242000,1810414.51,4107578.95438000,71613,1944582.62382000
1778976000000,2.242000,2.355000,2.160000,2.249000,2148682.11,4912230.94267000,85212,2512782.79873000
1779062400000,2.248000,2.298000,2.159000,2.245000,1438574.44,3208425.11540000,63147,1635915.47273000
1779148800000,2.244000,2.263000,2.143000,2.208000,1728176.99,3809919.87874000,73538,1871513.65058000
1779235200000,2.208000,2.282000,2.185000,2.207000,1360968.20,3029166.71877000,52288,1559521.56097000
1779321600000,2.207000,2.338000,2.183000,2.323000,1794045.30,4078282.19421000,66949,1999275.11780000
1779408000000,2.322000,2.369000,2.077000,2.096000,2037150.87,4608770.39397000,80129,2200131.79768000
1779494400000,2.097000,2.196000,2.007000,2.146000,1692638.07,3557319.24015000,64616,1739776.85969000
1779580800000,2.147000,2.159000,1.963000,1.990000,1323544.22,2746830.65405000,49560,1226443.26482000
1779667200000,1.991000,2.083000,1.983000,2.001000,1320973.54,2694058.69606000,50190,1341446.80828000
1779753600000,2.002000,2.002000,1.858000,1.865000,1677228.38,3240053.18535000,53395,1579188.91674000
1779840000000,1.866000,1.933000,1.787000,1.817000,1329972.25,2498107.56453000,48267,1229919.28671000
1779926400000,1.817000,1.843000,1.710000,1.718000,1639480.86,2905229.51772000,50732,1505861.05751000
1780012800000,1.719000,1.742000,1.632000,1.686000,1718548.67,2899418.82958000,50157,1413480.12823000
1780099200000,1.687000,1.709000,1.633000,1.645000,1203848.54,2016377.29737000,37579,1031845.14861000
1780185600000,1.646000,1.706000,1.595000,1.642000,1374419.53,2259491.72551000,38590,1119672.31136000
1780272000000,1.642000,1.822000,1.626000,1.683000,3405791.99,5832156.74769000,98574,2972310.71718000
1780358400000,1.682000,1.691000,1.506000,1.544000,1894594.23,3004558.84752000,52036,1390101.07651000
1780444800000,1.544000,1.590000,1.466000,1.511000,1377518.57,2127454.21986000,47867,1004284.42905000
1780531200000,1.511000,1.522000,1.273000,1.327000,2265773.05,3164638.51213000,59715,1497298.74758000
1780617600000,1.326000,1.336000,1.165000,1.243000,2784154.61,3481172.22981000,56559,1716569.04294000
1780704000000,1.244000,1.257000,1.156000,1.232000,1347521.65,1629642.98450000,36885,791714.50000000
1780790400000,1.232000,1.386000,1.224000,1.280000,4591323.11,6015624.14653000,84786,2951838.68720000
1780876800000,1.281000,1.314000,1.232000,1.271000,1691551.86,2158437.76279000,41646,1091550.19470000
1780963200000,1.270000,1.314000,1.220000,1.250000,2118102.14,2690858.12720000,43448,1308732.36220000
1781049600000,1.250000,1.264000,1.163000,1.187000,1557419.48,1900901.01878000,37541,956618.34382000
1781136000000,1.187000,1.364000,1.186000,1.310000,2361232.93,2983660.22635000,49736,1512622.74063000
1781222400000,1.310000,1.530000,1.281000,1.400000,10098339.75,14286065.48463000,182395,7100493.69468000
1781308800000,1.401000,1.405000,1.306000,1.318000,2392553.62,3206973.97851000,48779,1466257.00075000
1781395200000,1.318000,1.363000,1.266000,1.361000,2184875.13,2877150.43057000,41166,1402726.23139000
1781481600000,1.360000,1.498000,1.352000,1.410000,3130404.45,4478275.93627000,64623,2194311.92153000
1781568000000,1.409000,1.470000,1.367000,1.384000,1651596.80,2335197.22485000,43687,1101197.98792000
1781654400000,1.385000,1.416000,1.314000,1.346000,2345063.91,3213631.77093000,40599,1597706.30017000
1781740800000,1.346000,1.362000,1.260000,1.291000,1473654.47,1938807.58507000,32201,949210.03803000
1781827200000,1.290000,1.297000,1.253000,1.272000,902087.04,1149806.41673000,20605,592960.04685000
1781913600000,1.273000,1.306000,1.239000,1.284000,1467819.47,1873638.74164000,27312,968816.82780000
1782000000000,1.284000,1.302000,1.204000,1.206000,1559310.10,1971077.91766000,29580,988733.59362000
1782086400000,1.207000,1.248000,1.158000,1.178000,2487356.64,3012912.72439000,45457,1480703.13103000
1782172800000,1.177000,1.389000,1.160000,1.178000,10748745.56,13685153.76917000,176216,6693328.98764000
1782259200000,1.179000,1.193000,1.051000,1.116000,3057317.95,3464570.05276000,54550,1679198.74678000
1782345600000,1.117000,1.122000,1.013000,1.079000,1733739.08,1863131.34575000,29728,916437.90298000
1782432000000,1.080000,1.194000,1.043000,1.191000,3108918.18,3539746.82265000,56920,1795175.83142000
1782518400000,1.191000,1.247000,1.116000,1.132000,3014578.92,3540078.34158000,48834,1761304.03708000
1782604800000,1.131000,1.182000,1.120000,1.173000,1529444.29,1745158.39124000,26767,946158.87951000
1782691200000,1.173000,1.232000,1.144000,1.176000,1652679.07,1949795.05563000,28969,956783.00072000
1782777600000,1.176000,1.195000,1.127000,1.156000,1145620.40,1330084.35465000,21178,656143.58503000
1782864000000,1.155000,1.202000,1.126000,1.189000,1117667.43,1299538.23126000,24705,633326.06801000
1782950400000,1.188000,1.282000,1.176000,1.211000,1383620.99,1691570.61093000,26530,853795.13635000
1783036800000,1.210000,1.270000,1.201000,1.253000,917598.58,1134931.45650000,18456,551406.80090000
1783123200000,1.253000,1.372000,1.226000,1.369000,3739140.14,4870449.44343000,70418,2358258.78508000
1783209600000,1.369000,1.449000,1.266000,1.409000,4702870.09,6350060.71052000,89698,3054229.55680000
1783296000000,1.409000,1.563000,1.332000,1.519000,11795980.34,17088054.77600000,190766,8390558.80850000
1783382400000,1.520000,1.559000,1.351000,1.389000,2795508.29,4036002.05693000,57674,1947836.46242000
1783468800000,1.390000,1.480000,1.337000,1.376000,3124808.39,4399318.93488000,58452,2177952.95496000
1783555200000,1.376000,1.404000,1.323000,1.341000,1454287.83,1977030.23793000,33229,1004781.19866000
1783641600000,1.341000,1.421000,1.328000,1.394000,1438059.81,1988738.04343000,35296,990881.43193000
1783728000000,1.393000,1.429000,1.374000,1.384000,965074.26,1351375.86772000,26431,631287.62658000
1783814400000,1.384000,1.395000,1.305000,1.316000,817157.45,1108260.26601000,23244,547465.67439000
1783900800000,1.315000,1.342000,1.249000,1.272000,968254.48,1263083.07241000,41194,597879.30354000
1783987200000,1.272000,1.363000,1.269000,1.337000,766228.25,1005889.45400000,27995,498260.69234000
1784073600000,1.337000,1.380000,1.306000,1.360000,1097179.40,1471311.12459000,33444,741636.27642000
1784160000000,1.360000,1.369000,1.296000,1.309000,913911.21,1208469.47285000,20815,586291.41463000
1784246400000,1.308000,1.341000,1.265000,1.302000,925068.77,1203841.91068000,21396,588832.93859000
1784332800000,1.302000,1.329000,1.287000,1.301000,760083.27,990793.90423000,16731,496724.87188000
1784419200000,1.301000,1.346000,1.290000,1.309000,649747.99,855934.07838000,17199,420267.08176000
1784505600000,1.308000,1.326000,1.273000,1.297000,1003593.71,1306581.99460000,23870,661619.92700000
1784592000000,1.297000,1.359000,1.294000,1.324000,643223.27,852398.40542000,16436,409727.34161000
1784678400000,1.322000,1.338000,1.295000,1.305000,533335.04,703846.01984000,12993,369760.52337000
1784764800000,1.305000,1.317000,1.267000,1.274000,605040.08,782280.38392000,12201,383648.86879000
1784851200000,1.275000,1.294000,1.212000,1.236000,983542.73,1229050.58610000,17641,598077.67838000
1784937600000,1.236000,1.284000,1.227000,1.257000,857031.03,1077177.50227000,29537,540060.42091000
1785024000000,1.256000,1.291000,1.251000,1.277000,662086.12,837832.02028000,16043,413530.17708000
1785110400000,1.278000,1.285000,1.166000,1.172000,873995.75,1069552.55276000,18725,468425.64700000
1785196800000,1.173000,1.205000,1.155000,1.176000,699614.17,826872.38444000,17690,406882.28416000
1785283200000,1.176000,1.183000,1.114000,1.136000,694918.53,798669.90598000,13735,386666.66838000
1785369600000,1.136000,1.202000,1.129000,1.151000,657139.49,765972.99233000,15383,400930.74947000
1785456000000,1.151000,1.180000,1.139000,1.150000,626783.36,726697.56460000,12736,360008.05668000
1785542400000,1.151000,1.181000,1.121000,1.135000,504917.77,582503.41156000,13723,280217.37172000
1785628800000,1.136000,1.162000,1.128000,1.149000,427987.57,491753.37510000,10566,236767.36424000
1785715200000,1.150000,1.152000,1.127000,1.144000,624861.43,713188.18347000,12559,341328.63930000
1785801600000,1.145000,1.163000,1.131000,1.131000,460161.89,526192.89431000,10315,260512.97116000
1785888000000,1.131000,1.162000,1.128000,1.145000,514835.05,590826.23908000,10550,307679.92082000
1785974400000,1.146000,1.256000,1.138000,1.180000,2109069.06,2526584.57645000,37169,1217425.56612000
1786060800000,1.179000,1.197000,1.143000,1.145000,1018528.61,1186740.91140000,24960,560801.53751000
1786147200000,1.146000,1.204000,1.133000,1.174000,1203734.33,1396444.68198000,25934,673152.19805000
1786233600000,1.175000,1.216000,1.142000,1.148000,1427995.99,1684825.78934000,28930,851784.00969000
1786320000000,1.148000,1.182000,1.140000,1.143000,606706.50,704563.65848000,14542,305433.20215000
1786406400000,1.143000,1.143000,0.866000,0.910000,14206918.46,13579137.22892000,252510,6252228.85878000
1786492800000,0.910000,1.055000,0.812000,0.823000,14162006.07,12967238.89160000,175785,6051996.23181000
1786579200000,0.823000,0.883000,0.790000,0.854000,6793354.68,5640536.44851000,89095,2760415.59939000
1786665600000,0.854000,0.856000,0.717000,0.765000,7810008.33,5933294.41227000,107566,2753808.24016000
1786752000000,0.765000,1.043000,0.764000,0.778000,50572041.53,44989591.33312000,486956,21774597.76425000
1786838400000,0.778000,0.878000,0.749000,0.776000,16299424.06,13125529.29058000,177065,6410787.34579000
1786924800000,0.776000,0.802000,0.752000,0.754000,5298963.49,4115011.48268000,72193,2044137.37308000
1787011200000,0.755000,0.795100,0.723000,0.742500,5728704.63,4327644.71269900,137537,2072039.93199900
1787097600000,0.742500,0.780100,0.720100,0.758900,5441707.12,4068329.99357900,150596,1945892.15891500
1787184000000,0.759000,0.791600,0.727100,0.769900,5957691.85,4493672.62432300,163257,2132409.91683200
1787270400000,0.769700,0.820200,0.766100,0.809600,5754245.27,4577718.72794600,160827,2223754.61683900
1787356800000,0.809800,0.873700,0.614100,0.721100,10350121.52,7862938.69089700,306498,3585080.85548900
1787443200000,0.721200,0.728100,0.680300,0.714700,4836539.65,3417552.42276300,179109,1571239.92238600
1787529600000,0.715000,0.748600,0.686600,0.695400,6605307.44,4673159.15190300,216619,2289778.28072500
1787616000000,0.695400,0.725000,0.657400,0.708200,6341883.71,4450530.99978600,146997,2177158.30595600
1787702400000,0.708300,0.766900,0.674800,0.702100,11606966.60,8296019.30301400,250309,3832314.99393100
1787788800000,0.702200,1.169800,0.620000,0.984100,284774431.74,273655079.98350200,4258418,134774839.95742600
1787875200000,0.983800,1.138000,0.731600,0.793300,174305018.80,166665090.19574600,2763841,81238985.10621400
1787961600000,0.793300,0.856000,0.756200,0.827700,35422049.50,28551540.32100600,704762,13855955.99714500
1788048000000,0.827600,0.934500,0.766100,0.789100,38949073.00,33609653.19716700,831526,15817982.59372200
1788134400000,0.789000,0.840300,0.785700,0.807200,9991971.92,8116985.16215000,187572,3974025.21531700
1788220800000,0.807300,0.825100,0.765400,0.777800,8217725.79,6561205.73983700,154147,3005042.95783800
1788307200000,0.778000,0.799100,0.752600,0.759000,6579441.51,5097081.50702400,142448,2425833.45633700
1788393600000,0.759100,0.784700,0.745700,0.781500,5736546.03,4383498.09913800,144867,2073736.42340600
1788480000000,0.781200,0.820100,0.750000,0.818900,9689366.29,7650590.95105200,187622,3760975.99365700
1788566400000,0.818900,0.832400,0.799400,0.814300,4108096.33,3346101.11587000,102038,1619083.44042900
1788652800000,0.814300,0.841000,0.792600,0.827900,4026345.85,3274935.44388200,92234,1572490.36235600
1788739200000,0.828000,0.848000,0.799900,0.831300,4456797.38,3675310.56158600,93824,1654762.25763400
1788825600000,0.831400,0.892300,0.830300,0.848400,9075147.52,7823895.94410100,168725,3695602.24280800
1788912000000,0.848400,0.862100,0.714900,0.766500,6299204.07,5119303.01995600,119417,2262677.23122300
1788998400000,0.766600,0.770100,0.702300,0.706700,5352208.91,3934932.51778600,150536,1781380.72306300
1789084800000,0.706500,0.747400,0.706100,0.723500,4604244.57,3341956.64587600,85555,1581489.81809700
1789171200000,0.723500,0.796600,0.720200,0.772900,5667641.30,4341556.96403300,109793,2130834.27513700
1789257600000,0.772900,0.832100,0.760600,0.776700,7373909.46,5867832.78326000,144548,2813190.27033300
1789344000000,0.776700,0.885500,0.774200,0.816300,12754568.53,10662476.18142500,219130,5268523.11061700
1789430400000,0.816300,0.826900,0.760600,0.793700,5597277.07,4438838.63036900,102319,2051362.89354100
1789516800000,0.794100,0.795400,0.724100,0.773900,4710479.85,3555785.94950400,96660,1644418.60273600
1789603200000,0.774000,0.834400,0.768300,0.801400,6115338.48,4894022.10526200,111285,2356680.50808400
1789689600000,0.801500,0.842900,0.789900,0.841200,4536120.81,3676752.82676900,75022,1799918.78584400
1789776000000,0.841300,0.866100,0.820000,0.861400,3820316.08,3222862.27011000,82145,1613694.32371500
1789862400000,0.861400,0.868500,0.797600,0.837200,3951833.46,3277626.38200800,84321,1509273.70315900
1789948800000,0.837400,0.906500,0.825600,0.905600,4068984.79,3524961.62855200,120016,1792519.95398700
1790035200000,0.905900,1.010000,0.864100,0.934700,8229875.94,7623438.39978900,165231,3799614.85948900
1790121600000,0.934800,0.958800,0.846400,0.864000,4988637.55,4524020.11375000,102991,2057268.51204500
1790208000000,0.864100,0.925500,0.856400,0.904700,3101211.59,2768085.34578000,76376,1304337.28068800
1790294400000,0.905000,1.136500,0.889200,0.990600,29320342.73,29714536.64542400,555048,14091793.79114300
1790380800000,0.990500,1.037300,0.963800,1.016300,7921171.97,7929923.99838300,165469,3756154.77224200
1790467200000,1.016400,1.097800,0.987200,1.067500,8316981.56,8720843.07694400,180991,4187182.89377500
1790553600000,1.067800,1.082800,0.945000,0.967200,6161608.16,6189390.43975300,149355,2811299.27679200
1790640000000,0.966900,1.272100,0.930500,1.248600,25940683.64,29889229.36545200,511053,14846322.86531700
1790726400000,1.248900,2.349000,1.161200,2.175200,447806569.10,784125812.61643400,9773696,397106741.38438600
1790812800000,2.175300,3.340000,2.030300,2.904900,562180715.69,1532734568.14268700,16615567,779632505.88188100
1790899200000,2.905700,3.088800,1.844900,1.882800,186576235.74,438191106.09497700,7351721,217284070.45024300
1790985600000,1.883000,2.133600,1.668600,1.915500,89089610.35,168586233.19342100,3536996,83573632.92643100
