open_time,open,high,low,close,volume,quote_volume,trades,taker_buy_quote
1666224000000,174.400000,180.580000,158.000000,169.700000,213175.7,36016895.7990000,136925,19454927.2130000
1666310400000,169.700000,188.000000,164.620000,186.860000,738650.7,131323028.2490000,414664,71327823.2630000
1666396800000,186.730000,186.970000,173.260000,178.240000,433179.8,78267633.9790000,241692,40606115.9170000
1666483200000,178.240000,179.920000,170.000000,175.110000,234559.9,40836632.1730000,140573,20037157.0720000
1666569600000,175.120000,183.800000,171.350000,176.660000,193126.6,34260525.0060000,110675,17421094.7000000
1666656000000,176.650000,185.500000,174.110000,174.240000,226989.1,40895090.0580000,128571,20557306.4530000
1666742400000,174.160000,178.660000,172.000000,173.350000,162345.2,28421070.6710000,104797,14110472.1710000
1666828800000,173.260000,176.770000,161.000000,164.020000,190542.7,32292675.3380000,131604,15155792.0600000
1666915200000,164.030000,170.570000,161.800000,166.540000,132688.8,22035514.4280000,98033,10988770.5820000
1667001600000,166.540000,170.370000,159.460000,163.840000,94138.3,15519854.7950000,67636,7276728.0370000
1667088000000,163.850000,174.980000,159.510000,167.910000,223697.5,37607882.7450000,123268,19122313.5250000
1667174400000,167.920000,174.500000,161.510000,166.520000,194073.8,32568525.3610000,102888,16024480.1060000
1667260800000,166.610000,168.000000,162.100000,162.680000,63689.8,10489623.9640000,45457,5081093.6890000
1667347200000,162.700000,164.560000,154.120000,158.100000,109504.9,17462221.6420000,70541,7985222.7190000
1667433600000,158.140000,162.300000,155.000000,156.940000,74433.9,11814637.3550000,51443,5553941.1640000
1667520000000,156.920000,167.600000,156.040000,164.250000,102951.2,16684517.2430000,68711,8138446.5300000
1667606400000,164.260000,168.000000,160.290000,162.160000,71564.1,11726663.3680000,50579,5581299.2410000
1667692800000,162.100000,164.000000,156.060000,156.480000,60337.1,9680199.5370000,41642,4532197.2240000
1667779200000,156.440000,159.270000,151.270000,153.740000,100466.0,15602446.1150000,63889,7049351.5150000
1667865600000,153.710000,155.320000,123.720000,149.180000,293181.7,42556112.8790000,181727,20699961.6730000
1667952000000,149.180000,150.790000,105.550000,108.550000,403270.7,52084025.6340000,244808,25517254.2700000
1668038400000,108.570000,137.800000,105.830000,125.660000,708047.0,84586633.6190000,326903,45371273.7810000
1668124800000,125.620000,126.000000,111.000000,113.850000,316160.4,37260316.1000000,157542,19328989.2400000
1668211200000,113.900000,115.280000,107.100000,110.250000,156387.3,17293962.9780000,80965,8806662.0430000
1668297600000,110.280000,115.420000,101.160000,101.810000,159922.2,17290666.8920000,92700,8753677.5820000
1668384000000,101.770000,112.000000,94.130000,109.130000,285060.2,29634719.9850000,143486,15372098.4470000
1668470400000,109.140000,125.670000,109.140000,119.510000,661697.2,79862713.2520000,299290,41655027.4950000
1668556800000,119.560000,123.450000,112.000000,114.380000,213929.3,24984585.6940000,116739,12578371.2220000
1668643200000,114.380000,122.300000,112.020000,118.920000,190559.7,22333544.4710000,112828,11506583.7390000
1668729600000,118.900000,122.790000,115.240000,118.740000,136590.4,16327062.8260000,74777,8192709.8070000
1668816000000,118.740000,118.810000,113.170000,115.170000,90485.6,10415760.8670000,50726,5255517.1390000
1668902400000,115.170000,117.150000,105.420000,105.520000,104636.1,11698052.1310000,60416,5506038.4710000
1668988800000,105.500000,110.380000,100.170000,105.030000,208567.7,21939312.5170000,113795,11474255.7320000
1669075200000,105.040000,110.590000,100.000000,108.700000,168998.9,17769730.0490000,104974,8571625.2880000
1669161600000,108.690000,113.760000,107.130000,113.100000,131453.5,14582591.5340000,95760,6981279.2500000
1669248000000,113.070000,116.160000,111.160000,113.560000,99594.8,11310280.3210000,69601,5529424.7680000
1669334400000,113.560000,119.850000,110.070000,118.710000,124862.7,14386438.1550000,82339,7431203.5050000
1669420800000,118.720000,122.480000,117.940000,120.940000,168657.1,20330948.9470000,108151,10660427.4330000
1669507200000,121.010000,124.460000,117.370000,117.520000,83405.5,10130713.9610000,61271,5119325.9770000
1669593600000,117.550000,118.060000,108.350000,112.330000,159846.7,17969892.2830000,93279,9124908.1860000
1669680000000,112.350000,115.990000,110.400000,113.440000,82342.9,9327944.0320000,63379,4638776.1130000
1669766400000,113.450000,125.000000,112.480000,123.670000,141620.9,16869872.9740000,93357,8391790.8730000
1669852800000,123.660000,125.090000,119.500000,121.390000,81828.9,9958626.0350000,59816,4902848.8990000
1669939200000,121.390000,133.450000,119.970000,130.320000,186643.9,23712311.2350000,104513,12426313.4500000
1670025600000,130.260000,133.000000,126.000000,126.440000,191248.7,24926715.2240000,107149,12746626.8870000
1670112000000,126.460000,129.960000,125.000000,129.080000,105487.1,13426159.4060000,66196,6661218.2010000
1670198400000,129.080000,132.720000,121.700000,125.690000,154976.0,19662805.3790000,98367,9685218.2440000
1670284800000,125.690000,128.500000,119.170000,121.950000,152845.5,18784736.6310000,90810,9268576.9130000
1670371200000,121.960000,123.170000,114.650000,117.190000,145243.0,17168196.7600000,79157,8798157.2270000
1670457600000,117.190000,123.650000,115.360000,121.290000,177848.4,21402290.7120000,94436,11015692.4860000
1670544000000,121.280000,124.920000,121.200000,121.620000,117730.9,14504933.3130000,68976,7496184.0350000
1670630400000,121.650000,122.660000,119.010000,119.920000,71726.1,8634191.6500000,43745,4229835.1360000
1670716800000,119.980000,120.650000,116.560000,117.190000,55272.9,6598065.6560000,32988,3284635.2070000
1670803200000,117.080000,122.560000,112.810000,120.570000,119136.9,14014317.6660000,67662,6948074.5660000
1670889600000,120.610000,124.900000,115.180000,122.470000,122501.3,14804687.6670000,77454,7502796.4060000
1670976000000,122.440000,127.370000,121.390000,123.810000,124062.3,15374898.7690000,82080,7718432.0500000
1671062400000,123.880000,124.820000,118.860000,119.110000,92984.2,11320856.7170000,68888,5660001.3290000
1671148800000,119.140000,121.220000,109.720000,110.960000,107959.2,12510266.7250000,80094,6215309.6250000
1671235200000,110.940000,112.280000,106.140000,109.370000,126094.9,13792794.4040000,88553,6945987.7500000
1671321600000,109.370000,111.270000,108.000000,109.440000,77249.9,8449161.4540000,54469,4439076.6880000
1671408000000,109.500000,111.550000,101.670000,104.600000,129273.9,13965057.9410000,83715,7297761.6610000
1671494400000,104.600000,110.220000,103.460000,107.890000,102951.5,11024790.8150000,69303,5697767.4010000
1671580800000,107.900000,108.180000,102.700000,104.810000,106976.8,11227142.0000000,59926,5551417.8460000
1671667200000,104.840000,105.300000,101.260000,104.840000,101564.7,10494445.4500000,59930,5217912.1060000
1671753600000,104.820000,107.260000,104.050000,105.140000,85435.1,9025393.8930000,49054,4573181.5740000
1671840000000,105.130000,105.860000,103.910000,105.320000,50536.1,5301259.9940000,32138,2588242.2090000
1671926400000,105.320000,106.110000,104.000000,105.790000,51960.1,5478521.1740000,33139,2772981.8260000
1672012800000,105.800000,109.420000,105.480000,109.210000,59039.5,6328820.3740000,37590,3248573.2860000
1672099200000,109.240000,117.200000,109.240000,114.550000,503304.0,57645791.3360000,232830,30889695.8560000
1672185600000,114.560000,115.600000,107.510000,110.160000,243161.3,27167407.8100000,140619,14143066.9700000
1672272000000,110.160000,112.410000,108.690000,110.630000,130508.3,14440473.8850000,83879,7192663.2750000
1672358400000,110.620000,111.350000,101.380000,110.170000,264178.3,27989673.2330000,123061,14030364.9930000
1672444800000,110.140000,113.520000,104.100000,105.250000,256586.4,27768521.1160000,110417,13733030.5310000
1672531200000,105.250000,107.000000,104.330000,105.620000,98502.0,10397793.6070000,47363,5398992.0000000
1672617600000,105.590000,109.770000,104.650000,108.480000,94082.3,10155979.1580000,54807,5450991.6980000
1672704000000,108.510000,109.550000,105.570000,107.360000,90129.6,9707592.8310000,52262,4869506.3690000
1672790400000,107.370000,113.450000,106.940000,111.850000,114617.7,12684424.6690000,59554,6655438.1930000
1672876800000,111.830000,115.900000,110.330000,110.680000,190153.5,21643435.7010000,83064,11177628.0200000
1672963200000,110.660000,112.960000,108.000000,111.790000,126325.7,13945308.7840000,60023,7250967.1490000
1673049600000,111.770000,114.500000,111.550000,114.200000,57078.7,6468065.2600000,33494,3433701.4810000
1673136000000,114.220000,116.330000,111.260000,115.980000,80879.3,9165557.1980000,46113,4668967.5450000
1673222400000,115.970000,123.600000,115.070000,119.810000,156901.2,18621962.3910000,83609,9963450.1450000
1673308800000,119.780000,122.650000,117.900000,122.390000,88505.4,10664484.7120000,56237,5525843.8180000
1673395200000,122.390000,123.550000,116.350000,121.680000,89888.8,10774640.5110000,54956,5592567.3550000
1673481600000,121.690000,124.610000,118.810000,122.440000,121765.0,14829717.1250000,69356,7569196.0750000
1673568000000,122.430000,127.660000,120.600000,125.990000,99868.8,12336335.3730000,56551,6303915.0160000
1673654400000,125.990000,136.060000,125.100000,130.470000,206494.1,26711415.9500000,117032,13391159.3470000
1673740800000,130.430000,132.580000,124.970000,131.250000,103981.0,13451835.5970000,65063,6843375.9610000
1673827200000,131.250000,144.000000,129.500000,139.590000,261665.4,36326905.9800000,143325,18584559.7770000
1673913600000,139.600000,147.770000,136.630000,141.970000,164886.4,23492844.5750000,100309,11968519.8520000
1674000000000,141.970000,145.200000,129.760000,131.730000,189322.3,26156530.6510000,125647,12612953.5690000
1674086400000,131.660000,137.620000,127.510000,135.790000,97580.5,12885930.9570000,66216,6452998.5540000
1674172800000,135.830000,148.510000,135.030000,146.160000,175771.8,24728246.4320000,113167,12495975.2290000
1674259200000,146.160000,147.480000,140.200000,140.520000,145034.9,20898381.8900000,100380,9924285.3720000
1674345600000,140.560000,144.800000,136.370000,140.640000,99696.2,14063527.9190000,77730,7142651.4190000
1674432000000,140.600000,145.110000,139.500000,143.470000,99312.6,14188730.5070000,85522,6893164.7480000
1674518400000,143.410000,159.990000,142.080000,150.970000,240807.9,36763040.3820000,168528,19019598.7860000
1674604800000,150.970000,163.000000,145.470000,155.040000,319989.0,49696759.7840000,218124,24278606.8510000
1674691200000,155.060000,157.810000,147.320000,149.020000,164349.4,25027713.3720000,131287,11977004.4610000
1674777600000,149.020000,154.380000,144.390000,153.100000,83872.9,12545311.6480000,82448,5871215.9730000
1674864000000,153.100000,153.880000,147.230000,149.630000,53319.7,8005263.5230000,58892,3664393.6170000
1674950400000,149.590000,153.250000,148.350000,151.290000,59204.4,8933994.4130000,65016,4278658.9170000
1675036800000,151.280000,152.380000,137.340000,140.850000,92272.2,13282858.8050000,92577,5913481.3720000
1675123200000,140.870000,144.910000,139.470000,141.910000,64394.7,9154315.7060000,67100,4363677.0120000
1675209600000,141.940000,151.290000,134.950000,148.000000,142898.5,20228515.1550000,124556,9762756.1360000
1675296000000,147.960000,151.590000,141.860000,144.590000,87787.5,13041400.4380000,92755,6260046.8430000
1675382400000,144.620000,146.650000,142.310000,145.490000,64270.8,9302148.2900000,72244,4478497.2390000
1675468800000,145.500000,146.150000,140.350000,141.700000,51455.7,7418265.9720000,56632,3612351.1010000
1675555200000,141.690000,143.550000,136.370000,138.500000,69173.0,9663748.0030000,72398,4659975.6780000
1675641600000,138.520000,141.960000,134.010000,135.960000,85823.0,11861031.8940000,79793,5782800.4000000
1675728000000,135.890000,143.260000,135.570000,142.160000,103564.1,14347043.4700000,87856,6832522.7580000
1675814400000,142.150000,142.940000,136.140000,139.790000,96704.9,13548770.6540000,91964,6457670.7330000
1675900800000,139.860000,141.220000,128.600000,131.250000,124339.9,16927116.0830000,124565,8143048.5370000
1675987200000,131.330000,134.810000,129.180000,131.300000,86245.7,11363659.4750000,93091,5463029.6300000
1676073600000,131.270000,134.810000,130.050000,133.830000,44816.9,5935400.6050000,51296,3015745.0990000
1676160000000,133.840000,137.280000,129.290000,131.510000,63609.1,8527702.6220000,63335,4054210.9490000
1676246400000,131.560000,133.660000,126.070000,132.570000,94736.1,12320209.5730000,100191,5701857.3330000
1676332800000,132.530000,137.670000,129.720000,136.970000,90681.6,12142069.1240000,88256,5993623.1270000
1676419200000,136.970000,146.410000,135.710000,145.090000,144134.3,20304953.5620000,125948,9591043.9110000
1676505600000,145.110000,147.690000,136.030000,137.490000,118411.4,17041267.8140000,126033,8243171.5180000
1676592000000,137.500000,142.840000,136.430000,139.930000,111259.7,15538032.8890000,129385,7459486.0730000
1676678400000,139.920000,142.730000,137.680000,139.830000,56587.4,7955391.1770000,55540,4037159.6230000
1676764800000,139.850000,141.900000,135.930000,137.580000,71738.8,9997338.8710000,66327,4897792.8940000
1676851200000,137.590000,142.680000,133.000000,139.920000,96705.7,13558513.7800000,91908,6490028.7800000
1676937600000,139.920000,140.960000,134.880000,136.730000,83545.5,11520913.4070000,84342,5578972.2890000
1677024000000,136.730000,137.690000,130.130000,136.650000,96393.5,12854426.4890000,96916,6053360.3780000
1677110400000,136.670000,137.490000,132.380000,134.460000,64939.5,8780201.1810000,72446,4445270.8220000
1677196800000,134.480000,135.750000,127.830000,131.610000,75077.2,9937483.4580000,89710,4770205.7930000
1677283200000,131.600000,132.560000,128.080000,131.560000,51800.2,6776717.1660000,71170,3216356.7580000
1677369600000,131.570000,133.810000,130.260000,130.660000,52171.4,6894500.3330000,77488,3303411.1040000
1677456000000,130.660000,130.830000,124.100000,125.600000,127234.1,16252658.1050000,151731,7911595.4270000
1677542400000,125.610000,129.680000,124.060000,126.380000,102789.0,13019166.1680000,126033,6312060.0800000
1677628800000,126.400000,130.000000,125.640000,127.070000,72511.8,9259982.6980000,101139,4383207.1600000
1677715200000,127.080000,128.120000,125.000000,126.710000,54067.6,6836284.0880000,77596,3372839.1330000
1677801600000,126.710000,126.990000,117.580000,124.770000,112730.1,13780990.6300000,132018,6743581.8990000
1677888000000,124.780000,125.770000,122.440000,125.220000,95206.4,11840864.2940000,106370,6213033.9150000
1677974400000,125.230000,131.190000,124.720000,124.960000,193913.5,24939033.3870000,187652,12804504.0500000
1678060800000,124.980000,126.260000,122.250000,125.590000,88824.7,11054407.4590000,117525,5358523.5330000
1678147200000,125.590000,126.750000,120.540000,122.400000,72794.6,8989839.5940000,93668,4688656.4530000
1678233600000,122.370000,122.900000,114.770000,115.990000,84557.8,10025521.9870000,93715,4906169.6640000
1678320000000,115.990000,118.490000,106.410000,111.880000,117597.2,13360580.0650000,114233,6549652.3660000
1678406400000,111.830000,120.330000,105.800000,119.810000,176550.3,19959015.3620000,175197,9977093.7780000
1678492800000,119.800000,123.610000,112.470000,117.410000,256126.2,30289723.7560000,213729,15978468.8950000
1678579200000,117.360000,125.820000,115.630000,125.130000,142632.4,17039303.4730000,132231,8862396.2220000
1678665600000,125.190000,129.350000,122.150000,126.320000,143239.9,18044288.3500000,157352,8616065.9370000
1678752000000,126.310000,134.510000,124.270000,129.170000,163447.1,21130101.5200000,177304,10606447.7120000
1678838400000,129.130000,131.090000,119.000000,121.450000,116970.4,14537605.3730000,131111,7090225.6780000
1678924800000,121.460000,126.510000,119.520000,123.900000,81559.5,10102723.1980000,97448,4993115.5890000
1679011200000,123.910000,131.880000,122.720000,131.870000,81006.8,10344629.2450000,104370,5212337.9760000
1679097600000,131.840000,133.870000,126.470000,127.770000,62795.8,8225903.5410000,94554,3937303.5810000
1679184000000,127.760000,133.310000,127.240000,130.670000,70086.2,9174331.6700000,92504,4533834.1290000
1679270400000,130.690000,133.710000,125.500000,126.060000,105564.8,13837781.8300000,145659,6780231.8900000
1679356800000,126.050000,130.520000,123.190000,129.760000,83010.3,10557232.7070000,145182,5351462.2660000
1679443200000,129.760000,131.600000,120.020000,124.560000,98128.1,12465971.2030000,151125,5956304.6160000
1679529600000,124.540000,128.750000,123.730000,126.800000,56117.5,7076363.9690000,74038,3485550.9740000
1679616000000,126.760000,127.430000,120.200000,123.560000,57812.3,7131741.0820000,81426,3527980.0610000
1679702400000,123.560000,123.560000,120.110000,121.590000,42508.8,5183561.8320000,61793,2639874.2060000
1679788800000,121.580000,123.680000,120.710000,122.560000,40135.7,4907421.4540000,54038,2436650.8930000
1679875200000,122.530000,124.210000,116.040000,118.550000,73770.8,8874784.7870000,93993,4400553.9060000
1679961600000,118.550000,122.290000,117.300000,121.210000,52790.5,6318969.4930000,86791,3125459.8430000
1680048000000,121.200000,127.410000,120.650000,126.460000,84963.7,10481120.0770000,85561,5361565.7490000
1680134400000,126.480000,127.740000,122.730000,125.070000,75091.0,9438399.9210000,101868,4513428.6590000
1680220800000,125.080000,126.360000,122.790000,124.890000,52761.6,6595756.6080000,64503,3261188.4210000
1680307200000,124.890000,126.090000,123.150000,125.010000,35728.8,4454548.1810000,47415,2141726.5080000
1680393600000,125.010000,128.140000,123.980000,127.120000,56318.5,7123718.5770000,66387,3595370.3350000
1680480000000,127.120000,128.090000,120.970000,123.250000,95439.0,11915778.2160000,95776,5965548.9760000
1680566400000,123.250000,125.590000,122.010000,123.180000,54641.2,6763060.1100000,62333,3226108.1760000
1680652800000,123.190000,125.780000,121.340000,121.900000,68618.6,8493137.1020000,74469,4101360.3360000
1680739200000,121.910000,122.370000,119.430000,121.150000,53621.2,6493240.0740000,62221,3101806.1150000
1680825600000,121.150000,121.190000,118.710000,120.560000,37963.6,4557202.0480000,47000,2204055.9650000
1680912000000,120.560000,121.490000,119.120000,120.210000,30243.4,3638857.7880000,37418,1860305.8690000
1680998400000,120.220000,121.950000,118.490000,121.440000,38073.2,4573900.8620000,44259,2059757.3440000
1681084800000,121.430000,124.890000,120.160000,124.700000,41094.1,5017267.8510000,48637,2563683.8400000
1681171200000,124.690000,126.040000,123.230000,124.460000,51232.1,6386479.5270000,56717,3215202.1810000
1681257600000,124.460000,125.020000,120.970000,121.660000,62250.3,7629104.3500000,63228,3530478.0820000
1681344000000,121.670000,125.250000,120.660000,125.230000,57513.1,7090202.8130000,61290,3637835.9430000
1681430400000,125.180000,127.960000,112.390000,121.010000,553386.6,66042466.1810000,306388,32050814.0390000
1681516800000,121.010000,121.340000,118.710000,119.010000,97225.4,11643012.7420000,87417,5771657.4140000
1681603200000,119.020000,119.940000,117.150000,119.310000,80113.3,9517617.0070000,68665,4380960.0450000
1681689600000,119.320000,119.570000,115.800000,116.140000,83551.3,9846934.1690000,70346,4363777.1730000
1681776000000,116.140000,120.560000,115.850000,118.190000,94121.0,11135210.5390000,77333,5154166.8210000
1681862400000,118.240000,118.650000,106.800000,110.970000,118894.2,13442510.8930000,88694,6065935.6120000
1681948800000,110.970000,112.990000,108.040000,110.000000,80196.9,8894853.4510000,72446,4420198.2660000
1682035200000,110.020000,111.950000,106.000000,107.690000,101708.8,11123036.5970000,86499,5605651.4170000
1682121600000,107.700000,113.900000,107.300000,113.190000,68420.5,7504676.1560000,60710,3663058.4940000
1682208000000,113.190000,115.380000,110.210000,111.750000,98296.5,11116019.5730000,76938,5460795.6440000
1682294400000,111.760000,113.570000,108.700000,110.050000,80928.3,8976937.2800000,72229,4358438.8440000
1682380800000,110.080000,112.010000,108.520000,111.040000,85096.9,9380979.0630000,77466,4875180.8960000
1682467200000,111.040000,115.910000,106.320000,111.390000,151735.4,16929604.0480000,109295,8376767.4240000
1682553600000,111.410000,113.750000,109.700000,112.770000,110865.7,12411925.7000000,93195,5954945.6480000
1682640000000,112.770000,113.980000,112.050000,113.920000,61757.1,6983411.4050000,59211,3542473.5800000
1682726400000,113.910000,118.490000,113.520000,117.640000,90189.7,10468206.0870000,81568,5214595.8470000
1682812800000,117.640000,118.840000,114.390000,115.130000,123590.2,14441747.1320000,104412,7232612.1490000
1682899200000,115.130000,116.860000,110.950000,112.100000,116284.2,13221819.5020000,115574,6098132.7050000
1682985600000,112.100000,114.490000,111.530000,113.270000,86727.8,9806032.6820000,83349,4933261.2570000
1683072000000,113.250000,113.510000,110.400000,112.460000,78990.2,8853443.7240000,82799,4168591.9320000
1683158400000,112.450000,113.500000,111.400000,112.090000,71489.5,8030265.0650000,74000,4284310.4620000
1683244800000,112.100000,114.940000,111.330000,114.050000,79828.9,9040300.7660000,78230,4470456.5220000
1683331200000,114.040000,114.990000,108.610000,111.080000,75090.0,8374569.8030000,68550,3999442.9010000
1683417600000,111.080000,111.450000,108.910000,109.020000,47741.0,5255999.6900000,53086,2558889.8770000
1683504000000,109.010000,109.800000,101.640000,106.420000,121108.0,12853494.9310000,98725,6037690.4660000
1683590400000,106.440000,106.680000,103.430000,104.810000,68712.7,7202034.1770000,67473,3533973.6280000
1683676800000,104.810000,107.830000,101.510000,106.400000,96689.9,10201614.2400000,76074,4908059.8730000
1683763200000,106.390000,107.140000,102.490000,104.400000,57515.7,6039190.8480000,55878,3021559.5440000
1683849600000,104.400000,106.730000,102.340000,106.520000,59789.1,6249363.7540000,58355,2998382.0550000
1683936000000,106.520000,107.390000,105.500000,106.050000,40758.4,4333965.4320000,50808,2170977.9660000
1684022400000,106.030000,109.810000,105.540000,107.030000,47447.7,5095727.6810000,61075,2607292.6190000
1684108800000,107.030000,109.880000,105.010000,105.350000,74844.3,8046465.2340000,71994,4024186.0240000
1684195200000,105.360000,107.800000,104.580000,105.740000,50803.2,5383036.3420000,59561,2564066.9660000
1684281600000,105.740000,107.160000,103.780000,105.650000,60877.2,6417072.7150000,64322,3173518.5520000
1684368000000,105.640000,105.930000,102.160000,103.500000,61772.3,6460727.0910000,65995,3196526.3200000
1684454400000,103.510000,104.290000,102.200000,102.860000,63657.5,6574440.8480000,68232,3363937.7770000
1684540800000,102.860000,104.250000,101.760000,104.060000,46500.6,4792846.0050000,48807,2420640.1460000
1684627200000,104.070000,104.230000,101.530000,102.070000,49967.1,5147050.4980000,53879,2581936.9780000
1684713600000,102.060000,102.600000,100.700000,101.420000,46589.3,4742587.9260000,49147,2282886.1780000
1684800000000,101.430000,104.010000,100.870000,102.520000,35802.0,3678653.0790000,42884,1714927.3940000
1684886400000,102.530000,102.770000,99.790000,100.200000,64174.0,6491615.7210000,60059,3093507.9150000
1684972800000,100.210000,101.210000,97.040000,98.890000,71766.3,7138990.0390000,66451,3438259.5700000
1685059200000,98.870000,101.070000,96.410000,100.870000,60496.8,5966000.3260000,59371,2852242.6780000
1685145600000,100.870000,101.810000,99.940000,101.410000,41160.4,4150487.8940000,39011,2153580.9600000
1685232000000,101.420000,107.720000,100.980000,106.330000,55299.3,5747253.1130000,55648,2823323.1290000
1685318400000,106.340000,113.470000,105.530000,112.140000,180704.4,19876983.5850000,142075,9560624.4310000
1685404800000,112.170000,117.080000,110.050000,116.740000,155024.5,17586400.5700000,115972,8881299.8810000
1685491200000,116.730000,117.990000,113.380000,116.600000,207476.0,24053273.3810000,147399,12219323.2860000
1685577600000,116.600000,119.820000,114.290000,115.570000,172261.0,20202578.5320000,121620,10147737.9310000
1685664000000,115.580000,119.790000,114.740000,118.400000,114271.3,13489543.8650000,87869,6789700.2090000
1685750400000,118.410000,118.820000,114.600000,115.930000,66527.3,7747874.2370000,60266,3818205.5570000
1685836800000,115.910000,117.940000,114.800000,115.200000,44998.3,5248887.5500000,45900,2527199.2140000
1685923200000,115.170000,116.580000,106.440000,111.570000,151007.7,17089361.5580000,111676,8488936.4820000
1686009600000,111.590000,118.070000,109.910000,116.860000,204015.5,23402557.5150000,144546,12018266.7530000
1686096000000,116.870000,116.940000,110.520000,111.910000,117071.1,13377894.1930000,92712,6585899.9230000
1686182400000,111.910000,113.220000,110.030000,110.690000,68649.5,7653936.8930000,60513,3733618.5590000
1686268800000,110.690000,110.870000,106.580000,107.270000,66936.0,7287583.6390000,63460,3401705.8690000
1686355200000,107.270000,107.390000,94.250000,103.030000,282756.1,28823577.7360000,166483,14450049.2320000
1686441600000,103.040000,103.990000,100.520000,102.480000,100069.5,10243477.2940000,77019,5214026.9310000
1686528000000,102.450000,103.290000,98.910000,99.960000,85313.0,8584723.6710000,68987,4213939.6720000
1686614400000,99.960000,102.900000,96.580000,100.410000,188227.6,18659664.5780000,118352,9200673.1120000
1686700800000,100.420000,102.100000,96.180000,98.730000,111495.7,11103324.7630000,72739,5548696.4880000
1686787200000,98.720000,99.760000,96.570000,97.690000,85936.8,8428776.9180000,73846,4214900.3460000
1686873600000,97.690000,117.000000,95.680000,112.010000,1026418.3,113129556.2260000,543630,59114016.6760000
1686960000000,112.010000,116.900000,104.200000,104.610000,1105387.7,122578781.0760000,581904,63511369.9960000
1687046400000,104.600000,104.670000,99.000000,100.540000,496523.3,50709887.0260000,280104,24929896.4690000
1687132800000,100.530000,100.990000,98.340000,99.650000,210090.4,20932568.8250000,148717,10256234.0830000
1687219200000,99.660000,100.610000,98.370000,99.920000,194957.7,19445961.7080000,131808,9733724.5270000
1687305600000,99.930000,105.790000,98.690000,104.810000,347339.4,35380229.5230000,187467,16383877.3100000
1687392000000,104.810000,107.640000,100.850000,101.220000,196149.0,20411712.3120000,137377,9834884.0380000
1687478400000,101.220000,106.760000,101.200000,105.770000,149782.2,15604729.6820000,96340,7622024.2310000
1687564800000,105.780000,106.800000,102.480000,104.340000,110719.6,11606161.5240000,80156,5608376.9240000
1687651200000,104.340000,108.830000,104.340000,106.880000,104944.3,11182366.5740000,73672,5365423.9510000
1687737600000,106.880000,107.990000,104.520000,105.950000,108183.6,11490589.8160000,78475,5647701.7550000
1687824000000,105.950000,107.390000,105.110000,107.160000,75602.3,8040249.6750000,66429,3895139.5250000
1687910400000,107.150000,107.250000,100.680000,103.000000,95617.4,9995171.0430000,86325,4678760.8110000
1687996800000,103.000000,106.920000,102.660000,106.050000,77776.2,8192761.1410000,68697,4113452.7910000
1688083200000,106.050000,109.800000,101.350000,107.770000,176164.4,18799107.8780000,133325,9378099.3730000
1688169600000,107.750000,112.280000,107.570000,111.520000,82622.9,9092723.1630000,82061,4478382.4320000
1688256000000,111.540000,112.400000,108.630000,110.140000,96316.6,10662746.6790000,91124,5277315.7980000
1688342400000,110.170000,112.080000,108.390000,109.820000,67659.6,7446863.9790000,69468,3633696.8070000
1688428800000,109.760000,110.030000,106.890000,107.250000,60900.0,6630102.3740000,67965,3322242.5810000
1688515200000,107.250000,108.550000,104.530000,104.910000,81529.9,8662420.9200000,89729,4173939.1580000
1688601600000,104.920000,107.100000,102.060000,102.150000,102649.9,10746130.5780000,92865,5239012.7040000
1688688000000,102.140000,104.380000,101.480000,103.720000,67045.3,6935433.6410000,73454,3383193.5440000
1688774400000,103.720000,104.350000,102.370000,103.840000,56968.5,5875660.2740000,45901,2939401.4200000
1688860800000,103.820000,104.940000,101.780000,102.230000,69504.7,7170078.1600000,60031,3537521.5060000
1688947200000,102.210000,103.350000,100.740000,101.890000,87929.6,8971229.5110000,67427,4641538.2660000
1689033600000,101.890000,103.310000,100.720000,102.300000,73899.7,7538694.7310000,65632,3726928.5810000
1689120000000,102.310000,102.890000,100.070000,100.660000,59356.4,6021681.9140000,66952,2819806.1590000
1689206400000,100.670000,107.520000,99.730000,105.340000,152844.2,15850853.4470000,100540,7798477.5300000
1689292800000,105.340000,108.480000,99.980000,102.460000,183104.8,19155504.7610000,113733,9617047.6410000
1689379200000,102.460000,105.000000,100.850000,101.990000,92979.8,9514439.7480000,69718,4881972.1080000
1689465600000,101.990000,103.090000,99.470000,100.050000,133623.1,13522806.3280000,89721,7288023.8720000
1689552000000,100.030000,101.860000,99.600000,101.700000,93831.0,9471201.5330000,76303,4734538.2700000
1689638400000,101.700000,102.220000,98.730000,100.300000,88759.3,8932934.4220000,74580,4493795.8330000
1689724800000,100.300000,101.440000,99.530000,100.330000,68654.3,6905300.6560000,64527,3351602.3110000
1689811200000,100.330000,103.870000,100.300000,103.150000,84342.5,8628875.2720000,70732,4192877.6180000
1689897600000,103.140000,105.040000,101.590000,102.280000,70500.8,7272070.9920000,67812,3408235.9180000
1689984000000,102.290000,103.640000,100.960000,101.840000,48884.5,5009854.5910000,53070,2355255.0440000
1690070400000,101.850000,104.980000,101.390000,104.720000,80262.2,8324678.9730000,84735,3897421.3500000
1690156800000,104.720000,105.480000,100.800000,103.180000,79038.7,8124454.6800000,78708,3956063.8660000
1690243200000,103.190000,103.820000,101.690000,102.170000,63086.3,6483977.4570000,63118,3133331.2760000
1690329600000,102.160000,105.000000,99.640000,102.220000,178228.6,18152702.1130000,117308,9147615.2470000
1690416000000,102.170000,104.080000,101.100000,101.590000,69744.2,7140949.6250000,70604,3494875.0490000
1690502400000,101.600000,107.250000,101.290000,106.540000,136245.7,14235054.0110000,117204,7211066.3710000
1690588800000,106.540000,112.350000,106.390000,111.760000,353146.9,38812828.2290000,228958,20222927.5750000
1690675200000,111.760000,114.200000,109.400000,110.870000,241076.4,27078733.6440000,166861,13647974.7770000
1690761600000,110.880000,111.430000,107.650000,109.320000,139801.0,15305161.1490000,114782,7590774.3440000
1690848000000,109.320000,110.030000,106.010000,108.370000,121085.1,13077964.6460000,106653,6226661.9840000
1690934400000,108.370000,108.490000,103.840000,104.610000,85658.5,9067138.3140000,78696,4409756.2160000
1691020800000,104.620000,105.450000,101.190000,102.110000,114816.4,11895013.1590000,93603,5768391.7880000
1691107200000,102.120000,103.860000,101.530000,102.720000,70077.4,7194291.1390000,68497,3491610.2460000
1691193600000,102.720000,102.980000,100.810000,102.000000,49890.6,5072667.6450000,54622,2613913.0280000
1691280000000,102.000000,103.280000,100.910000,101.990000,78452.4,8006540.5530000,64321,3895194.1290000
1691366400000,101.990000,102.800000,99.580000,101.780000,71084.4,7186716.8840000,70945,3412589.5890000
1691452800000,101.780000,102.800000,101.250000,102.350000,51492.8,5252626.7040000,64402,2554398.9970000
1691539200000,102.350000,102.790000,100.830000,102.050000,57513.7,5854442.9290000,67324,2879361.4570000
1691625600000,102.050000,103.340000,100.600000,101.880000,87731.6,8937005.4920000,69875,4330950.2290000
1691712000000,101.880000,102.220000,100.740000,101.730000,34899.8,3546618.1720000,42355,1666174.4880000
1691798400000,101.740000,102.080000,101.300000,101.810000,23600.3,2399860.6650000,30923,1171155.5270000
1691884800000,101.830000,102.560000,100.690000,101.380000,62155.6,6325259.1050000,47465,3066396.5790000
1691971200000,101.390000,101.810000,100.080000,101.220000,49399.5,4994539.5610000,51812,2339869.5400000
1692057600000,101.210000,102.130000,97.240000,100.810000,85388.5,8570197.0060000,70171,4089869.7970000
1692144000000,100.820000,101.400000,98.100000,100.250000,92288.0,9233416.9450000,70642,4440256.3880000
1692230400000,100.260000,100.850000,86.640000,96.930000,135997.5,13128607.9470000,98796,5944544.6510000
1692316800000,96.900000,100.080000,96.620000,99.750000,98606.0,9717774.7750000,84794,4926141.1330000
1692403200000,99.750000,101.260000,99.350000,100.020000,67630.7,6789805.2260000,60628,3310473.5880000
1692489600000,100.020000,101.140000,99.510000,100.500000,37955.9,3804695.3620000,37911,1773066.2540000
1692576000000,100.500000,100.710000,98.050000,99.310000,49823.6,4957814.1590000,44327,2474077.7770000
1692662400000,99.320000,100.620000,97.280000,100.050000,69976.0,6964857.7200000,59475,3566545.9320000
1692748800000,100.050000,100.650000,98.080000,99.850000,62704.8,6245496.6330000,55416,2937856.5020000
1692835200000,99.850000,100.850000,98.630000,100.070000,44108.2,4400916.4620000,40990,2169674.9830000
1692921600000,100.070000,101.560000,98.960000,101.360000,79019.0,7926870.3060000,59583,3993924.5030000
1693008000000,101.360000,105.820000,101.060000,103.140000,125946.2,13067498.8500000,93720,6816994.5150000
1693094400000,103.140000,104.710000,101.570000,102.560000,60028.2,6193838.4520000,59009,2995288.4220000
1693180800000,102.560000,104.510000,100.540000,101.330000,98557.1,10110551.7700000,76976,5097643.2390000
1693267200000,101.340000,104.200000,99.900000,101.090000,106521.6,10834590.5910000,85432,5181225.7880000
1693353600000,101.100000,101.640000,100.000000,100.700000,73379.9,7401644.6210000,58341,3722012.7470000
1693440000000,100.700000,101.130000,97.790000,99.580000,73264.1,7311671.3920000,56852,3472793.4240000
1693526400000,99.590000,100.340000,97.830000,99.030000,58119.7,5772549.0760000,62243,2776100.5870000
1693612800000,99.010000,99.810000,98.630000,99.610000,29602.9,2938061.8050000,36502,1392180.6480000
1693699200000,99.600000,100.150000,98.100000,98.910000,27493.5,2722568.9870000,39511,1315482.2840000
1693785600000,98.910000,99.940000,96.020000,97.380000,50554.9,4942838.8690000,56376,2441850.2900000
1693872000000,97.380000,99.720000,96.380000,99.510000,39245.6,3840981.6390000,48353,1816405.7070000
1693958400000,99.510000,100.530000,98.620000,100.360000,57569.3,5721053.4140000,68960,2636886.5900000
1694044800000,100.360000,101.490000,99.580000,100.880000,46199.6,4647518.5950000,56969,2273889.3130000
1694131200000,100.860000,101.060000,98.690000,99.280000,35558.9,3541092.3730000,42630,1686557.5710000
1694217600000,99.280000,99.400000,98.190000,98.260000,17139.8,1695164.2960000,26142,815029.5900000
1694304000000,98.250000,98.570000,96.490000,97.810000,58343.2,5695190.2710000,54641,2782623.3850000
1694390400000,97.810000,98.100000,91.200000,92.470000,102132.1,9615901.1900000,88247,4654390.4180000
1694476800000,92.470000,94.130000,91.480000,92.520000,74897.9,6949239.2860000,59911,3738726.0260000
1694563200000,92.500000,93.020000,90.750000,92.360000,70315.5,6454509.6100000,63493,3135627.6960000
1694649600000,92.350000,93.390000,91.480000,92.150000,58079.8,5363507.1240000,49105,2591410.0310000
1694736000000,92.160000,94.070000,91.040000,93.100000,65078.4,6017005.9140000,53163,2803120.7780000
1694822400000,93.100000,94.060000,89.670000,91.280000,109640.0,10026585.1350000,72225,5488535.9430000
1694908800000,91.300000,91.440000,89.780000,90.880000,67361.0,6108257.3330000,51510,3044176.4830000
1694995200000,90.880000,92.810000,90.270000,91.110000,65761.7,6030874.5490000,48821,2866980.1700000
1695081600000,91.110000,92.790000,90.810000,91.860000,49394.6,4534960.8790000,41701,2227051.9960000
1695168000000,91.870000,92.380000,88.600000,89.990000,60205.3,2415084.7533252,57564,2596371.7140000
1695254400000,90,90.590000,88.190000,89.210000,54575.3,4880696.6870000,56809,2297119.9050000
1695340800000,89.220000,90.210000,88.610000,89.840000,35476.3,3177250.5640000,41038,1609570.4840000
1695427200000,89.830000,91.350000,89.470000,91.010000,54852.8,4969202.0240000,47282,2499147.4210000
1695513600000,91.010000,91.130000,88,88.240000,36748.5,3300388.4120000,40209,1556428.1240000
1695600000000,88.230000,89.120000,87.070000,87.310000,75114.2,6625388.4380000,70996,3209014.4890000
1695686400000,87.310000,88.350000,84.540000,87.050000,127221.6,10992661.9720000,88363,5149621.7760000
1695772800000,87.050000,89.080000,85.930000,88.490000,73093.3,6409925.7520000,64579,3277785.9090000
1695859200000,88.490000,90.990000,88.340000,89.660000,61927.8,5565399.1510000,53416,2531118.7870000
1695945600000,89.680000,90.910000,89.520000,90.480000,35091.2,3168157.4780000,43570,1434635.0200000
1696032000000,90.470000,90.700000,89.780000,90.240000,29389,2652762.7340000,28982,1377710.6100000
1696118400000,90.230000,92.800000,89.060000,92.090000,68665.6,6228539.7400000,53243,2911124.3570000
1696204800000,92.080000,92.240000,87.200000,88.750000,76269.6,6849730.8300000,58988,3333889.6540000
1696291200000,88.720000,89.760000,87.550000,87.560000,43781.8,3875986.6170000,45704,1816325.1920000
1696377600000,87.570000,88.810000,84.410000,86.210000,122742.9,10612408.6180000,95212,5543930.0900000
1696464000000,86.220000,87.620000,85,86.360000,60161.4,5178413.3700000,60614,2570686.2750000
1696550400000,86.350000,89.190000,86.230000,88.980000,48728.6,4273621.0520000,48754,2051672.2400000
1696636800000,88.970000,89.240000,87.140000,88.350000,33897.6,2987068.5890000,34150,1556295.0440000
1696723200000,88.350000,88.890000,87.250000,88.150000,28910.9,2548013.9880000,34008,1176024.6410000
1696809600000,88.140000,89.520000,85.190000,87.800000,98651.3,8641330.2460000,90438,4416444.1440000
1696896000000,87.780000,88.300000,84.600000,85.560000,105259.2,9032783.8760000,74419,4383008.5550000
1696982400000,85.570000,86.410000,84.550000,86.150000,56795.6,4853430.3840000,57605,2232181.2380000
1697068800000,86.150000,86.850000,83.800000,84.030000,68406.5,5840379.4380000,63092,2867568.4390000
1697155200000,84.040000,87.380000,83.900000,86.640000,70695.9,6075085.8350000,65367,2756081.2390000
1697241600000,86.630000,88.140000,86.410000,86.640000,43332.5,3779248.7550000,44198,1858039.1230000
1697328000000,86.650000,87.300000,84.940000,85.120000,50227.6,4313408.8570000,46367,2189175.3090000
1697414400000,85.150000,89.190000,85.130000,87.130000,73570.3,6411981.6390000,62860,3184286.4820000
1697500800000,87.120000,87.620000,84.800000,85.510000,60540.9,5221517.6340000,51088,2692414.0560000
1697587200000,85.500000,87.120000,84.740000,85.150000,55756.7,4779215.8050000,49137,2465834.2770000
1697673600000,85.160000,85.840000,84.500000,84.610000,53888.7,4588139.1550000,44801,2226094.4700000
1697760000000,84.600000,87.480000,84.270000,86.380000,57496.9,4955382.2870000,50591,2340734.5100000
1697846400000,86.370000,89.310000,85.590000,88.910000,59033.7,5170182.5870000,51508,2590855.1400000
1697932800000,88.900000,94.580000,88.190000,94.480000,147762.8,13515105.0430000,98768,6095888.3550000
1698019200000,94.480000,96.760000,92.460000,96.390000,120788.1,11426886.5570000,92006,5484054.8120000
1698105600000,96.400000,100.630000,94.450000,98.020000,188975.6,18468038.9500000,123539,9287571.4340000
1698192000000,98.030000,105.950000,96.130000,105.020000,244100.5,24674324.5410000,120995,14540313.2880000
1698278400000,105.020000,108.920000,103,108.800000,158494.1,16805369.7660000,112724,8026754.5560000
1698364800000,108.820000,110.050000,105.130000,105.590000,97191.8,10471324.1110000,90162,4940764.8980000
1698451200000,105.630000,108.840000,103.800000,103.880000,52079.6,5548022.8720000,57881,2681095.7850000
1698537600000,103.880000,106.650000,103.170000,105.320000,45639.9,4802205.0270000,41683,2377965.4860000
1698624000000,105.330000,106.830000,103.620000,105.280000,48754.7,5134634.2000000,49144,2679020.6560000
1698710400000,105.280000,106.410000,100.400000,103.360000,67215,6942903.0960000,67016,3622205.8400000
1698796800000,103.370000,105.400000,99.650000,104.510000,110527.7,11285504.6350000,92033,5886555.8820000
1698883200000,104.470000,105.600000,97.930000,99.250000,117204.3,11816427.4070000,88744,6307508.8600000
1698969600000,99.250000,99.440000,95.180000,98.890000,108333.8,10536222.8240000,103060,5146812.1950000
1699056000000,98.860000,100.630000,97.900000,99.680000,53041.4,5270228.8850000,50965,2585127.6930000
1699142400000,99.690000,101.910000,98.960000,101.210000,66553.8,6683728.1170000,62948,3185275.4110000
1699228800000,101.160000,104.830000,99.270000,104.460000,78166.3,7997494.4000000,75337,3928516.2760000
1699315200000,104.510000,105.090000,98.950000,100.620000,103015.4,10540872.7260000,89422,4988445.1670000
1699401600000,100.590000,107.620000,99.670000,106.950000,95264.3,9878450.0310000,83094,4574937.7930000
1699488000000,106.980000,111.600000,99.280000,107.410000,158877.8,17011942.4900000,151286,8065895.0950000
1699574400000,107.430000,109.370000,103.670000,108.060000,91163.6,9759095.8680000,94935,4782627.3780000
1699660800000,108.040000,112.570000,104.820000,107.250000,103834.6,11275545.3450000,105779,5620362.9490000
1699747200000,107.250000,108.180000,103.460000,104.340000,168217.7,17867656.2230000,106106,8840269.5790000
1699833600000,104.310000,107.060000,100.300000,100.640000,134762.1,13899021.1910000,118121,6797383.6020000
1699920000000,100.650000,103.540000,97.890000,101.850000,89110.9,9021706.3210000,95339,4266787.4270000
1700006400000,101.850000,105.270000,100.790000,104.370000,82024.9,8455316,86532,3891917.2560000
1700092800000,104.370000,106.230000,100.120000,101.020000,102711.6,10634641.8100000,119588,5155002.7410000
1700179200000,101.020000,102.890000,96.360000,100.080000,107078.3,10653809.0760000,122441,5026248.6920000
1700265600000,100.060000,101.790000,95.570000,101.350000,63535.7,6304437.7450000,82670,3125642.3420000
1700352000000,101.340000,101.500000,98.300000,101.240000,54626.3,5463830.0120000,61442,2619053.4540000
1700438400000,101.240000,101.840000,97.860000,99.020000,74616.1,7471462.1520000,83362,3650234.8740000
1700524800000,99.010000,100.290000,94.460000,95.020000,136512.3,13415105.8870000,136809,6330160.1220000
1700611200000,95.030000,99.980000,94.860000,98.170000,74404.1,7311454.8830000,83802,3448067.3180000
1700697600000,98.180000,100.530000,97.650000,98.830000,59374.9,5861792.8360000,69095,2861112.4240000
1700784000000,98.820000,100.320000,97.120000,99.220000,75728.1,7493802.4370000,82441,3587426.1620000
1700870400000,99.230000,104.780000,98.690000,104.620000,87471,8895220.7460000,92634,4504826.1520000
1700956800000,104.610000,105.950000,100.500000,100.790000,104073,10741147.6560000,103584,5108714.0830000
1701043200000,100.790000,101.870000,97.990000,99.040000,83607.7,8304619.6470000,94848,4109012.6250000
1701129600000,99.040000,100.120000,96.360000,99.760000,82200.9,8079575.7050000,86631,3979544.6680000
1701216000000,99.760000,100.130000,97.650000,98.180000,54520.4,5383063.4630000,68205,2520195.2000000
1701302400000,98.180000,100.240000,97.680000,100.190000,46192.7,4572585.3030000,67588,2233587.8160000
1701388800000,100.190000,101.760000,99.830000,100.190000,58768.3,5921062.0010000,72045,2706884.6190000
1701475200000,100.180000,102.230000,99.080000,101.690000,75204.8,7567438.0570000,73166,3776843.9750000
1701561600000,101.690000,101.830000,99.680000,100.800000,52104.8,5240599.9110000,63158,2469118.6150000
1701648000000,100.810000,103.660000,98.590000,101.520000,127568.5,12897158.4420000,130622,6216563.3770000
1701734400000,101.530000,108.140000,99.320000,108.020000,183178.6,18817237.8370000,168510,9381745.6890000
1701820800000,108.040000,113.650000,105.570000,110.960000,280259.3,30912439.3820000,255339,15236474.1280000
1701907200000,111,113.850000,106,109.690000,150742.2,16634148.3760000,148946,7929482.5590000
1701993600000,109.690000,115,107.960000,114.810000,97790,10816361.4250000,101787,5221550.3150000
1702080000000,114.830000,121.050000,114.030000,115.290000,133829.2,15733081.7500000,134595,7583131.1330000
1702166400000,115.300000,116.800000,113.110000,115.070000,78084.4,8984266.5010000,97655,4449037.3120000
1702252800000,115.060000,115.670000,107.300000,112.040000,141573.6,15643224.6060000,153100,7383358.8550000
1702339200000,112.040000,115,108.740000,110.820000,105717.2,11886087.0450000,130302,5796551.3500000
1702425600000,110.810000,116.150000,105.040000,114.930000,106814,11727940.8580000,137032,5466578.0670000
1702512000000,114.960000,118.120000,111.230000,114.390000,93768.9,10783670.9410000,115076,5291163.8400000
1702598400000,114.360000,115.310000,109.630000,109.930000,69601.4,7874046.4370000,96525,3823967.7220000
1702684800000,109.930000,114.090000,108.920000,112.800000,58120.1,6548927.7400000,84899,3161288.4160000
1702771200000,112.790000,113.280000,108.740000,108.810000,65679.6,7296577.6130000,87904,3696853.8770000
1702857600000,108.820000,110.220000,103.060000,109.520000,98894.7,10596252.0840000,117920,5014504.8420000
1702944000000,109.510000,111.010000,106.150000,106.910000,72016.9,7852109.9020000,95366,3796792.1770000
1703030400000,106.910000,111.150000,105.730000,109.110000,80185.7,8765465.4670000,108026,4151077.2840000
1703116800000,109.090000,109.480000,105.600000,108.580000,90958.4,9793795.4650000,113682,4943288.0740000
1703203200000,108.590000,117.320000,108.290000,117.290000,100816.8,11278588.4260000,115134,5515080.0300000
1703289600000,117.300000,117.470000,113.230000,114.620000,69817.0,8039808.9800000,91616,3894197.7510000
1703376000000,114.610000,144.000000,112.410000,133.530000,320498.4,41284577.0190000,331522,20714142.0170000
1703462400000,133.520000,144.170000,130.940000,136.970000,425437.5,58413951.2310000,450518,28863132.0730000
1703548800000,136.970000,154.210000,136.320000,144.520000,318000.0,46460472.3220000,381149,22550058.5370000
1703635200000,144.540000,145.660000,137.200000,139.500000,131286.9,18560085.9480000,167247,9038363.4960000
1703721600000,139.500000,144.440000,135.720000,135.800000,114692.8,16064480.3400000,158537,7856515.6840000
1703808000000,135.820000,137.960000,131.130000,134.160000,104546.2,14089271.7450000,146236,6783269.7210000
1703894400000,134.160000,153.480000,132.020000,147.870000,157341.0,22378312.0060000,207909,11365670.5520000
1703980800000,147.850000,149.400000,134.900000,137.970000,207634.0,29514526.5990000,250651,14558545.9950000
1704067200000,137.950000,141.960000,136.120000,140.810000,77060.6,10738649.0240000,112416,5152397.3680000
1704153600000,140.780000,145.260000,133.600000,136.090000,111138.6,15498599.8190000,149463,7831804.9530000
1704240000000,136.090000,137.960000,113.010000,125.370000,191037.9,24139483.4320000,238623,11394774.7550000
1704326400000,125.380000,131.480000,122.890000,128.660000,94908.0,12158049.0490000,156127,5923063.2310000
1704412800000,128.680000,129.550000,115.420000,121.350000,110350.0,13390199.8800000,144982,6459649.8890000
1704499200000,121.350000,121.940000,113.540000,119.020000,105215.9,12468381.8370000,156708,6189183.0450000
1704585600000,119.040000,121.450000,111.620000,112.700000,81765.5,9568811.9780000,126009,4682889.6370000
1704672000000,112.710000,121.850000,106.040000,119.070000,157046.6,17775572.3560000,200132,8459429.2690000
1704758400000,119.090000,120.000000,111.160000,116.300000,130716.3,15125804.2970000,183032,7416783.2120000
1704844800000,116.300000,131.650000,111.920000,127.470000,123275.8,14642026.3760000,173483,7250182.3020000
1704931200000,127.520000,130.090000,121.260000,124.500000,166661.5,20864090.2550000,214513,10191260.3450000
1705017600000,124.500000,130.870000,112.780000,116.350000,162653.8,19897105.8890000,215562,9650197.4900000
1705104000000,116.400000,121.540000,113.930000,120.300000,69066.5,8182820.8870000,98390,3926639.2530000
1705190400000,120.320000,120.980000,115.230000,115.500000,70003.1,8305789.0590000,104094,4175117.8150000
1705276800000,115.530000,119.670000,115.260000,116.590000,63769.2,7497500.3060000,99084,3655472.9570000
1705363200000,116.600000,120.390000,115.570000,119.040000,61154.1,7196692.0650000,93904,3542165.0050000
1705449600000,119.060000,120.530000,115.370000,117.660000,58064.1,6824813.4120000,82341,3375775.5550000
1705536000000,117.680000,119.870000,111.240000,113.340000,94372.7,10914401.5250000,117772,5291731.7250000
1705622400000,113.330000,114.720000,106.940000,114.440000,100815.4,11232054.8950000,115928,5484725.7270000
1705708800000,114.440000,115.770000,112.230000,114.970000,40601.1,4624868.8100000,59702,2218145.9730000
1705795200000,114.990000,116.130000,112.500000,112.900000,36870.8,4223759.0580000,54615,2020827.9480000
1705881600000,112.930000,113.620000,106.000000,106.590000,88317.3,9667422.4460000,123193,4948027.4730000
1705968000000,106.580000,108.280000,100.190000,104.930000,90621.8,9385136.4890000,124765,4401488.3330000
1706054400000,104.930000,109.080000,103.550000,106.130000,68597.4,7283637.9740000,93590,3501903.5770000
1706140800000,106.160000,108.030000,102.660000,105.130000,74877.1,7870473.8690000,96439,3842863.8000000
1706227200000,105.100000,110.370000,104.280000,109.680000,53595.1,5766300.3300000,65671,2812766.9710000
1706313600000,109.690000,110.750000,107.660000,108.800000,43742.3,4779331.4460000,57580,2287302.6540000
1706400000000,108.820000,109.330000,104.570000,105.810000,53867.3,5783731.9640000,72973,2821953.2720000
1706486400000,105.810000,109.090000,104.160000,108.500000,71699.3,7656331.1520000,88988,3757413.7940000
1706572800000,108.490000,109.490000,104.500000,105.330000,68189.9,7318653.3120000,87272,3744415.7340000
1706659200000,105.330000,105.770000,101.550000,102.630000,101894.3,10551585.0050000,112477,5320379.5700000
1706745600000,102.630000,103.820000,100.330000,103.420000,94191.5,9643821.5520000,109834,4633996.3730000
1706832000000,103.430000,104.770000,101.910000,102.850000,62059.0,6412086.4150000,86015,3113684.7810000
1706918400000,102.860000,105.000000,102.120000,102.610000,44226.5,4574242.7650000,60590,2163967.9160000
1707004800000,102.610000,102.610000,100.070000,100.710000,56659.7,5740057.3730000,77721,2785395.0410000
1707091200000,100.700000,103.790000,99.490000,101.870000,60141.9,6123366.4680000,74599,2880346.3210000
1707177600000,101.870000,103.490000,101.180000,103.110000,59857.9,6123879.0230000,62219,3097330.1110000
1707264000000,103.120000,104.960000,101.580000,104.390000,50216.3,5186356.7360000,79176,2515024.2470000
1707350400000,104.400000,104.890000,102.220000,104.280000,48808.6,5059484.9660000,67669,2502781.7180000
1707436800000,104.270000,107.310000,103.930000,105.740000,69637.0,7347268.4150000,84244,3570077.8510000
1707523200000,105.740000,106.280000,103.020000,103.570000,45626.7,4766390.5430000,58624,2368587.7660000
1707609600000,103.540000,105.560000,101.650000,103.230000,48098.9,4981990.3220000,65179,2328689.6860000
1707696000000,103.220000,107.020000,101.220000,106.430000,86911.2,9047349.8220000,108018,4189282.1240000
1707782400000,106.420000,107.120000,101.580000,103.730000,86882.8,9022106.4000000,106116,4658357.1490000
1707868800000,103.740000,106.790000,102.740000,105.670000,75311.5,7918510.3610000,99326,3697595.0340000
1707955200000,105.680000,111.650000,105.120000,111.290000,121581.1,13157737.3780000,156104,6389748.8010000
1708041600000,111.300000,114.210000,108.670000,109.940000,126053.7,14046908.6090000,143621,6876990.1090000
1708128000000,109.960000,110.900000,105.770000,107.530000,89815.0,9704742.5190000,103728,4805721.8000000
1708214400000,107.520000,110.430000,106.530000,110.080000,68341.5,7423624.2120000,91561,3682058.4950000
1708300800000,110.090000,113.120000,109.210000,112.140000,83751.1,9336092.9080000,108194,4225249.3650000
1708387200000,112.140000,112.560000,104.420000,109.720000,127039.1,13812219.3190000,154221,6641245.6350000
1708473600000,109.720000,110.000000,101.640000,105.280000,112645.4,11782700.4520000,142400,5649509.1510000
1708560000000,105.270000,106.940000,102.030000,103.230000,94594.6,9888849.2700000,122582,4875499.9730000
1708646400000,103.250000,104.270000,101.320000,102.920000,108948.7,11195751.4280000,129377,5377623.2670000
1708732800000,102.890000,105.200000,101.330000,104.660000,83815.0,8682394.5280000,98042,4065356.0460000
1708819200000,104.680000,108.100000,103.530000,107.480000,95702.7,10073760.3760000,107399,4893175.4820000
1708905600000,107.500000,109.000000,103.630000,108.740000,111418.9,11856459.6680000,122421,5323529.1130000
1708992000000,108.770000,112.200000,107.450000,109.420000,148343.7,16312169.0760000,164926,7542617.3870000
1709078400000,109.410000,115.320000,99.900000,110.450000,214761.7,23602027.3210000,224966,11365116.3830000
1709164800000,110.430000,116.840000,109.120000,115.220000,205518.5,23390427.4940000,231507,11353128.5280000
1709251200000,115.220000,129.370000,112.700000,124.560000,226740.0,27435384.0410000,247880,13625856.1810000
1709337600000,124.560000,128.110000,120.220000,127.860000,126404.1,15637214.6040000,152534,7945723.4540000
1709424000000,127.880000,129.960000,120.310000,123.040000,171726.1,21603801.9100000,215000,10863617.5090000
1709510400000,123.040000,135.450000,120.900000,128.450000,334180.9,42400571.6700000,361667,20809899.4520000
1709596800000,128.460000,134.730000,102.500000,117.780000,340772.3,42007768.3860000,394818,19962507.5620000
1709683200000,117.780000,129.820000,113.810000,126.910000,255665.3,31218682.3440000,263373,15436881.8750000
1709769600000,126.860000,130.770000,124.840000,126.880000,138854.7,17796866.0000000,187471,9013358.2790000
1709856000000,126.870000,128.080000,120.060000,123.930000,169713.5,21129287.6890000,204558,10516847.7680000
1709942400000,123.930000,124.990000,120.120000,120.690000,119365.3,14604232.0040000,130161,7539036.4100000
1710028800000,120.700000,122.130000,115.480000,118.530000,127243.9,15141213.2030000,135968,7096102.9210000
1710115200000,118.530000,127.300000,111.000000,126.280000,230367.2,27902844.9080000,253750,13604317.1330000
1710201600000,126.300000,139.780000,117.140000,138.600000,335641.8,42607337.5240000,335493,21009193.8970000
1710288000000,138.590000,147.290000,131.900000,138.190000,335373.9,47095573.1610000,331570,22676245.4410000
1710374400000,138.190000,142.520000,128.250000,136.340000,224900.6,30663258.9640000,260406,14891735.8100000
1710460800000,136.340000,138.380000,119.000000,136.210000,371818.6,48455942.6720000,403156,23297423.3500000
1710547200000,136.220000,137.470000,120.370000,123.390000,174968.1,22570434.1050000,232786,11267354.4010000
1710633600000,123.380000,130.370000,117.790000,128.180000,204518.7,25498273.4930000,249544,12246877.3510000
1710720000000,128.160000,136.480000,122.410000,123.970000,216459.0,27904049.0060000,274720,13931292.2300000
1710806400000,123.970000,125.490000,109.290000,112.390000,285154.7,33098339.4700000,354831,16212864.6670000
1710892800000,112.380000,123.740000,106.060000,122.970000,243719.0,27739221.1790000,287496,12983112.3540000
1710979200000,122.990000,132.380000,121.800000,124.340000,210012.5,26738329.9180000,238566,13420795.7400000
1711065600000,124.330000,129.930000,118.980000,122.330000,167433.5,20771940.4630000,202446,10144672.0420000
1711152000000,122.350000,129.290000,120.080000,124.880000,120644.7,15164374.9560000,139822,7166341.9950000
1711238400000,124.870000,139.060000,124.860000,135.270000,197936.6,25944121.6690000,194688,13345250.4550000
1711324800000,135.300000,148.790000,132.800000,140.490000,351457.2,50047899.9200000,321666,24795083.7410000
1711411200000,140.490000,149.660000,137.720000,139.740000,192179.4,27518965.1800000,231711,13284072.0750000
1711497600000,139.730000,142.710000,134.000000,136.830000,161006.9,22238911.5040000,180621,10843988.6660000
1711584000000,136.840000,144.090000,134.260000,137.790000,115123.2,16013329.7240000,148005,7671370.9880000
1711670400000,137.770000,139.700000,133.560000,135.960000,93582.9,12757776.2420000,114849,6258347.3930000
1711756800000,135.950000,137.060000,132.500000,133.420000,99579.1,13432814.9800000,112820,6786895.8430000
1711843200000,133.420000,136.270000,132.030000,132.430000,89945.0,12025285.8530000,114630,5969273.1430000
1711929600000,132.430000,133.620000,124.480000,127.080000,143069.0,18405145.9780000,168814,8739423.1420000
1712016000000,127.080000,127.570000,118.370000,119.520000,178374.6,21639683.5820000,201960,10245410.5570000
1712102400000,119.510000,124.480000,116.350000,118.840000,113422.6,13647029.1190000,141904,6531803.3050000
1712188800000,118.840000,125.810000,117.010000,121.410000,88522.6,10742480.0130000,106387,5453801.6800000
1712275200000,121.460000,121.560000,114.680000,118.640000,93252.6,10991175.6830000,103152,5141476.9160000
1712361600000,118.650000,121.310000,118.020000,119.930000,46177.4,5533593.5170000,60119,2868131.9380000
1712448000000,119.950000,122.270000,118.640000,120.390000,55211.8,6655155.2300000,70904,3283326.4320000
1712534400000,120.370000,123.780000,118.120000,122.600000,75684.4,9210351.9660000,89972,4660935.7710000
1712620800000,122.610000,123.340000,114.860000,116.460000,117254.4,13846935.1580000,124948,6783670.3890000
1712707200000,116.450000,118.190000,112.720000,116.960000,111649.5,12943484.3210000,123692,6123081.1870000
1712793600000,116.960000,117.670000,113.800000,115.350000,82617.7,9573154.9280000,92412,4590773.7210000
1712880000000,115.380000,117.040000,92.580000,104.840000,237578.3,25246311.6400000,215588,11490811.5870000
1712966400000,104.830000,105.540000,79.160000,95.350000,313110.9,29826063.7100000,297020,14303496.0780000
1713052800000,95.390000,105.720000,90.970000,104.660000,226926.0,22267073.3030000,252710,11253323.5290000
1713139200000,104.670000,115.500000,101.110000,103.530000,257184.2,27747542.5980000,259619,14113711.1740000
1713225600000,103.510000,105.440000,97.150000,103.250000,164333.8,16748925.1970000,159970,8112831.7280000
1713312000000,103.240000,104.920000,98.910000,101.640000,114446.2,11665724.9890000,124109,5603749.0210000
1713398400000,101.600000,108.760000,98.560000,108.200000,109078.4,11316542.7420000,126387,5445338.4510000
1713484800000,108.230000,109.260000,99.010000,104.370000,133494.3,14039760.1700000,156226,6987039.0280000
1713571200000,104.350000,110.260000,102.850000,109.640000,65602.6,6991805.5670000,78216,3477026.7170000
1713657600000,109.660000,109.730000,104.430000,106.190000,62459.2,6700039.7690000,81811,3163504.7060000
1713744000000,106.200000,110.440000,105.550000,108.110000,69027.0,7447020.4120000,92548,3574023.7470000
1713830400000,108.090000,109.520000,105.420000,109.150000,81464.6,8788098.6390000,89780,4464175.4700000
1713916800000,109.150000,116.560000,106.800000,107.700000,127439.5,14167023.0980000,134136,6780859.5960000
1714003200000,107.720000,110.460000,105.080000,110.010000,76862.6,8297849.1420000,96920,4299878.9340000
1714089600000,110.010000,111.270000,106.350000,106.510000,77389.5,8418894.5340000,102097,4253922.2870000
1714176000000,106.520000,107.200000,101.920000,104.040000,77857.6,8103156.5270000,87910,3887897.2490000
1714262400000,104.040000,106.900000,101.380000,101.610000,61532.8,6406045.0360000,67488,3013566.8450000
1714348800000,101.600000,104.320000,100.330000,103.100000,69100.6,7067144.2820000,82085,3549229.5450000
1714435200000,103.100000,104.480000,96.120000,99.580000,109672.0,10971539.1480000,112947,5232965.0750000
1714521600000,99.540000,102.350000,93.330000,101.400000,100499.3,9877826.0440000,111829,4886365.5210000
1714608000000,101.390000,103.720000,99.020000,101.580000,86452.9,8774584.6320000,83819,4483002.8520000
1714694400000,101.570000,106.730000,101.050000,105.840000,65413.5,6792253.5750000,70221,3566981.0130000
1714780800000,105.850000,106.530000,101.690000,102.020000,56601.6,5888942.7450000,64053,2945168.8550000
1714867200000,102.050000,103.050000,100.000000,101.000000,68452.7,6919694.2510000,75954,3454753.0880000
1714953600000,100.970000,103.800000,97.740000,98.090000,104944.6,10557642.6810000,103660,5265647.2360000
1715040000000,98.090000,101.920000,96.300000,96.340000,85451.7,8454468.0960000,87852,4349054.8540000
1715126400000,96.340000,98.590000,95.120000,96.870000,89509.7,8679990.6950000,81851,4056148.4080000
1715212800000,96.860000,99.520000,95.910000,99.080000,65388.9,6374339.0150000,76053,3163612.2270000
1715299200000,99.080000,100.450000,94.320000,96.270000,73859.6,7187629.6750000,83214,3498782.4440000
1715385600000,96.270000,97.380000,94.950000,95.490000,45795.6,4399302.1760000,56535,2236330.1160000
1715472000000,95.500000,96.260000,93.010000,94.290000,44844.7,4251134.7340000,58377,1977472.7770000
1715558400000,94.280000,96.940000,91.290000,95.990000,60460.2,5736507.6640000,78489,2851199.1360000
1715644800000,95.990000,96.410000,91.740000,92.750000,58236.9,5451228.6140000,67939,2667328.9370000
1715731200000,92.750000,97.050000,91.940000,96.490000,69187.7,6551282.8860000,67039,3205643.2820000
1715817600000,96.490000,96.990000,94.260000,94.710000,51587.1,4930243.2060000,60431,2385182.7080000
1715904000000,94.730000,98.550000,93.360000,97.910000,55129.8,5301996.7070000,58751,2768268.9050000
1715990400000,97.890000,100.800000,97.060000,98.040000,59816.0,5886061.2820000,57922,3007966.6500000
1716076800000,98.040000,98.340000,94.120000,94.620000,42459.4,4080060.3750000,48095,1903809.3510000
1716163200000,94.620000,101.670000,93.510000,101.300000,89067.3,8703478.2480000,91504,4438114.2340000
1716249600000,101.290000,103.480000,97.000000,97.760000,92666.8,9250031.8120000,85187,4386191.3020000
1716336000000,97.710000,99.590000,95.580000,96.330000,72627.1,7099632.2250000,74014,3491191.8710000
1716422400000,96.320000,97.860000,90.860000,94.370000,114661.0,10822851.7480000,116472,5418323.2950000
1716508800000,94.380000,95.450000,91.880000,94.200000,96048.0,9008351.2390000,89250,4527242.7100000
1716595200000,94.240000,95.800000,93.160000,94.040000,58607.2,5522641.6000000,53875,2880050.4140000
1716681600000,94.040000,94.230000,91.230000,92.200000,59901.3,5550677.2770000,56687,2545122.4270000
1716768000000,92.200000,94.650000,91.860000,92.610000,61846.3,5747650.8220000,65094,2689475.5340000
1716854400000,92.600000,92.690000,89.590000,91.800000,91822.3,8379354.7040000,89600,4103482.7420000
1716940800000,91.810000,93.750000,90.540000,92.160000,94068.6,8645971.1120000,82230,4482853.9870000
1717027200000,92.150000,92.700000,89.130000,90.660000,151266.7,13775283.2300000,109146,6717680.0460000
1717113600000,90.690000,91.990000,89.190000,90.590000,75041.2,6805084.6020000,63759,3157970.3030000
1717200000000,90.590000,91.330000,89.900000,90.990000,40109.5,3627143.1840000,47709,1700811.8310000
1717286400000,90.970000,92.950000,90.630000,91.470000,70233.9,6445221.5800000,80512,3027243.0700000
1717372800000,91.500000,92.780000,90.370000,90.570000,55015.8,5043422.8900000,55154,2469487.4160000
1717459200000,90.560000,91.860000,90.030000,91.230000,45762.6,4160221.6540000,49733,2121264.9000000
1717545600000,91.240000,91.900000,89.480000,90.620000,81780.0,7414416.7630000,65340,3828689.3860000
1717632000000,90.620000,91.270000,88.230000,89.880000,70221.6,6333276.1460000,61760,2984396.1100000
1717718400000,89.870000,90.730000,75.980000,86.260000,181473.4,15453380.3150000,151519,6799744.0710000
1717804800000,86.260000,87.000000,81.780000,83.290000,88361.7,7435403.1110000,69203,3636432.3280000
1717891200000,83.290000,88.060000,82.830000,87.720000,62593.2,5348944.8360000,58695,2527243.8250000
1717977600000,87.740000,90.530000,87.030000,87.620000,149282.0,13243697.1210000,116583,6612099.5120000
1718064000000,87.630000,87.970000,81.700000,84.430000,116014.0,9824257.3630000,96448,4822108.7330000
1718150400000,84.440000,88.370000,83.250000,87.510000,95193.3,8206800.2180000,85198,4184185.4400000
1718236800000,87.500000,88.220000,82.550000,83.070000,84732.3,7180472.1680000,78316,3519319.0040000
1718323200000,83.080000,83.450000,78.440000,81.380000,93078.8,7589135.8910000,83160,3720535.7960000
1718409600000,81.410000,83.680000,81.160000,82.310000,49278.8,4076290.7480000,43134,2039979.6080000
1718496000000,82.310000,83.600000,81.910000,82.860000,38580.2,3193512.4690000,33944,1543288.9500000
1718582400000,82.860000,83.420000,76.930000,79.700000,107199.9,8617878.8650000,77889,4359801.3660000
1718668800000,79.670000,80.040000,71.180000,76.470000,161849.6,12191191.4470000,112117,5791617.7040000
1718755200000,76.460000,79.650000,76.040000,78.860000,60769.4,4748813.0930000,52389,2410972.0170000
1718841600000,78.890000,80.200000,77.260000,78.120000,59977.8,4725635.7310000,51768,2385108.2440000
1718928000000,78.140000,78.980000,74.920000,76.440000,64829.1,4976591.9390000,59713,2496354.7610000
1719014400000,76.450000,76.510000,74.600000,75.150000,35359.5,2659629.8250000,36659,1257814.7930000
1719100800000,75.150000,77.170000,73.500000,74.000000,44374.5,3347654.5450000,41243,1646258.5060000
1719187200000,74.010000,75.280000,71.880000,74.510000,91530.6,6756142.2570000,77734,3363420.8990000
1719273600000,74.510000,76.770000,73.930000,76.540000,53750.3,4060479.8370000,49471,2076778.2250000
1719360000000,76.540000,77.880000,74.820000,75.780000,49165.6,3751835.2870000,49436,1666294.7560000
1719446400000,75.780000,77.060000,72.770000,72.920000,85078.0,6364105.8880000,65991,3306301.6880000
1719532800000,72.930000,76.730000,69.660000,76.500000,321128.0,23317450.6150000,185090,11758920.4140000
1719619200000,76.500000,79.500000,75.300000,75.730000,347192.5,26956963.4130000,210799,13525550.9740000
1719705600000,75.730000,77.270000,74.370000,77.230000,105378.4,7990898.6260000,78576,3958090.5050000
1719792000000,77.260000,80.760000,77.100000,80.130000,98305.3,7749048.0200000,85743,3894804.0060000
1719878400000,80.140000,81.570000,79.370000,80.200000,87976.8,7074409.0170000,81357,3631193.9090000
1719964800000,80.200000,80.460000,75.340000,76.470000,84734.6,6606501.7980000,72946,3250059.0900000
1720051200000,76.440000,77.120000,69.800000,72.010000,139365.3,10144336.6740000,108568,4942013.2460000
1720137600000,72.010000,76.390000,63.110000,73.970000,263816.6,18236752.9950000,198643,8754676.9280000
1720224000000,73.970000,75.600000,72.460000,74.620000,89022.2,6602325.8160000,79167,3438059.2890000
1720310400000,74.620000,74.730000,68.820000,69.090000,81942.5,5923667.0480000,79151,2810756.1940000
1720396800000,69.090000,72.540000,66.690000,71.010000,103691.9,7235109.9080000,100547,3652416.1970000
1720483200000,71.020000,73.320000,70.590000,71.780000,55846.4,4007835.8840000,56623,2072355.4890000
1720569600000,71.770000,72.530000,69.430000,70.000000,57358.8,4058520.4930000,53484,2033917.4490000
1720656000000,70.020000,71.570000,68.170000,68.510000,68365.2,4771945.3520000,58097,2385581.4540000
1720742400000,68.560000,71.900000,68.360000,70.720000,79439.7,5600252.5280000,67517,2727642.5930000
1720828800000,70.740000,72.320000,70.360000,71.440000,49293.3,3525721.6240000,45518,1728339.4770000
1720915200000,71.440000,74.500000,70.740000,74.090000,76370.9,5555300.3670000,67387,2694284.5900000
1721001600000,74.080000,78.520000,73.710000,78.230000,72363.9,5466139.9830000,66330,2830045.4190000
1721088000000,78.250000,80.940000,76.110000,79.310000,87919.4,6910716.7760000,75351,3388355.4430000
1721174400000,79.290000,80.720000,76.540000,76.740000,77405.2,6090263.1870000,61554,3066791.1270000
1721260800000,76.760000,78.270000,74.040000,75.740000,74351.7,5667113.5290000,51535,2704929.8860000
1721347200000,75.740000,77.100000,72.920000,76.470000,77548.0,5833914.0290000,55941,2890392.5820000
1721433600000,76.500000,76.830000,74.140000,75.640000,47155.9,3570932.1660000,36509,1768897.3540000
1721520000000,75.630000,76.790000,71.940000,75.980000,64859.2,4835241.6610000,53166,2285468.4860000
1721606400000,76.010000,76.510000,73.100000,73.480000,53777.8,4005426.2990000,48203,1906712.9070000
1721692800000,73.490000,74.690000,71.000000,72.780000,74127.1,5407693.8460000,62394,2581894.2460000
1721779200000,72.780000,73.880000,70.780000,71.150000,49717.7,3603295.6020000,39100,1737809.6480000
1721865600000,71.150000,72.790000,68.960000,71.840000,81354.3,5739445.0060000,67921,2818120.6280000
1721952000000,71.840000,74.410000,71.770000,73.080000,61392.5,4490869.4270000,46190,2196391.0640000
1722038400000,73.080000,73.930000,71.700000,73.120000,57473.9,4194171.8410000,43455,2005085.5470000
1722124800000,73.110000,73.370000,70.950000,71.490000,44471.1,3198553.0880000,31665,1597211.5240000
1722211200000,71.500000,73.410000,71.320000,71.710000,74183.4,5363021.1840000,51441,2574224.9160000
1722297600000,71.730000,72.490000,68.170000,68.780000,67557.5,4743150.9880000,47397,2357688.1310000
1722384000000,68.770000,70.050000,68.000000,68.780000,65002.7,4496622.9430000,48614,2253817.9190000
1722470400000,68.800000,70.250000,65.190000,69.160000,90969.0,6188898.3490000,69093,2916610.0620000
1722556800000,69.150000,69.440000,63.410000,66.100000,114163.0,7542324.5560000,86151,3720653.3910000
1722643200000,66.130000,67.240000,62.690000,64.370000,132697.2,8670417.1330000,83664,4370464.5780000
1722729600000,64.360000,64.850000,59.420000,59.930000,122260.0,7567347.6410000,82804,3809979.1930000
1722816000000,59.920000,60.690000,50.080000,58.390000,415349.2,23043994.3190000,270924,11429367.2790000
1722902400000,58.410000,62.490000,58.390000,61.460000,121379.5,7350920.3160000,79138,3749447.2870000
1722988800000,61.460000,63.850000,57.750000,59.010000,114352.2,6931038.4470000,73314,3415895.4950000
1723075200000,59.020000,64.740000,58.190000,64.250000,92271.8,5694294.1570000,59522,2930666.9180000
1723161600000,64.240000,66.940000,62.900000,66.010000,102855.8,6681875.6830000,62771,3245576.2680000
1723248000000,66.040000,67.950000,64.780000,67.260000,66987.4,4450676.0450000,48363,2198296.1260000
1723334400000,67.260000,69.230000,64.680000,64.900000,62410.1,4181433.1630000,47139,2073811.2160000
1723420800000,64.890000,67.320000,63.950000,65.900000,81290.6,5336578.6870000,61468,2618570.7000000
1723507200000,65.940000,66.170000,63.680000,64.750000,73026.8,4731509.9400000,54025,2358191.3260000
1723593600000,64.780000,65.810000,62.720000,63.150000,73300.8,4714331.4250000,50889,2369650.7140000
1723680000000,63.170000,64.660000,61.360000,62.100000,88904.8,5607718.7180000,60518,2860540.3160000
1723766400000,62.110000,63.660000,60.680000,62.900000,74857.2,4655463.0150000,52124,2361217.2580000
1723852800000,62.900000,63.400000,61.930000,63.360000,48384.8,3030087.2570000,30591,1469354.8060000
1723939200000,63.360000,63.440000,61.780000,62.430000,57132.3,3568414.2750000,35370,1778313.1130000
1724025600000,62.430000,62.440000,60.630000,61.750000,65635.5,4035425.9120000,43721,2061105.2660000
1724112000000,61.730000,64.160000,61.670000,63.580000,54412.8,3432830.0470000,40360,1771399.7560000
1724198400000,63.580000,65.210000,62.480000,64.340000,44598.4,2845363.7600000,35081,1409053.8910000
1724284800000,64.320000,67.620000,63.850000,67.590000,50519.4,3360161.0000000,39559,1600840.1500000
1724371200000,67.590000,71.220000,67.490000,70.820000,75677.8,5215934.7620000,55824,2767363.7220000
1724457600000,70.800000,72.160000,69.720000,71.340000,53024.0,3752799.9620000,45627,1788833.2200000
1724544000000,71.340000,71.540000,68.000000,68.760000,58204.3,4045271.6080000,46444,1987990.2390000
1724630400000,68.760000,69.610000,65.440000,65.970000,73119.7,4924753.4260000,55005,2287525.9180000
1724716800000,65.960000,66.990000,62.170000,63.580000,87931.3,5726094.1910000,60887,2793845.3350000
1724803200000,63.580000,65.990000,61.950000,63.580000,86589.3,5534750.5970000,64365,2738551.6970000
1724889600000,63.560000,66.600000,63.370000,64.490000,52377.3,3399878.1540000,44714,1565323.7470000
1724976000000,64.520000,65.640000,62.010000,63.940000,68156.4,4369433.7650000,52267,2202658.6830000
1725062400000,63.930000,64.610000,62.340000,62.350000,28377.6,1797368.2780000,26521,857287.9200000
1725148800000,62.350000,62.600000,59.890000,60.520000,43568.5,2673978.5270000,41328,1323894.8380000
1725235200000,60.510000,62.760000,59.850000,62.410000,53160.0,3262115.2760000,44980,1622630.6380000
1725321600000,62.380000,63.910000,60.140000,60.240000,45356.6,2814466.5850000,40848,1427952.1500000
1725408000000,60.220000,62.700000,57.840000,62.290000,67862.8,4096774.6080000,50301,2057702.1060000
1725494400000,62.290000,62.530000,59.640000,60.130000,44448.7,2697469.8420000,35978,1341715.7990000
1725580800000,60.080000,61.330000,55.790000,57.330000,94419.9,5510483.3460000,64008,2695466.9510000
1725667200000,57.330000,60.060000,56.720000,60.050000,46027.2,2707406.7050000,35047,1371406.6130000
1725753600000,60.080000,69.740000,60.020000,69.010000,836470.4,56641709.6890000,373975,28644929.6240000
1725840000000,69.010000,73.980000,69.000000,73.290000,595081.7,42509980.0630000,296543,22036636.7230000
1725926400000,73.300000,74.920000,72.330000,72.690000,226019.6,16575215.6100000,135475,8410007.0260000
1726012800000,72.690000,72.690000,70.350000,70.690000,177415.8,12662636.5590000,117928,6928674.3940000
1726099200000,70.670000,77.630000,70.030000,77.580000,159946.1,11695143.0610000,119389,5877146.5970000
1726185600000,77.580000,77.940000,75.330000,76.390000,170058.0,13039644.1210000,122490,6496724.5920000
1726272000000,76.380000,76.530000,73.640000,74.280000,88741.7,6673727.9710000,67026,3513401.6580000
1726358400000,74.270000,75.900000,72.020000,72.910000,96470.1,7165256.1230000,72501,3650307.7810000
1726444800000,72.900000,73.420000,69.420000,70.470000,93393.9,6652043.9100000,81749,3549523.0680000
1726531200000,70.480000,71.860000,69.160000,69.600000,93451.9,6556778.4810000,77574,3505177.7180000
1726617600000,69.590000,73.860000,68.810000,73.200000,97379.4,6932353.4020000,97807,3595019.8390000
1726704000000,73.210000,75.630000,71.780000,73.790000,115420.0,8491970.7630000,104781,4498850.6660000
1726790400000,73.800000,77.250000,73.280000,76.870000,73277.2,5559360.9300000,79758,2592765.9480000
1726876800000,76.860000,77.400000,73.860000,75.000000,64013.1,4813492.0940000,61275,2268006.3310000
1726963200000,74.990000,75.150000,72.290000,73.800000,72182.9,5334014.5700000,67569,2493230.0550000
1727049600000,73.810000,79.120000,72.500000,78.100000,96399.0,7340641.6020000,94909,3607206.1410000
1727136000000,78.080000,78.800000,76.070000,77.650000,73525.2,5688693.7460000,74205,2925004.5850000
1727222400000,77.650000,80.280000,76.750000,77.960000,83982.2,6618667.3460000,81844,3321069.1040000
1727308800000,77.960000,80.740000,77.080000,79.140000,72339.0,5737719.1500000,74772,2845986.4390000
1727395200000,79.160000,80.830000,77.430000,78.470000,78613.1,6237936.9980000,74550,3067021.7420000
1727481600000,78.460000,79.590000,76.080000,77.120000,59991.5,4653343.5410000,54489,2188337.6880000
1727568000000,77.130000,77.950000,74.670000,75.970000,63286.9,4809829.2690000,59927,2398332.1330000
1727654400000,75.960000,76.280000,72.220000,72.960000,85293.5,6339472.8580000,78151,3019858.1800000
1727740800000,72.960000,74.590000,67.580000,68.500000,135983.2,9661266.3370000,111245,4499035.3440000
1727827200000,68.480000,70.400000,66.310000,66.990000,87915.3,6033042.8160000,77312,2855686.8970000
1727913600000,66.990000,69.540000,66.670000,67.970000,88650.2,6034997.2870000,81031,2902811.0420000
1728000000000,68.010000,70.520000,67.240000,70.440000,68942.4,4774555.6840000,60331,2502590.2240000
1728086400000,70.430000,72.490000,68.220000,68.710000,71480.7,5053940.3460000,62672,2504027.8150000
1728172800000,68.710000,69.900000,67.940000,69.630000,66258.6,4564970.1050000,55244,2263792.1630000
1728259200000,69.640000,71.050000,67.050000,67.240000,80341.1,5534475.3250000,68871,2775305.9750000
1728345600000,67.240000,68.450000,65.740000,66.620000,81003.5,5432951.3970000,70960,2731393.1440000
1728432000000,66.630000,67.420000,64.340000,65.760000,165607.1,10906990.5210000,91567,5436103.2340000
1728518400000,65.750000,66.920000,64.340000,65.930000,69968.0,4607567.2820000,60680,2185473.8030000
1728604800000,65.970000,67.850000,65.510000,66.660000,62574.8,4180566.0800000,50309,2223677.6670000
1728691200000,66.640000,67.800000,66.100000,66.460000,65244.5,4361846.4140000,49989,2147786.4800000
1728777600000,66.460000,66.860000,63.880000,64.780000,81066.8,5301415.1470000,57452,2342431.8290000
1728864000000,64.760000,68.270000,64.320000,68.060000,106897.0,7159829.3830000,83114,3537988.6670000
1728950400000,68.070000,68.790000,65.610000,67.090000,152006.7,10177910.2110000,108665,4573199.4500000
1729036800000,67.110000,67.240000,65.930000,66.080000,69822.3,4634469.6140000,62966,2119701.5310000
1729123200000,66.060000,66.480000,64.160000,64.520000,65091.6,4244530.0740000,54370,2195324.9150000
1729209600000,64.520000,66.380000,64.140000,66.300000,58778.0,3842088.4050000,46899,1889437.4700000
1729296000000,66.330000,66.950000,64.780000,65.620000,44445.7,2922518.0210000,37816,1495823.5420000
1729382400000,65.620000,67.280000,64.410000,67.270000,66501.8,4389086.7160000,50053,2210102.0890000
1729468800000,67.240000,68.110000,64.840000,65.220000,85703.1,5687695.2730000,63954,2832705.6650000
1729555200000,65.210000,66.240000,64.520000,64.940000,69768.0,4558731.0210000,51263,2095594.5190000
1729641600000,64.910000,65.360000,61.430000,63.150000,90655.9,5775301.4310000,62322,2612419.3380000
1729728000000,63.120000,64.450000,62.280000,63.730000,70186.8,4445458.6770000,49428,2047797.3680000
1729814400000,63.730000,64.180000,56.790000,58.820000,103793.1,6391247.7010000,69226,2928223.4760000
1729900800000,58.820000,61.700000,58.380000,61.700000,81305.6,4854464.4350000,49498,2352766.2540000
1729987200000,61.710000,62.180000,60.860000,61.460000,50121.7,3078327.9340000,35104,1448566.0400000
1730073600000,61.460000,62.880000,59.920000,61.110000,95624.0,5866994.2960000,54648,2896201.0990000
1730160000000,61.110000,63.280000,60.850000,62.190000,111076.2,6900052.4200000,70271,3365392.4160000
1730246400000,62.190000,63.060000,60.650000,61.230000,89674.8,5546566.5950000,63572,2814752.6390000
1730332800000,61.230000,61.590000,58.680000,59.130000,102841.8,6189575.4900000,71258,3078682.1250000
1730419200000,59.140000,59.790000,57.240000,58.140000,110497.7,6461824.0090000,73384,3270961.3450000
1730505600000,58.150000,59.150000,56.050000,57.470000,75922.1,4356415.8360000,53392,2080707.4340000
1730592000000,57.480000,57.700000,54.340000,56.070000,111283.2,6225929.5690000,80039,2843706.1750000
1730678400000,56.090000,57.390000,55.030000,56.110000,92374.2,5212996.5450000,64701,2596511.7090000
1730764800000,56.120000,57.840000,56.030000,56.900000,87972.0,4993643.6370000,65224,2496046.2630000
1730851200000,56.900000,62.350000,56.690000,61.850000,136785.0,8313267.4720000,98539,4077888.6120000
1730937600000,61.850000,63.590000,61.000000,62.110000,104971.4,6530815.3150000,78467,3246203.8280000
1731024000000,62.110000,62.640000,59.650000,61.500000,88432.4,5395987.6420000,65649,2625668.0700000
1731110400000,61.510000,63.940000,60.750000,63.640000,86264.2,5374916.1100000,60224,2698834.7120000
1731196800000,63.650000,70.090000,62.900000,67.530000,177977.0,11903186.3500000,119415,5730583.3170000
1731283200000,67.560000,70.740000,65.370000,70.500000,171524.2,11675850.9030000,128110,5530890.3840000
1731369600000,70.510000,70.700000,61.680000,62.880000,300508.6,19643934.1240000,196348,9665951.4020000
1731456000000,62.860000,64.160000,58.780000,62.070000,259972.2,15967149.6830000,189039,7815386.7320000
1731542400000,62.100000,64.380000,59.670000,61.510000,173358.3,10736465.6840000,151543,5078679.7030000
1731628800000,61.550000,66.590000,60.170000,66.160000,170245.4,10662334.2620000,145250,5179111.2860000
1731715200000,66.160000,94.860000,65.040000,87.500000,1447407.8,124664513.9690000,920749,62724323.5420000
1731801600000,87.490000,87.520000,77.550000,79.630000,647046.4,52977256.5290000,423638,26235650.3470000
1731888000000,79.620000,93.590000,79.250000,87.600000,555867.9,48841725.8080000,404450,24257857.5380000
1731974400000,87.570000,97.530000,86.560000,91.940000,336998.4,30596352.5160000,286083,15114786.5600000
1732060800000,91.920000,92.730000,83.920000,87.920000,277514.1,24323118.0100000,234962,11964249.7480000
1732147200000,87.920000,90.110000,84.690000,86.590000,231640.2,20258556.4070000,204607,10103568.0230000
1732233600000,86.590000,94.510000,82.680000,92.320000,355080.1,31342944.7570000,298560,15291810.9540000
1732320000000,92.310000,108.780000,91.880000,99.510000,394258.8,39330667.5230000,360444,19656520.5990000
1732406400000,99.500000,104.370000,92.370000,98.190000,254410.7,24687154.5630000,256141,11806177.2860000
1732492800000,98.180000,103.500000,93.860000,96.120000,210412.9,20656319.0500000,209391,10399809.3550000
1732579200000,96.120000,102.770000,90.690000,93.990000,213968.9,20404948.3860000,212024,10028636.0660000
1732665600000,93.950000,96.830000,91.590000,96.300000,167432.4,15803234.1700000,166107,8057918.3780000
1732752000000,96.270000,96.370000,90.740000,94.440000,129239.1,12079354.5770000,118123,5998743.8590000
1732838400000,94.470000,98.800000,92.000000,98.090000,152861.7,14529536.7500000,126940,7083818.3140000
1732924800000,98.100000,101.500000,94.290000,99.390000,184748.5,18212148.2060000,169430,8856522.0420000
1733011200000,99.390000,111.240000,96.230000,110.700000,272667.5,28372527.8650000,234611,14259529.7970000
1733097600000,110.750000,138.890000,108.510000,129.260000,1034383.2,127976937.5260000,860521,62320767.4460000
1733184000000,129.220000,149.400000,126.200000,142.540000,951367.0,133354894.8980000,841627,65488672.5690000
1733270400000,142.540000,164.200000,140.840000,149.060000,490058.7,74694408.9610000,478943,36151671.3750000
1733356800000,149.030000,149.900000,135.000000,140.080000,266191.1,38460446.9900000,308714,18556068.3180000
1733443200000,140.090000,162.800000,137.960000,160.960000,269313.6,40111571.9410000,302412,19496308.2730000
1733529600000,161.000000,171.990000,151.150000,165.940000,468233.1,76564691.6900000,491029,37825984.8040000
1733616000000,165.960000,170.320000,159.660000,160.910000,232808.8,38186386.1040000,270616,18703668.6420000
1733702400000,160.880000,162.610000,119.000000,137.030000,411598.2,59174824.7340000,384201,27456412.0920000
1733788800000,137.030000,147.390000,125.280000,138.340000,331573.5,45282832.7280000,363968,22402834.0500000
1733875200000,138.350000,153.340000,130.680000,142.730000,248942.2,35063960.9410000,301365,16872688.6910000
1733961600000,142.710000,147.020000,136.530000,139.820000,213723.5,30304945.1720000,252490,14564495.7860000
1734048000000,139.830000,143.520000,137.020000,142.580000,184203.0,25860786.9570000,248245,13007955.3180000
1734134400000,142.610000,144.630000,134.200000,138.880000,148443.7,20792001.7300000,192775,9894736.5580000
1734220800000,138.900000,142.130000,133.060000,140.510000,118740.9,16273837.5810000,180416,7840155.7090000
1734307200000,140.550000,142.540000,132.080000,133.080000,146116.1,19875315.1920000,209085,9909484.0110000
1734393600000,133.100000,135.580000,127.020000,127.660000,169315.2,22375327.5420000,216219,11010819.7690000
1734480000000,127.660000,128.650000,112.140000,114.440000,266218.2,32419210.6710000,275781,15808222.8110000
1734566400000,114.460000,120.890000,105.440000,109.250000,307472.8,34603139.1460000,338956,16603493.5300000
1734652800000,109.220000,112.940000,94.620000,111.540000,272501.2,28465169.2460000,315128,14014013.7740000
1734739200000,111.550000,120.330000,105.870000,107.450000,164057.1,18521323.8200000,209351,8898696.9010000
1734825600000,107.470000,110.000000,102.190000,104.780000,132458.7,14124595.1440000,179229,7167800.9560000
1734912000000,104.820000,117.440000,102.010000,116.810000,160128.2,17385708.3500000,201494,8810755.7570000
1734998400000,116.750000,122.010000,115.240000,120.940000,158183.3,18773252.8760000,163286,9571450.8780000
1735084800000,120.950000,124.100000,117.350000,119.050000,97804.5,11821244.2300000,117215,5854051.4050000
1735171200000,119.060000,119.960000,109.970000,111.590000,96987.4,10989623.0910000,111130,5226484.1730000
1735257600000,111.610000,119.210000,110.520000,115.690000,113136.2,13050300.0040000,128387,6490880.1430000
1735344000000,115.710000,117.810000,110.260000,117.180000,93142.3,10609067.4770000,107516,5462381.0160000
1735430400000,117.200000,118.970000,111.720000,113.630000,90996.6,10496401.3970000,102977,4968921.5650000
1735516800000,113.600000,117.630000,105.560000,107.240000,123271.9,13598407.8000000,133459,6515065.7430000
1735603200000,107.240000,110.900000,103.820000,106.360000,117401.8,12524659.6880000,119050,6260932.9470000
1735689600000,106.370000,118.120000,104.840000,115.720000,117153.1,13095028.0150000,125275,6690491.7390000
1735776000000,115.740000,119.500000,112.500000,113.470000,131481.1,15197886.7320000,131924,7442163.7260000
1735862400000,113.480000,122.330000,113.260000,120.780000,104190.6,12242655.5180000,115530,5788364.1160000
1735948800000,120.750000,121.100000,117.260000,118.130000,72422.5,8614846.7050000,75821,4064142.2870000
1736035200000,118.130000,120.600000,115.550000,118.660000,75733.5,8942755.6270000,81044,4429459.4350000
1736121600000,118.680000,120.780000,115.700000,116.520000,101873.8,12023010.6350000,102193,6079133.2550000
1736208000000,116.530000,118.370000,106.990000,107.780000,133254.6,15046975.4730000,126810,7015171.4400000
1736294400000,107.790000,109.640000,100.830000,105.780000,121400.9,12791757.4270000,129020,6037068.7840000
1736380800000,105.780000,106.430000,100.200000,102.430000,99625.5,10303820.8380000,112478,5131479.3920000
1736467200000,102.450000,105.440000,99.830000,103.610000,105806.5,10862661.2580000,115426,5642803.9260000
1736553600000,103.620000,109.770000,102.980000,107.620000,87975.5,9310915.5490000,93751,4457172.5970000
1736640000000,107.630000,109.420000,103.440000,104.410000,80604.3,8600586.4980000,90243,4128459.8340000
1736726400000,104.420000,106.670000,96.050000,101.730000,134834.6,13495964.4250000,143659,6324408.2930000
1736812800000,101.730000,105.700000,100.390000,104.880000,89341.7,9184895.2670000,95192,4826372.3510000
1736899200000,104.920000,121.070000,104.670000,120.430000,249948.7,28151625.7470000,212018,14405182.1260000
1736985600000,120.420000,123.660000,114.800000,119.040000,261609.2,30983157.0470000,192162,15168463.2020000
1737072000000,119.070000,123.580000,117.530000,121.490000,188180.5,22673438.2240000,144770,11208459.2220000
1737158400000,121.500000,122.200000,112.710000,115.200000,216419.9,25177875.5030000,167651,12332192.9180000
1737244800000,115.220000,117.590000,101.780000,103.920000,326765.8,35719421.7130000,230148,17603699.7140000
1737331200000,103.890000,117.230000,101.850000,105.220000,308407.8,33477474.0110000,249162,16382131.5130000
1737417600000,105.200000,117.000000,102.030000,116.060000,286136.2,31060905.4470000,220026,15197604.5950000
1737504000000,116.070000,118.870000,112.240000,112.930000,235122.0,27242060.5570000,208165,13666314.0230000
1737590400000,112.880000,112.970000,105.910000,108.090000,269411.2,29315533.2160000,202116,14402208.1700000
1737676800000,108.110000,115.100000,104.310000,106.520000,220201.2,24088115.8670000,158820,11708969.0060000
1737763200000,106.520000,111.200000,105.430000,107.070000,184793.8,20078399.1830000,132746,9871765.1530000
1737849600000,107.110000,108.160000,104.840000,105.000000,187618.5,19982961.6060000,136355,9960145.7550000
1737936000000,105.010000,106.900000,97.990000,100.920000,283430.3,28945606.8480000,194628,14130244.0420000
1738022400000,100.920000,103.910000,95.700000,96.840000,165738.9,16678332.0860000,147986,8319460.5690000
1738108800000,96.840000,102.620000,96.180000,101.490000,136311.5,13518804.2560000,138808,6503749.0430000
1738195200000,101.490000,113.960000,100.880000,110.670000,164152.2,17817109.0430000,171722,8843707.8210000
1738281600000,110.670000,115.480000,109.220000,112.020000,179353.2,20176778.7600000,192863,10109165.5650000
1738368000000,112.040000,114.500000,103.220000,103.220000,136782.7,14852797.5200000,144299,7729718.4540000
1738454400000,103.220000,106.060000,85.930000,89.100000,276704.0,26553509.2580000,256027,13011796.1760000
1738540800000,89.120000,97.040000,72.280000,96.290000,513693.0,43712924.5200000,395296,21154869.3950000
1738627200000,96.260000,98.050000,87.740000,91.180000,265510.3,24433028.0150000,371114,12236506.5090000
1738713600000,91.190000,93.410000,87.890000,88.760000,128258.8,11629216.8050000,203631,5824952.4830000
1738800000000,88.750000,90.580000,83.320000,83.990000,119613.6,10390325.9160000,181840,5092080.3110000
1738886400000,84.000000,91.900000,83.810000,87.270000,153672.8,13500190.7680000,200286,6863990.8130000
1738972800000,87.260000,87.890000,83.720000,86.390000,97005.5,8298295.6960000,91385,4227227.6900000
1739059200000,86.350000,89.070000,83.310000,86.860000,94231.6,8183814.0370000,96792,4007014.0490000
1739145600000,86.870000,90.570000,84.330000,88.490000,97261.9,8564596.1700000,108088,4323513.3350000
1739232000000,88.500000,92.900000,87.000000,88.520000,160606.9,14528183.0730000,143968,7072721.3440000
1739318400000,88.520000,93.890000,84.250000,92.790000,123822.3,10911211.8140000,138541,5463659.3570000
1739404800000,92.800000,97.900000,90.740000,91.410000,146515.6,13754792.9970000,201153,6848359.7840000
1739491200000,91.430000,96.270000,90.550000,94.940000,98628.8,9218376.0230000,119730,4500152.4980000
1739577600000,94.960000,98.030000,93.090000,94.360000,73121.4,6987307.5900000,86845,3521141.2530000
1739664000000,94.340000,96.670000,92.570000,94.450000,98471.9,9327306.5940000,84893,4577236.7130000
1739750400000,94.460000,97.660000,93.390000,97.200000,86586.9,8300681.3800000,100102,4314648.0510000
1739836800000,97.190000,98.010000,91.540000,95.550000,103865.7,9843552.8070000,123453,4876924.4190000
1739923200000,95.530000,98.200000,91.830000,98.020000,82998.2,7859752.8110000,90598,3748547.7660000
1740009600000,98.020000,99.940000,96.610000,98.770000,74294.1,7320140.2440000,88521,3633464.3170000
1740096000000,98.760000,100.320000,91.750000,94.600000,115639.4,11182472.2180000,119091,5677673.5160000
1740182400000,94.630000,97.280000,94.040000,96.160000,62905.7,6032450.0600000,65316,2768692.2890000
1740268800000,96.170000,98.060000,93.280000,94.830000,69551.4,6628818.0130000,78616,3385028.9160000
1740355200000,94.830000,95.940000,84.210000,85.140000,155249.8,14074829.1660000,161266,6903254.6390000
1740441600000,85.120000,102.450000,83.770000,100.630000,395262.3,37303421.0270000,370899,18804040.0810000
1740528000000,100.650000,112.030000,98.170000,101.390000,438140.2,46262630.3420000,424340,23775096.7720000
1740614400000,101.400000,102.830000,96.200000,97.260000,193289.0,19286494.2900000,250951,9426527.7490000
1740700800000,97.250000,97.340000,88.460000,96.240000,177618.2,16366806.3920000,263416,7872792.5180000
1740787200000,96.240000,97.050000,90.760000,92.040000,92708.6,8685715.9350000,144362,4067774.6280000
1740873600000,92.050000,101.250000,91.020000,98.360000,148056.9,14258430.3020000,163564,7354800.0130000
1740960000000,98.370000,99.740000,85.680000,87.530000,151302.3,13969168.4010000,239448,6748378.0590000
1741046400000,87.530000,89.080000,81.960000,87.930000,138908.7,11887600.8700000,146618,6120140.8500000
1741132800000,87.940000,91.960000,87.150000,88.300000,86383.5,7728378.0330000,104514,4076501.9550000
1741219200000,88.300000,89.090000,82.950000,84.130000,161560.7,13851147.3030000,157070,6676553.3590000
1741305600000,84.130000,85.090000,77.850000,78.660000,182935.6,14808337.4470000,187595,7076076.1720000
1741392000000,78.670000,85.210000,75.780000,84.910000,325593.0,26652345.3790000,285740,12886017.0840000
1741478400000,84.910000,86.420000,76.110000,76.690000,343270.5,27835031.4380000,308987,13557938.8980000
1741564800000,76.700000,78.730000,70.080000,71.080000,221283.3,16429810.4410000,255302,8225055.4760000
1741651200000,71.090000,77.270000,66.510000,76.090000,184092.7,13308747.1750000,225064,6524017.4350000
1741737600000,76.080000,77.890000,72.420000,76.420000,124339.7,9335231.9740000,152199,4410970.5310000
1741824000000,76.430000,78.230000,72.630000,74.970000,76404.0,5758968.2860000,92581,2896769.3340000
1741910400000,74.970000,77.360000,74.340000,75.770000,69887.8,5301165.9780000,77844,2777093.1420000
1741996800000,75.780000,79.280000,75.440000,78.730000,82975.3,6449093.5250000,84764,3098706.8580000
1742083200000,78.740000,79.970000,76.130000,76.870000,92534.1,7250185.9560000,97941,3561927.8050000
1742169600000,76.850000,79.640000,76.820000,77.440000,62398.8,4885912.8550000,74446,2460516.1280000
1742256000000,77.460000,78.220000,73.680000,78.070000,69228.6,5228908.1950000,86485,2867679.1380000
1742342400000,78.080000,80.530000,76.770000,80.050000,74745.7,5883406.0960000,94262,2841590.8590000
1742428800000,80.100000,80.770000,76.590000,76.890000,57476.5,4493142.3130000,84032,2087898.7630000
1742515200000,76.890000,78.740000,75.440000,75.950000,54943.9,4214928.7230000,71245,2142661.9610000
1742601600000,75.980000,78.790000,75.230000,77.050000,39911.1,3078904.4590000,54532,1543995.9830000
1742688000000,77.050000,78.000000,75.660000,76.840000,46538.9,3580329.5100000,60719,1706917.3610000
1742774400000,76.840000,80.190000,76.460000,79.380000,59463.4,4671403.8430000,68953,2252013.2290000
1742860800000,79.380000,80.210000,77.440000,79.190000,52183.3,4104781.2120000,67602,2029589.1760000
1742947200000,79.190000,80.130000,75.680000,76.500000,75679.1,5889465.2530000,85366,3125465.1300000
1743033600000,76.500000,77.770000,75.080000,75.760000,80259.7,6131362.0430000,79326,2847723.6300000
1743120000000,75.780000,75.950000,70.760000,71.540000,70302.3,5114247.9030000,84602,2438935.2570000
1743206400000,71.540000,71.760000,68.030000,69.120000,71363.4,4951590.4140000,79716,2386238.6000000
1743292800000,69.130000,71.270000,68.330000,69.430000,59767.8,4175299.2850000,67698,2107477.1990000
1743379200000,69.440000,69.730000,66.620000,68.610000,72388.2,4938500.9140000,84786,2540817.0530000
1743465600000,68.610000,72.430000,68.230000,70.210000,76894.4,5441870.4740000,79920,2646607.6250000
1743552000000,70.230000,71.080000,65.020000,66.160000,104321.8,7150272.8990000,101772,3582320.3050000
1743638400000,66.170000,69.130000,65.720000,68.170000,91679.2,6134859.3070000,90156,2976207.8740000
1743724800000,68.220000,70.050000,66.730000,68.030000,97937.3,6683514.0410000,90173,3167718.9590000
1743811200000,68.050000,69.180000,67.120000,67.950000,45079.1,3060961.1350000,50079,1542578.7900000
1743897600000,67.950000,69.380000,63.680000,64.390000,132605.2,8904048.8100000,110350,4357316.8500000
1743984000000,64.390000,67.790000,58.280000,63.460000,238984.8,14929460.7410000,199114,7349044.1410000
1744070400000,63.470000,64.480000,59.220000,59.860000,106479.8,6606828.6160000,101894,3296426.8460000
1744156800000,59.870000,67.590000,58.630000,66.650000,142872.2,8985867.1030000,123412,4306304.8430000
1744243200000,66.670000,66.940000,61.930000,64.000000,79219.7,5077580.6340000,77097,2442359.7070000
1744329600000,63.990000,66.560000,63.170000,64.990000,74346.4,4826406.2310000,70091,2428648.0490000
1744416000000,65.000000,68.980000,64.620000,68.470000,68670.6,4589999.4680000,62134,2241410.7700000
1744502400000,68.470000,70.690000,65.870000,67.000000,87364.5,5927382.6400000,81275,2875367.0980000
1744588800000,66.990000,69.710000,65.070000,65.140000,77403.9,5199102.4050000,90015,2391025.3360000
1744675200000,65.150000,67.590000,64.380000,64.640000,92597.3,6098264.3270000,93729,2859107.7460000
1744761600000,64.630000,65.440000,62.580000,64.350000,77239.9,4940689.8370000,83435,2504617.7250000
1744848000000,64.350000,66.980000,64.110000,65.420000,83589.9,5499348.6020000,74087,2650807.8310000
1744934400000,65.410000,66.200000,63.210000,63.260000,75978.4,4912727.1030000,85020,2475901.3560000
1745020800000,63.260000,65.880000,63.200000,65.650000,53096.7,3425084.9310000,60947,1612814.9090000
1745107200000,65.660000,67.790000,64.690000,66.610000,71422.8,4722120.5520000,66962,2129750.4610000
1745193600000,66.630000,67.940000,65.290000,66.230000,91443.0,6130939.4200000,83671,2916026.0560000
1745280000000,66.240000,69.940000,65.060000,69.070000,199895.0,13449963.3350000,135542,6824991.8450000
1745366400000,69.080000,72.770000,68.810000,72.420000,104538.5,7419491.5260000,96858,3781285.3240000
1745452800000,72.410000,75.210000,68.920000,75.050000,83005.7,6007100.0430000,92483,2810471.5610000
1745539200000,75.030000,76.620000,73.240000,74.540000,66519.9,5004790.4990000,78512,2378288.9560000
1745625600000,74.540000,77.050000,73.610000,76.500000,57661.4,4352332.1380000,67619,2241784.1980000
1745712000000,76.530000,77.610000,73.010000,73.980000,64299.7,4799652.8320000,71238,2251105.1440000
1745798400000,73.980000,77.460000,72.530000,75.770000,58530.0,4404706.4500000,71689,2131636.2590000
1745884800000,75.760000,76.870000,74.190000,75.030000,40523.6,3071984.6250000,53700,1510517.0240000
1745971200000,75.010000,75.960000,72.740000,75.000000,47236.4,3533052.6820000,53332,1719631.6530000
1746057600000,74.980000,84.100000,74.980000,82.320000,108545.1,8674421.9610000,93202,4271011.2750000
1746144000000,82.370000,85.820000,81.500000,85.040000,140865.3,11739603.8360000,125119,5961896.9800000
1746230400000,85.040000,85.960000,82.300000,83.760000,88214.9,7452776.6170000,95519,3880781.0710000
1746316800000,83.770000,90.800000,83.770000,89.970000,176992.3,15443651.1880000,174459,7850039.5260000
1746403200000,89.990000,90.440000,84.160000,84.290000,164630.2,14264729.7430000,166378,7116499.1530000
1746489600000,84.290000,87.630000,80.940000,86.710000,149888.2,12631838.1930000,153786,6440267.8960000
1746576000000,86.710000,91.990000,86.350000,89.840000,142495.3,12712372.1310000,157094,6362062.3970000
1746662400000,89.860000,96.660000,89.790000,95.410000,160516.0,15072994.4520000,180179,7311392.8070000
1746748800000,95.410000,98.690000,93.040000,94.980000,117658.7,11186709.3300000,160535,5419793.2710000
1746835200000,94.990000,102.440000,93.200000,101.640000,92985.9,9011081.4860000,124527,4502211.3490000
1746921600000,101.620000,102.240000,95.780000,98.760000,77843.6,7639629.0220000,106322,3765420.7620000
1747008000000,98.760000,104.000000,93.730000,98.120000,113217.6,11214779.9750000,148786,5534274.5370000
1747094400000,98.130000,100.320000,92.640000,98.540000,79108.8,7661713.2800000,105623,3619768.0810000
1747180800000,98.500000,100.880000,96.260000,99.780000,83333.0,8217573.0100000,109139,4096502.6170000
1747267200000,99.800000,101.200000,94.660000,96.390000,147179.5,14518450.9590000,158184,7165216.1220000
1747353600000,96.420000,96.700000,91.630000,91.780000,93923.0,8868583.8120000,124740,4235426.3190000
1747440000000,91.780000,94.110000,89.320000,91.060000,81347.2,7415831.3850000,117093,3651630.4170000
1747526400000,91.090000,99.450000,91.090000,96.680000,105573.3,10053537.9720000,125226,5124740.0820000
1747612800000,96.740000,96.910000,89.670000,93.330000,70151.4,6463242.9480000,92097,3118467.9880000
1747699200000,93.320000,98.970000,93.000000,96.620000,88152.8,8497227.2990000,108996,4314842.2880000
1747785600000,96.660000,100.700000,95.530000,97.960000,92836.5,9082983.1580000,118180,4591716.0390000
1747872000000,98.000000,100.950000,96.720000,98.010000,85019.0,8394907.1220000,108553,4068975.5280000
1747958400000,98.020000,100.150000,93.290000,93.870000,109637.3,10607407.3190000,125576,5093057.6070000
1748044800000,93.870000,98.240000,93.860000,95.500000,60142.8,5814049.7320000,84119,2779955.3060000
1748131200000,95.490000,96.390000,92.000000,94.810000,49114.6,4613531.1470000,73359,2267691.9070000
1748217600000,94.820000,106.270000,93.560000,104.600000,211861.7,21465390.1140000,225478,10865239.8310000
1748304000000,104.630000,114.860000,102.640000,111.450000,495001.7,53799630.3730000,437131,27899733.3270000
1748390400000,111.450000,119.840000,111.370000,117.110000,371367.0,43148783.4770000,361369,22459094.7100000
1748476800000,117.100000,118.890000,111.940000,113.580000,139231.4,16080130.1350000,219205,8374540.4950000
1748563200000,113.580000,114.970000,105.200000,105.590000,164253.2,17924022.8780000,251511,9263287.0220000
1748649600000,105.620000,112.240000,102.990000,107.800000,157687.9,16941844.1930000,223770,8394886.9210000
1748736000000,107.790000,110.890000,105.390000,106.510000,86617.8,9389877.1120000,126716,4585700.5730000
1748822400000,106.510000,107.740000,103.090000,107.690000,84096.6,8867271.0750000,139643,4463757.1100000
1748908800000,107.720000,116.360000,107.430000,116.230000,104489.5,11674365.2350000,166367,5742666.8050000
1748995200000,116.250000,118.290000,113.420000,116.370000,135916.8,15754742.2400000,174800,7799834.8860000
1749081600000,116.370000,118.590000,110.470000,110.920000,173417.5,20017017.9650000,211141,10089789.4450000
1749168000000,110.930000,114.990000,108.350000,113.800000,91741.2,10277104.7310000,138991,5005874.7450000
1749254400000,113.860000,116.840000,113.850000,115.180000,59275.1,6845622.9690000,89259,3455410.3330000
1749340800000,115.170000,119.420000,113.320000,119.370000,70683.2,8245972.8910000,110744,4117195.2090000
1749427200000,119.370000,124.710000,116.370000,122.610000,128371.0,15412740.1750000,168280,7824182.4340000
1749513600000,122.620000,128.000000,120.910000,122.510000,109406.3,13416950.8770000,148631,7229297.7460000
1749600000000,122.510000,125.460000,114.690000,114.900000,109740.2,13112078.3710000,164519,6520166.1360000
1749686400000,114.900000,118.720000,112.080000,112.780000,100924.5,11692376.9860000,152694,6075149.5200000
1749772800000,112.780000,112.860000,102.390000,106.780000,148283.5,15716761.9480000,187323,7718583.6710000
1749859200000,106.780000,108.150000,102.430000,104.570000,48748.5,5139812.0170000,81976,2291774.2520000
1749945600000,104.580000,107.810000,103.920000,106.750000,50560.9,5337772.2570000,78629,2679383.4240000
1750032000000,106.750000,111.530000,104.680000,105.340000,71102.4,7706875.1670000,108070,3575330.7740000
1750118400000,105.340000,105.570000,98.090000,100.600000,91598.2,9318567.0910000,149907,4576712.6350000
1750204800000,100.620000,103.260000,97.760000,101.040000,86837.1,8737500.5600000,129021,4165348.9120000
1750291200000,101.040000,101.580000,97.180000,98.850000,56806.0,5633580.8030000,87494,2782887.8350000
1750377600000,98.860000,101.690000,95.790000,96.290000,95847.0,9445306.1940000,122969,4928459.0690000
1750464000000,96.290000,97.020000,89.300000,90.830000,81531.4,7608489.1120000,114524,3710349.3310000
1750550400000,90.820000,93.930000,85.420000,90.160000,158075.3,14160703.8790000,196792,7002100.5620000
1750636800000,90.160000,99.340000,87.510000,98.080000,115053.5,10647269.6350000,150226,5334629.0540000
1750723200000,98.110000,102.090000,97.320000,99.560000,70901.9,7049216.5270000,112795,3542885.2360000
1750809600000,99.570000,101.540000,96.970000,97.550000,65105.3,6466934.3530000,94528,3103632.1000000
1750896000000,97.560000,101.030000,96.190000,97.280000,58412.4,5739885.0510000,90944,2751516.2640000
1750982400000,97.280000,102.900000,96.610000,102.730000,64036.3,6396826.8340000,98664,3278547.4800000
1751068800000,102.720000,110.950000,102.440000,109.950000,101315.8,10795009.1820000,130956,5518744.4470000
1751155200000,109.950000,110.780000,107.930000,110.050000,55360.5,6053994.3440000,88690,3102916.1700000
1751241600000,110.060000,110.590000,105.920000,107.210000,70755.9,7639459.2100000,106826,3587124.5130000
1751328000000,107.210000,107.810000,102.440000,103.590000,50924.2,5331889.3110000,81248,2488665.3880000
1751414400000,103.570000,110.360000,102.350000,109.110000,81291.2,8741548.1390000,111640,4545562.9510000
1751500800000,109.120000,110.400000,105.740000,108.790000,62432.3,6783390.7720000,97680,3457753.6370000
1751587200000,108.800000,109.580000,104.750000,106.100000,51167.6,5479534.4260000,81658,2625925.7700000
1751673600000,106.100000,108.970000,105.900000,107.000000,57579.5,6174971.8490000,74249,3086940.5230000
1751760000000,107.000000,110.130000,105.740000,107.880000,53631.0,5783527.5960000,77812,2924354.9260000
1751846400000,107.870000,109.940000,105.580000,106.650000,54702.8,5896290.4960000,88201,2865347.6200000
1751932800000,106.640000,109.410000,104.820000,108.580000,50239.4,5374944.1790000,77137,2628248.3470000
1752019200000,108.580000,110.840000,107.010000,110.100000,74512.1,8106730.6740000,96549,4213613.0420000
1752105600000,110.100000,114.480000,109.490000,113.980000,92563.9,10307802.0370000,105421,5268701.4870000
1752192000000,113.980000,117.530000,110.360000,111.740000,108597.8,12486250.3020000,145671,6184838.6200000
1752278400000,111.750000,117.500000,110.250000,111.420000,90171.2,10253313.5970000,122787,4881366.6690000
1752364800000,111.430000,117.050000,111.290000,115.140000,89894.6,10257587.5200000,115489,5336635.8260000
1752451200000,115.150000,121.050000,110.960000,111.500000,138902.2,16095735.0600000,179613,7314179.4380000
1752537600000,111.490000,114.450000,107.790000,114.120000,88328.1,9797681.6570000,120771,4720832.4360000
1752624000000,114.130000,116.500000,112.130000,114.600000,74845.4,8573973.8370000,105500,4260122.1650000
1752710400000,114.590000,116.720000,111.140000,113.420000,105942.2,12072868.9110000,137317,5884494.8420000
1752796800000,113.430000,119.610000,111.390000,112.280000,104067.4,12062506.8250000,144949,5951396.3400000
1752883200000,112.300000,114.160000,109.220000,113.180000,77786.5,8679896.2230000,118189,4188162.8250000
1752969600000,113.180000,118.370000,112.330000,117.590000,63283.4,7324844.2160000,108961,3676925.6370000
1753056000000,117.610000,126.780000,115.660000,126.090000,144261.0,17604756.7370000,199909,9163382.2090000
1753142400000,126.120000,135.470000,125.060000,134.990000,250606.4,32661071.1920000,304365,15761269.2190000
1753228800000,134.990000,135.630000,116.110000,120.930000,156916.5,19757446.0420000,232235,9633534.0220000
1753315200000,120.960000,123.150000,114.080000,119.500000,95839.7,11475809.0530000,154972,5597464.1120000
1753401600000,119.530000,122.570000,115.790000,120.740000,74131.0,8843480.1140000,128839,4183477.4390000
1753488000000,120.720000,123.780000,119.780000,122.050000,49746.5,6045142.6460000,86614,2956018.6280000
1753574400000,122.060000,131.800000,121.930000,131.470000,63233.0,8000407.6510000,114874,3973714.8010000
1753660800000,131.480000,133.160000,120.870000,121.720000,100170.1,12699541.6150000,178438,5891931.1010000
1753747200000,121.770000,125.610000,118.760000,120.170000,67772.9,8262927.6240000,136420,3933538.5230000
1753833600000,120.180000,121.200000,114.500000,119.800000,78635.5,9296148.0550000,140372,4545636.9210000
1753920000000,119.790000,123.210000,114.710000,115.450000,64599.9,7729720.1670000,114056,3837962.9910000
1754006400000,115.450000,116.310000,108.330000,110.350000,93934.0,10574533.8830000,157622,5140346.6540000
1754092800000,110.350000,111.750000,105.650000,106.600000,82954.4,8969464.9400000,133946,4127954.0040000
1754179200000,106.620000,111.570000,105.250000,110.610000,45465.6,4939897.7590000,94762,2558631.5580000
1754265600000,110.620000,112.890000,109.210000,112.330000,59201.8,6590148.8500000,88832,3340427.8540000
1754352000000,112.330000,112.530000,106.010000,107.370000,63298.8,6896635.7290000,100959,3253939.0400000
1754438400000,107.360000,109.610000,105.890000,108.790000,52250.0,5634611.4890000,92932,2911792.4890000
1754524800000,108.780000,114.330000,107.490000,114.120000,80049.9,8793218.0420000,107626,4880976.7800000
1754611200000,114.130000,116.160000,112.380000,114.500000,74885.7,8542789.6950000,110104,4184993.5320000
1754697600000,114.520000,117.180000,113.360000,114.710000,64057.6,7398142.0220000,83383,3710349.2960000
1754784000000,114.710000,116.550000,111.180000,113.940000,57358.0,6529897.3470000,83763,3012729.2670000
1754870400000,113.940000,116.000000,109.240000,109.890000,84886.8,9541721.2170000,104083,4321231.3910000
1754956800000,109.900000,115.250000,109.210000,114.360000,65606.9,7359190.6910000,88157,3806460.6550000
1755043200000,114.340000,118.090000,113.800000,115.150000,62266.9,7212258.3720000,89503,3486253.0240000
1755129600000,115.140000,116.690000,107.520000,110.080000,102180.3,11425283.6770000,153463,5465732.4510000
1755216000000,110.090000,112.400000,106.830000,108.940000,77054.4,8433087.1770000,106342,3878088.5370000
1755302400000,108.940000,110.460000,107.790000,108.620000,47065.6,5138759.9930000,72131,2500899.1490000
1755388800000,108.630000,110.630000,107.650000,109.040000,51863.3,5674988.4410000,81361,2685542.9740000
1755475200000,109.040000,109.270000,105.440000,107.360000,72388.8,7745799.0400000,111907,3665527.1170000
1755561600000,107.370000,107.940000,102.230000,102.590000,95190.0,10023140.0500000,138920,4650452.1340000
1755648000000,102.590000,107.010000,101.440000,106.950000,66944.1,6967852.7220000,113640,3511727.3800000
1755734400000,106.960000,108.520000,105.210000,106.140000,70927.7,7574356.1660000,112509,3506814.8950000
1755820800000,106.150000,111.340000,103.490000,110.990000,109237.1,11841333.9980000,154053,6048200.2750000
1755907200000,110.980000,111.130000,107.810000,109.400000,51944.9,5667514.6100000,85522,2744081.0140000
1755993600000,109.400000,110.570000,104.120000,105.250000,95854.3,10240078.9100000,125927,4827980.8980000
1756080000000,105.260000,106.730000,100.280000,101.900000,91044.9,9409732.2440000,126642,4523489.1810000
1756166400000,101.910000,107.620000,100.620000,105.800000,72616.0,7554495.2850000,103353,3763100.6170000
1756252800000,105.810000,106.330000,103.540000,103.810000,46046.0,4836475.3870000,86897,2422542.8240000
1756339200000,103.820000,105.790000,103.210000,104.680000,61663.2,6437673.7430000,98750,3176120.1580000
1756425600000,104.680000,104.750000,100.690000,102.070000,63001.3,6455262.6070000,99494,3267266.6880000
1756512000000,102.070000,104.690000,100.770000,104.360000,38398.3,3960205.3830000,59683,2014557.6320000
1756598400000,104.360000,106.790000,103.500000,103.540000,39971.2,4192378.6090000,58762,1960828.8560000
1756684800000,103.530000,103.530000,98.160000,100.200000,84902.8,8586811.3480000,118422,4231152.0380000
1756771200000,100.210000,102.120000,99.170000,100.750000,54375.5,5475369.0340000,91173,2621868.2540000
1756857600000,100.760000,102.920000,99.980000,101.550000,56382.9,5721770.0120000,81401,2659809.5830000
1756944000000,101.570000,101.760000,99.390000,100.870000,51316.9,5154521.4810000,84786,2464948.4160000
1757030400000,100.870000,103.050000,100.150000,102.150000,70309.1,7155046.0830000,101173,3630998.0350000
1757116800000,102.160000,103.450000,101.430000,101.740000,47062.5,4817659.8040000,69242,2317879.7050000
1757203200000,101.740000,103.410000,101.540000,102.070000,37797.3,3878746.7530000,62510,1850258.8120000
1757289600000,102.060000,103.820000,97.140000,98.930000,142023.4,14250172.2610000,170567,7091934.7350000
1757376000000,98.930000,101.820000,97.120000,97.380000,112281.1,11171939.1560000,139984,5305909.7730000
1757462400000,97.390000,101.040000,97.110000,100.580000,87439.5,8684359.2400000,117829,4498951.9440000
1757548800000,100.590000,101.840000,98.760000,100.930000,78930.9,7940525.5400000,98918,3811161.1770000
1757635200000,100.940000,104.000000,100.940000,102.750000,80807.5,8274806.8780000,98189,3970246.6770000
1757721600000,102.760000,105.360000,102.010000,104.930000,70253.1,7305940.5030000,88633,3410723.1660000
1757808000000,104.930000,105.200000,101.120000,102.440000,59150.9,6106391.5350000,80116,2891586.2490000
1757894400000,102.430000,104.150000,99.130000,100.330000,76799.0,7766195.0630000,99589,3719890.2280000
1757980800000,100.320000,101.760000,98.680000,99.840000,57501.0,5763601.3540000,76177,2793907.0830000
1758067200000,99.860000,102.380000,99.210000,102.190000,54709.0,5501474.2640000,78800,2628188.6710000
1758153600000,102.180000,103.070000,99.390000,100.390000,84320.5,8537010.9770000,103694,4094182.1120000
1758240000000,100.400000,101.620000,97.280000,98.300000,76757.4,7604399.2010000,102398,3600247.0610000
1758326400000,98.310000,100.040000,97.100000,97.960000,56824.1,5588753.7300000,72479,2905857.6770000
1758412800000,97.950000,99.450000,96.230000,97.100000,62031.0,6055375.8590000,75212,2888490.9470000
1758499200000,97.080000,97.340000,84.460000,90.680000,171594.2,15704381.2430000,208185,7012649.3210000
1758585600000,90.680000,94.540000,89.830000,92.470000,89941.4,8284323.3070000,106293,4077079.4780000
1758672000000,92.470000,99.370000,92.110000,96.610000,124644.7,12083265.9980000,147392,5921456.0380000
1758758400000,96.620000,97.070000,86.330000,86.660000,154461.1,14025028.1380000,161281,6819981.9970000
1758844800000,86.660000,96.040000,86.060000,95.450000,403097.6,36743587.9430000,352247,18570886.3430000
1758931200000,95.470000,102.080000,92.020000,99.880000,156872.6,15131673.8030000,187692,7195385.3670000
1759017600000,99.900000,101.210000,95.780000,100.180000,121633.2,12019321.5250000,161214,5820952.8120000
1759104000000,100.210000,105.880000,99.840000,103.370000,152196.3,15687400.8960000,181158,7545426.3320000
1759190400000,103.360000,105.990000,100.000000,100.870000,129205.2,13223740.5660000,144000,6160729.4190000
1759276800000,100.860000,105.640000,99.330000,104.280000,108442.7,11123689.1550000,126530,5631634.5640000
1759363200000,104.280000,110.240000,104.200000,106.590000,113892.2,12252796.7990000,151165,5934922.5420000
1759449600000,106.590000,107.470000,103.930000,105.720000,83244.4,8812430.9800000,108370,4525380.4810000
1759536000000,105.750000,107.420000,102.050000,102.710000,59931.9,6269284.0660000,88111,2900177.1900000
1759622400000,102.730000,106.200000,101.530000,102.030000,80033.9,8277031.9390000,106538,4230323.9780000
1759708800000,102.030000,106.180000,101.010000,105.240000,88081.6,9155532.3810000,113791,4453493.5290000
1759795200000,105.250000,106.990000,100.050000,100.620000,102046.9,10516942.5740000,119646,5136067.9220000
1759881600000,100.610000,103.360000,99.760000,102.220000,98308.0,9996715.5490000,112105,4910166.0190000
1759968000000,102.220000,103.190000,99.000000,100.830000,93100.7,9426060.4390000,113472,4536595.4740000
1760054400000,100.820000,101.510000,65.000000,84.740000,261881.0,23612952.7470000,252767,11138263.8580000
1760140800000,84.780000,92.580000,81.970000,87.750000,222520.1,19490292.1550000,219170,10122338.2220000
1760227200000,87.750000,93.500000,85.010000,91.220000,120962.1,10774431.6840000,155684,5396713.1620000
1760313600000,91.200000,94.150000,88.820000,91.850000,122974.6,11245046.7560000,154111,5585203.7530000
1760400000000,91.830000,92.250000,83.990000,89.750000,129321.4,11345473.2980000,153295,5602592.7840000
1760486400000,89.770000,92.180000,85.990000,86.920000,89592.8,7971899.7980000,109805,4013577.4860000
1760572800000,86.930000,89.000000,82.340000,83.540000,99086.7,8550136.0950000,130892,4181689.0340000
1760659200000,83.540000,83.540000,77.480000,81.700000,127989.3,10359328.7510000,137951,5110475.6840000
1760745600000,81.710000,85.260000,81.600000,84.530000,64662.7,5425839.4970000,81676,2705204.0160000
1760832000000,84.540000,85.910000,81.560000,84.180000,79895.1,6687192.3510000,107129,3218004.6570000
1760918400000,84.170000,87.490000,82.800000,84.810000,72693.6,6189918.2820000,105973,3216606.8100000
1761004800000,84.830000,85.460000,80.550000,81.740000,83227.6,6897003.0340000,113645,3399489.4830000
1761091200000,81.730000,82.040000,79.060000,80.740000,70486.3,5698905.2700000,97352,2747670.1430000
1761177600000,80.760000,82.820000,79.940000,82.820000,46481.6,3771005.9820000,64166,1872245.9110000
1761264000000,82.820000,84.300000,80.010000,81.900000,101220.7,8270374.0630000,116801,3862875.8910000
1761350400000,81.890000,82.120000,80.120000,81.870000,45156.0,3656555.8670000,58335,1800669.2090000
1761436800000,81.880000,84.990000,81.410000,84.010000,62938.7,5240884.3340000,74672,2520303.8610000
1761523200000,84.010000,85.490000,80.710000,81.230000,111992.8,9316719.5230000,112082,4720884.5460000
1761609600000,81.230000,82.690000,79.240000,80.560000,94043.0,7661041.4070000,97562,3613916.3390000
1761696000000,80.570000,81.140000,78.430000,81.090000,103577.4,8285116.1940000,127048,4072192.4830000
1761782400000,81.090000,82.210000,76.640000,78.520000,97598.7,7755112.7760000,138281,3737865.4750000
1761868800000,78.520000,81.910000,77.930000,79.800000,89997.8,7196583.0890000,113695,3506334.5400000
1761955200000,79.810000,80.800000,78.530000,79.950000,61930.7,4952557.8690000,76563,2503737.7580000
1762041600000,79.960000,80.640000,77.660000,79.770000,76902.9,6085101.2530000,90182,3132748.5680000
1762128000000,79.780000,79.820000,70.850000,73.840000,139879.1,10560740.9830000,178275,4870029.2690000
1762214400000,73.850000,75.480000,68.550000,72.630000,142847.8,10358756.3000000,209252,4997572.3480000
1762300800000,72.630000,87.640000,69.960000,86.030000,308130.1,24966299.9500000,395585,12155380.8560000
1762387200000,86.030000,88.870000,80.610000,81.370000,247469.1,20974261.9050000,333525,10289887.4670000
1762473600000,81.360000,91.990000,80.050000,87.680000,188976.0,16024998.4600000,250976,7634290.9530000
1762560000000,87.670000,89.130000,82.640000,84.350000,87409.1,7476735.7890000,145169,3814637.9180000
1762646400000,84.360000,85.900000,81.030000,83.500000,76310.7,6361236.5620000,135361,3194612.1540000
1762732800000,83.500000,87.780000,82.520000,84.220000,77159.9,6550536.6010000,142027,3264137.3690000
1762819200000,84.230000,87.380000,82.240000,82.360000,81306.6,6881529.3440000,154193,3277105.2810000
1762905600000,82.370000,84.050000,79.520000,81.820000,79796.9,6544260.2740000,135523,3202631.9980000
1762992000000,81.820000,92.850000,81.390000,90.760000,471533.4,41879148.4560000,577814,21683826.0720000
1763078400000,90.710000,94.260000,80.920000,81.180000,340860.4,30058631.3150000,434811,14613257.7820000
1763164800000,81.160000,85.160000,80.440000,83.860000,142916.9,11788214.1560000,197740,5936509.9770000
1763251200000,83.870000,87.490000,80.020000,81.710000,155757.4,12956942.9720000,237433,6344217.5300000
1763337600000,81.710000,84.720000,78.500000,79.420000,147017.1,11995150.0510000,230293,6017154.8030000
1763424000000,79.410000,82.440000,75.490000,81.270000,143279.9,11219401.8630000,219210,5622003.2900000
1763510400000,81.260000,81.320000,74.270000,77.260000,125393.4,9801702.3800000,178955,4779450.1800000
1763596800000,77.250000,79.110000,72.670000,74.760000,129602.4,9888993.2050000,183424,4885860.2630000
1763683200000,74.750000,75.940000,69.160000,71.500000,183404.7,13200985.7300000,258876,6574240.6530000
1763769600000,71.500000,76.800000,71.420000,74.120000,164222.4,12121479.7780000,203253,5863008.0810000
1763856000000,74.120000,79.770000,73.940000,77.750000,149344.1,11501051.2780000,183936,5797851.1620000
1763942400000,77.760000,80.160000,76.350000,79.090000,117272.3,9169619.1140000,157443,4651824.6030000
1764028800000,79.080000,89.690000,78.550000,88.530000,210632.4,17917337.0220000,257702,9178736.4760000
1764115200000,88.520000,90.300000,83.530000,84.570000,204706.5,17686427.4970000,242214,9263606.7920000
1764201600000,84.560000,85.650000,82.670000,83.340000,144711.6,12186953.5830000,148500,6273771.2590000
1764288000000,83.340000,99.720000,83.150000,93.640000,387955.7,35611211.2150000,432058,18083120.5790000
1764374400000,93.600000,98.430000,90.930000,95.380000,342855.4,32525364.3410000,359342,16611005.2220000
1764460800000,95.390000,108.000000,94.980000,101.750000,533339.4,55113284.9350000,569183,27670744.8050000
1764547200000,101.770000,102.620000,92.200000,100.870000,387589.0,37096214.8260000,436202,19163026.9630000
1764633600000,100.860000,103.240000,96.140000,96.950000,252232.3,25001207.5730000,348040,12438153.1490000
1764720000000,96.960000,98.370000,93.570000,94.780000,176348.1,16935941.7830000,233732,8055808.4150000
1764806400000,94.780000,96.880000,91.400000,93.010000,130037.1,12217441.0270000,189641,5922698.9140000
1764892800000,93.010000,96.750000,89.480000,90.290000,181104.4,16776997.3210000,227667,8252201.8370000
1764979200000,90.300000,92.220000,88.510000,89.650000,91582.1,8264153.1430000,126457,4118698.0270000
1765065600000,89.640000,90.950000,86.110000,87.330000,127347.3,11355001.2510000,158058,5167574.1840000
1765152000000,87.340000,91.810000,87.090000,88.470000,115541.8,10303453.6480000,140203,5428746.3630000
1765238400000,88.460000,90.290000,85.500000,87.430000,133227.3,11657327.0490000,156129,5609408.4650000
1765324800000,87.430000,87.810000,83.700000,84.000000,114036.5,9783234.0550000,154880,4690412.6050000
1765411200000,84.000000,84.600000,79.600000,80.560000,135543.2,11134954.0890000,179058,5467679.6830000
1765497600000,80.550000,84.030000,80.120000,81.850000,118865.4,9783045.8410000,148333,4777742.0070000
1765584000000,81.840000,82.670000,78.360000,80.470000,106839.3,8631978.5260000,121310,4135841.7470000
1765670400000,80.480000,80.930000,75.800000,76.740000,97693.3,7710469.6400000,109209,3591623.7000000
1765756800000,76.750000,78.470000,74.230000,75.210000,101928.2,7793706.3690000,134135,3792116.4400000
1765843200000,75.210000,78.510000,73.410000,78.210000,78163.0,5897577.1110000,115811,2903851.3640000
1765929600000,78.210000,79.820000,74.380000,74.520000,121996.0,9422336.9360000,161127,4521507.3560000
1766016000000,74.530000,75.670000,70.830000,72.100000,100752.0,7397501.3730000,122486,3704814.0000000
1766102400000,72.110000,75.400000,71.680000,74.260000,94051.6,6946098.7670000,112612,3747024.2790000
1766188800000,74.250000,76.290000,73.220000,75.470000,71828.4,5357588.6080000,70136,2673880.0590000
1766275200000,75.480000,79.040000,75.280000,77.020000,105135.1,8084714.8030000,123129,4060894.8600000
1766361600000,77.030000,78.390000,74.430000,74.890000,82809.1,6352951.2330000,100966,2965096.6130000
1766448000000,74.900000,76.680000,73.640000,75.270000,48828.2,3660174.1550000,75251,1792835.0010000
1766534400000,75.260000,76.210000,73.020000,73.760000,63443.7,4719482.1090000,77038,2301167.5950000
1766620800000,73.750000,74.620000,71.920000,72.200000,44458.9,3276010.8860000,59710,1597217.5570000
1766707200000,72.200000,74.520000,71.940000,72.230000,53354.8,3895080.0640000,73679,1977122.0790000
1766793600000,72.240000,74.710000,70.960000,74.670000,58756.3,4250838.0670000,71207,2068000.9840000
1766880000000,74.660000,74.950000,71.670000,73.120000,46479.0,3424124.9320000,60421,1654690.3290000
1766966400000,73.110000,74.390000,70.020000,70.560000,82670.3,5930628.0500000,104477,2932908.2030000
1767052800000,70.550000,72.310000,69.550000,70.260000,75738.5,5363781.7270000,85458,2613103.4260000
1767139200000,70.250000,71.100000,68.790000,69.470000,84786.1,5927032.0840000,80513,2975179.6000000
1767225600000,69.470000,75.640000,67.070000,75.630000,85098.9,6042185.8950000,90462,2757347.4150000
1767312000000,75.630000,79.340000,74.470000,79.130000,94821.4,7316701.8060000,128087,3739683.1800000
1767398400000,79.110000,82.000000,78.660000,79.330000,68394.3,5466153.6950000,96878,2609120.9630000
1767484800000,79.320000,80.640000,77.320000,77.820000,63737.4,5059315.3110000,89556,2603886.3310000
1767571200000,77.810000,80.320000,76.670000,79.090000,78836.0,6174520.2180000,110554,3134892.8430000
1767657600000,79.080000,80.290000,76.040000,79.210000,89396.1,7025271.0890000,121208,3418793.6500000
1767744000000,79.210000,79.620000,74.630000,75.380000,78249.1,5971850.9150000,100381,2838200.7880000
1767830400000,75.380000,76.400000,73.300000,74.780000,71992.4,5405700.2590000,97975,2669952.8390000
1767916800000,74.780000,75.750000,73.550000,75.090000,65475.3,4898342.0620000,90432,2362970.2130000
1768003200000,75.090000,75.090000,73.770000,74.180000,40760.7,3033271.6030000,48389,1468309.4720000
1768089600000,74.190000,77.050000,73.680000,74.410000,56054.2,4227542.1450000,72454,2052734.9340000
1768176000000,74.420000,75.490000,71.940000,72.430000,69884.2,5132441.5240000,93821,2536118.4320000
1768262400000,72.440000,78.710000,72.090000,77.010000,89141.4,6643492.9040000,108029,3291022.8110000
1768348800000,77.010000,77.640000,73.180000,74.590000,83080.2,6267688.0510000,109101,2968864.2350000
1768435200000,74.590000,76.210000,72.540000,73.520000,69178.8,5140323.2910000,99493,2476398.2590000
1768521600000,73.530000,79.760000,72.060000,78.380000,82077.4,6176908.5850000,98415,3146780.5340000
1768608000000,78.370000,86.460000,78.260000,84.370000,353920.2,29325682.8880000,420354,14496602.8720000
1768694400000,84.370000,85.020000,79.100000,79.220000,124351.9,10146797.8220000,166894,4835945.4670000
1768780800000,79.200000,87.880000,76.510000,82.200000,312249.4,25524926.4380000,411162,12721029.1400000
1768867200000,82.200000,85.780000,76.320000,76.430000,142290.1,11518269.1210000,197085,5464721.5050000
1768953600000,76.420000,82.740000,76.320000,80.390000,124066.0,9789388.2980000,180406,4738007.4800000
1769040000000,80.390000,81.970000,78.790000,81.910000,84351.2,6780497.6450000,134986,3388111.2100000
1769126400000,81.900000,82.690000,78.160000,79.430000,71669.7,5742349.1190000,125970,2720675.5290000
1769212800000,79.430000,80.050000,77.840000,78.930000,36972.5,2922718.0070000,63726,1405353.1830000
1769299200000,78.930000,79.200000,72.530000,73.360000,76791.9,5790470.4600000,112536,2709619.4980000
1769385600000,73.360000,77.480000,72.740000,74.550000,138244.2,10366337.8520000,171036,5280398.0800000
1769472000000,74.540000,82.730000,72.950000,82.170000,120360.4,9222673.8490000,163395,4640128.7860000
1769558400000,82.160000,82.440000,76.800000,77.260000,106166.6,8413758.8810000,165892,4261655.0970000
1769644800000,77.270000,77.400000,71.080000,72.430000,102111.0,7528005.8720000,188014,3562120.8500000
1769731200000,72.440000,72.710000,69.040000,69.980000,91620.3,6484910.5160000,188792,3152413.5110000
1769817600000,69.980000,70.110000,63.220000,68.890000,142970.8,9564454.5100000,215408,4807563.6100000
1769904000000,68.890000,71.270000,66.560000,67.980000,129928.1,8991191.8340000,216777,4455611.1360000
1769990400000,67.990000,70.020000,65.520000,68.150000,120544.6,8202234.1120000,202883,4142885.8040000
1770076800000,68.150000,68.680000,63.560000,65.890000,101418.4,6771497.0820000,161008,3383001.8720000
1770163200000,65.890000,67.900000,64.390000,66.190000,87455.5,5794526.1750000,140224,2780034.9170000
1770249600000,66.180000,66.420000,55.440000,56.680000,204709.4,12340272.4630000,279549,6094094.8900000
1770336000000,56.670000,68.150000,53.270000,65.700000,251874.3,15956152.3760000,326996,8062647.6550000
1770422400000,65.710000,65.710000,62.380000,65.420000,117245.9,7506495.6040000,212672,3799990.0580000
1770508800000,65.420000,68.340000,64.790000,65.800000,92446.2,6162461.9670000,137612,3162171.4310000
1770595200000,65.810000,71.170000,64.850000,69.760000,99981.0,6728255.1260000,152715,3453218.6200000
1770681600000,69.750000,70.890000,66.990000,68.930000,97693.0,6752014.8240000,145894,3475233.4820000
1770768000000,68.930000,70.460000,67.370000,68.730000,92500.0,6373830.5290000,171317,3114435.1500000
1770854400000,68.730000,70.060000,66.710000,68.500000,82546.7,5643484.8470000,132550,2784042.9230000
1770940800000,68.500000,70.980000,66.340000,70.120000,102356.4,7038051.0370000,150996,3502683.0260000
1771027200000,70.140000,76.060000,70.030000,74.940000,90340.2,6655226.1450000,108518,3267259.7060000
1771113600000,74.930000,75.000000,69.050000,70.570000,109970.0,7871696.6050000,132327,3566105.3240000
1771200000000,70.580000,71.540000,69.100000,69.630000,48843.1,3422142.3630000,79622,1722173.1510000
1771286400000,69.630000,70.750000,67.110000,70.630000,67929.6,4673775.7430000,92675,2276700.7270000
1771372800000,70.630000,70.870000,67.230000,67.920000,68522.0,4747267.7010000,95829,2568621.1220000
1771459200000,67.930000,68.290000,64.440000,66.570000,60378.7,4005108.6750000,89846,1909424.0840000
1771545600000,66.560000,67.400000,65.110000,66.980000,53255.4,3540646.1740000,88900,1728379.4780000
1771632000000,66.980000,67.070000,64.630000,66.130000,50153.3,3313620.8240000,73387,1533318.9080000
1771718400000,66.130000,66.200000,63.240000,64.020000,38255.1,2472597.4470000,58324,1149413.9410000
1771804800000,64.020000,64.850000,61.440000,62.700000,69277.2,4377266.4770000,105085,2212780.6260000
1771891200000,62.700000,63.610000,61.490000,62.010000,68749.3,4303424.5640000,94522,2247616.5210000
1771977600000,62.020000,66.960000,61.710000,64.810000,87403.9,5660085.8040000,122685,2850153.5560000
1772064000000,64.810000,66.340000,62.170000,63.580000,73069.4,4694703.5060000,104854,2146818.9660000
1772150400000,63.590000,65.190000,62.510000,64.240000,49742.5,3174715.6270000,84566,1648950.0160000
1772236800000,64.240000,64.620000,60.110000,63.650000,76216.6,4747180.0680000,113594,2358902.6290000
1772323200000,63.650000,65.500000,61.320000,61.890000,55695.1,3518765.5500000,83582,1820363.4520000
1772409600000,61.900000,64.450000,60.880000,63.300000,62179.9,3891856.1790000,104034,1882542.7600000
1772496000000,63.300000,63.990000,61.020000,62.750000,54844.2,3422957.3460000,87726,1721796.7350000
1772582400000,62.760000,67.410000,61.110000,65.010000,67226.4,4324203.6640000,109381,2173089.7160000
1772668800000,65.020000,67.470000,64.220000,65.830000,68473.5,4505700.0950000,102115,2235533.1870000
1772755200000,65.840000,67.040000,63.600000,64.960000,52603.7,3446396.6250000,79315,1728875.4560000
1772841600000,64.960000,66.670000,64.000000,64.520000,41985.7,2749430.8240000,62006,1347791.1830000
1772928000000,64.530000,64.670000,62.170000,62.360000,38367.2,2443884.9600000,60493,1146496.2740000
1773014400000,62.360000,65.470000,61.630000,63.590000,61309.4,3868504.5190000,88436,1981977.7980000
1773100800000,63.610000,64.430000,61.750000,62.980000,52826.9,3339102.8100000,79372,1691839.2980000
1773187200000,62.970000,63.520000,61.930000,62.200000,38473.1,2409516.6930000,56829,1226579.2250000
1773273600000,62.210000,64.680000,61.850000,64.180000,58929.4,3713799.4360000,73994,1870114.6030000
1773360000000,64.180000,66.760000,63.780000,64.830000,63593.5,4134410.0770000,95058,2112516.9730000
1773446400000,64.810000,67.170000,64.130000,66.920000,48787.7,3213322.3970000,70126,1698651.1930000
1773532800000,66.930000,67.490000,65.430000,67.020000,47317.3,3149044.6650000,59297,1589206.8640000
1773619200000,67.010000,69.200000,66.970000,68.740000,66606.3,4533262.1940000,84820,2227275.2280000
1773705600000,68.740000,71.950000,67.480000,70.320000,55298.2,3838522.3150000,81411,1942118.0870000
1773792000000,70.330000,74.100000,68.710000,73.810000,90423.5,6407254.6150000,120126,3283765.7750000
1773878400000,73.800000,77.760000,72.530000,74.240000,230257.6,17377453.2020000,263087,8539726.7760000
1773964800000,74.230000,81.570000,74.140000,79.640000,167138.0,13153960.3780000,192156,6800787.7300000
1774051200000,79.640000,80.280000,76.570000,77.010000,52992.8,4152809.8080000,78377,2145415.0190000
1774137600000,77.060000,77.090000,70.430000,71.590000,103433.8,7656986.0350000,141583,3866223.4060000
1774224000000,71.590000,73.350000,68.290000,71.300000,115512.7,8188671.2820000,155374,4088929.7040000
1774310400000,71.310000,78.320000,69.570000,76.300000,123317.1,9084467.1780000,144025,4653179.0890000
1774396800000,76.300000,78.310000,74.510000,76.490000,94772.8,7212034.7650000,130098,3553805.9570000
1774483200000,76.490000,76.650000,72.560000,74.360000,70963.1,5288910.5930000,98676,2652039.7200000
1774569600000,74.350000,74.770000,69.890000,71.000000,60668.8,4365124.6380000,87897,2270768.3410000
1774656000000,70.980000,71.930000,69.980000,70.490000,40999.0,2909680.7280000,61305,1446586.5890000
1774742400000,70.480000,71.210000,67.320000,68.730000,49096.1,3412248.6360000,64699,1672404.1460000
1774828800000,68.730000,71.410000,68.380000,69.840000,53508.2,3741676.7790000,78351,1890183.6890000
1774915200000,69.850000,71.920000,69.410000,69.850000,57991.1,4088192.5680000,80359,2009148.5030000
1775001600000,69.840000,71.600000,69.330000,70.540000,45556.7,3208672.4040000,65527,1559086.2620000
1775088000000,70.530000,74.350000,69.060000,73.480000,61610.2,4372406.2360000,92946,2341229.1650000
1775174400000,73.480000,77.630000,73.340000,76.310000,88962.0,6754392.8710000,117114,3398181.3370000
1775260800000,76.310000,76.750000,72.640000,73.300000,56123.6,4163485.8260000,68235,2066070.4070000
1775347200000,73.300000,76.700000,73.070000,75.280000,83311.2,6236224.2500000,101748,3157465.5670000
1775433600000,75.290000,76.600000,73.150000,73.810000,53474.0,4026656.9490000,74082,1942481.6180000
1775520000000,73.810000,75.340000,70.880000,75.040000,61283.1,4455114.7620000,87055,2177784.8490000
1775606400000,75.040000,76.950000,73.510000,75.260000,53407.3,4012006.3660000,78490,2004726.8080000
1775692800000,75.260000,75.870000,71.880000,74.850000,57526.9,4235463.9450000,76217,2203479.2660000
1775779200000,74.850000,79.940000,74.540000,78.380000,71847.1,5518418.7270000,103495,2732831.9510000
1775865600000,78.380000,78.840000,75.920000,77.590000,38966.5,3006109.1840000,60643,1508864.8780000
1775952000000,77.590000,77.760000,74.030000,74.070000,56424.1,4303854.0460000,71740,2148845.2290000
1776038400000,74.070000,76.470000,73.830000,76.110000,43826.0,3277749.1140000,63340,1621712.9030000
1776124800000,76.110000,76.460000,73.290000,73.830000,46117.5,3464254.6120000,65598,1680564.5740000
1776211200000,73.830000,74.430000,72.390000,74.100000,41131.7,3030108.5720000,63801,1456738.6510000
1776297600000,74.100000,75.820000,73.550000,75.440000,37226.0,2779221.7580000,60546,1451736.3090000
1776384000000,75.440000,80.270000,74.720000,76.800000,58607.8,4525038.7690000,87587,2342316.0140000
1776470400000,76.800000,77.290000,73.520000,73.920000,56981.0,4277255.0550000,76146,1965308.4620000
1776556800000,73.920000,74.770000,72.450000,72.840000,46457.7,3414262.9460000,72037,1732832.9360000
1776643200000,72.830000,75.500000,72.420000,74.040000,35442.3,2622538.0940000,58620,1306509.7090000
1776729600000,74.060000,74.990000,72.230000,73.590000,39188.0,2886115.0340000,61415,1442379.7020000
1776816000000,73.610000,75.340000,73.120000,73.160000,31969.1,2377070.5220000,54424,1113381.1880000
1776902400000,73.170000,73.700000,68.820000,70.530000,65786.0,4726173.1610000,88537,2198039.7930000
1776988800000,70.530000,72.320000,70.470000,71.660000,37157.3,2655087.2130000,60078,1380854.0470000
1777075200000,71.630000,72.190000,69.690000,70.310000,32005.5,2269420.8340000,45251,1115638.0470000
1777161600000,70.310000,71.340000,69.800000,70.670000,25347.8,1788101.2470000,42494,899364.6030000
1777248000000,70.680000,71.750000,69.250000,69.760000,32845.4,2303098.1690000,52818,1073889.3060000
1777334400000,69.760000,69.860000,67.830000,69.090000,35105.3,2423731.0820000,44171,1231624.4860000
1777420800000,69.090000,70.560000,67.310000,69.260000,37097.0,2561194.1940000,51731,1256019.3930000
1777507200000,69.270000,70.290000,68.520000,68.870000,26882.1,1869384.3950000,47358,928662.0760000
1777593600000,68.880000,69.880000,68.400000,68.720000,28293.8,1954585.5740000,43318,976976.6830000
1777680000000,68.710000,69.380000,68.030000,68.600000,28025.4,1924475.2650000,41334,911499.4920000
1777766400000,68.590000,68.870000,67.890000,68.110000,27980.9,1911710.6720000,40759,898668.5750000
1777852800000,68.100000,70.510000,67.090000,67.210000,55163.5,3769064.6810000,77469,1891336.5660000
1777939200000,67.210000,68.860000,66.600000,68.860000,49244.6,3331300.3870000,67171,1521979.6150000
1778025600000,68.840000,71.580000,68.280000,70.510000,60246.0,4236167.5460000,83328,2040878.2690000
1778112000000,70.520000,72.330000,68.710000,72.070000,45754.5,3214712.5720000,65217,1548326.0090000
1778198400000,72.090000,74.620000,71.990000,73.250000,57196.7,4182496.8190000,78716,2020169.0590000
1778284800000,73.260000,76.400000,73.080000,73.300000,49908.9,3733916.2650000,62070,1871593.7520000
1778371200000,73.270000,76.290000,72.120000,75.050000,47313.1,3499320.4980000,68356,1744244.1700000
1778457600000,75.050000,75.250000,72.380000,72.940000,35061.1,2575108.4080000,57140,1218793.0840000
1778544000000,72.910000,74.250000,70.740000,73.540000,51769.9,3745919.9440000,71973,1850782.3530000
1778630400000,73.530000,75.500000,71.280000,73.730000,65013.1,4763215.3640000,92238,2285589.8520000
1778716800000,73.730000,79.350000,72.440000,78.260000,159437.4,12313964.8840000,174387,6078450.5860000
1778803200000,78.270000,79.200000,76.070000,78.540000,77947.4,6053721.3120000,95098,3049212.7710000
1778889600000,78.540000,84.870000,78.310000,80.920000,319243.4,26279537.2990000,327020,13119472.5380000
1778976000000,80.910000,81.690000,74.160000,75.060000,133532.7,10467925.3540000,150897,5007135.3230000
1779062400000,75.050000,77.040000,73.830000,76.150000,92958.1,7022776.4630000,104675,3516599.7800000
1779148800000,76.160000,76.930000,73.070000,73.360000,48487.5,3613898.5460000,67707,1824177.1510000
1779235200000,73.350000,74.440000,72.380000,74.230000,47592.3,3491756.8390000,64604,1756910.8640000
1779321600000,74.210000,74.750000,72.210000,73.510000,44144.4,3247304.9820000,62124,1510641.4980000
1779408000000,73.530000,82.100000,72.980000,77.140000,152724.2,11915730.5750000,191440,6003889.5600000
1779494400000,77.140000,79.940000,73.820000,79.550000,94872.2,7298410.4770000,108268,3621432.8650000
1779580800000,79.550000,83.910000,78.190000,80.030000,126620.3,10255373.9060000,152904,5181405.8620000
1779667200000,80.040000,82.380000,79.040000,79.780000,63561.3,5120652.5790000,77296,2502687.6300000
1779753600000,79.800000,80.380000,74.670000,75.400000,67846.9,5245365.2950000,97116,2541928.5440000
1779840000000,75.400000,76.810000,72.220000,72.520000,66794.7,4988561.0500000,82293,2500983.5590000
1779926400000,72.510000,73.370000,69.290000,71.450000,95828.2,6817556.3140000,119146,3321605.1350000
1780012800000,71.450000,73.830000,70.800000,71.410000,62649.2,4515440.6110000,88658,2201394.0060000
1780099200000,71.400000,72.740000,70.880000,71.370000,44333.5,3181430.8430000,57768,1561447.0260000
1780185600000,71.400000,72.190000,70.060000,72.070000,40631.2,2888476.2580000,54270,1459400.5140000
1780272000000,72.070000,72.280000,69.500000,71.580000,50584.2,3592581.3160000,70117,1658227.6670000
1780358400000,71.570000,76.950000,70.220000,74.310000,151011.0,11154557.1460000,198057,5739931.4250000
1780444800000,74.320000,75.730000,70.920000,70.930000,99063.4,7268467.6850000,124665,3410029.7280000
1780531200000,70.930000,73.780000,67.000000,69.520000,112215.8,7865608.7890000,167619,3879739.9670000
1780617600000,69.500000,70.360000,61.380000,65.800000,181651.2,11947093.7790000,212458,6000828.6970000
1780704000000,65.820000,69.890000,63.030000,69.780000,67472.7,4398668.8770000,88316,2199395.6650000
1780790400000,69.780000,71.370000,67.470000,69.370000,65189.2,4501706.0770000,83303,2269827.5240000
1780876800000,69.370000,70.360000,66.590000,66.860000,73047.9,4986264.0980000,85854,2429737.5530000
1780963200000,66.860000,68.210000,64.280000,65.660000,58853.2,3884451.5860000,79089,1883672.4890000
1781049600000,65.680000,66.330000,63.770000,65.540000,50448.9,3283090.4560000,75824,1692364.9470000
1781136000000,65.500000,68.750000,63.210000,68.610000,86384.6,5613855.9530000,99521,2773589.4750000
1781222400000,68.610000,70.130000,65.600000,66.340000,60477.2,4070915.8400000,80397,1968876.2130000
1781308800000,66.320000,69.220000,65.910000,68.690000,33713.7,2258860.5240000,47841,1099919.8870000
1781395200000,68.680000,69.430000,66.320000,68.300000,30841.8,2098472.4280000,47907,1095331.5290000
1781481600000,68.310000,71.520000,67.950000,70.540000,41658.0,2919169.9870000,56395,1441590.0900000
1781568000000,70.550000,73.290000,69.740000,70.760000,46942.3,3361724.3230000,64987,1620197.8050000
1781654400000,70.760000,72.140000,69.780000,70.460000,30034.5,2129330.1320000,48636,1083605.9500000
1781740800000,70.430000,71.460000,67.500000,69.930000,43260.8,3012383.8090000,59203,1513536.9030000
1781827200000,69.920000,72.940000,68.890000,71.870000,50145.0,3546316.1550000,62589,1745557.0360000
1781913600000,71.840000,71.870000,69.650000,70.270000,33183.8,2343709.7230000,41325,1086114.8690000
1782000000000,70.250000,71.240000,69.670000,70.170000,40031.2,2825153.6880000,41329,1463162.8710000
1782086400000,70.160000,73.720000,69.100000,70.510000,114968.0,8152863.8550000,104890,4145954.1410000
1782172800000,70.510000,72.020000,66.770000,70.660000,103252.1,7198324.3620000,108757,3614167.4720000
1782259200000,70.670000,70.860000,66.310000,68.560000,53126.2,3635893.0650000,64994,1644541.3150000
1782345600000,68.580000,68.900000,64.600000,64.700000,44025.6,2934081.7220000,54788,1455237.6280000
1782432000000,64.700000,68.270000,63.200000,67.630000,71418.8,4656952.8190000,76449,2329427.4190000
1782518400000,67.660000,68.260000,65.340000,65.530000,30964.7,2055663.5160000,40558,1058553.2940000
1782604800000,65.540000,65.830000,63.660000,64.560000,25760.4,1675589.0850000,33330,848359.9040000
1782691200000,64.550000,66.700000,64.290000,65.600000,64849.3,4245577.8470000,66826,2090981.0620000
1782777600000,65.610000,66.200000,63.900000,64.770000,67653.8,4389821.1880000,66431,2195547.9990000
1782864000000,64.750000,68.200000,63.820000,66.830000,42224.2,2796544.4450000,49264,1305618.8600000
1782950400000,66.830000,68.280000,66.340000,67.540000,39729.7,2672541.6130000,50344,1319317.5280000
1783036800000,67.570000,68.560000,66.900000,68.380000,21538.4,1461311.2770000,24984,685524.8840000
1783123200000,68.380000,69.100000,67.060000,68.170000,30217.6,2060439.5250000,29899,1136099.5280000
1783209600000,68.180000,68.260000,66.370000,67.580000,27312.2,1835135.2140000,29494,877623.6820000
1783296000000,67.590000,67.850000,65.410000,66.100000,38600.0,2567035.1930000,40519,1360521.8870000
1783382400000,66.100000,67.090000,65.200000,65.910000,30795.4,2036787.8260000,34421,950384.5300000
1783468800000,65.930000,66.350000,63.910000,65.780000,48862.1,3180614.9980000,52542,1596415.7800000
1783555200000,65.780000,68.790000,65.050000,68.040000,33819.6,2251628.0910000,37435,1053346.7950000
1783641600000,68.050000,69.050000,67.470000,67.980000,29904.8,2045041.4460000,33335,1001094.8590000
1783728000000,67.960000,68.020000,65.790000,65.820000,28188.9,1891890.4440000,26772,977150.0760000
1783814400000,65.820000,66.630000,65.150000,65.470000,32922.6,2165518.5920000,25598,1239245.4030000
1783900800000,65.460000,66.280000,63.910000,64.730000,41485.5,2696794.9290000,42182,1281088.7920000
1783987200000,64.710000,65.830000,63.600000,65.780000,43104.5,2780857.5280000,44202,1319887.3010000
1784073600000,65.790000,66.150000,64.250000,65.180000,32124.3,2094145.6770000,35616,979143.0650000
1784160000000,65.170000,65.930000,63.610000,63.680000,41804.8,2703271.1970000,39894,1333122.4220000
1784246400000,63.680000,67.790000,63.300000,65.060000,63914.1,4187824.4660000,68645,2022221.3530000
1784332800000,65.050000,65.170000,63.710000,63.820000,29736.3,1917377.0900000,34930,976174.5140000
1784419200000,63.800000,64.830000,63.750000,64.140000,24929.2,1601823.6640000,21539,883108.2170000
1784505600000,64.150000,64.840000,62.710000,64.770000,44770.8,2850962.2930000,42760,1230846.4160000
1784592000000,64.720000,65.460000,63.640000,64.310000,60981.5,3930336.8570000,49609,2099173.7880000
1784678400000,64.320000,64.520000,63.350000,63.660000,37184.0,2378346.2370000,33529,1054345.7700000
1784764800000,63.660000,64.390000,62.330000,63.660000,46058.4,2919713.7120000,40125,1494707.5750000
1784851200000,63.680000,64.400000,62.450000,63.430000,55011.6,3495131.9200000,44737,1772699.3490000
1784937600000,63.430000,63.770000,62.920000,63.250000,26575.6,1682496.9440000,22124,824989.4600000
1785024000000,63.260000,64.200000,62.530000,63.640000,41984.7,2662084.4800000,33940,1178034.6010000
1785110400000,63.650000,63.840000,61.220000,61.430000,52361.1,3266798.1980000,50840,1722333.8910000
1785196800000,61.450000,62.400000,60.060000,60.560000,54611.8,3343343.3380000,52922,1714040.7630000
1785283200000,60.560000,61.860000,59.410000,60.570000,46089.3,2786468.4630000,51417,1374381.8160000
1785369600000,60.560000,61.340000,60.130000,60.640000,41363.4,2513040.1500000,37673,1373083.8920000
1785456000000,60.640000,61.010000,59.610000,60.080000,31226.5,1880645.8460000,32637,854728.7730000
1785542400000,60.080000,62.920000,60.080000,61.120000,40408.1,2488764.5780000,37944,1109954.8530000
1785628800000,61.130000,61.980000,59.860000,60.420000,36201.3,2201140.6390000,36236,1133040.8380000
1785715200000,60.420000,60.640000,58.570000,59.640000,50264.6,3008441.2110000,46363,1504192.4100000
1785801600000,59.630000,61.320000,59.510000,61.230000,50738.9,3059499.3760000,41036,1470029.2240000
1785888000000,61.220000,61.330000,59.470000,59.690000,32883.0,1975719.8610000,37582,1026304.5780000
1785974400000,59.680000,60.090000,59.010000,59.330000,42670.6,2539728.1810000,42172,1189067.8000000
1786060800000,59.330000,60.040000,58.890000,59.820000,41825.7,2483603.6920000,46557,1193569.5070000
1786147200000,59.830000,60.000000,58.430000,59.160000,43452.5,2573825.3190000,39066,1125354.5140000
1786233600000,59.160000,59.340000,58.060000,58.250000,28824.3,1693498.8340000,32990,901670.1920000
1786320000000,58.240000,58.780000,57.010000,58.020000,38036.4,2203096.8920000,42330,1046607.8540000
1786406400000,58.030000,58.840000,56.530000,57.980000,38534.9,2222610.4600000,47503,1074806.8890000
1786492800000,57.980000,59.560000,57.360000,58.260000,55562.0,3249733.4480000,66366,1590914.3490000
1786579200000,58.250000,59.140000,57.480000,59.050000,34963.0,2034928.6230000,39294,998965.8980000
1786665600000,59.070000,59.140000,57.700000,58.120000,24154.2,1408308.6850000,31528,687907.4360000
1786752000000,58.130000,58.620000,57.510000,57.700000,15475.4,897914.5830000,19657,461918.3920000
1786838400000,57.710000,57.810000,56.010000,56.830000,22894.5,1307663.7520000,25508,641750.1620000
1786924800000,56.840000,57.740000,55.360000,56.820000,48108.4,2715296.4760000,52987,1293613.6700000
1787011200000,56.810000,56.970000,55.440000,55.820000,32596.8,1823561.8970000,41943,910211.0280000
1787097600000,55.820000,59.180000,55.650000,58.760000,54537.1,3137380.7720000,68909,1463114.1920000
1787184000000,58.750000,62.500000,58.510000,62.160000,47427.6,2897799.4310000,65855,1324344.8110000
1787270400000,62.160000,66.810000,61.460000,66.570000,62228.0,3968374.9810000,94948,2053307.4870000
1787356800000,66.570000,68.620000,57.260000,63.240000,65712.0,4229093.4130000,92947,2049258.6510000
1787443200000,63.230000,65.730000,62.380000,64.890000,37110.9,2374565.7270000,54367,1147853.4000000
1787529600000,64.870000,65.610000,63.440000,64.350000,46395.8,2988765.6680000,75357,1603407.1460000
1787616000000,64.340000,66.400000,62.740000,63.310000,43340.1,2813889.1460000,74417,1395879.2230000
1787702400000,63.310000,63.780000,60.570000,63.120000,47159.3,2934052.0890000,64661,1438135.6750000
1787788800000,63.130000,63.740000,62.030000,63.160000,30570.9,1921969.8420000,46107,943931.9740000
1787875200000,63.160000,63.540000,60.320000,61.070000,37588.9,2322269.1150000,57534,1120460.1080000
1787961600000,61.050000,61.610000,60.770000,61.360000,17925.2,1096613.1520000,32153,589047.8980000
1788048000000,61.360000,62.140000,59.270000,59.940000,22648.5,1387228.7150000,36587,676190.3690000
1788134400000,59.900000,62.540000,59.700000,61.030000,34848.2,2129258.0610000,53030,1064405.8900000
1788220800000,61.020000,64.350000,60.700000,63.560000,64312.9,4040416.3520000,76037,2020939.0210000
1788307200000,63.560000,66.320000,63.060000,64.430000,91489.5,5893976.4300000,88615,2777863.8290000
1788393600000,64.430000,66.090000,63.900000,65.230000,46498.6,3026525.5230000,50933,1541598.8710000
1788480000000,65.230000,67.300000,63.260000,63.600000,45508.5,2962521.4620000,65313,1401575.8220000
1788566400000,63.590000,65.450000,63.310000,64.820000,28842.3,1850405.3100000,36538,939967.4430000
1788652800000,64.830000,67.080000,64.700000,66.970000,31902.0,2101232.9640000,47733,968197.1750000
1788739200000,66.960000,67.180000,64.940000,66.510000,35254.6,2328311.4480000,46172,1161491.2460000
1788825600000,66.530000,68.890000,65.420000,67.000000,39688.0,2664655.1460000,50194,1406313.1470000
1788912000000,67.020000,69.880000,65.930000,67.090000,44453.2,3008260.4230000,63285,1430723.8320000
1788998400000,67.100000,67.780000,64.110000,64.420000,40726.2,2679905.9420000,58854,1246119.9130000
1789084800000,64.440000,65.960000,62.690000,63.280000,50029.0,3218703.2030000,62105,1584612.0020000
1789171200000,63.280000,64.680000,63.250000,63.850000,25588.2,1637941.6110000,31178,825029.4360000
1789257600000,63.840000,65.520000,62.760000,62.970000,28610.6,1832374.9770000,40550,871275.0260000
1789344000000,62.970000,64.750000,62.030000,64.430000,42105.2,2686360.6720000,53192,1305062.9740000
1789430400000,64.430000,64.990000,60.380000,61.110000,63558.4,3984274.5230000,65089,1871409.5290000
1789516800000,61.110000,61.300000,58.540000,61.040000,58442.2,3498189.1680000,72377,1733762.3750000
1789603200000,61.060000,62.060000,60.300000,61.140000,40399.8,2468990.6590000,53842,1257066.5550000
1789689600000,61.140000,64.200000,60.740000,63.220000,65690.9,4135304.5850000,60208,2026426.0200000
1789776000000,63.230000,66.460000,62.840000,65.610000,63967.9,4124066.0940000,50942,2058863.5800000
1789862400000,65.610000,66.050000,63.180000,64.120000,71960.3,4634044.1450000,51751,2219194.8000000
1789948800000,64.120000,67.970000,64.080000,66.770000,102307.9,6798926.8740000,88421,3275677.2330000
1790035200000,66.790000,75.010000,65.760000,73.760000,149095.7,10539569.2120000,154073,5209165.7410000
1790121600000,73.750000,76.310000,70.300000,70.590000,108399.5,7941500.6920000,116827,3674089.0910000
1790208000000,70.590000,91.400000,69.620000,90.040000,343602.1,28702848.4650000,307843,14648045.9560000
1790294400000,90.030000,105.000000,88.160000,98.530000,2704875.2,263436795.1170000,2326382,133977554.3700000
1790380800000,98.510000,161.810000,97.680000,151.310000,2530927.9,316986834.4420000,2835919,166473106.1060000
1790467200000,151.280000,374.500000,148.500000,286.240000,11405430.6,2293579880.8210000,15865646,1174075699.0850000
1790553600000,286.250000,319.980000,195.430000,230.530000,9233056.9,2276321338.7760000,15083512,1133018463.9810000
1790640000000,230.550000,279.890000,204.250000,266.640000,5798759.1,1446678671.4160000,11319297,726962495.9540000
1790726400000,266.640000,327.790000,262.340000,286.860000,5257085.5,1542757239.4420000,9808251,773428813.3010000
1790812800000,286.860000,306.280000,241.120000,245.130000,2934377.7,810012545.5070000,4470286,395565133.6780000
1790899200000,245.110000,261.460000,222.700000,246.490000,2380520.2,573772722.7020000,3585019,284384869.1180000
1790985600000,246.510000,269.560000,242.660000,256.480000,1788352.0,458685655.8870000,2569974,229687690.4010000
