open_time,open,high,low,close,volume,quote_volume,trades,taker_buy_quote
1582156800000,2.435,2.465,2.300,2.397,316656.2,757129.1105,6770,326733.7680
1582243200000,2.391,2.475,2.359,2.416,345033.4,837726.0115,6821,454744.1512
1582329600000,2.419,2.437,2.344,2.391,315412.3,753072.2145,7135,352566.3817
1582416000000,2.393,2.508,2.391,2.500,375696.4,924578.9716,6847,467935.9298
1582502400000,2.491,2.504,2.278,2.360,501921.1,1194484.4543,8671,579309.0335
1582588800000,2.361,2.621,2.316,2.383,2226704.5,5458544.2358,18696,2594132.0896
1582675200000,2.382,2.424,2.036,2.100,1055694.0,2320720.4502,11942,1022511.2851
1582761600000,2.097,2.225,2.000,2.123,559690.5,1191297.7310,8228,550085.4057
1582848000000,2.124,2.175,1.997,2.078,656373.8,1354765.1579,8428,647206.9435
1582934400000,2.078,2.124,2.024,2.030,322000.4,667889.0132,6847,328635.8581
1583020800000,2.031,2.101,1.984,2.030,362847.5,741759.9543,6970,333777.2883
1583107200000,2.029,2.218,2.016,2.183,547744.5,1169860.1182,7442,546126.4185
1583193600000,2.184,2.185,2.094,2.149,352719.5,751678.8903,6819,352192.9690
1583280000000,2.149,2.180,2.087,2.157,394039.1,843425.0427,7276,385697.9617
1583366400000,2.156,2.255,2.151,2.196,665387.5,1466410.8401,8935,627378.0834
1583452800000,2.196,2.319,2.181,2.316,856845.5,1939028.1777,9346,942623.5721
1583539200000,2.319,2.334,2.190,2.213,534722.2,1215362.0718,8259,513387.3376
1583625600000,2.209,2.209,1.867,1.897,925338.7,1859793.6891,10405,884038.5172
1583712000000,1.897,1.970,1.805,1.945,1067786.9,2014251.0865,10848,1020564.5827
1583798400000,1.943,1.980,1.874,1.956,758977.8,1464890.5750,9130,764786.1596
1583884800000,1.957,1.973,1.817,1.945,952456.6,1829298.5633,10819,797409.0185
1583971200000,1.945,1.956,0.977,1.034,2185080.4,3262318.3646,19062,1405590.6926
1584057600000,1.036,1.323,0.728,1.254,1629355.7,1789692.6648,20910,838677.7232
1584144000000,1.248,1.260,1.145,1.169,1073642.7,1291949.9091,10902,536358.7314
1584230400000,1.168,1.278,1.155,1.204,1009698.9,1209594.6015,10038,543757.6968
1584316800000,1.205,1.208,0.903,1.039,1290051.6,1352095.8634,11651,615328.2547
1584403200000,1.040,1.151,1.023,1.095,1105454.0,1221799.6887,10111,638680.8026
1584489600000,1.095,1.119,1.013,1.109,1106598.4,1166935.2858,9453,428923.7297
1584576000000,1.107,1.313,1.094,1.255,1024810.5,1212704.7606,8489,584187.6691
1584662400000,1.256,1.373,1.123,1.229,871622.3,1094231.6583,9728,493212.5701
1584748800000,1.229,1.282,1.173,1.230,638884.2,777788.0627,8152,403789.0691
1584835200000,1.231,1.276,1.127,1.143,629463.9,747938.8225,7152,343715.1585
1584921600000,1.141,1.255,1.126,1.230,592828.3,705685.7373,8102,336913.2246
1585008000000,1.230,1.291,1.207,1.269,686448.3,856523.6286,9736,453692.6076
1585094400000,1.269,1.277,1.200,1.260,515030.6,639423.0810,7396,326955.2543
1585180800000,1.260,1.286,1.219,1.278,511032.4,640297.3775,6176,370179.7196
1585267200000,1.278,1.291,1.200,1.203,602245.1,747377.7283,6998,318639.4031
1585353600000,1.203,1.227,1.145,1.210,518103.3,612439.0321,7523,309681.5898
1585440000000,1.210,1.219,1.133,1.141,361729.6,424810.4440,6144,214395.5099
1585526400000,1.140,1.226,1.135,1.195,440945.2,527247.2343,7525,252337.4001
1585612800000,1.198,1.236,1.184,1.210,401627.2,484537.8306,7580,248157.3995
1585699200000,1.210,1.231,1.169,1.222,353314.5,422599.8542,7674,208015.0059
1585785600000,1.221,1.316,1.216,1.266,432302.0,542008.5895,7408,283801.5227
1585872000000,1.266,1.300,1.242,1.267,370756.9,471589.8035,8283,213058.4382
1585958400000,1.268,1.302,1.241,1.292,358311.7,455454.7748,7666,238522.4666
1586044800000,1.291,1.299,1.240,1.258,471820.0,598987.1587,7148,269540.4079
1586131200000,1.256,1.420,1.256,1.416,683097.3,914051.2933,8293,435239.4257
1586217600000,1.416,1.448,1.343,1.373,1247819.4,1751135.7004,10464,807128.2757
1586304000000,1.373,1.506,1.363,1.501,1781388.3,2601374.9934,12497,1286112.7479
1586390400000,1.501,1.523,1.430,1.475,1575365.7,2338467.5127,14444,1158797.0046
1586476800000,1.475,1.495,1.285,1.339,1501421.8,2060515.1027,16377,929503.4252
1586563200000,1.340,1.379,1.309,1.347,954884.7,1292680.5304,13726,677547.9866
1586649600000,1.348,1.419,1.320,1.358,1302669.8,1790593.5389,12940,871668.4194
1586736000000,1.356,1.359,1.289,1.340,1649447.7,2176601.7469,17957,1142084.4671
1586822400000,1.340,1.362,1.316,1.329,786313.6,1053517.5847,12944,593933.6711
1586908800000,1.330,1.360,1.289,1.293,925376.1,1229216.1769,9715,529948.5220
1586995200000,1.292,1.432,1.258,1.402,2103171.7,2860368.3118,17392,1488286.0999
1587081600000,1.403,1.409,1.372,1.379,764467.9,1061287.9777,6343,531932.6053
1587168000000,1.379,1.450,1.377,1.435,777935.3,1102078.8203,7644,535229.9144
1587254400000,1.436,1.439,1.376,1.390,853034.3,1200131.4073,7821,559123.8899
1587340800000,1.390,1.421,1.291,1.309,2121182.1,2910112.5557,13119,1438455.4110
1587427200000,1.309,1.338,1.295,1.314,901234.9,1187988.3581,6822,568031.8036
1587513600000,1.314,1.385,1.306,1.366,769521.0,1039584.4592,5999,562475.7006
1587600000000,1.367,1.430,1.335,1.388,1185940.7,1646145.5187,8689,794390.0147
1587686400000,1.389,1.464,1.388,1.426,1305286.6,1864195.6374,8253,939307.8422
1587772800000,1.427,1.538,1.408,1.484,1906632.6,2831410.7026,10382,1386333.2445
1587859200000,1.484,1.564,1.473,1.533,1831251.3,2780407.9887,9261,1266176.4327
1587945600000,1.535,1.547,1.448,1.505,1091025.9,1636705.4456,7896,759789.9273
1588032000000,1.506,1.536,1.466,1.526,865270.4,1299802.7166,5411,587244.0537
1588118400000,1.525,1.659,1.524,1.633,1849792.0,2936004.8376,10811,1468771.9516
1588204800000,1.633,1.715,1.512,1.538,1829757.6,2935129.7479,13597,1344819.3855
1588291200000,1.536,1.642,1.536,1.587,850915.7,1357673.1172,15640,658222.0370
1588377600000,1.587,1.653,1.583,1.647,924347.3,1498635.6256,17026,763048.5155
1588464000000,1.647,1.672,1.552,1.587,1123152.1,1815111.4449,16271,697790.1945
1588550400000,1.587,1.595,1.461,1.558,1761688.0,2698025.9328,19811,1261053.2216
1588636800000,1.559,1.590,1.509,1.544,1883605.0,2922804.8649,14041,1304332.6941
1588723200000,1.546,1.593,1.483,1.501,1323085.1,2059463.0897,12207,912001.8543
1588809600000,1.501,1.612,1.479,1.588,1734250.4,2697129.0125,14647,1370062.9822
1588896000000,1.589,1.696,1.548,1.658,2107785.4,3410843.4750,14187,1755915.8641
1588982400000,1.658,1.718,1.579,1.595,3567990.6,5893063.4671,27264,2798129.0225
1589068800000,1.594,1.595,1.358,1.441,4967664.4,7185325.3739,39802,3396464.7702
1589155200000,1.441,1.469,1.348,1.399,2629559.5,3725888.7323,27724,1853448.7454
1589241600000,1.399,1.479,1.394,1.467,1667415.4,2413535.8692,17231,1250053.4034
1589328000000,1.467,1.508,1.455,1.489,1009931.1,1498773.8340,12243,686337.4927
1589414400000,1.491,1.540,1.457,1.536,1627883.1,2445556.8997,16672,1170518.9868
1589500800000,1.538,1.566,1.481,1.505,1388348.2,2124797.5922,16742,1020202.5443
1589587200000,1.505,1.549,1.493,1.539,713649.0,1091275.9669,11283,557330.3441
1589673600000,1.539,1.582,1.535,1.546,1000975.0,1563368.6492,11692,662376.3363
1589760000000,1.546,1.608,1.542,1.578,1109455.5,1748771.5015,12051,914678.6071
1589846400000,1.580,1.585,1.527,1.583,1074218.1,1675976.2887,9863,771087.5404
1589932800000,1.582,1.618,1.547,1.577,1254710.5,1987968.5861,9346,942058.9276
1590019200000,1.577,1.592,1.455,1.494,1425065.3,2167241.0525,11107,1006451.2194
1590105600000,1.494,1.795,1.481,1.763,6452307.0,10794443.6524,44181,5753399.9162
1590192000000,1.763,1.778,1.660,1.673,4586464.1,7849612.8594,27718,4056306.0277
1590278400000,1.671,1.734,1.560,1.563,2861814.0,4741542.0368,19045,2144191.6374
1590364800000,1.563,1.660,1.552,1.655,2740568.6,4399788.3930,18121,2182246.6514
1590451200000,1.656,1.675,1.578,1.661,3260391.2,5330503.7419,21697,2655205.7476
1590537600000,1.661,1.688,1.611,1.636,1729063.4,2855243.0491,15468,1410280.9037
1590624000000,1.636,1.699,1.617,1.692,1526050.0,2533316.4134,13108,1270255.8690
1590710400000,1.689,1.718,1.651,1.688,1304259.7,2202072.6726,9956,1046575.5254
1590796800000,1.692,1.813,1.664,1.805,2279809.2,3979734.1325,16993,1994355.4296
1590883200000,1.804,1.842,1.726,1.748,3884053.3,6937944.5830,25721,3106078.4198
1590969600000,1.747,1.911,1.737,1.893,5585119.6,10236171.6271,34078,5148717.4007
1591056000000,1.894,1.930,1.580,1.797,4056098.2,7440652.3701,26997,3555287.6581
1591142400000,1.795,1.839,1.754,1.834,2239169.8,4038845.0620,13574,2135474.5122
1591228800000,1.835,1.879,1.773,1.841,2114931.7,3890186.5951,12805,1691935.8421
1591315200000,1.841,1.857,1.790,1.797,1742226.0,3171270.3409,11643,1564147.9343
1591401600000,1.796,1.858,1.771,1.850,1780745.9,3238567.5785,11832,1604242.5106
1591488000000,1.850,1.859,1.744,1.809,1650603.3,2977337.7653,12307,1469785.3374
1591574400000,1.810,1.840,1.797,1.827,1311061.4,2384293.3434,8562,1069955.3175
1591660800000,1.828,1.840,1.795,1.807,1883960.7,3422022.2068,9996,1578707.6946
1591747200000,1.805,1.879,1.803,1.865,2675358.2,4926020.3327,16780,2431070.2722
1591833600000,1.866,1.947,1.650,1.688,4778781.4,8771894.9860,37495,3973631.1575
1591920000000,1.689,1.788,1.666,1.746,1245701.7,2175203.3642,17305,1039553.6920
1592006400000,1.746,1.784,1.708,1.780,1124718.7,1967867.9734,12901,890687.4710
1592092800000,1.780,1.782,1.701,1.721,1015508.2,1764775.0192,12601,764805.3327
1592179200000,1.722,1.722,1.561,1.674,2730249.1,4477305.6407,35284,1988019.0681
1592265600000,1.674,1.742,1.654,1.734,1770309.6,3000366.9544,15388,1458591.4912
1592352000000,1.734,1.736,1.656,1.709,1034932.3,1763072.9340,14952,778323.4326
1592438400000,1.707,1.717,1.649,1.681,979661.0,1656228.4768,13514,803903.2919
1592524800000,1.682,1.692,1.638,1.674,1565261.2,2613719.3878,14836,1308212.7690
1592611200000,1.676,1.684,1.627,1.681,940414.9,1561283.1677,10997,728036.9289
1592697600000,1.681,1.787,1.652,1.729,3802421.4,6602341.5004,27945,3308199.2841
1592784000000,1.729,1.842,1.724,1.841,4378309.1,7876812.0416,25059,4138732.9544
1592870400000,1.841,1.851,1.774,1.798,2541506.8,4603266.5620,19217,2210437.2719
1592956800000,1.796,1.840,1.692,1.736,1927722.1,3396786.3257,25582,1533142.0569
1593043200000,1.735,1.740,1.659,1.720,1089116.5,1865501.1994,15384,927236.1190
1593129600000,1.720,1.738,1.657,1.679,1346476.8,2272704.8503,18091,1112042.2194
1593216000000,1.679,1.721,1.514,1.578,2142445.0,3458828.0691,28085,1478085.8170
1593302400000,1.578,1.652,1.541,1.616,1226081.1,1969202.5270,15718,935607.9817
1593388800000,1.615,1.691,1.593,1.672,1628256.7,2665944.9114,20984,1407607.4755
1593475200000,1.672,1.680,1.623,1.642,803892.9,1327882.2834,11442,631640.1676
1593561600000,1.643,1.683,1.614,1.659,1072477.7,1766800.8320,14133,829179.8874
1593648000000,1.658,1.693,1.598,1.649,2668056.4,4403286.7452,33995,2132232.9437
1593734400000,1.648,1.678,1.624,1.635,1348185.0,2227199.1404,18288,1081670.8716
1593820800000,1.634,1.699,1.630,1.696,1476859.2,2467584.0018,15146,1279940.7658
1593907200000,1.696,1.788,1.648,1.779,2176604.9,3706994.8626,22851,1886876.7339
1593993600000,1.777,1.833,1.750,1.824,2459698.5,4388864.2231,24144,2180827.1255
1594080000000,1.824,1.836,1.746,1.810,1942450.0,3466559.8597,21467,1584030.2984
1594166400000,1.811,2.104,1.784,2.023,7038723.4,13809408.9657,63105,6607447.8212
1594252800000,2.024,2.175,1.933,2.133,8879960.6,18289189.8225,72531,8749000.3466
1594339200000,2.133,2.141,1.951,2.040,6201903.7,12542527.0468,50243,5939632.1758
1594425600000,2.041,2.100,2.004,2.081,4101536.5,8424240.8715,37159,4073418.9091
1594512000000,2.084,2.112,1.964,2.050,2977693.5,6077241.0951,30072,2797392.4810
1594598400000,2.049,2.264,2.033,2.210,7235081.7,15558351.2910,61510,7450511.9367
1594684800000,2.211,2.390,2.112,2.348,10651210.7,24187328.4851,87647,11984922.6855
1594771200000,2.348,2.477,2.279,2.295,8356642.7,19985049.2353,65121,9570657.8718
1594857600000,2.295,2.340,2.115,2.305,7085451.8,15903611.6064,63628,7465334.5561
1594944000000,2.307,2.419,2.269,2.392,6711101.9,15667709.5796,53071,7769997.8459
1595030400000,2.394,2.416,2.310,2.366,4712296.3,11193569.2781,39623,5285275.5693
1595116800000,2.368,2.385,2.292,2.348,3229500.5,7545672.2840,25275,3344535.3057
1595203200000,2.348,2.350,2.207,2.221,3110545.9,7078027.0071,30564,3280248.5089
1595289600000,2.220,2.362,2.177,2.354,4156091.1,9503797.4308,37885,4589427.7960
1595376000000,2.353,2.409,2.278,2.375,3086267.2,7187569.3314,28947,3544889.9025
1595462400000,2.378,2.404,2.334,2.362,3586799.8,8488902.2112,28233,4119700.6579
1595548800000,2.362,2.364,2.287,2.293,2289011.3,5307932.0089,23897,2519014.3644
1595635200000,2.293,2.437,2.291,2.411,3832675.9,9102608.8359,30788,4564527.7667
1595721600000,2.413,2.491,2.300,2.361,5601547.3,13450317.3251,42543,6460754.9641
1595808000000,2.360,2.374,2.204,2.323,6166566.9,14160871.7607,48606,6982207.5793
1595894400000,2.324,2.401,2.256,2.379,3914383.6,9139955.9480,34710,4368422.1326
1595980800000,2.378,2.453,2.343,2.354,3234277.8,7757340.3621,30000,3789874.5173
1596067200000,2.353,2.413,2.321,2.375,2265049.9,5372944.7691,23320,2752093.6252
1596153600000,2.375,2.444,2.347,2.424,2053129.0,4918908.4731,21696,2391237.4396
1596240000000,2.423,2.670,2.399,2.658,5133111.5,13170136.7683,46016,6597003.6813
1596326400000,2.656,2.731,2.230,2.407,8599644.1,21287789.6606,67992,10093772.6305
1596412800000,2.407,2.704,2.377,2.626,6932823.8,18122248.1694,54204,8901999.8061
1596499200000,2.626,2.919,2.625,2.851,8275973.2,23267021.8444,74750,11796262.4325
1596585600000,2.852,2.893,2.736,2.776,3692599.4,10296285.5164,32529,4847008.9099
1596672000000,2.777,2.837,2.664,2.766,4863216.1,13364502.1923,40208,6242531.9401
1596758400000,2.766,2.791,2.514,2.647,4500615.1,12105813.8995,42249,5225614.4870
1596844800000,2.647,2.765,2.614,2.760,2035924.4,5482707.3795,24234,2656052.8291
1596931200000,2.759,2.787,2.633,2.723,2501647.6,6799235.1250,26803,3223765.8618
1597017600000,2.723,3.007,2.708,2.933,6214647.2,17804398.5365,60613,8699760.7406
1597104000000,2.934,2.980,2.602,2.729,4999793.1,13932406.6090,48127,6028956.4193
1597190400000,2.730,2.817,2.587,2.802,3759401.7,10276564.9551,43439,5059238.4345
1597276800000,2.800,2.886,2.634,2.866,4807904.8,13366883.0841,52081,6581827.5170
1597363200000,2.864,3.195,2.788,3.105,11511064.7,35171812.6185,111157,17418284.2085
1597449600000,3.103,3.228,3.026,3.098,5688431.8,17838662.5827,76034,8072733.7786
1597536000000,3.101,3.444,2.968,3.346,5989307.8,19256344.0931,66948,9240892.3328
1597622400000,3.347,3.589,3.272,3.420,7763430.7,26522612.6965,83705,12418430.4042
1597708800000,3.422,3.612,3.200,3.299,5667993.0,19264585.8694,66193,8674819.3621
1597795200000,3.298,3.500,3.021,3.301,8355349.0,27259838.7417,84958,12940073.9339
1597881600000,3.302,4.165,3.296,4.083,15851486.6,58884855.4493,182512,29148156.8277
1597968000000,4.083,5.517,3.756,3.778,34683586.0,155230710.2422,521441,76026445.5320
1598054400000,3.778,4.330,3.430,4.167,11173234.2,43360032.6587,160395,20521294.1993
1598140800000,4.167,4.324,3.832,3.996,6084846.5,24589906.6877,92601,11530395.4087
1598227200000,3.997,4.181,3.763,3.826,5947462.7,23552605.2082,80217,10728537.6646
1598313600000,3.827,3.882,3.339,3.490,10549021.7,38797615.6105,171000,18610648.3557
1598400000000,3.491,4.012,3.437,3.787,8771471.3,32491096.0004,126679,15592787.8548
1598486400000,3.789,3.879,3.210,3.373,8155712.9,28795804.5622,122354,13255079.5521
1598572800000,3.372,3.474,3.294,3.345,4365200.3,14818679.4969,58532,6881481.8736
1598659200000,3.347,3.532,3.222,3.436,5874294.4,19823286.5662,72482,9367253.7594
1598745600000,3.434,3.679,3.395,3.456,5466056.1,19289451.0311,71329,9277535.2616
1598832000000,3.453,3.541,3.345,3.361,4102869.3,14005071.7276,47041,6267401.1439
1598918400000,3.361,3.613,3.300,3.523,6868990.9,23960029.3861,87053,10711613.7352
1599004800000,3.520,3.783,3.044,3.242,8406548.7,28625579.2114,117154,12384925.9988
1599091200000,3.242,3.304,2.155,2.390,9496889.0,26941221.2919,128256,12232382.2663
1599177600000,2.393,2.675,2.255,2.579,11876375.1,29520153.3375,153048,14339364.4401
1599264000000,2.580,2.661,2.224,2.346,7047790.4,17167478.5705,101388,8283841.0677
1599350400000,2.346,2.471,2.191,2.422,4948400.6,11703584.0980,67741,5644198.9605
1599436800000,2.422,2.531,2.233,2.410,4305577.1,10165989.0984,64381,5030554.4320
1599523200000,2.412,2.509,2.253,2.358,4435362.2,10515885.5183,61008,5058504.5913
1599609600000,2.358,2.535,2.279,2.441,3149228.6,7593308.1479,47368,3641875.9940
1599696000000,2.440,2.653,2.437,2.623,3761385.6,9542640.2576,50947,4597264.9922
1599782400000,2.622,2.827,2.499,2.817,5028556.1,13438626.7997,73916,6576728.0321
1599868800000,2.817,2.942,2.732,2.856,5116567.6,14443453.7771,71732,6881721.3194
1599955200000,2.855,2.880,2.545,2.651,3874366.2,10487953.6249,57949,4957189.9402
1600041600000,2.651,2.744,2.551,2.640,3291463.6,8748914.7567,53761,4062567.9559
1600128000000,2.640,2.689,2.425,2.466,3017164.0,7753159.9854,53337,3575742.8788
1600214400000,2.465,2.603,2.360,2.450,4084133.7,10149377.6002,54901,5020243.9430
1600300800000,2.450,2.621,2.413,2.568,3102172.3,7784569.9254,50136,3785188.4268
1600387200000,2.569,2.933,2.520,2.806,10500098.4,28807735.1691,115098,14194627.4486
1600473600000,2.808,2.808,2.602,2.633,4354250.0,11644885.8360,58567,5225191.8638
1600560000000,2.634,2.658,2.434,2.521,3193653.6,8142222.8580,50684,3697343.5530
1600646400000,2.521,2.622,2.192,2.259,6115246.3,14560608.2291,93814,6935831.4155
1600732800000,2.263,2.343,2.174,2.342,4279537.6,9709240.2551,57640,4748336.2766
1600819200000,2.341,2.370,2.164,2.177,3706207.8,8470184.4824,51930,4005133.0283
1600905600000,2.178,2.349,2.141,2.319,3230036.4,7267351.1015,43204,3464997.0179
1600992000000,2.319,2.415,2.231,2.363,3258210.5,7584419.8500,49127,3592469.2032
1601078400000,2.362,2.422,2.320,2.400,2478682.6,5880036.3077,39447,2796691.6128
1601164800000,2.401,2.453,2.306,2.373,2129739.2,5051904.9521,33833,2297652.2564
1601251200000,2.373,2.587,2.371,2.426,3636377.2,8982158.5818,53104,4231993.9145
1601337600000,2.427,2.487,2.345,2.437,2889620.0,6992931.9608,40996,3247750.5644
1601424000000,2.438,2.471,2.369,2.437,2234857.4,5391922.2160,32790,2634091.1794
1601510400000,2.437,2.528,2.317,2.368,2660925.1,6474645.2307,36281,2882535.7582
1601596800000,2.369,2.399,2.182,2.287,2251084.1,5124943.2886,37457,2326163.0719
1601683200000,2.288,2.346,2.270,2.299,1068026.5,2470333.4770,20746,1246995.4339
1601769600000,2.299,2.321,2.240,2.307,1076257.6,2460216.6432,24642,1151780.8002
1601856000000,2.308,2.329,2.243,2.303,1256855.3,2864738.5236,24263,1325583.1914
1601942400000,2.304,2.311,2.155,2.173,2393519.4,5311881.1824,39033,2505266.7730
1602028800000,2.173,2.209,2.076,2.193,2536823.8,5471753.8857,36292,2621640.6221
1602115200000,2.192,2.283,2.115,2.252,2157924.7,4763824.3573,35551,2434651.1838
1602201600000,2.252,2.352,2.203,2.331,2055432.4,4705772.1733,30076,2329706.4839
1602288000000,2.332,2.395,2.273,2.298,2815700.7,6607513.1639,32738,2897514.8451
1602374400000,2.298,2.394,2.285,2.356,1878376.8,4382618.2018,25924,2089302.0101
1602460800000,2.356,2.415,2.290,2.344,2868828.8,6743326.5733,30480,3000515.7228
1602547200000,2.345,2.415,2.293,2.331,3001148.5,7063635.5408,33262,3260549.1274
1602633600000,2.332,2.368,2.236,2.253,2279539.0,5261821.2123,28950,2450581.7895
1602720000000,2.254,2.260,2.177,2.231,2120757.6,4715510.5402,26355,2282909.7059
1602806400000,2.233,2.246,2.107,2.167,1995826.5,4303122.6695,26998,1914272.8847
1602892800000,2.167,2.213,2.140,2.180,976903.6,2123821.6507,21200,975879.8517
1602979200000,2.181,2.227,2.177,2.218,851568.3,1876551.3512,18326,961764.5682
1603065600000,2.216,2.235,2.164,2.214,1329631.2,2930158.8442,22875,1448283.6768
1603152000000,2.214,2.218,2.126,2.148,1431381.8,3096087.4591,26048,1448523.3191
1603238400000,2.147,2.318,2.138,2.286,3006385.1,6745544.2168,32603,3450240.5210
1603324800000,2.287,2.396,2.287,2.343,2250261.8,5271314.7233,29591,2457254.7153
1603411200000,2.343,2.343,2.234,2.293,1802771.5,4143905.8051,24014,1903993.5310
1603497600000,2.293,2.337,2.276,2.315,1103791.8,2551490.4805,23138,1218443.4379
1603584000000,2.314,2.314,2.206,2.230,1252859.9,2824247.2532,22676,1320171.7989
1603670400000,2.230,2.268,2.135,2.176,1902472.8,4188127.6349,26987,1949089.9652
1603756800000,2.174,2.217,2.162,2.195,1327496.3,2908427.5216,19656,1450578.9893
1603843200000,2.196,2.222,2.051,2.082,2748039.5,5809785.6011,33997,2641479.1154
1603929600000,2.082,2.114,2.009,2.036,1704239.9,3514118.2028,25451,1660494.6882
1604016000000,2.036,2.062,1.877,1.946,2690672.2,5266678.3772,37035,2471624.8526
1604102400000,1.945,1.999,1.936,1.963,1207658.0,2378407.9103,26899,1126298.7059
1604188800000,1.963,2.015,1.941,2.009,848618.7,1675764.7425,28567,869021.5511
1604275200000,2.009,2.058,1.917,1.925,2504303.4,4952326.0520,34506,2472823.1564
1604361600000,1.926,1.930,1.805,1.869,2133214.8,3953409.4227,34302,1935867.1734
1604448000000,1.868,1.871,1.748,1.834,2375177.7,4306275.4574,29428,2048688.7337
1604534400000,1.835,1.943,1.817,1.928,2707285.5,5098347.8898,30111,2426319.3262
1604620800000,1.929,2.084,1.921,2.071,3079983.7,6193486.7824,35030,3175078.7781
1604707200000,2.073,2.191,1.923,1.951,5428160.5,11178954.1976,52784,5409594.2340
1604793600000,1.950,2.054,1.930,2.026,1751451.6,3516043.5672,22492,1755831.3919
1604880000000,2.026,2.049,1.933,1.991,1898592.4,3783438.8126,24751,1849039.7117
1604966400000,1.991,2.035,1.952,2.006,2272054.2,4534774.0541,23416,2128668.8842
1605052800000,2.006,2.145,2.006,2.057,2989002.9,6179984.2441,26894,2992482.7923
1605139200000,2.056,2.132,2.007,2.034,3016521.3,6259793.2272,34309,3008663.8506
1605225600000,2.035,2.101,2.014,2.096,1821738.8,3751094.4628,20512,1750904.4616
1605312000000,2.095,2.111,2.010,2.043,1474342.2,3026891.6486,18985,1327723.6485
1605398400000,2.045,2.081,1.936,1.980,1956024.1,3941103.3255,23430,1827120.6250
1605484800000,1.980,2.090,1.965,2.075,1762853.9,3599779.2562,22572,1844813.6631
1605571200000,2.076,2.217,2.074,2.211,3566054.8,7668498.0119,35442,3785746.6494
1605657600000,2.212,2.244,2.068,2.153,4411371.3,9548505.3717,44068,4415282.5161
1605744000000,2.154,2.322,2.083,2.256,4107223.6,9083397.0077,45854,4603839.5651
1605830400000,2.257,2.447,2.255,2.367,4580879.5,10841684.2641,46412,5286047.6305
1605916800000,2.366,2.725,2.357,2.704,7829385.2,20096744.7006,76205,9756786.7537
1606003200000,2.706,2.753,2.386,2.565,5517179.3,14155242.5447,59990,6478627.5172
1606089600000,2.565,2.814,2.494,2.803,5621414.6,15078529.8911,60426,7217303.0165
1606176000000,2.804,3.201,2.727,3.090,12341453.6,36882714.0427,145969,17286966.9635
1606262400000,3.090,3.299,2.823,2.931,7812888.2,23974288.9258,101734,11155848.0476
1606348800000,2.929,3.018,2.295,2.526,9239706.4,23806415.0633,129463,11079492.0847
1606435200000,2.526,2.628,2.382,2.606,2336488.3,5852021.1827,37630,2949622.7624
1606521600000,2.606,2.760,2.524,2.693,2168979.4,5748295.6390,36432,2795888.4954
1606608000000,2.692,2.849,2.594,2.735,2308140.6,6294214.7888,33080,2753062.3143
1606694400000,2.737,3.072,2.735,2.935,4702548.6,13546635.2307,63628,6534407.5141
1606780800000,2.938,3.029,2.685,2.722,3785275.9,10728191.8318,59272,4885755.0923
1606867200000,2.720,2.848,2.682,2.791,2136871.1,5897332.0569,32380,2807930.7864
1606953600000,2.789,2.993,2.785,2.880,5669188.8,16468965.2270,52068,8116720.5288
1607040000000,2.880,2.911,2.543,2.591,3207835.7,8776300.3425,37065,3872726.6106
1607126400000,2.593,2.741,2.561,2.723,1303151.9,3474111.8243,18155,1690125.0592
1607212800000,2.721,2.756,2.588,2.654,1700002.0,4517746.3476,20964,1981053.4051
1607299200000,2.657,2.691,2.566,2.615,1249177.9,3292672.1477,19344,1697657.4112
1607385600000,2.612,2.620,2.376,2.412,1743324.9,4343475.2041,23619,1883663.0424
1607472000000,2.412,2.508,2.292,2.493,2089804.8,5051439.9541,29385,2583700.5028
1607558400000,2.493,2.509,2.363,2.432,1388941.1,3374295.7292,21761,1647342.6729
1607644800000,2.432,2.442,2.314,2.338,1545048.7,3652530.5228,25408,1730699.0714
1607731200000,2.339,2.480,2.329,2.467,1184137.5,2886251.5718,28910,1438866.9187
1607817600000,2.466,2.612,2.451,2.559,1826253.5,4629777.8561,55819,2311407.8724
1607904000000,2.559,2.559,2.467,2.522,1006082.7,2528276.1205,34332,1124527.8970
1607990400000,2.523,2.656,2.450,2.589,2376852.6,6049743.3095,61520,2928382.9645
1608076800000,2.589,2.778,2.518,2.766,2436918.1,6426731.7229,52458,3223062.8272
1608163200000,2.766,2.851,2.655,2.692,4450054.6,12275509.2380,57524,5923851.6908
1608249600000,2.693,2.792,2.635,2.745,2272823.0,6177863.2058,38660,2874100.5251
1608336000000,2.744,2.952,2.727,2.817,3933246.0,11239092.7114,60759,5345354.1672
1608422400000,2.817,2.927,2.721,2.806,3236354.0,9145436.8372,50361,4065559.0006
1608508800000,2.805,2.870,2.554,2.600,3161238.3,8483107.9300,53442,3830709.0524
1608595200000,2.597,2.630,2.429,2.576,2599086.2,6614728.4138,41990,3131115.2121
1608681600000,2.575,2.594,1.860,2.093,5712064.8,12928592.8505,71722,6211600.5990
1608768000000,2.093,2.321,2.020,2.310,3953885.5,8466446.7206,49646,4149303.6123
1608854400000,2.307,2.388,2.222,2.288,3601810.6,8289431.7181,45532,4011448.0231
1608940800000,2.288,2.307,2.161,2.262,2394910.7,5379187.5788,38730,2604294.9227
1609027200000,2.263,2.404,2.144,2.278,4116118.6,9425665.4409,54400,4551640.3293
1609113600000,2.277,2.446,2.257,2.386,3848185.0,9125509.1853,49641,4433458.9373
1609200000000,2.385,2.443,2.128,2.272,3745463.1,8475136.2088,50812,3911420.8764
1609286400000,2.276,2.296,2.175,2.218,1864488.5,4148493.3388,40042,2001396.6656
1609372800000,2.217,2.260,2.149,2.222,1900309.2,4180987.0728,67833,2045287.0118
1609459200000,2.222,2.368,2.197,2.270,2737592.6,6213147.1852,59490,2976576.8830
1609545600000,2.270,2.294,2.192,2.254,2512443.8,5645085.1442,46227,2737834.1470
1609632000000,2.253,2.502,2.203,2.472,5897284.9,13969574.5856,62286,6642986.9032
1609718400000,2.471,2.708,2.256,2.522,11418776.2,28473025.7504,104252,13552482.5087
1609804800000,2.522,2.661,2.394,2.616,5496444.4,13970488.4329,64858,6498912.4941
1609891200000,2.617,3.051,2.538,3.027,7762048.2,21833242.4988,94570,10114096.2011
1609977600000,3.026,3.187,2.765,2.904,7861736.5,23626952.8181,104334,10603038.1755
1610064000000,2.904,2.985,2.636,2.870,4857046.8,13750337.3294,71269,6303779.3016
1610150400000,2.871,3.330,2.781,3.241,7222940.4,22330464.3414,92616,10415407.4942
1610236800000,3.244,3.728,2.866,3.400,11929404.1,40599935.4052,167093,18836215.5865
1610323200000,3.398,3.486,2.553,2.902,9618308.9,28138077.3725,156733,13098514.8701
1610409600000,2.902,2.971,2.662,2.753,4484627.2,12690441.8593,63299,6079301.6273
1610496000000,2.750,3.019,2.677,2.953,5317534.6,15264324.1933,63978,7224743.2210
1610582400000,2.953,3.127,2.819,3.032,6767078.3,20065373.6319,72605,9204073.2051
1610668800000,3.024,3.226,2.708,2.947,8649369.8,26021532.4852,98096,11945810.6303
1610755200000,2.946,3.257,2.905,3.063,7545241.2,23528563.8274,82179,10827968.6196
1610841600000,3.062,3.290,2.857,3.191,8139974.2,25176392.9434,89929,11822744.6159
1610928000000,3.194,3.391,3.060,3.311,11191608.7,36563993.7246,115628,16905958.2525
1611014400000,3.312,3.449,3.136,3.163,9225295.9,30466802.4858,106346,13184141.4797
1611100800000,3.161,3.296,2.966,3.240,6264816.0,19703210.9664,89374,8949884.0166
1611187200000,3.240,3.267,2.673,2.737,5080093.3,15022761.9713,83207,6828063.9479
1611273600000,2.736,3.055,2.549,2.923,5660318.4,15985417.6792,75456,7664990.1839
1611360000000,2.922,4.007,2.883,3.941,30409619.7,106592829.2460,303726,53057719.0346
1611446400000,3.941,4.187,3.431,3.553,21142560.1,79913111.0131,232319,38221273.0990
1611532800000,3.555,3.677,3.261,3.287,8806607.7,30721404.5075,100727,13902539.1357
1611619200000,3.284,3.490,3.187,3.440,7495802.7,25124988.2918,96548,11870788.2194
1611705600000,3.439,3.460,3.001,3.114,7565601.8,24540772.9206,100783,11631592.7753
1611792000000,3.115,3.405,3.026,3.279,6738316.5,22050030.9528,79224,10098133.9437
1611878400000,3.282,3.672,3.247,3.316,9199998.6,31242562.4114,124314,14399147.3192
1611964800000,3.314,3.364,3.139,3.308,4155413.6,13541707.4333,63139,6136200.2928
1612051200000,3.308,3.548,3.180,3.287,6510425.7,21803342.4049,97527,10133652.7116
1612137600000,3.286,3.546,3.173,3.481,7717251.3,26344630.8601,112404,12025953.0775
1612224000000,3.479,3.624,3.357,3.551,4952248.9,17219875.7519,80228,7593446.0333
1612310400000,3.552,3.775,3.454,3.700,6390177.4,23128370.2429,83011,10708234.1086
1612396800000,3.696,3.754,3.336,3.518,7677983.8,27260213.6149,88766,12082246.1440
1612483200000,3.515,4.000,3.494,3.869,9264601.4,34838072.8592,113662,15581531.7061
1612569600000,3.867,4.640,3.634,4.442,16643056.2,69924757.5957,239605,32561862.1697
1612656000000,4.444,4.467,3.956,4.253,11271603.8,47642420.8132,160780,21471104.0709
1612742400000,4.254,4.837,4.086,4.740,10806390.4,49007524.7767,193861,22129254.8551
1612828800000,4.740,5.278,4.519,5.048,7904558.6,38378399.4431,160333,17206752.9776
1612915200000,5.047,7.788,5.010,7.518,48180974.4,323029607.9215,826915,153785939.1734
1613001600000,7.523,8.866,7.138,7.375,30877380.9,245194129.0905,549160,116764912.3505
1613088000000,7.368,8.044,6.535,7.405,41238603.4,298576221.6070,615595,149226055.2056
1613174400000,7.405,7.855,6.952,7.746,12667016.4,92867388.8084,245770,42199513.9727
1613260800000,7.747,7.835,6.712,7.008,11090905.9,80699457.2439,204208,36188891.5652
1613347200000,7.008,7.165,5.397,6.422,11349894.4,72266409.7011,226364,33214471.2825
1613433600000,6.423,6.800,6.115,6.440,5781357.9,37356800.2253,125342,17840776.1430
1613520000000,6.439,6.800,5.962,6.669,5850112.5,37856351.2460,124722,17926261.8878
1613606400000,6.670,7.336,6.669,7.143,7252359.7,51113462.2755,136825,24363731.6968
1613692800000,7.150,7.548,6.755,7.294,7057933.0,50766406.1979,128104,24299741.1178
1613779200000,7.298,7.444,6.374,6.704,6386169.0,45215349.2980,139566,19414151.2000
1613865600000,6.701,7.359,6.522,7.138,7254165.6,51121187.1256,156628,24647694.8428
1613952000000,7.138,7.167,5.313,6.386,8427818.9,54140664.2122,183305,24440677.5528
1614038400000,6.386,6.450,4.228,5.145,11349672.2,58095222.5007,281186,28275024.5516
1614124800000,5.145,5.618,4.873,5.303,5117283.4,27126236.2242,122038,12999726.2026
1614211200000,5.298,5.808,5.059,5.117,4544294.2,24766808.8939,96283,11845356.3456
1614297600000,5.117,5.363,4.702,5.189,4080675.8,20663984.5788,95815,9933967.4347
1614384000000,5.186,5.749,5.120,5.270,4604978.1,24995285.5869,91886,11826422.3178
1614470400000,5.268,5.377,4.517,4.857,3927970.4,19168487.1915,85675,9249590.6153
1614556800000,4.858,5.286,4.828,5.277,2958409.1,15020015.5330,60825,7151287.2836
1614643200000,5.278,5.390,4.941,5.196,3946036.3,20550194.7670,73863,9339370.1185
1614729600000,5.193,5.539,5.132,5.344,3003609.3,16205280.7833,65568,7753662.7518
1614816000000,5.351,5.929,5.220,5.686,6899147.9,38605015.7261,148978,17679734.6916
1614902400000,5.683,6.643,5.262,6.589,11773103.5,70682876.8626,229853,34836445.6161
1614988800000,6.591,6.664,5.902,6.336,7496845.9,47219418.9573,149609,21875874.7799
1615075200000,6.337,6.564,6.109,6.358,3661535.9,23273761.3832,78273,10922318.2711
1615161600000,6.358,6.411,6.006,6.324,2867841.9,17827513.9666,64404,8233996.1297
1615248000000,6.324,6.649,6.203,6.578,5462499.3,35259726.4905,106025,16103103.3082
1615334400000,6.580,6.608,6.035,6.235,5814352.0,36767241.2541,111154,16006590.5209
1615420800000,6.241,6.291,5.854,6.151,4335619.7,26369027.7212,80415,11763585.8570
1615507200000,6.148,6.182,5.694,5.850,3994863.2,23718582.7484,74934,11116007.2718
1615593600000,5.850,6.226,5.578,6.138,3906123.1,23415012.6254,64403,10907957.0397
1615680000000,6.141,6.316,5.779,5.830,3055050.1,18413401.6829,57789,8324800.3220
1615766400000,5.833,6.215,5.460,5.955,8831666.2,52697710.4108,140722,25289184.5308
1615852800000,5.954,6.446,5.639,6.382,6665728.7,40484452.5764,124436,18953102.6763
1615939200000,6.385,6.450,5.875,6.226,4793524.6,29303675.6799,85049,12986096.1437
1616025600000,6.226,6.729,6.081,6.383,7431950.5,48004638.6142,133528,21862377.9548
1616112000000,6.386,7.571,6.163,7.023,13305528.4,93505287.1726,247746,43842643.5767
1616198400000,7.022,7.381,6.610,6.668,6231889.5,43800273.3060,131494,19596825.9726
1616284800000,6.671,6.819,6.391,6.605,5575445.0,37019295.4491,116878,16784741.3505
1616371200000,6.600,7.110,6.441,6.548,7508695.9,51061179.4039,171373,23833617.8517
1616457600000,6.549,7.113,6.312,7.009,6851782.7,46158458.7440,161028,21680987.4847
1616544000000,7.002,8.583,6.655,7.229,24587956.1,190616581.7339,492244,92271258.9436
1616630400000,7.231,8.789,6.703,8.239,37612533.9,294552270.9328,830481,143700308.0513
1616716800000,8.240,9.534,8.168,8.643,23415687.8,208438872.1237,574934,101439595.2870
1616803200000,8.646,9.205,8.213,8.540,11650507.8,100798075.4896,311670,47104321.7768
1616889600000,8.543,8.612,7.919,8.222,6936848.4,57660223.8128,182623,26465699.1740
1616976000000,8.224,8.880,7.966,8.772,7601669.0,63903018.2403,191079,30181415.9488
1617062400000,8.772,9.234,8.652,8.777,8351186.7,74353451.8110,211363,35087412.7923
1617148800000,8.775,9.644,8.079,9.414,10337011.9,91064238.4183,259201,43354278.4414
1617235200000,9.414,10.982,9.414,10.064,18889439.1,196867024.5070,528454,94534491.5157
1617321600000,10.064,10.518,9.803,10.199,6227001.7,63037196.5535,192068,29649717.9700
1617408000000,10.199,11.476,9.730,9.754,10498364.6,110640819.9351,295067,52282546.0142
1617494400000,9.762,11.042,9.599,10.791,7509612.1,77589288.7438,220328,38053657.3159
1617580800000,10.793,12.169,10.672,11.864,9110354.4,103068323.1634,301652,47755034.4766
1617667200000,11.860,15.350,11.781,15.261,24638791.8,339303712.5275,808057,166337372.2017
1617753600000,15.273,17.977,13.621,15.673,45285576.2,735638398.2064,1444984,363800675.8581
1617840000000,15.680,16.958,14.363,16.817,13045473.6,201557332.1024,474918,98424419.4994
1617926400000,16.817,16.860,15.102,15.769,7444598.7,117476840.1215,268402,55402761.2727
1618012800000,15.766,16.575,14.946,15.940,8671896.0,134829323.6127,322363,62410618.3859
1618099200000,15.941,15.996,14.601,14.981,5774807.3,87719999.6810,230658,39813306.1966
1618185600000,14.980,16.292,14.405,14.546,6836693.1,104046332.0377,258377,48197100.7463
1618272000000,14.545,15.671,14.194,15.087,7319680.2,108829758.2618,251034,49785634.2964
1618358400000,15.088,16.950,14.623,15.908,11113906.6,174988797.1093,388227,80236582.0307
1618444800000,15.910,18.039,15.125,17.647,6777173.3,109516966.5056,274990,51083935.9758
1618531200000,17.645,19.173,15.659,18.409,13797042.2,243543772.6134,578277,116137972.0256
1618617600000,18.414,19.500,17.025,17.281,6471940.4,117959073.3351,332620,55174772.6680
1618704000000,17.285,18.619,11.423,18.354,14959069.4,228254015.6151,609924,107990474.6968
1618790400000,18.354,21.058,17.411,18.320,23049649.6,447473322.6299,938816,216181235.7556
1618876800000,18.327,18.710,16.204,17.492,11014889.6,191061522.5764,460759,92312767.9985
1618963200000,17.480,17.526,15.653,15.789,5836975.3,97067601.2731,296256,46658531.9099
1619049600000,15.801,16.341,13.323,13.387,9083026.0,137088752.3579,386988,66060596.2426
1619136000000,13.379,13.686,10.010,13.032,15485303.7,183753948.8170,512760,88521476.6917
1619222400000,13.029,13.144,11.470,11.661,7342894.9,89428423.6717,287193,43855812.9602
1619308800000,11.663,13.166,11.057,11.951,7895104.0,96632463.1318,288279,47126488.5286
1619395200000,11.941,14.004,11.687,14.002,7363530.4,96551578.2462,294620,46990406.7727
1619481600000,14.001,15.244,13.780,14.925,6245178.4,91672631.6394,286263,43385985.8160
1619568000000,14.922,15.525,13.327,14.359,6031773.0,86190103.8660,265459,41285419.3353
1619654400000,14.361,14.715,13.593,14.209,4432899.6,62904552.0005,216174,30100919.8503
1619740800000,14.216,15.200,13.900,15.037,4027464.3,58930990.3857,201322,28631596.3405
1619827200000,15.035,15.230,14.385,15.145,3747790.7,55657405.9157,187753,25783892.1549
1619913600000,15.146,16.174,14.704,15.266,6558726.7,101643401.1244,283900,48125892.7598
1620000000000,15.263,16.278,15.206,15.779,5088310.5,80112143.6611,237239,36258951.6295
1620086400000,15.776,15.786,13.500,13.803,6809565.4,98777553.3017,298926,46446299.3414
1620172800000,13.809,17.859,13.621,17.815,9315303.6,149008887.1928,422396,72256594.5207
1620259200000,17.801,26.272,17.335,24.808,34353858.4,740164466.3121,1846527,360713648.0723
1620345600000,24.811,35.690,23.200,26.738,57709727.4,1724108102.2296,3717316,849976249.9933
1620432000000,26.724,26.956,23.444,25.703,16114251.8,409021944.1440,812572,196018560.3260
1620518400000,25.692,30.601,24.820,27.376,21371982.6,581990625.1012,1052645,281566919.0786
1620604800000,27.381,28.319,21.200,23.515,11199607.1,286950932.6682,586678,133223249.3147
1620691200000,23.512,26.678,21.805,26.584,11522578.8,280120544.9603,637818,136168821.2735
1620777600000,26.584,26.902,19.124,19.980,8841745.0,210654559.7372,510781,97715033.2831
1620864000000,19.978,21.784,18.418,20.761,10973190.1,220358711.8931,547728,106875217.5305
1620950400000,20.751,22.804,20.021,21.949,8048387.9,173285093.3550,366274,83925231.8003
1621036800000,21.939,22.211,19.576,19.939,6487260.2,134581359.9304,367215,65058263.4999
1621123200000,19.940,21.864,18.150,19.318,6682816.2,133745256.6922,374798,63704288.0320
1621209600000,19.319,19.353,16.239,17.423,11190034.9,196574238.6119,484115,96031395.4980
1621296000000,17.423,18.689,16.878,18.068,6693158.3,119070084.7724,311112,57090304.4370
1621382400000,18.071,18.158,7.654,10.871,16656007.0,226113553.4362,613533,109476150.6847
1621468800000,10.872,13.696,9.575,13.555,20778706.8,251629024.7778,635127,125593303.8802
1621555200000,13.570,14.057,9.617,11.094,13485809.1,162040510.8085,521344,80848784.5748
1621641600000,11.105,11.146,9.155,9.678,10195606.7,102569216.3888,345779,51156954.1994
1621728000000,9.676,10.737,6.363,8.097,14486544.5,119751869.8956,439044,59649306.3401
1621814400000,8.103,11.400,7.606,11.300,15869083.4,147248246.3492,476973,73218504.6725
1621900800000,11.282,12.867,10.612,11.571,20121142.9,233781109.4568,668333,114789642.2645
1621987200000,11.575,12.827,11.268,12.587,7687720.6,92722584.4805,303252,45568408.7809
1622073600000,12.586,14.900,12.164,14.588,15579973.9,209940886.4592,583030,102980307.6847
1622160000000,14.585,14.605,11.263,12.123,13242165.8,166022160.8408,489496,81588865.8655
1622246400000,12.123,12.918,10.465,11.255,8422110.2,97210977.3574,313889,48084363.7116
1622332800000,11.253,11.883,10.251,11.372,7614895.1,85648308.2008,274402,41939389.7292
1622419200000,11.378,12.424,10.756,12.390,6138274.4,70387680.3162,234604,34826666.4992
1622505600000,12.388,12.598,11.280,11.860,5086972.6,60073668.9862,203254,28625209.7481
1622592000000,11.860,12.396,11.355,12.093,4684231.5,55769483.1160,181959,27092659.3160
1622678400000,12.090,12.764,11.866,12.404,6948174.7,85795798.6367,233742,40595153.0415
1622764800000,12.405,12.594,10.779,11.271,7103344.4,81260329.5204,263703,38780256.7597
1622851200000,11.270,11.739,10.527,10.911,4930353.0,54976326.6237,210825,26842904.7008
1622937600000,10.912,11.190,10.700,11.065,4362230.3,47791102.0916,171513,23933415.1516
1623024000000,11.062,11.264,9.552,9.690,8955431.8,96858342.2177,226896,46999664.5628
1623110400000,9.690,9.899,8.368,9.363,12238619.9,112560843.4430,301531,56231773.2231
1623196800000,9.360,9.934,8.760,9.925,7984595.3,74712204.8103,226713,37007150.9181
1623283200000,9.928,10.648,9.368,9.714,8988144.4,90837142.3754,261255,44820530.5798
1623369600000,9.719,9.827,8.902,9.053,5021990.1,47128221.7631,168058,23185587.7265
1623456000000,9.053,9.059,8.228,8.571,5177077.9,44418972.9439,156617,22294488.5348
1623542400000,8.569,9.279,8.316,9.247,3725669.4,32303055.7014,121167,16041353.8037
1623628800000,9.245,9.488,8.847,9.417,3921943.0,35912414.6177,129634,17324215.1086
1623715200000,9.417,9.597,9.059,9.251,3011818.9,28048835.9243,108592,13048765.9975
1623801600000,9.252,9.257,8.606,8.687,3279392.0,29191520.1255,111525,14491144.3017
1623888000000,8.686,9.041,8.434,8.629,3082276.8,26974994.1482,95728,12771386.8821
1623974400000,8.630,8.631,7.746,8.029,4161796.5,33981688.5363,119406,16436182.1357
1624060800000,8.030,8.086,7.641,7.663,3202791.3,25243207.4952,87682,12395061.3393
1624147200000,7.665,7.686,6.900,7.537,5333293.6,39165288.5892,124478,18965167.5836
1624233600000,7.545,7.603,5.392,5.468,12865139.9,81277587.3757,261209,39835891.8799
1624320000000,5.470,5.883,4.433,4.992,22170099.1,113510936.3137,354246,57906491.8685
1624406400000,4.993,6.065,4.753,5.886,14471141.7,81156819.9123,233255,40436197.0244
1624492800000,5.887,6.246,5.511,6.172,9877669.3,58724738.0768,184905,28889566.4991
1624579200000,6.173,6.506,5.408,5.510,10945000.2,64597337.7544,215710,32389478.0716
1624665600000,5.510,5.851,5.243,5.811,10595287.8,58755728.4020,210916,29538674.0004
1624752000000,5.811,6.254,5.686,6.146,12297040.3,73404972.7909,210468,36607120.7611
1624838400000,6.146,6.435,5.985,6.319,11544083.9,71468392.7919,173683,35968519.7179
1624924800000,6.319,7.670,6.287,7.562,11561025.0,81329701.0192,255340,40574814.4131
1625011200000,7.559,7.955,6.798,7.669,18151574.1,135313901.2844,382123,66721755.3003
1625097600000,7.670,7.672,6.823,7.054,8213246.7,58492957.9666,200346,29732138.6700
1625184000000,7.053,7.263,6.644,7.059,5391940.1,37049728.3425,153664,19046764.4257
1625270400000,7.058,7.428,6.929,7.236,3956766.0,28505613.4105,115717,13716548.8421
1625356800000,7.236,7.696,7.032,7.391,4258092.0,31452613.6007,126774,15593450.6445
1625443200000,7.391,7.391,6.800,6.941,5284056.7,37375412.5788,142708,18123491.1259
1625529600000,6.944,7.376,6.938,7.161,4281437.9,30651242.0463,126382,14799663.3781
1625616000000,7.162,7.362,7.018,7.076,4309134.1,31064387.2175,112117,14952290.3790
1625702400000,7.077,7.098,6.369,6.489,6029287.3,40099291.1214,135968,19329709.2701
1625788800000,6.489,6.959,6.087,6.774,6897718.8,44724660.9489,155002,22795433.9060
1625875200000,6.775,6.906,6.425,6.636,4249973.4,28043852.8501,117077,13426486.0306
1625961600000,6.639,6.796,6.441,6.696,3648618.4,24190793.1088,96419,12250365.1750
1626048000000,6.696,6.913,6.409,6.546,4406158.1,29467706.0818,110801,14307781.5229
1626134400000,6.544,6.591,6.143,6.205,3559086.8,22596339.5922,89518,11101233.8452
1626220800000,6.206,6.331,5.804,6.197,4673870.5,28341751.3397,105016,14071054.1175
1626307200000,6.196,6.330,5.781,5.924,4107403.6,24631849.0134,97797,12114429.4351
1626393600000,5.924,6.057,5.506,5.527,4353160.4,25071742.1093,102315,12417063.4602
1626480000000,5.527,5.697,5.409,5.563,4053322.0,22481806.8416,85055,11159467.9728
1626566400000,5.564,5.847,5.519,5.662,3417794.4,19450215.4666,72496,9790128.4922
1626652800000,5.664,5.722,5.242,5.315,4081750.5,22218922.1850,83045,10708963.1873
1626739200000,5.315,5.429,4.813,4.975,5189841.7,26035696.9559,100645,13238965.5189
1626825600000,4.974,5.538,4.823,5.385,5443076.6,28612318.1457,107611,14000357.8194
1626912000000,5.387,5.670,5.270,5.593,5178642.8,28361575.7897,108718,13837103.2070
1626998400000,5.593,5.885,5.441,5.866,5030109.5,28514311.9989,111096,13668041.8302
1627084800000,5.866,6.361,5.809,6.087,5833255.4,35579101.8624,121070,17594910.0361
1627171200000,6.088,6.210,5.850,6.205,4368835.6,26283555.7893,98583,12796601.3243
1627257600000,6.204,7.050,6.167,6.311,9340997.4,62576329.6270,195927,29894802.7469
1627344000000,6.311,6.589,6.026,6.506,6466524.8,40757474.8029,138994,20244420.1239
1627430400000,6.505,6.702,6.367,6.639,5441926.2,35717229.9202,127584,17448064.2848
1627516800000,6.638,6.815,6.431,6.767,3435199.6,22610633.3281,93434,11109579.6327
1627603200000,6.768,7.350,6.417,7.225,6783101.4,46285164.9826,156668,22686709.0702
1627689600000,7.222,8.491,7.065,7.974,21891585.5,172164642.1780,405120,83671300.5412
1627776000000,7.970,8.035,7.212,7.337,8525168.3,66018773.0524,210256,30989692.2741
1627862400000,7.333,8.263,7.165,7.987,13453105.0,105053375.0254,309354,52115977.2433
1627948800000,7.986,8.088,7.405,7.781,9029074.2,69965224.3101,220469,33811783.4866
1628035200000,7.780,8.059,7.444,7.996,5944878.7,46186321.5757,163876,22057069.9174
1628121600000,7.994,8.269,7.552,8.137,7829298.8,62214303.4469,189920,29051853.5620
1628208000000,8.138,8.958,7.953,8.761,11000279.2,92509427.6640,252795,43736503.5531
1628294400000,8.762,11.480,8.539,10.897,53892279.0,570827681.8899,1131176,285756478.1038
1628380800000,10.901,11.605,10.007,10.245,19562231.5,208635964.9586,496126,102893405.2297
1628467200000,10.248,11.153,10.245,10.751,18121234.0,195213986.4085,472244,95789867.4190
1628553600000,10.754,10.852,10.256,10.707,9451252.4,99900917.1171,278018,45985998.6937
1628640000000,10.708,11.564,10.549,10.797,11898911.2,130574176.9154,350776,58752773.4033
1628726400000,10.797,11.485,9.828,10.330,11322847.1,119431133.7138,321130,55843282.4604
1628812800000,10.333,14.022,10.147,13.990,27659451.6,337904931.9764,686643,168892942.6511
1628899200000,13.990,15.200,13.676,14.124,32822648.0,472234163.2830,874006,231303638.1969
1628985600000,14.123,14.135,12.911,13.807,12395570.2,167292087.1655,408814,79716357.7132
1629072000000,13.806,14.920,13.000,13.269,12209197.5,170699136.1197,397035,77790561.3750
1629158400000,13.263,14.145,12.239,12.459,14090343.2,186997568.5926,450968,89239860.2169
1629244800000,12.457,13.665,12.370,12.920,16886832.8,220148621.3976,502010,105936166.4096
1629331200000,12.927,13.379,12.084,13.336,10069388.2,128363708.3941,313399,60098365.4201
1629417600000,13.336,14.186,13.180,14.169,8803349.8,119545651.0419,293858,54594950.4708
1629504000000,14.170,14.331,13.404,13.752,8008785.2,110996910.5616,288378,50395142.8593
1629590400000,13.752,13.917,12.960,13.575,6654650.8,89823010.7183,222204,40295485.9031
1629676800000,13.574,14.230,13.372,13.837,9004160.5,124157251.6936,294094,56801850.2031
1629763200000,13.836,14.347,12.265,12.677,10050466.7,135086935.4799,338875,61597102.7105
1629849600000,12.672,13.067,12.023,12.970,6120270.5,77520161.6060,218036,36443303.1041
1629936000000,12.970,13.234,11.623,11.825,6648985.6,81170926.6972,207817,37430648.0745
1630022400000,11.826,12.909,11.300,12.861,6444055.5,77291894.0630,202160,36514716.8404
1630108800000,12.867,13.080,12.307,12.620,4784088.3,60454538.8802,171599,27785150.1497
1630195200000,12.620,13.727,12.543,12.943,9235355.6,121282359.9776,312528,56258392.2662
1630281600000,12.942,12.954,12.086,12.218,5199755.2,64989640.8423,188156,30399336.0050
1630368000000,12.223,12.784,11.932,12.420,5018919.6,62027125.9687,180115,28637498.9318
1630454400000,12.422,13.282,12.066,13.251,5535424.3,70620287.7647,196850,32429769.7642
1630540800000,13.247,13.805,13.000,13.277,6793355.6,90775012.6865,242803,41046789.0378
1630627200000,13.277,14.014,12.821,13.620,8255542.1,112256642.3623,287546,49873809.2472
1630713600000,13.619,14.591,13.437,14.166,8769729.1,123131011.7723,294901,55071091.1717
1630800000000,14.165,16.610,13.939,16.138,19844905.3,308185269.1090,616791,147395069.6790
1630886400000,16.134,17.031,15.226,15.643,14887272.1,238935020.7975,504279,108130668.6154
1630972800000,15.643,16.304,9.680,12.516,17700022.4,241390410.1957,617446,110484101.6060
1631059200000,12.518,12.877,10.901,12.461,11272992.6,135596005.8661,369637,66398789.6148
1631145600000,12.463,14.212,12.374,13.396,10957112.9,146425302.9254,372242,70630480.2563
1631232000000,13.393,14.385,12.137,12.771,10149633.9,134557302.6770,367065,64573761.1280
1631318400000,12.774,13.313,12.568,12.794,5484983.2,71313452.3512,218660,34847975.7678
1631404800000,12.795,13.797,12.372,13.406,6098091.1,80298157.9381,228274,38675307.6854
1631491200000,13.407,13.785,11.746,12.470,7528872.8,93984490.6989,260429,45286504.4724
1631577600000,12.470,12.853,12.312,12.848,3895906.7,49101910.7609,176063,23570022.0696
1631664000000,12.845,13.096,12.432,13.052,3774647.2,48219472.1553,156021,22992750.3650
1631750400000,13.051,13.199,12.456,12.679,5020670.0,64264373.8269,206695,29718264.0732
1631836800000,12.679,13.078,12.249,12.495,6417851.8,81250961.7258,256014,38314560.7927
1631923200000,12.498,12.823,12.264,12.549,3662043.6,46083413.7688,153336,21575101.9057
1632009600000,12.550,12.592,11.946,12.172,2935753.4,36134291.6209,123569,16825514.2014
1632096000000,12.173,12.181,9.900,10.387,8775418.5,95140806.0332,307721,45253066.2513
1632182400000,10.392,10.687,9.119,9.310,7778650.4,77907042.1560,257457,38021831.7407
1632268800000,9.306,10.877,9.014,10.762,7593612.4,75552273.9088,254133,37932584.6861
1632355200000,10.759,10.966,10.301,10.949,4906624.2,52368758.3682,182340,25524282.7328
1632441600000,10.949,10.976,9.224,9.917,6879542.3,68319039.2442,263682,32710773.6592
1632528000000,9.916,10.052,9.432,9.696,4106853.7,39997318.1991,179730,20032776.4962
1632614400000,9.697,9.719,8.761,9.498,5597737.1,52177808.4382,194844,25871731.8155
1632700800000,9.498,9.975,9.234,9.238,4448477.4,42803869.0419,177425,21033229.1202
1632787200000,9.238,9.387,8.617,8.651,5015758.0,45533961.2290,178408,22028430.5858
1632873600000,8.651,9.350,8.533,9.035,5452316.8,48906255.2308,171667,24631197.5633
1632960000000,9.034,10.500,8.984,10.405,18633645.4,186912040.1363,437250,93500428.8432
1633046400000,10.405,12.000,10.382,11.592,20484044.4,230812490.4382,500061,115363225.5771
1633132800000,11.591,13.911,11.414,13.792,17289466.4,219220694.8969,485516,109754646.8087
1633219200000,13.793,14.658,12.935,13.950,19758823.5,274393973.3882,571105,132708297.8502
1633305600000,13.953,14.469,12.930,13.708,13305851.4,180929172.9714,433225,90586688.5854
1633392000000,13.710,13.778,12.771,13.249,8092244.9,106743611.9363,282762,49379894.9818
1633478400000,13.250,13.953,12.075,13.244,10879500.1,141670487.1284,387160,69325281.2232
1633564800000,13.247,13.383,12.659,12.914,7706601.1,100186970.6291,279083,47606650.6603
1633651200000,12.915,13.126,12.514,12.632,4837190.2,61954095.0274,204437,30743665.5544
1633737600000,12.632,14.991,12.515,14.904,15429446.5,211980376.1498,451397,108443781.9365
1633824000000,14.904,15.055,13.001,13.064,13951278.8,193723683.3014,412804,87579556.9915
1633910400000,13.062,13.548,12.733,13.058,8525350.8,112575639.8469,273761,53555649.6047
1633996800000,13.057,13.332,12.278,13.293,8983937.2,114554711.4467,292754,58798906.0653
1634083200000,13.294,13.452,12.626,13.380,6805142.8,88692383.0303,246461,40363943.7479
1634169600000,13.381,13.586,13.092,13.254,5323514.9,70785167.9380,212785,31905274.9627
1634256000000,13.252,13.356,12.460,12.603,7217717.1,92784991.0956,294542,42337165.9447
1634342400000,12.600,13.103,12.503,12.851,5378359.2,68669964.3143,222457,32631240.1868
1634428800000,12.852,12.971,11.847,12.473,4721136.7,59165941.3116,185282,28375645.0951
1634515200000,12.475,12.580,12.100,12.346,4193639.6,51759413.1873,185551,26022228.1776
1634601600000,12.344,12.645,12.148,12.425,3480414.3,43180005.4580,162347,21417715.0715
1634688000000,12.426,13.153,12.171,13.134,4429436.2,56065926.0296,183897,25682012.3782
1634774400000,13.137,14.211,13.001,13.203,12029461.5,163621646.6607,394027,82674733.9311
1634860800000,13.201,13.415,12.564,12.836,8613930.8,112084051.0510,305083,47917057.6546
1634947200000,12.836,13.444,12.615,13.277,4149949.9,54256739.8034,175040,27538414.0885
1635033600000,13.277,13.436,12.663,13.026,3490131.6,45593558.6048,171357,20396209.2780
1635120000000,13.027,13.440,12.925,13.260,2562635.7,33844314.5806,128747,16447013.4616
1635206400000,13.262,13.686,12.930,13.118,4737406.2,63384243.5322,180025,29172461.1777
1635292800000,13.119,13.226,10.607,11.696,7917733.3,95819500.4889,287903,44486126.5989
1635379200000,11.700,13.667,11.662,13.041,8537665.9,107967717.0618,312779,54389302.0291
1635465600000,13.041,13.467,12.755,13.336,6293769.3,82444693.7437,238094,38343549.4848
1635552000000,13.335,13.414,12.674,13.112,4005113.0,52278871.9429,185571,24081054.0170
1635638400000,13.109,16.442,12.929,15.880,24598776.6,357741466.4988,903386,176059398.1669
1635724800000,15.874,19.190,14.400,16.864,50866324.4,875923990.3455,1780618,429192176.0712
1635811200000,16.861,18.115,16.628,17.021,12506265.4,215070585.5239,495038,100914026.6137
1635897600000,17.020,17.044,15.266,16.323,10033741.4,161066174.5581,359514,73633887.1196
1635984000000,16.321,16.681,15.356,15.891,6285026.8,100076077.9238,276061,48518328.2795
1636070400000,15.890,16.289,15.465,15.856,5435000.7,86175359.2550,246823,40227895.8441
1636156800000,15.858,17.894,15.734,16.897,14879953.8,250970440.9445,560361,123938818.4691
1636243200000,16.893,16.904,16.267,16.511,3852237.1,63544210.3526,192078,27337779.6687
1636329600000,16.513,17.437,16.006,17.084,5854371.2,97758730.0857,273809,46395759.5818
1636416000000,17.086,18.370,16.707,17.855,10730438.4,189599344.1797,429922,89874927.3476
1636502400000,17.857,18.044,15.001,16.240,9254326.9,156745357.8751,377854,69854340.1926
1636588800000,16.238,16.564,15.918,16.305,3695872.9,60189613.9344,179354,28344434.3545
1636675200000,16.304,16.482,15.372,16.153,4505197.4,71657733.3868,221529,34030260.8352
1636761600000,16.151,16.840,16.078,16.599,3810387.6,62555807.4512,217194,30153606.4316
1636848000000,16.599,18.050,16.359,17.340,9379590.1,160226893.4771,418383,76831033.8011
1636934400000,17.335,17.949,16.534,16.586,7067747.0,121814329.5160,329363,56517303.2810
1637020800000,16.588,16.590,14.100,15.140,8240880.2,127717739.6418,382076,58361818.3675
1637107200000,15.138,15.491,14.414,15.128,6183625.4,92578397.1033,295918,45102159.1834
1637193600000,15.132,15.519,13.379,13.691,6270151.9,89609202.1165,263879,41584251.5117
1637280000000,13.693,15.140,13.276,14.797,6742416.2,97219172.7006,296494,48011833.4271
1637366400000,14.800,15.503,14.438,15.228,3930421.0,59060173.2989,187689,28131760.6536
1637452800000,15.227,16.155,14.995,15.241,5197747.0,80353705.3563,258737,38720895.1512
1637539200000,15.242,15.335,14.463,14.540,4723154.3,70359022.6491,250955,32317825.1072
1637625600000,14.541,14.946,14.128,14.730,3752080.5,54766040.1376,202322,26427117.7279
1637712000000,14.736,14.813,13.764,14.451,3893951.0,55577311.5236,217281,25768956.4072
1637798400000,14.448,17.175,14.262,16.439,18726267.5,303068931.0475,665872,150635748.2662
1637884800000,16.435,16.631,13.818,14.314,11969590.7,178500264.4416,441113,82238755.4276
1637971200000,14.313,14.855,14.135,14.475,4018313.2,58384467.6497,189304,27321056.9122
1638057600000,14.480,15.244,13.513,15.106,5087966.2,72200076.9235,229374,34469756.9311
1638144000000,15.105,15.999,14.733,15.630,6542513.9,100914017.9341,278623,49062929.7662
1638230400000,15.635,17.084,14.701,16.093,12992367.2,210112243.1480,513839,101073664.7465
1638316800000,16.094,16.591,14.914,15.164,9072066.8,143849635.9606,348752,65209583.9347
1638403200000,15.165,15.168,14.281,14.774,6463158.7,95656503.2787,264259,45962696.6579
1638489600000,14.774,14.896,13.022,13.711,5677849.1,81086961.4897,226006,37111268.7613
1638576000000,13.709,13.758,7.992,11.454,20018138.2,218198030.8996,523971,104229511.8244
1638662400000,11.451,11.673,9.781,10.339,10004140.6,105502339.3673,317222,52492704.6598
1638748800000,10.344,10.743,8.953,10.620,14547902.1,143458827.7392,435993,70428126.0240
1638835200000,10.621,11.722,10.257,11.155,9630793.6,106652168.1785,326226,52125152.6793
1638921600000,11.158,11.586,10.648,11.344,7224321.4,80511996.6595,266212,39602344.9635
1639008000000,11.346,11.398,9.803,9.843,7781252.5,81056953.2770,254161,38537954.3093
1639094400000,9.843,10.215,9.359,9.399,7032769.9,69214940.1269,229507,34153370.5389
1639180800000,9.398,10.154,9.246,10.083,5145562.6,50499025.3710,176899,24996138.1489
1639267200000,10.086,10.143,9.655,10.001,2974570.1,29592428.3192,110228,14364908.6107
1639353600000,10.001,10.040,8.663,8.838,5884960.4,54558802.9874,197869,26360201.4802
1639440000000,8.835,9.555,8.607,9.203,8876534.8,80906376.1130,256440,39971878.0112
1639526400000,9.202,10.052,8.706,9.784,7114779.4,66624778.8955,234316,32742664.3037
1639612800000,9.785,9.998,9.370,9.388,4397484.6,42845643.9742,152258,20717354.9961
1639699200000,9.388,9.522,8.860,9.087,3266879.5,30146437.7841,129785,14459005.6435
1639785600000,9.083,9.433,8.871,9.256,2057996.4,18953814.6498,89634,9303556.5093
1639872000000,9.256,9.429,9.056,9.073,2022644.0,18655135.5376,79175,8462545.6602
1639958400000,9.074,9.212,8.620,8.957,3316574.3,29499607.4227,124833,14234750.6949
1640044800000,8.958,9.285,8.847,9.202,2346512.4,21439683.1529,90994,10657497.7773
1640131200000,9.203,9.633,9.155,9.415,2936424.4,27723765.0078,112907,13877402.2745
1640217600000,9.417,10.252,9.300,10.042,3931487.2,38383203.7821,154352,19081350.9942
1640304000000,10.041,10.501,9.672,9.761,5016942.9,50570410.6281,173067,23411182.2688
1640390400000,9.760,10.155,9.685,10.021,2873012.5,28530366.3146,117570,14518828.7582
1640476800000,10.018,10.052,9.640,9.903,2962194.1,29129381.0772,115973,13525645.3050
1640563200000,9.903,10.409,9.848,9.992,4037776.5,41012692.4454,134407,19500733.4628
1640649600000,9.994,9.994,8.986,9.051,4135301.4,39215201.6495,148955,17287400.3594
1640736000000,9.054,9.241,8.702,8.773,3543023.9,31823631.5583,123668,15213685.5748
1640822400000,8.772,8.994,8.506,8.812,3309954.1,29011945.3999,134757,14053655.4713
1640908800000,8.813,9.069,8.455,8.706,3219008.9,28339990.9691,109567,13657550.7950
1640995200000,8.710,8.958,8.686,8.951,1829191.0,16161264.7397,70301,8143963.3992
1641081600000,8.948,9.345,8.820,9.228,2520421.5,22990771.7890,88976,10953313.0714
1641168000000,9.227,10.132,9.015,9.170,13770013.1,131258088.7437,299310,63754453.1612
1641254400000,9.171,9.322,8.889,9.000,4093181.3,37376923.7445,118273,17961210.6708
1641340800000,9.002,9.281,7.887,8.227,4822980.6,42287996.1826,151737,19561244.5803
1641427200000,8.227,8.415,7.988,8.348,4341306.3,35553041.2310,124862,17436126.6717
1641513600000,8.347,8.503,7.663,7.880,5653692.8,45166121.2445,165485,21799914.1645
1641600000000,7.881,8.088,7.372,7.584,3615638.0,28042359.8890,106140,13761492.1750
1641686400000,7.584,7.820,7.529,7.645,2127428.4,16331438.0476,76465,7970883.7592
1641772800000,7.648,7.775,6.857,7.228,4903192.8,35554928.3662,130995,16859842.2549
1641859200000,7.228,7.550,7.166,7.512,3121307.6,22919349.2006,88984,11495985.7243
1641945600000,7.515,7.969,7.457,7.922,2730908.2,21074998.2499,87869,10373048.3067
1642032000000,7.924,8.009,7.536,7.567,2678951.3,20912828.4351,96386,9784756.8167
1642118400000,7.566,7.976,7.507,7.815,3174882.3,24585836.8077,93937,12008901.4665
1642204800000,7.814,9.089,7.729,8.234,20603470.6,173668431.7667,343322,85370370.1053
1642291200000,8.237,8.242,7.904,8.046,3791090.4,30522798.4400,109882,14200174.2672
1642377600000,8.046,8.053,7.536,7.680,3214272.6,24995704.9863,99804,12071836.0942
1642464000000,7.679,7.944,7.457,7.845,5784575.2,44708331.4947,140903,22234469.7142
1642550400000,7.845,7.906,7.246,7.386,4661704.8,35009098.9601,128938,15952197.7323
1642636800000,7.386,7.670,6.981,7.042,3643804.0,26993858.8947,110060,12911935.2510
1642723200000,7.037,7.133,5.987,6.137,8547399.6,56279567.5761,204393,27587824.2099
1642809600000,6.135,6.251,5.026,5.580,14080493.5,78534274.1156,259372,38552168.0313
1642896000000,5.581,5.846,5.482,5.807,5304742.6,30072078.7307,113374,15116176.1333
1642982400000,5.805,5.809,4.940,5.457,7481876.0,39464621.2701,161883,19554493.7011
1643068800000,5.455,5.594,5.305,5.538,4385180.0,23917320.6997,99940,12022222.6710
1643155200000,5.538,6.055,5.433,5.585,5155196.2,29420322.4575,111370,14931779.3024
1643241600000,5.582,5.738,5.363,5.623,4379647.9,24280430.8105,106307,11981582.2978
1643328000000,5.622,5.839,5.513,5.815,4081810.0,23175617.9830,101467,11688263.8961
1643414400000,5.813,6.078,5.798,5.965,2560833.4,15207578.1831,81667,7602813.6786
1643500800000,5.964,6.174,5.823,5.962,2642123.4,15860077.7013,76868,7682458.0075
1643587200000,5.958,6.081,5.659,6.061,3186684.7,18661528.5432,82806,9159314.8806
1643673600000,6.059,6.237,6.032,6.168,3033480.7,18650054.8048,82760,9218669.0659
1643760000000,6.166,7.037,5.976,6.038,26591195.5,173842637.3499,375575,84942951.3930
1643846400000,6.040,6.113,5.847,6.096,4864732.5,29097661.6432,108485,14407707.9068
1643932800000,6.095,6.892,6.046,6.846,13320184.0,87521567.5078,221461,45541987.1918
1644019200000,6.849,7.305,6.695,6.887,8334511.3,58603291.9330,179377,28556735.7754
1644105600000,6.887,7.131,6.728,7.119,4075295.4,28302672.9521,103100,13984042.4284
1644192000000,7.120,7.562,7.015,7.454,6122488.1,45035697.9248,163520,22399308.1748
1644278400000,7.454,7.553,6.702,7.072,8649693.6,60727931.5998,209680,29208056.9342
1644364800000,7.073,7.289,6.882,7.200,3944657.5,28121135.0298,121234,13962743.7143
1644451200000,7.200,7.666,7.063,7.101,8498310.7,62863349.8825,215958,30513639.4056
1644537600000,7.101,7.320,6.435,6.560,5566887.7,38997783.7464,163921,18326359.3629
1644624000000,6.562,6.914,6.309,6.751,4129283.4,27283047.7694,126699,13695572.7776
1644710400000,6.753,6.882,6.383,6.506,3506541.7,23333977.6238,117405,10969108.8768
1644796800000,6.508,6.659,6.293,6.524,3785060.5,24438097.9138,112740,12498172.7822
1644883200000,6.525,7.650,6.485,7.542,28102614.5,206489910.0043,460008,108115628.4968
1644969600000,7.538,7.977,7.355,7.866,22288390.6,169845746.7529,429158,86103588.7055
1645056000000,7.865,7.932,6.907,7.008,13259761.8,98657854.3643,272637,47819898.1534
1645142400000,7.009,7.491,6.935,7.219,11780227.7,85383940.2150,257451,43992703.6168
1645228800000,7.218,7.550,6.597,6.754,13168532.3,93140687.9263,267670,43808426.8788
1645315200000,6.752,6.862,6.025,6.217,13426497.3,84807729.1237,229663,40106346.1005
1645401600000,6.220,6.515,5.700,5.732,14022055.5,86726697.7415,247992,44213240.9715
1645488000000,5.732,6.038,5.516,5.997,7461725.5,43385261.1045,151747,21921717.8644
1645574400000,5.997,6.696,5.719,5.757,15400340.0,94915286.2947,241539,45351502.8605
1645660800000,5.758,5.908,4.980,5.873,12869261.5,70265090.4329,257381,35066578.3350
1645747200000,5.873,6.211,5.752,6.136,5788696.6,34377100.3804,134534,17271591.5011
1645833600000,6.136,6.356,6.043,6.136,3315153.0,20497159.0821,103821,9776944.9329
1645920000000,6.138,6.207,5.689,5.871,4603622.5,27530033.7540,106983,13529750.2471
1646006400000,5.870,6.499,5.744,6.485,5282716.2,32148805.9909,110649,16081152.0927
1646092800000,6.486,6.807,6.480,6.700,5036640.4,33499686.3497,132563,16368876.0726
1646179200000,6.701,6.769,6.329,6.485,4051238.2,26439136.4177,113890,12575826.6463
1646265600000,6.488,6.684,6.232,6.389,4794323.2,31024963.2633,146696,14757498.7641
1646352000000,6.388,6.419,5.807,5.920,5392097.0,33140022.1478,128674,15891214.3025
1646438400000,5.921,6.119,5.711,6.074,3170472.8,18877289.1264,91212,10101412.7922
1646524800000,6.075,6.134,5.726,5.752,2957508.1,17534770.2000,75769,8276695.5276
1646611200000,5.753,5.944,5.495,5.684,5010494.5,28743876.2503,113386,14469597.5180
1646697600000,5.685,5.872,5.635,5.739,4089832.3,23494406.3918,119612,11701138.4741
1646784000000,5.741,6.110,5.736,6.036,4170200.1,24927462.7370,110783,12463786.9658
1646870400000,6.036,6.253,5.734,6.021,10341193.4,61873409.0727,228742,30704525.3121
1646956800000,6.019,6.022,5.676,5.852,4461593.2,26012138.8085,113713,12572553.3379
1647043200000,5.851,6.023,5.741,5.754,2976156.0,17488710.6706,83673,8727564.0512
1647129600000,5.754,5.898,5.509,5.544,2614662.7,15019450.4656,83430,7650575.8567
1647216000000,5.548,5.795,5.468,5.745,2984739.2,16874534.5688,81636,8262546.3070
1647302400000,5.746,5.847,5.490,5.724,3267987.7,18548117.8033,86718,8667123.7747
1647388800000,5.723,6.044,5.665,6.015,4405260.8,25664235.3674,125215,12702668.3171
1647475200000,6.016,6.060,5.914,5.927,2192612.1,13115487.5589,78093,6319084.3674
1647561600000,5.927,6.141,5.811,6.111,2870973.9,17101616.3829,73135,8520138.9773
1647648000000,6.113,6.374,6.112,6.343,3108803.0,19411839.8925,94641,9536923.2827
1647734400000,6.343,7.344,6.335,6.964,30409586.4,211630491.4937,590164,105810731.2766
1647820800000,6.964,7.050,6.574,6.839,7542409.5,51119572.3181,200809,25518582.7857
1647907200000,6.839,7.710,6.784,7.595,14218915.7,104267865.3823,327663,52153697.4763
1647993600000,7.595,8.310,7.593,7.875,25723141.9,205253846.6529,528734,100758625.2384
1648080000000,7.875,8.035,7.464,7.865,11822381.7,90904225.4736,294098,42580764.5832
1648166400000,7.867,8.892,7.720,8.285,28789742.1,242623925.1871,598017,120794269.4878
1648252800000,8.284,8.355,8.044,8.231,6481358.3,53246281.5437,175357,24978639.0925
1648339200000,8.231,8.509,8.030,8.481,7659161.0,63744869.9194,195877,29558708.4895
1648425600000,8.481,8.685,8.026,8.171,8839097.3,74791175.2347,221412,34396644.4801
1648512000000,8.169,8.890,8.075,8.344,11414136.1,97108349.1946,302761,45511659.0155
1648598400000,8.343,9.642,8.200,8.873,17179739.3,154041217.5071,386552,74194510.4964
1648684800000,8.875,9.189,8.135,8.277,8127931.2,70759269.3422,231109,33204895.3927
1648771200000,8.276,8.507,7.856,8.443,4265410.3,35104970.3170,147333,17063076.9355
1648857600000,8.438,9.352,8.243,8.304,17412905.4,152847322.5425,461209,74350311.0680
1648944000000,8.307,8.608,8.115,8.506,3964121.3,33292451.6654,154558,16389889.0993
1649030400000,8.508,8.512,7.945,8.242,6346810.7,52149600.7300,194569,23616626.6275
1649116800000,8.243,8.323,7.762,7.795,7492418.9,59976978.5594,207667,29019725.7384
1649203200000,7.801,7.805,6.868,6.906,7387962.1,53854726.4676,240043,25889676.0925
1649289600000,6.906,7.291,6.825,7.228,4412162.0,31347886.4573,143203,15654553.1812
1649376000000,7.227,7.334,6.750,6.803,3081597.3,21893415.8314,115175,11147051.6257
1649462400000,6.802,7.106,6.795,7.067,2146478.1,14958412.4442,92052,7517741.3866
1649548800000,7.066,7.164,6.776,6.803,2894920.0,20192651.0025,108026,9414008.5737
1649635200000,6.801,6.892,6.045,6.194,5456254.3,34966858.6075,150530,16645686.0962
1649721600000,6.194,6.561,6.117,6.430,3490271.7,22174767.1928,120160,11028383.8198
1649808000000,6.431,6.770,6.335,6.760,4641085.4,30426274.6266,141424,15936951.7657
1649894400000,6.761,6.936,6.388,6.544,3271145.4,21799285.1570,111427,10343733.9677
1649980800000,6.543,6.739,6.502,6.603,2807042.0,18586287.5123,88451,8741716.3768
1650067200000,6.604,7.300,6.598,6.887,17052672.5,118547528.9830,263260,58120407.7299
1650153600000,6.886,6.922,6.485,6.513,3793262.7,25684657.4408,100542,12083172.5976
1650240000000,6.511,6.706,6.144,6.679,4524823.1,28979494.2151,116991,14209288.4988
1650326400000,6.680,6.869,6.547,6.822,2975078.1,19946648.7866,88432,9640560.7504
1650412800000,6.820,7.129,6.605,6.761,5792794.3,39474246.8489,141282,19037137.5252
1650499200000,6.761,7.306,6.441,6.518,12351783.0,85478202.5056,229423,39454358.7634
1650585600000,6.518,6.775,6.468,6.587,4267607.1,28314086.7557,121915,14039697.4823
1650672000000,6.587,6.602,6.364,6.442,2209844.5,14353811.6340,72115,7092317.5718
1650758400000,6.440,6.551,6.250,6.333,2348088.8,15040489.4155,68159,7709282.4129
1650844800000,6.332,6.512,5.932,6.475,7195118.8,45160243.0776,171429,22755441.9270
1650931200000,6.475,6.605,5.910,5.998,5715748.0,35905704.5545,148785,17089573.3515
1651017600000,5.999,6.228,5.946,6.113,3093895.9,18828011.4188,87615,9570634.1247
1651104000000,6.112,6.243,5.963,6.079,3309917.2,20182584.4111,96464,10085325.1244
1651190400000,6.079,6.153,5.692,5.818,3032561.4,17988433.1093,88592,8724569.7633
1651276800000,5.820,5.930,5.206,5.308,4049042.3,22887714.2495,109121,11277353.4189
1651363200000,5.306,5.662,5.240,5.580,3915212.7,21409040.1209,112936,10672588.7583
1651449600000,5.583,5.700,5.289,5.513,3755734.2,20627447.6508,103908,10482526.2763
1651536000000,5.513,5.637,5.262,5.408,3365663.8,18472210.4313,91404,9174605.1302
1651622400000,5.407,5.949,5.391,5.944,3761103.0,21207075.6055,103579,10787125.1269
1651708800000,5.944,6.109,5.266,5.482,6746997.3,38111592.6521,175950,18618818.3056
1651795200000,5.481,5.505,5.235,5.412,4679722.9,25202750.2255,112626,12582250.7548
1651881600000,5.412,5.426,5.089,5.203,3448751.1,18298480.3291,89112,8932116.8619
1651968000000,5.204,5.237,4.985,5.044,4781098.5,24376881.3882,112717,11771858.3395
1652054400000,5.046,5.175,4.379,4.429,16867087.5,80040645.3341,294779,39703854.3636
1652140800000,4.425,5.317,4.184,4.742,24078657.2,116763477.0995,416893,59043884.9537
1652227200000,4.743,4.989,3.758,4.020,25214447.0,111161306.4558,477756,56114437.8659
1652313600000,4.020,4.245,3.109,3.621,20402649.3,72771668.1733,400042,36033136.2928
1652400000000,3.621,4.237,3.580,3.912,7266909.7,29091597.2574,148349,14570809.1342
1652486400000,3.913,4.117,3.656,4.081,3928586.6,15328095.1634,83426,7392966.4932
1652572800000,4.086,4.302,3.930,4.279,4101560.0,16696879.9969,82398,8432584.7281
1652659200000,4.279,4.279,3.862,3.959,5003818.0,20192019.0979,101277,10001491.3956
1652745600000,3.962,4.289,3.944,4.196,5037560.3,20789893.5001,91765,10216160.5374
1652832000000,4.197,4.375,3.786,3.807,5311583.4,21419304.5505,100554,10385929.6752
1652918400000,3.807,4.040,3.658,4.002,4843831.4,18700390.1430,93504,9387055.4221
1653004800000,4.002,4.072,3.721,3.795,4671922.5,18174384.0525,89757,8942374.2612
1653091200000,3.798,4.007,3.763,3.913,4021724.8,15606110.3011,71635,7651899.8218
1653177600000,3.913,4.138,3.863,4.103,3801974.6,15269528.5675,69181,7592638.5040
1653264000000,4.102,4.582,4.026,4.105,12057967.4,52086097.0212,189417,25752910.6215
1653350400000,4.105,4.148,3.808,4.108,7989797.4,31823003.5859,127830,16456769.9320
1653436800000,4.108,4.281,3.981,4.065,6765389.7,27736186.1227,107388,13702871.9572
1653523200000,4.064,4.159,3.603,3.772,7325543.5,28293528.1285,123477,13936887.9936
1653609600000,3.771,3.891,3.604,3.714,9229933.3,34548967.0375,137610,17257074.5549
1653696000000,3.714,3.828,3.670,3.779,4283725.2,16123781.0200,72741,8171628.6148
1653782400000,3.778,3.875,3.670,3.866,3505811.0,13262803.6526,61008,6450752.5361
1653868800000,3.866,4.204,3.837,4.162,5935603.2,23975304.2363,98705,11621390.2971
1653955200000,4.161,4.244,3.997,4.165,5809917.4,24037347.3294,104185,11281948.2292
1654041600000,4.165,4.317,3.747,3.845,6298566.8,25672313.9916,111496,12550896.1621
1654128000000,3.847,3.993,3.797,3.970,3935280.9,15322038.1858,82070,7624799.3205
1654214400000,3.970,3.986,3.733,3.826,3094232.3,11896405.0550,56973,6096859.7314
1654300800000,3.826,3.890,3.723,3.859,2061449.8,7881044.4018,45188,3890884.0865
1654387200000,3.859,3.943,3.792,3.871,3745962.5,14528323.4133,63910,7343732.9413
1654473600000,3.871,4.249,3.859,4.045,7827509.9,31924952.6309,121539,15685422.1971
1654560000000,4.043,4.074,3.764,3.969,5386427.8,21016990.8249,89601,9914920.3919
1654646400000,3.969,4.037,3.861,3.916,3383892.7,13387070.5007,60297,6381681.5565
1654732800000,3.916,4.018,3.872,3.915,3046380.4,12020897.0570,55222,5758882.1591
1654819200000,3.916,3.947,3.608,3.679,3915105.6,14791623.3395,75223,7056283.0280
1654905600000,3.684,3.730,3.307,3.376,4706351.2,16480318.6026,95156,7958075.8792
1654992000000,3.378,3.397,3.072,3.074,8239732.0,26601535.9287,141453,13828384.9981
1655078400000,3.073,3.133,2.616,2.782,16452275.6,45995659.0792,233079,23261732.3651
1655164800000,2.782,2.847,2.493,2.765,10671242.3,28904339.6029,147589,14413925.6382
1655251200000,2.764,2.974,2.471,2.973,11589558.4,31039837.2576,149364,15390252.1254
1655337600000,2.973,3.012,2.582,2.654,6563491.6,18129266.6125,90636,9210897.5861
1655424000000,2.655,2.802,2.633,2.741,5303177.9,14485806.6164,78029,7149593.2366
1655510400000,2.740,2.791,2.378,2.583,7111822.4,18215875.1410,100564,9065931.8521
1655596800000,2.582,2.801,2.481,2.750,6610880.3,17421332.8183,85834,8605518.2601
1655683200000,2.751,2.838,2.630,2.791,5617050.8,15470290.8798,79216,7523858.4529
1655769600000,2.791,2.962,2.735,2.833,5150936.0,14753071.1791,77315,7472230.3965
1655856000000,2.833,2.845,2.686,2.736,5121962.6,14164082.7328,79401,6847629.9989
1655942400000,2.735,2.981,2.721,2.949,6804485.4,19549388.8266,94787,9454813.8671
1656028800000,2.948,3.169,2.942,3.100,5554900.7,16975178.9625,80222,8255236.2756
1656115200000,3.100,3.213,2.958,3.143,4074839.8,12607535.5459,65671,6229796.5609
1656201600000,3.143,3.221,2.932,2.947,4182465.6,12901891.4844,65111,6346742.2212
1656288000000,2.947,3.134,2.926,2.996,5114631.7,15453190.1533,70369,7577903.4289
1656374400000,2.996,3.110,2.854,2.891,5513704.7,16424229.0361,79948,8248172.4889
1656460800000,2.891,2.954,2.787,2.857,6324081.4,18156226.5063,80283,8749702.8436
1656547200000,2.856,2.874,2.603,2.818,6919468.8,18786979.8876,96291,9228652.5176
1656633600000,2.819,2.954,2.688,2.744,5617064.9,15684246.7762,90489,7743064.8857
1656720000000,2.744,2.829,2.692,2.797,4310808.1,11892064.0250,55534,5750348.6676
1656806400000,2.796,2.855,2.725,2.823,3153466.2,8783733.7907,45811,4274195.5008
1656892800000,2.823,2.915,2.726,2.899,3954678.9,11197700.3772,58633,5565332.1547
1656979200000,2.900,2.923,2.715,2.817,4718205.7,13313605.4958,65101,6550279.8623
1657065600000,2.818,2.903,2.771,2.871,3769359.9,10701404.2370,48844,5123130.7999
1657152000000,2.871,3.013,2.843,2.986,3325051.2,9740951.9342,45996,4938614.5439
1657238400000,2.988,3.077,2.871,2.929,3698612.3,10939062.2367,48474,5301811.7801
1657324800000,2.927,3.170,2.926,3.024,7847206.1,24195638.3409,97041,11920353.8661
1657411200000,3.023,3.027,2.879,2.938,2957075.3,8728322.0658,42338,4116141.0241
1657497600000,2.938,2.941,2.673,2.687,3815045.8,10743649.5161,53320,5165012.1207
1657584000000,2.689,2.742,2.587,2.593,4205134.1,11218997.0078,61170,5544973.4993
1657670400000,2.593,2.731,2.503,2.719,4918874.3,12869008.6478,73194,6236774.9171
1657756800000,2.719,2.789,2.611,2.755,4121136.5,11109542.4412,54356,5443968.9957
1657843200000,2.756,2.833,2.719,2.771,4232945.0,11729348.2108,54593,5816771.2664
1657929600000,2.771,2.896,2.716,2.883,3612771.7,10160640.5408,47280,5121521.5884
1658016000000,2.883,3.079,2.830,2.950,8769142.6,26152458.2660,95240,12290764.0875
1658102400000,2.951,3.257,2.935,3.192,10817416.5,33958932.4145,130512,16768573.2206
1658188800000,3.192,3.293,3.066,3.243,8884194.2,28325800.7979,118001,13903283.1527
1658275200000,3.243,3.357,3.030,3.049,8361473.7,26906706.0089,105869,13194778.7712
1658361600000,3.049,3.123,2.962,3.096,4375239.4,13356373.8316,67929,6740055.3741
1658448000000,3.099,3.470,3.078,3.246,19362339.8,64720077.2356,209448,33040422.9832
1658534400000,3.247,3.499,3.189,3.435,10644256.7,35793013.0190,139683,17793155.8702
1658620800000,3.436,3.510,3.343,3.403,5573745.6,19022361.8410,79226,9530656.0282
1658707200000,3.403,3.583,3.227,3.288,25370090.1,87738899.5662,261712,43600708.5232
1658793600000,3.289,3.694,3.167,3.674,24926647.8,84879709.6158,273949,43668428.5594
1658880000000,3.674,4.200,3.474,4.127,30276736.2,112980666.0757,315609,57801294.9122
1658966400000,4.127,4.677,4.098,4.470,33476264.0,146508753.5447,362384,75685613.8604
1659052800000,4.471,5.242,4.397,4.655,27866533.1,134070466.0951,342938,67120771.4968
1659139200000,4.657,4.843,4.270,4.323,13112603.7,60358383.4741,206096,30736436.0023
1659225600000,4.323,4.427,4.035,4.055,10171139.1,43607580.5203,145841,22630964.0543
1659312000000,4.053,4.190,3.953,4.132,12937904.9,52649749.6771,153537,23942794.6645
1659398400000,4.134,4.190,3.820,3.959,13456875.6,53785587.0009,178102,26685031.8254
1659484800000,3.960,4.139,3.829,3.922,7614337.3,30586218.4815,109475,14532201.8370
1659571200000,3.923,4.032,3.842,3.947,6493030.9,25532922.0155,96540,12538357.3116
1659657600000,3.948,4.120,3.941,4.100,6049119.9,24453391.0938,89064,11624834.8328
1659744000000,4.104,4.245,4.070,4.122,6573977.7,27331668.0178,87877,13519947.6511
1659830400000,4.122,4.185,4.030,4.081,3642840.9,15031163.5109,62872,7153099.8147
1659916800000,4.081,4.343,4.077,4.155,6658175.2,28076132.6599,96620,13585782.3529
1660003200000,4.155,4.217,3.895,4.010,4819486.4,19582014.8884,78998,9101995.1484
1660089600000,4.011,4.210,3.896,4.189,5242680.0,21399592.1222,88301,10307162.1173
1660176000000,4.189,4.355,4.184,4.202,5688907.4,24242222.2540,96335,11917078.4469
1660262400000,4.203,4.291,4.111,4.285,3051395.7,12848487.7862,61202,6175465.9034
1660348800000,4.286,4.350,4.236,4.290,2737397.4,11758502.5367,55697,5764489.9010
1660435200000,4.290,4.372,4.127,4.162,4412478.7,18769220.9562,76463,9219409.0145
1660521600000,4.162,4.268,4.019,4.091,4517183.4,18641670.2560,82808,9063366.9527
1660608000000,4.090,4.163,3.956,4.011,4885242.4,19742744.4249,85555,9805182.6676
1660694400000,4.012,4.250,3.900,4.018,7287306.9,29704607.4302,126218,14229438.3373
1660780800000,4.019,4.080,3.655,3.763,5913944.8,23294487.5170,101247,11179285.5194
1660867200000,3.763,3.770,3.285,3.340,9828766.1,34390614.7363,135752,16733594.1605
1660953600000,3.341,3.432,3.235,3.341,4441289.6,14876596.5313,68463,7441065.7040
1661040000000,3.340,3.512,3.329,3.471,4362859.1,14920631.0689,73223,7301032.1140
1661126400000,3.471,3.480,3.239,3.467,5715321.2,19179707.2124,87905,9584026.6487
1661212800000,3.468,3.535,3.327,3.499,4667670.9,16181206.8237,81056,7837488.4699
1661299200000,3.499,3.576,3.397,3.455,5095749.7,17815597.9374,85477,8607064.7171
1661385600000,3.454,3.544,3.419,3.469,3555030.7,12384953.3364,64526,6406012.5650
1661472000000,3.469,3.480,3.066,3.116,5951043.5,19728692.3060,96196,9700128.1458
1661558400000,3.114,3.128,3.027,3.104,2973917.7,9198240.8975,53597,4630993.5544
1661644800000,3.105,3.171,2.965,2.982,2977418.9,9218176.9343,55978,4522749.8121
1661731200000,2.982,3.210,2.938,3.199,3651512.9,11263489.2842,58077,5485355.4221
1661817600000,3.197,3.252,3.004,3.111,3528783.4,11093424.3702,57728,5406732.9232
1661904000000,3.111,3.232,3.101,3.113,3378925.7,10726759.6081,54804,5149846.2299
1661990400000,3.114,3.196,3.030,3.193,3567788.1,11077046.3797,57242,5620287.0327
1662076800000,3.192,3.245,3.084,3.131,3444180.0,10938008.6445,55776,5502218.1024
1662163200000,3.131,3.178,3.099,3.144,1729246.4,5439382.8732,35776,2522654.8914
1662249600000,3.144,3.239,3.108,3.234,2706977.1,8608326.9418,46151,4219532.6202
1662336000000,3.233,3.370,3.089,3.349,6046389.4,19387685.3133,83471,10073688.9575
1662422400000,3.350,3.387,2.971,2.983,7325976.2,23493586.5004,100091,11340256.1605
1662508800000,2.981,3.134,2.911,3.087,4294987.5,12985828.3402,62427,6302459.5657
1662595200000,3.086,3.197,3.032,3.167,5218806.9,16246975.5103,69509,8254847.5105
1662681600000,3.166,3.380,3.150,3.344,4132086.2,13605530.2471,63218,6615511.4479
1662768000000,3.343,3.445,3.308,3.344,4807196.3,16178376.1630,67213,8092414.8783
1662854400000,3.344,3.387,3.229,3.301,2608227.1,8630945.1970,49847,4131505.6765
1662940800000,3.300,3.405,3.228,3.290,4574672.0,15208253.3004,71434,7571052.1111
1663027200000,3.289,3.307,3.000,3.018,5395658.4,17029977.1526,75458,8195737.0683
1663113600000,3.018,3.104,2.998,3.082,3470792.4,10604912.5862,51008,5197174.7192
1663200000000,3.083,3.110,2.941,2.989,4902621.6,14802708.1448,60881,7396712.3698
1663286400000,2.989,3.009,2.917,3.004,3625497.6,10753643.4001,50817,5385022.5064
1663372800000,3.004,3.085,2.998,3.080,1825723.7,5549513.5632,30658,2695235.8741
1663459200000,3.080,3.083,2.775,2.849,3434785.0,10155891.4428,48738,4982963.7141
1663545600000,2.850,2.940,2.764,2.911,4654091.1,13218854.4552,59112,6478574.8485
1663632000000,2.911,2.952,2.826,2.868,4194247.9,12138027.4497,55542,6007716.5619
1663718400000,2.869,2.997,2.708,2.746,6529981.0,18673763.4381,78823,9308633.5689
1663804800000,2.745,2.927,2.742,2.903,3642165.7,10358585.9192,50870,5263175.6642
1663891200000,2.903,2.974,2.800,2.908,4293283.4,12379275.6789,60118,6129652.5342
1663977600000,2.908,2.942,2.830,2.836,2572869.6,7474757.7974,42042,3704575.8484
1664064000000,2.836,2.894,2.744,2.776,2748903.8,7780152.4470,44317,3895222.8619
1664150400000,2.776,2.848,2.709,2.843,4540019.5,12661112.1399,57028,6066210.1635
1664236800000,2.843,3.069,2.820,2.874,7826168.8,23173911.9976,91078,11654046.9884
1664323200000,2.874,2.895,2.736,2.846,4780565.2,13403650.5943,62470,6429224.6586
1664409600000,2.846,2.878,2.768,2.868,3584795.7,10121134.6828,50263,4981849.2564
1664496000000,2.868,2.925,2.817,2.850,4673982.8,13407621.5310,60227,6674233.4355
1664582400000,2.849,2.872,2.807,2.839,1722210.1,4899952.7100,31696,2502764.3035
1664668800000,2.838,2.860,2.754,2.762,2194858.6,6169910.2248,37564,3195102.9828
1664755200000,2.762,2.869,2.737,2.857,3009492.7,8482036.3355,44564,3902117.4720
1664841600000,2.857,2.917,2.840,2.901,2740537.4,7911134.4338,38612,3976896.9796
1664928000000,2.900,2.907,2.809,2.877,2821317.5,8069078.6278,39429,3978228.2086
1665014400000,2.876,2.926,2.816,2.827,3234501.4,9295687.3479,43442,4576913.6488
1665100800000,2.827,2.847,2.783,2.810,2468248.6,6954154.6697,37869,3286312.5427
1665187200000,2.809,2.844,2.802,2.823,1784170.3,5045779.5543,27567,2475296.9900
1665273600000,2.823,2.893,2.818,2.860,4018923.8,11470013.2853,52935,5666560.7619
1665360000000,2.861,2.942,2.740,2.746,4177291.3,11829567.3755,55787,5916636.5522
1665446400000,2.746,2.746,2.655,2.694,2954716.3,7996482.3732,40767,4018218.8100
1665532800000,2.692,2.733,2.679,2.702,1904032.2,5155597.9183,30196,2551871.4682
1665619200000,2.702,2.716,2.440,2.651,5830725.1,14970178.8125,64158,7348577.7474
1665705600000,2.650,2.746,2.590,2.623,2825486.4,7566294.3324,37513,3663020.2907
1665792000000,2.623,2.668,2.597,2.635,1918058.4,5056446.9040,26871,2537875.3732
1665878400000,2.635,2.705,2.634,2.667,2311817.8,6171586.1784,27858,3062121.1973
1665964800000,2.667,2.737,2.640,2.732,2693062.7,7261330.2331,32199,3588865.0421
1666051200000,2.732,2.756,2.634,2.687,3190986.7,8588243.7564,39980,4159798.7076
1666137600000,2.687,2.700,2.562,2.586,3114457.6,8231007.2160,37020,4048700.6785
1666224000000,2.587,2.684,2.561,2.598,3510931.9,9211127.6517,39855,4666650.1797
1666310400000,2.599,2.644,2.513,2.624,3413263.3,8820160.4867,42296,4529671.3774
1666396800000,2.625,2.701,2.590,2.664,3299017.2,8755617.9305,41254,4425140.2947
1666483200000,2.665,2.775,2.623,2.741,4999702.3,13427366.3963,55817,6452134.1768
1666569600000,2.741,2.755,2.650,2.686,3847248.4,10332914.1714,44769,5012484.4692
1666656000000,2.686,2.827,2.657,2.769,4635274.6,12670487.7262,51863,6215536.6296
1666742400000,2.770,2.873,2.764,2.840,4361772.4,12297497.6221,52653,6127651.4758
1666828800000,2.839,2.941,2.770,2.786,5171033.7,14739629.2594,65082,7368476.7556
1666915200000,2.787,2.921,2.758,2.883,4245070.1,12055365.9935,59303,6068064.8081
1667001600000,2.883,2.991,2.878,2.926,4919429.2,14404862.4803,68947,7317287.2698
1667088000000,2.927,3.002,2.821,2.855,3845979.1,11264302.2141,52230,5517054.1650
1667174400000,2.855,2.909,2.803,2.861,3867699.2,11040712.6982,52424,5453843.6312
1667260800000,2.861,2.904,2.803,2.812,3056632.6,8716113.9307,45613,4323226.7105
1667347200000,2.812,2.872,2.698,2.768,6837713.9,19105068.0754,78351,9387909.6079
1667433600000,2.770,2.889,2.762,2.815,4426558.0,12551908.4781,60883,6301639.5512
1667520000000,2.816,3.017,2.800,3.003,5344711.5,15663571.3726,70473,7700181.7464
1667606400000,3.004,3.088,2.967,3.024,5308353.0,16119234.4785,67943,7910761.9271
1667692800000,3.025,3.054,2.835,2.847,4196274.9,12522509.7793,59231,6019457.0779
1667779200000,2.846,2.955,2.787,2.891,4911458.5,14175593.4113,65331,6760626.9376
1667865600000,2.891,2.923,2.177,2.463,14442363.3,37710507.6580,160453,18357694.0059
1667952000000,2.464,2.489,1.948,1.990,14349171.2,32234215.1706,159687,16049981.1154
1668038400000,1.989,2.370,1.953,2.322,12306804.6,27105917.3601,131079,13720050.5628
1668124800000,2.320,2.355,2.112,2.229,6664172.0,14849626.9260,85066,7499054.1457
1668211200000,2.229,2.231,2.055,2.077,4469919.3,9467937.8818,56605,4793884.6723
1668297600000,2.078,2.128,1.980,2.010,5528991.0,11265164.2915,66933,5695787.1585
1668384000000,2.010,2.055,1.864,2.028,8948211.9,17664096.8368,89428,9017389.7869
1668470400000,2.027,2.163,1.996,2.091,4864751.4,10082936.3561,52397,5235255.4951
1668556800000,2.090,2.119,2.002,2.047,4830889.4,9970135.7062,51989,4827630.0536
1668643200000,2.047,2.070,2.004,2.028,3068074.7,6261432.9872,34502,3087765.7324
1668729600000,2.026,2.110,2.022,2.063,4772965.2,9885749.1907,43528,4865499.8030
1668816000000,2.062,2.131,2.027,2.117,3167268.3,6593157.8560,33614,3137880.6723
1668902400000,2.117,2.159,1.999,2.010,5040250.1,10582382.6826,48197,5252823.4655
1668988800000,2.010,2.050,1.938,2.012,5320234.0,10631278.0458,51819,5388419.8651
1669075200000,2.012,2.063,1.932,2.062,4778110.4,9586370.2369,50867,4743025.4732
1669161600000,2.061,2.154,2.041,2.145,4161113.6,8775948.9283,43745,4453356.7268
1669248000000,2.145,2.195,2.121,2.154,3580416.7,7725129.8217,39096,3727493.3033
1669334400000,2.154,2.230,2.093,2.177,6472308.3,14077548.0011,60450,7200485.4379
1669420800000,2.177,2.204,2.138,2.165,3533568.2,7686938.7895,39125,3683449.0323
1669507200000,2.166,2.213,2.144,2.150,3333487.0,7293298.9088,37939,3471132.0478
1669593600000,2.151,2.174,2.057,2.114,3711639.9,7801511.4500,44002,3876070.2146
1669680000000,2.114,2.182,2.090,2.140,3932445.0,8447478.4980,44274,4265289.9070
1669766400000,2.140,2.250,2.139,2.233,5603844.2,12347315.4157,65764,6261081.6591
1669852800000,2.233,2.240,2.186,2.212,3189253.9,7052583.7470,41770,3432573.7031
1669939200000,2.212,2.248,2.167,2.240,3863837.2,8576877.7564,44347,4097366.6047
1670025600000,2.242,2.255,2.179,2.187,2360239.4,5254747.2189,32678,2635257.5087
1670112000000,2.189,2.223,2.172,2.194,4267869.7,9351422.9046,45607,4642028.0256
1670198400000,2.194,2.239,2.151,2.179,5213158.8,11483815.1520,54053,5718820.7886
1670284800000,2.180,2.222,2.171,2.217,3049875.1,6688515.6378,36184,3419209.8337
1670371200000,2.216,2.230,2.104,2.122,4837355.0,10364276.0544,48910,5194930.5723
1670457600000,2.124,2.174,2.096,2.164,5254038.1,11218878.5635,46674,5670893.5954
1670544000000,2.163,2.207,2.147,2.175,5462456.9,11862482.4820,47760,6067708.7890
1670630400000,2.176,2.320,2.174,2.212,21566149.9,48791875.9213,156508,24650617.2324
1670716800000,2.212,2.318,2.211,2.247,20692455.6,47116440.3246,152977,23809033.8869
1670803200000,2.247,2.283,2.128,2.226,9176148.6,20129763.1004,88599,10000292.9749
1670889600000,2.226,2.314,2.163,2.314,7652290.1,17162907.8483,81293,8608601.7057
1670976000000,2.313,2.390,2.305,2.356,9482162.8,22365821.4772,94345,11655583.8790
1671062400000,2.356,2.423,2.312,2.364,9978003.8,23677588.1898,96196,11657957.3269
1671148800000,2.364,2.383,2.104,2.115,11211629.3,25717744.2424,104780,12964542.2564
1671235200000,2.114,2.147,2.002,2.059,11113683.3,22924744.0530,93615,11241327.5325
1671321600000,2.059,2.069,2.005,2.025,4236482.3,8621066.5321,48586,4371992.6285
1671408000000,2.025,2.057,1.870,1.907,6262946.1,12444718.5034,69992,5931422.1869
1671494400000,1.908,2.026,1.898,2.014,4338853.8,8581839.3915,54334,4203973.3030
1671580800000,2.014,2.020,1.955,1.981,3669125.1,7288319.0985,43055,3334987.5536
1671667200000,1.980,2.003,1.933,1.993,3619708.2,7138229.2834,39959,3667653.4853
1671753600000,1.993,2.017,1.980,1.999,2478078.6,4956249.7409,29618,2445822.8976
1671840000000,1.999,2.014,1.980,1.998,1323550.9,2642912.2517,22454,1268835.2152
1671926400000,1.998,2.006,1.941,1.969,2032935.4,4008837.7156,27598,2065157.4155
1672012800000,1.968,1.979,1.923,1.965,2685189.3,5233703.1051,30895,2662786.7103
1672099200000,1.965,1.971,1.892,1.914,2678077.8,5182868.6199,28786,2580696.1949
1672185600000,1.913,1.922,1.820,1.864,4201900.3,7834154.5544,39088,3814360.9913
1672272000000,1.865,1.895,1.813,1.845,4125886.7,7659271.2884,37082,3744225.7165
1672358400000,1.846,1.861,1.762,1.833,3841901.6,6932901.6967,38109,3363824.0912
1672444800000,1.833,1.851,1.824,1.830,2012608.5,3698078.5253,24034,1796887.5725
1672531200000,1.831,1.883,1.818,1.878,2907577.3,5379084.5919,30053,2671026.5293
1672617600000,1.877,1.918,1.841,1.907,3147279.5,5940005.7125,30640,2931104.2875
1672704000000,1.907,1.911,1.857,1.890,2556961.8,4821860.5138,28855,2396872.6343
1672790400000,1.891,1.971,1.883,1.947,4564623.2,8855064.8731,46683,4993509.1834
1672876800000,1.947,1.989,1.911,1.930,5201889.8,10122863.2903,52731,4554932.8546
1672963200000,1.930,1.967,1.860,1.962,4806629.9,9193408.7057,47808,4661882.2660
1673049600000,1.963,1.997,1.944,1.964,3758934.4,7391327.2949,38341,3602429.2089
1673136000000,1.965,2.026,1.931,2.017,4032373.6,7945893.6507,41166,3734528.6029
1673222400000,2.017,2.114,2.015,2.056,8270067.8,17080361.2520,64157,8677249.7194
1673308800000,2.056,2.128,2.030,2.097,8849552.9,18461525.4627,69056,8836328.5301
1673395200000,2.096,2.164,2.038,2.146,6324008.9,13159658.4884,55699,6618806.3213
1673481600000,2.145,2.200,2.068,2.199,8034904.2,17192921.7807,68374,8578838.6429
1673568000000,2.199,2.311,2.161,2.304,5371609.2,11948651.9688,59119,5735962.2147
1673654400000,2.304,2.494,2.231,2.400,9941345.5,23631085.8563,101127,11721121.4421
1673740800000,2.400,2.448,2.331,2.422,7191230.9,17224488.7163,73501,8729192.3835
1673827200000,2.422,2.489,2.259,2.377,6007684.5,14309303.8001,71006,7091125.8305
1673913600000,2.376,2.438,2.344,2.365,6332325.6,15168113.4028,77900,7444269.0738
1674000000000,2.365,2.420,2.184,2.213,8783175.6,20233600.6896,98046,10278913.5752
1674086400000,2.212,2.322,2.210,2.316,5719572.6,13005402.3826,60812,6153192.7934
1674172800000,2.315,2.530,2.286,2.525,4989118.1,11858446.0213,60553,5942148.7147
1674259200000,2.524,2.554,2.450,2.492,6565677.2,16508036.4339,73590,8232580.0934
1674345600000,2.492,2.628,2.473,2.543,6845031.4,17512921.7553,83149,8580750.7869
1674432000000,2.542,2.620,2.542,2.606,5407974.1,13970621.7714,72478,6783416.1015
1674518400000,2.606,2.753,2.455,2.482,6891586.0,18148924.5488,90175,8919831.8784
1674604800000,2.483,2.614,2.400,2.566,5973160.7,14889772.0086,74161,7411769.3690
1674691200000,2.567,2.689,2.560,2.630,7709928.1,20296703.2579,101061,10193645.4279
1674777600000,2.630,2.738,2.563,2.715,5933171.3,15785851.4521,86271,7698398.4717
1674864000000,2.714,2.757,2.610,2.634,3164889.8,8458573.1035,52916,4095912.6288
1674950400000,2.633,2.743,2.606,2.725,4250003.4,11457380.6361,65352,5541238.7586
1675036800000,2.724,2.843,2.620,2.744,23107152.8,63825609.7061,259932,31066724.8185
1675123200000,2.744,2.748,2.592,2.683,10212814.4,27129431.1403,132028,13612921.8321
1675209600000,2.684,2.766,2.535,2.753,7715501.9,20343035.0457,116907,9819525.8758
1675296000000,2.754,2.830,2.702,2.731,6151597.8,17097612.6277,91284,8117108.2502
1675382400000,2.731,2.807,2.694,2.801,4015391.1,11078763.6645,65276,5477923.7935
1675468800000,2.801,2.880,2.756,2.823,3419774.9,9652433.0149,58842,4730387.5672
1675555200000,2.823,3.034,2.624,2.820,12762325.5,36438176.9182,168887,17805435.5824
1675641600000,2.820,2.899,2.742,2.835,6778360.5,19121434.2426,110689,9480702.4788
1675728000000,2.836,2.984,2.798,2.967,5101222.6,14599483.7980,80469,7034492.6009
1675814400000,2.967,3.004,2.810,2.928,4632063.4,13554052.7426,74892,6561345.7971
1675900800000,2.930,3.195,2.570,2.656,26372233.0,78108770.2256,303882,38821907.4532
1675987200000,2.656,2.942,2.636,2.744,14999114.8,42033384.6526,185054,21241477.3217
1676073600000,2.744,2.756,2.691,2.741,5007038.8,13616473.2111,69085,7123246.6826
1676160000000,2.741,2.821,2.630,2.688,5502268.1,15111427.3069,76246,7532393.7376
1676246400000,2.690,2.695,2.492,2.625,5644726.5,14583929.7243,83866,6933306.8684
1676332800000,2.626,2.689,2.545,2.686,5124257.5,13434793.9271,74934,6660149.9617
1676419200000,2.686,2.879,2.640,2.879,5193774.1,14206451.1602,83923,6984482.1847
1676505600000,2.878,3.188,2.785,2.802,24858824.0,74899050.3142,274778,36790905.3079
1676592000000,2.803,3.165,2.797,3.070,11241858.3,33461102.9806,145017,16507059.7855
1676678400000,3.069,3.147,3.028,3.071,5525594.8,17054037.7137,77799,8259623.8895
1676764800000,3.072,3.370,2.999,3.212,16484338.8,53231926.1129,195823,26051906.8924
1676851200000,3.213,3.774,3.154,3.717,37083516.3,130807067.1926,425182,64229146.4207
1676937600000,3.716,4.278,3.489,3.640,38349871.3,148714660.8055,454258,71596551.1678
1677024000000,3.640,3.716,3.429,3.670,18151905.2,65459166.5155,240968,32109083.0682
1677110400000,3.670,3.692,3.427,3.466,7880073.8,28113116.0096,122420,13665773.6644
1677196800000,3.465,3.503,3.125,3.221,8310397.9,27388361.4166,133514,13284015.6388
1677283200000,3.221,3.338,3.160,3.273,7336205.7,23818743.8165,132095,11583360.7124
1677369600000,3.272,3.461,3.225,3.400,7301930.1,24507945.9853,119149,12018172.6810
1677456000000,3.401,3.550,3.395,3.477,11328039.0,39302922.6281,180271,19615598.0574
1677542400000,3.478,3.482,3.202,3.206,6650484.1,22160441.9030,122916,10611491.9166
1677628800000,3.207,3.469,3.194,3.378,7053796.5,23624465.4654,126673,11802940.0581
1677715200000,3.379,3.389,3.172,3.252,4422342.0,14381525.7269,96560,6891656.8403
1677801600000,3.252,3.266,2.856,3.055,8592881.0,25831173.9054,138747,12431446.4154
1677888000000,3.055,3.111,2.903,2.979,6757464.0,20598877.7793,102789,9811043.6457
1677974400000,2.980,3.073,2.927,2.947,4221316.4,12693343.3728,82608,6486362.9473
1678060800000,2.947,3.064,2.893,3.033,5752073.7,17192997.4706,99639,8362830.2235
1678147200000,3.033,3.088,2.870,2.931,5725593.6,17045393.2520,102034,8384591.5357
1678233600000,2.932,2.941,2.720,2.765,4840831.3,13688558.8904,94242,6648177.5402
1678320000000,2.766,2.848,2.513,2.564,6848234.7,18502120.5285,108914,8922353.6296
1678406400000,2.563,2.565,2.374,2.505,9625003.2,23856935.6538,125698,11880782.0364
1678492800000,2.505,2.566,2.349,2.484,5277394.7,12945579.2892,89757,6321626.6083
1678579200000,2.484,2.717,2.449,2.716,5461264.2,13912684.2860,84680,7016687.4933
1678665600000,2.717,2.874,2.628,2.856,7225081.4,19942460.6469,125584,10157871.2154
1678752000000,2.856,3.057,2.774,2.943,7300526.6,21282803.7127,143372,10306983.9014
1678838400000,2.943,3.010,2.669,2.751,6216195.7,17674741.6355,123108,8710742.4361
1678924800000,2.749,2.820,2.699,2.805,5145354.1,14218369.2824,109905,7025293.6562
1679011200000,2.803,3.088,2.781,3.085,8506372.0,25211459.4441,153888,12648510.9591
1679097600000,3.085,3.174,2.909,2.958,6730922.9,20651673.8484,132083,9772977.0897
1679184000000,2.957,3.687,2.938,3.562,28729233.6,95400786.3280,393413,48159417.2682
1679270400000,3.563,3.863,3.226,3.235,28649984.1,99344797.6346,412368,48409846.7863
1679356800000,3.235,3.385,3.069,3.231,13094605.1,42125101.3918,228728,20713912.0072
1679443200000,3.231,3.231,2.930,3.018,10013781.3,31265951.1702,209126,15279534.5112
1679529600000,3.019,3.330,3.017,3.250,16145845.0,52041908.6189,236473,25827303.7848
1679616000000,3.251,3.429,3.130,3.229,13518905.1,44459497.6134,249081,21888462.5058
1679702400000,3.228,3.277,3.043,3.085,4875725.2,15253872.5981,119738,7303291.5769
1679788800000,3.085,3.146,3.032,3.120,3551542.9,10994687.6717,87919,5512955.1511
1679875200000,3.119,3.208,2.914,3.038,10125956.4,31137589.2831,192229,15224304.2201
1679961600000,3.038,3.098,2.953,3.068,6461650.1,19547903.2228,144725,9717699.5637
1680048000000,3.068,3.203,3.044,3.161,5848958.4,18358332.6123,114171,8902477.0683
1680134400000,3.161,3.198,3.013,3.076,5826152.9,18007750.0863,119839,8477585.0140
1680220800000,3.076,3.117,2.988,3.105,4105511.2,12567039.4945,93008,6428167.9196
1680307200000,3.105,3.158,3.068,3.133,3557821.7,11066209.6933,78176,5530300.3004
1680393600000,3.134,3.161,3.053,3.095,4324400.8,13412215.0859,87915,6433666.5823
1680480000000,3.096,3.167,3.001,3.109,8039861.7,24794988.5077,145105,12069009.4228
1680566400000,3.109,3.150,3.052,3.126,3039275.0,9417225.2895,70139,4719679.8624
1680652800000,3.125,3.183,3.067,3.146,3580108.6,11242433.1723,82009,5532105.8913
1680739200000,3.146,3.382,3.085,3.217,16260347.0,52720483.2535,233970,25954047.8601
1680825600000,3.216,3.222,3.065,3.106,4362705.1,13618761.7548,87021,6178304.9503
1680912000000,3.105,3.239,3.100,3.129,6339948.4,20082740.6763,110218,10103960.3070
1680998400000,3.129,3.159,3.053,3.123,3088411.0,9572133.8006,69108,4548489.4046
1681084800000,3.124,3.222,3.061,3.216,4843079.1,15199880.4522,90179,7332147.9990
1681171200000,3.217,3.270,3.189,3.222,5623918.5,18111532.6117,100496,8671061.8180
1681257600000,3.221,3.239,3.081,3.197,5538194.0,17493183.2577,104986,8251425.0263
1681344000000,3.198,3.243,3.151,3.241,2523952.9,8088826.8813,62381,4025404.7099
1681430400000,3.241,3.360,3.229,3.332,4959432.5,16400889.7249,93380,7659857.6124
1681516800000,3.333,3.354,3.267,3.344,2590876.7,8593348.4803,57500,4274156.7384
1681603200000,3.343,3.522,3.298,3.418,7398694.2,25346951.0335,117990,12449834.1312
1681689600000,3.417,3.438,3.253,3.280,6010755.7,20013390.2162,96352,9580275.4240
1681776000000,3.281,3.372,3.213,3.332,3442247.4,11388459.0381,73507,5464387.4721
1681862400000,3.332,3.370,2.980,3.065,7659365.1,24132394.2822,124016,11873537.9217
1681948800000,3.066,3.108,2.941,3.013,5243619.0,15943806.7504,90846,7939837.6807
1682035200000,3.013,3.036,2.825,2.875,4928381.7,14567729.7352,88479,7155011.1571
1682121600000,2.876,2.979,2.871,2.966,2230984.5,6530872.1714,45620,3155047.4729
1682208000000,2.966,2.968,2.836,2.914,2969503.8,8648969.6916,57108,4375147.0674
1682294400000,2.914,2.962,2.801,2.861,3903686.2,11230682.9836,74532,5505914.7270
1682380800000,2.862,2.944,2.777,2.932,3927052.7,11120425.2604,73257,5590793.5420
1682467200000,2.932,3.047,2.720,2.876,6893696.6,19989529.6765,116366,10004013.8441
1682553600000,2.875,2.962,2.820,2.899,5769275.6,16649095.6250,103594,8227451.9958
1682640000000,2.898,2.916,2.780,2.863,6109042.4,17403108.3233,97590,8623271.9891
1682726400000,2.863,2.907,2.849,2.901,3232843.8,9302145.2974,51764,4577558.3760
1682812800000,2.900,2.926,2.819,2.832,3101049.1,8924030.1273,50481,4267113.3741
1682899200000,2.833,2.884,2.761,2.792,5591562.3,15854270.6998,84386,7796816.2220
1682985600000,2.793,2.796,2.720,2.775,4858776.5,13412766.7752,72491,6731598.0501
1683072000000,2.776,2.856,2.686,2.835,6251910.6,17166040.2464,94677,8321578.0067
1683158400000,2.836,2.848,2.771,2.810,2860553.0,8044254.4414,54811,3995333.3668
1683244800000,2.811,2.882,2.786,2.861,3702770.2,10509506.7132,60713,5162164.5265
1683331200000,2.861,2.889,2.728,2.775,3714760.2,10409571.0048,61752,5155969.5945
1683417600000,2.775,2.778,2.700,2.717,3129667.6,8592806.7392,48766,4110083.4112
1683504000000,2.717,2.725,2.461,2.572,6581813.7,17064640.8380,96976,8444863.9979
1683590400000,2.573,2.633,2.541,2.608,3397106.7,8803745.8492,55865,4218004.4936
1683676800000,2.609,2.678,2.488,2.641,6480963.6,16947002.6263,85194,8430598.5079
1683763200000,2.640,2.644,2.483,2.539,5612053.0,14460000.0978,78635,7201229.0765
1683849600000,2.540,2.599,2.465,2.599,5962978.0,15099898.6504,85475,7476506.6481
1683936000000,2.598,2.602,2.519,2.538,2222888.5,5675350.8505,42008,2798239.0804
1684022400000,2.539,2.579,2.514,2.560,2192424.6,5579514.6910,43683,2907338.2196
1684108800000,2.561,2.640,2.519,2.602,3911524.0,10159942.6868,62238,5044516.8984
1684195200000,2.601,2.653,2.562,2.605,4071941.7,10579853.4060,60896,5269279.0008
1684281600000,2.606,2.693,2.573,2.671,4000359.2,10515268.2811,56924,5168752.6906
1684368000000,2.671,2.675,2.578,2.624,3356644.2,8855278.6505,55310,4464931.7073
1684454400000,2.625,2.683,2.598,2.647,2929415.2,7754029.5327,44094,3679391.9216
1684540800000,2.647,2.657,2.612,2.638,1936280.8,5092711.8093,34401,2522771.5057
1684627200000,2.637,2.644,2.548,2.555,1980408.1,5138941.1882,34171,2398951.3404
1684713600000,2.555,2.662,2.514,2.633,6123772.9,15955358.4032,87052,7990756.5511
1684800000000,2.633,2.766,2.603,2.708,7338942.3,19826306.9861,82971,9720107.7279
1684886400000,2.709,2.784,2.615,2.732,11241400.6,30389069.5549,113284,15234888.5879
1684972800000,2.733,2.771,2.566,2.582,8559911.3,22633152.4488,108047,10899218.0700
1685059200000,2.583,2.626,2.560,2.600,4155777.4,10772347.4924,59518,5163274.2869
1685145600000,2.601,2.735,2.582,2.703,4819327.4,12703800.2310,63324,6364877.0485
1685232000000,2.702,2.812,2.689,2.773,6383662.1,17481229.6401,87405,8510180.7478
1685318400000,2.774,2.827,2.720,2.729,5458641.4,15139671.9991,70730,7502512.0814
1685404800000,2.730,2.748,2.688,2.697,2999701.8,8154398.6453,47354,4021992.2095
1685491200000,2.697,2.709,2.574,2.619,4320615.5,11333622.0410,68140,5332550.3926
1685577600000,2.619,2.624,2.540,2.578,3686628.7,9504746.3123,52382,4694724.8956
1685664000000,2.578,2.650,2.555,2.644,2432248.4,6354707.8960,39873,3033911.1961
1685750400000,2.645,2.690,2.625,2.669,1834999.8,4883078.5065,35421,2450169.9547
1685836800000,2.669,2.719,2.637,2.671,1406393.2,3772322.0058,28621,1830184.8629
1685923200000,2.671,2.679,2.373,2.459,4304744.8,10828806.3525,74124,5207974.8800
1686009600000,2.460,2.521,2.377,2.509,3377816.7,8264221.8492,54669,4124057.4924
1686096000000,2.510,2.510,2.341,2.371,3018337.3,7319363.6219,53448,3608614.0732
1686182400000,2.372,2.400,2.320,2.354,2390810.1,5647491.0372,45168,2832437.7651
1686268800000,2.355,2.374,2.311,2.340,3695472.2,8662081.0730,52215,4205450.2386
1686355200000,2.341,2.344,1.838,2.086,12530004.0,25616635.8295,158546,12713861.8817
1686441600000,2.085,2.143,2.062,2.113,2852138.8,5972885.3308,48290,3030951.3979
1686528000000,2.114,2.141,2.039,2.125,3271281.9,6825947.3299,56095,3392116.1072
1686614400000,2.125,2.194,2.100,2.123,2786590.4,5961921.6902,51754,3028952.5669
1686700800000,2.123,2.135,1.969,2.006,4556185.1,9388527.6456,67456,4601229.7222
1686787200000,2.007,2.081,2.001,2.057,4053017.7,8270547.6645,64873,4035413.0311
1686873600000,2.056,2.094,2.006,2.072,3066663.4,6285168.2270,50329,3142010.9167
1686960000000,2.072,2.152,2.060,2.080,2778977.4,5842880.4346,45373,2831082.2284
1687046400000,2.081,2.100,2.026,2.046,2913656.7,6042394.3589,43393,2951849.6701
1687132800000,2.047,2.078,2.023,2.058,2864222.2,5867322.5108,43715,2948100.8486
1687219200000,2.059,2.134,1.997,2.120,2819438.8,5822234.1466,46443,2741969.4759
1687305600000,2.120,2.312,2.115,2.244,6289005.8,13915153.8346,88837,6855093.6772
1687392000000,2.245,2.332,2.218,2.245,4212436.9,9580757.9616,66046,4863799.3596
1687478400000,2.245,2.477,2.242,2.400,10121090.3,23943466.1752,141271,11805507.5896
1687564800000,2.401,2.448,2.323,2.415,5323441.0,12737973.2164,86852,6255005.8786
1687651200000,2.415,2.461,2.372,2.410,3121783.5,7548530.8129,58144,3778618.2782
1687737600000,2.411,2.465,2.338,2.419,4505816.8,10790181.2606,78792,5350529.9009
1687824000000,2.420,2.532,2.394,2.483,5987704.5,14750906.0703,90576,7290170.9624
1687910400000,2.484,2.486,2.171,2.271,7167557.8,16654540.5078,96810,7621219.7238
1687996800000,2.272,2.353,2.263,2.316,2915584.6,6723214.6963,57928,3397609.2724
1688083200000,2.317,2.798,2.281,2.671,29373949.7,77023041.2877,371759,37398312.1343
1688169600000,2.671,3.477,2.670,2.991,195491104.6,625970014.4948,2051954,314499259.1852
1688256000000,2.990,3.037,2.775,2.845,54387718.8,155913769.3647,535782,77411633.6503
1688342400000,2.845,2.855,2.690,2.747,28666270.3,79572848.8578,295001,38804231.7221
1688428800000,2.747,3.059,2.726,2.815,55801236.0,163526540.2491,541919,80713653.9512
1688515200000,2.816,2.821,2.603,2.734,17402744.2,47153277.1707,193415,23055089.3212
1688601600000,2.734,2.956,2.700,2.731,27009384.3,75830787.7852,258070,37349716.5826
1688688000000,2.731,2.896,2.690,2.758,16565657.9,46211767.1285,171409,22808190.8459
1688774400000,2.758,2.845,2.742,2.839,8169148.4,22754021.7926,102513,11280057.0370
1688860800000,2.838,2.864,2.730,2.747,7039107.4,19583646.2957,95740,9333116.9274
1688947200000,2.747,2.838,2.647,2.790,11103733.2,30494022.2627,142807,15082947.5587
1689033600000,2.790,2.809,2.728,2.785,5343149.3,14805055.2957,83835,7384569.9240
1689120000000,2.786,2.837,2.692,2.737,6196978.6,17183580.8561,88929,8332785.2850
1689206400000,2.737,2.941,2.686,2.936,9586871.8,27093238.2218,129753,12924321.7498
1689292800000,2.936,2.990,2.700,2.795,9978547.8,28575001.8087,130549,14070613.3863
1689379200000,2.795,2.839,2.766,2.789,3095206.7,8647142.9778,62155,4265784.9998
1689465600000,2.789,2.806,2.677,2.688,3454858.2,9479320.9209,59362,4696787.2871
1689552000000,2.689,2.774,2.622,2.762,5812946.4,15786899.9857,95521,7728566.9685
1689638400000,2.763,2.799,2.660,2.712,3687550.8,10019904.7398,69007,5078335.2603
1689724800000,2.712,2.752,2.685,2.700,2915064.8,7929074.7599,60531,3884006.2886
1689811200000,2.701,2.793,2.673,2.719,4594093.2,12526675.9765,80122,6084424.8589
1689897600000,2.719,2.767,2.693,2.757,2949376.1,8053249.5833,63639,4065057.8592
1689984000000,2.757,2.878,2.679,2.712,6706034.3,18630978.3983,107256,8641955.3725
1690070400000,2.713,2.792,2.683,2.754,2982649.6,8199433.2094,68816,4061925.0806
1690156800000,2.755,2.762,2.528,2.591,4776377.7,12577450.7789,97008,6136557.8892
1690243200000,2.592,2.608,2.554,2.598,2474099.8,6394399.1417,62655,3249712.6626
1690329600000,2.599,2.600,2.506,2.556,4989254.1,12705680.0557,90555,6084956.1643
1690416000000,2.556,2.578,2.518,2.554,2850500.7,7272200.1229,64146,3548266.5127
1690502400000,2.554,2.605,2.533,2.560,3252394.2,8352571.5138,66197,4054485.7879
1690588800000,2.560,2.626,2.546,2.624,2387273.5,6149844.1345,50342,3103769.2298
1690675200000,2.625,2.712,2.525,2.608,9702994.4,25525809.4101,126150,12506332.2752
1690761600000,2.608,2.620,2.540,2.582,4902546.3,12669409.2346,87411,6113074.0816
1690848000000,2.582,2.757,2.500,2.747,52320941.7,141337296.2359,445587,72527487.7876
1690934400000,2.748,2.940,2.676,2.699,95604950.1,271637186.5902,666265,138738429.0528
1691020800000,2.699,2.802,2.581,2.626,26425813.0,70687259.7782,248226,35079473.7868
1691107200000,2.625,2.649,2.521,2.547,11091470.0,28631617.3397,129149,13829364.5989
1691193600000,2.547,2.557,2.494,2.531,6521614.7,16426303.5739,85918,8262051.1138
1691280000000,2.532,2.609,2.526,2.577,7727337.4,19903742.2742,99331,9769964.6407
1691366400000,2.578,2.608,2.450,2.539,7716457.6,19599780.2192,108651,9269471.5733
1691452800000,2.540,2.640,2.524,2.605,6300703.8,16213801.4388,90972,7958868.7385
1691539200000,2.605,2.622,2.574,2.610,3602870.2,9350071.4453,68809,4409138.0568
1691625600000,2.610,2.624,2.569,2.608,2836640.8,7367544.8254,67921,3520414.0127
1691712000000,2.609,2.643,2.606,2.634,2119045.7,5558901.8580,45188,2799318.0710
1691798400000,2.635,2.654,2.582,2.604,1680469.2,4399406.9172,40070,2111611.4925
1691884800000,2.605,2.608,2.550,2.564,1911054.0,4932169.3644,43919,2337653.7332
1691971200000,2.564,2.694,2.543,2.556,6129673.2,15952748.7521,87865,8038550.4058
1692057600000,2.556,2.560,2.311,2.424,5444294.8,13396962.3865,102318,6216555.1197
1692144000000,2.425,2.435,2.237,2.328,6475659.6,15191715.8831,99469,7331258.3378
1692230400000,2.328,2.342,1.864,2.088,14420479.3,30988155.7195,176429,15153034.9092
1692316800000,2.088,2.215,2.068,2.184,8212861.2,17596527.0352,111790,8829742.4819
1692403200000,2.183,2.248,2.162,2.231,3288423.7,7245121.7638,58422,3639291.9091
1692489600000,2.232,2.268,2.218,2.249,2335957.2,5250029.4885,41943,2506472.4395
1692576000000,2.248,2.255,2.141,2.198,3297845.2,7260907.0937,59712,3714820.6368
1692662400000,2.197,2.229,2.128,2.215,3806705.8,8309427.1722,67802,4122832.9203
1692748800000,2.215,2.273,2.187,2.245,4311755.0,9613655.0569,65099,4396967.0297
1692835200000,2.244,2.252,2.188,2.221,2260889.2,5033161.4744,47054,2525262.2480
1692921600000,2.220,2.220,2.152,2.204,3005392.8,6565990.0621,53909,3199335.0553
1693008000000,2.203,2.219,2.161,2.167,1307730.2,2866862.4377,29172,1453866.1684
1693094400000,2.166,2.177,2.141,2.167,1609080.3,3475410.4454,34770,1750748.2373
1693180800000,2.167,2.180,2.092,2.162,2543114.4,5444134.1784,50374,2705215.0137
1693267200000,2.162,2.321,2.105,2.268,5825264.7,12910998.2202,90013,6468630.2969
1693353600000,2.269,2.289,2.190,2.229,3216576.4,7203321.6206,53527,3452980.0482
1693440000000,2.230,2.262,2.117,2.161,4230827.1,9292610.9203,66716,4581465.9235
1693526400000,2.161,2.170,2.050,2.065,2976042.8,6245844.8911,49164,3026445.3446
1693612800000,2.066,2.091,2.043,2.084,2286688.9,4730540.1522,46204,2315879.1315
1693699200000,2.083,2.118,2.073,2.104,1758182.4,3686437.1242,35835,1821191.2688
1693785600000,2.104,2.167,2.081,2.114,2596938.8,5497136.3256,47173,2828244.2386
1693872000000,2.114,2.214,2.075,2.180,4628657.8,9924730.6417,65281,4826394.4024
1693958400000,2.181,2.217,2.101,2.160,3713570.1,8034841.6149,56039,3741420.8478
1694044800000,2.160,2.195,2.097,2.189,2311628.4,4964718.1429,39894,2511898.7969
1694131200000,2.190,2.204,2.114,2.144,2126889.3,4577170.7169,38967,2188751.9849
1694217600000,2.144,2.174,2.130,2.135,1419834.5,3056321.6785,26597,1430516.9901
1694304000000,2.136,2.139,2.036,2.075,3156945.6,6559602.1318,47574,3168876.4634
1694390400000,2.076,2.102,1.973,2.011,5077505.7,10336586.4857,71061,4977179.5919
1694476800000,2.011,2.109,2.005,2.057,3309140.8,6817957.5145,54254,3497183.2925
1694563200000,2.056,2.112,2.048,2.094,2737891.3,5693764.2853,47610,2780793.6391
1694649600000,2.094,2.218,2.079,2.159,5828901.5,12613981.4289,85416,6519536.9173
1694736000000,2.160,2.207,2.136,2.193,2654745.4,5743189.2816,46766,2909765.9872
1694822400000,2.194,2.257,2.187,2.209,4103460.5,9097533.6352,65008,4535027.9874
1694908800000,2.209,2.210,2.091,2.121,2572071.3,5517115.1486,45917,2666109.7014
1694995200000,2.120,2.230,2.094,2.187,3995999.1,8716423.0439,60090,4217977.7273
1695081600000,2.186,2.248,2.174,2.231,2162530.8,4796308.1230,42744,2311072.4993
1695168000000,2.231,2.238,2.172,2.227,4566261.6,10090481.2951,53898,4920080.5710
1695254400000,2.228,2.265,2.138,2.171,2847834.9,6267402.2149,50144,3059996.8672
1695340800000,2.171,2.226,2.168,2.220,3737298.7,8198990.9687,52622,4061369.2155
1695427200000,2.220,2.237,2.186,2.205,1382245.9,3050937.6512,32655,1514270.2390
1695513600000,2.205,2.221,2.152,2.170,2202836.4,4817808.8921,45741,2332141.7085
1695600000000,2.169,2.195,2.133,2.163,2106116.8,4558562.0415,42819,2303699.9774
1695686400000,2.163,2.174,2.099,2.132,1675689.3,3586900.7657,38526,1740943.6493
1695772800000,2.132,2.201,2.112,2.157,2348919.1,5057554.9340,41941,2535683.1601
1695859200000,2.158,2.254,2.153,2.230,3142116.1,6945426.2834,46964,3409255.0522
1695945600000,2.231,2.272,2.188,2.224,2926244.9,6523289.7851,48933,3138159.8623
1696032000000,2.224,2.245,2.202,2.229,1931270.6,4297981.4062,37125,2049759.6092
1696118400000,2.229,2.425,2.224,2.377,9242456.1,21741107.0997,115197,10828395.7843
1696204800000,2.377,2.435,2.262,2.270,9834900,23263596.4645,121323,11513115.5459
1696291200000,2.271,2.390,2.207,2.215,9650751.7,22236706.9508,108367,10977851.9036
1696377600000,2.216,2.251,2.142,2.234,4621046,10127448.6212,67204,4947386.8888
1696464000000,2.235,2.264,2.202,2.235,3091071.2,6907213.1747,60420,3248994.1393
1696550400000,2.236,2.282,2.190,2.267,2472187.9,5522879.5336,46840,2776314.6723
1696636800000,2.267,2.291,2.247,2.269,2683816.8,6091074.0303,49178,3037456.7662
1696723200000,2.269,2.274,2.223,2.254,2108231,4748964.7396,45722,2305062.2752
1696809600000,2.254,2.259,2.066,2.127,4389024.2,9446048.4359,74971,4534186.6054
1696896000000,2.127,2.179,2.102,2.123,3645383.3,7805088.4224,56581,3802037.7097
1696982400000,2.122,2.135,2.061,2.104,2718496.4,5688575.0300,47967,2823079.7270
1697068800000,2.103,2.127,2.042,2.121,2484239.5,5194568.0885,43412,2513815.3991
1697155200000,2.121,2.180,2.104,2.140,1936152.4,4134957.7099,36464,2095785.6649
1697241600000,2.140,2.162,2.132,2.147,1211985.8,2603390.0998,25025,1330680.5643
1697328000000,2.148,2.184,2.139,2.164,1793707.7,3878004.1589,33617,1937032.0813
1697414400000,2.164,2.287,2.157,2.206,4187619.1,9264465.5437,66536,4718679.3618
1697500800000,2.205,2.245,2.131,2.187,3388037.6,7444597.3582,47695,3620645.9689
1697587200000,2.186,2.229,2.145,2.158,2410647.7,5260030.1568,39013,2613183.4190
1697673600000,2.158,2.174,2.106,2.146,2753192.8,5874949.9435,42684,2829099.3970
1697760000000,2.145,2.278,2.121,2.247,3334278,7395774.5899,46466,3696658.3726
1697846400000,2.246,2.341,2.241,2.307,3076516.2,7055388.0586,47157,3610067.3301
1697932800000,2.307,2.330,2.247,2.308,3053510.5,6975224.8990,53206,3430532.6992
1698019200000,2.310,2.488,2.305,2.462,7741855.5,18481065.2036,120192,9299226.8738
1698105600000,2.461,2.523,2.359,2.471,7096168.7,17355546.6826,123019,8547782.1730
1698192000000,2.471,2.502,2.371,2.454,4815698.1,11781011.5791,77295,5790674.7020
1698278400000,2.455,2.527,2.331,2.516,6969081.4,17055757.6598,103292,8807157.6765
1698364800000,2.517,2.775,2.414,2.758,15954054.7,41695533.3212,217345,21763653.8700
1698451200000,2.758,3.329,2.717,3.096,93298752.8,288594126.9893,1014461,145451247.0948
1698537600000,3.097,3.171,2.916,3.024,30645400.5,92362349.7520,353197,45523532.8107
1698624000000,3.024,3.118,2.951,3.054,13986439.2,42404536.9266,221429,20264059.0760
1698710400000,3.055,3.169,2.835,3.165,14259800.7,42717247.9140,214814,21767931.4859
1698796800000,3.166,3.569,3.045,3.499,21277008.1,69885943.7297,362197,34597306.1397
1698883200000,3.499,3.532,3.171,3.197,16509539.5,55203223.9915,262942,26434746.5264
1698969600000,3.197,3.199,2.951,3.080,11979994.7,36540977.3081,194470,18184880.8068
1699056000000,3.080,3.334,2.880,3.076,20253292.2,63530219.4848,322522,30862136.8482
1699142400000,3.076,3.456,2.994,3.125,25674466.9,81861589.2552,390949,41241470.9824
1699228800000,3.124,3.260,3.070,3.188,11618590.8,36812638.4677,201924,17472828.2517
1699315200000,3.187,3.211,2.972,3.086,8385838.5,25948901.3086,153139,12191109.1539
1699401600000,3.085,3.168,3.032,3.147,4505696.7,13968008.4221,90708,6695316.1853
1699488000000,3.146,3.318,2.713,3.076,15502061.2,48329980.3397,275731,22605202.2896
1699574400000,3.076,3.442,3.056,3.269,14348425.7,46127332.2221,248420,23110741.7629
1699660800000,3.269,3.347,3.075,3.175,9578901.9,30598112.1004,183633,14692707.2917
1699747200000,3.175,3.284,3.032,3.225,6317377,20019771.0330,144377,9480684.4568
1699833600000,3.225,3.297,3.061,3.095,7167909.5,22754238.2517,162153,10909815.6315
1699920000000,3.096,3.204,2.955,3.090,8800994.8,27377989.8823,172483,13049993.7847
1700006400000,3.090,3.240,3.065,3.239,5970303.4,18935201.5393,128134,9243320.1275
1700092800000,3.239,3.287,3.011,3.088,7994402.8,25211613.8782,167250,12100956.3968
1700179200000,3.088,3.211,2.960,3.151,8573365.2,26628590.6059,177518,12593790.8733
1700265600000,3.151,3.175,2.956,3.046,6419007.3,19680839.9028,118881,9771438.6385
1700352000000,3.047,3.119,2.950,3.108,3606615.2,10906828.9697,81815,5385433.8887
1700438400000,3.108,3.240,3.078,3.194,6775945.2,21516626.7894,141675,10413562.6081
1700524800000,3.194,3.243,2.861,2.884,8779394,26885245.2795,178279,12714810.7865
1700611200000,2.884,3.093,2.856,3.060,4855331.2,14581167.5043,86592,7097414.9440
1700697600000,3.061,3.092,2.997,3.069,2714620.9,8278412.4746,59670,4054702.0319
1700784000000,3.069,3.157,3.062,3.145,3848437.1,11994349.8297,77109,5680367.6982
1700870400000,3.145,3.370,3.116,3.365,12449592.1,40973058.2967,209657,20253805.1044
1700956800000,3.366,3.370,3.124,3.210,8369281.6,27145927.6141,128499,12388109.2731
1701043200000,3.211,3.232,2.967,3.044,6771992.1,20797861.1793,118226,9840854.7723
1701129600000,3.044,3.088,2.944,3.058,3135131.4,9480670.2047,74406,4359717.6603
1701216000000,3.058,3.078,3.003,3.040,2453285.3,7458167.5651,69792,3757793.5203
1701302400000,3.040,3.050,2.985,3.029,2445114.3,7371747.9006,61879,3491306.0693
1701388800000,3.029,3.070,3.001,3.061,2079898.8,6334538.2925,54366,2924217.1210
1701475200000,3.061,3.154,3.048,3.142,2773750.1,8612308.6340,62542,4127907.9555
1701561600000,3.142,3.233,3.078,3.131,4420951.9,13919199.4660,101657,6739357.4976
1701648000000,3.132,3.205,2.940,3.156,7927469.1,24760459.2296,134785,11745954.1115
1701734400000,3.157,3.240,3.061,3.216,7915126.1,24973011.3809,138163,12346036.9547
1701820800000,3.216,3.265,3.104,3.208,10072006.9,32259331.5437,162574,15260594.1197
1701907200000,3.208,3.348,3.140,3.306,9767188.2,31737830.8718,158909,15478146.8182
1701993600000,3.306,3.454,3.246,3.440,7063739.1,23692565.6242,126347,11550230.6772
1702080000000,3.440,3.589,3.403,3.494,11570710.2,40653299.0357,199270,19553044.1995
1702166400000,3.494,3.606,3.333,3.447,9481849.3,32928161.8233,153672,15808765.9617
1702252800000,3.447,3.467,2.850,3.119,12799077.3,40427465.8996,214665,18954803.2576
1702339200000,3.119,3.171,3.056,3.141,5751124.1,18002008.8190,102953,8801347.9106
1702425600000,3.140,3.217,3,3.186,7558504.9,23535082.7165,129327,11465256.2395
1702512000000,3.186,3.264,3.062,3.244,4756327.3,15156975.3677,101591,7133349.1079
1702598400000,3.245,3.255,3.086,3.110,3643942.7,11606482.4882,88131,5645868.2174
1702684800000,3.110,3.226,3.078,3.194,2912849.4,9248757.8108,78408,4500174.2874
1702771200000,3.193,3.221,3.112,3.126,3651981.8,11579268.2344,81001,5852465.2461
1702857600000,3.126,3.148,2.863,3.087,5910864.4,17751959.2612,107094,8475051.8832
1702944000000,3.086,3.138,3.013,3.050,3172504.8,9768361.0168,66813,4831978.3378
1703030400000,3.050,3.221,3.020,3.153,4221382.5,13245458.4195,82046,6277195.9666
1703116800000,3.152,3.405,3.139,3.316,11848461.4,38971207.7062,188529,19402942.3448
1703203200000,3.317,3.347,3.211,3.331,6366349.5,20882079.6764,107063,9904024.2436
1703289600000,3.332,3.355,3.213,3.315,3852891.9,12614613.5829,76922,5841839.2537
1703376000000,3.315,3.348,3.137,3.198,8052413.5,26176271.1611,134291,12462132.1023
1703462400000,3.199,3.426,3.169,3.393,8982670.5,30075272.4739,149528,14535090.6274
1703548800000,3.394,3.484,3.111,3.369,11338105.7,37912765.5053,173541,18430028.3423
1703635200000,3.370,3.725,3.231,3.634,15011887.1,53067666.2428,267667,26419810.9486
1703721600000,3.634,3.766,3.449,3.499,17605300.7,63585026.0273,294332,30192886.2200
1703808000000,3.500,3.532,3.269,3.377,8882400.3,30281916.1040,160956,14449555.3613
1703894400000,3.378,3.553,3.346,3.535,9367108.3,32415656.7314,164470,15598645.7259
1703980800000,3.535,3.854,3.497,3.720,23085632.6,84655252.5328,412730,40662932.7241
1704067200000,3.721,3.788,3.550,3.703,8490967.7,30901240.3153,171204,15359151.1964
1704153600000,3.703,3.770,3.609,3.712,8831938.8,32491387.3064,166693,15148812.5423
1704240000000,3.713,3.759,2.700,3.253,14603917.5,48918908.7312,324620,22732661.7417
1704326400000,3.253,3.292,3.134,3.248,7088179.4,22766775.9926,122913,11069180.0662
1704412800000,3.248,3.275,3.000,3.144,7274210.4,22638725.4893,131588,11067150.9231
1704499200000,3.145,3.191,2.941,3.186,6255130.5,19224742.1295,112094,9732690.2051
1704585600000,3.185,3.204,2.923,2.969,6005573.1,18494449.4642,114246,8869674.8032
1704672000000,2.969,3.115,2.741,3.107,8572465.7,25141223.9337,141127,12244411.4516
1704758400000,3.107,3.143,2.866,3.000,8345008.7,24880055.6290,136024,11947761.7414
1704844800000,3.001,3.220,2.881,3.170,9115572.0,27403915.5859,145282,13402345.6311
1704931200000,3.170,3.436,3.145,3.313,9505803.5,31289668.5702,165645,15444701.2710
1705017600000,3.314,3.449,3.011,3.125,9416835.4,30946052.6398,173990,15316398.4906
1705104000000,3.126,3.154,3.027,3.117,3311044.8,10312989.7992,70804,5151904.4182
1705190400000,3.116,3.164,3.025,3.035,3955021.9,12265717.2812,78907,5961880.5244
1705276800000,3.035,3.146,3.032,3.100,3584725.8,11111643.1305,71777,5331700.5373
1705363200000,3.099,3.181,3.056,3.142,3541595.5,11077904.4575,61537,5231066.9549
1705449600000,3.143,3.203,3.053,3.130,4883256.0,15271735.3475,73454,7394667.7175
1705536000000,3.130,3.186,2.941,2.992,5075154.7,15616782.9830,84315,7594827.8102
1705622400000,2.992,3.075,2.847,3.051,6936076.6,20573202.4025,107452,10397135.8925
1705708800000,3.051,3.081,3.003,3.068,2571043.6,7813129.6674,49588,3555119.6568
1705795200000,3.068,3.100,3.009,3.019,1807967.9,5538463.3095,43576,2674561.7109
1705881600000,3.020,3.050,2.808,2.849,5534040.6,16163907.9442,101298,7975622.0167
1705968000000,2.848,2.903,2.648,2.829,6656012.8,18358396.8624,108979,9209244.0271
1706054400000,2.830,2.879,2.785,2.873,4205132.5,11937204.2872,64991,5789035.7837
1706140800000,2.873,2.885,2.759,2.806,4335472.8,12215305.2875,75755,5798653.0741
1706227200000,2.807,2.930,2.774,2.905,2840356.6,8123814.2822,51713,4026315.3877
1706313600000,2.905,2.957,2.898,2.929,2002786.4,5867492.2176,43000,2881648.9937
1706400000000,2.929,2.974,2.847,2.892,2128971.0,6202905.3655,50762,3141190.9034
1706486400000,2.891,2.960,2.848,2.954,2405370.3,6994281.0587,56384,3536383.8472
1706572800000,2.954,2.978,2.879,2.899,4325680.0,12710270.0242,71506,6325257.2059
1706659200000,2.899,2.949,2.791,2.825,5701228.2,16378995.2289,95043,8057897.8208
1706745600000,2.825,2.870,2.774,2.855,3466510.2,9808251.8819,68524,4900771.6222
1706832000000,2.855,2.897,2.834,2.897,1970804.9,5645357.0019,42887,2756785.0371
1706918400000,2.897,2.927,2.882,2.903,1722898.8,5005139.9835,39740,2399095.3496
1707004800000,2.902,2.903,2.812,2.831,2197074.2,6287889.5519,44438,2917360.4203
1707091200000,2.831,2.874,2.787,2.828,2475261.6,7003556.4785,45365,3484298.3531
1707177600000,2.829,2.870,2.809,2.842,1891753.4,5373625.9129,35596,2642247.8663
1707264000000,2.843,2.914,2.810,2.910,2618511.7,7495816.1653,49924,3725588.6136
1707350400000,2.909,2.974,2.901,2.937,1951600.4,5721108.6032,37367,2895323.6302
1707436800000,2.936,3.026,2.936,3.012,3348597.1,9997027.1671,57350,4921749.1239
1707523200000,3.012,3.036,2.932,3.002,2127053.5,6363264.5552,40043,3239256.9083
1707609600000,3.001,3.042,2.964,2.997,1820946.2,5471952.6781,34356,2715128.2081
1707696000000,2.997,3.077,2.950,3.065,2831490.2,8544695.2389,56938,4330767.0908
1707782400000,3.065,3.085,2.941,3.038,3631554.6,10968102.3683,63415,5454865.8038
1707868800000,3.039,3.117,3.005,3.106,2695773.7,8296951.2616,52905,4020088.2463
1707955200000,3.105,3.585,3.090,3.326,27462909.2,91376141.6086,434844,45210767.0681
1708041600000,3.326,3.466,3.263,3.345,10639846.2,35816208.7350,169308,16928655.9117
1708128000000,3.346,3.354,3.172,3.306,5629975.6,18381756.1482,104205,9367695.7958
1708214400000,3.307,3.418,3.268,3.316,5433792.6,18032674.7157,90767,8901212.4272
1708300800000,3.317,3.405,3.290,3.373,5276320.7,17675296.7693,100164,8553134.9717
1708387200000,3.373,3.424,3.104,3.367,7866280.0,26058667.8708,146924,12523517.3118
1708473600000,3.369,3.425,3.188,3.298,5891523.5,19374613.8633,108897,9252377.9863
1708560000000,3.298,3.390,3.187,3.260,6257769.7,20600994.5180,106450,10162347.8974
1708646400000,3.260,3.299,3.131,3.212,4316257.5,13911280.2985,101869,6802830.2412
1708732800000,3.211,3.313,3.162,3.287,3056017.9,9966148.5551,65574,4828605.3754
1708819200000,3.288,3.510,3.258,3.437,12496511.9,42446330.7518,206716,21108055.1924
1708905600000,3.436,3.458,3.275,3.437,7329841.7,24756164.1237,134227,11691724.7768
1708992000000,3.437,3.600,3.359,3.462,10551008.9,36657636.2569,190765,17679524.9431
1709078400000,3.461,3.857,3.318,3.569,19275519.5,68686584.8051,369103,33802806.1108
1709164800000,3.569,3.868,3.536,3.658,13045366.6,48433879.3717,287426,23730123.8154
1709251200000,3.660,3.939,3.657,3.932,7781034.0,29559114.9404,196657,14219184.0829
1709337600000,3.932,4.358,3.923,4.352,12128343.3,49905983.3963,320603,24681419.7215
1709424000000,4.353,4.401,3.626,4.191,9942326.3,41009497.7515,271385,19082494.9546
1709510400000,4.192,6.218,4.129,5.275,109118597.9,610812958.5621,2438112,303674427.8133
1709596800000,5.276,6.100,4.182,4.893,56188273.6,305171737.6348,1603141,147796844.7832
1709683200000,4.894,5.061,4.543,5.040,17309473.1,83633859.8757,483825,41741274.8228
1709769600000,5.041,5.095,4.719,5.028,11508616.9,56343444.7139,320369,26590067.7152
1709856000000,5.029,5.263,4.734,5.063,12457743.9,62715291.2136,383071,29901074.1873
1709942400000,5.063,5.349,5.016,5.214,9156984.4,47450976.1363,282546,23449983.3974
1710028800000,5.215,5.430,4.881,5.006,9953220.0,50971921.4691,284814,24400909.9327
1710115200000,5.006,5.310,4.712,5.262,9862107.8,50318820.8353,310623,23850715.0304
1710201600000,5.263,5.382,4.874,5.367,12218696.8,63371458.6448,383778,30847242.9113
1710288000000,5.366,5.550,5.258,5.481,8565922.7,46427908.0512,274286,22172605.6853
1710374400000,5.482,5.497,4.861,5.184,9691752.6,50409463.5998,331440,24165823.8565
1710460800000,5.184,5.245,4.437,4.975,17677514.5,85571085.9887,579786,42074628.0672
1710547200000,4.975,5.104,4.345,4.448,9963633.5,46729339.1342,324483,23061866.7929
1710633600000,4.448,4.678,4.128,4.616,6481074.5,28640849.0330,213051,13684805.2885
1710720000000,4.615,4.707,4.255,4.346,6288100.8,28124181.0176,209367,13741531.7682
1710806400000,4.346,4.399,3.787,3.870,11549568.8,46266821.3816,335275,22656795.3117
1710892800000,3.870,4.295,3.713,4.267,8617210.7,34274662.1362,227555,16832256.8112
1710979200000,4.266,4.346,4.151,4.260,5304862.5,22555198.3992,147432,11184948.0255
1711065600000,4.258,4.330,3.992,4.142,5157554.2,21423679.5104,151562,10617932.6015
1711152000000,4.142,4.374,4.099,4.269,4057563.9,17323076.7088,109317,8738466.9652
1711238400000,4.268,4.442,4.258,4.431,4651813.3,20258784.8860,113061,10173594.6755
1711324800000,4.430,4.609,4.343,4.549,3766525.2,16845929.8524,124114,8386146.7972
1711411200000,4.549,4.891,4.535,4.775,5779411.7,27412550.3361,164699,13385890.1057
1711497600000,4.775,4.829,4.491,4.581,5360812.1,24844119.1760,156801,11977892.0576
1711584000000,4.582,4.873,4.459,4.842,4852477.5,22680380.1732,144647,11124165.8251
1711670400000,4.843,4.969,4.671,4.911,6226918.3,30041213.0430,173719,14807231.9549
1711756800000,4.911,4.911,4.672,4.716,2596276.9,12416832.4598,87822,6172117.5133
1711843200000,4.717,4.908,4.687,4.895,2094567.9,10045065.0431,81900,4905168.2402
1711929600000,4.896,4.944,4.378,4.503,5135843.1,23610605.3036,163030,11250739.8243
1712016000000,4.503,4.507,4.057,4.173,5556671.8,23428102.6430,148486,11458304.3190
1712102400000,4.173,4.274,4.022,4.104,4746134.3,19782992.8924,118423,9443349.5845
1712188800000,4.104,4.362,4.031,4.263,3266673.4,13798892.5079,103822,6999091.2606
1712275200000,4.263,4.307,4.070,4.232,3875340.6,16273536.9053,113824,8066081.1139
1712361600000,4.232,4.367,4.201,4.323,1883418.3,8094035.0413,69426,3921653.7416
1712448000000,4.322,4.402,4.305,4.363,2042451.9,8902023.2132,61533,4453736.2050
1712534400000,4.362,5.196,4.248,5.085,21213765.4,104419625.0738,438845,51747000.5595
1712620800000,5.086,5.146,4.537,4.551,13270098.0,64675143.4545,309932,32381062.5844
1712707200000,4.552,5.286,4.506,5.084,40165164.0,199781247.1232,737181,99899626.1822
1712793600000,5.085,5.533,4.956,5.166,35851434.0,189450709.0068,640754,94433299.2823
1712880000000,5.166,5.732,4.083,4.592,39413846.2,200297824.7344,755607,96690552.9287
1712966400000,4.590,4.713,3.260,3.750,28406312.3,118532505.8196,631372,57539488.9505
1713052800000,3.749,4.297,3.511,4.276,25594807.0,97460092.7050,498475,48756216.3451
1713139200000,4.276,4.743,3.923,4.164,28837639.7,125044740.9000,558654,62324036.5462
1713225600000,4.165,4.216,3.811,4.000,17605639.3,69718403.1426,353308,34610170.8926
1713312000000,4.000,4.044,3.654,3.755,13561458.2,51797392.9493,276728,25671891.1981
1713398400000,3.755,4.095,3.585,4.011,14680407.9,56361618.6556,304380,27983993.0914
1713484800000,4.011,4.246,3.693,4.019,20105046.9,80997069.6208,391732,40032317.9780
1713571200000,4.018,4.279,3.946,4.207,5434117.6,22190066.8444,142861,10583035.3989
1713657600000,4.208,4.336,4.085,4.202,7754282.7,32629994.7182,176334,16227086.2743
1713744000000,4.201,4.387,4.168,4.318,7577916.2,32648302.8454,190613,16035746.6711
1713830400000,4.318,4.495,4.188,4.219,7009232.6,30227344.4190,178785,14759041.9514
1713916800000,4.218,4.288,3.958,4.019,7954946.0,32866764.6611,169818,15815823.5162
1714003200000,4.019,4.078,3.878,4.002,5211103.8,20720625.3254,128698,9990867.3196
1714089600000,4.002,4.065,3.858,3.979,5438708.1,21642442.9370,132180,10688145.4898
1714176000000,3.980,4.016,3.780,3.962,4103296.8,16085108.1975,100256,7823275.4076
1714262400000,3.962,4.136,3.923,3.948,4296387.3,17337650.5620,98814,8605293.7063
1714348800000,3.948,4.188,3.812,4.039,9896863.1,39402454.8336,189659,19892969.2124
1714435200000,4.040,4.076,3.591,3.678,7724400.7,29324710.9354,174571,14177597.3346
1714521600000,3.678,3.697,3.339,3.567,8319390.4,29085896.5800,166740,14337099.8307
1714608000000,3.567,3.621,3.405,3.568,4019170.8,14061269.5038,91508,6935846.2833
1714694400000,3.569,3.813,3.525,3.746,3240652.5,11824655.1947,83685,5964992.2809
1714780800000,3.745,3.814,3.716,3.729,2621694.3,9848200.7591,64233,4922132.1117
1714867200000,3.729,3.812,3.653,3.759,3155355.0,11786144.1800,68610,5642582.8419
1714953600000,3.760,3.905,3.664,3.688,3537013.3,13345508.4143,89004,6521378.6622
1715040000000,3.687,3.766,3.588,3.595,2672850.9,9848355.1463,72454,4747472.3700
1715126400000,3.595,3.643,3.498,3.510,3986297.2,14264127.3033,89914,7347402.3027
1715212800000,3.510,3.644,3.441,3.615,3214767.2,11394412.6226,77562,5546634.3501
1715299200000,3.614,3.975,3.508,3.577,19720776.0,73934829.2209,303175,36857721.2335
1715385600000,3.577,3.659,3.487,3.495,4928081.7,17499916.2933,91814,8633727.7199
1715472000000,3.495,3.552,3.446,3.467,2560212.5,8954471.5642,56694,4199581.1906
1715558400000,3.468,3.639,3.313,3.606,4588606.8,16017473.4761,106810,7982443.4836
1715644800000,3.606,3.671,3.421,3.433,5339680.0,18893169.0456,101109,9358379.3897
1715731200000,3.434,3.675,3.414,3.631,2811339.4,9943418.2484,66274,4866985.0120
1715817600000,3.632,3.671,3.523,3.599,2416669.0,8714008.3087,56797,4303887.4368
1715904000000,3.599,3.754,3.568,3.688,2807092.3,10338722.6123,64561,4841994.0460
1715990400000,3.688,3.750,3.658,3.705,1710565.9,6338043.6993,40794,3209769.4007
1716076800000,3.704,3.733,3.541,3.571,1559881.3,5682227.3102,41153,2835308.4969
1716163200000,3.571,3.888,3.512,3.882,3764960.2,13988583.7663,79101,6920251.5042
1716249600000,3.882,3.996,3.812,3.905,6178227.6,24075224.3567,102804,11852618.6166
1716336000000,3.905,3.913,3.745,3.819,3356474.6,12884916.1934,71228,6023008.2211
1716422400000,3.819,3.856,3.476,3.709,5734212.7,21230484.6471,113614,10405485.7846
1716508800000,3.709,3.793,3.602,3.775,3894695.4,14459153.8308,89840,7368919.1151
1716595200000,3.774,3.809,3.754,3.774,1458571.5,5508134.7750,40034,2729874.4310
1716681600000,3.774,3.778,3.663,3.694,1802037.9,6709221.1462,49408,3278441.5070
1716768000000,3.693,3.855,3.658,3.817,4229539.8,15986999.8898,88183,8187280.6776
1716854400000,3.817,3.824,3.681,3.734,3782552.4,14143495.9007,101012,6792853.4688
1716940800000,3.734,3.799,3.655,3.665,2656912.2,9913553.9003,74513,4758946.8583
1717027200000,3.666,3.717,3.529,3.580,3135813.9,11341015.5167,79474,5523942.9653
1717113600000,3.580,3.582,3.455,3.500,2739301.0,9656953.2833,67760,4818711.0810
1717200000000,3.500,3.522,3.474,3.487,1399975.5,4903010.7634,31125,2653462.3584
1717286400000,3.487,3.518,3.412,3.432,2362848.3,8200726.0522,51225,3985586.5712
1717372800000,3.433,3.540,3.406,3.470,2937769.9,10260806.6005,65812,4766544.3628
1717459200000,3.471,3.538,3.432,3.538,1834648.4,6392947.5284,52612,3217409.9345
1717545600000,3.538,3.630,3.523,3.590,4771381.3,17061046.5529,82472,8457795.8708
1717632000000,3.590,3.614,3.496,3.552,2470477.1,8809400.9261,52595,4051380.1494
1717718400000,3.551,3.647,2.936,3.287,7404378.4,24709859.2996,141413,11253319.4193
1717804800000,3.287,3.293,3.073,3.102,2814282.7,8904783.1815,57964,4321127.7554
1717891200000,3.101,3.164,3.074,3.157,1345974.4,4202516.7236,34540,1992314.7795
1717977600000,3.158,3.192,3.055,3.114,2234170.5,6982893.9843,50391,3291592.5067
1718064000000,3.114,3.121,2.894,2.961,3455591.8,10369441.3708,71441,5130622.2825
1718150400000,2.962,3.131,2.898,3.069,3361928.1,10253093.3769,69479,5082977.1154
1718236800000,3.069,3.095,2.952,2.967,3219034.0,9758255.8230,67923,4797323.3439
1718323200000,2.968,3.028,2.800,2.880,2856897.5,8324461.5896,64887,4025205.0969
1718409600000,2.881,2.963,2.873,2.950,1024696.6,2995644.1249,30678,1529039.6880
1718496000000,2.950,3.002,2.898,2.976,1295067.8,3823002.2715,33823,1889462.9657
1718582400000,2.977,2.989,2.660,2.733,4128602.1,11594180.4603,76763,5660408.7456
1718668800000,2.733,2.750,2.337,2.515,6792352.6,17045267.6135,102401,8119716.9782
1718755200000,2.515,2.584,2.480,2.523,2615199.8,6641460.1182,43246,3315235.0020
1718841600000,2.522,2.634,2.488,2.533,2641945.7,6764472.9524,55079,3319488.6641
1718928000000,2.534,2.592,2.502,2.544,2320673.6,5915628.7141,51007,2901307.9798
1719014400000,2.544,2.561,2.518,2.550,730460.3,1858627.2724,23286,985898.8312
1719100800000,2.552,2.605,2.496,2.506,1257262.3,3207395.6572,31357,1638480.3673
1719187200000,2.506,2.531,2.331,2.498,3782455.2,9257477.4247,64025,4556643.0668
1719273600000,2.498,2.603,2.492,2.579,1614445.9,4124724.5682,39440,2066080.6560
1719360000000,2.579,2.613,2.509,2.566,1138621.8,2918073.1442,31835,1405072.7219
1719446400000,2.566,2.629,2.520,2.607,1300041.3,3362242.4879,35238,1713043.9064
1719532800000,2.607,2.664,2.559,2.571,1833019.8,4792511.2013,50254,2449743.9909
1719619200000,2.572,2.616,2.506,2.514,951068.3,2435279.3123,33032,1230405.4858
1719705600000,2.513,2.625,2.487,2.617,1362532.7,3471948.4263,44013,1731853.2225
1719792000000,2.618,2.651,2.543,2.561,1660859.6,4311120.7408,49056,2225489.4996
1719878400000,2.561,2.592,2.528,2.583,1409711.9,3615808.8404,37502,1663078.3456
1719964800000,2.583,2.585,2.425,2.454,1795695.8,4488269.1698,45864,2268508.2101
1720051200000,2.454,2.471,2.145,2.166,4051983.0,9306710.2903,66424,4551126.0368
1720137600000,2.165,2.185,1.881,2.164,11531098.6,23418346.7623,112984,11491901.7343
1720224000000,2.164,2.291,2.135,2.278,2605299.7,5743253.4014,43466,2849743.5914
1720310400000,2.278,2.279,2.095,2.110,3326198.7,7313245.5761,53444,3606436.9026
1720396800000,2.110,2.258,2.023,2.179,4968739.0,10667209.9082,62854,5370324.9478
1720483200000,2.178,2.254,2.165,2.249,1876400.0,4151021.3549,34460,2082151.8364
1720569600000,2.248,2.303,2.217,2.264,1231870.7,2789515.3242,31319,1517561.7047
1720656000000,2.265,2.337,2.231,2.246,1517562.4,3464637.7564,39677,1792364.1138
1720742400000,2.245,2.326,2.228,2.322,1507623.5,3432542.6960,36008,1669237.7763
1720828800000,2.323,2.395,2.307,2.355,1742789.8,4088691.9969,35705,2060899.2750
1720915200000,2.355,2.458,2.347,2.442,4682391.5,11173147.2100,56008,5229562.0892
1721001600000,2.442,2.571,2.441,2.567,2036229.6,5061171.8972,41229,2495801.1295
1721088000000,2.568,2.604,2.460,2.566,2741111.4,6974745.9957,56755,3448178.6368
1721174400000,2.565,2.747,2.560,2.648,5105064.2,13673432.9262,84665,6773408.4156
1721260800000,2.649,2.835,2.603,2.668,7490568.4,20330658.5325,111931,10194091.0353
1721347200000,2.668,2.759,2.569,2.754,3186970.9,8470515.8554,56159,4165491.3538
1721433600000,2.754,2.811,2.678,2.732,2798352.9,7649419.4938,49791,3583067.2522
1721520000000,2.731,2.806,2.617,2.793,2757248.3,7542216.7128,53740,3589906.7126
1721606400000,2.794,2.815,2.666,2.668,1524848.6,4139212.9498,41277,1932855.2973
1721692800000,2.668,2.744,2.538,2.600,3449803.1,9131917.5049,61412,4611366.2942
1721779200000,2.600,2.704,2.575,2.599,2354580.1,6221500.3546,44474,2900211.6751
1721865600000,2.598,2.612,2.373,2.464,3267845.2,8093269.0801,56377,3931504.5014
1721952000000,2.464,2.598,2.463,2.588,1226989.0,3101760.1139,28239,1520677.0851
1722038400000,2.588,2.777,2.586,2.723,7035607.8,19057215.2528,88498,9698571.8361
1722124800000,2.723,2.769,2.644,2.697,5518859.7,14919991.4010,85183,7259344.6959
1722211200000,2.696,2.792,2.683,2.743,3293620.8,9019644.7642,59053,4253236.7401
1722297600000,2.743,2.777,2.624,2.674,2805584.9,7624777.7686,52505,3640537.3676
1722384000000,2.673,2.710,2.553,2.560,2794927.8,7370428.9691,52702,3613914.9223
1722470400000,2.560,2.582,2.343,2.529,5094904.8,12483997.3599,68517,6191930.8104
1722556800000,2.529,2.537,2.310,2.339,3172276.7,7651560.5619,62465,3720766.3652
1722643200000,2.338,2.353,2.142,2.189,4970435.9,11084281.8318,72769,5419326.4079
1722729600000,2.189,2.230,2.025,2.136,3889467.8,8327019.1024,62651,3969169.5630
1722816000000,2.136,2.160,1.767,1.990,15542043.8,30118835.8231,177308,15009088.3938
1722902400000,1.991,2.099,1.987,2.062,4333289.0,8896113.2672,66261,4407503.9061
1722988800000,2.062,2.130,2.002,2.045,3998404.7,8241035.5127,63171,4085735.7326
1723075200000,2.045,2.257,2.004,2.249,3066325.6,6558459.6264,52733,3322637.8681
1723161600000,2.249,2.251,2.165,2.226,2077985.0,4590420.6728,37701,2323641.9546
1723248000000,2.225,2.259,2.208,2.241,1350206.8,3021182.3809,28003,1593039.4036
1723334400000,2.240,2.285,2.097,2.113,1954197.5,4282180.1542,37505,2125673.8949
1723420800000,2.113,2.240,2.106,2.205,2881426.8,6268847.7077,54241,3222838.1009
1723507200000,2.206,2.262,2.155,2.232,2010216.4,4444297.0294,38007,2224814.6966
1723593600000,2.232,2.446,2.231,2.343,17926939.5,42125068.4873,221771,21489481.6462
1723680000000,2.343,2.343,2.178,2.228,7509283.4,17002748.9904,108669,8032718.0228
1723766400000,2.229,2.292,2.164,2.224,5475304.3,12200115.1611,82890,5880139.3319
1723852800000,2.223,2.239,2.184,2.232,2145243.9,4748783.4820,50241,2120476.1596
1723939200000,2.233,2.252,2.201,2.216,1260022.2,2810426.5851,31589,1384229.5787
1724025600000,2.217,2.342,2.196,2.334,3565029.1,8159503.6854,61831,4074383.5314
1724112000000,2.335,2.466,2.322,2.404,4465470.1,10746815.7346,81288,5355603.4970
1724198400000,2.403,2.525,2.359,2.511,2578995.4,6283215.2908,52946,2877886.1877
1724284800000,2.511,2.534,2.476,2.517,1659484.8,4153934.0096,37881,1927311.5687
1724371200000,2.517,2.649,2.483,2.628,2330561.0,5932419.1840,54773,3022365.8979
1724457600000,2.628,2.708,2.610,2.656,1695986.2,4517703.4435,42835,2296944.7411
1724544000000,2.657,2.681,2.553,2.650,1395090.2,3661218.5188,40344,1879651.6857
1724630400000,2.649,2.665,2.487,2.494,1620686.5,4170053.5856,45799,2020346.8399
1724716800000,2.493,2.534,2.283,2.346,2065677.4,5012414.3193,47719,2530277.7054
1724803200000,2.346,2.395,2.237,2.291,2416909.6,5600865.0406,53611,2767753.5218
1724889600000,2.293,2.372,2.248,2.304,1102971.1,2550148.5476,33791,1264293.5637
1724976000000,2.303,2.354,2.239,2.337,1729883.2,3991472.5697,46073,1919554.4529
1725062400000,2.338,2.353,2.262,2.276,949087.3,2189132.3356,24499,1034412.9610
1725148800000,2.276,2.278,2.129,2.155,3197476.1,7076513.9026,44559,3353598.1929
1725235200000,2.155,2.268,2.152,2.240,1429155.9,3144316.7231,39717,1445979.4120
1725321600000,2.240,2.278,2.153,2.157,903603.3,2000710.6983,29641,979001.9710
1725408000000,2.157,2.214,2.042,2.177,1741329.5,3729455.9390,42550,1838156.1837
1725494400000,2.177,2.256,2.125,2.143,2089632.0,4572041.5154,41482,2286204.4182
1725580800000,2.144,2.188,2.011,2.072,3100576.8,6548871.2070,51792,3291093.9545
1725667200000,2.072,2.128,2.061,2.106,1135760.7,2385184.4538,23643,1178288.9277
1725753600000,2.106,2.205,2.094,2.183,1278119.1,2734978.7941,24320,1409200.9352
1725840000000,2.183,2.292,2.171,2.255,1563080.8,3482449.0552,30290,1753221.3309
1725926400000,2.256,2.276,2.220,2.263,927348.8,2085804.3714,24226,1088143.7230
1726012800000,2.264,2.271,2.176,2.222,1199775.6,2664096.8330,27801,1321860.6359
1726099200000,2.222,2.290,2.221,2.266,1070276.9,2414846.4168,25238,1233586.5117
1726185600000,2.266,2.321,2.237,2.310,1092632.1,2491247.2088,23290,1309599.7398
1726272000000,2.310,2.350,2.279,2.304,2210934.6,5115618.2670,40529,2571834.1909
1726358400000,2.305,2.315,2.182,2.198,1701145.4,3841912.2147,34067,1784355.4629
1726444800000,2.199,2.230,2.161,2.194,1395596.7,3052467.8321,28250,1365880.5720
1726531200000,2.194,2.273,2.166,2.258,1195658.4,2667755.0689,25045,1287319.8747
1726617600000,2.258,2.308,2.177,2.307,1315732.8,2952723.0825,34039,1470920.7707
1726704000000,2.307,2.420,2.289,2.409,3637173.0,8591279.0770,58385,4349273.8854
1726790400000,2.410,2.497,2.375,2.452,2318484.3,5665685.8755,44433,2784221.1703
1726876800000,2.453,2.565,2.447,2.543,2553869.5,6419218.2098,47243,3313923.0757
1726963200000,2.544,2.544,2.404,2.473,1453199.5,3589992.5066,32592,1698522.2872
1727049600000,2.474,2.532,2.424,2.520,1502750.4,3747082.8036,35803,1788612.9789
1727136000000,2.521,2.630,2.473,2.582,4530290.8,11603905.3911,66008,5679798.2395
1727222400000,2.582,2.616,2.519,2.533,1668747.6,4290769.7849,37239,2133575.4361
1727308800000,2.532,2.650,2.483,2.639,1619437.7,4187718.0008,38421,1986837.4925
1727395200000,2.640,2.735,2.627,2.709,2193129.2,5890131.2029,42371,2818964.6689
1727481600000,2.708,2.732,2.595,2.656,1533283.5,4077793.1693,36480,1906443.7097
1727568000000,2.655,2.695,2.600,2.658,1099219.6,2910770.4557,29743,1363958.2081
1727654400000,2.657,2.798,2.568,2.605,8026502.8,21679841.1848,127648,10960655.5881
1727740800000,2.604,2.718,2.325,2.388,7128547.6,18073665.1870,115753,8443576.2431
1727827200000,2.389,2.516,2.337,2.361,3596961.7,8712914.0918,70358,4321165.0888
1727913600000,2.360,2.391,2.254,2.311,2362722.3,5479853.4151,59551,2693759.3626
1728000000000,2.312,2.384,2.292,2.380,1583028.0,3704030.3511,37517,1810343.4689
1728086400000,2.380,2.424,2.341,2.378,801723.1,1909619.7402,25449,881441.2556
1728172800000,2.379,2.439,2.368,2.438,1068578.3,2577176.6954,28596,1324629.5181
1728259200000,2.438,2.515,2.428,2.456,1663794.4,4119553.9370,45121,2015486.2225
1728345600000,2.456,2.539,2.401,2.436,2581935.1,6382003.0175,60143,3255124.7967
1728432000000,2.435,2.458,2.313,2.328,1853398.7,4408763.7245,53113,2235340.8806
1728518400000,2.329,2.383,2.293,2.380,2167317.9,5062116.7364,53292,2502030.1967
1728604800000,2.380,2.504,2.371,2.502,1904201.0,4650805.6436,44261,2252296.1748
1728691200000,2.503,2.575,2.503,2.519,1335300.2,3393608.3598,36354,1599753.3786
1728777600000,2.519,2.532,2.424,2.467,1198940.0,2964972.4695,35745,1488762.8621
1728864000000,2.467,2.620,2.431,2.609,1806104.2,4584216.5807,49661,2384452.2627
1728950400000,2.609,2.629,2.469,2.568,2447380.1,6254802.5892,67251,3128416.2235
1729036800000,2.567,2.585,2.515,2.525,1233912.4,3139653.9965,41515,1522767.4681
1729123200000,2.525,2.546,2.425,2.482,1363982.0,3373181.8444,41504,1604239.9988
1729209600000,2.481,2.554,2.466,2.550,1003080.4,2514377.2674,28493,1245399.5387
1729296000000,2.550,2.590,2.527,2.564,1150542.2,2948194.0797,29641,1595374.3527
1729382400000,2.564,2.654,2.525,2.648,1476810.0,3834548.0789,36014,1958877.0450
1729468800000,2.648,2.675,2.531,2.544,1693406.7,4389009.7558,43940,2172991.1270
1729555200000,2.545,2.558,2.451,2.474,1689439.1,4217838.7260,44266,2060827.6676
1729641600000,2.474,2.479,2.326,2.400,1614642.4,3880652.5828,44539,1754613.0115
1729728000000,2.401,2.436,2.324,2.407,1621287.9,3856478.1941,39898,2025813.5254
1729814400000,2.407,2.413,2.109,2.215,2604653.9,5952821.7790,57668,2833120.3964
1729900800000,2.215,2.262,2.175,2.216,1560949.5,3470572.6115,30259,1564689.1790
1729987200000,2.216,2.274,2.211,2.261,708391.4,1586957.8960,20011,788568.8817
1730073600000,2.261,2.295,2.192,2.290,1228280.4,2753321.0171,36289,1476561.8608
1730160000000,2.289,2.413,2.286,2.411,1627098.9,3837308.9033,39034,1825248.4247
1730246400000,2.412,2.422,2.357,2.365,1286499.4,3075506.5448,36220,1490414.3506
1730332800000,2.365,2.368,2.205,2.228,1981654.5,4520181.1304,42888,2022517.9077
1730419200000,2.228,2.271,2.172,2.214,1645652.5,3644645.3473,42522,1749427.6669
1730505600000,2.213,2.235,2.166,2.191,896618.2,1969760.8606,25208,937395.6547
1730592000000,2.191,2.196,2.070,2.134,1925425.5,4094606.9016,48918,1859089.2331
1730678400000,2.135,2.171,2.054,2.093,1316034.2,2787728.9183,37528,1416835.6644
1730764800000,2.092,2.220,2.092,2.192,1274125.8,2758603.8521,35549,1377432.6541
1730851200000,2.193,2.374,2.190,2.358,3377602.7,7787202.9683,80174,4087130.9871
1730937600000,2.358,2.434,2.324,2.407,2195745.7,5228771.0534,55076,2588733.6351
1731024000000,2.408,2.458,2.361,2.452,1714990.6,4133728.6806,46939,2085623.8641
1731110400000,2.452,2.516,2.397,2.512,1865921.4,4572785.0272,46547,2215039.2377
1731196800000,2.513,2.763,2.468,2.639,7582371.9,20055867.5383,153678,9619476.2685
1731283200000,2.639,2.920,2.631,2.843,10961178.8,30434185.2470,189882,14783703.3247
1731369600000,2.844,2.893,2.576,2.722,8933282.7,24340055.4102,176566,11852482.4681
1731456000000,2.722,2.767,2.494,2.605,6265823.7,16286371.7211,136557,7762128.3780
1731542400000,2.604,3.010,2.603,2.690,23378449.9,65101724.8898,385233,32843659.0767
1731628800000,2.690,2.876,2.611,2.863,7765046.4,21295117.1114,162318,10484244.0170
1731715200000,2.863,3.237,2.838,3.223,10297342.5,31477923.4286,203754,15255507.1722
1731801600000,3.222,3.259,2.874,2.935,6173206.8,18909428.3766,141074,9167235.0027
1731888000000,2.935,3.303,2.912,3.231,5830442.2,18301180.7999,134847,8873709.2336
1731974400000,3.230,3.347,3.037,3.133,4847165.9,15423489.3520,106548,7616179.2872
1732060800000,3.133,3.137,2.909,2.975,4282214.7,12940318.0667,93850,6111418.4231
1732147200000,2.976,3.354,2.881,3.285,10091311.8,31965712.1818,182487,15960553.0227
1732233600000,3.284,3.515,3.241,3.506,9892433.9,33283672.2781,209969,16552380.6360
1732320000000,3.506,3.906,3.471,3.697,12797240.6,47861494.6372,274342,23870644.3615
1732406400000,3.700,3.991,3.428,3.793,8652829.6,32147627.1853,233338,15837034.6824
1732492800000,3.793,3.877,3.502,3.583,5399779.4,20044675.9048,163558,9603466.7735
1732579200000,3.582,3.736,3.353,3.543,6298375.0,22145540.0199,155544,11105621.2036
1732665600000,3.542,3.768,3.467,3.763,3766119.8,13512080.4751,111428,6571118.6157
1732752000000,3.763,3.794,3.584,3.696,3741574.0,13769189.9471,112136,6881331.9170
1732838400000,3.697,3.940,3.594,3.921,2922492.2,10959456.6708,84432,5264289.5977
1732924800000,3.922,3.999,3.822,3.928,3897487.2,15247453.7963,119283,7062226.5277
1733011200000,3.927,4.046,3.773,4.029,3335948.4,13018702.5485,100641,6660849.2377
1733097600000,4.028,4.359,3.802,4.273,12804198.8,52681384.5285,328916,25282039.7536
1733184000000,4.273,5.745,4.083,5.738,22947845.2,107335803.6539,594215,53040179.0398
1733270400000,5.737,5.753,4.853,5.029,17927053.2,93078778.7165,474246,43655991.5589
1733356800000,5.027,5.055,4.616,4.774,8309946.0,40507129.7496,251983,19414088.3115
1733443200000,4.773,5.012,4.526,4.814,5320354.8,25487902.9762,192534,12406976.8559
1733529600000,4.813,4.988,4.761,4.855,5136879.0,25097966.1423,171469,12078549.7159
1733616000000,4.855,5.046,4.741,4.991,4018948.7,19714555.8208,152972,9064294.0348
1733702400000,4.990,5.033,3.276,4.026,10786021.9,46508072.9943,325394,20843644.2551
1733788800000,4.027,4.071,3.520,3.899,9814110.6,37655983.3455,267452,18639200.4521
1733875200000,3.898,4.191,3.703,4.155,4777452.6,18864071.3982,165930,9145516.7033
1733961600000,4.155,4.384,4.098,4.185,4600508.4,19522280.2340,165321,9549514.9406
1734048000000,4.185,4.212,4.022,4.161,3316964.8,13696817.3448,138369,6638409.1343
1734134400000,4.162,4.207,3.847,3.933,2539371.5,10222940.6021,103994,4708252.8095
1734220800000,3.933,4.064,3.829,4.051,2749532.9,10855944.2777,108639,5019194.6439
1734307200000,4.052,4.138,3.794,3.880,2838910.1,11192753.1102,127832,5488559.6244
1734393600000,3.880,3.951,3.670,3.716,3525295.8,13489892.9541,145993,6563200.7800
1734480000000,3.717,3.738,3.310,3.319,5477714.3,19338538.4583,178620,9281617.0028
1734566400000,3.320,3.369,2.910,3.009,8826523.6,27750204.8321,214937,13759019.1145
1734652800000,3.009,3.175,2.650,3.154,8041861.8,23422249.3233,193722,11498992.6001
1734739200000,3.154,3.327,2.965,3.018,3798063.8,11875550.1801,116738,5909376.4300
1734825600000,3.018,3.168,2.959,3.051,3860986.8,11828485.5539,123358,5766258.1530
1734912000000,3.050,3.312,2.974,3.257,3687055.5,11529344.7375,117858,5417331.2514
1734998400000,3.256,3.457,3.164,3.391,2773532.2,9209903.9128,94393,4439747.6347
1735084800000,3.390,3.455,3.267,3.302,2237164.7,7526497.2940,86665,3501525.6551
1735171200000,3.302,3.333,3.069,3.112,2747804.7,8692242.0686,94389,4175746.8477
1735257600000,3.111,3.240,3.076,3.114,2897251.0,9111055.2480,93012,4494899.9772
1735344000000,3.115,3.298,3.094,3.284,1748765.1,5575591.1280,69383,2855989.4883
1735430400000,3.284,3.285,3.083,3.110,1757172.5,5618458.6609,64257,2615424.6349
1735516800000,3.111,3.214,2.980,3.078,2828595.4,8775914.8161,95633,4385156.5694
1735603200000,3.078,3.125,2.956,3.009,1982759.1,6018910.8915,73238,2869384.7293
1735689600000,3.009,3.159,2.929,3.134,1660853.8,5055473.5529,71239,2584177.3045
1735776000000,3.133,3.268,3.132,3.212,2050974.9,6547344.6392,71917,3308199.3755
1735862400000,3.212,3.464,3.174,3.458,2308583.3,7680751.8484,86514,3832940.7811
1735948800000,3.458,3.492,3.386,3.427,1876677.3,6458942.5528,68820,3100380.9200
1736035200000,3.428,3.511,3.394,3.464,2402114.8,8289920.6940,82222,4227575.0636
1736121600000,3.463,3.635,3.423,3.572,2838411.2,10029241.5836,89609,4804629.9076
1736208000000,3.573,3.579,3.186,3.188,3862403.4,13038499.3595,106611,6185635.3625
1736294400000,3.189,3.228,2.931,3.087,5591093.6,17176301.6056,121827,8232969.2362
1736380800000,3.086,3.254,3.072,3.198,5944218.3,18790382.4981,138592,9191849.9930
1736467200000,3.198,3.358,3.093,3.288,5739244.3,18504447.1107,142069,9221927.9405
1736553600000,3.289,3.359,3.205,3.276,3288567.4,10764371.3024,88499,5345090.2453
1736640000000,3.274,3.288,3.129,3.175,2369579.7,7616196.9804,72490,3951193.5816
1736726400000,3.176,3.348,2.866,3.091,6869447.2,21347938.5308,146932,10715122.6553
1736812800000,3.091,3.217,3.054,3.206,2718343.2,8548069.8150,74850,4214641.4644
1736899200000,3.206,3.376,3.114,3.367,3427968.3,11097811.4903,101667,5662065.7630
1736985600000,3.367,3.420,3.251,3.349,3835237.5,12817451.9857,109465,6366679.9778
1737072000000,3.349,3.547,3.345,3.503,4344225.7,15030874.5626,131145,7446572.1444
1737158400000,3.502,3.517,3.240,3.308,3627751.0,12108104.9753,112724,5727737.8460
1737244800000,3.309,3.361,2.933,2.991,7764957.5,24205663.0649,183410,11874748.9631
1737331200000,2.991,3.284,2.893,3.022,7407588.1,22675773.9437,181778,11068763.7111
1737417600000,3.021,3.177,2.902,3.078,3595210.3,10866732.0283,118550,5294648.5191
1737504000000,3.078,3.114,2.920,2.939,2245123.8,6774073.4699,86976,3507110.4931
1737590400000,2.939,2.983,2.841,2.930,2914791.3,8469600.7776,98657,4278074.9521
1737676800000,2.931,3.005,2.835,2.873,2107755.1,6172668.9023,77989,2931218.3720
1737763200000,2.872,2.961,2.826,2.937,1443080.1,4200959.1482,61819,1941374.0160
1737849600000,2.938,3.002,2.858,2.864,1421980.6,4200523.2495,56447,1995731.8053
1737936000000,2.861,2.881,2.621,2.842,3624197.6,9988327.5855,113362,4799915.8798
1738022400000,2.842,2.892,2.673,2.700,3547700.4,9895367.1132,81982,4701045.0485
1738108800000,2.700,2.842,2.680,2.758,2127465.1,5868705.4832,78873,2812836.4170
1738195200000,2.758,2.948,2.725,2.878,1878658.9,5378162.9508,59585,2924875.3786
1738281600000,2.879,3.820,2.819,3.500,99207492.5,346109338.7636,1218287,174721818.0530
1738368000000,3.500,4.339,3.346,3.755,256980646.9,996857903.2222,3230421,506094594.7812
1738454400000,3.756,3.947,2.890,3.033,102700686.8,353443979.5858,1406940,174179908.3998
1738540800000,3.032,3.178,2.203,3.108,83332304.2,225332240.2793,1113008,111337146.0363
1738627200000,3.107,3.715,3.099,3.476,107738852.6,370425987.7868,1659744,185660608.3915
1738713600000,3.475,3.626,3.115,3.245,45710385.0,152290199.6589,775021,76340650.8466
1738800000000,3.244,3.688,3.157,3.286,71306484.8,244552935.8330,1080870,121664345.5033
1738886400000,3.286,3.344,3.054,3.138,34005300.5,109584912.2083,588999,54536903.2113
1738972800000,3.137,3.180,2.926,2.992,27197657.7,82338386.2514,461321,40774278.0849
1739059200000,2.991,3.089,2.699,2.782,15884460.0,46254382.1747,295137,22742859.2924
1739145600000,2.782,3.054,2.705,3.013,18806603.7,53691328.2595,310932,26739259.0985
1739232000000,3.013,3.632,2.933,3.254,53677951.5,181191336.4129,819433,90663704.8095
1739318400000,3.254,3.728,3.099,3.361,53069208.4,175805311.3180,793816,89007189.6056
1739404800000,3.361,3.436,3.184,3.268,17578614.9,57773417.1220,330026,28246037.8637
1739491200000,3.269,3.449,3.234,3.368,16421311.0,55073776.6484,306536,26660336.3517
1739577600000,3.367,3.537,3.242,3.274,11505645.7,39084614.6304,244396,19293890.7310
1739664000000,3.273,3.283,3.161,3.198,6789242.7,21830563.1022,163894,10370246.9412
1739750400000,3.197,3.354,3.150,3.316,14784529.9,48202974.7813,270236,23726436.1653
1739836800000,3.315,3.498,3.033,3.107,22334437.8,72961243.0729,382083,35757723.0492
1739923200000,3.107,3.345,3.061,3.242,19946129.2,64435684.1468,301249,32051898.8695
1740009600000,3.243,3.321,3.203,3.275,12772197.3,41526382.5264,186969,20298266.7971
1740096000000,3.275,3.338,3.021,3.075,12452063.5,39605438.8101,235409,19479036.4349
1740182400000,3.075,3.096,2.974,3.068,7792388.3,23694810.4848,139724,11222840.4495
1740268800000,3.068,3.070,2.944,3.003,4569616.7,13725659.4519,106566,6716071.7627
1740355200000,3.003,3.010,2.591,2.640,8235278.7,23101725.7252,203277,10846515.6610
1740441600000,2.639,2.742,2.474,2.636,12747556.4,32971598.7350,249362,16230985.3894
1740528000000,2.636,2.646,2.439,2.567,7234616.9,18497955.2460,168022,9080406.6012
1740614400000,2.567,2.651,2.518,2.588,4466986.3,11560183.1025,121816,5647339.6825
1740700800000,2.589,2.593,2.337,2.545,7982457.2,19587150.8213,189559,9519157.1979
1740787200000,2.544,2.574,2.443,2.521,3649657.2,9156852.6777,93298,4724520.7858
1740873600000,2.521,2.736,2.481,2.713,6313494.6,16472443.8815,139978,8402800.7697
1740960000000,2.713,2.720,2.257,2.286,8894084.4,21939181.6663,179316,10557310.2031
1741046400000,2.285,2.366,2.137,2.333,8415712.1,18804520.1918,163995,9112525.6291
1741132800000,2.333,2.388,2.271,2.367,4362343.8,10168433.2923,100885,5146241.5090
1741219200000,2.366,2.424,2.286,2.310,3349717.3,7876899.7150,94559,3868963.9931
1741305600000,2.311,2.387,2.194,2.307,7786576.0,18041311.2519,155547,8992108.8058
1741392000000,2.306,2.316,2.223,2.243,2065444.3,4688544.5995,58812,2259298.9104
1741478400000,2.244,2.262,2.016,2.043,4264805.7,9081171.9547,91149,4492671.5786
1741564800000,2.044,2.179,1.939,1.982,5740137.8,11833616.0922,111360,5565215.8163
1741651200000,1.983,2.174,1.885,2.109,6631048.9,13493629.5673,115299,6816983.5521
1741737600000,2.110,2.167,2.043,2.136,5716865.7,12040729.6701,101658,5980413.2657
1741824000000,2.135,2.159,2.036,2.096,3148782.4,6631604.3197,75887,3364007.0513
1741910400000,2.095,2.186,2.085,2.148,2595267.5,5553884.7508,70455,2851933.4668
1741996800000,2.149,2.217,2.135,2.207,2220180.8,4809646.8766,52768,2451034.0151
1742083200000,2.206,2.267,2.090,2.103,3094867.6,6731872.5050,73399,3280529.7630
1742169600000,2.103,2.237,2.101,2.212,2499411.4,5466297.2470,58411,2836750.8456
1742256000000,2.212,2.234,2.122,2.226,2684020.0,5839998.1998,67639,2855954.7566
1742342400000,2.227,2.367,2.221,2.292,8761207.8,20038102.3287,152146,10121455.3013
1742428800000,2.292,2.395,2.195,2.218,6817592.6,15692168.8589,118823,7813949.9670
1742515200000,2.218,2.230,2.129,2.143,2513724.9,5453298.1542,57847,2577281.1598
1742601600000,2.144,2.181,2.133,2.144,1722614.4,3717850.8407,38377,1822625.1070
1742688000000,2.145,2.161,2.112,2.154,1683392.6,3609502.7191,38341,1644344.9715
1742774400000,2.154,2.257,2.119,2.233,1984676.8,4364844.3582,48094,2235255.3855
1742860800000,2.232,2.251,2.199,2.241,1806187.0,4020828.3926,46915,1956032.0912
1742947200000,2.241,2.270,2.181,2.206,2271332.8,5066895.1807,49301,2462178.8590
1743033600000,2.207,2.245,2.150,2.202,2378319.8,5238181.7724,45648,2428656.8585
1743120000000,2.203,2.204,2.011,2.052,4794639.8,9957957.4399,81768,4486591.7120
1743206400000,2.052,2.065,1.912,1.930,2548863.7,5030388.1771,56258,2221073.5941
1743292800000,1.931,1.993,1.909,1.938,2194976.1,4288087.6790,47488,2085774.2707
1743379200000,1.939,1.961,1.878,1.915,5109307.7,9820420.6430,72132,4779619.9431
1743465600000,1.916,2.004,1.895,1.973,3186560.7,6236503.7326,57108,3133177.2151
1743552000000,1.973,1.976,1.810,1.838,5601258.8,10723470.1380,82618,5238431.2386
1743638400000,1.837,1.891,1.784,1.858,3213110.2,5903843.5427,63099,2930845.3981
1743724800000,1.859,1.897,1.800,1.882,3345228.0,6204627.2270,67390,3119428.5365
1743811200000,1.883,1.900,1.852,1.877,1442505.6,2708661.4561,33157,1285125.5775
1743897600000,1.878,1.924,1.687,1.724,5256971.3,9602315.0993,82109,4733655.9643
1743984000000,1.723,1.799,1.570,1.730,9417009.6,15844025.9464,121602,8004259.4243
1744070400000,1.731,1.808,1.682,1.702,3492667.8,6065135.7520,62534,3024831.1950
1744156800000,1.702,1.934,1.639,1.898,11973850.8,21693565.1004,146678,10883204.0644
1744243200000,1.898,1.965,1.839,1.882,6465677.0,12406945.4702,94332,6280908.3566
1744329600000,1.882,1.966,1.855,1.929,3002651.3,5734262.2279,57448,2889615.6612
1744416000000,1.930,2.024,1.902,2.013,2722713.3,5339469.6222,49397,2582046.3126
1744502400000,2.013,2.167,1.956,1.972,7794787.0,15999357.7465,133667,7838932.2682
1744588800000,1.972,2.005,1.932,1.941,3058124.3,6016762.1801,72497,2954265.9435
1744675200000,1.942,1.983,1.927,1.940,2134994.4,4164468.3785,51134,2076568.1655
1744761600000,1.940,1.997,1.908,1.962,3213263.4,6268269.4250,63820,3040173.5920
1744848000000,1.962,2.000,1.922,1.987,1676189.9,3291652.0682,40512,1584250.6015
1744934400000,1.988,2.184,1.968,2.121,6797226.1,14177364.2357,103460,7228620.0928
1745020800000,2.121,2.182,2.090,2.133,3118600.6,6644208.5114,58517,3199790.5498
1745107200000,2.133,2.163,2.058,2.078,2831624.2,5954492.3986,57749,2972498.5659
1745193600000,2.078,2.170,2.068,2.081,2691171.8,5689228.3107,56017,2767497.4887
1745280000000,2.081,2.225,2.073,2.225,4825239.5,10339978.4949,83553,5139669.7839
1745366400000,2.226,2.275,2.186,2.232,2911227.4,6506277.5663,69429,3230699.1167
1745452800000,2.231,2.261,2.162,2.241,2323254.9,5150541.6714,62249,2501102.9355
1745539200000,2.242,2.314,2.227,2.291,2635522.7,6014374.9999,54821,3018158.9472
1745625600000,2.290,2.373,2.246,2.278,2386034.7,5507572.6369,51196,2747735.0415
1745712000000,2.278,2.383,2.177,2.179,4856389.4,11048313.6547,84758,5277873.8363
1745798400000,2.180,2.250,2.118,2.220,2752591.5,6061623.3228,58186,3032599.8470
1745884800000,2.221,2.236,2.150,2.177,1935612.7,4271803.0180,46575,2114299.9121
1745971200000,2.178,2.191,2.072,2.142,2321996.9,4975734.6119,45614,2481266.0556
1746057600000,2.142,2.222,2.135,2.203,2226905.5,4886395.6788,40130,2397112.4903
1746144000000,2.204,2.229,2.175,2.217,2383885.9,5259083.9317,49830,2513524.8699
1746230400000,2.217,2.222,2.104,2.133,1964066.3,4245686.4775,49864,1851565.6348
1746316800000,2.133,2.156,2.055,2.070,1911069.8,3998263.8787,45013,1836823.2799
1746403200000,2.070,2.146,2.046,2.101,2042003.1,4271383.6513,48095,2237949.9270
1746489600000,2.102,2.108,1.967,2.042,3196873.8,6504698.5939,62771,3074244.3764
1746576000000,2.043,2.121,2.030,2.106,2671921.7,5546352.5543,53499,2817761.9561
1746662400000,2.107,2.461,2.107,2.374,8003293.0,18565941.8083,123324,9663160.7713
1746748800000,2.374,2.499,2.353,2.483,5724393.3,13928043.6258,109552,6885599.0189
1746835200000,2.483,2.618,2.460,2.602,3988163.2,10045450.6228,96202,5088169.1960
1746921600000,2.602,2.648,2.443,2.520,5053657.7,12879911.9126,98101,6243333.7124
1747008000000,2.520,2.740,2.446,2.553,7985838.4,20844883.6303,155255,10006726.5745
1747094400000,2.553,2.628,2.402,2.594,4810809.1,12150931.3710,104820,5933586.9270
1747180800000,2.594,2.610,2.467,2.492,3188839.8,8094602.1133,80188,3910305.3595
1747267200000,2.493,2.529,2.307,2.388,3793809.2,9081462.1105,87728,4332995.3556
1747353600000,2.389,2.445,2.342,2.362,2599884.6,6248366.4043,71195,3039661.7555
1747440000000,2.362,2.366,2.250,2.286,2350671.9,5398301.7228,59872,2611122.8113
1747526400000,2.287,2.430,2.211,2.346,4393539.7,10151504.0133,86758,4765370.7963
1747612800000,2.347,2.367,2.186,2.258,2693706.3,6033994.1168,70373,2953420.9343
1747699200000,2.257,2.326,2.209,2.283,1842805.1,4172818.4849,54783,2020416.8360
1747785600000,2.283,2.341,2.239,2.310,2713495.1,6196682.1723,62815,3092612.5796
1747872000000,2.310,2.416,2.308,2.404,2087659.6,4964876.9702,55716,2518455.1682
1747958400000,2.404,2.449,2.226,2.237,3755974.7,8758061.4714,81685,4146094.3548
1748044800000,2.237,2.276,2.216,2.224,1233843.0,2777951.3292,38177,1139584.3063
1748131200000,2.224,2.233,2.139,2.225,2126621.5,4642885.4606,51491,2126423.6346
1748217600000,2.225,2.253,2.177,2.197,2044395.4,4530948.3874,48513,2415883.4996
1748304000000,2.196,2.276,2.143,2.235,2063250.9,4601212.5604,50727,2259880.2165
1748390400000,2.236,2.243,2.135,2.196,1906042.7,4175129.6296,48482,2011120.8139
1748476800000,2.195,2.244,2.132,2.139,2233829.8,4870168.6541,49641,2335288.0927
1748563200000,2.140,2.154,1.971,1.980,4315029.2,8889193.5301,77603,4378868.7698
1748649600000,1.981,2.008,1.915,1.992,2543402.7,4999078.7947,54598,2345665.8800
1748736000000,1.993,2.017,1.959,2.010,1614891.3,3216806.7937,38729,1617004.1940
1748822400000,2.011,2.067,1.967,2.063,1602414.9,3213655.9272,40834,1670059.9927
1748908800000,2.063,2.113,2.056,2.078,1723927.1,3590571.4737,39818,1733005.2360
1748995200000,2.079,2.108,2.025,2.039,1265978.2,2620720.7094,34968,1309571.3767
1749081600000,2.038,2.083,1.921,1.951,3323131.5,6674276.0404,59230,3264078.8445
1749168000000,1.951,2.045,1.937,1.991,1987980.7,3961376.0584,38190,1943988.2185
1749254400000,1.992,2.070,1.986,2.062,1225588.4,2498965.7899,26073,1307930.5755
1749340800000,2.063,2.096,2.036,2.075,1221517.9,2526953.3185,28097,1278000.0155
1749427200000,2.075,2.182,2.035,2.179,2804423.2,5884390.8721,45744,2861084.6927
1749513600000,2.178,2.243,2.162,2.241,3027841.2,6669986.1240,49840,3317478.4158
1749600000000,2.240,2.287,2.180,2.200,3065899.6,6847818.5371,53756,3459323.5506
1749686400000,2.200,2.200,2.087,2.087,2511305.3,5410986.5157,43044,2490490.3898
1749772800000,2.088,2.090,1.943,2.032,5383931.8,10767123.0328,77197,4996353.7562
1749859200000,2.033,2.041,1.988,2.020,2154543.7,4356963.6157,33336,2101220.2376
1749945600000,2.020,2.043,1.991,2.025,1802171.7,3645099.5762,31837,1826539.8967
1750032000000,2.025,2.149,2.006,2.076,2531929.4,5295107.7683,45095,2694416.7729
1750118400000,2.076,2.107,1.963,1.993,2753860.7,5585061.4840,59027,2758113.2212
1750204800000,1.994,2.016,1.912,1.968,2593913.6,5082781.8885,44656,2555649.5525
1750291200000,1.968,1.996,1.931,1.971,2013165.5,3957981.1398,35957,2031019.3949
1750377600000,1.971,2.005,1.889,1.914,2657162.8,5190446.9070,62310,2574922.7699
1750464000000,1.914,1.945,1.806,1.844,2352394.5,4426849.9642,49860,2089622.0534
1750550400000,1.844,1.860,1.723,1.796,4750126.9,8501865.0088,64250,4079667.4787
1750636800000,1.796,1.996,1.790,1.982,4160527.1,7802937.5439,64635,4050443.2713
1750723200000,1.982,2.023,1.959,2.015,2621570.0,5195971.4659,48731,2763764.5557
1750809600000,2.014,2.014,1.962,1.975,2006652.3,3985047.5466,40694,1899732.7310
1750896000000,1.976,2.018,1.920,1.932,2878981.0,5636081.1371,49345,2720063.6443
1750982400000,1.932,1.967,1.910,1.924,2165732.2,4187101.7442,37035,2175339.2076
1751068800000,1.925,1.970,1.914,1.963,2297889.4,4447825.4831,37338,2357552.5295
1751155200000,1.963,2.045,1.944,2.023,2264995.4,4476462.6650,40209,2292371.0928
1751241600000,2.022,2.034,1.939,1.969,2105579.0,4164101.9212,38206,1999789.7466
1751328000000,1.968,1.976,1.861,1.875,2244931.2,4278738.0282,40094,2086435.6237
1751414400000,1.876,2.084,1.859,2.026,4105136.6,8204813.1175,57088,4483190.1589
1751500800000,2.027,2.070,2.019,2.043,2202126.0,4509370.9304,40052,2257158.1059
1751587200000,2.042,2.055,1.917,1.945,3229869.6,6374254.9856,43460,2956867.3696
1751673600000,1.946,1.964,1.912,1.948,1849962.3,3595053.9144,25529,1703891.8333
1751760000000,1.949,2.001,1.934,1.981,2027913.3,3981597.2258,28488,2039457.0546
1751846400000,1.982,2.007,1.950,1.970,2320534.9,4593105.1809,31699,2369392.2244
1751932800000,1.970,2.016,1.939,2.012,2140205.8,4220232.2634,30737,2047018.9255
1752019200000,2.011,2.378,1.991,2.115,12811707.8,27840636.2441,132855,13867951.6871
1752105600000,2.115,2.232,2.087,2.224,6820354.0,14529684.4592,80102,7597146.8887
1752192000000,2.223,2.315,2.185,2.222,5868492.1,13240338.1760,97549,6066433.0942
1752278400000,2.222,2.298,2.186,2.259,2982035.2,6696440.0007,65273,3437546.4422
1752364800000,2.258,2.341,2.249,2.282,2600639.4,5951596.5473,57035,2798226.5203
1752451200000,2.283,2.362,2.228,2.263,2988663.6,6893079.6768,62270,3387213.2947
1752537600000,2.264,2.322,2.198,2.320,2882462.2,6468598.6107,56514,3194234.5810
1752624000000,2.319,2.416,2.274,2.337,2901256.4,6795473.0467,55352,3488369.9918
1752710400000,2.337,2.381,2.266,2.358,3376463.0,7839507.7598,70865,3794554.5978
1752796800000,2.358,2.563,2.337,2.383,5701166.2,13929091.2859,95131,6984863.8067
1752883200000,2.384,2.496,2.337,2.492,3636059.6,8810329.4524,69997,4496904.7621
1752969600000,2.492,2.713,2.466,2.563,8528341.7,21990004.9843,112970,10714354.2712
1753056000000,2.564,2.620,2.507,2.553,3715326.7,9527951.2603,66405,4433107.5054
1753142400000,2.554,2.562,2.409,2.537,4149124.6,10280539.8658,86140,4839392.2631
1753228800000,2.536,2.536,2.261,2.329,4790533.8,11426456.7257,88855,5657154.4937
1753315200000,2.329,2.361,2.163,2.283,3854369.6,8778756.7510,78404,4237186.2571
1753401600000,2.284,2.312,2.206,2.309,2484980.5,5607524.2018,54980,2763799.2579
1753488000000,2.310,2.356,2.298,2.325,1227093.2,2850913.5517,33577,1446202.0973
1753574400000,2.325,2.377,2.309,2.371,1378147.9,3229491.1385,37926,1609740.8386
1753660800000,2.371,2.401,2.199,2.224,1985427.9,4572847.0662,60299,2210435.0265
1753747200000,2.223,2.324,2.171,2.220,2795731.4,6268767.5197,65315,3011165.0892
1753833600000,2.221,2.222,2.068,2.180,2631420.7,5676122.1166,64006,2732145.4820
1753920000000,2.180,2.234,2.088,2.101,1946641.9,4237137.7614,51140,2034093.2946
1754006400000,2.102,2.131,1.978,2.032,6561962.1,13593414.5676,106184,6428154.6464
1754092800000,2.032,2.084,1.963,1.999,4400192.2,8921594.8268,98288,4332045.5361
1754179200000,1.999,2.064,1.969,2.052,2218800.7,4523318.7389,99844,2009173.1623
1754265600000,2.053,2.135,2.047,2.129,2187451.5,4553609.3072,73401,2286462.1002
1754352000000,2.129,2.148,2.012,2.051,2495446.7,5194588.8992,54132,2569415.3424
1754438400000,2.051,2.108,2.005,2.095,2383985.2,4921862.8551,47554,2464286.4066
1754524800000,2.095,2.156,2.044,2.154,3858372.2,8107711.3901,59033,4083080.7696
1754611200000,2.154,2.191,2.111,2.178,5601011.2,12039385.7994,80631,5922808.5458
1754697600000,2.178,2.252,2.176,2.217,2268055.1,5037443.5011,39375,2581161.8779
1754784000000,2.217,2.260,2.152,2.195,2684048.2,5905792.4505,46868,2981129.9766
1754870400000,2.194,2.245,2.068,2.084,3558884.7,7668167.7425,64811,3687716.9618
1754956800000,2.085,2.234,2.055,2.224,3171754.8,6797242.2868,63121,3400048.9261
1755043200000,2.224,2.300,2.203,2.283,3775391.7,8522311.3634,84830,4539405.3326
1755129600000,2.284,2.334,2.064,2.106,5952402.8,12965056.4736,115995,6234655.2903
1755216000000,2.105,2.152,2.001,2.076,4531763.7,9434358.9753,65768,4557562.8182
1755302400000,2.076,2.174,2.069,2.162,3169363.6,6717702.0840,44581,3370548.1876
1755388800000,2.164,2.210,2.146,2.158,2818864.5,6130927.8331,40234,2941028.7956
1755475200000,2.158,2.162,2.032,2.076,4061249.9,8449603.3837,58722,4205556.5969
1755561600000,2.075,2.107,1.970,1.983,4253396.7,8658697.2654,60463,4267365.0342
1755648000000,1.983,2.175,1.956,2.116,16204341.6,33482509.0664,170295,17384904.4088
1755734400000,2.116,2.443,2.115,2.325,57192111.3,133031072.8055,593146,68189973.5512
1755820800000,2.325,2.451,2.123,2.375,25414151.5,57226092.8648,305610,27567814.8815
1755907200000,2.376,2.819,2.358,2.557,38648904.7,101502260.5628,512886,50927090.9674
1755993600000,2.556,3.485,2.430,3.098,109132166.7,329789023.6946,1241625,165705010.8505
1756080000000,3.097,3.361,2.920,3.079,110002113.8,346095762.3929,1125584,174586377.3772
1756166400000,3.078,3.129,2.835,2.951,47159709.4,139245051.3630,597941,68951848.8899
1756252800000,2.950,3.161,2.788,2.975,47440436.5,139680178.2540,583415,69260259.8765
1756339200000,2.975,3.012,2.786,2.802,21427152.1,61536888.0472,368261,29413263.2032
1756425600000,2.802,3.009,2.588,2.662,29688042.8,82302230.7137,414314,40015640.4766
1756512000000,2.663,3.119,2.631,2.962,68176429.7,200657920.0010,869676,99290337.2755
1756598400000,2.962,3.018,2.700,2.711,22312405.6,63674968.5708,286048,31234589.6204
1756684800000,2.711,2.885,2.531,2.603,34874545.4,94555997.1814,427104,46792299.8903
1756771200000,2.602,2.648,2.548,2.645,14719196.5,38296525.2251,229238,19125329.0543
1756857600000,2.645,2.727,2.564,2.662,10185466.1,26833583.2106,176221,13395302.8983
1756944000000,2.662,2.871,2.647,2.742,32768163.0,90030513.0235,472117,45807079.9755
1757030400000,2.741,2.812,2.653,2.719,17034022.8,46481621.2473,266328,22564050.5608
1757116800000,2.719,2.826,2.671,2.690,11183117.8,30666938.4743,196087,14953227.0857
1757203200000,2.689,2.714,2.658,2.696,7700561.8,20689325.4187,126648,10017455.6984
1757289600000,2.697,2.724,2.633,2.717,8234689.5,22032488.0487,168062,10406930.9021
1757376000000,2.716,2.717,2.582,2.614,8717195.0,23083685.2873,163588,10965068.0931
1757462400000,2.615,2.629,2.558,2.592,4749787.3,12344674.0744,107996,5659570.4106
1757548800000,2.592,2.617,2.539,2.599,4972051.4,12828297.2828,96606,6666648.8023
1757635200000,2.598,2.647,2.540,2.632,5648389.6,14618929.7117,98718,7291223.1856
1757721600000,2.631,2.673,2.570,2.630,6163812.2,16155408.7576,96847,7651097.3287
1757808000000,2.629,2.632,2.476,2.506,6736213.0,17139457.8911,111669,7492900.7058
1757894400000,2.506,2.541,2.383,2.429,6184591.5,15151036.9258,112637,7202121.5725
1757980800000,2.429,2.455,2.391,2.432,3937245.4,9547187.0045,75404,4782985.8507
1758067200000,2.432,2.486,2.380,2.480,4898236.8,11887564.2967,88611,5966157.2140
1758153600000,2.480,2.502,2.455,2.484,3525881.1,8748511.1486,67496,4144947.3171
1758240000000,2.484,2.502,2.372,2.397,4629146.2,11240355.0497,77085,5618967.4986
1758326400000,2.396,2.420,2.376,2.387,2343758.1,5616738.4381,49480,2550044.8549
1758412800000,2.387,2.408,2.333,2.341,2907495.9,6886701.5386,52939,3227738.5209
1758499200000,2.341,2.352,2.048,2.169,8943728.5,19685586.1157,135840,9456684.4061
1758585600000,2.169,2.206,2.128,2.155,3272345.8,7110284.5113,63878,3567326.7447
1758672000000,2.155,2.280,2.109,2.234,5503071.5,12139058.5241,84269,6287703.4162
1758758400000,2.233,2.234,2.036,2.051,7369934.2,15597789.5852,104902,7469643.5629
1758844800000,2.052,2.202,2.049,2.186,4761914.4,10038524.7220,75683,4865334.7947
1758931200000,2.187,2.191,2.134,2.143,2768540.0,5973878.6747,49813,3127042.5395
1759017600000,2.143,2.184,2.091,2.178,2335287.3,4980860.3682,43920,2438053.2698
1759104000000,2.178,2.205,2.115,2.167,2951106.6,6386868.5925,49227,2945917.2184
1759190400000,2.166,2.172,2.074,2.124,3613755.0,7659561.5870,54886,3987723.4381
1759276800000,2.124,2.259,2.092,2.250,4243210.5,9307368.9333,63149,4707461.9278
1759363200000,2.250,2.306,2.215,2.274,3825428.7,8661663.6218,59801,4160608.6789
1759449600000,2.275,2.317,2.220,2.289,3343157.3,7552285.0004,55705,3663350.1967
1759536000000,2.289,2.297,2.185,2.216,2478245.5,5548739.9157,40688,2529862.3598
1759622400000,2.217,2.299,2.190,2.201,3127871.5,7002700.5770,52364,3448461.6889
1759708800000,2.201,2.286,2.190,2.243,2256946.2,5057298.4412,47638,2536457.9607
1759795200000,2.244,2.273,2.103,2.109,4587342.7,10033462.9218,67346,4572445.0882
1759881600000,2.109,2.427,2.108,2.360,32219416.4,73927508.2431,372816,37221847.1506
1759968000000,2.360,2.463,2.231,2.414,20496916.2,48078803.7670,264274,22760214.1596
1760054400000,2.415,2.425,1.207,1.806,28224672.6,58164467.0940,363437,27445330.8495
1760140800000,1.805,1.966,1.765,1.859,11104617.7,20737754.4579,220351,9614364.0797
1760227200000,1.858,2.103,1.822,2.068,6703359.0,13173413.2066,119718,6372201.9593
1760313600000,2.068,2.154,2.031,2.139,7114000.2,14847134.4022,109056,7714835.1125
1760400000000,2.139,2.200,1.941,2.080,8731012.3,17929034.2990,121920,8943540.3719
1760486400000,2.081,2.107,1.961,1.995,4781015.1,9728220.8074,80701,4808329.3727
1760572800000,1.995,2.045,1.908,1.945,4842176.6,9617658.1119,84170,4845308.7582
1760659200000,1.945,1.966,1.805,1.902,6205461.2,11676072.1954,88922,5688179.4617
1760745600000,1.901,1.962,1.893,1.949,2555556.5,4933192.9456,43616,2360936.7457
1760832000000,1.949,2.007,1.906,1.976,4029660.7,7876067.0085,53017,3869243.2926
1760918400000,1.976,2.040,1.945,2.003,3817005.4,7654383.3054,57353,3976387.7390
1761004800000,2.004,2.069,1.921,1.953,5141409.4,10219615.4077,69343,5125297.1603
1761091200000,1.953,1.985,1.859,1.909,5460774.3,10577915.8259,74018,5024596.7156
1761177600000,1.908,1.996,1.904,1.980,3424042.2,6678964.9774,48303,3387131.9710
1761264000000,1.980,2.019,1.954,2.000,3368528.2,6675562.6105,44175,3427216.1020
1761350400000,2.000,2.011,1.972,2.000,2438259.9,4853380.7788,32115,2380491.6601
1761436800000,2.000,2.069,1.972,2.054,3241393.0,6545142.2195,40211,3353815.8353
1761523200000,2.055,2.082,1.997,2.013,3688078.0,7524646.6154,51320,3584374.6549
1761609600000,2.014,2.041,1.928,1.966,3954786.4,7891897.3609,55440,3896763.4573
1761696000000,1.965,2.015,1.910,1.964,4710227.8,9296602.9252,60527,4593575.6159
1761782400000,1.964,2.038,1.759,1.821,10294319.7,19627424.7155,112589,9803577.4547
1761868800000,1.821,1.870,1.801,1.853,4700335.3,8627591.5039,61916,4315318.5400
1761955200000,1.853,1.928,1.845,1.920,3774811.6,7142245.0067,57166,3946194.0724
1762041600000,1.919,1.943,1.850,1.905,3157132.7,6001873.1164,46583,2838829.4628
1762128000000,1.904,1.905,1.663,1.712,7177117.8,12642747.4028,89810,6049530.7696
1762214400000,1.712,1.778,1.590,1.677,8014455.8,13551474.5978,101806,6763480.4411
1762300800000,1.677,1.775,1.605,1.765,5163971.3,8810541.2806,64494,4494492.5834
1762387200000,1.765,1.784,1.686,1.740,3794279.1,6594059.9872,62746,3369588.0750
1762473600000,1.739,2.023,1.734,1.979,6367308.7,11904229.0450,94926,6212096.3773
1762560000000,1.979,2.012,1.885,1.937,3384529.2,6568628.0909,63425,3235583.4713
1762646400000,1.938,1.945,1.859,1.925,3056240.4,5831972.1015,50847,2892959.1592
1762732800000,1.926,1.983,1.911,1.951,2612192.7,5090196.9115,48615,2348255.2633
1762819200000,1.952,1.996,1.840,1.850,5107652.3,9881129.3124,84010,4713434.5746
1762905600000,1.850,1.973,1.814,1.837,3746576.7,7059537.9208,72599,3511286.9429
1762992000000,1.837,1.887,1.715,1.770,3514058.5,6399621.4400,68584,3088209.1578
1763078400000,1.771,1.809,1.694,1.722,4042224.4,7089388.0564,72496,3585106.6799
1763164800000,1.723,1.786,1.720,1.754,2631540.1,4621881.6171,36820,2275847.8855
1763251200000,1.754,1.768,1.667,1.712,2688851.0,4635240.8623,46831,2260889.7474
1763337600000,1.712,1.786,1.672,1.703,2704536.5,4676479.0456,55616,2358525.9606
1763424000000,1.704,1.779,1.671,1.739,2989601.0,5168273.0524,53666,2596375.3497
1763510400000,1.740,1.748,1.614,1.691,2906753.4,4912051.1012,49124,2461283.6762
1763596800000,1.690,1.734,1.572,1.606,3244864.0,5389456.0474,59139,2460389.6502
1763683200000,1.605,1.635,1.448,1.540,3927425.9,6001469.8166,84042,2943302.1573
1763769600000,1.539,1.559,1.502,1.537,1370064.1,2094255.5604,33624,1069689.5056
1763856000000,1.537,1.570,1.530,1.532,973242.2,1510191.5863,25374,725639.9725
1763942400000,1.533,1.600,1.501,1.575,1624176.5,2517020.1257,35628,1363054.5468
1764028800000,1.574,1.612,1.550,1.606,1367865.2,2159749.6323,32363,1122378.2529
1764115200000,1.606,1.614,1.551,1.599,925202.8,1467187.1791,25666,774359.6567
1764201600000,1.599,1.627,1.586,1.605,954001.1,1528584.8171,25553,830513.3657
1764288000000,1.605,1.641,1.583,1.610,1418825.4,2286465.2534,28177,1123511.7337
1764374400000,1.611,1.620,1.584,1.594,1024235.2,1642087.6771,22983,800358.2119
1764460800000,1.595,1.604,1.535,1.537,835535.9,1321859.2266,20540,635890.5668
1764547200000,1.537,1.541,1.396,1.436,3434534.0,4950052.5681,53800,2137750.8512
1764633600000,1.437,1.539,1.387,1.516,2659810.5,3911728.0727,39892,2119548.7658
1764720000000,1.516,1.573,1.498,1.553,1709984.5,2619877.6905,34408,1272121.9035
1764806400000,1.552,1.566,1.473,1.491,1233126.2,1877673.7897,27013,981777.8499
1764892800000,1.492,1.507,1.410,1.433,1801276.0,2635886.7838,32579,1302482.5538
1764979200000,1.434,1.445,1.415,1.439,928888.4,1327379.0964,21608,721892.4995
1765065600000,1.438,1.446,1.369,1.407,1568247.4,2214687.2531,33891,1077720.6591
1765152000000,1.406,1.469,1.402,1.453,1033247.9,1494239.3257,26754,745102.6129
1765238400000,1.452,1.544,1.432,1.502,1319342.2,1964133.8522,30464,1032710.3296
1765324800000,1.502,1.526,1.464,1.469,1242767.3,1847962.1768,27346,938949.5623
1765411200000,1.469,1.472,1.411,1.447,1047528.8,1500748.9075,23567,689240.5660
1765497600000,1.447,1.461,1.379,1.414,899817.6,1277049.6734,22356,624439.2791
1765584000000,1.414,1.609,1.410,1.511,21036833.5,31977003.5888,229852,16381042.9071
1765670400000,1.511,1.549,1.400,1.424,6100303.7,9063607.9109,78579,4407571.5583
1765756800000,1.424,1.477,1.355,1.372,4380322.9,6215256.9242,70870,2674448.0743
1765843200000,1.373,1.389,1.324,1.364,2894117.4,3920362.7233,53149,1841268.2315
1765929600000,1.364,1.372,1.269,1.277,2276141.8,3009381.7885,42474,1486379.2237
1766016000000,1.278,1.324,1.208,1.231,3237362.9,4099934.9949,52736,2157310.2372
1766102400000,1.231,1.323,1.217,1.310,1905076.8,2425337.9757,31833,1335602.0552
1766188800000,1.309,1.315,1.285,1.292,898758.9,1168258.7838,19939,589351.0576
1766275200000,1.292,1.294,1.233,1.248,1149021.8,1447843.4755,36617,707255.0859
1766361600000,1.248,1.284,1.240,1.268,1397240.1,1764535.0594,27534,955577.6114
1766448000000,1.268,1.272,1.225,1.258,1042724.0,1302619.6344,25636,717773.2964
1766534400000,1.258,1.261,1.217,1.254,1107206.9,1372221.8982,24948,706059.4968
1766620800000,1.253,1.258,1.206,1.210,1104194.1,1368659.6178,24196,692317.5114
1766707200000,1.210,1.252,1.176,1.205,2149232.4,2600855.4600,33362,1136771.6528
1766793600000,1.204,1.317,1.193,1.303,10602616.7,13499055.6736,100064,6787205.6680
1766880000000,1.303,1.324,1.257,1.267,4397517.6,5676013.6682,57123,2753988.2264
1766966400000,1.267,1.372,1.262,1.293,7750912.7,10260421.4279,89649,5245934.3071
1767052800000,1.293,1.300,1.259,1.281,2238023.3,2854292.6088,37753,1218659.5514
1767139200000,1.280,1.535,1.264,1.345,54365267.8,75232285.1054,499684,38951060.1803
1767225600000,1.344,1.360,1.285,1.335,9178257.1,12043129.9636,103670,5800202.4558
1767312000000,1.335,1.388,1.314,1.385,4633535.7,6230400.2986,68463,2582591.4969
1767398400000,1.385,1.402,1.352,1.374,2291980.6,3139724.4182,35987,1440962.5103
1767484800000,1.374,1.406,1.373,1.391,2209323.0,3067481.8054,33292,1331446.0597
1767571200000,1.391,1.460,1.369,1.448,3727593.6,5263130.2840,44859,2439644.2354
1767657600000,1.447,1.593,1.444,1.513,18165134.9,27695962.6973,198139,13754858.3062
1767744000000,1.512,1.565,1.448,1.478,6383659.2,9530031.7249,80921,4464152.1018
1767830400000,1.479,1.492,1.440,1.475,2728583.2,4005605.8696,49632,1825545.6902
1767916800000,1.476,1.499,1.456,1.491,2469800.4,3652851.8088,45739,1636503.6104
1768003200000,1.491,1.517,1.466,1.489,1862811.2,2785072.6739,34030,1280314.1197
1768089600000,1.489,1.523,1.421,1.435,2999947.6,4431864.6722,43199,1982584.4088
1768176000000,1.436,1.456,1.381,1.386,2126061.3,3008995.3509,36004,1505331.8729
1768262400000,1.387,1.485,1.385,1.467,2071576.1,2954437.9938,40843,1447599.3488
1768348800000,1.466,1.655,1.466,1.570,17223567.7,27040430.4828,194197,13355593.2448
1768435200000,1.570,1.590,1.419,1.435,5995648.9,8974114.2128,72801,4170409.3307
1768521600000,1.436,1.456,1.393,1.452,1868937.9,2658869.2852,36958,1325501.0902
1768608000000,1.452,1.514,1.441,1.476,2159935.7,3201846.9482,38841,1524214.3257
1768694400000,1.476,1.485,1.391,1.393,1627703.2,2343605.1982,30271,1148077.6338
1768780800000,1.392,1.393,1.269,1.377,3359547.9,4534700.0650,70546,2100197.7846
1768867200000,1.377,1.383,1.293,1.304,2004568.5,2682265.4321,33242,1381169.1059
1768953600000,1.304,1.371,1.292,1.329,2297821.7,3061462.4040,34418,1501458.1272
1769040000000,1.328,1.350,1.273,1.293,1793335.6,2345064.5370,32279,1138147.7750
1769126400000,1.294,1.309,1.255,1.283,1994393.1,2556844.0351,33987,1226420.0537
1769212800000,1.283,1.296,1.269,1.279,832507.3,1067514.4177,20338,517916.9455
1769299200000,1.280,1.285,1.201,1.223,1541915.6,1924222.4902,28146,883571.3048
1769385600000,1.222,1.270,1.218,1.258,1198901.9,1495775.4790,23534,762416.6005
1769472000000,1.258,1.321,1.231,1.282,7333255.5,9368063.5192,74912,4590986.1877
1769558400000,1.283,1.283,1.236,1.258,2046348.2,2562940.3476,31969,1154325.2737
1769644800000,1.259,1.260,1.154,1.169,2743849.8,3279342.0983,36637,1415104.1731
1769731200000,1.169,1.172,1.118,1.152,3113641.1,3556630.0763,38727,1720894.6378
1769817600000,1.151,1.179,0.978,1.064,5064647.5,5484601.9196,51691,2685367.9655
1769904000000,1.063,1.119,1.045,1.060,3619793.1,3921773.0159,40219,2010318.8210
1769990400000,1.061,1.116,1.015,1.103,3586526.2,3817760.4817,42007,1833073.9186
1770076800000,1.103,1.114,1.026,1.072,2823251.0,3046349.7251,38695,1501211.9126
1770163200000,1.071,1.096,1.016,1.039,3074408.8,3229963.1647,32973,1616522.2219
1770249600000,1.040,1.049,0.856,0.867,7811402.2,7280891.0383,66358,3541684.2658
1770336000000,0.867,0.965,0.765,0.953,7513033.5,6549941.3495,68006,3180370.3792
1770422400000,0.953,0.953,0.909,0.942,2875029.1,2686663.9389,30717,1379630.7065
1770508800000,0.942,0.948,0.915,0.924,1445689.0,1349439.3570,20287,653622.9966
1770595200000,0.923,0.940,0.893,0.925,1507644.9,1387563.3163,18381,720563.9370
1770681600000,0.926,0.928,0.890,0.897,1454698.5,1313488.6674,17617,625831.4491
1770768000000,0.898,0.930,0.868,0.915,2586691.7,2314624.8404,28434,1227890.1595
1770854400000,0.915,0.977,0.915,0.951,3667567.3,3466725.6995,35995,1627382.0585
1770940800000,0.951,0.999,0.934,0.993,2575906.2,2501656.6497,27761,1262884.2956
1771027200000,0.994,1.033,0.992,1.024,1458246.1,1474410.4546,19312,684218.4705
1771113600000,1.024,1.032,0.967,0.984,1701785.7,1705310.2065,25368,790857.1955
1771200000000,0.984,1.002,0.969,0.985,1030396.0,1013663.7050,19202,490912.8568
1771286400000,0.985,0.986,0.949,0.964,1026988.1,992487.2623,18944,464020.7350
1771372800000,0.964,1.001,0.943,0.944,2711818.0,2644950.0674,32589,1286140.8534
1771459200000,0.945,0.949,0.907,0.937,1432754.4,1330172.5570,19289,665273.1269
1771545600000,0.937,0.966,0.916,0.961,4050554.2,3829846.8955,41728,1865892.1385
1771632000000,0.960,0.969,0.939,0.939,898895.5,859118.1890,16628,409924.3977
1771718400000,0.939,0.942,0.903,0.913,1156372.7,1064841.8082,17206,503968.6128
1771804800000,0.912,0.913,0.866,0.880,1697126.2,1498033.7009,20303,690231.6609
1771891200000,0.879,0.888,0.845,0.868,1291956.4,1118064.6992,17351,537927.2931
1771977600000,0.868,0.982,0.867,0.951,1884426.3,1748636.4268,24388,930928.7789
1772064000000,0.951,0.963,0.900,0.926,1777547.6,1660623.8988,22255,788254.6792
1772150400000,0.926,0.951,0.894,0.908,1213297.5,1122596.5293,18487,544749.8252
1772236800000,0.908,0.917,0.837,0.910,2870852.3,2501833.3995,29571,1179405.4628
1772323200000,0.911,0.935,0.870,0.890,1906181.6,1734820.9437,23191,823728.2519
1772409600000,0.890,0.955,0.890,0.927,3487222.2,3199352.6300,34169,1548044.5984
1772496000000,0.928,0.938,0.884,0.910,1930189.6,1755837.8566,23975,812958.8773
1772582400000,0.910,0.958,0.897,0.939,1703756.0,1578804.3244,24272,828598.4028
1772668800000,0.940,0.952,0.911,0.930,1860671.2,1735761.8710,20988,881568.2584
1772755200000,0.930,0.935,0.875,0.890,1256724.6,1138070.6953,17979,529726.3244
1772841600000,0.889,0.897,0.859,0.871,1034053.0,907469.1011,13823,406326.3955
1772928000000,0.871,0.876,0.846,0.854,1078162.7,929500.7869,16587,497802.3787
1773014400000,0.854,0.892,0.852,0.868,1143712.8,999562.8477,14312,505551.4115
1773100800000,0.868,0.905,0.865,0.879,1062056.7,941020.1204,14418,457580.7223
1773187200000,0.880,0.900,0.872,0.894,1390742.9,1234341.5586,16984,609559.7150
1773273600000,0.895,0.897,0.870,0.882,1074948.2,948910.2417,13398,469029.2647
1773360000000,0.882,0.933,0.880,0.904,1679077.9,1526459.6123,18879,762346.7355
1773446400000,0.904,0.907,0.873,0.881,911911.4,807042.7739,14244,405663.8970
1773532800000,0.881,1.015,0.877,0.947,17246049.0,16489590.6525,106916,8119697.5791
1773619200000,0.947,0.981,0.925,0.951,7707699.3,7309942.9170,58020,3501418.5079
1773705600000,0.950,0.971,0.927,0.946,2078546.6,1970078.7547,25885,969612.8390
1773792000000,0.947,0.951,0.883,0.893,2528326.8,2311470.7063,24003,1072755.2987
1773878400000,0.892,0.918,0.863,0.883,2618525.5,2329106.2986,25630,1128647.9757
1773964800000,0.883,0.891,0.870,0.883,1441922.5,1270469.1495,15420,612962.8244
1774051200000,0.883,0.890,0.845,0.850,931757.9,810952.6951,15108,379247.2092
1774137600000,0.850,0.856,0.822,0.841,1848523.2,1558017.3023,20543,718424.2262
1774224000000,0.841,0.893,0.825,0.882,2817469.0,2417001.3740,24314,1215040.7209
1774310400000,0.882,0.936,0.866,0.931,7523997.4,6801244.9479,50970,3299431.1363
1774396800000,0.930,0.943,0.899,0.905,3151256.8,2892895.7279,28088,1362455.2311
1774483200000,0.905,0.927,0.835,0.848,2456879.9,2147174.7513,23401,1043812.6059
1774569600000,0.848,0.853,0.812,0.817,1544736.9,1283391.1343,21751,620085.2905
1774656000000,0.817,0.842,0.801,0.814,1737174.5,1433380.8107,19810,718387.5670
1774742400000,0.815,0.820,0.783,0.798,1306310.6,1050991.2702,15927,459533.1796
1774828800000,0.798,0.838,0.796,0.809,3490867.2,2846289.6239,30301,1393870.3064
1774915200000,0.809,0.903,0.796,0.889,12801070.0,10931907.4135,78573,5687681.4293
1775001600000,0.888,0.963,0.859,0.931,12048182.1,11019561.6073,79445,5385985.3476
1775088000000,0.931,0.933,0.877,0.878,6487186.1,5853048.9729,50956,2794912.1365
1775174400000,0.878,1.004,0.870,0.967,12508589.2,11901470.7220,85755,6102598.8741
1775260800000,0.967,1.002,0.934,0.958,8937192.4,8653141.3019,68628,4181842.6404
1775347200000,0.959,0.974,0.932,0.968,3479182.4,3321175.3294,34662,1618135.2545
1775433600000,0.967,0.976,0.917,0.926,2572881.6,2440790.0024,28735,1137784.7686
1775520000000,0.926,0.956,0.880,0.950,3642994.0,3310190.7693,30727,1599213.8189
1775606400000,0.950,0.952,0.907,0.907,2087792.2,1949899.7279,28781,965100.2605
1775692800000,0.907,0.933,0.904,0.916,2595085.2,2390466.0181,22864,1200345.5392
1775779200000,0.917,0.937,0.904,0.913,2434462.6,2238621.3841,22529,1077435.9358
1775865600000,0.912,0.931,0.904,0.917,1763749.9,1617636.5522,16653,770172.8179
1775952000000,0.917,0.917,0.871,0.882,1667073.8,1482358.1575,17743,683209.4420
1776038400000,0.881,0.921,0.874,0.918,1222901.9,1090128.1509,15240,539529.2788
1776124800000,0.918,0.919,0.889,0.900,1111376.8,1002960.2027,15123,499105.0069
1776211200000,0.901,0.919,0.889,0.907,1546626.2,1394467.1806,17111,669389.8161
1776297600000,0.908,0.945,0.888,0.940,2019252.9,1850117.5764,20646,844604.2970
1776384000000,0.940,0.968,0.922,0.953,1982639.4,1880901.2049,20544,914339.1610
1776470400000,0.954,0.968,0.915,0.917,2082231.5,1960120.7198,22448,860863.4172
1776556800000,0.916,0.916,0.880,0.883,1730745.4,1557990.4324,18575,720821.2178
1776643200000,0.884,0.924,0.883,0.915,1296425.4,1176041.5156,15666,593603.6870
1776729600000,0.915,0.919,0.893,0.909,1010623.4,916957.7034,12563,441424.8556
1776816000000,0.910,0.937,0.899,0.903,1948231.0,1791917.6096,22911,884742.5618
1776902400000,0.902,0.910,0.881,0.906,1552041.7,1391238.3980,15677,655361.8446
1776988800000,0.907,0.915,0.895,0.904,1139983.4,1032386.7467,14736,534756.9982
1777075200000,0.903,0.919,0.890,0.895,1070971.5,968959.7252,19709,484922.0260
1777161600000,0.894,0.915,0.889,0.908,1294107.9,1168978.3474,13661,590999.4560
1777248000000,0.907,0.918,0.877,0.888,1817997.2,1622878.7560,16010,767714.4005
1777334400000,0.889,0.891,0.878,0.886,1130758.4,1000695.8404,10997,468863.2914
1777420800000,0.886,0.900,0.859,0.873,1968598.9,1730546.3071,15893,861393.5419
1777507200000,0.874,0.881,0.857,0.860,1434442.0,1242683.5613,14801,569138.7553
1777593600000,0.861,0.877,0.860,0.872,946885.1,823682.7415,11254,391047.0588
1777680000000,0.873,0.882,0.864,0.877,878937.3,767322.2726,16055,383449.5299
1777766400000,0.878,0.878,0.866,0.872,995804.4,867936.2841,10347,448188.4222
1777852800000,0.872,0.893,0.864,0.875,1997737.0,1755697.1052,17918,821861.3893
1777939200000,0.875,0.900,0.873,0.894,2125094.5,1892658.2649,18848,941537.3050
1778025600000,0.894,0.932,0.891,0.920,2507276.8,2294656.0704,21137,1171185.4246
1778112000000,0.920,0.937,0.904,0.920,1800158.6,1658379.9223,21659,814220.9469
1778198400000,0.921,0.976,0.913,0.964,1770397.8,1669560.1749,19262,916241.9588
1778284800000,0.964,0.985,0.958,0.961,1909861.9,1851545.7967,25655,905688.0112
1778371200000,0.961,1.167,0.945,1.042,49530756.8,53567718.9808,294084,26477973.8118
1778457600000,1.042,1.088,1.012,1.030,15520049.5,16176418.9710,128050,7662324.7208
1778544000000,1.030,1.053,1.001,1.029,7005823.1,7167161.0978,62371,3333945.7987
1778630400000,1.029,1.055,0.968,0.987,5210788.4,5274775.4995,48608,2393118.3606
1778716800000,0.986,1.008,0.968,0.984,2888354.7,2846014.3307,33066,1370475.7018
1778803200000,0.984,0.994,0.913,0.929,3414877.1,3235516.7659,44650,1558217.9162
1778889600000,0.930,0.935,0.892,0.909,2011042.7,1828445.9099,21729,855338.4101
1778976000000,0.909,0.921,0.859,0.883,1991682.0,1788985.1916,22540,751705.8672
1779062400000,0.883,0.898,0.865,0.897,2216970.0,1946124.1770,28308,951095.4629
1779148800000,0.897,0.907,0.874,0.882,1679918.2,1495169.5951,19024,746068.9521
1779235200000,0.881,0.920,0.870,0.895,6909321.5,6157619.4926,52459,3014691.5314
1779321600000,0.895,0.935,0.893,0.924,3742285.9,3444305.8031,32549,1731223.2318
1779408000000,0.923,0.939,0.894,0.903,3043724.2,2798301.9495,28695,1372751.8044
1779494400000,0.903,0.949,0.874,0.930,2778933.5,2517300.2644,29349,1275336.2224
1779580800000,0.930,0.934,0.883,0.897,1802390.1,1639300.5001,19426,783726.1059
1779667200000,0.897,0.923,0.895,0.906,2203005.6,2004118.1175,18524,1004381.5110
1779753600000,0.905,0.920,0.877,0.883,2465153.0,2210120.5101,21948,1012768.3135
1779840000000,0.883,0.900,0.864,0.871,2331702.0,2059819.8155,20821,1094802.7808
1779926400000,0.871,0.876,0.836,0.868,2646784.2,2259030.8219,29733,1067232.5997
1780012800000,0.867,0.874,0.841,0.860,1817527.1,1563321.5353,19537,812214.1342
1780099200000,0.861,0.881,0.858,0.864,1495690.9,1303785.1720,15366,656801.4732
1780185600000,0.864,0.875,0.853,0.872,1146593.3,993819.5121,15854,495382.7185
1780272000000,0.872,0.884,0.844,0.860,2629812.3,2265969.4277,24882,1102443.7154
1780358400000,0.860,0.863,0.792,0.803,3710624.7,3074317.6561,33961,1451559.2874
1780444800000,0.804,0.834,0.787,0.811,2129072.3,1735089.9155,24821,843007.7635
1780531200000,0.811,0.817,0.748,0.770,3451453.5,2675501.0390,33445,1371969.2986
1780617600000,0.769,0.772,0.675,0.693,5336490.3,3815785.6458,39521,1808291.9391
1780704000000,0.694,0.703,0.646,0.685,4178982.2,2850030.4807,33041,1426300.5103
1780790400000,0.685,0.726,0.685,0.712,2193176.1,1544498.6575,20719,799425.0595
1780876800000,0.713,0.721,0.697,0.708,2036641.2,1447667.8338,22339,676074.4267
1780963200000,0.707,0.712,0.679,0.698,4304202.7,3001172.8909,35372,1452057.6873
1781049600000,0.698,0.706,0.670,0.680,2844313.1,1955420.2728,24664,949827.1612
1781136000000,0.681,0.719,0.681,0.714,2082367.4,1457111.5204,28588,709112.7905
1781222400000,0.714,0.725,0.701,0.714,1732471.5,1233680.7229,19074,610403.9214
1781308800000,0.714,0.756,0.712,0.752,1679822.6,1223295.8598,15740,654908.5689
1781395200000,0.752,0.756,0.710,0.744,1987852.6,1456418.8758,21579,687996.3208
1781481600000,0.744,0.770,0.735,0.751,1799008.6,1351517.5596,18854,675752.7971
1781568000000,0.751,0.760,0.732,0.746,1551810.8,1158696.8636,16056,576487.3336
1781654400000,0.746,0.771,0.739,0.755,1985441.1,1495593.0029,32950,764652.5074
1781740800000,0.755,0.758,0.707,0.725,1915948.2,1396065.2747,21881,654374.9274
1781827200000,0.724,0.732,0.714,0.725,1585145.7,1145425.1787,16560,577530.2784
1781913600000,0.725,0.737,0.712,0.735,1142602.8,828742.6479,16718,433394.2124
1782000000000,0.734,0.742,0.703,0.707,1406993.7,1021150.6157,13854,493672.9483
1782086400000,0.706,0.732,0.698,0.705,1442865.6,1034585.5495,18631,504837.5894
1782172800000,0.705,0.712,0.671,0.689,1657731.1,1141215.2059,18456,555963.5980
1782259200000,0.688,0.692,0.649,0.678,1846938.1,1241657.1991,18961,607586.4598
1782345600000,0.678,0.680,0.635,0.666,2285715.0,1508358.0780,17463,747204.4093
1782432000000,0.666,0.691,0.646,0.679,1553838.1,1042283.3866,15373,546242.0440
1782518400000,0.679,0.691,0.668,0.673,1009543.8,687209.7837,13277,370401.4160
1782604800000,0.673,0.704,0.672,0.688,1618269.0,1114810.0388,18083,537111.8242
1782691200000,0.687,0.705,0.680,0.690,1405666.4,972011.5294,14541,464626.2829
1782777600000,0.689,0.718,0.667,0.672,2699861.4,1862097.5506,23843,911166.7738
1782864000000,0.672,0.695,0.646,0.682,2112658.9,1419589.9467,16308,683545.6487
1782950400000,0.681,0.707,0.676,0.695,1627613.8,1129257.4425,15743,587841.1663
1783036800000,0.694,0.719,0.689,0.714,998833.9,702638.8020,10376,340080.3234
1783123200000,0.714,0.727,0.703,0.715,889069.8,634799.8941,9616,302940.1471
1783209600000,0.715,0.721,0.701,0.714,935467.8,665127.9613,9436,328136.2805
1783296000000,0.713,0.724,0.683,0.710,1469034.8,1032259.5508,12740,504807.3721
1783382400000,0.710,0.712,0.683,0.686,1392922.0,970071.6638,11971,452286.6505
1783468800000,0.685000,0.703800,0.668700,0.702100,2412624.0,1645068.9595300,28228,817354.5533300
1783555200000,0.702000,0.719400,0.686600,0.692800,2656286.3,1862515.6336100,29583,906006.1984400
1783641600000,0.692700,0.701000,0.687600,0.692200,1625669.0,1128312.7923900,27641,561173.8971200
1783728000000,0.692100,0.706000,0.685900,0.686900,1225380.0,851993.4468700,26661,363948.9609000
1783814400000,0.686800,0.697200,0.678000,0.682600,1097000.4,753765.2177000,28062,346843.6411900
1783900800000,0.682600,0.691300,0.662200,0.670500,1242106.3,836740.0650600,28107,417510.7282200
1783987200000,0.670600,0.688400,0.667500,0.685500,1196450.6,811900.5144500,21547,377188.7653100
1784073600000,0.685700,0.699100,0.680500,0.686400,1576062.1,1082270.1156600,22463,534578.0337100
1784160000000,0.686400,0.687200,0.667100,0.670400,1462538.0,989272.4328861,38679,443017.6528000
1784246400000,0.670400,0.680300,0.664800,0.677000,1306427.4,880056.0305300,32084,408660.4687200
1784332800000,0.677000,0.720300,0.671300,0.701400,7117146.4,4970366.5734200,116440,2475853.3532700
1784419200000,0.701400,0.741800,0.690300,0.717100,13422547.7,9598948.1083100,185722,4800715.0006300
1784505600000,0.717100,0.726900,0.691300,0.710300,4466093.2,3159432.0049984,84977,1409193.3810884
1784592000000,0.710300,0.714700,0.700500,0.709700,2519106.8,1783233.6156600,50533,848779.8869500
1784678400000,0.709600,0.717100,0.698100,0.713800,1939103.7,1368051.2341300,41779,679144.0931500
1784764800000,0.713700,0.741800,0.700500,0.715400,7164035.3,5205044.9577000,134778,2633885.5263600
1784851200000,0.715400,0.721700,0.673100,0.681300,5779648.1,3984413.2204600,111271,1966039.3031500
1784937600000,0.681300,0.693400,0.675600,0.681400,2348998.8,1603570.8039900,41232,729049.4332900
1785024000000,0.681400,0.688200,0.673600,0.681800,2742664.9,1866677.3399300,50927,820520.4742900
1785110400000,0.681800,0.689300,0.632700,0.649100,6925588.9,4545546.3395400,130754,1985979.1544500
1785196800000,0.649100,0.665000,0.638400,0.656500,2839398.9,1832614.2760000,46657,882254.5067800
1785283200000,0.656600,0.660700,0.633500,0.643600,2820213.9,1819384.7947900,53962,829081.1711500
1785369600000,0.643600,0.649500,0.638800,0.642000,1514753.4,974831.2162800,42497,399723.9392900
1785456000000,0.642000,0.646600,0.635800,0.640700,1409717.3,903791.8956500,34414,441576.5287400
1785542400000,0.640700,0.660900,0.637600,0.645700,1633157.6,1057931.5393500,35048,509581.2371900
1785628800000,0.645700,0.652700,0.643000,0.651100,881059.3,570374.4172400,19631,310110.1720100
1785715200000,0.651100,0.655000,0.639600,0.648100,1383499.8,894220.1830100,35033,424773.5898700
1785801600000,0.648100,0.654500,0.643500,0.649400,1231772.2,800507.7858800,22448,394685.9028000
1785888000000,0.649300,0.651200,0.639600,0.643300,1657823.0,1069046.0863800,32958,545633.6205500
1785974400000,0.643300,0.659000,0.642400,0.647200,1493356.8,970507.9286900,28745,440494.1194600
1786060800000,0.647200,0.655200,0.639700,0.654100,1418967.7,921175.0342200,28446,461185.9785600
1786147200000,0.654200,0.665800,0.651100,0.664400,1154976.7,762452.5691500,24116,350436.7640600
1786233600000,0.664400,0.676600,0.659000,0.666700,1326633.5,888346.2764600,31596,365587.2170200
1786320000000,0.666700,0.673800,0.642200,0.646700,1537417.1,1012022.9411100,29519,485601.8490200
1786406400000,0.646700,0.652000,0.628100,0.632300,1852437.2,1183197.4491500,25597,540161.9324900
1786492800000,0.632300,0.669000,0.621700,0.651400,5452042.3,3539199.1418654,75413,1858414.3619000
1786579200000,0.651500,0.680800,0.648000,0.665800,3092233.5,2049416.5597300,45502,994250.4508500
1786665600000,0.665700,0.700000,0.655800,0.684800,3911122.2,2662500.4971300,74512,1383310.8764300
1786752000000,0.684500,0.685400,0.670500,0.675400,1385497.8,936341.9238400,28802,384051.6519100
1786838400000,0.675400,0.689300,0.670500,0.676500,1044595.2,708989.6760800,22018,345211.3359300
1786924800000,0.676700,0.688300,0.675800,0.681500,924774.0,630800.1060700,22045,297115.4073700
1787011200000,0.681500,0.698200,0.674700,0.683000,1685907.1,1155971.6872200,34726,526493.6247000
1787097600000,0.683100,0.726600,0.678800,0.717300,1771049.4,1239126.7976800,30125,632628.3158600
1787184000000,0.717300,0.819500,0.716800,0.795100,4894791.9,3812974.7418100,116437,1882999.2891400
1787270400000,0.794900,0.869300,0.792800,0.866600,6805770.5,5606888.5153200,105829,2508659.3905500
1787356800000,0.867000,0.927200,0.810500,0.842400,6279864.7,5536335.7926600,191431,2646249.7686100
1787443200000,0.842300,0.909200,0.804200,0.882900,2977710.7,2561479.1144848,91430,1236607.0213200
1787529600000,0.882900,0.904300,0.853400,0.874400,2659681.3,2325166.7752700,83006,1088191.4064300
1787616000000,0.874700,0.895000,0.836000,0.847400,1992448.4,1731280.7478900,66348,761350.3264300
1787702400000,0.847100,0.906400,0.833300,0.894600,2886136.5,2474287.3246000,57343,1208262.8027900
1787788800000,0.894800,0.927100,0.847100,0.851900,2640104.4,2312224.5535500,59785,1113795.9048200
1787875200000,0.851900,0.863200,0.800700,0.816200,2091439.6,1733107.1278000,41130,792924.8357300
1787961600000,0.816200,0.850200,0.813300,0.822700,1897777.8,1575715.4666100,39039,678895.3663300
1788048000000,0.822700,0.826700,0.780900,0.795100,1848881.8,1497647.7658600,37014,729263.8842400
1788134400000,0.794300,0.828300,0.792100,0.822100,1593006.7,1297547.3593800,30379,628861.6834000
1788220800000,0.822100,0.838000,0.810000,0.824600,1533649.3,1265680.5842400,32786,524725.9433500
1788307200000,0.824700,0.829800,0.807300,0.815700,1465461.5,1196611.1561500,30021,480021.0536900
1788393600000,0.815300,0.895900,0.811600,0.856200,1937001.0,1652196.9260600,37584,816933.5907800
1788480000000,0.856300,0.884500,0.829400,0.861000,2655692.6,2275031.8218000,45950,1027296.4699100
1788566400000,0.861700,0.876100,0.856400,0.870900,956995.2,829054.5862500,22080,461633.0631200
1788652800000,0.870800,0.885700,0.862900,0.882600,1045826.8,915507.3014300,25987,396798.3041100
1788739200000,0.882300,0.896200,0.864300,0.876900,1966546.8,1728272.3049400,32679,810980.7346800
1788825600000,0.877200,0.911100,0.871400,0.888300,1666168.0,1477021.5214800,33294,750788.3384100
1788912000000,0.888300,0.929200,0.861400,0.887400,3437558.2,3104235.6189300,58053,1409951.9901800
1788998400000,0.887300,0.894200,0.848600,0.854300,1543121.3,1349595.3152400,36792,605713.9352300
1789084800000,0.853800,0.897000,0.845000,0.875300,1955725.7,1701544.0825700,41978,821231.0596300
1789171200000,0.875100,0.933500,0.873700,0.928800,2131860.5,1936919.9046400,41879,978367.2912600
1789257600000,0.928500,0.999900,0.925200,0.960600,7124511.0,6894282.9759800,139742,3389858.4648600
1789344000000,0.960900,0.976000,0.919600,0.924100,2987722.8,2832648.1001300,72064,1211280.1252800
1789430400000,0.923900,0.940200,0.838200,0.859800,2637513.2,2335676.1540100,62092,1102868.7553700
1789516800000,0.859800,0.880900,0.834800,0.875800,1468450.8,1258095.9424100,41885,666758.7042500
1789603200000,0.875800,0.879100,0.861000,0.871900,1392649.9,1211423.3186100,32513,531270.3442300
1789689600000,0.872000,0.958900,0.868800,0.951400,3659887.4,3367602.5480500,66253,1563675.3003300
1789776000000,0.951000,0.977100,0.928100,0.955500,2414771.2,2301777.8087200,59822,1035565.3044200
1789862400000,0.955300,0.974500,0.925900,0.949100,2176142.8,2063039.4246000,44666,914690.9282100
1789948800000,0.948900,0.997500,0.932200,0.996800,2124497.6,2064023.5059500,47721,988665.1146600
1790035200000,0.996200,1.020100,0.963700,1.011800,2713318.6,2675961.4080300,64807,1166035.3737600
1790121600000,1.011800,1.044800,0.951800,0.957300,3264030.5,3285051.1501400,73926,1433690.6281100
1790208000000,0.957300,1.015900,0.935500,1.001300,2504344.2,2457715.7124600,53038,1204159.2394100
1790294400000,1.000800,1.064900,0.996600,1.050800,3268913.2,3364497.4725200,75879,1652683.9207700
1790380800000,1.050800,1.082700,1.008700,1.031800,2845275.2,2979373.0243200,68064,1317549.6997800
1790467200000,1.031600,1.036200,1.003600,1.027000,2303737.2,2349021.0073900,42229,975610.4035300
1790553600000,1.027200,1.031600,0.949000,0.984000,2734801.4,2673484.9941900,54221,1197493.6613500
1790640000000,0.983800,1.002400,0.952900,0.972000,1851625.4,1813644.3491300,46917,833278.7060600
1790726400000,0.971800,1.030400,0.966300,1.002300,2622898.7,2623877.8623900,62671,1259251.1515000
1790812800000,1.002100,1.009500,0.964700,0.986700,1743500.7,1720582.6982200,49494,756526.0276000
1790899200000,0.986600,1.034200,0.957800,0.993500,2413459.5,2408941.2933100,54535,1204138.3853000
