open_time,open,high,low,close,volume,quote_volume,trades,taker_buy_quote
1596153600000,1.1255,1.2599,1.1255,1.1805,10125417.1,12125381.82464,27952,5909215.26939
1596240000000,1.1808,1.2387,1.1242,1.1437,12050419.9,14311139.02054,33783,4812913.57537
1596326400000,1.1432,1.1633,0.9000,1.0882,14280854.1,15449049.53213,50069,6669260.28932
1596412800000,1.0882,1.1290,1.0510,1.0715,9708546.4,10612180.01007,37217,6191317.71677
1596499200000,1.0709,1.2387,1.0679,1.2137,14329527.5,16698804.13864,69451,8891880.59259
1596585600000,1.2157,1.2678,1.1480,1.1727,9448169.7,11275643.61147,43790,5415745.88055
1596672000000,1.1726,1.4042,1.1714,1.3665,17007182.6,22215482.15845,96570,8664213.01470
1596758400000,1.3670,1.3700,1.2120,1.2936,13017706.7,17014098.90617,52111,7497090.37408
1596844800000,1.2932,1.5800,1.2792,1.5253,18425573.3,26845177.31875,112390,12419890.76997
1596931200000,1.5250,1.8048,1.4651,1.7213,18989979.3,30989182.94502,140920,11557931.39773
1597017600000,1.7203,1.7802,1.4807,1.5990,19494401.7,31202275.53709,88882,10786831.27086
1597104000000,1.5992,1.6451,1.3500,1.4727,20688639.7,30440273.52601,102236,12018006.71401
1597190400000,1.4732,1.8950,1.4336,1.7857,24126302.7,39211255.30952,118637,14518237.77520
1597276800000,1.7880,2.1658,1.7738,1.8813,28372885.6,54894973.56577,215965,17552579.36916
1597363200000,1.8853,1.9708,1.8028,1.8510,18217488.8,34075938.24828,69275,7296077.81340
1597449600000,1.8524,2.0814,1.8211,1.8602,18516039.8,35505885.97888,77856,8701319.92499
1597536000000,1.8602,1.9191,1.7246,1.8767,22381867.4,41189441.29930,101959,13173461.47669
1597622400000,1.8794,1.9153,1.6600,1.7037,25067938.9,45364639.20162,134880,14268242.15098
1597708800000,1.7017,1.7825,1.4990,1.5704,26420416.7,44043099.70594,168062,13073636.78882
1597795200000,1.5706,1.6356,1.3811,1.4946,29567677.1,45011896.79032,180700,16465324.57403
1597881600000,1.4948,1.6913,1.4946,1.6865,25065495.0,40360817.55439,98129,16184851.38071
1597968000000,1.6861,1.7570,1.4037,1.4153,25596873.3,40433137.76006,109828,16810307.54671
1598054400000,1.4156,1.5316,1.3500,1.5162,20515306.8,29915590.71844,93240,8610367.45421
1598140800000,1.5161,1.5984,1.4134,1.5654,18614793.1,28006621.06011,71158,6570729.76812
1598227200000,1.5672,1.6750,1.5176,1.6176,15957948.5,25198820.67937,71234,5572609.29652
1598313600000,1.6169,1.7980,1.4700,1.4838,23564948.0,38434713.22133,163122,11884879.74100
1598400000000,1.4840,1.6342,1.4632,1.5821,21666875.2,33535878.29162,87562,9797602.90182
1598486400000,1.5843,1.6601,1.3682,1.4579,22758882.2,34537357.14485,108566,10747204.82022
1598572800000,1.4593,1.5176,1.4245,1.4719,16120515.5,23729786.52528,57925,6056399.44853
1598659200000,1.4716,1.5830,1.4651,1.5705,11881374.8,17975024.50154,44326,4172795.03157
1598745600000,1.5693,1.6848,1.5230,1.6284,15494388.8,24626891.99138,63526,6591805.78222
1598832000000,1.6279,1.7177,1.5808,1.6039,13841467.1,22730876.30255,61687,5612269.58826
1598918400000,1.6035,1.6274,1.4841,1.4906,15893921.3,24845409.76509,62880,6108823.28579
1599004800000,1.4911,1.5008,1.2500,1.3974,15360818.2,21752759.61601,88007,5407077.81521
1599091200000,1.3980,1.4082,0.9475,1.0517,23109116.1,28258671.97280,123315,9357364.79249
1599177600000,1.0513,1.1406,0.9501,1.0845,21284298.1,22350363.34100,101375,9671420.00938
1599264000000,1.0847,1.1848,0.8152,0.9243,23213642.2,23816205.01070,106074,10576494.42161
1599350400000,0.9259,1.0459,0.8564,0.9959,20045451.6,19284683.27905,72603,8464666.95176
1599436800000,0.9950,1.0086,0.8613,0.9822,17792778.9,16806213.59335,58772,7065277.10464
1599523200000,0.9822,1.0064,0.8815,0.9081,16825309.6,15931730.07154,51009,6261464.02913
1599609600000,0.9084,1.0553,0.8833,1.0253,15199665.2,14746849.35433,47550,5931565.82878
1599696000000,1.0253,1.1179,1.0237,1.0352,15723682.4,16746704.75426,48901,6568634.94345
1599782400000,1.0352,1.1582,0.9805,1.1338,16837030.8,17964710.31540,63552,7190857.46985
1599868800000,1.1331,1.2110,1.1063,1.1941,16937787.1,19734033.13744,69072,8719813.03965
1599955200000,1.1952,1.1953,1.0940,1.1325,16105441.5,18421981.81183,56958,6781912.34370
1600041600000,1.1322,1.1343,1.0457,1.1080,15517889.6,16911917.57980,52542,7512998.31060
1600128000000,1.1077,1.1400,0.9767,0.9819,14421630.1,15556592.42453,57645,6129670.09581
1600214400000,0.9816,1.3184,0.9144,1.2039,30424878.4,35069592.62116,162376,17534615.32953
1600300800000,1.2062,1.3926,1.1391,1.2553,33558014.1,41530403.68929,170507,20702615.26763
1600387200000,1.2561,1.2752,1.0697,1.0985,19574616.7,23092298.29122,98317,10542299.19305
1600473600000,1.0989,1.1052,1.0403,1.0533,9772555.5,10509941.65620,40193,4536064.49556
1600560000000,1.0530,1.1063,0.9614,0.9896,10412046.9,10847343.81061,45741,4649989.36927
1600646400000,0.9904,0.9946,0.8616,0.8863,17610809.6,16431258.43382,78921,6649521.73217
1600732800000,0.8868,0.9870,0.8717,0.9415,17933654.0,16685084.06691,64892,6748933.47976
1600819200000,0.9421,0.9555,0.8170,0.8202,16481474.5,14851136.18553,57815,5927088.02779
1600905600000,0.8209,0.9250,0.8084,0.8866,15525739.6,13353350.85261,50643,5170246.99727
1600992000000,0.8864,0.9383,0.8393,0.9296,15545847.9,13810946.62067,51562,5747934.66088
1601078400000,0.9299,0.9823,0.8811,0.9823,15039823.7,13964227.39674,52683,6229550.46653
1601164800000,0.9806,0.9989,0.8936,0.9549,14543119.7,13742432.68573,46892,6315263.99757
1601251200000,0.9557,0.9859,0.8807,0.8965,15168312.7,14338313.43249,50617,6184192.74323
1601337600000,0.8956,0.9521,0.8671,0.9424,14202965.1,12806433.35426,42604,4543800.97715
1601424000000,0.9418,0.9781,0.8817,0.9042,13821922.2,12705762.45794,41779,5337128.31783
1601510400000,0.9046,0.9662,0.8702,0.9134,15068251.5,13867677.31669,48134,5329761.82060
1601596800000,0.9128,0.9192,0.7892,0.8694,16388900.2,13909471.97614,53982,5986777.63704
1601683200000,0.8695,0.8875,0.8335,0.8365,11045612.8,9587348.92814,28424,3983329.69658
1601769600000,0.8363,0.8779,0.8263,0.8651,10813714.5,9238008.78797,28982,4100061.47035
1601856000000,0.8657,0.9060,0.8274,0.9005,12683107.9,11058647.70894,39565,5212364.11550
1601942400000,0.9009,0.9027,0.7639,0.7744,15779151.7,13227085.80598,45948,5864936.46258
1602028800000,0.7746,0.7968,0.7199,0.7945,15781248.8,12037747.37413,41921,5487941.27428
1602115200000,0.7945,0.8013,0.7236,0.7896,15198622.6,11730475.35816,44451,5739653.84643
1602201600000,0.7896,0.8410,0.7623,0.8320,15850767.2,12735671.28278,41641,6150772.51079
1602288000000,0.8324,0.9535,0.8320,0.9168,18360966.6,16138940.11612,54938,7190789.82131
1602374400000,0.9166,0.9730,0.8968,0.9251,15484394.6,14424888.70321,63530,6774611.75425
1602460800000,0.9246,0.9671,0.8923,0.9338,14708752.4,13737943.95165,43814,6355162.31452
1602547200000,0.9338,1.0513,0.9048,1.0392,16359298.7,15879723.76817,59236,7404137.74389
1602633600000,1.0396,1.0805,0.9363,0.9656,24262830.2,24544728.97331,86846,11692890.06628
1602720000000,0.9669,0.9669,0.8757,0.8927,19500517.8,17780317.83126,62597,7985473.77481
1602806400000,0.8927,0.8979,0.8233,0.8335,14837710.8,12614684.20612,42230,5761427.17950
1602892800000,0.8335,0.8726,0.8146,0.8710,13210134.2,11206687.34423,31971,5032251.11933
1602979200000,0.8712,0.9087,0.8407,0.9054,11430586.0,9880783.60148,28182,4507217.72810
1603065600000,0.9049,0.9105,0.8513,0.8545,12065537.8,10575036.82270,29178,4736865.58205
1603152000000,0.8546,0.8550,0.7725,0.7842,13284454.0,10744601.43144,35390,4795169.64330
1603238400000,0.7841,0.8899,0.7813,0.8599,17041408.6,14279196.56007,47278,6315429.39943
1603324800000,0.8607,0.9290,0.8601,0.8902,13409166.6,12071079.45294,36373,5402637.47700
1603411200000,0.8902,0.9311,0.8619,0.8874,10646203.1,9556147.15086,33802,3850424.77392
1603497600000,0.8872,0.9354,0.8769,0.9283,9798016.2,8941442.27142,33117,3972811.44898
1603584000000,0.9279,0.9728,0.9027,0.9048,12520787.2,11768785.26491,43284,5218142.82589
1603670400000,0.9054,0.9374,0.8593,0.8830,14040080.5,12710601.91268,45109,5695211.51819
1603756800000,0.8827,0.8899,0.8425,0.8615,12334977.7,10724782.81860,44131,4540611.44258
1603843200000,0.8614,0.8676,0.7820,0.8041,16874580.0,13890727.50018,53210,5047881.38280
1603929600000,0.8048,0.8281,0.7470,0.7542,12594094.5,9973625.06092,38102,2476475.89547
1604016000000,0.7532,0.7827,0.7125,0.7689,14659675.8,10948829.51301,44037,3650100.55632
1604102400000,0.7693,0.7797,0.7260,0.7282,9516442.3,7182831.41171,29301,2720333.96225
1604188800000,0.7280,0.7606,0.7222,0.7538,9004879.0,6647471.59077,27727,2883586.76994
1604275200000,0.7538,0.7826,0.7265,0.7291,11991187.6,9033646.89216,33888,4326281.52835
1604361600000,0.7288,0.7341,0.6928,0.7077,11699581.6,8351662.37485,34872,2759349.96298
1604448000000,0.7075,0.7125,0.6445,0.6745,11769811.9,7990004.02117,38280,3223073.64171
1604534400000,0.6749,0.7030,0.6444,0.6851,13767541.3,9351626.12837,47472,3667725.88130
1604620800000,0.6851,0.7931,0.6804,0.7879,15675833.3,11654654.30173,56321,5322104.20250
1604707200000,0.7885,0.8597,0.6896,0.7346,21495305.0,16780169.79537,75823,7219058.92207
1604793600000,0.7345,0.9056,0.7194,0.8844,19871311.1,16247940.48030,70827,7506595.11314
1604880000000,0.8843,0.9440,0.8322,0.8850,27770190.9,24712091.47942,104232,11796663.58032
1604966400000,0.8852,1.0252,0.8657,1.0021,21338117.0,20526126.93547,90331,9780402.81919
1605052800000,1.0021,1.0795,0.9230,0.9270,19960551.5,19969171.40991,78941,7977717.06750
1605139200000,0.9272,1.0025,0.9054,0.9172,20670016.6,19542759.49267,78529,8653834.52243
1605225600000,0.9170,1.0189,0.9094,0.9887,15266329.5,14871045.12490,59075,6377377.60056
1605312000000,0.9885,1.0095,0.9303,0.9963,16539158.7,16039132.21592,68671,7184260.49029
1605398400000,0.9965,1.0986,0.9730,1.0121,18379293.3,19006449.13940,84056,8135420.70618
1605484800000,1.0131,1.0796,0.9972,1.0240,14044553.3,14510770.33245,59482,5449149.60586
1605571200000,1.0241,1.0824,1.0180,1.0395,15286869.2,16014635.27032,60661,5147520.67073
1605657600000,1.0393,1.0528,0.9176,0.9793,19219667.1,18704182.35183,76228,6541472.58279
1605744000000,0.9791,1.0172,0.9318,0.9644,16622887.7,16216840.90113,58274,5093114.99812
1605830400000,0.9644,1.0449,0.9534,0.9764,15563384.7,15490008.57790,49303,3325158.65041
1605916800000,0.9772,1.0831,0.9759,1.0429,19530039.5,20010246.12969,62847,4632572.45401
1606003200000,1.0438,1.0541,0.9539,1.0276,20161345.8,20402612.72710,65901,5485042.38006
1606089600000,1.0275,1.1725,1.0084,1.1650,22037530.2,24572369.31524,78018,6615502.35677
1606176000000,1.1658,1.2258,1.0973,1.2114,21964086.2,25826405.86237,83674,6559257.48363
1606262400000,1.2126,1.2440,1.0518,1.0869,19319222.0,22770243.67540,69447,4808685.28661
1606348800000,1.0881,1.1057,0.8537,0.9398,29430259.3,27702627.64530,133570,10652997.86543
1606435200000,0.9401,0.9552,0.8614,0.9230,18347532.5,16651291.03068,68569,7061797.09390
1606521600000,0.9231,1.0079,0.9061,0.9911,13072534.9,12467499.93875,49391,5570541.39716
1606608000000,0.9910,1.0253,0.9611,0.9726,12502778.0,12339029.95482,48466,4808998.49530
1606694400000,0.9731,1.0318,0.9570,1.0309,15271850.6,15120632.96589,65148,4771664.78366
1606780800000,1.0309,1.0855,0.9332,0.9365,17010675.0,17037269.16863,66978,4780450.66407
1606867200000,0.9364,1.0253,0.9222,0.9933,15215517.2,14912775.05823,51484,4288999.57067
1606953600000,0.9932,1.0549,0.9801,1.0547,7364943.6,7495409.35968,55212,3563953.34798
1607040000000,1.0548,1.0639,0.9193,0.9295,7710364.5,7706936.01449,58690,3396307.69314
1607126400000,0.9294,0.9911,0.9129,0.9813,5565048.5,5366370.16490,46098,2586158.41178
1607212800000,0.9813,0.9877,0.9254,0.9776,4726028.1,4511327.62901,42061,2126007.55280
1607299200000,0.9777,1.0224,0.9638,0.9751,4764489.2,4700147.66257,42356,2074526.72086
1607385600000,0.9753,0.9760,0.8898,0.9275,6999637.7,6568659.41483,53507,2908932.88640
1607472000000,0.9280,0.9590,0.8705,0.9244,5844532.5,5405881.79345,50229,2449997.12939
1607558400000,0.9243,0.9290,0.8664,0.8685,4791328.3,4286238.09515,45174,1928214.87202
1607644800000,0.8688,0.8717,0.8053,0.8374,5767914.1,4822524.40006,45977,2345654.57702
1607731200000,0.8368,0.8794,0.8349,0.8746,4848781.9,4162122.91383,38670,2052961.27248
1607817600000,0.8749,0.9070,0.8732,0.8947,4329780.7,3861255.26675,34386,1786629.47154
1607904000000,0.8942,0.9257,0.8663,0.9238,4334601.7,3872228.02105,37610,1841627.04855
1607990400000,0.9232,0.9750,0.8965,0.9610,6867583.6,6465304.62842,48465,3248053.41304
1608076800000,0.9604,0.9893,0.9328,0.9409,6894254.2,6591931.02523,45239,2922986.34518
1608163200000,0.9414,1.0389,0.9339,1.0182,14779157.7,14559420.51180,78884,6918243.89951
1608249600000,1.0181,1.0539,0.9846,1.0081,8883839.8,9088778.34672,58953,4231066.74038
1608336000000,1.0082,1.0675,0.9895,0.9972,6081794.5,6281972.92831,44448,2909775.78534
1608422400000,0.9973,0.9976,0.9151,0.9262,7093588.9,6827925.54327,48432,3039477.55755
1608508800000,0.9266,0.9370,0.8673,0.8973,9173550.5,8266027.80609,57212,4013637.32699
1608595200000,0.8972,0.9236,0.8361,0.8879,7909740.2,7001356.04936,52055,3374414.08259
1608681600000,0.8875,0.9025,0.6713,0.7295,10426985.3,8264818.79207,61603,3911081.93908
1608768000000,0.7304,0.8233,0.6799,0.8151,10017223.5,7439700.05180,54235,3708167.32477
1608854400000,0.8148,0.8551,0.7708,0.7822,6467893.4,5242542.87467,45069,2553449.50130
1608940800000,0.7829,0.8185,0.7428,0.7753,6483406.2,5056020.69983,47703,2562250.56946
1609027200000,0.7749,0.8368,0.7251,0.7987,9399971.9,7384131.23332,70469,3636749.77076
1609113600000,0.7985,0.8700,0.7871,0.8067,7681843.2,6406881.41756,55992,2996576.55215
1609200000000,0.8067,0.8264,0.7301,0.7669,8537948.1,6568790.95757,60724,3106976.01579
1609286400000,0.7669,0.7741,0.7156,0.7521,5584730.3,4152580.22268,48833,1987756.47977
1609372800000,0.7520,0.7646,0.7111,0.7332,6203309.3,4565432.68959,51321,1941258.64331
1609459200000,0.7333,0.7996,0.7224,0.7483,7065329.8,5395060.40343,55149,2534221.66961
1609545600000,0.7480,0.7548,0.7032,0.7160,7758437.6,5650889.51437,54881,2520459.93490
1609632000000,0.7161,0.8101,0.7136,0.7963,11707075.2,8870362.26787,69914,4145559.91560
1609718400000,0.7965,0.8833,0.7320,0.8258,15007603.1,12034021.59400,92182,5624861.36644
1609804800000,0.8260,0.8971,0.7656,0.8541,12450391.3,10474010.75415,85250,4862807.08873
1609891200000,0.8542,1.0600,0.8256,1.0369,18386312.2,17575764.30809,111276,7952017.24401
1609977600000,1.0370,1.3690,1.0268,1.0954,27701822.8,33551611.49473,187501,15450005.82002
1610064000000,1.0956,1.3252,0.9673,1.1633,26680627.6,30797197.72626,186376,14564373.61094
1610150400000,1.1652,1.4537,1.1285,1.3386,18587989.7,24627722.34250,160645,11384143.33845
1610236800000,1.3390,1.3967,1.0652,1.1694,19145824.9,23648411.33633,150710,10850740.09314
1610323200000,1.1702,1.1758,0.8280,0.9600,26777085.1,25887422.17015,188755,12175654.01481
1610409600000,0.9596,1.0500,0.9044,0.9363,15182445.4,14707264.42552,107334,6881255.59876
1610496000000,0.9367,1.0564,0.8848,1.0226,15749784.4,15339562.68615,100108,7190077.34067
1610582400000,1.0234,1.0850,0.9692,1.0434,14055160.0,14521010.70195,88132,6634908.49151
1610668800000,1.0432,1.1519,0.9739,1.0831,16925437.0,18166952.91108,118645,8398061.55157
1610755200000,1.0833,1.2319,1.0707,1.1355,14068572.4,16147541.78138,106180,7352549.50481
1610841600000,1.1350,1.2444,1.0445,1.2105,15409893.3,17607085.82709,114213,7941761.33212
1610928000000,1.2103,1.3033,1.1218,1.2751,15543009.4,19082889.09076,110337,8710020.16690
1611014400000,1.2760,1.2979,1.1245,1.1325,10878726.4,13222363.20971,88720,5911381.90632
1611100800000,1.1321,1.3738,1.0855,1.3558,23114879.4,27801303.53474,149151,12864152.63959
1611187200000,1.3544,1.4124,1.1011,1.1235,20804914.2,26959621.79355,152912,12259830.64016
1611273600000,1.1218,1.2252,1.0416,1.1845,10716668.2,12468315.67117,87763,5721905.46589
1611360000000,1.1838,1.3811,1.1689,1.3321,14930946.5,19306304.00542,96207,9146960.38855
1611446400000,1.3318,1.3708,1.2558,1.2983,8141590.9,10729187.19871,68329,4775091.51847
1611532800000,1.2975,1.5343,1.2969,1.3620,14324152.5,20437315.52691,113145,9634294.87012
1611619200000,1.3605,1.4610,1.2900,1.3465,11630658.3,16064797.27864,103396,7535727.61481
1611705600000,1.3469,1.3504,1.1243,1.1587,12968219.1,15717542.61193,104049,7115369.74978
1611792000000,1.1576,1.2939,1.1259,1.1810,11121105.7,13609754.09134,95698,6024697.00259
1611878400000,1.1815,1.2872,1.1559,1.1995,11146601.2,13538664.60775,108807,6422490.53797
1611964800000,1.1997,1.2855,1.1448,1.2695,11611873.3,14286868.33380,97729,6480835.51703
1612051200000,1.2691,1.3520,1.1693,1.1966,9416137.3,11886828.90834,95659,5108315.45869
1612137600000,1.1955,1.3050,1.1561,1.2564,8321094.3,10226950.60810,83494,4643543.58695
1612224000000,1.2561,1.3800,1.2205,1.3052,10672183.2,14077670.13296,94782,6286886.78183
1612310400000,1.3061,1.4050,1.2725,1.3663,9552769.9,12873241.60979,79224,5788863.40052
1612396800000,1.3667,1.5174,1.3048,1.4628,16815455.9,23523311.64093,141795,10655195.42973
1612483200000,1.4629,1.5972,1.4124,1.5605,15194271.4,23075565.02226,134308,10124326.69175
1612569600000,1.5606,1.6800,1.4623,1.4967,17335519.1,26880921.24195,147862,11643475.68390
1612656000000,1.4957,1.5800,1.3770,1.4834,14699004.8,21727368.46014,125855,9975131.75489
1612742400000,1.4821,1.6370,1.4383,1.5479,11181609.6,17318826.01674,108669,7470260.44266
1612828800000,1.5482,1.7649,1.5076,1.6981,16458746.1,27350038.13406,126187,12186337.96433
1612915200000,1.7003,1.9090,1.5699,1.8045,20422302.7,36169215.93754,172885,16541898.70051
1613001600000,1.8041,1.9700,1.7431,1.8468,13220453.0,24698303.02644,125345,11001103.22564
1613088000000,1.8505,2.1500,1.7509,2.0267,15271717.3,29728513.43253,136257,13511335.30941
1613174400000,2.0265,2.2976,1.8500,2.2401,17767411.2,36422881.97277,146629,16750727.16503
1613260800000,2.2439,2.6000,2.0564,2.3149,25326478.8,59437615.42181,224601,27903592.97761
1613347200000,2.3151,2.5155,1.9181,2.0873,18355304.0,40354575.56399,178952,18169813.22127
1613433600000,2.0879,2.1860,1.8943,1.9797,13934798.4,28720131.38621,124243,12613811.54017
1613520000000,1.9803,2.2379,1.7687,2.1246,18987419.1,38532058.97674,155732,17673151.74315
1613606400000,2.1246,2.2781,2.0918,2.1292,13450681.5,29145655.62164,128845,12882923.01895
1613692800000,2.1307,2.3123,1.9960,2.1513,14177008.0,30545717.14223,127251,13818673.51314
1613779200000,2.1517,2.2530,1.8521,1.9689,12909220.0,27348037.50140,120573,11659009.90482
1613865600000,1.9716,2.3632,1.9163,2.2023,20575548.2,45084666.01458,182869,20705391.30545
1613952000000,2.2042,2.2117,1.5367,1.8452,19980453.4,38120558.52596,182922,16716749.87383
1614038400000,1.8456,1.8657,1.1769,1.4294,24859066.5,36219966.50702,224074,17402203.83000
1614124800000,1.4309,1.5653,1.3339,1.4367,15385547.0,22602868.49197,133864,10833536.42348
1614211200000,1.4375,1.5837,1.3122,1.3282,13042307.1,19056065.02142,105080,8500448.85795
1614297600000,1.3300,1.4480,1.1970,1.3344,15463359.3,20570597.95263,113826,9617849.05677
1614384000000,1.3343,1.5363,1.3332,1.4386,18005748.4,25829494.89358,127157,11628647.00277
1614470400000,1.4369,1.5169,1.2153,1.3029,10603918.9,14014733.94851,99067,6417847.60510
1614556800000,1.3038,1.4358,1.2944,1.4059,7864049.9,10723716.10544,71835,4914205.05722
1614643200000,1.4057,1.4791,1.3125,1.3642,10621940.0,14899189.53006,87178,6768050.93313
1614729600000,1.3652,1.6702,1.3433,1.5828,13725260.1,21000881.74582,127311,9548630.18783
1614816000000,1.5818,1.7111,1.5204,1.6240,13045002.6,21215304.64276,143374,9661181.52689
1614902400000,1.6250,1.6841,1.4977,1.6395,9408332.3,14970035.23678,116095,6884626.97224
1614988800000,1.6383,1.7591,1.5916,1.7432,10235077.8,17230956.99423,115162,7853135.08945
1615075200000,1.7431,1.9500,1.7303,1.9463,12403638.0,22592478.73839,139733,10529501.27715
1615161600000,1.9472,2.1000,1.7737,2.0729,15627428.5,30284829.57179,171787,14049542.90258
1615248000000,2.0729,2.1557,1.9449,2.0000,10342856.1,21013447.47021,124228,9301293.77727
1615334400000,2.0002,2.3950,1.8949,2.1442,21662616.1,47519455.19351,256783,22450317.78354
1615420800000,2.1429,2.5533,2.0432,2.5360,15162911.6,34666742.22856,180954,16277510.13893
1615507200000,2.5353,2.6100,2.2283,2.3057,14083080.1,33899384.59794,172809,15589308.80962
1615593600000,2.3055,2.5178,2.2308,2.4087,10727564.6,25592565.50412,140953,11720067.72666
1615680000000,2.4082,2.4316,2.2204,2.2215,10700737.0,25059873.01679,138691,11318546.38779
1615766400000,2.2218,2.3849,2.0660,2.3039,10387945.3,23151341.12229,154097,10670358.00029
1615852800000,2.3035,2.8471,2.1540,2.7640,16087306.9,40207505.87504,218667,19063568.97661
1615939200000,2.7638,2.8000,2.3056,2.4517,18746249.9,45697528.26331,200613,20571176.90436
1616025600000,2.4520,2.4731,2.2799,2.2844,9874854.3,23617484.95359,134493,10362465.67231
1616112000000,2.2846,2.4350,2.2201,2.3215,7955560.1,18688402.36264,100853,8427493.61032
1616198400000,2.3203,2.4066,2.1901,2.2077,6385277.3,14833080.44529,97168,6586584.38780
1616284800000,2.2081,2.2628,2.0628,2.1668,9428992.8,20470788.51838,109657,9246264.99965
1616371200000,2.1685,2.3335,2.0398,2.0690,12095180.5,26699366.01573,157174,11889606.35280
1616457600000,2.0674,2.1770,1.9819,1.9945,8699388.1,17997334.68837,115072,8261661.41594
1616544000000,1.9943,2.2592,1.8200,1.8997,12171458.4,25330882.12341,154009,11298971.93339
1616630400000,1.8997,1.9251,1.7029,1.7946,21102586.2,38088723.30319,186117,19294994.79681
1616716800000,1.7941,2.1494,1.7908,2.0960,15257328.7,30606165.04410,160967,14614051.35509
1616803200000,2.0960,2.2924,1.9818,2.2234,15085948.7,32226947.45106,150500,14970072.05679
1616889600000,2.2233,2.4568,2.1877,2.3687,13897760.1,32386217.36789,168485,14737293.98226
1616976000000,2.3684,2.4543,2.2222,2.4258,13172531.5,30902682.43813,148529,14282375.46581
1617062400000,2.4255,2.6465,2.3950,2.4946,11237964.7,28345461.97221,150359,12824927.58896
1617148800000,2.4956,2.7291,2.1923,2.6736,19115935.2,48217633.30210,199199,21919173.61700
1617235200000,2.6730,2.8128,2.5524,2.5907,10639699.9,28566955.38558,147017,13062712.17200
1617321600000,2.5915,2.9006,2.5507,2.7825,12659317.7,34993826.11278,155870,16204775.47670
1617408000000,2.7822,2.7947,2.4447,2.5354,16271060.2,43012103.96825,168790,19994928.55014
1617494400000,2.5361,3.0911,2.4868,3.0596,15883521.9,45089339.75522,210018,20776281.58175
1617580800000,3.0595,3.1745,2.8251,2.9805,12979660.1,39020417.72273,157543,18488382.59320
1617667200000,2.9808,3.2391,2.8513,2.9890,11063784.3,33801098.11911,158001,15325381.24350
1617753600000,2.9912,3.0401,2.6133,2.7025,13910530.7,39004621.65451,166805,18068200.57045
1617840000000,2.7041,2.9731,2.6610,2.8547,10535280.5,30086495.24235,142180,13591249.50475
1617926400000,2.8548,3.0869,2.8350,2.9075,11373480.6,33576128.96954,138687,15079737.98047
1618012800000,2.9079,2.9991,2.6811,2.7377,7821330.8,22347717.50586,121752,10344848.79877
1618099200000,2.7388,2.8728,2.6846,2.7568,8362860.6,23335128.19846,112769,10655205.12710
1618185600000,2.7571,2.9031,2.6275,2.6591,8187763.2,22465791.44001,125033,10515488.61085
1618272000000,2.6591,2.6848,2.5317,2.6243,8884459.9,23121027.47962,112317,10654523.35762
1618358400000,2.6243,2.7006,2.4335,2.5552,11097879.3,28389258.37422,140293,12871456.80242
1618444800000,2.5554,2.7884,2.5062,2.7300,10851395.0,29014901.09815,121315,13435580.03410
1618531200000,2.7320,2.9918,2.4510,2.9082,18665071.9,50694478.60510,193969,23701779.06690
1618617600000,2.9082,3.0667,2.7334,2.7727,11201436.8,32429723.02044,141870,14960205.24159
1618704000000,2.7738,2.7958,1.8047,2.3679,27339797.3,62331728.97679,247003,29287477.19091
1618790400000,2.3689,2.7767,2.1431,2.5800,28093715.8,68122829.66772,270690,32717644.04726
1618876800000,2.5806,2.9268,2.3555,2.7594,36463978.7,96848756.08518,345840,46988469.03722
1618963200000,2.7591,3.0358,2.5173,2.5427,18952616.5,53311249.78796,222628,24584310.97635
1619049600000,2.5431,2.5958,2.1680,2.1991,19065018.2,46946287.79222,198771,22238058.92826
1619136000000,2.1998,2.2480,1.7300,2.0209,23920999.8,46109251.40078,223425,21946881.52191
1619222400000,2.0212,2.1652,1.8390,1.8526,23651748.7,47368144.74726,206101,22860589.94990
1619308800000,1.8532,2.2175,1.8118,2.1358,22916705.3,46876510.62067,216597,22765744.70521
1619395200000,2.1367,2.9565,2.1031,2.8665,30990718.1,77375587.66861,322308,38870692.39696
1619481600000,2.8685,3.2873,2.8624,2.9875,31741918.7,98352537.06060,354258,48138414.31695
1619568000000,2.9861,3.1589,2.7000,2.7395,23297506.6,67409323.39261,248197,31776637.68306
1619654400000,2.7414,2.7900,2.5910,2.7549,13578217.2,36777099.45100,146310,16995027.44011
1619740800000,2.7534,3.1800,2.6737,3.0455,29584431.5,89957198.66909,260142,42813212.48192
1619827200000,3.0451,3.1401,2.8666,3.0726,11972253.8,36119917.61603,139953,16683906.20894
1619913600000,3.0740,3.4699,2.8765,3.4310,18798572.2,60438888.98908,216360,29740624.35721
1620000000000,3.4316,3.4932,3.2714,3.2943,13205840.4,45027969.68134,173465,21904921.29844
1620086400000,3.2953,5.1124,3.1412,4.3189,57819824.7,237604906.54888,787245,115275062.83319
1620172800000,4.3230,4.8569,4.0334,4.2594,32656732.8,143835855.08313,473772,68215002.30497
1620259200000,4.2596,5.6617,4.0621,4.3530,58899484.1,293191435.80451,908882,141958795.54474
1620345600000,4.3537,4.9920,4.0135,4.1935,32511726.0,142106947.20145,466767,65326397.41061
1620432000000,4.1950,4.9553,4.1467,4.9248,25018694.8,113937351.44697,341534,54417388.47429
1620518400000,4.9283,12.0084,4.9200,10.0193,189459933.0,1391687050.92619,4127805,712494153.25655
1620604800000,10.0102,16.4000,9.0500,11.5714,197322267.7,2348378720.63386,5662110,1186782617.24201
1620691200000,11.5679,12.5320,9.5790,9.6331,71440988.9,764935912.03463,1630968,379868228.27977
1620777600000,9.6325,9.9500,6.9000,7.0326,51629250.6,452819552.35477,1018057,209358773.33311
1620864000000,7.0301,7.7961,6.4100,7.1237,39533262.8,282875370.79072,645896,136511652.28481
1620950400000,7.1258,11.4000,6.8749,9.3816,97225237.3,941222712.82129,2417713,465468191.08133
1621036800000,9.3821,9.9851,8.1084,8.2380,40477335.9,360477286.88371,954593,174781697.44952
1621123200000,8.2288,9.2000,7.3000,7.9129,24579720.5,202683859.54334,543418,96274359.98573
1621209600000,7.9183,8.6421,6.9169,7.3008,27444299.4,212983653.27010,615334,103080812.67816
1621296000000,7.2969,8.1757,7.0372,7.1902,21354320.6,159242673.42762,458931,76953359.33409
1621382400000,7.1923,7.3300,2.5962,4.5097,41292376.9,224894750.54295,643790,108820666.67246
1621468800000,4.5108,8.0000,4.0520,6.9836,54967977.9,341997138.64413,1046511,171689400.48200
1621555200000,6.9861,8.9000,5.7992,6.3480,96911659.4,730950208.07126,2194565,365693838.45297
1621641600000,6.3537,7.2999,5.2916,5.8767,45077727.7,283983883.21080,785889,143049232.17884
1621728000000,5.8754,6.2940,4.0000,5.3466,43650467.2,226027286.24680,750617,112088145.85676
1621814400000,5.3453,6.1630,4.9739,5.8672,29320539.2,164117235.80820,489674,80749710.37887
1621900800000,5.8674,6.3051,5.0826,5.4486,24104442.8,134117477.11374,415210,66154040.89619
1621987200000,5.4470,6.2779,5.2915,5.7996,22349813.9,128078670.32169,347951,62703728.72445
1622073600000,5.8012,5.8672,5.1684,5.4562,16811615.3,93190826.90754,270554,46314084.78757
1622160000000,5.4510,5.5934,4.4500,4.7546,19509237.5,96742250.70434,318915,48031012.14675
1622246400000,4.7554,5.1351,4.1849,4.4834,15957938.9,74825355.57018,255656,37034202.05729
1622332800000,4.4833,4.8998,4.1608,4.6066,15076075.6,69660919.94831,222470,35478155.11307
1622419200000,4.6088,5.0816,4.3467,4.8440,12667631.9,60083081.90075,214221,29753073.05769
1622505600000,4.8461,5.8618,4.7699,5.3146,32056250.2,170043597.62962,566130,83865027.62894
1622592000000,5.3130,5.7200,5.0200,5.2697,19062606.0,102078629.22334,350579,49916974.40187
1622678400000,5.2705,5.6169,5.2117,5.3865,14241392.0,76407297.69618,243135,35158759.63820
1622764800000,5.3879,5.3898,4.5113,4.7137,15649291.7,75544626.39999,257330,37110876.48339
1622851200000,4.7152,4.9800,4.3624,4.5442,13947227.3,65509101.27610,212879,32704890.58197
1622937600000,4.5464,4.7969,4.5286,4.7348,11065399.6,51615943.16463,166341,25637971.63761
1623024000000,4.7345,4.9186,4.1642,4.2348,11924971.3,55044444.63764,167002,26503257.11759
1623110400000,4.2333,4.3248,3.5657,4.0664,16750720.8,66441293.34424,224388,33191951.77075
1623196800000,4.0643,4.2374,3.7888,4.1525,13712010.8,55397910.41181,181470,27278646.56930
1623283200000,4.1533,4.2228,3.6856,3.7049,12444814.4,49132530.34096,169687,24179187.71142
1623369600000,3.7065,3.8201,3.2763,3.3741,13581753.5,48712213.67907,185970,23894505.71286
1623456000000,3.3725,3.3850,3.0180,3.1796,17007487.6,54093068.22174,202749,26511050.14693
1623542400000,3.1797,3.4921,3.1280,3.3979,12711984.5,41900537.43745,142225,21353075.18647
1623628800000,3.3982,3.7151,3.2801,3.6646,15790562.6,55775455.92600,178327,27854548.89383
1623715200000,3.6639,4.5998,3.6275,4.0761,69252573.2,294663682.30547,819453,150379043.96027
1623801600000,4.0761,4.0966,3.7001,3.7580,23414654.8,90914522.73377,283154,45088770.51437
1623888000000,3.7588,4.0348,3.5300,3.6368,17872232.1,67447449.60304,210985,32683249.14383
1623974400000,3.6377,3.6393,3.1780,3.3932,19537110.1,66669628.44541,203704,32294535.92699
1624060800000,3.3918,3.6884,3.3192,3.3265,28454842.3,100473817.28031,283965,50847118.67208
1624147200000,3.3271,3.5570,3.0968,3.4267,17157516.9,56837417.69265,182414,28112088.54869
1624233600000,3.4273,3.4515,2.6470,2.6494,25078065.3,75644810.15992,280950,36910487.17671
1624320000000,2.6491,2.8341,2.1900,2.5708,31200184.8,79336182.84140,299101,39782513.61266
1624406400000,2.5711,3.1141,2.4414,2.8122,25295083.2,71532633.03696,229559,36202699.65260
1624492800000,2.8122,2.9469,2.6620,2.8102,14816884.4,41535184.78477,147691,20567351.72884
1624579200000,2.8097,2.8832,2.4851,2.5292,15348518.2,40565688.46775,164785,20332253.48333
1624665600000,2.5297,2.7419,2.4703,2.7121,23775278.4,62246076.87077,233241,31448512.55707
1624752000000,2.7107,2.9038,2.5818,2.8914,18902839.6,51008493.44780,195480,25776063.17783
1624838400000,2.8908,2.9544,2.7705,2.9007,14388870.9,41253195.80959,158094,20463429.93606
1624924800000,2.9016,3.1979,2.8638,3.0527,16285328.0,49436491.80004,173210,24763844.02078
1625011200000,3.0527,3.1361,2.7467,2.9414,14091214.7,40826282.53894,160020,20077719.30853
1625097600000,2.9424,3.0918,2.7251,2.7691,14498443.2,41257082.37694,156275,20449514.66021
1625184000000,2.7685,2.8232,2.6600,2.8141,8580077.7,23462071.33500,107782,11859530.81696
1625270400000,2.8143,3.0043,2.7359,2.9639,9693162.5,27844746.37965,126632,13653483.37189
1625356800000,2.9650,3.0282,2.7872,2.9702,10940225.1,32024558.21671,138731,15832007.63224
1625443200000,2.9698,3.0238,2.6644,2.7351,11047532.7,31180165.73770,125355,14816955.13941
1625529600000,2.7343,2.9758,2.7302,2.8389,11515716.0,32802103.88867,130319,16067579.90447
1625616000000,2.8397,3.7323,2.7911,3.6688,36551847.7,120013411.94641,382257,59120683.78217
1625702400000,3.6693,3.6899,2.9135,3.0288,44404445.0,144301514.82361,444448,69972272.42067
1625788800000,3.0299,3.1924,2.8115,3.0266,22264031.3,66713650.24958,245216,32555801.70042
1625875200000,3.0266,3.1267,2.8610,2.9779,14565997.9,43273632.52360,167753,21453524.77227
1625961600000,2.9797,3.1500,2.8760,3.0223,13114546.3,39615478.81927,145735,19725817.57318
1626048000000,3.0230,3.0784,2.8481,2.9105,13578729.6,40175323.48446,132646,20017600.00526
1626134400000,2.9101,2.9195,2.7207,2.7657,11167730.9,31419895.83195,114281,15407508.80408
1626220800000,2.7671,2.8113,2.5195,2.7485,13994787.2,37683729.16554,132804,18254252.58332
1626307200000,2.7490,2.7715,2.5477,2.6068,11991824.4,31619318.38212,121643,15293923.47485
1626393600000,2.6071,2.6947,2.4478,2.4758,11081506.4,28502594.04189,120195,13969922.81789
1626480000000,2.4758,2.5439,2.3921,2.4623,7962875.0,19596658.80796,87766,9475168.18901
1626566400000,2.4619,2.5732,2.3909,2.4361,9543273.7,23739577.05632,96923,12115518.62835
1626652800000,2.4363,2.4500,2.2251,2.2873,9026173.0,21029714.39901,98921,9937758.96518
1626739200000,2.2874,2.3539,2.0704,2.1335,12410405.0,26797622.44506,115342,13317259.47920
1626825600000,2.1338,2.4149,2.0604,2.3524,12404344.5,28424613.01359,121359,14558627.69301
1626912000000,2.3522,2.4300,2.2658,2.3586,11886299.2,27836707.24149,128730,13270488.96316
1626998400000,2.3594,2.4383,2.2730,2.4176,12031208.6,28513510.31967,119547,13991792.05843
1627084800000,2.4181,2.6605,2.3858,2.4851,13108594.8,33034658.60553,135891,15914317.51416
1627171200000,2.4864,2.5952,2.3908,2.5325,10756192.1,26605935.69583,112612,13147210.74500
1627257600000,2.5326,2.8579,2.5138,2.5467,18797044.4,51090774.95166,192004,24339637.82358
1627344000000,2.5458,2.6942,2.4503,2.6634,13599314.2,35158697.08687,139675,17169146.17629
1627430400000,2.6638,2.6925,2.5101,2.6736,12535497.6,32726556.00160,140829,16126251.23840
1627516800000,2.6736,2.8290,2.6021,2.7861,15584555.6,42345881.40554,174039,20290215.58931
1627603200000,2.7858,3.5271,2.6602,3.3353,33042056.0,101264122.48442,341735,51340391.55390
1627689600000,3.3370,3.8477,3.2800,3.3112,74288050.9,263817370.01433,734904,133521944.30613
1627776000000,3.3130,3.7962,3.2551,3.3612,35738164.5,124944424.25038,419067,60523295.86395
1627862400000,3.3602,3.5703,3.2549,3.4259,16820808.6,57412250.66170,239940,28197442.92598
1627948800000,3.4262,3.4463,3.1665,3.2727,15701864.0,51507619.84481,210557,24043507.11163
1628035200000,3.2716,3.4248,3.1477,3.3675,13707202.0,45041037.01011,179464,20255085.73300
1628121600000,3.3662,3.5422,3.2700,3.3622,16700865.7,56741779.11543,220545,26323430.66068
1628208000000,3.3620,3.5676,3.2570,3.4110,16104055.9,54976337.01337,214746,25359087.26554
1628294400000,3.4108,3.9479,3.3620,3.7251,32894584.8,123065877.10558,383888,57281068.15282
1628380800000,3.7232,3.7495,3.3447,3.4437,18142465.2,64698217.37275,237229,29067997.71471
1628467200000,3.4445,3.7893,3.3094,3.7053,19925429.8,72247531.64838,244984,32927378.87382
1628553600000,3.7049,3.8747,3.5550,3.6716,14923143.9,55523425.94797,202920,25502255.93431
1628640000000,3.6734,4.2271,3.6625,3.8266,21725011.0,85804165.07187,295184,39342528.40274
1628726400000,3.8271,4.1532,3.6308,3.8094,15897980.3,61509204.90022,221699,27665320.32237
1628812800000,3.8120,4.1834,3.7426,4.1718,12405537.3,49899542.26147,182822,22947490.72348
1628899200000,4.1720,4.3224,3.9654,4.1457,12270390.7,50509257.33820,186899,22733027.02287
1628985600000,4.1453,4.1952,3.9046,4.1177,10035127.1,40569077.52798,159823,19291429.07661
1629072000000,4.1185,4.5053,4.0656,4.1190,15095156.3,64366924.75232,233321,29569399.84086
1629158400000,4.1192,4.8828,3.9671,4.1526,30524648.5,135796724.72406,423773,63054311.27437
1629244800000,4.1554,4.5778,3.8819,4.1320,31636589.3,135372325.53571,409580,63420798.57083
1629331200000,4.1324,4.4729,4.0279,4.4399,16396912.4,69199703.25118,249185,32770006.42967
1629417600000,4.4396,4.9100,4.3717,4.6138,16394729.2,75456215.27351,236948,35306335.06978
1629504000000,4.6151,4.8055,4.4428,4.4981,14503478.4,66944127.16706,228087,31511522.82190
1629590400000,4.4977,5.2550,4.4832,5.1594,24916322.1,122490052.93936,396018,56829962.00513
1629676800000,5.1575,5.4950,4.9227,5.3767,26964577.7,141245320.18552,395883,66978834.62397
1629763200000,5.3768,5.5461,4.7161,4.8923,22685431.6,117258969.76588,339643,53668702.61868
1629849600000,4.8918,5.1633,4.6700,5.0663,13962088.7,69036929.22940,233289,32313865.07537
1629936000000,5.0643,5.1449,4.4544,4.4710,12385058.0,58411444.48892,207888,27486911.20962
1630022400000,4.4730,4.8772,4.2219,4.6951,13042491.7,59000366.02098,216219,27210473.54728
1630108800000,4.6962,4.7163,4.4343,4.5066,9214069.5,42089442.09631,150253,20437375.29114
1630195200000,4.5073,4.6252,4.3040,4.4529,10780281.3,48536730.44878,185118,23774690.82308
1630281600000,4.4518,4.9359,4.2700,4.6303,15043343.3,69116527.71815,245108,33258503.94683
1630368000000,4.6290,4.7752,4.3608,4.4762,13972803.5,63721361.61028,236581,31250162.64625
1630454400000,4.4763,4.9654,4.3402,4.8785,17233711.7,80782193.92570,272224,38309743.80918
1630540800000,4.8791,5.3899,4.7700,5.1839,23864670.2,120865784.15565,384288,57215387.85853
1630627200000,5.1842,5.6392,5.1308,5.3675,23205334.5,125220874.26084,392051,59131099.04661
1630713600000,5.3674,5.8071,5.2685,5.3288,14357034.7,79339642.71799,257285,38982456.44732
1630800000000,5.3289,5.5730,5.2554,5.3680,9913449.6,53635069.41691,188839,26285570.62699
1630886400000,5.3680,5.7177,4.8091,5.2240,16357047.8,87937293.83543,266334,40783645.53246
1630972800000,5.2234,5.2999,3.1466,4.1294,24216559.2,108591092.50807,354919,50894235.93357
1631059200000,4.1322,4.2847,3.5922,4.0324,17221126.6,69070405.58498,274579,33995205.20988
1631145600000,4.0317,4.2870,3.8841,4.0955,16902017.7,69436937.39610,225504,32461457.96658
1631232000000,4.0961,4.4020,3.7401,3.9004,12435614.1,50705554.18934,203174,24136921.12339
1631318400000,3.9001,4.1895,3.8200,3.9366,8299934.3,33320981.66077,135466,15714717.57307
1631404800000,3.9368,4.3149,3.8245,4.1353,9515412.4,38707377.27460,165597,19014744.01322
1631491200000,4.1355,4.1744,3.6000,3.8512,10448246.3,40158359.64231,154307,18997422.48704
1631577600000,3.8513,4.0341,3.7913,4.0294,6488056.3,25482325.40537,120744,12482186.84360
1631664000000,4.0292,4.5129,3.9723,4.2493,12737274.2,53853153.61291,206789,25762771.35514
1631750400000,4.2483,4.3060,3.9317,4.0243,9039869.7,37487256.88299,167226,18719935.58307
1631836800000,4.0237,4.0713,3.7889,3.8497,8373354.0,32911174.24134,142061,15294318.85943
1631923200000,3.8492,4.1722,3.7854,3.9298,8750052.8,34617119.33804,171687,16478477.95443
1632009600000,3.9300,3.9405,3.7357,3.8453,7686989.3,29589879.52616,137376,13433242.90862
1632096000000,3.8459,3.8568,3.1298,3.2507,14861529.3,50732320.89610,235307,24473719.52968
1632182400000,3.2522,3.4169,2.8806,3.0248,13901929.4,44442629.03606,225488,21730612.72438
1632268800000,3.0251,3.4596,2.9337,3.3814,11806733.8,38022047.46138,185218,18683970.70398
1632355200000,3.3814,3.5067,3.2670,3.4739,8878898.1,30117681.05342,161176,15112842.63496
1632441600000,3.4716,3.4932,2.9001,3.1829,13110043.9,41342383.31983,191573,20117716.97909
1632528000000,3.1829,3.5837,3.0708,3.4230,24888775.2,83813554.49080,338924,40846732.32266
1632614400000,3.4228,3.4781,3.0048,3.2488,18565771.5,60617523.88628,271897,29819571.99314
1632700800000,3.2479,3.6880,3.1926,3.3195,19935390.2,68896404.85973,294755,32834812.49212
1632787200000,3.3186,3.3469,3.1403,3.1907,17463623.4,56701230.20640,236164,28127724.82358
1632873600000,3.1898,3.4751,3.1599,3.2702,11199973.1,37255749.91586,181288,19008569.21602
1632960000000,3.2702,3.5243,3.2491,3.4718,10513673.8,35890778.34549,187951,18479008.27095
1633046400000,3.4739,3.8157,3.4554,3.7626,12735214.2,46698684.85945,233146,22453144.78825
1633132800000,3.7626,4.0361,3.6977,3.8495,10535452.7,41087582.11008,179863,19753837.65924
1633219200000,3.8496,4.0999,3.7502,3.9028,9001946.6,35529866.90507,162248,16944566.06521
1633305600000,3.9019,3.9050,3.6300,3.7576,7966743.1,30144603.99558,156065,14105999.93863
1633392000000,3.7586,4.0863,3.7226,4.0571,13912165.7,54554585.86491,236401,26010774.29114
1633478400000,4.0566,4.2100,3.6938,4.0074,13121050.8,52087442.22150,214069,24907479.02321
1633564800000,4.0073,4.0374,3.8207,3.8603,8365135.3,32764238.69219,138956,16295221.57709
1633651200000,3.8605,3.9709,3.7662,3.8033,9126226.9,35217013.74795,147427,17453470.85162
1633737600000,3.8049,3.9400,3.7613,3.8443,9631574.7,36906175.93985,161389,17492885.81051
1633824000000,3.8444,3.8454,3.5461,3.5662,7565614.2,28331113.88547,132058,12925522.68507
1633910400000,3.5653,3.8889,3.5199,3.7392,13363054.5,49964571.05948,209919,23416361.91860
1633996800000,3.7388,3.9900,3.6134,3.9676,28570222.4,108667286.59350,371221,53832128.56322
1634083200000,3.9661,4.7286,3.8643,4.4092,41297556.0,178495141.50044,534183,87272101.69566
1634169600000,4.4100,4.5539,4.2373,4.3077,15759192.5,68926850.08730,254292,34193907.04047
1634256000000,4.3078,4.9798,4.1707,4.5626,26116171.5,121326707.01673,422395,59109936.93716
1634342400000,4.5627,4.8275,4.5075,4.5597,12781675.3,59779097.01366,226157,29267641.65584
1634428800000,4.5603,4.7590,4.2282,4.7564,10483256.2,47463653.77301,176280,22485369.07923
1634515200000,4.7562,4.7754,4.4125,4.5644,10690222.2,49020737.54366,206066,23836939.47607
1634601600000,4.5641,4.5977,4.2780,4.3152,9108978.4,40239797.65572,181926,19202623.66223
1634688000000,4.3151,4.5038,4.2966,4.4153,8778724.8,38733341.76816,186851,19222970.24548
1634774400000,4.4158,4.5132,4.1542,4.1768,9881062.6,42991710.74656,198336,20565655.81670
1634860800000,4.1759,4.2816,4.0586,4.1312,7436912.7,31127210.47158,158215,15394321.85255
1634947200000,4.1318,4.2148,3.9897,4.1752,8319703.5,34057231.90445,147765,16490086.89900
1635033600000,4.1753,4.2010,3.9200,4.0481,8053412.5,32843490.54874,147912,15542748.23411
1635120000000,4.0480,4.3350,4.0221,4.2755,15067466.7,63787912.71453,213719,30359144.43831
1635206400000,4.2752,4.4068,4.1590,4.2340,12040826.7,51862781.34797,183554,24508097.34755
1635292800000,4.2352,4.3960,3.5496,3.8007,14101744.6,55681103.80260,203241,25611231.64228
1635379200000,3.8009,4.0854,3.7746,3.9827,7622383.5,30205412.31346,145343,14520094.01003
1635465600000,3.9833,4.2559,3.9546,4.1234,10611696.6,43987986.49024,198000,21974734.63894
1635552000000,4.1214,4.3099,3.9702,4.1624,10843918.2,44721450.29632,176667,21906519.14365
1635638400000,4.1624,4.5675,4.1605,4.4026,12083285.2,52606885.02226,204263,25571661.06122
1635724800000,4.4024,4.5483,4.1716,4.3394,8142527.0,35374083.08799,151697,17353970.52428
1635811200000,4.3383,6.5946,4.2803,5.2990,44256329.2,242372225.57737,752779,116559260.61237
1635897600000,5.2973,5.5605,4.6556,5.0150,33578474.6,171942461.39105,487197,81576462.73496
1635984000000,5.0151,5.3440,4.7443,4.9197,14068563.8,70337573.83452,266949,34441946.26896
1636070400000,4.9197,5.3000,4.7913,4.9498,11183448.6,55870007.21099,205894,26432397.99139
1636156800000,4.9467,5.1280,4.6469,4.7962,8252361.6,40123026.55084,154280,19313478.93124
1636243200000,4.7963,4.9209,4.7553,4.7894,6043962.8,29228058.36363,125721,14575755.48219
1636329600000,4.7887,5.1450,4.6756,4.9750,11417591.0,55855946.75365,222869,26723821.59842
1636416000000,4.9748,5.1917,4.8218,4.8986,11870539.6,59107635.77284,221171,28527117.04373
1636502400000,4.8978,4.9891,4.0669,4.5220,13367684.2,62679144.40625,221790,28995124.88193
1636588800000,4.5207,4.6580,4.4560,4.5495,9051634.4,41301281.96874,142375,19793295.16352
1636675200000,4.5507,4.6402,4.2189,4.3638,9622029.4,42508616.39765,167187,19953304.58182
1636761600000,4.3635,4.5849,4.3181,4.4927,7480541.7,33291484.05180,151444,16924136.87780
1636848000000,4.4925,4.6400,4.3172,4.4372,7764304.8,34625574.73894,146701,16595861.35030
1636934400000,4.4378,4.8404,4.4157,4.4419,23600373.0,109823760.02947,361323,51702960.36756
1637020800000,4.4416,4.4419,3.7750,4.0828,16070335.7,66644883.64254,265015,31928184.48319
1637107200000,4.0840,4.2284,3.9215,4.1405,9406993.0,38364466.74774,159212,18233401.78303
1637193600000,4.1420,4.1867,3.7937,3.8461,9940685.3,39532803.13694,173843,18775271.27711
1637280000000,3.8462,4.0355,3.7363,3.9641,7642738.5,29823221.88503,146691,14151975.66563
1637366400000,3.9649,4.3219,3.9022,4.2144,11018572.0,45300671.42132,214949,22454346.67820
1637452800000,4.2152,4.3853,4.1468,4.1664,9463702.2,40214304.46601,195979,18812349.24978
1637539200000,4.1691,4.1943,3.8737,3.9355,9432083.2,38114514.12354,181474,18566903.74645
1637625600000,3.9360,4.0731,3.8251,4.0367,8339663.9,33080914.77616,144099,16038091.68154
1637712000000,4.0366,4.1493,3.8512,3.9317,8537442.5,34018968.94507,163550,16536456.60659
1637798400000,3.9314,4.2696,3.9001,4.2291,7647185.7,31452638.12372,149810,15264828.86570
1637884800000,4.2288,4.2862,3.6409,3.7049,11274916.6,43508808.30162,189668,20800074.71776
1637971200000,3.7048,4.5429,3.6854,4.0153,30596677.9,129266021.36410,471547,61985840.28679
1638057600000,4.0145,4.0493,3.7312,4.0359,10309972.1,40331813.68350,183407,19215983.82138
1638144000000,4.0334,4.4036,3.9621,4.0666,10143847.7,41700343.77089,191066,19375963.27222
1638230400000,4.0667,4.1731,3.9219,4.0215,9572726.6,38798704.49748,189419,18500789.41144
1638316800000,4.0230,4.2504,3.9836,4.1209,9735276.7,40008124.42248,175239,18958892.68776
1638403200000,4.1214,4.2586,3.9018,4.1482,12449796.8,51110504.63742,207640,24842072.75853
1638489600000,4.1476,5.6330,4.1000,4.2997,121995148.1,608935945.05975,1559197,305406621.95395
1638576000000,4.3004,4.5877,3.1375,3.6621,53285822.7,207512541.07034,723638,101417700.74582
1638662400000,3.6613,3.6982,3.2342,3.3767,16461458.4,56669153.02529,254358,27075470.55319
1638748800000,3.3781,3.4558,2.9646,3.3731,18888492.0,60757280.65751,283604,29979055.23954
1638835200000,3.3731,3.4827,3.2407,3.2956,11586262.7,39137265.91457,180032,19367998.33516
1638921600000,3.2964,3.4119,3.1287,3.3612,9441259.7,31115940.87922,165332,15737068.65838
1639008000000,3.3612,3.4039,3.0120,3.0143,11613348.9,37022398.78657,186047,17637516.69887
1639094400000,3.0135,3.1024,2.7879,2.8017,15547659.1,46151641.53283,209871,22383357.24716
1639180800000,2.8019,3.0479,2.7363,2.9750,10965054.7,31624199.60961,165509,15576828.37964
1639267200000,2.9739,3.0777,2.9178,3.0370,9494600.4,28385210.96446,127692,13989821.72305
1639353600000,3.0370,3.1780,2.6823,2.7113,27324669.5,80059164.34556,317072,39566328.53051
1639440000000,2.7111,2.8011,2.6480,2.7695,12401558.6,33880187.22373,161410,16815190.90410
1639526400000,2.7698,2.9088,2.5380,2.7806,15912029.6,43236612.06909,193134,21081020.79248
1639612800000,2.7801,2.9967,2.7688,2.8281,10113251.0,29194322.67854,141092,14253666.56341
1639699200000,2.8289,3.0558,2.6587,2.7633,12274872.1,34612208.80716,183105,16948427.76702
1639785600000,2.7620,2.9175,2.7072,2.7969,6925376.2,19467803.07428,113795,9487942.62369
1639872000000,2.7964,2.8742,2.7098,2.7162,6888517.2,19205992.72847,91955,9468230.44565
1639958400000,2.7161,2.7863,2.5509,2.7691,8985718.4,23870824.46670,119695,11510943.71341
1640044800000,2.7692,3.0549,2.7252,2.9475,29106825.9,85464269.13895,315676,43734232.82270
1640131200000,2.9471,3.2863,2.9344,3.0771,12836346.3,39255358.58764,185191,19133547.65688
1640217600000,3.0767,3.2986,2.9994,3.2827,11166738.4,35139456.08034,169039,17126992.76321
1640304000000,3.2827,3.2877,3.0405,3.0900,7501407.6,23914802.17034,115169,11353728.29117
1640390400000,3.0902,3.1834,3.0608,3.1333,5218783.5,16374428.23491,97671,7850738.28711
1640476800000,3.1358,3.1683,2.9449,3.0868,8183364.9,24933268.33394,124202,11905524.24558
1640563200000,3.0880,3.4689,3.0688,3.3955,15404083.9,50633830.82237,189102,24529904.75129
1640649600000,3.3949,3.4179,2.9865,3.0286,24060260.6,76799822.66764,298890,37149717.35848
1640736000000,3.0281,3.2537,2.9314,3.0326,15642611.4,48307781.47246,198059,23869869.01630
1640822400000,3.0327,3.1860,2.9536,3.0862,15920504.9,49274918.16757,209112,24089002.41535
1640908800000,3.0859,3.1350,2.9073,2.9385,9767876.9,29600950.68351,147890,13922533.66306
1640995200000,2.9385,3.1042,2.9385,3.1023,6646853.8,19999133.40163,98184,10376826.60571
1641081600000,3.1020,3.3106,3.0584,3.2022,13894662.1,44464360.63330,175536,22235567.42485
1641168000000,3.2016,3.2893,3.0993,3.2541,10638082.4,34038625.21042,159235,16472490.38973
1641254400000,3.2541,3.6220,3.2408,3.4296,27057073.8,93510090.71998,332019,45452285.84734
1641340800000,3.4291,3.6008,2.9343,3.1051,16966088.8,57422234.14530,236077,27146829.42630
1641427200000,3.1045,3.1631,2.8991,3.0122,11448286.3,34462782.77661,167287,16841379.46134
1641513600000,3.0123,3.0285,2.7652,2.8314,16377974.8,47282461.96905,201426,23768457.99076
1641600000000,2.8312,2.9463,2.6445,2.7551,13023784.0,36352685.64513,157837,17902029.01483
1641686400000,2.7546,3.0249,2.7276,2.8703,13284487.7,38156231.27000,165692,19329015.09062
1641772800000,2.8701,2.9761,2.6122,2.7333,13798268.4,38790220.24640,183928,19122162.02760
1641859200000,2.7346,2.8768,2.7009,2.8014,7240350.4,20141607.70026,116555,10133723.44732
1641945600000,2.8024,2.9259,2.7801,2.8977,7467925.7,21348506.01139,109139,10275912.05329
1642032000000,2.8990,2.9765,2.7235,2.7318,9068416.1,25724601.39997,132728,12131649.16054
1642118400000,2.7321,2.8941,2.6533,2.7672,13085517.3,35865234.95692,152631,18061823.07198
1642204800000,2.7672,2.8180,2.7139,2.7594,8081297.6,22371723.50919,113032,10835744.56557
1642291200000,2.7594,2.7947,2.6964,2.7043,6724601.8,18434906.61969,98241,8804659.13718
1642377600000,2.7046,2.7170,2.5612,2.5987,7868708.4,20682300.53271,120635,9683432.81573
1642464000000,2.5991,2.6324,2.4910,2.5542,7867354.3,20061701.24378,105785,9936514.48795
1642550400000,2.5534,2.5789,2.4300,2.4713,6874982.6,17265851.14697,106859,8222680.64494
1642636800000,2.4736,2.6076,2.3208,2.3417,7291045.9,18223447.59788,108528,8657892.80530
1642723200000,2.3409,2.3602,1.9335,2.0008,13817145.4,30079192.15237,166119,14196730.15754
1642809600000,1.9992,2.0412,1.6244,1.7681,14457261.5,26120226.19498,162660,12884556.72223
1642896000000,1.7702,1.8999,1.7155,1.8213,9509573.9,17128611.58898,113649,8740462.28742
1642982400000,1.8206,1.8229,1.5167,1.7543,12030787.6,19899808.56002,145919,9963012.06168
1643068800000,1.7540,1.8118,1.6878,1.7678,9369469.9,16412685.05408,109095,8278922.45161
1643155200000,1.7672,1.9361,1.6993,1.7347,11717201.9,21187695.05144,127876,10725629.04137
1643241600000,1.7353,1.8700,1.6335,1.7674,19837937.7,35113048.60528,189731,17359559.70449
1643328000000,1.7675,1.8426,1.7244,1.8226,12391617.7,22056918.92138,130868,10989871.57588
1643414400000,1.8225,1.9392,1.8159,1.9152,8271940.3,15617268.74795,98404,8180842.90912
1643500800000,1.9158,1.9562,1.8463,1.9041,7725108.9,14778722.40998,94310,7349395.43702
1643587200000,1.9040,1.9983,1.7820,1.9483,9569423.6,18171479.33183,107717,9135000.86446
1643673600000,1.9479,2.0070,1.9154,1.9768,9380527.3,18457700.43526,102026,9064053.54081
1643760000000,1.9775,2.0341,1.8520,1.8733,12687308.1,24723373.32564,131217,12037473.23443
1643846400000,1.8735,1.8889,1.7754,1.8815,9578471.7,17511940.07901,101535,8681672.04920
1643932800000,1.8811,2.1019,1.8680,2.0985,10238835.9,20345857.47638,107288,10364327.24811
1644019200000,2.0989,2.2019,2.0779,2.1643,9565391.0,20537894.08688,112142,10358488.87087
1644105600000,2.1641,2.2317,2.0954,2.1852,7168627.2,15524487.91432,104348,7577855.18403
1644192000000,2.1848,2.3178,2.1462,2.2704,9566200.4,21619305.01002,107385,10431915.34108
1644278400000,2.2702,2.3247,2.0852,2.1966,11099824.5,24307267.52517,130032,11966198.83497
1644364800000,2.1963,2.4900,2.1600,2.2825,17706114.1,41139300.93661,178092,20183754.75583
1644451200000,2.2825,2.2933,2.1221,2.1572,15161193.3,33802061.79093,151523,16275800.16361
1644537600000,2.1573,2.2838,2.0104,2.0684,12637515.4,27465287.24154,142931,14122136.83156
1644624000000,2.0683,2.1118,1.9669,2.0238,9190051.1,18750525.76069,104213,9059809.02307
1644710400000,2.0243,2.0598,1.9291,1.9987,6601332.7,13284647.44673,78031,6571448.15144
1644796800000,1.9984,2.0107,1.8662,1.9418,9685045.8,18741680.60911,100315,9300833.21539
1644883200000,1.9424,2.1565,1.9417,2.1483,8626741.8,17885241.66890,107014,9059293.74986
1644969600000,2.1491,2.1899,2.0862,2.1308,10141977.0,21710372.49082,136412,10624950.21736
1645056000000,2.1305,2.1569,1.8776,1.9008,9629783.5,19497640.80064,114975,9204657.38405
1645142400000,1.9019,1.9476,1.7974,1.8222,13827168.9,25897241.90146,125251,12720890.62306
1645228800000,1.8218,1.8703,1.7619,1.8208,8098337.1,14725004.92667,78318,7306217.48096
1645315200000,1.8202,1.8345,1.6932,1.7333,10553620.3,18570260.08061,99202,9232381.13610
1645401600000,1.7335,1.8466,1.5602,1.5711,16953743.9,29081246.53469,133065,14251153.43053
1645488000000,1.5719,1.7038,1.5088,1.6940,17456391.9,28281009.83952,134258,13856002.05753
1645574400000,1.6930,1.7607,1.5832,1.5878,12867942.2,21747026.77205,101552,10916219.33562
1645660800000,1.5884,1.6128,1.3600,1.5626,16968487.3,24891806.87901,132569,12220203.74300
1645747200000,1.5624,1.6754,1.5277,1.6539,9828467.5,15678699.53160,87981,7723016.05838
1645833600000,1.6539,1.7240,1.6474,1.6738,7830704.8,13211036.58439,81673,6598213.16646
1645920000000,1.6734,1.7466,1.5636,1.6040,10304821.3,17087318.55190,99107,8233765.74642
1646006400000,1.6032,1.8608,1.5734,1.8562,9810480.9,16594256.69820,93845,8527815.82759
1646092800000,1.8558,2.0346,1.8201,1.9928,11969163.7,23021837.15013,128164,11273609.74457
1646179200000,1.9933,1.9990,1.8812,1.9213,10897950.3,21266312.51811,121503,10307451.81797
1646265600000,1.9213,1.9791,1.8069,1.8484,7996393.3,15195515.70282,95687,7528496.80837
1646352000000,1.8488,1.9185,1.6978,1.7193,9769840.2,17960566.71529,111379,8754336.34056
1646438400000,1.7198,1.8430,1.6667,1.8171,6881262.6,12199725.01322,75423,6028919.00944
1646524800000,1.8172,1.8279,1.6891,1.7159,7630545.2,13363885.88270,80376,6597493.46806
1646611200000,1.7164,1.8112,1.6320,1.6990,10126002.0,17373425.19617,91930,8858585.29293
1646697600000,1.6981,1.8159,1.6691,1.6878,10833728.1,18909207.90529,103992,9582961.01677
1646784000000,1.6875,1.8143,1.6835,1.7960,14272249.6,25163230.98365,127983,11725137.07451
1646870400000,1.7950,1.8048,1.6128,1.6665,11868208.1,20033946.98203,108920,10217042.69496
1646956800000,1.6661,1.7082,1.6007,1.6315,6495688.5,10729876.44200,72864,5223162.26962
1647043200000,1.6315,1.6841,1.6210,1.6267,7996240.2,13236273.23709,74169,6113499.22835
1647129600000,1.6268,1.6885,1.5889,1.5956,6852772.3,11335980.55539,70219,5529491.80780
1647216000000,1.5956,1.7080,1.5749,1.6930,7355417.8,12180742.17583,71414,5816304.32027
1647302400000,1.6933,1.7359,1.6033,1.7079,6603992.9,11047991.93548,67503,5505231.66659
1647388800000,1.7083,1.8511,1.6967,1.8198,9263768.7,16368132.80374,96938,8082671.08142
1647475200000,1.8199,1.8454,1.7585,1.8114,5881638.1,10608055.18191,71690,5493874.60170
1647561600000,1.8115,1.8554,1.7438,1.8532,5928089.4,10639301.00971,69136,5137220.22781
1647648000000,1.8540,1.9951,1.8290,1.9325,8169391.7,15560738.76620,79403,7462025.10251
1647734400000,1.9325,1.9399,1.8084,1.8798,6396422.9,12011074.43912,65246,5891989.70586
1647820800000,1.8798,2.0001,1.8216,1.8975,8867089.6,17053906.08053,90789,8275253.00091
1647907200000,1.8975,2.0380,1.8832,1.9319,9327613.5,18324449.66109,86734,8957858.33104
1647993600000,1.9321,2.1172,1.9008,2.0871,17832425.8,36158281.12131,159078,17610859.61087
1648080000000,2.0872,2.1406,2.0243,2.1148,9714665.7,20283484.99256,99943,9670289.74757
1648166400000,2.1146,2.1775,2.0166,2.0831,9115508.6,19260880.29869,91774,9162970.83823
1648252800000,2.0824,2.2500,2.0622,2.1636,21637010.3,47113726.81185,191506,23033941.67695
1648339200000,2.1636,2.3127,2.1182,2.2788,8252945.3,18119930.02835,96992,8727476.92500
1648425600000,2.2793,2.3764,2.1699,2.2043,7774366.9,17989412.11234,88787,8256965.65178
1648512000000,2.2048,2.4043,2.1943,2.3064,8812142.0,20326030.25437,103965,9777803.39422
1648598400000,2.3059,2.4700,2.2022,2.4215,10620910.6,25383793.70076,117153,12284280.22147
1648684800000,2.4216,2.4915,2.2070,2.2432,13363856.3,31521968.24876,131695,14870449.68077
1648771200000,2.2427,2.6134,2.1489,2.5233,18878726.6,44973665.74718,203696,21769578.45415
1648857600000,2.5224,2.5814,2.3876,2.4084,13289728.7,33105867.32307,170569,15561421.97980
1648944000000,2.4085,2.5920,2.3373,2.5541,21001431.6,52925469.77983,226186,25057742.35514
1649030400000,2.5550,2.6067,2.3302,2.4478,14985373.2,37386953.14151,167312,17326444.02787
1649116800000,2.4481,2.5458,2.3205,2.3404,7867705.9,19312434.38372,106237,9131604.14480
1649203200000,2.3405,2.3437,1.9853,2.0005,13854240.9,30193562.12454,159211,14015116.80986
1649289600000,2.0002,2.2200,1.9500,2.1022,28111573.4,59239122.28442,264694,28479861.75153
1649376000000,2.1017,2.1568,1.9555,1.9765,11122920.6,23235595.45763,119022,11137746.83597
1649462400000,1.9762,2.0664,1.9682,2.0600,5373403.5,10836686.79528,76979,5278075.81339
1649548800000,2.0599,2.0932,1.9551,1.9625,5479867.7,11166948.58358,76517,5549004.71233
1649635200000,1.9619,1.9856,1.7831,1.8202,17959337.4,33734794.71196,178248,16014416.95123
1649721600000,1.8206,2.0510,1.8132,1.9796,23829025.2,46423704.04808,224292,22829584.43318
1649808000000,1.9797,2.0722,1.9406,2.0648,14591121.2,29237456.97269,155669,14893056.54433
1649894400000,2.0648,2.1820,1.9800,2.0736,25143087.9,52673427.27801,202652,25322333.92020
1649980800000,2.0736,2.1211,2.0255,2.0937,9435163.5,19526612.26891,100807,9308188.48985
1650067200000,2.0944,2.1228,2.0131,2.0564,5797330.8,11960399.08988,65712,5674520.68719
1650153600000,2.0560,2.1227,1.9279,1.9325,8944014.6,18367420.51534,92218,8612874.05291
1650240000000,1.9327,1.9830,1.8160,1.9818,11493604.4,21777530.81226,106724,10564131.29049
1650326400000,1.9813,2.0748,1.9578,2.0730,6362642.0,12783832.80060,74367,6137314.00575
1650412800000,2.0738,2.1400,1.9923,2.0311,9220687.1,19087544.00820,94436,9338570.61042
1650499200000,2.0307,2.1436,1.9174,1.9570,8762196.3,18071465.21777,92912,8479926.35974
1650585600000,1.9576,2.0943,1.9400,1.9875,10721198.8,21788645.04472,100811,10864715.40207
1650672000000,1.9875,2.0004,1.9131,1.9342,8230561.7,16161231.00428,78270,8089949.74294
1650758400000,1.9341,1.9611,1.8752,1.8919,6994213.4,13432890.73289,73026,6597623.34745
1650844800000,1.8921,1.9165,1.7560,1.9090,11534268.9,21169230.21829,106546,10331378.88648
1650931200000,1.9092,1.9355,1.7100,1.7393,7972371.6,14744198.28421,93858,7237433.32019
1651017600000,1.7398,1.8476,1.7236,1.7870,9749704.6,17517754.55588,100235,9002992.04593
1651104000000,1.7871,1.8311,1.7374,1.7905,7526738.6,13462180.47456,87001,6613718.35918
1651190400000,1.7900,1.8030,1.6030,1.6457,7100598.9,12168670.12721,79463,5923423.37082
1651276800000,1.6455,1.6911,1.3870,1.4652,9482267.8,14937469.09444,88910,6929868.42662
1651363200000,1.4656,1.6219,1.4372,1.5429,14595300.4,22353494.46916,122820,11091754.02257
1651449600000,1.5430,1.5851,1.4514,1.5132,9258628.6,14063972.17846,83708,7093297.25453
1651536000000,1.5127,1.5736,1.4509,1.4831,7605427.8,11557365.38560,72193,5690841.09423
1651622400000,1.4839,1.6467,1.4755,1.6435,10773677.0,16740133.49451,93839,8246722.15477
1651708800000,1.6435,1.6629,1.4084,1.4803,11952673.3,18211660.00068,100383,8796334.50372
1651795200000,1.4800,1.5209,1.4271,1.4944,14566931.7,21551928.95297,115116,10829381.36666
1651881600000,1.4944,1.4993,1.3320,1.3683,10436175.0,15113330.07848,85262,7366013.32591
1651968000000,1.3684,1.3950,1.3096,1.3418,11444074.7,15521339.84726,87864,7775437.71098
1652054400000,1.3419,1.3855,1.0801,1.0925,22320117.2,27249141.31509,147514,13836902.17087
1652140800000,1.0936,1.2941,1.0506,1.1551,34370141.6,41070299.20998,198518,20570350.59389
1652227200000,1.1551,1.2127,0.7583,0.8242,45895899.1,46110374.29870,228825,23460800.53902
1652313600000,0.8248,0.8825,0.6199,0.7221,45188270.9,32810669.10016,224054,16531101.53880
1652400000000,0.7222,0.9138,0.7147,0.8151,18997287.9,15865816.78974,113995,7925524.14991
1652486400000,0.8145,0.8846,0.7456,0.8743,16528602.1,13490650.85891,88277,6900351.29421
1652572800000,0.8747,0.8967,0.8180,0.8954,21212235.9,18129644.56529,101564,9223714.07077
1652659200000,0.8951,0.8952,0.7846,0.8154,19929323.2,16449472.77936,102766,8094533.43061
1652745600000,0.8159,0.9393,0.8142,0.9093,19632112.7,17154009.27802,110285,8682339.70945
1652832000000,0.9092,0.9461,0.8178,0.8253,33156295.3,29370435.16331,156792,14603829.55298
1652918400000,0.8252,0.9267,0.7795,0.9123,19835052.9,16999363.16014,110319,8406937.76271
1653004800000,0.9126,0.9455,0.8356,0.8947,27118059.2,24315444.20633,135162,12208448.12162
1653091200000,0.8946,0.9492,0.8719,0.8887,26251867.7,23738198.13354,118420,12022217.36177
1653177600000,0.8885,0.9433,0.8740,0.9344,20695877.9,18846909.67442,96050,9358773.88387
1653264000000,0.9335,0.9872,0.8598,0.8747,26414644.5,24763215.70844,114277,12038760.21771
1653350400000,0.8746,0.9181,0.8232,0.9110,25392800.9,22346966.51779,105506,11114302.69184
1653436800000,0.9107,0.9216,0.8411,0.8660,29518045.0,25885278.82706,119620,12828690.50345
1653523200000,0.8664,0.8876,0.7630,0.7899,26476018.5,21647692.54490,116544,10723029.29257
1653609600000,0.7898,0.8046,0.7379,0.7704,30046531.6,23334506.89347,138962,11394737.64291
1653696000000,0.7705,0.8104,0.7540,0.8008,14425987.9,11400230.29375,68592,5728893.78961
1653782400000,0.8011,0.8472,0.7744,0.8454,16256662.5,13141242.55354,72191,6563810.00633
1653868800000,0.8454,0.9944,0.8296,0.9856,25716420.8,23739559.08677,118111,11818540.75044
1653955200000,0.9860,1.0130,0.9140,0.9811,18917095.9,18229908.05193,108256,8887338.18362
1654041600000,0.9810,1.0547,0.8635,0.8911,29583474.8,28681877.71977,143784,13820422.25673
1654128000000,0.8917,0.9284,0.8580,0.9212,17824171.8,15867098.69634,98817,7825222.66641
1654214400000,0.9213,0.9287,0.8533,0.8823,10369937.8,9205167.63813,71228,4746002.91743
1654300800000,0.8825,0.8944,0.8491,0.8637,9913787.6,8613868.30328,58585,4369942.88013
1654387200000,0.8633,0.8852,0.8325,0.8632,9649373.3,8268479.26530,56548,3974213.30172
1654473600000,0.8636,0.9400,0.8588,0.8818,12776045.8,11520360.36206,67796,5727794.32179
1654560000000,0.8814,1.1094,0.8061,0.9468,26170529.5,23935511.31834,119763,11686895.02324
1654646400000,0.9465,0.9853,0.8895,0.8941,24152586.5,22583803.29701,108371,10887238.08283
1654732800000,0.8939,0.9699,0.8753,0.9111,32221079.2,29992679.49828,122661,14657084.80538
1654819200000,0.9108,0.9142,0.8440,0.8788,15958833.8,14089885.76147,77455,6657184.81157
1654905600000,0.8793,0.9025,0.7563,0.7955,20852803.5,17208283.61291,96522,8523994.77577
1654992000000,0.7960,0.8073,0.7047,0.7063,17812191.3,13467867.92804,88884,6522659.41374
1655078400000,0.7063,0.7369,0.6235,0.6904,32072730.7,21681750.05154,151273,10973843.98546
1655164800000,0.6897,0.7334,0.6272,0.6803,29760475.5,20380441.86751,131320,11001222.24142
1655251200000,0.6802,0.7303,0.6123,0.7276,27095252.6,17854481.35905,124781,8802418.91558
1655337600000,0.7275,0.7352,0.6040,0.6163,18563957.4,12210400.84319,88428,5990629.96137
1655424000000,0.6164,0.6655,0.6121,0.6383,13349769.4,8560594.33081,65427,4248340.58298
1655510400000,0.6383,0.6599,0.5621,0.6162,60339125.4,37703448.77276,181907,18029583.34987
1655596800000,0.6159,0.6950,0.5845,0.6873,63535499.2,41885908.36394,187380,19728141.98414
1655683200000,0.6870,0.7140,0.6605,0.6858,31882270.6,21795468.37069,116660,10541386.53989
1655769600000,0.6858,0.7450,0.6686,0.6959,19844307.2,14052712.34912,90743,6809121.06555
1655856000000,0.6956,0.7049,0.6616,0.6686,16246113.9,11064791.62242,72031,5451367.36116
1655942400000,0.6695,0.7948,0.6671,0.7577,61318035.5,46050842.68398,177972,23088152.55863
1656028800000,0.7576,0.8287,0.7422,0.7894,40512026.0,31508077.50190,125660,15003680.24501
1656115200000,0.7889,0.8083,0.7490,0.7787,15883286.6,12411666.95760,71383,5851232.52275
1656201600000,0.7788,0.8414,0.7213,0.7265,27900169.4,21985220.23232,101755,10505784.72266
1656288000000,0.7266,0.8045,0.7256,0.7718,20639284.5,15955204.03331,85258,8091516.94570
1656374400000,0.7723,0.7795,0.7156,0.7253,13314090.2,10010744.07011,63304,4889951.97763
1656460800000,0.7251,0.8970,0.7213,0.8304,91390405.7,74069300.21107,272148,37228615.85846
1656547200000,0.8305,1.1599,0.7810,1.0391,996359327.5,969140699.81588,2684173,501981125.56386
1656633600000,1.0391,1.4293,1.0172,1.3266,1261673080.2,1504654760.82034,3665186,788314455.61278
1656720000000,1.3263,1.3800,1.1343,1.1445,532459480.1,658509743.79986,1799229,336176673.51551
1656806400000,1.1445,1.1568,1.0407,1.0583,207468818.5,225437607.23835,702333,114841531.30400
1656892800000,1.0583,1.0727,0.9813,1.0079,191671217.4,194195547.03451,521147,96870452.52254
1656979200000,1.0077,1.0983,0.9826,1.0406,169125979.2,177052830.41167,572607,86968656.86614
1657065600000,1.0411,1.0570,0.9900,1.0027,93025740.3,94700113.22795,296720,46168434.48320
1657152000000,1.0026,1.0231,0.9915,1.0093,63326036.0,63878559.43718,215106,30323699.41368
1657238400000,1.0095,1.0311,0.9229,0.9437,87566546.8,84620467.00027,293444,39424082.03028
1657324800000,0.9437,1.0438,0.9428,1.0077,64767391.2,64946998.06045,241328,31936483.50460
1657411200000,1.0077,1.0145,0.9207,0.9368,52556943.4,50283384.48774,202225,24289416.37491
1657497600000,0.9368,0.9369,0.8463,0.8589,47592081.7,42745170.15921,188099,19947075.36792
1657584000000,0.8587,0.9200,0.8530,0.8536,58925097.4,52161608.76410,193606,25889649.52532
1657670400000,0.8534,0.8848,0.7965,0.8530,69216481.8,57458783.97911,244069,27885462.98270
1657756800000,0.8527,0.9525,0.8456,0.9307,60303851.8,53825103.75167,240218,26368341.98508
1657843200000,0.9307,0.9344,0.8744,0.8980,38611170.2,35004990.66247,176284,17278098.02249
1657929600000,0.8979,0.9700,0.8801,0.9421,41464427.0,38447799.55631,184927,18526753.55513
1658016000000,0.9418,0.9757,0.9227,0.9392,33432633.5,31788916.99610,150395,14974262.49327
1658102400000,0.9393,1.0076,0.9365,0.9806,33621684.0,32812818.02047,170551,15911756.56586
1658188800000,0.9808,1.0283,0.9495,1.0062,32344097.8,32077732.91719,169524,15696749.38708
1658275200000,1.0063,1.0412,0.9138,0.9303,33707907.9,33278830.88838,167080,15762391.70593
1658361600000,0.9302,0.9525,0.8947,0.9441,25120216.8,23258972.32191,128423,11264232.44051
1658448000000,0.9441,0.9790,0.8927,0.9067,19193267.2,18082083.57292,109786,8865935.09723
1658534400000,0.9065,0.9329,0.8742,0.9070,14206429.8,12836353.46608,92739,6237279.71607
1658620800000,0.9073,0.9466,0.8981,0.9029,15447465.5,14225263.21785,92471,6888994.24038
1658707200000,0.9030,0.9116,0.8353,0.8370,22601508.5,19817893.01329,114575,9396351.10738
1658793600000,0.8370,0.8562,0.8034,0.8470,14611964.3,12140273.06157,93780,5746717.69406
1658880000000,0.8472,0.8908,0.8252,0.8875,19070165.3,16295614.10278,96142,7919479.67397
1658966400000,0.8875,0.9593,0.8762,0.9401,21334284.1,19563315.85356,114664,9747776.90050
1659052800000,0.9402,1.0180,0.9202,0.9821,22251350.5,21446467.73564,116334,10455262.16486
1659139200000,0.9819,1.0878,0.9658,0.9791,27114428.5,27857675.70410,132615,12948209.08173
1659225600000,0.9793,1.0848,0.9720,0.9926,25080816.0,25922227.20477,126908,12381974.55156
1659312000000,0.9921,1.0805,0.9883,1.0287,22073282.6,22948491.41721,111017,10926341.87705
1659398400000,1.0289,1.0438,0.9434,0.9968,17511647.0,17404304.68115,100201,8596131.43328
1659484800000,0.9971,1.1454,0.9932,1.0147,74839806.7,81398077.03547,295331,39827445.07020
1659571200000,1.0147,1.0586,1.0050,1.0332,24688412.7,25438319.27600,126586,11976813.70530
1659657600000,1.0333,1.0791,1.0260,1.0749,14161314.2,14901324.53308,83684,7035073.31496
1659744000000,1.0746,1.1000,1.0596,1.0949,8921947.2,9567924.44723,61980,4599361.30069
1659830400000,1.0945,1.0951,1.0265,1.0435,14861375.0,15557004.95243,77890,7182859.23927
1659916800000,1.0436,1.0971,1.0426,1.0642,12620832.5,13533243.17531,75705,6657885.00668
1660003200000,1.0641,1.1472,1.0013,1.0313,37222871.5,40087084.74675,158617,19372933.06544
1660089600000,1.0313,1.5600,1.0045,1.4728,372228108.2,513326993.99334,1158923,263962145.13358
1660176000000,1.4726,1.8291,1.4170,1.4833,519312335.5,808377062.85635,1690139,411113174.15681
1660262400000,1.4832,1.5900,1.3812,1.4229,114830068.1,167953961.53066,448866,83125010.51400
1660348800000,1.4227,1.4500,1.3710,1.4171,41544081.0,58780387.91789,231893,27880356.87118
1660435200000,1.4177,1.4694,1.3121,1.4522,40257820.4,56408894.80771,229048,27259109.83600
1660521600000,1.4522,1.6636,1.4148,1.4653,198917263.6,309184560.94365,831397,154720393.45526
1660608000000,1.4653,1.4953,1.4160,1.4695,56873674.3,82827882.50404,271194,41551345.84505
1660694400000,1.4693,1.5452,1.3875,1.4092,60711163.7,88262966.50824,313739,43553475.79262
1660780800000,1.4102,1.4496,1.3546,1.3908,36343760.6,51585397.70937,191781,25766718.77481
1660867200000,1.3908,1.3980,1.1734,1.2293,54849495.0,68387467.14063,262614,34077866.79906
1660953600000,1.2293,1.3983,1.2283,1.3642,120509548.4,161733806.17591,575963,83208554.94090
1661040000000,1.3642,1.3685,1.2613,1.2990,44149893.8,57660109.55150,259542,28701657.85367
1661126400000,1.2990,1.4170,1.2397,1.3558,67702488.1,89991091.68200,338135,45242927.56402
1661212800000,1.3557,1.3687,1.2559,1.3032,40256563.9,52060785.44613,218212,25630422.71516
1661299200000,1.3031,1.6945,1.2609,1.5397,178571277.8,269755263.47065,772835,138059920.71978
1661385600000,1.5395,1.5850,1.3849,1.3885,88062449.8,129438318.68287,408651,66129320.94623
1661472000000,1.3885,1.4089,1.2298,1.2472,56818950.0,75438479.23968,309848,36420871.20386
1661558400000,1.2470,1.3881,1.2339,1.3713,89267878.7,119515496.75601,464112,60025588.34411
1661644800000,1.3716,1.3731,1.1825,1.1985,57645799.0,74193767.58473,295800,35195873.73448
1661731200000,1.1984,1.2667,1.1858,1.2578,35660381.1,43924052.18294,207464,21501351.10577
1661817600000,1.2573,1.2951,1.1550,1.1878,44650094.3,54951049.83401,235931,26333599.02743
1661904000000,1.1881,1.2481,1.1302,1.1376,31518689.6,37890998.26245,177785,18072129.16006
1661990400000,1.1377,1.1484,1.0791,1.1399,33864752.4,37878309.56048,176358,18490779.81348
1662076800000,1.1399,1.1529,1.0773,1.1026,25732749.3,28919699.77861,150422,13914418.37190
1662163200000,1.1028,1.1371,1.0850,1.1290,17643239.8,19662905.19975,111288,9329750.58825
1662249600000,1.1291,1.1427,1.0998,1.1233,14885936.9,16708637.92605,103824,7888719.63167
1662336000000,1.1232,1.1442,1.0954,1.1385,18727639.8,20925376.86536,116053,10122460.59590
1662422400000,1.1385,1.1737,1.0150,1.0164,28288505.4,31435685.76170,168708,15053513.83779
1662508800000,1.0163,1.2727,1.0050,1.2330,78929782.8,92794702.28747,362432,46818739.75099
1662595200000,1.2332,1.2700,1.1829,1.2122,72388006.1,88620545.14585,348713,45100139.28715
1662681600000,1.2121,1.3618,1.2046,1.3495,38753866.6,49466479.81566,247336,24144105.75842
1662768000000,1.3495,1.3748,1.3000,1.3203,23983303.6,31909076.49716,204722,15663237.11532
1662854400000,1.3196,1.3841,1.2775,1.3133,18288064.2,24279300.57866,157054,11924945.56500
1662940800000,1.3124,1.4399,1.2808,1.3929,40149221.4,54509720.74723,282040,26668277.51443
1663027200000,1.3929,1.4498,1.2422,1.2431,55149062.8,74802619.45360,345893,36400890.95351
1663113600000,1.2430,1.2710,1.1835,1.2272,22193595.7,27354004.97603,145722,13380972.58036
1663200000000,1.2273,1.3200,1.1895,1.2119,30396448.1,37614595.81026,177388,18534707.16019
1663286400000,1.2123,1.3022,1.1940,1.2297,43097586.3,54198948.91611,219649,26644183.10636
1663372800000,1.2296,1.2649,1.2136,1.2430,15126054.5,18753722.76251,96116,9019184.35448
1663459200000,1.2431,1.3327,1.1881,1.2230,56183571.4,72165022.99879,272118,34890557.69623
1663545600000,1.2226,1.2552,1.1262,1.1746,34742806.8,40780353.04899,185439,19814298.37601
1663632000000,1.1745,1.2492,1.1623,1.2016,48046779.5,58303372.16713,250523,29044186.95490
1663718400000,1.2017,1.2935,1.1704,1.2040,44445213.9,54121954.60850,226888,26678663.28962
1663804800000,1.2045,1.2540,1.1795,1.2403,28620100.8,34761546.75378,145862,16383186.12777
1663891200000,1.2403,1.3077,1.2065,1.2660,35757100.7,44821438.93094,189189,21994440.55015
1663977600000,1.2656,1.2789,1.1613,1.1702,21894078.1,26615572.42148,130145,12047366.31258
1664064000000,1.1704,1.1930,1.1426,1.1634,17776382.8,20890947.75509,105212,9704658.70607
1664150400000,1.1634,1.1968,1.1178,1.1968,25925820.2,29915214.74961,137655,14555690.67463
1664236800000,1.1967,1.2336,1.1465,1.1850,26390947.1,31624149.27828,131666,15389905.27865
1664323200000,1.1849,1.2016,1.1248,1.1861,18299790.5,21296541.36946,103019,10402240.96359
1664409600000,1.1861,1.2131,1.1610,1.2067,15868359.8,18780546.26322,93157,9103828.22720
1664496000000,1.2071,1.2313,1.1803,1.1916,16200698.9,19515757.23204,95168,9607733.61729
1664582400000,1.1917,1.2158,1.1874,1.1963,7677591.4,9224066.77253,52425,4352266.11387
1664668800000,1.1963,1.2065,1.1640,1.1887,9812327.6,11665265.24682,65052,5762110.09081
1664755200000,1.1887,1.2530,1.1739,1.2269,21447563.1,26116823.73908,124660,12822624.86280
1664841600000,1.2267,1.2994,1.2260,1.2656,19435206.1,24626805.83516,113199,12186092.16701
1664928000000,1.2656,1.2952,1.2379,1.2532,14013203.9,17679059.18991,88777,8422146.59197
1665014400000,1.2533,1.2778,1.2322,1.2589,11487616.8,14429925.74365,71595,7137507.01527
1665100800000,1.2587,1.2951,1.2257,1.2366,21175033.9,26793718.37700,110671,12902495.71727
1665187200000,1.2367,1.2420,1.1942,1.2096,9257267.9,11245513.98067,58993,5044892.27308
1665273600000,1.2096,1.2350,1.2002,1.2223,8500886.4,10377031.07543,54135,4968097.13285
1665360000000,1.2221,1.2437,1.1637,1.1692,17399387.3,21007630.47532,87409,10542723.83760
1665446400000,1.1691,1.1693,1.0954,1.1049,14885384.0,16808608.89358,81071,7979789.89959
1665532800000,1.1048,1.1241,1.0791,1.0839,13033274.0,14384755.80125,69300,7004192.21447
1665619200000,1.0838,1.1142,0.9950,1.0871,22219525.2,23365337.34233,114055,11378501.01767
1665705600000,1.0869,1.1215,1.0587,1.0695,12239395.4,13427860.24823,69020,6255727.37547
1665792000000,1.0694,1.0848,1.0620,1.0746,7673597.6,8255027.30586,41796,4281145.33651
1665878400000,1.0746,1.1120,1.0738,1.1036,7326836.5,8030379.71860,44287,3784323.93291
1665964800000,1.1035,1.1498,1.0856,1.1347,13394317.6,15092672.06699,69938,7354804.49983
1666051200000,1.1350,1.1441,1.0817,1.0956,11211922.2,12466288.70586,65433,6120125.86416
1666137600000,1.0958,1.1013,1.0551,1.0653,9229814.2,10029098.12994,50705,4882646.04479
1666224000000,1.0655,1.0903,1.0460,1.0615,9094179.7,9734652.65811,49222,4756749.22893
1666310400000,1.0614,1.0667,1.0175,1.0614,9271508.4,9719386.85609,52123,4764618.74761
1666396800000,1.0614,1.0804,1.0505,1.0661,7729721.1,8234744.78212,42305,4026798.73052
1666483200000,1.0665,1.0889,1.0448,1.0837,7826316.6,8339800.48962,42640,4173836.82821
1666569600000,1.0836,1.0883,1.0385,1.0412,6924719.5,7324890.28652,39888,3602311.80917
1666656000000,1.0412,1.0951,1.0330,1.0549,12055421.5,12744530.37313,57995,6277547.80774
1666742400000,1.0550,1.1021,1.0521,1.0830,10503282.4,11377503.73008,55634,5541056.71930
1666828800000,1.0830,1.1226,1.0560,1.0663,13398269.0,14585570.79866,72934,7070551.76589
1666915200000,1.0664,1.0778,1.0202,1.0509,15868003.4,16558393.89428,78789,8013366.24385
1667001600000,1.0507,1.0944,1.0496,1.0744,16024280.6,17151166.89327,86210,8385039.49182
1667088000000,1.0745,1.1798,1.0417,1.0548,44141210.1,49605822.39248,167830,23929210.91414
1667174400000,1.0549,1.0681,1.0271,1.0582,19615734.6,20601471.92028,98211,9714659.04285
1667260800000,1.0584,1.1262,1.0560,1.0795,35094586.4,38141629.63171,137321,18823717.31445
1667347200000,1.0794,1.0797,1.0070,1.0392,16581308.8,17425670.88228,89851,8182732.36541
1667433600000,1.0392,1.2666,1.0334,1.1453,44155279.1,51159147.98603,208464,25007111.10799
1667520000000,1.1449,1.2957,1.1310,1.2699,29016170.9,35288707.55768,158897,16976381.11961
1667606400000,1.2706,1.3480,1.2377,1.2694,23229390.4,30016104.45842,154234,14393621.73135
1667692800000,1.2695,1.2863,1.1681,1.1798,15005641.0,18677723.71643,107029,9005243.72298
1667779200000,1.1796,1.2511,1.1519,1.1662,21718469.0,26257247.06937,137193,12870319.22863
1667865600000,1.1663,1.1890,0.8609,0.9813,40051070.7,42505839.40382,236029,20573663.27913
1667952000000,0.9806,0.9910,0.7565,0.7915,30188434.7,26748055.48407,192072,13267945.95684
1668038400000,0.7912,0.9536,0.7733,0.9271,28436790.2,24831473.37432,161862,12286008.20396
1668124800000,0.9273,0.9361,0.8437,0.8967,14273259.4,12734173.24930,100002,6232430.38841
1668211200000,0.8963,0.9041,0.8340,0.8379,10454718.2,8996312.74811,75848,4454861.19031
1668297600000,0.8378,0.8499,0.7633,0.7924,14552529.3,11621047.83285,95373,5788204.25494
1668384000000,0.7927,0.8788,0.7463,0.8270,23171367.6,18724079.38744,136196,9006830.15695
1668470400000,0.8268,0.8863,0.8129,0.8798,16212343.8,13839829.83148,97295,6740643.19153
1668556800000,0.8796,0.9203,0.8601,0.8662,28801375.4,25507055.19542,135729,12594847.58573
1668643200000,0.8666,0.8965,0.8607,0.8839,13160916.9,11598766.95998,79557,5932351.09687
1668729600000,0.8842,0.8972,0.8476,0.8526,9863763.2,8576708.37944,60804,4271099.26696
1668816000000,0.8525,0.8664,0.8344,0.8595,8158625.1,6963529.11527,49859,3410278.30276
1668902400000,0.8598,1.2300,0.8573,1.0290,486012866.3,520615862.46565,1586325,267015816.57981
1668988800000,1.0288,1.6560,0.9733,1.1750,708772397.8,805867762.99271,2522544,412412505.42176
1669075200000,1.1753,1.2000,1.0284,1.0531,268644570.0,300740155.58887,1430779,147947264.48634
1669161600000,1.0527,1.1987,1.0202,1.0962,122305296.1,136737943.89470,635980,66920454.72183
1669248000000,1.0964,1.3434,1.0958,1.1387,248846674.6,307776034.04621,1162391,155694485.99517
1669334400000,1.1384,1.1579,1.0682,1.0853,88362942.1,97260945.74855,426201,47373010.99435
1669420800000,1.0856,1.1825,1.0626,1.1087,72389558.4,79919896.70144,383007,38814121.63172
1669507200000,1.1087,1.1233,1.0510,1.0686,36697675.3,39941622.90965,227190,19009067.51534
1669593600000,1.0686,1.1224,1.0060,1.0454,67610801.4,71520989.29769,364066,34883425.89417
1669680000000,1.0451,1.0795,1.0277,1.0565,36340424.2,38396833.69772,209256,18862004.97774
1669766400000,1.0564,1.1000,1.0467,1.0851,30833181.8,33117104.64851,186335,16415237.65756
1669852800000,1.0851,1.2281,1.0646,1.0891,70627749.1,78720889.38171,356825,38450876.44623
1669939200000,1.0891,1.1015,1.0500,1.1000,22129278.4,23867116.86952,144404,11751620.27585
1670025600000,1.1001,1.1345,1.0668,1.0746,24003851.5,26108264.52220,148896,12528586.94803
1670112000000,1.0745,1.1051,1.0672,1.0881,13219695.3,14316045.60357,100911,6958870.70487
1670198400000,1.0881,1.1030,1.0357,1.0642,16567358.3,17808698.41023,111607,8530515.63542
1670284800000,1.0640,1.0815,1.0271,1.0494,17216993.8,18089335.35564,103442,8566362.65027
1670371200000,1.0492,1.0582,0.9956,1.0226,17175917.9,17606162.55910,103362,8559095.15370
1670457600000,1.0228,1.0514,1.0107,1.0462,14029427.0,14470084.55601,92736,7017974.24513
1670544000000,1.0467,1.1475,1.0387,1.1053,161334031.7,179713935.89281,647567,89509432.00592
1670630400000,1.1054,1.1276,1.0881,1.1001,53802292.9,59542681.01886,262465,29090161.42225
1670716800000,1.1001,1.1272,1.0312,1.0706,36909017.0,40620692.88792,188262,19192649.42849
1670803200000,1.0707,1.1662,1.0362,1.1353,65209568.8,72411327.54903,320961,36369145.49969
1670889600000,1.1352,1.1794,1.1049,1.1510,93072328.8,106349323.42632,464802,53039449.23915
1670976000000,1.1511,1.1888,1.1125,1.1544,46549188.9,54124394.12892,277934,26616041.80289
1671062400000,1.1542,1.2092,1.1410,1.1714,61025002.1,72133787.25707,331421,36746880.05050
1671148800000,1.1716,1.2340,1.0724,1.0874,119386845.3,140656600.49879,565045,69825086.85338
1671235200000,1.0874,1.2222,1.0804,1.2002,110555126.0,127025330.39861,486129,64696941.20571
1671321600000,1.2002,1.2003,1.1353,1.1745,57832656.2,67152343.72631,277070,33026504.28727
1671408000000,1.1746,1.2315,1.1058,1.1702,154253727.5,180672025.03869,653449,90836511.98536
1671494400000,1.1704,1.2290,1.1641,1.2007,94994174.0,114301967.41832,418703,58769190.85727
1671580800000,1.2009,1.2852,1.1749,1.2514,102107768.6,125972265.80294,471577,64694605.44686
1671667200000,1.2514,1.3034,1.2237,1.2831,116768971.3,148190139.08421,532226,75220037.18565
1671753600000,1.2831,1.2831,1.2001,1.2208,54862613.5,67683180.95484,284529,33073096.10023
1671840000000,1.2211,1.2999,1.1827,1.2724,145844091.9,184736107.45842,572525,93641687.64305
1671926400000,1.2721,1.4240,1.2321,1.3160,192152963.9,248598495.82595,731548,128805222.04769
1672012800000,1.3159,1.3499,1.2610,1.3259,105189963.2,138350677.09119,442324,69303182.42087
1672099200000,1.3258,1.3850,1.3008,1.3441,91975333.1,123479056.38029,457207,61786531.54191
1672185600000,1.3441,1.3830,1.2913,1.3029,156189207.8,209687132.98416,655427,104855948.37347
1672272000000,1.3029,1.3268,1.2542,1.2922,70677053.6,90871402.58247,321426,46363828.95068
1672358400000,1.2918,1.3165,1.2161,1.2409,55835566.2,70236516.96613,245496,35466420.58939
1672444800000,1.2412,1.2599,1.2201,1.2229,30169246.6,37292835.80711,142882,18403171.56005
1672531200000,1.2230,1.2251,1.1601,1.1699,48222774.3,57321139.60170,194032,28072672.95552
1672617600000,1.1698,1.1987,1.1351,1.1670,64718082.3,75445037.25431,269205,36968058.65179
1672704000000,1.1667,1.1982,1.1387,1.1737,51206546.1,59945811.13474,206514,29077690.32416
1672790400000,1.1736,1.2179,1.1550,1.1840,43668374.0,51962562.91149,184866,25517341.37352
1672876800000,1.1838,1.1982,1.1369,1.1577,28903769.3,33598936.70423,141799,15914019.12864
1672963200000,1.1576,1.2633,1.1428,1.2437,108074057.8,130586655.43944,418024,65851891.88307
1673049600000,1.2438,1.3039,1.2055,1.2985,62089164.4,78188239.08162,276952,39024448.42148
1673136000000,1.2985,1.3499,1.2579,1.3311,107337422.0,139808955.93725,432822,69885490.76717
1673222400000,1.3307,1.5330,1.3154,1.3691,89857575.8,126156648.30291,442729,62325491.31452
1673308800000,1.3691,1.5185,1.3396,1.4506,75244784.5,109117585.36966,386187,52959880.13644
1673395200000,1.4506,1.5388,1.3549,1.4257,103941263.4,151545411.56448,538976,73992377.68903
1673481600000,1.4260,1.5199,1.3140,1.4818,91492661.0,130649370.61280,480619,63340350.79410
1673568000000,1.4818,1.6333,1.4500,1.5950,100821689.5,156405147.22981,578315,76876085.17443
1673654400000,1.5950,1.7364,1.4704,1.6094,68425878.4,111338991.32884,417045,54189887.12082
1673740800000,1.6104,1.7962,1.5555,1.6142,63624821.4,104855670.81208,373818,51005327.24211
1673827200000,1.6144,1.7264,1.5216,1.6269,42366369.7,69140003.99906,287729,33183341.61047
1673913600000,1.6272,1.7291,1.5800,1.6684,53699974.0,88717063.05596,349770,43196816.15868
1674000000000,1.6685,1.7220,1.4619,1.5065,46013555.9,73696783.39580,321236,34594696.33955
1674086400000,1.5064,1.5715,1.5063,1.5444,19616213.0,30250129.05185,160628,14945273.66602
1674172800000,1.5443,1.6446,1.4850,1.6345,30074642.2,46542580.07866,208175,22268952.94121
1674259200000,1.6345,1.8023,1.5981,1.7220,61733513.1,105933398.19294,401220,50395873.05614
1674345600000,1.7221,1.8018,1.6280,1.6688,44577139.0,77264118.66675,329565,36763237.04879
1674432000000,1.6688,1.8175,1.6647,1.7697,39436372.3,69525643.72547,315707,33756233.30951
1674518400000,1.7698,1.8200,1.5847,1.6376,24067264.5,42215477.60088,216587,19351448.93405
1674604800000,1.6377,1.7200,1.5849,1.6733,27151117.8,44339493.89282,228137,21485129.25846
1674691200000,1.6733,1.7971,1.6206,1.7443,51399667.1,88630145.17564,381143,42825587.60600
1674777600000,1.7445,1.7778,1.6940,1.7445,24924812.4,43194851.67389,208108,20431797.31780
1674864000000,1.7442,1.8426,1.7257,1.8051,42230803.7,75959029.37505,307887,37413115.65440
1674950400000,1.8050,1.8697,1.7743,1.8094,33147415.4,60508945.50141,273340,28903463.75948
1675036800000,1.8096,1.8284,1.5628,1.6504,32612869.8,55875015.06818,252507,25698893.89091
1675123200000,1.6506,1.7545,1.6389,1.7251,22007318.5,37392418.82819,195103,18457678.21429
1675209600000,1.7252,1.8092,1.6106,1.7847,22028117.1,37534627.70986,211503,17901675.23511
1675296000000,1.7847,1.8628,1.7093,1.7197,21133829.0,38117099.51041,218106,18184441.36681
1675382400000,1.7185,1.8469,1.6900,1.8122,22310208.1,39412347.40624,207778,18902753.41346
1675468800000,1.8122,1.8707,1.7864,1.8401,21306810.1,38975422.36710,182625,18767008.13541
1675555200000,1.8402,2.1161,1.6821,2.0538,106561069.6,208056468.76035,826265,101711037.76799
1675641600000,2.0539,2.1395,1.9351,2.0015,55744510.7,112760130.99532,504492,53832924.09207
1675728000000,2.0017,2.3265,2.0015,2.2554,82308746.9,181846331.67380,753609,88209025.09679
1675814400000,2.2552,2.3382,2.0201,2.0915,38143877.8,82545836.60696,409737,38682711.90048
1675900800000,2.0915,2.2210,1.8769,1.9215,45543730.2,94726103.17082,484267,44976819.35531
1675987200000,1.9219,2.0452,1.8876,1.9455,28222345.4,55563419.43918,326967,27063955.09770
1676073600000,1.9458,2.0338,1.9082,2.0165,16741956.7,33131663.82526,212798,16398508.53090
1676160000000,2.0167,2.1378,1.9000,1.9217,24703335.6,50107011.99911,272033,23300217.56190
1676246400000,1.9218,1.9331,1.8086,1.8881,21293377.9,39661920.77221,238854,19272049.45561
1676332800000,1.8886,2.0612,1.8820,2.0411,40771839.5,80988932.39228,375548,39952938.07276
1676419200000,2.0411,2.1536,2.0078,2.1330,24284295.0,50634286.86840,285866,24992561.45438
1676505600000,2.1330,2.1787,1.9701,1.9766,24920675.3,52208141.90077,361130,24604349.44798
1676592000000,1.9764,2.1096,1.9611,2.0717,15042284.2,30643158.62147,253834,14624000.61560
1676678400000,2.0717,2.1294,2.0338,2.0667,10691877.5,22207075.69104,153563,10826123.98112
1676764800000,2.0666,2.1412,1.9872,2.0057,12748691.1,26289564.72761,172433,12422820.10556
1676851200000,2.0054,2.1110,1.9369,2.0876,12946647.0,26608296.12615,167033,12819489.58305
1676937600000,2.0877,2.3140,1.9920,2.1202,48388949.5,102696682.10159,539365,49960780.85262
1677024000000,2.1204,2.1529,1.9310,2.0071,18940306.7,38061211.42305,242754,17884771.97529
1677110400000,2.0071,2.0774,1.9380,1.9752,13452065.5,27013766.47927,192014,12967258.66184
1677196800000,1.9755,1.9976,1.8414,1.9006,13971581.1,27002356.23355,235186,12718153.60188
1677283200000,1.9009,1.9183,1.8298,1.9028,9459244.5,17774055.85909,156749,8371873.20743
1677369600000,1.9029,1.9500,1.8825,1.9371,8980158.9,17227892.49391,131243,8581248.53409
1677456000000,1.9368,1.9700,1.8676,1.9336,13144187.4,25126991.07024,179833,12491309.15064
1677542400000,1.9336,1.9877,1.8521,1.8703,12799497.3,24555028.84789,197767,12098907.99407
1677628800000,1.8706,2.0052,1.8625,1.9999,16975144.2,33378525.86246,217806,16153196.50445
1677715200000,1.9997,2.0161,1.8725,1.9051,8875619.7,17070596.46648,145591,7985149.80576
1677801600000,1.9053,1.9080,1.7038,1.8214,11609798.6,20962850.73064,146253,10022744.20951
1677888000000,1.8214,1.8436,1.6684,1.7147,7233132.3,12805011.53905,110376,6090466.39886
1677974400000,1.7149,1.7919,1.6920,1.7292,9384626.2,16480883.80065,120835,7974960.20377
1678060800000,1.7291,1.7396,1.6750,1.7197,9097909.8,15494657.78502,142213,7565444.06801
1678147200000,1.7197,1.7408,1.5902,1.6543,12606232.8,20908256.00147,165120,9524763.90120
1678233600000,1.6542,1.6670,1.4669,1.5027,14398113.2,22360178.06743,173106,10791775.08666
1678320000000,1.5027,1.5564,1.2981,1.3228,21531284.4,30862850.31026,221672,14821145.95724
1678406400000,1.3227,1.3325,1.1953,1.3033,40214151.6,51180277.88366,349281,25225432.96392
1678492800000,1.3033,1.3425,1.2028,1.2831,18714233.8,23588619.15745,199343,11575245.21946
1678579200000,1.2832,1.4343,1.2612,1.4305,15683421.7,20727033.13785,181143,10418631.67756
1678665600000,1.4306,1.5093,1.3742,1.4935,18597132.5,26873006.33821,212125,13206735.71398
1678752000000,1.4935,1.7037,1.4641,1.6126,22345559.0,35355533.49087,236739,17460474.55352
1678838400000,1.6126,1.6488,1.4513,1.4901,15819951.9,24662725.95958,163291,11674152.55205
1678924800000,1.4899,1.5493,1.4700,1.5133,12615690.2,18990920.68970,145290,9432936.14250
1679011200000,1.5132,1.6630,1.4864,1.6617,10326412.7,16230448.62838,130927,7857380.73227
1679097600000,1.6614,1.7014,1.5422,1.5698,13547791.7,22173891.37061,149130,10625645.38743
1679184000000,1.5705,1.6472,1.5575,1.6050,8616818.3,13868055.74146,124182,6567540.99942
1679270400000,1.6051,1.7088,1.5600,1.7004,23789307.2,38745639.87921,325476,19896958.27642
1679356800000,1.7004,1.8849,1.6737,1.8050,163690510.1,296399661.77397,1537674,150622648.52751
1679443200000,1.8049,2.1740,1.7742,2.0153,147821393.7,296947927.73706,1439947,154338745.89395
1679529600000,2.0151,2.2500,1.9501,2.1799,69410622.9,145268865.73690,762646,75132505.30293
1679616000000,2.1802,2.2798,2.1088,2.1289,55225040.3,121521408.61244,729872,63255964.64686
1679702400000,2.1283,2.2434,1.7957,1.8254,88966716.2,172392182.16381,920380,82138971.61580
1679788800000,1.8253,1.8557,1.7746,1.8082,45958438.0,83583153.22111,430341,40006972.56087
1679875200000,1.8082,1.8188,1.6311,1.6506,49317986.6,85713124.78290,457650,41131702.70232
1679961600000,1.6504,1.6957,1.6045,1.6839,32538999.1,53459336.10508,347947,26489913.81270
1680048000000,1.6840,1.7972,1.6680,1.7646,24762680.1,43224122.64430,268968,20690966.49110
1680134400000,1.7643,1.8000,1.6426,1.6789,19589144.1,33436103.50462,239745,15909640.99977
1680220800000,1.6792,1.7396,1.6350,1.7188,14185258.9,23903277.24341,175634,11857750.37682
1680307200000,1.7188,1.7598,1.6789,1.7383,8508891.5,14644602.00014,115667,6962007.49053
1680393600000,1.7382,1.7525,1.6244,1.6559,14659717.8,24547627.77202,164099,11929844.58852
1680480000000,1.6559,1.7146,1.5774,1.6744,26121802.2,43026803.98639,278006,20666834.71185
1680566400000,1.6743,1.6923,1.6275,1.6784,10330739.0,17207062.97986,169334,8256412.87545
1680652800000,1.6784,1.7200,1.6319,1.6979,10166228.5,17081011.28272,141742,8315933.43038
1680739200000,1.6977,1.7093,1.6330,1.6979,10503338.2,17620799.94376,145568,8644990.06840
1680825600000,1.6978,1.7062,1.6303,1.6736,8392536.3,13997373.44595,106254,6556214.15288
1680912000000,1.6737,1.6920,1.6350,1.6726,7107680.2,11851521.14776,77658,5822397.71853
1680998400000,1.6726,1.7225,1.6337,1.7093,7716079.3,12908335.33542,86060,6254891.18567
1681084800000,1.7091,1.7440,1.6805,1.7424,8678558.4,14820436.66919,90240,7216414.68272
1681171200000,1.7425,1.7689,1.7170,1.7569,8179207.2,14268051.92613,97722,7139253.61754
1681257600000,1.7568,1.7793,1.6710,1.7777,14173865.4,24680373.99161,147332,12008558.78301
1681344000000,1.7777,1.8080,1.7305,1.7904,10147232.7,17941802.49410,122940,8553713.98745
1681430400000,1.7900,1.8634,1.7395,1.8551,11485586.2,20771968.61405,122218,9901097.15545
1681516800000,1.8553,1.8805,1.8032,1.8432,10570764.1,19529024.71459,114519,9173719.64606
1681603200000,1.8429,1.8645,1.8000,1.8508,6485339.2,11905770.91077,88089,5584376.95893
1681689600000,1.8507,1.8558,1.7660,1.8133,12306410.5,22186428.73573,118950,10603668.32011
1681776000000,1.8134,1.9411,1.7851,1.8788,19583518.8,36666326.46346,161983,17706175.03679
1681862400000,1.8791,1.8834,1.6208,1.6606,15445340.0,26864824.30167,159982,12089307.72986
1681948800000,1.6604,1.6976,1.5838,1.6113,10265041.9,16857118.66862,117926,8142590.84640
1682035200000,1.6119,1.6324,1.4469,1.5006,12525423.0,19404261.03433,123571,9064615.74776
1682121600000,1.5007,1.5574,1.4780,1.5541,13608831.9,20602393.23794,101589,10384944.86244
1682208000000,1.5535,1.5543,1.4813,1.5261,7969531.7,12155544.32110,101104,5848562.88801
1682294400000,1.5264,1.5548,1.4872,1.5317,6985587.6,10653874.54215,87866,5388467.15946
1682380800000,1.5316,1.5676,1.4725,1.5652,8818021.4,13311195.46397,101802,6769269.44752
1682467200000,1.5652,1.6663,1.4616,1.5767,17118916.7,27154526.17626,148462,12937657.67587
1682553600000,1.5764,1.6578,1.5416,1.6082,12127159.5,19335180.87385,145067,9660749.75197
1682640000000,1.6079,1.6094,1.5541,1.6005,5954139.5,9447071.41344,90710,4603368.36964
1682726400000,1.6004,1.9010,1.5939,1.8759,109783721.5,196901868.43356,771311,100543840.77415
1682812800000,1.8762,1.9900,1.8065,1.8696,387173418.5,736698080.74893,2367933,375664032.97999
1682899200000,1.8696,1.9400,1.8100,1.8661,150589990.3,283109328.86404,1005869,143654383.70133
1682985600000,1.8663,2.1200,1.8478,1.9799,235992604.7,470758151.19549,1492684,242289496.91987
1683072000000,1.9801,2.0118,1.7872,1.8514,144659109.4,269175804.52351,892959,134989218.33473
1683158400000,1.8517,1.8517,1.6924,1.7069,70645735.7,125300027.87487,424864,60927169.81612
1683244800000,1.7072,1.7493,1.5822,1.6901,70538778.4,120565419.93165,473631,58149146.01681
1683331200000,1.6900,1.8206,1.5685,1.8031,129689084.7,224951309.41811,878469,111640584.48444
1683417600000,1.8035,1.8414,1.7082,1.7580,193251860.7,343926560.41754,1289825,172969629.84385
1683504000000,1.7580,1.8597,1.6519,1.6735,227609621.2,401642477.21552,1455697,200222731.85812
1683590400000,1.6734,1.7100,1.5297,1.5371,84814149.8,136257290.70971,551653,65576391.86678
1683676800000,1.5368,1.6011,1.4070,1.5757,101006665.8,153737884.54463,604143,75571215.26261
1683763200000,1.5756,1.5807,1.4205,1.4453,58254117.0,87279062.85899,377477,42410954.05275
1683849600000,1.4453,1.5350,1.4001,1.5244,51725425.3,76557930.30639,353723,37950324.59451
1683936000000,1.5243,1.5394,1.4690,1.4981,31718697.5,47830456.00909,211741,23634363.61891
1684022400000,1.4981,1.5096,1.4618,1.4942,25036423.6,37144422.55105,180229,18256330.80235
1684108800000,1.4938,1.5468,1.4632,1.5255,24419929.6,37073250.39796,177070,18178412.45591
1684195200000,1.5257,1.5555,1.5000,1.5350,23487300.4,35902026.74093,177646,17593399.53246
1684281600000,1.5349,1.6289,1.5215,1.6090,31027755.0,48818610.98928,219925,23890998.75279
1684368000000,1.6092,1.6348,1.5651,1.5807,27271644.4,43683591.00372,195081,21825837.90772
1684454400000,1.5809,1.6413,1.5661,1.6190,24598857.5,39608128.79306,178516,19798693.07866
1684540800000,1.6193,1.6203,1.5717,1.5845,13500639.1,21453817.31845,110299,10513738.80168
1684627200000,1.5848,1.7488,1.5704,1.6189,135184351.2,226748189.23398,763048,114626707.15436
1684713600000,1.6188,1.6700,1.5644,1.5822,59840041.7,96103309.96158,379372,47615507.19610
1684800000000,1.5821,1.6219,1.5654,1.6031,28396687.7,45434215.69623,202056,21647601.62197
1684886400000,1.6031,1.6215,1.5321,1.5687,28162909.2,44332523.62984,223148,21010369.30069
1684972800000,1.5687,1.5737,1.5125,1.5360,19116111.2,29544580.35833,160237,14272045.22906
1685059200000,1.5359,1.5641,1.5143,1.5570,17132437.3,26397869.39124,130044,12801650.40967
1685145600000,1.5572,1.5976,1.5507,1.5845,15872840.3,25007806.87437,127346,12473858.24993
1685232000000,1.5842,1.6351,1.5706,1.5916,18272465.7,29146678.87981,147556,14022518.60108
1685318400000,1.5912,1.6028,1.5407,1.5648,18197085.9,28588133.70320,141293,13884789.31789
1685404800000,1.5649,1.6160,1.5484,1.5794,19487096.1,30832281.17849,167185,14780630.22247
1685491200000,1.5793,1.5997,1.5026,1.5172,16381361.1,25141122.96541,140842,12090331.20538
1685577600000,1.5171,1.5349,1.4812,1.5140,11679455.2,17664998.25114,110485,8753886.90406
1685664000000,1.5138,1.5435,1.4941,1.5405,10645075.8,16262038.21362,104017,7848559.58780
1685750400000,1.5404,1.5481,1.5167,1.5206,10185589.1,15633034.71090,90989,7320276.70836
1685836800000,1.5206,1.5851,1.5060,1.5270,15990872.2,24739836.19646,129797,12084000.56857
1685923200000,1.5269,1.5305,1.2961,1.3484,25938665.7,37006058.38102,194071,17018350.66455
1686009600000,1.3481,1.4196,1.3301,1.4033,9271103.5,12735927.92058,99555,6239654.00535
1686096000000,1.4033,1.4087,1.3214,1.3417,8790803.7,11987125.63895,95801,5891277.02707
1686182400000,1.3417,1.5165,1.3167,1.3924,110780865.5,160847762.65408,678772,80383484.49335
1686268800000,1.3924,1.3994,1.3521,1.3659,23384343.0,32249889.40515,182405,15936696.30926
1686355200000,1.3660,1.3728,0.9935,1.1776,38609283.5,45110848.16335,258234,21974208.37045
1686441600000,1.1776,1.2449,1.1749,1.2219,16279218.2,19547956.52412,129158,9611779.01834
1686528000000,1.2218,1.2586,1.1813,1.2528,14625769.5,17909027.27624,116929,8825885.49741
1686614400000,1.2534,1.2779,1.2292,1.2540,12749899.6,15974442.10823,103122,8167109.22189
1686700800000,1.2540,1.2553,1.1326,1.1814,14815574.9,17940598.78774,113046,8536437.87997
1686787200000,1.1815,1.2301,1.1527,1.2204,12484472.6,14810392.73754,101029,7216391.20888
1686873600000,1.2204,1.2495,1.1800,1.2271,9955746.1,12062407.34078,88038,5784270.14075
1686960000000,1.2271,1.2735,1.2156,1.2389,6676025.1,8314631.40070,68226,4090877.66763
1687046400000,1.2389,1.2583,1.2150,1.2271,7487980.3,9270956.94297,72041,4539700.20207
1687132800000,1.2266,1.2446,1.2067,1.2390,6736210.6,8260244.13882,61349,4064328.36990
1687219200000,1.2390,1.2873,1.2131,1.2815,8902461.2,11134487.07878,82243,5425752.81379
1687305600000,1.2819,1.3653,1.2761,1.3400,16565387.9,21882947.02373,125346,10601538.75557
1687392000000,1.3404,1.3922,1.3163,1.3352,11225333.5,15227933.42481,95501,7330938.97399
1687478400000,1.3352,1.4146,1.3348,1.3886,15648250.9,21416302.92686,141863,10449361.24363
1687564800000,1.3891,1.4300,1.3499,1.3871,15622636.5,21709971.45416,144118,10556948.60877
1687651200000,1.3875,1.4352,1.3799,1.3981,8383261.5,11800755.44681,83885,5746849.85514
1687737600000,1.3982,1.4150,1.3157,1.3561,15423330.0,21188929.07313,154904,10307908.16447
1687824000000,1.3561,1.4056,1.3470,1.3853,7907690.0,10928346.57230,93657,5229724.37441
1687910400000,1.3854,1.4016,1.2460,1.2876,11098341.5,14699536.69340,123658,7323169.64529
1687996800000,1.2873,1.3173,1.2753,1.2899,6213996.9,8056396.54410,85158,3983627.31699
1688083200000,1.2899,1.3576,1.2132,1.3258,12228147.0,16020415.23344,151752,7799366.10146
1688169600000,1.3259,1.3556,1.3008,1.3547,5537615.3,7368425.04164,80207,3673855.92057
1688256000000,1.3542,1.3662,1.3045,1.3463,6384646.3,8487997.37117,81728,4047219.23598
1688342400000,1.3464,1.3812,1.3325,1.3663,15441677.6,21011809.61576,161162,10644370.91968
1688428800000,1.3664,1.3768,1.3350,1.3605,8798780.1,11964275.68165,111986,5615070.40822
1688515200000,1.3604,1.4058,1.2745,1.2975,12047152.5,16072707.51071,135882,7622338.05080
1688601600000,1.2975,1.3263,1.2246,1.2268,11530717.0,14690360.00108,143651,7219183.06771
1688688000000,1.2264,1.2552,1.2111,1.2416,6916100.6,8546379.33243,91669,4454622.59247
1688774400000,1.2418,1.2549,1.1921,1.2282,6936124.3,8501953.07110,89677,4202591.39924
1688860800000,1.2283,1.2384,1.2063,1.2118,4748642.1,5799741.49004,71772,2804569.58718
1688947200000,1.2118,1.2419,1.1636,1.2209,16236481.7,19489422.73211,151603,9561825.54103
1689033600000,1.2210,1.2305,1.1962,1.2205,5263425.4,6395396.73992,84117,3181542.23234
1689120000000,1.2204,1.2410,1.1940,1.2173,5931348.2,7237363.21704,87058,3670673.68997
1689206400000,1.2174,1.2907,1.2047,1.2892,9886397.1,12412712.84960,109237,5854514.14405
1689292800000,1.2891,1.3351,1.2192,1.2670,12619987.7,16163528.09977,127150,7911538.04515
1689379200000,1.2670,1.3022,1.2493,1.2683,6525960.5,8307240.50088,75607,4187882.45396
1689465600000,1.2683,1.2734,1.2133,1.2202,5497827.6,6829843.59891,67962,3224995.44784
1689552000000,1.2201,1.2748,1.2100,1.2509,11404695.0,14206560.55747,116928,6921582.64362
1689638400000,1.2512,1.2602,1.1885,1.2120,6066102.8,7412680.52831,75269,3739195.89434
1689724800000,1.2120,1.2259,1.1886,1.2007,5401561.9,6521034.26223,67301,3142335.89412
1689811200000,1.2007,1.2455,1.1908,1.2094,7678217.8,9343717.99239,81360,4430758.38385
1689897600000,1.2093,1.2323,1.2012,1.2155,4231332.8,5145707.14506,58210,2510922.00770
1689984000000,1.2155,1.2323,1.1778,1.1923,4084218.9,4946317.56880,58808,2258625.78163
1690070400000,1.1922,1.2187,1.1831,1.2071,3224945.5,3879075.78243,52078,1787094.49239
1690156800000,1.2071,1.2208,1.1263,1.1540,8864459.1,10331274.51661,98585,4937742.69319
1690243200000,1.1542,1.1633,1.1340,1.1467,4582774.4,5258562.25055,69102,2564200.20227
1690329600000,1.1467,1.1860,1.1200,1.1618,9732741.3,11232663.89566,98649,5315208.41142
1690416000000,1.1618,1.2135,1.1528,1.1760,7540539.3,8931935.57134,94833,4473025.70390
1690502400000,1.1761,1.2414,1.1720,1.2020,13369319.7,16170008.32023,135837,7916042.33817
1690588800000,1.2021,1.2098,1.1862,1.1953,4899459.6,5866955.88902,60642,2890157.93086
1690675200000,1.1954,1.2119,1.1559,1.1880,5598495.0,6679116.07751,68435,3238875.00055
1690761600000,1.1880,1.2254,1.1764,1.1853,7462891.5,8984181.25103,80485,4371440.01049
1690848000000,1.1853,1.2200,1.1410,1.2190,8053111.5,9613441.21826,87361,4650683.25683
1690934400000,1.2190,1.2265,1.1809,1.1898,5053816.2,6064441.38176,62677,2943760.17341
1691020800000,1.1899,1.2016,1.1561,1.1600,4847679.5,5688133.13385,63399,2790593.28555
1691107200000,1.1603,1.1784,1.1502,1.1565,3961863.2,4613882.75658,55241,2193831.06807
1691193600000,1.1565,1.1631,1.1450,1.1622,1980314.8,2284213.10320,32820,1098351.23628
1691280000000,1.1621,1.2113,1.1602,1.2047,5282457.9,6318544.40638,64925,3186731.09214
1691366400000,1.2047,1.3351,1.2000,1.2258,38902139.1,48988130.91213,294895,23953568.68226
1691452800000,1.2258,1.2420,1.2100,1.2312,10116665.5,12397096.72162,105939,5709179.44943
1691539200000,1.2312,1.2960,1.2234,1.2439,20196851.9,25231591.36186,148642,12702345.73618
1691625600000,1.2439,1.3145,1.2352,1.2595,29913936.7,37855805.53412,208822,19077398.65872
1691712000000,1.2594,1.3088,1.2300,1.2767,13445368.9,17211161.66058,112867,8208209.68532
1691798400000,1.2767,1.3146,1.2623,1.2662,8243143.8,10555330.36495,83288,5153162.79724
1691884800000,1.2664,1.3020,1.2664,1.2859,4761522.9,6101406.36018,65865,2891081.99541
1691971200000,1.2857,1.3043,1.2730,1.2827,5160647.9,6636685.07987,77175,3100860.79605
1692057600000,1.2827,1.2834,1.1444,1.2031,7247382.6,8844540.72703,91253,4125733.60804
1692144000000,1.2030,1.2110,1.1029,1.1386,6740207.1,7783517.71537,79174,3591143.04902
1692230400000,1.1386,1.1440,0.8946,1.0218,13826031.4,14630531.15822,112407,6878074.28131
1692316800000,1.0221,1.0508,1.0078,1.0256,10272568.3,10592639.80013,90406,5065872.93645
1692403200000,1.0252,1.0647,1.0215,1.0531,6468232.7,6767213.32102,67378,3397422.03301
1692489600000,1.0529,1.0637,1.0276,1.0514,4690160.9,4913021.64035,63676,2471391.21550
1692576000000,1.0512,1.0570,0.9897,1.0333,6510358.0,6668791.21679,74498,3087544.37193
1692662400000,1.0332,1.0408,0.9761,1.0342,8251026.9,8342926.09130,93228,4107983.90619
1692748800000,1.0342,1.0612,1.0150,1.0464,5224752.7,5418966.99534,65101,2579486.24666
1692835200000,1.0461,1.0494,0.9896,1.0061,5493043.1,5603288.91277,61161,2733460.84890
1692921600000,1.0064,1.0120,0.9736,1.0096,6364541.8,6322286.02168,65198,3086776.72015
1693008000000,1.0096,1.0198,0.9820,0.9837,3432521.6,3440826.07192,48495,1561498.22022
1693094400000,0.9836,0.9867,0.9258,0.9615,32981335.2,31168474.82511,220305,15099931.49832
1693180800000,0.9614,0.9885,0.9507,0.9845,16585251.4,16085935.92189,122148,7860782.98376
1693267200000,0.9846,1.0690,0.9401,1.0387,17838206.4,18083690.08642,140469,8773628.26915
1693353600000,1.0387,1.0472,1.0167,1.0361,6654602.3,6870749.42094,70471,3400646.20147
1693440000000,1.0358,1.0470,0.9851,0.9925,7589569.7,7720420.57717,76979,3685027.38784
1693526400000,0.9926,1.0031,0.9609,0.9731,6840602.4,6721154.53173,66373,3221548.55435
1693612800000,0.9732,1.1604,0.9678,1.1239,95022830.8,103524716.68599,666440,50708987.00413
1693699200000,1.1235,1.1813,1.0665,1.1356,74829754.7,83516341.76655,487034,40675593.29464
1693785600000,1.1357,1.1876,1.0437,1.0770,31804990.5,34909165.58629,211365,16993489.39030
1693872000000,1.0770,1.1142,1.0606,1.1012,12244495.0,13323936.42165,106053,6204857.41898
1693958400000,1.1012,1.1231,1.0675,1.1047,8474344.4,9302930.46685,79560,4189381.14930
1694044800000,1.1048,1.1072,1.0681,1.0966,4681294.3,5086273.42442,49274,2451020.47912
1694131200000,1.0969,1.1230,1.0578,1.0993,7544032.8,8240256.48860,65450,3947915.60033
1694217600000,1.0993,1.1073,1.0544,1.0607,6399372.9,6889880.44899,55686,3217320.77764
1694304000000,1.0605,1.0606,0.9856,1.0309,8317104.3,8458163.56920,74225,3867874.81225
1694390400000,1.0310,1.0506,0.9640,0.9907,10187584.5,10269558.68465,90801,5010971.57227
1694476800000,0.9908,1.0395,0.9779,0.9902,6669260.5,6717536.46916,74637,3276571.71281
1694563200000,0.9902,1.0275,0.9831,1.0100,7135907.1,7200740.70164,75473,3249979.15614
1694649600000,1.0098,1.0347,0.9991,1.0132,4478422.6,4552481.73894,66413,2331649.80678
1694736000000,1.0133,1.0473,1.0010,1.0447,4810526.0,4897724.90355,73301,2378059.77698
1694822400000,1.0449,1.0683,1.0399,1.0499,4031550.5,4247577.36785,59722,2039677.57555
1694908800000,1.0498,1.0525,0.9839,0.9962,4833747.8,4917333.01314,56382,2299855.81332
1694995200000,0.9959,1.0492,0.9830,1.0154,6327478.8,6460700.27490,68577,3187284.61308
1695081600000,1.0153,1.0639,1.0051,1.0392,7515219.9,7812937.67658,70701,3919143.30527
1695168000000,1.0392,1.0567,1.0169,1.0337,6815246.1,7041539.84471,66711,3398349.76606
1695254400000,1.0338,1.0474,0.9984,1.0235,5588629.8,5724885.24394,63242,2705132.86049
1695340800000,1.0234,1.0346,1.0004,1.0151,5422322.9,5513052.76514,59696,2556671.25266
1695427200000,1.0153,1.0304,1.0008,1.0097,6056692.8,6144418.91204,66749,3036968.00945
1695513600000,1.0097,1.0155,0.9864,0.9915,5451691.8,5475121.19260,61637,2569162.30840
1695600000000,0.9914,1.0123,0.9769,0.9985,4986008.1,4983546.31304,59458,2502994.45646
1695686400000,0.9984,1.0059,0.9505,0.9716,7799352.7,7612815.60630,87467,3613597.66399
1695772800000,0.9715,0.9818,0.9509,0.9591,5520920.3,5333728.45776,64419,2536963.01706
1695859200000,0.9590,1.0064,0.9553,1.0016,7415834.6,7303215.50239,73316,3571437.93636
1695945600000,1.0015,1.0086,0.9828,1.0072,4597305.2,4593621.77959,50908,2210645.75846
1696032000000,1.0072,1.0125,0.9971,1.0068,2741056.3,2755414.76035,36181,1322776.94870
1696118400000,1.0067,1.0620,1.0030,1.0516,6603996.7,6835221.88133,59859,3187088.56008
1696204800000,1.0520,1.0739,1.0068,1.0339,8429149.1,8841925.64853,68489,4227222.00099
1696291200000,1.0340,1.0681,1.0194,1.0253,10820301.7,11333372.37177,89149,5367996.96146
1696377600000,1.0253,1.0298,0.9684,1.0251,6733256.4,6773096.74597,61600,3152696.30059
1696464000000,1.0250,1.0342,0.9971,1.0061,4687132.4,4759862.45049,53700,2149056.83867
1696550400000,1.0064,1.0220,0.9860,1.0116,5224805.4,5264967.18949,46027,2615303.35889
1696636800000,1.0117,1.0172,0.9949,1.0141,2964282.5,2988283.18675,41789,1309985.05552
1696723200000,1.0137,1.0196,0.9825,1.0167,6923618.5,6984519.73209,49432,3300531.60098
1696809600000,1.0168,1.0181,0.9425,0.9561,6563289.5,6397976.30130,58483,2943167.71569
1696896000000,0.9561,0.9815,0.9472,0.9690,5953309.5,5753224.14414,47028,2947618.35413
1696982400000,0.9687,0.9762,0.9462,0.9613,5103040.5,4895421.76591,42164,2344850.47703
1697068800000,0.9612,0.9612,0.9299,0.9432,6605973.5,6233592.18593,47520,3027992.48021
1697155200000,0.9433,0.9544,0.9150,0.9387,8508803.2,7952064.08327,64340,3722450.27122
1697241600000,0.9386,0.9594,0.9352,0.9502,4131316.7,3918488.10336,44486,1900714.43355
1697328000000,0.9500,0.9997,0.9428,0.9906,6723262.4,6527057.57755,53067,3225025.85877
1697414400000,0.9907,1.1456,0.9866,1.0526,67648164.5,73269904.68666,372977,35312443.34868
1697500800000,1.0526,1.0838,0.9740,0.9913,23980978.9,24694871.34021,151923,11380772.11990
1697587200000,0.9913,1.0145,0.9489,0.9546,6788491.1,6661060.11167,61266,3139363.10827
1697673600000,0.9545,0.9702,0.9403,0.9501,4392952.5,4190789.77436,41672,2025834.95452
1697760000000,0.9503,0.9921,0.9437,0.9642,4473742.7,4332693.48145,46476,2122359.10764
1697846400000,0.9642,1.0139,0.9564,0.9999,4817309.8,4750547.81370,44883,2273828.89733
1697932800000,0.9997,1.0153,0.9721,1.0121,4295321.5,4289371.13730,42592,1961760.09394
1698019200000,1.0122,1.0792,0.9990,1.0725,7387699.1,7609386.84464,65693,3643914.33791
1698105600000,1.0725,1.1294,1.0390,1.0990,8573902.8,9342350.29791,78439,4314725.15123
1698192000000,1.0990,1.1477,1.0697,1.1212,6864635.1,7625620.34298,66934,3688844.00424
1698278400000,1.1209,1.1495,1.0548,1.1036,7339454.8,8107270.18166,71637,3894764.32460
1698364800000,1.1035,1.1188,1.0659,1.0833,4294844.4,4696436.06121,52775,2260293.05535
1698451200000,1.0835,1.1559,1.0800,1.1244,6609905.6,7480995.47538,60547,3668517.57259
1698537600000,1.1244,1.1865,1.1060,1.1654,7997691.4,9262215.15985,75255,4313811.47943
1698624000000,1.1652,1.1821,1.1213,1.1703,6922321.9,8035134.74270,67217,3817367.36478
1698710400000,1.1703,1.1954,1.1021,1.1338,11338878.4,13237514.86533,97613,6120747.30347
1698796800000,1.1338,1.1799,1.0863,1.1662,12621375.4,14232714.76629,100465,7188964.16424
1698883200000,1.1657,1.2225,1.1501,1.1756,12886855.5,15269249.34691,116948,7146306.99070
1698969600000,1.1765,1.1946,1.1124,1.1889,6786680.5,7840942.59294,77208,3821461.16425
1699056000000,1.1890,1.2145,1.1742,1.2070,6162740.1,7341290.22165,68147,3589113.53163
1699142400000,1.2071,1.2403,1.1811,1.2212,7291807.9,8853293.84900,83809,4362477.72410
1699228800000,1.2214,1.2618,1.1935,1.2553,9594892.1,11842686.33810,85610,5751255.06446
1699315200000,1.2553,1.2606,1.1821,1.2374,6756104.3,8312184.20202,94782,3935862.43987
1699401600000,1.2372,1.2475,1.2104,1.2329,5287053.4,6512975.45890,67460,3221003.27458
1699488000000,1.2327,1.3190,1.1001,1.2457,14508479.8,18165920.19130,155106,8777895.10941
1699574400000,1.2457,1.3125,1.2238,1.2839,9282693.1,11818507.53885,113327,5773227.31633
1699660800000,1.2837,1.3400,1.2262,1.3128,9464909,12158601.99773,121706,5926579.34099
1699747200000,1.3125,1.3596,1.2503,1.3154,14228990.8,18713708.42471,154335,8889491.10533
1699833600000,1.3150,1.3469,1.2301,1.2320,10115237.8,13081266.59033,138524,5958564.43942
1699920000000,1.2316,1.2649,1.1500,1.2085,9698531.1,11804251.31143,117258,5678156.67097
1700006400000,1.2086,1.4000,1.2044,1.3583,17232305.6,22929651.54650,212260,11173222.64110
1700092800000,1.3581,1.5030,1.3415,1.4043,37905961.5,53729620.02180,442106,26096386.84563
1700179200000,1.4047,1.4586,1.3245,1.4312,22309157.1,31447503.45443,269780,15149928.77629
1700265600000,1.4313,1.4313,1.3105,1.4149,11966510.1,16545588.64579,143565,7997671.93989
1700352000000,1.4148,1.5085,1.3630,1.4599,14955822.5,21656663.18115,177244,10331326.56851
1700438400000,1.4601,1.6505,1.4225,1.4940,24459335.3,37541628.04408,273565,17934729.28246
1700524800000,1.4937,1.5355,1.3155,1.3208,16248411.5,23479618.94470,224821,11260049.99520
1700611200000,1.3210,1.4898,1.3151,1.4701,11118222.3,15813928.64083,168738,7512428.21323
1700697600000,1.4701,1.4839,1.4010,1.4095,5159648.9,7420150.77531,125043,3465107.75218
1700784000000,1.4094,1.6299,1.3811,1.5775,24961201.3,38010598.45375,370304,18570366.70801
1700870400000,1.5775,1.6141,1.5277,1.5502,9851792.3,15356715.36312,164212,7396098.21195
1700956800000,1.5498,1.5809,1.4486,1.5274,8532564.5,13036407.93258,164557,5782250.85703
1701043200000,1.5270,1.5485,1.4307,1.4586,10520718.6,15681042.68619,171100,7357660.92520
1701129600000,1.4585,1.4945,1.4200,1.4818,6433612.7,9375936.44515,147139,4493734.89200
1701216000000,1.4818,1.5794,1.4692,1.5674,12889928.1,19874179.55823,206352,9586709.04977
1701302400000,1.5674,1.5876,1.4646,1.4803,9225558.5,13987075.55882,154888,6610152.47523
1701388800000,1.4802,1.5135,1.4673,1.5132,5262226,7841378.54354,113507,3723651.39932
1701475200000,1.5131,1.6959,1.5102,1.5846,17604020.7,27884783.09550,236367,13815508.51148
1701561600000,1.5847,1.6009,1.5300,1.5548,10378736.3,16262676.10221,178930,7525666.83206
1701648000000,1.5548,1.6014,1.4102,1.5183,15895497.9,24092474.57203,220603,11324746.92073
1701734400000,1.5183,1.5462,1.4641,1.5384,8573159.4,12930547.15699,147595,6077460.36161
1701820800000,1.5385,1.5580,1.4727,1.4984,7236321.7,11013535.18859,129416,5063158.38387
1701907200000,1.4980,1.5828,1.4819,1.5638,5997921.7,9237220.51165,107326,4247467.92591
1701993600000,1.5637,1.6609,1.5455,1.6095,11655167.7,18591865.46213,146030,9000773.03456
1702080000000,1.6094,1.6360,1.5446,1.5630,6191431.4,9915756.93722,108044,4432142.08221
1702166400000,1.5631,1.6192,1.5337,1.6015,4681544.1,7422660.91152,91687,3471590.46869
1702252800000,1.6018,1.6120,1.3530,1.4672,8455759.4,12445956.15777,159865,5590833.08749
1702339200000,1.4672,1.6572,1.4616,1.6405,8337913.7,12854721.99855,150275,6327535.38198
1702425600000,1.6403,1.6568,1.5255,1.5708,13571656.3,21394782.32266,219392,10115732.97016
1702512000000,1.5710,1.7378,1.5600,1.6999,13839685.4,23249009.44937,203218,10953940.18874
1702598400000,1.6995,1.7551,1.6803,1.6974,10275813.9,17685234.93434,168165,8215554.09188
1702684800000,1.6977,1.7895,1.6683,1.7259,9960061.3,17280635.95340,159761,8062372.37803
1702771200000,1.7258,1.7438,1.6494,1.6533,6345192.8,10712683.81260,128759,4772708.51289
1702857600000,1.6535,1.6701,1.5176,1.6306,6341676.9,10127865.25575,125811,4526951.04250
1702944000000,1.6306,1.6524,1.5375,1.5966,5481168.8,8735041.95267,110796,4273968.20857
1703030400000,1.5965,1.7361,1.5753,1.6935,10042641.2,16766147.50938,181390,8106682.11899
1703116800000,1.6933,1.7264,1.6527,1.6846,7945918.1,13482159.71482,142918,5964844.19198
1703203200000,1.6846,1.7343,1.6558,1.7103,6508788.3,11087726.25985,155129,5493729.53434
1703289600000,1.7104,1.7565,1.6530,1.7430,5541959.2,9467431.08293,120249,4477458.57475
1703376000000,1.7429,1.7459,1.6174,1.6673,5845737.1,9907576.14402,117637,4605585.00729
1703462400000,1.6666,1.7308,1.6584,1.7031,4348968.8,7396322.03221,91675,3497981.49215
1703548800000,1.7035,1.8361,1.6200,1.7612,13451059.5,23584651.56198,210661,11347329.46935
1703635200000,1.7615,1.8666,1.7022,1.8211,7930471.7,14284650.37324,182645,7208411.83985
1703721600000,1.8211,1.8476,1.7048,1.7786,5915320.1,10528675.33391,147908,5032371.23520
1703808000000,1.7787,1.8285,1.6954,1.7818,6532502.5,11623623.61807,158979,5513577.39373
1703894400000,1.7818,1.8222,1.7175,1.7503,4890834.6,8629994.62862,127030,4202160.87910
1703980800000,1.7502,1.7844,1.6700,1.7231,3921130.6,6857243.06865,114632,3264383.45490
1704067200000,1.7234,1.7583,1.6146,1.6880,6476890.3,10841649.24924,154188,4886239.80256
1704153600000,1.6880,1.7431,1.6310,1.6786,5413723.8,9160520.57898,147529,4664559.18260
1704240000000,1.6786,1.7085,1.2690,1.5215,9878041.7,15149993.13622,215675,6888748.96332
1704326400000,1.5213,1.6090,1.4920,1.5579,5671214.9,8844076.22906,130013,4195993.73670
1704412800000,1.5584,1.5735,1.4672,1.5256,5261644.0,7977524.61011,129589,3915197.98825
1704499200000,1.5257,1.5265,1.3867,1.4441,4417345.6,6370091.55839,121170,2980414.95518
1704585600000,1.4436,1.4723,1.3317,1.3524,4005758.7,5656456.50898,129461,2660412.70674
1704672000000,1.3526,1.4173,1.2356,1.4139,5968116.7,7957777.46598,163068,3824236.73222
1704758400000,1.4139,1.4181,1.2760,1.3331,5413386.3,7228468.84369,158642,3622698.14555
1704844800000,1.3328,1.4754,1.3000,1.4431,5928006.8,8087856.24820,169955,3859217.61048
1704931200000,1.4432,1.5154,1.4274,1.4872,5484058.0,8076933.10952,170547,3935634.34998
1705017600000,1.4876,1.5245,1.3840,1.4453,6264302.3,9222103.55074,202003,4312273.34507
1705104000000,1.4451,1.4786,1.3977,1.4590,3183605.7,4614910.51968,112340,2218863.44395
1705190400000,1.4590,1.4776,1.4248,1.4331,4810891.4,6997602.30096,122913,3587206.16008
1705276800000,1.4331,1.6052,1.4274,1.5138,19387983.8,29811333.73320,283498,14460424.14607
1705363200000,1.5139,1.5700,1.4873,1.5395,9074284.4,13783312.27555,148062,6454100.47975
1705449600000,1.5398,1.5704,1.5105,1.5421,5501930.6,8494145.13437,108207,4101565.18894
1705536000000,1.5423,1.5998,1.4821,1.5601,9576215.2,14847468.73135,169156,7227038.66633
1705622400000,1.5599,2.2668,1.5156,2.0653,99897396.8,186431389.00452,1404032,92422709.95694
1705708800000,2.0653,2.2222,1.7935,1.8479,105126184.0,204494236.90785,1599172,98824883.05729
1705795200000,1.8479,2.5532,1.8299,2.2336,127262586.8,285347037.41924,1763628,141065651.04690
1705881600000,2.2337,2.2702,1.9631,2.1842,73397725.5,153788135.50986,1000975,75034573.16233
1705968000000,2.1849,2.3267,1.9514,2.1362,66082744.8,140688635.68298,1110159,69388963.31250
1706054400000,2.1363,2.4356,2.1304,2.3185,59648140.3,137186248.74918,1072180,67560389.02710
1706140800000,2.3190,2.3942,2.0625,2.0798,32978933.4,73671004.41720,656822,35181317.76338
1706227200000,2.0795,2.2325,2.0599,2.1968,20488728.7,44453488.14570,393913,21949948.43913
1706313600000,2.1969,2.3486,2.1263,2.3466,16930367.9,37043275.10229,325806,18175533.32339
1706400000000,2.3472,2.7343,2.1992,2.4807,102140108.0,257247873.04499,1456135,128083912.73261
1706486400000,2.4808,2.5685,2.3222,2.4991,51948054.9,126581449.79016,839983,61724829.46227
1706572800000,2.4994,2.5231,2.3347,2.4242,27795244.6,66908090.56908,577184,32636719.95332
1706659200000,2.4254,2.4775,2.2522,2.2777,24702446.7,58419459.95256,565999,27723246.25894
1706745600000,2.2776,2.4455,2.2340,2.3880,19155655.7,44660619.12230,460041,21965355.37660
1706832000000,2.3876,2.4679,2.3315,2.3997,12927158.3,31011976.12232,326936,14500621.21827
1706918400000,2.3998,2.4269,2.3201,2.3318,7037986.1,16741652.32787,196972,7625072.32611
1707004800000,2.3318,2.3384,2.1585,2.1688,11275793.2,25156063.81244,247191,12536105.34378
1707091200000,2.1689,2.2120,2.1370,2.1721,7329929.2,15947753.00445,189995,7733522.37069
1707177600000,2.1730,2.2068,2.1016,2.1472,6874941.6,14805642.62614,177714,6757184.59125
1707264000000,2.1472,2.4070,2.0842,2.3228,15302997.6,34328227.44190,290528,16425180.13688
1707350400000,2.3227,2.3554,2.1723,2.1873,9195039.9,20729900.76400,190977,10073159.31986
1707436800000,2.1873,2.2957,2.1873,2.2252,9414009.5,21068961.03901,196194,10014838.20210
1707523200000,2.2252,2.2932,2.2030,2.2346,6060409.6,13603679.21590,141023,6317717.96969
1707609600000,2.2345,2.2669,2.1550,2.1696,5595623.7,12375175.16101,145519,5876988.96598
1707696000000,2.1696,2.3283,2.1510,2.2791,9281305.1,20726284.50401,217163,9938277.91300
1707782400000,2.2791,2.2995,2.1575,2.2150,6452821.1,14377887.02423,169289,6768198.51007
1707868800000,2.2149,2.3129,2.1875,2.3088,6966968.0,15841967.85510,160642,7404079.73907
1707955200000,2.3090,2.5019,2.3016,2.4287,15413549.2,37001991.94894,314053,17852248.33663
1708041600000,2.4290,2.8575,2.4116,2.6635,31668400.7,83833167.55931,590374,40699414.40888
1708128000000,2.6625,3.1155,2.5400,3.0278,29823342.5,82622741.07730,625570,39304774.72148
1708214400000,3.0278,3.7281,2.9934,3.3358,69160527.8,237233274.52948,1510156,114349774.37522
1708300800000,3.3359,3.5147,3.2126,3.4125,23356466.0,79003568.36825,565194,37903388.73097
1708387200000,3.4121,4.0800,3.2100,4.0010,60149139.3,225107495.86196,1371695,109563783.77312
1708473600000,4.0010,4.0800,3.5793,3.9841,41933036.3,161389282.09993,1085515,80728271.21110
1708560000000,3.9845,4.3844,3.7200,4.1135,31598859.2,129480338.84841,858085,62956871.78868
1708646400000,4.1134,4.2795,3.6700,3.7576,20103102.0,79925971.44178,610059,38908374.47235
1708732800000,3.7580,3.8235,3.6000,3.6799,11349631.6,42044087.67274,402323,20495634.42148
1708819200000,3.6812,3.9289,3.6000,3.6520,11905301.6,44479595.30504,391811,21041339.41293
1708905600000,3.6520,3.9800,3.5668,3.8981,12790003.5,48014643.66512,405654,22276611.73760
1708992000000,3.8982,4.1100,3.7762,3.8260,8253775.3,32434754.21007,319746,14984156.98554
1709078400000,3.8264,4.3110,3.4187,4.0405,15775371.3,62873127.11548,524450,29662370.77780
1709164800000,4.0405,4.3074,3.9257,4.0889,10214299.9,42210378.02120,446969,20627557.38982
1709251200000,4.0893,4.2176,4.0042,4.0550,7822200.7,32110229.92650,341319,15904738.01082
1709337600000,4.0551,4.1261,3.8454,3.9285,8394759.7,33086941.63128,372418,15735828.60345
1709424000000,3.9283,3.9811,3.3033,3.8306,10372071.2,39422269.81292,423205,18148025.95620
1709510400000,3.8304,3.9220,3.6208,3.7264,7837151.2,29608355.47166,309829,14373404.51303
1709596800000,3.7271,3.8454,2.8000,3.3329,13137456.4,45627814.34456,500040,21653686.47991
1709683200000,3.3323,3.9328,3.2088,3.8467,14690044.6,52819600.83111,561317,24744105.34535
1709769600000,3.8464,4.0441,3.8158,3.8750,11515991.3,45186552.78453,480116,21476355.95259
1709856000000,3.8750,3.9581,3.5019,3.7093,9157769.0,34302789.09351,383160,16967968.73788
1709942400000,3.7095,4.7794,3.6840,4.6164,25426929.9,110957589.73721,916489,53407257.67496
1710028800000,4.6160,4.7929,4.1412,4.3281,14268114.8,64065952.79048,649546,30698020.53224
1710115200000,4.3281,4.5080,4.1000,4.2715,9079182.1,39076773.67499,377726,19014824.35368
1710201600000,4.2721,4.4387,3.9042,4.3982,9623839.3,40585171.69084,348680,19775015.56685
1710288000000,4.4002,4.5163,4.2344,4.4381,6748114.8,29724769.53497,281181,13901083.33277
1710374400000,4.4383,4.5135,3.9193,4.1759,9838493.2,41143983.79125,385556,19675584.12341
1710460800000,4.1765,4.2280,3.5639,3.9335,9264759.8,35917366.06062,417197,16995962.28746
1710547200000,3.9330,4.0059,3.3653,3.4674,6658135.0,24736036.68036,352788,11918536.76776
1710633600000,3.4691,4.4260,3.3291,4.1781,16053639.5,64794559.97023,642346,31919681.60719
1710720000000,4.1785,4.2482,3.7226,3.7758,12130081.7,47652527.18980,561868,22907235.74359
1710806400000,3.7760,3.8299,3.2864,3.5225,10939816.2,38747847.55020,643370,18763155.60338
1710892800000,3.5214,3.9409,3.3126,3.8756,9217561.1,33582314.84593,407691,16383133.85920
1710979200000,3.8751,4.0449,3.8125,3.9186,6805712.7,26796288.35031,326744,13195024.07896
1711065600000,3.9177,3.9954,3.5306,3.5896,5843004.2,21990073.50536,306609,10471877.43262
1711152000000,3.5896,3.7240,3.5458,3.5928,5006549.5,18284500.93081,227051,9059073.22002
1711238400000,3.5925,3.8052,3.5362,3.7815,3857121.9,14036282.26787,205319,6841061.09630
1711324800000,3.7817,3.9450,3.7712,3.8660,3657879.0,14118030.68998,186049,6935737.30263
1711411200000,3.8656,3.9748,3.6898,3.7293,5445785.4,20867167.68360,248125,10077489.34493
1711497600000,3.7300,4.1116,3.6220,3.7197,11208888.7,43365715.67250,410859,21014770.86414
1711584000000,3.7198,4.1055,3.6397,3.9857,8762104.6,34255489.66477,372832,16566032.87757
1711670400000,3.9854,4.0700,3.8670,4.0070,7114810.0,28338960.75258,283328,13164171.87115
1711756800000,4.0071,4.0533,3.7911,3.8556,4732792.7,18607350.35531,212947,9058988.65860
1711843200000,3.8552,3.9881,3.8307,3.8934,3333664.5,13037007.88435,181015,6069285.44846
1711929600000,3.8933,3.9611,3.5396,3.6416,6049104.8,22523887.04783,236238,10639995.76479
1712016000000,3.6426,3.6762,3.1749,3.3094,7155378.2,23920718.06407,256568,11489504.00617
1712102400000,3.3086,3.3786,3.1491,3.2578,4823037.6,15817991.74200,209821,7739613.60717
1712188800000,3.2569,3.4576,3.1406,3.3432,4513064.2,14981773.11657,189787,7244533.52639
1712275200000,3.3432,3.3511,3.1435,3.2759,3203992.2,10434444.78694,140864,5146182.49857
1712361600000,3.2753,3.4181,3.2622,3.3671,2508374.4,8420709.20653,124169,4112738.57357
1712448000000,3.3658,3.4588,3.3432,3.4045,2339408.5,7971756.41759,112558,3922951.36246
1712534400000,3.4044,3.6136,3.3070,3.6035,2721761.4,9479804.78668,116160,4728715.92241
1712620800000,3.6035,3.7000,3.4489,3.5035,5203350.7,18591222.89874,171737,8970043.66770
1712707200000,3.5026,3.5350,3.2242,3.5035,3668776.9,12497016.04702,148364,5939897.26098
1712793600000,3.5032,3.5235,3.2906,3.3105,2679030.9,9098421.78704,123303,4381235.26563
1712880000000,3.3116,3.3887,2.3172,2.7174,7579417.5,21746426.48753,224061,9438087.01767
1712966400000,2.7174,2.7753,1.9368,2.2800,10240881.1,24458449.63657,310366,11716122.54064
1713052800000,2.2811,2.5562,2.1681,2.5183,8234570.6,19678683.08811,368548,9884610.97445
1713139200000,2.5183,2.6149,2.2450,2.3455,6192780.4,15195574.29699,280959,7389951.83074
1713225600000,2.3453,2.4114,2.2385,2.3846,6156799.7,14346385.24936,218982,7184682.97137
1713312000000,2.3841,2.4345,2.2433,2.3606,4845601.9,11383053.14911,195677,5674117.15649
1713398400000,2.3606,2.5246,2.2894,2.5048,4481184.4,10856947.27134,175588,5498729.36449
1713484800000,2.5054,2.8754,2.3153,2.7168,10914738.4,29243071.32971,310069,14772145.16060
1713571200000,2.7168,2.9614,2.6623,2.9584,8775604.6,24729011.77336,231001,12205104.12909
1713657600000,2.9578,3.1143,2.9299,3.0057,6101650.6,18397638.44010,192463,8893142.47461
1713744000000,3.0057,3.1020,2.9880,3.0336,3593295.8,10921078.50683,142983,5132615.16166
1713830400000,3.0336,3.0935,2.9359,2.9680,3500548.9,10567697.37139,136025,5157805.66589
1713916800000,2.9680,3.2669,2.7680,2.8173,6137442.3,18706449.85108,221427,8970232.86164
1714003200000,2.8176,2.9582,2.7098,2.8730,4197128.5,11942650.61654,171150,5926380.15271
1714089600000,2.8724,2.8862,2.7100,2.7423,2694332.0,7489250.59272,122650,3631909.51706
1714176000000,2.7428,2.8161,2.5998,2.8046,2632643.4,7145363.81557,119437,3579203.20204
1714262400000,2.8052,2.9564,2.7243,2.7525,2673446.2,7607636.73277,119279,3619616.08511
1714348800000,2.7525,2.7828,2.6603,2.7264,2666813.3,7253909.64570,119404,3635586.61000
1714435200000,2.7259,2.7712,2.3800,2.4995,3223563.0,8130577.75101,158939,4025295.22867
1714521600000,2.4991,2.5376,2.3124,2.5219,3762189.4,9152122.69377,181142,4557356.82817
1714608000000,2.5217,2.5608,2.4288,2.5244,2550531.5,6344652.68679,114172,3124705.00085
1714694400000,2.5241,2.6768,2.4729,2.6389,3329755.0,8622872.95072,123141,4185829.97473
1714780800000,2.6387,2.7047,2.6058,2.6429,2536295.1,6726336.91853,105213,3286557.61068
1714867200000,2.6424,2.8822,2.5788,2.8241,5579915.2,15282765.24256,169922,7743144.35773
1714953600000,2.8235,3.2494,2.7991,2.9867,22389656.5,68666650.14932,526410,33387530.00885
1715040000000,2.9869,3.2399,2.9771,3.0925,15781005.4,49212917.37001,382785,24054749.02341
1715126400000,3.0929,3.2558,2.8500,2.9379,11637818.3,35691968.52163,306467,17180424.84792
1715212800000,2.9370,3.4362,2.9370,3.2748,12625891.0,40711962.10506,342254,20257097.74325
1715299200000,3.2749,3.4839,3.2123,3.2855,10501172.0,35040235.92062,288479,16976940.54553
1715385600000,3.2841,3.4342,3.2715,3.3827,6126011.0,20638603.50279,201754,9908144.34292
1715472000000,3.3828,3.4533,3.2533,3.3182,5531613.5,18575241.10983,181765,9134462.46480
1715558400000,3.3183,3.4086,2.9616,3.0046,9794676.1,30502286.45410,265682,14488796.25422
1715644800000,3.0044,3.0873,2.8889,2.9393,4905682.6,14689609.24532,147584,6696181.38126
1715731200000,2.9394,3.3442,2.8669,3.3179,5375842.3,16819441.04820,180527,8327980.44594
1715817600000,3.3186,3.4786,3.2015,3.2952,4455906.4,14870218.42448,158060,7263188.48510
1715904000000,3.2942,3.3312,3.2070,3.2674,3417091.4,11175129.54088,120516,5498941.20229
1715990400000,3.2663,3.3063,3.1612,3.1895,2340027.8,7545978.09796,95067,3590797.94148
1716076800000,3.1895,3.2086,3.0239,3.0525,2254970.8,7032454.17665,89292,3449327.25110
1716163200000,3.0527,3.3163,2.9862,3.2975,3503638.8,10991963.02005,131781,5347076.07029
1716249600000,3.2977,3.4163,3.2525,3.3293,3947675.5,13174390.02385,121641,6268620.34438
1716336000000,3.3298,3.5112,3.2065,3.2793,5832876.9,19453293.41874,174002,9241031.18922
1716422400000,3.2788,3.2949,2.9141,3.0700,4632112.8,14387502.23698,164239,6566198.98094
1716508800000,3.0690,3.1940,2.9853,3.1538,2303511.2,7143462.72987,95091,3425853.91939
1716595200000,3.1542,3.2143,3.1300,3.1818,2073088.4,6575039.41935,76030,3302187.67296
1716681600000,3.1823,3.1992,3.0500,3.0902,1805690.4,5649783.78763,69953,2670284.32722
1716768000000,3.0902,3.1986,3.0817,3.1581,1974607.2,6212204.90911,77949,3075692.61814
1716854400000,3.1581,3.1627,2.9760,3.0881,2704499.5,8309655.32943,110075,4054079.94970
1716940800000,3.0881,3.2670,3.0285,3.2015,4836368.8,15226016.51958,168527,7538224.01200
1717027200000,3.2014,3.5286,3.1659,3.4068,11113546.2,37272226.60106,338335,18109006.58352
1717113600000,3.4070,3.5084,3.2656,3.4087,5253760.8,17874442.40667,159631,8393957.70669
1717200000000,3.4093,3.5046,3.3037,3.3069,2445257.3,8293313.84431,89271,3855091.91670
1717286400000,3.3083,3.6079,3.2626,3.4628,6250871.0,21670243.38309,203720,10530021.90991
1717372800000,3.4627,3.4977,3.3160,3.3489,3104320.0,10602167.97220,112351,5142825.27680
1717459200000,3.3485,3.4190,3.2723,3.3979,1945609.9,6507094.36915,83879,3009644.47070
1717545600000,3.3977,3.4447,3.3386,3.3877,1458295.5,4948998.16358,71914,2447641.84076
1717632000000,3.3870,3.4036,3.2700,3.3095,1537664.5,5136958.35489,66064,2330244.44393
1717718400000,3.3093,3.3925,2.7514,3.0470,3478585.2,10949444.30540,120778,5027213.01046
1717804800000,3.0467,3.0830,2.8434,2.8672,2316860.3,6882787.76429,85278,3335430.17988
1717891200000,2.8670,2.8808,2.7887,2.8678,1472482.9,4186918.58487,57367,2035319.28591
1717977600000,2.8684,2.9303,2.7451,2.8071,2426068.8,6911035.11222,86765,3351198.17918
1718064000000,2.8071,2.8297,2.5760,2.6520,3007446.1,8096085.18883,105095,3848904.30122
1718150400000,2.6520,2.8557,2.5748,2.7233,2404209.3,6596509.84865,98030,3250388.91413
1718236800000,2.7245,2.7559,2.5016,2.5161,2319170.1,6070349.05068,85109,2952711.30199
1718323200000,2.5156,2.5502,2.3180,2.4270,2736270.6,6727008.76376,93533,3243911.64079
1718409600000,2.4267,2.4880,2.4009,2.4111,1453611.9,3561137.49827,55222,1656000.81747
1718496000000,2.4114,2.4254,2.3430,2.3956,2117428.5,5045009.70018,67097,2494635.41206
1718582400000,2.3953,2.4291,2.1516,2.2260,3522100.1,7972806.91221,106224,3810744.69647
1718668800000,2.2240,2.2347,1.9000,2.0345,4777234.2,9801303.29366,136765,4632321.32102
1718755200000,2.0341,2.1790,2.0044,2.1426,3466819.4,7357235.16054,105540,3626341.67653
1718841600000,2.1421,2.3634,2.1264,2.1856,5549095.7,12427808.32884,147469,5899487.51969
1718928000000,2.1857,2.2312,2.1171,2.1659,3369595.1,7346594.93057,110798,3581843.79975
1719014400000,2.1655,2.1692,2.0917,2.1054,2194916.7,4659316.24363,68946,2300881.72865
1719100800000,2.1049,2.1628,2.0206,2.0522,1841430.0,3883720.13793,63472,1819560.08556
1719187200000,2.0515,2.1598,1.9610,2.1447,3778781.7,7763322.85483,107358,3908142.73893
1719273600000,2.1449,2.2053,2.1082,2.1507,2815372.2,6077725.31587,77362,2909497.97372
1719360000000,2.1502,2.1841,2.0706,2.1165,2160801.2,4597669.55334,55326,2221100.32821
1719446400000,2.1163,2.1977,2.0722,2.1938,2904047.5,6216485.00232,72830,3115881.83210
1719532800000,2.1939,2.2238,2.0481,2.0567,2306042.5,4914235.82996,65670,2364065.74047
1719619200000,2.0567,2.1022,2.0117,2.0156,1651807.9,3404063.20851,52815,1670404.48445
1719705600000,2.0155,2.1219,1.9913,2.1094,1992370.2,4082577.35703,62178,1964198.92783
1719792000000,2.1101,2.1350,2.0546,2.0643,1779744.1,3738351.34815,54645,1796659.49090
1719878400000,2.0638,2.1002,2.0254,2.0797,2030120.2,4188769.14006,58625,2071364.78578
1719964800000,2.0805,2.0842,1.9300,1.9613,1947799.1,3896353.51993,60229,1857395.10699
1720051200000,1.9609,1.9657,1.7193,1.7330,3715979.2,6787166.36331,95916,3284570.00134
1720137600000,1.7328,1.7387,1.5227,1.6782,4123473.4,6679250.13070,114281,3204729.73984
1720224000000,1.6783,1.7867,1.6552,1.7756,1757099.9,3023480.57706,60252,1435751.55922
1720310400000,1.7756,1.7804,1.6600,1.6700,1788989.7,3089748.58575,59407,1584549.25504
1720396800000,1.6699,1.7758,1.5840,1.7062,2414678.0,4103497.97932,93095,2078009.95654
1720483200000,1.7062,1.7858,1.6908,1.7703,1671278.2,2914596.28279,56540,1498426.81274
1720569600000,1.7695,1.8194,1.7412,1.7913,1527023.1,2717906.13296,46621,1359469.90471
1720656000000,1.7908,1.8448,1.7518,1.7568,1404052.2,2520981.81599,47561,1203905.19904
1720742400000,1.7567,1.7985,1.7053,1.7965,1223384.3,2149675.91565,46532,1113352.18761
1720828800000,1.7965,1.8354,1.7641,1.8036,1035762.8,1856755.27011,37174,867251.96770
1720915200000,1.8031,1.8886,1.7964,1.8807,1176738.3,2167444.89592,40313,1099165.27613
1721001600000,1.8803,2.0284,1.8641,1.9940,1825019.2,3526178.18990,56114,1744483.41487
1721088000000,1.9946,2.0433,1.9131,2.0235,2450776.5,4861757.41831,66249,2380065.12526
1721174400000,2.0231,2.0969,1.9952,2.0333,1969917.3,4036054.39677,57609,1853465.62824
1721260800000,2.0333,2.0721,1.8786,1.9429,2257454.8,4436319.32111,61012,2146039.80791
1721347200000,1.9429,2.0575,1.8807,2.0496,2326660.1,4576267.96635,68604,2171959.69800
1721433600000,2.0497,2.0520,2.0000,2.0157,1226801.4,2488368.87435,37962,1177512.48183
1721520000000,2.0158,2.1000,1.9408,2.0869,2238846.0,4526495.51347,64925,2257976.67735
1721606400000,2.0860,2.1061,1.9055,1.9198,2008708.4,4001286.20519,60128,1853559.55320
1721692800000,1.9200,1.9734,1.7934,1.8135,2604731.4,4885279.97036,72192,2217679.49416
1721779200000,1.8137,1.8425,1.7367,1.7539,1779445.7,3203584.40567,43088,1593484.60054
1721865600000,1.7544,1.7624,1.6407,1.7228,2458760.2,4187728.92939,55181,2029257.71949
1721952000000,1.7228,1.8278,1.7177,1.8092,1461515.6,2607806.01808,43600,1262515.67548
1722038400000,1.8094,1.8252,1.7330,1.7877,1412990.8,2531130.00084,42646,1208761.83882
1722124800000,1.7872,1.7903,1.7349,1.7563,908463.8,1600613.90159,30900,749391.01705
1722211200000,1.7564,1.8765,1.7463,1.7525,2600251.0,4693760.48908,67503,2297714.41553
1722297600000,1.7525,1.7782,1.6535,1.6908,1713449.0,2961392.97690,52193,1461407.26516
1722384000000,1.6900,1.7144,1.6230,1.6278,1959573.4,3286111.47209,52591,1579669.42861
1722470400000,1.6278,1.6512,1.4956,1.6144,3319251.1,5232388.29254,77175,2527637.12423
1722556800000,1.6145,1.6363,1.4874,1.5048,4798282.8,7541327.16690,101700,3691975.84179
1722643200000,1.5053,1.5169,1.3532,1.3999,3759901.3,5385016.00503,84911,2575193.22168
1722729600000,1.3999,1.4351,1.2825,1.3358,3135990.2,4270011.06500,82754,2070354.56133
1722816000000,1.3357,1.3567,1.0900,1.2683,9697691.9,11786061.71617,235838,5756175.70927
1722902400000,1.2696,1.3742,1.2681,1.3338,3041064.4,4050930.77146,76392,1945160.37961
1722988800000,1.3333,1.3858,1.2767,1.3020,3331441.2,4435499.20889,96346,2221638.69844
1723075200000,1.3020,1.4899,1.2782,1.4806,2740961.3,3836924.37464,84077,1874515.75101
1723161600000,1.4804,1.4822,1.4089,1.4536,1710840.1,2468135.44580,51577,1207578.54498
1723248000000,1.4536,1.4737,1.4290,1.4489,1136748.3,1644344.21027,37292,856875.10380
1723334400000,1.4486,1.4743,1.3528,1.3632,2063011.7,2929678.59637,59620,1343234.12665
1723420800000,1.3632,1.4643,1.3587,1.4514,2431953.9,3440363.97564,71859,1730123.10856
1723507200000,1.4516,1.4743,1.4020,1.4561,1671486.1,2399345.11236,49059,1202895.49273
1723593600000,1.4558,1.4720,1.4012,1.4452,1456202.4,2096202.29099,42980,1011261.79710
1723680000000,1.4452,1.4632,1.3604,1.3736,2644440.8,3753296.23927,63951,1856775.07743
1723766400000,1.3737,1.4027,1.3409,1.3893,1904617.3,2625848.97488,49068,1313053.15312
1723852800000,1.3894,1.4410,1.3713,1.4406,1394545.5,1954928.71092,35714,1019378.25887
1723939200000,1.4402,1.4966,1.4202,1.4721,1734360.8,2536737.10105,49898,1232461.62556
1724025600000,1.4722,1.6199,1.4330,1.5692,7593800.9,11724498.47639,148657,5625555.19757
1724112000000,1.5692,1.6300,1.5108,1.5570,5866919.3,9190153.47517,120685,4277817.96186
1724198400000,1.5567,1.6482,1.5552,1.6372,3350893.9,5394561.13459,70356,2633925.95971
1724284800000,1.6372,1.6892,1.6105,1.6667,2616137.4,4332984.65934,63725,2136083.34656
1724371200000,1.6663,1.7814,1.6392,1.7577,2962840.9,5008691.64154,74041,2489578.30171
1724457600000,1.7578,1.8387,1.7427,1.7953,2354996.6,4238876.91178,59794,1968004.73911
1724544000000,1.7956,1.7999,1.7178,1.7292,1865833.3,3266896.40694,59453,1627948.27589
1724630400000,1.7292,1.7530,1.6482,1.6495,2130436.0,3613377.90610,65753,1799448.02634
1724716800000,1.6494,1.7194,1.5305,1.5626,2603523.6,4249309.32042,61792,2054703.22520
1724803200000,1.5629,1.5934,1.4794,1.5315,2542070.3,3918814.99369,61403,1913813.91111
1724889600000,1.5315,1.6183,1.4904,1.5181,3461317.0,5384110.36769,82932,2574014.06936
1724976000000,1.5173,1.5349,1.4269,1.5077,2564256.8,3825146.06698,77277,1944897.63991
1725062400000,1.5074,1.5230,1.4718,1.4873,1195588.8,1784372.54033,38565,846290.89491
1725148800000,1.4875,1.4939,1.4253,1.4324,1991245.9,2914744.70070,59386,1468119.66182
1725235200000,1.4320,1.5213,1.4200,1.5126,1809689.6,2660881.97789,57266,1322677.05726
1725321600000,1.5125,1.5479,1.4694,1.4899,2473654.7,3742713.44536,61672,1802719.44995
1725408000000,1.4899,1.5436,1.4162,1.5130,3212796.2,4792591.52049,75046,2263152.41200
1725494400000,1.5133,1.5223,1.3993,1.4176,2397269.1,3486475.37573,63720,1818417.82172
1725580800000,1.4176,1.4675,1.3071,1.3698,4335246.4,6076158.45167,99772,2886875.76525
1725667200000,1.3704,1.3874,1.3139,1.3356,3220731.1,4342404.04186,61319,2055683.34290
1725753600000,1.3359,1.4209,1.3248,1.3988,2113461.0,2904328.52373,52964,1418392.14762
1725840000000,1.3991,1.4654,1.3925,1.4476,2051424.5,2933646.12156,53384,1421267.98378
1725926400000,1.4481,1.5347,1.4398,1.5038,3086959.6,4628234.21626,60331,2288697.23613
1726012800000,1.5044,1.5065,1.4325,1.4429,2485789.2,3633712.49014,55246,1802174.89931
1726099200000,1.4426,1.5125,1.4424,1.5104,1587176.5,2338763.36462,41962,1120223.99194
1726185600000,1.5114,1.5245,1.4507,1.5141,1572200.4,2344805.05096,38424,1134725.46787
1726272000000,1.5148,1.5355,1.4826,1.4918,1927123.8,2898152.12053,43621,1357610.79774
1726358400000,1.4918,1.5303,1.4155,1.4377,1945492.7,2898990.28922,45727,1320890.97697
1726444800000,1.4377,1.4405,1.3883,1.3995,1568612.3,2217205.00004,46340,1095830.23758
1726531200000,1.4000,1.4620,1.3894,1.4352,1529058.6,2186264.52602,44066,1046010.22732
1726617600000,1.4353,1.4957,1.3965,1.4952,2639688.9,3808623.72149,69374,1931593.14991
1726704000000,1.4953,1.5909,1.4899,1.5642,2851800.4,4399782.10188,75609,2054988.39628
1726790400000,1.5645,1.6491,1.5456,1.6276,2756048.6,4429543.30176,73049,2301441.85141
1726876800000,1.6276,1.6721,1.5960,1.6637,1420477.2,2321941.23867,46179,1110742.52987
1726963200000,1.6636,1.6665,1.5707,1.6111,2150188.7,3476320.71485,59906,1693500.30800
1727049600000,1.6116,1.7087,1.5740,1.6563,5885246.4,9826222.01643,120646,4564181.17680
1727136000000,1.6563,1.7199,1.6223,1.7003,5487662.6,9226753.24234,101100,4099169.13338
1727222400000,1.7001,1.7293,1.6344,1.6447,2891765.7,4880691.24107,75126,2273280.78133
1727308800000,1.6444,1.7408,1.6079,1.7285,3704712.1,6202363.44870,97339,2935013.69318
1727395200000,1.7279,1.7746,1.7083,1.7514,1937448.3,3373368.08398,68432,1598659.28804
1727481600000,1.7515,1.7853,1.6699,1.7149,1670935.4,2868917.74966,60772,1349950.58712
1727568000000,1.7152,1.7826,1.6435,1.7676,2518778.6,4333051.47077,78046,2144632.03372
1727654400000,1.7674,1.7868,1.6060,1.6241,4376497.3,7535295.44519,126105,3564589.53694
1727740800000,1.6240,1.7057,1.4206,1.4501,5818806.1,8992972.77190,158485,4286073.16881
1727827200000,1.4501,1.5114,1.3543,1.3987,3478870.9,5020347.22799,132089,2436546.59858
1727913600000,1.3983,1.4773,1.3351,1.4557,4778464.7,6705252.27726,154515,3375877.47481
1728000000000,1.4555,1.5255,1.4290,1.4975,7700703.9,11370599.14881,181488,5492017.00370
1728086400000,1.4974,1.5027,1.4303,1.4798,2113795.7,3116178.47689,74102,1432953.95470
1728172800000,1.4798,1.5197,1.4522,1.5189,1756474.9,2610957.40833,58252,1295659.38469
1728259200000,1.5189,1.5575,1.4799,1.4870,2791344.5,4256052.40223,99404,1933861.81273
1728345600000,1.4870,1.5102,1.4392,1.4568,1790347.3,2636785.57159,92092,1245824.96136
1728432000000,1.4568,1.4772,1.3612,1.3744,2225170.5,3173268.57610,86387,1648402.75934
1728518400000,1.3742,1.4085,1.3378,1.4083,1855262.7,2554301.08435,66190,1260229.40861
1728604800000,1.4078,1.4639,1.3976,1.4627,1783426.8,2559402.84189,59171,1202265.65871
1728691200000,1.4627,1.5040,1.4508,1.4805,1415300.3,2097526.76190,48172,1004971.84415
1728777600000,1.4805,1.4931,1.4143,1.4599,1349241.3,1959059.79461,46151,970330.61063
1728864000000,1.4608,1.5737,1.4439,1.5667,3027869.8,4614884.45133,82749,2299517.81277
1728950400000,1.5665,1.5891,1.4840,1.5487,3164781.1,4882980.14541,108109,2296879.60786
1729036800000,1.5484,1.5655,1.4963,1.5092,2275688.4,3483788.08420,87087,1648694.62057
1729123200000,1.5100,1.5297,1.4285,1.4715,1922577.7,2838260.36735,71616,1376177.46232
1729209600000,1.4715,1.5428,1.4698,1.5412,1508225.6,2272599.39141,61001,1085124.50012
1729296000000,1.5412,1.5929,1.5408,1.5554,1636381.1,2560656.94213,63774,1229875.85774
1729382400000,1.5556,1.8358,1.5244,1.6793,15406114.2,26366617.18614,320649,12419081.11477
1729468800000,1.6788,1.8325,1.6279,1.7600,16970269.4,29187792.61796,312120,14250637.93835
1729555200000,1.7602,1.7990,1.6448,1.6663,10127727.3,17230579.73061,217006,8173544.55037
1729641600000,1.6665,1.6808,1.5459,1.5995,4029705.9,6454443.13539,116807,2956988.53506
1729728000000,1.5990,1.6729,1.5675,1.5870,4665666.2,7484284.80043,110491,3671864.23428
1729814400000,1.5875,1.6073,1.3545,1.4339,3667054.9,5538939.95403,104147,2636426.80968
1729900800000,1.4339,1.4701,1.4078,1.4559,2020638.3,2905278.28798,62015,1439658.17024
1729987200000,1.4558,1.5980,1.4392,1.5507,8275135.0,12714088.75441,143699,6317421.50813
1730073600000,1.5505,1.6399,1.4715,1.5892,15654261.7,24630536.40040,286892,12091780.27099
1730160000000,1.5892,1.6400,1.5682,1.6089,4841267.1,7742312.44022,139720,3797193.48056
1730246400000,1.6093,1.6205,1.5459,1.5539,2387200.6,3780867.98521,90188,1843080.80527
1730332800000,1.5540,1.5608,1.4891,1.5068,2356274.6,3607747.21716,83463,1716266.85758
1730419200000,1.5068,1.5461,1.4624,1.4991,2250752.1,3372361.27224,89577,1586450.58629
1730505600000,1.4990,1.5561,1.4574,1.5438,3608382.9,5467334.13991,84992,2872866.08904
1730592000000,1.5434,1.5434,1.3830,1.4581,6012826.6,8723085.98236,149407,4176436.09634
1730678400000,1.4574,1.4966,1.3862,1.4262,3119259.1,4542189.77518,98192,2312795.48932
1730764800000,1.4265,1.5371,1.4245,1.5105,2095018.3,3112584.36735,70313,1501550.71039
1730851200000,1.5112,1.6481,1.5108,1.6331,3407442.7,5446355.06259,92938,2731927.59632
1730937600000,1.6333,1.6640,1.5989,1.6362,2414627.3,3945554.20591,75982,1959182.02541
1731024000000,1.6355,1.6576,1.5953,1.6388,2074086.3,3361608.85917,67060,1621584.58137
1731110400000,1.6389,1.7460,1.6303,1.7018,3690162.5,6210642.36996,92880,3078031.59381
1731196800000,1.7016,1.8000,1.6346,1.7404,5282470.3,9208049.17285,139808,4385271.02916
1731283200000,1.7409,1.8730,1.7138,1.8674,6348445.2,11408003.25675,191573,5476102.04760
1731369600000,1.8669,1.9020,1.6800,1.7909,7741143.5,13827037.62326,219799,6626266.35755
1731456000000,1.7909,1.8270,1.6445,1.7067,6831075.5,11795188.13888,201345,5811971.11009
1731542400000,1.7074,1.7570,1.5548,1.5857,6936120.6,11419555.17468,184733,5598923.70278
1731628800000,1.5856,1.6802,1.5397,1.6671,3809609.0,6165707.24000,126358,2962403.97709
1731715200000,1.6676,1.7973,1.6571,1.7887,4442103.8,7690829.70366,129207,3804860.70877
1731801600000,1.7889,1.9051,1.6848,1.7179,8801170.6,15919418.40223,225215,7397773.69785
1731888000000,1.7182,1.8790,1.7069,1.8397,5515741.2,9978227.82013,176873,4874066.99677
1731974400000,1.8394,1.8451,1.7242,1.7818,3431530.9,6094841.42477,118126,2830299.37357
1732060800000,1.7820,1.8086,1.6783,1.7036,3596104.3,6259256.23519,117396,2929888.12423
1732147200000,1.7039,1.8500,1.6775,1.8354,4351314.0,7659783.07470,158758,3733208.23816
1732233600000,1.8353,1.8943,1.7770,1.8911,3628483.9,6656134.62517,139437,3374767.10757
1732320000000,1.8911,2.0549,1.8614,1.9852,7398155.3,14534431.01056,215557,7162258.67172
1732406400000,1.9857,2.1046,1.9250,2.0835,7605058.4,15320052.41536,234625,7183801.54494
1732492800000,2.0840,2.1755,1.9876,2.0940,8975488.5,18859248.48588,253345,9076889.21429
1732579200000,2.0939,2.2525,1.9977,2.1260,8252547.7,17305649.26640,255135,8411179.69141
1732665600000,2.1268,2.2600,2.0628,2.2547,6081710.2,13257309.32668,189177,6387069.93767
1732752000000,2.2541,2.3767,2.1304,2.3258,9049525.7,20259645.36792,267707,9584090.79625
1732838400000,2.3263,2.3957,2.2472,2.3588,5459488.8,12697164.28156,187308,6091073.15335
1732924800000,2.3583,2.4644,2.3000,2.4245,4476901.9,10646905.13331,171021,4944993.78650
1733011200000,2.4247,2.4473,2.3306,2.3659,3214795.3,7677865.74929,140033,3416084.59880
1733097600000,2.3658,2.3975,2.2024,2.3804,5194498.2,11933230.53113,197018,5277369.93935
1733184000000,2.3805,2.5650,2.3047,2.5424,6662247.3,16308771.37416,250755,8008095.35982
1733270400000,2.5430,2.8678,2.4898,2.7897,7084143.0,18924631.11710,239075,9368155.40361
1733356800000,2.7895,2.9805,2.6440,2.8974,11522905.7,33069964.51688,347292,16081614.41185
1733443200000,2.8973,3.0288,2.7751,2.8965,4875940.7,14215044.37682,190701,7005218.64335
1733529600000,2.8964,2.9131,2.7826,2.7967,2374852.4,6746569.30725,112334,3123417.06739
1733616000000,2.7963,2.8572,2.7154,2.8534,2107575.2,5858789.93128,109762,2842230.62625
1733702400000,2.8540,2.8584,2.0771,2.3667,8538128.3,21528342.01125,239788,9910045.49654
1733788800000,2.3670,2.4292,2.0966,2.2723,5939846.4,13421962.62091,188588,6719970.43587
1733875200000,2.2723,2.5199,2.1742,2.4714,3336410.8,7840582.09252,125030,3744431.84721
1733961600000,2.4714,2.6567,2.4547,2.5976,3414655.9,8793302.62073,143439,4221208.57536
1734048000000,2.5975,2.6650,2.5216,2.6279,3022045.7,7856494.16082,155832,3841897.99217
1734134400000,2.6280,2.6694,2.4558,2.5083,2235810.9,5741545.79182,125567,2747517.27740
1734220800000,2.5084,2.5817,2.4225,2.5607,1829311.9,4593071.50547,114832,2284033.42100
1734307200000,2.5609,2.6400,2.3578,2.4288,2453772.2,6071063.05230,132215,2915021.20132
1734393600000,2.4289,2.4645,2.2623,2.2785,2377169.9,5659527.26104,114195,2757644.66430
1734480000000,2.2796,2.3059,2.0141,2.0609,3659446.8,8063338.05797,149685,3937474.92509
1734566400000,2.0609,2.1264,1.8124,1.8819,5804800.4,11452579.60459,191375,5539030.39628
1734652800000,1.8820,2.0227,1.6535,1.9968,6011060.1,10976070.72061,202004,5383414.73910
1734739200000,1.9962,2.1196,1.9026,1.9344,3336585.3,6653529.23056,149129,3313980.88812
1734825600000,1.9344,2.0162,1.8738,1.9349,2715222.9,5272879.51563,112347,2533591.00285
1734912000000,1.9348,2.2029,1.8777,2.1640,3202439.1,6520405.71363,130241,3196396.65481
1734998400000,2.1641,2.4260,2.1005,2.3102,5231741.0,11884902.38248,152128,5720459.77499
1735084800000,2.3102,2.3786,2.2253,2.2666,3104398.4,7130398.21692,109835,3626351.36123
1735171200000,2.2666,2.2940,2.0538,2.0977,2669870.0,5777387.14801,96520,2860424.63408
1735257600000,2.0977,2.2052,2.0533,2.0724,2515641.7,5348969.58405,95590,2567628.52705
1735344000000,2.0728,2.7594,2.0636,2.5047,32053181.4,78427715.98469,630642,39458900.52390
1735430400000,2.5047,2.5167,2.2837,2.3299,13854968.0,33251666.86619,315930,14724478.33531
1735516800000,2.3299,2.4428,2.1953,2.3160,6642843.6,15426519.64999,193269,7510076.00271
1735603200000,2.3168,2.3327,2.1774,2.1861,5014177.6,11393167.99262,150562,5236478.27360
1735689600000,2.1863,2.2306,2.1240,2.2035,2667542.3,5796888.57737,86785,2698286.49110
1735776000000,2.2035,2.6132,2.1871,2.5295,10474294.2,25641799.61706,243921,12466856.92853
1735862400000,2.5294,2.5769,2.4031,2.5326,7016610.9,17333331.19913,188519,8715821.15680
1735948800000,2.5325,2.5564,2.4016,2.4536,2937754.8,7277925.94483,89917,3441224.22556
1736035200000,2.4536,2.5040,2.3975,2.4652,2450169.7,6002450.43911,84843,2973163.99419
1736121600000,2.4651,2.5287,2.4115,2.4650,3487311.9,8611337.43009,90644,4173927.02179
1736208000000,2.4652,2.4658,2.1846,2.1861,3878196.4,9094270.05274,99102,4155199.10152
1736294400000,2.1862,2.2071,1.9891,2.1127,4277746.5,8987705.17439,113560,4286733.89591
1736380800000,2.1136,2.1399,1.9643,2.0202,2848141.5,5846597.95896,79581,2801934.80851
1736467200000,2.0205,2.1325,2.0090,2.1060,2624533.8,5431532.90687,76566,2707807.49418
1736553600000,2.1058,2.1197,2.0501,2.0772,1713701.0,3563503.59979,51002,1758393.48138
1736640000000,2.0781,2.1102,2.0339,2.0860,2002780.5,4156198.06252,52811,1963340.63896
1736726400000,2.0859,2.1216,1.7413,1.9568,4333350.0,8360695.44110,120421,3983506.68118
1736812800000,1.9571,2.0596,1.9402,2.0518,3200740.5,6433670.00722,86897,2956270.16670
1736899200000,2.0511,2.1436,1.9764,2.1315,3529800.4,7271275.98217,112059,3505842.66726
1736985600000,2.1316,2.1576,2.0563,2.1050,3141751.9,6640886.64025,106737,3346666.49945
1737072000000,2.1055,2.2355,2.0990,2.1916,2733776.3,5993740.70695,106707,2879461.31133
1737158400000,2.1915,2.2034,1.9926,2.0500,3344008.1,6913549.52384,122072,3410311.10735
1737244800000,2.0498,2.0973,1.8369,1.8694,5328808.6,10372254.92613,165328,4942478.40723
1737331200000,1.8686,2.0067,1.7938,1.8618,5869212.6,11071047.29465,197585,5296762.65724
1737417600000,1.8623,1.9494,1.7958,1.9186,3098702.6,5793722.54569,154502,2781863.32566
1737504000000,1.9185,1.9588,1.8494,1.8560,2486202.2,4750936.37386,134548,2293240.27618
1737590400000,1.8559,1.9061,1.7936,1.8821,2993951.4,5510307.08050,152089,2746869.70689
1737676800000,1.8821,1.9147,1.7971,1.8089,2619000.8,4871299.31624,117492,2341569.77772
1737763200000,1.8089,1.8358,1.7480,1.8182,1867219.1,3346297.03579,86786,1634205.72225
1737849600000,1.8187,1.9108,1.8094,1.8253,2318441.9,4307573.23225,69875,2166770.90482
1737936000000,1.8251,1.8423,1.6543,1.7484,4354832.9,7473020.41712,113381,3619686.09480
1738022400000,1.7485,1.7647,1.5536,1.5609,3526704.2,5877289.84712,108291,2867281.02938
1738108800000,1.5610,1.6732,1.5479,1.5788,2760626.1,4446937.49160,124850,2269674.28362
1738195200000,1.5790,1.7613,1.5636,1.6145,4733158.6,7894569.19725,144444,3589596.13161
1738281600000,1.6145,1.7793,1.5709,1.6211,6617770.8,10980652.14824,174825,5439708.22162
1738368000000,1.6211,1.8793,1.5798,1.7699,18982961.3,33027029.43828,396732,16821565.51810
1738454400000,1.7700,1.8788,1.3366,1.4049,32805985.4,55080521.25075,676642,27499712.87753
1738540800000,1.4056,1.4996,1.0463,1.4866,19724149.5,25108359.88155,500259,12820900.86602
1738627200000,1.4866,1.4972,1.2683,1.3119,6451559.5,8702365.20493,303068,4419298.35808
1738713600000,1.3121,1.3434,1.2511,1.2749,4307231.4,5603560.58792,182362,2775215.39282
1738800000000,1.2748,1.2916,1.1570,1.1794,4103054.7,4986059.20491,171776,2574575.18579
1738886400000,1.1794,1.3080,1.1623,1.2009,4925247.2,6093566.70795,174847,2929189.30050
1738972800000,1.2009,1.3542,1.1906,1.2986,3332428.3,4141777.02278,115834,2131064.95148
1739059200000,1.2987,1.4803,1.2700,1.3340,13189619.7,18245707.79612,319970,9320734.81084
1739145600000,1.3342,1.3720,1.2704,1.3264,5433072.2,7197307.63804,164419,3609150.23711
1739232000000,1.3261,1.4074,1.2867,1.3077,2930090.0,3950541.83081,107361,2001933.31265
1739318400000,1.3079,1.3910,1.2387,1.3747,3917755.4,5139556.36944,130125,2564991.60253
1739404800000,1.3745,1.4065,1.2978,1.3289,2802964.6,3758186.09326,104259,1813513.01367
1739491200000,1.3290,1.3886,1.2991,1.3411,3170679.6,4237704.99518,113784,2037928.51256
1739577600000,1.3412,1.3504,1.2538,1.2743,2239372.7,2909138.31324,78680,1489071.30868
1739664000000,1.2742,1.3523,1.2658,1.3033,4501613.4,5918058.43756,127136,3003800.13337
1739750400000,1.3030,1.3265,1.2409,1.2644,3453388.3,4448145.28333,113716,2098117.79471
1739836800000,1.2648,1.2717,1.1620,1.2412,5049006.2,6143539.97563,140388,3022210.20899
1739923200000,1.2413,1.3445,1.2287,1.3090,5824539.1,7598589.74818,144379,3565673.25632
1740009600000,1.3095,1.3396,1.2901,1.3135,3520501.0,4630730.77645,110662,2350312.67373
1740096000000,1.3135,1.3985,1.2422,1.2581,5256973.3,6951617.29051,142824,3282136.72928
1740182400000,1.2583,1.3472,1.2287,1.3222,3469631.2,4477854.51524,104003,2202193.83038
1740268800000,1.3217,1.3442,1.2573,1.3073,3794527.8,4937246.21292,108846,2447611.31641
1740355200000,1.3072,1.3236,1.1580,1.1938,7023300.8,8785690.21671,185603,4121277.26945
1740441600000,1.1940,1.2094,1.1130,1.1889,5516028.0,6407786.54064,157252,3121818.44820
1740528000000,1.1885,1.2173,1.1220,1.1840,4150447.3,4859904.83894,114755,2378745.51598
1740614400000,1.1843,1.2657,1.1666,1.2005,4170023.6,5057208.39651,108846,2467364.82011
1740700800000,1.2005,1.2343,1.0993,1.2144,4882941.4,5662528.26629,128528,2823116.12486
1740787200000,1.2144,1.2205,1.1439,1.1856,2136287.8,2521539.10043,67608,1333530.97577
1740873600000,1.1855,1.2926,1.1690,1.2823,4975111.0,6109312.60530,113944,3016089.34963
1740960000000,1.2828,1.2893,1.0884,1.0965,3816236.3,4553217.55424,120287,2184221.58901
1741046400000,1.0965,1.2935,0.9881,1.2441,17222970.2,20326204.85187,289389,10331597.83434
1741132800000,1.2440,1.2865,1.2065,1.2431,13245273.5,16450595.78445,215799,8469447.88090
1741219200000,1.2430,1.2552,1.1688,1.2063,5577286.1,6771304.98543,134994,3596290.71037
1741305600000,1.2063,1.2453,1.1495,1.1600,6083519.9,7266030.06145,165019,3633777.40858
1741392000000,1.1599,1.1900,1.1407,1.1452,4804498.3,5567149.76140,129079,2818317.75921
1741478400000,1.1453,1.1576,1.0896,1.0967,5478859.9,6163160.20582,135275,3201106.53294
1741564800000,1.0963,1.2278,1.0658,1.1133,10169938.0,11665481.70617,212610,5790613.50818
1741651200000,1.1134,1.2411,1.0870,1.2131,8441131.1,9817134.33914,174347,4758959.62050
1741737600000,1.2129,1.2182,1.1307,1.1949,3994057.4,4677384.22380,106189,2345538.96831
1741824000000,1.1948,1.2354,1.1310,1.1679,4138769.5,4911852.91814,121152,2302292.50252
1741910400000,1.1682,1.2628,1.1649,1.2354,6334215.9,7793461.14795,135557,3809540.94007
1741996800000,1.2354,1.2867,1.2161,1.2647,2172676.2,2693715.56357,72999,1309586.71486
1742083200000,1.2647,1.2960,1.2265,1.2435,4656566.5,5856777.16462,119612,2881394.09584
1742169600000,1.2436,1.4856,1.2402,1.3578,11883859.7,16305384.17989,238240,8161464.71340
1742256000000,1.3578,1.3980,1.2568,1.2778,11063225.8,14623160.00424,196389,6929964.28111
1742342400000,1.2780,1.3928,1.2748,1.3867,4392906.9,5873739.98860,112369,2774140.01770
1742428800000,1.3868,1.3973,1.3086,1.3166,2660261.3,3572857.58075,80040,1662585.97051
1742515200000,1.3167,1.3895,1.2962,1.3231,2771260.3,3676957.54406,93128,1848489.61545
1742601600000,1.3227,1.3847,1.3035,1.3505,2502182.2,3380815.33144,77087,1694106.89924
1742688000000,1.3507,1.3840,1.3132,1.3586,2510723.5,3391398.84237,76621,1692864.98881
1742774400000,1.3587,1.4713,1.3321,1.4096,4807496.2,6739351.21301,117740,3166233.33364
1742860800000,1.4100,1.4490,1.3855,1.4205,2016316.5,2853864.28874,71597,1416107.99143
1742947200000,1.4203,1.4475,1.3671,1.3961,2071675.4,2915761.21333,72753,1413690.36885
1743033600000,1.3964,1.4216,1.3635,1.3786,1672680.4,2330758.85037,57391,1118309.24144
1743120000000,1.3787,1.3976,1.2412,1.2666,2846119.9,3698943.38663,84593,1761820.39677
1743206400000,1.2663,1.2780,1.2057,1.2203,1847716.0,2277803.23795,66122,1059618.75650
1743292800000,1.2204,1.2492,1.1920,1.2124,2459307.8,2994365.91580,72233,1301211.53926
1743379200000,1.2126,1.2253,1.1665,1.1984,1808177.7,2170831.95662,67561,1070472.73474
1743465600000,1.1985,1.2536,1.1844,1.1984,1783497.8,2168620.27688,59007,1027445.74420
1743552000000,1.1986,1.2060,1.0827,1.0907,3035436.2,3519078.19398,73372,1736989.44970
1743638400000,1.0904,1.1335,1.0531,1.1103,2618303.3,2872301.23749,65628,1415423.49219
1743724800000,1.1105,1.1507,1.0809,1.1375,2499645.2,2797618.84551,61993,1394015.64703
1743811200000,1.1376,1.1631,1.1297,1.1479,1687991.0,1927924.11726,44029,975072.46570
1743897600000,1.1481,1.1520,1.0065,1.0289,3242879.9,3497221.64456,83480,1731179.82467
1743984000000,1.0296,1.1094,0.9554,1.0578,5418609.2,5602175.82460,135609,2839058.98784
1744070400000,1.0580,1.0911,0.9912,0.9978,2305511.2,2393835.41257,70933,1203004.13946
1744156800000,0.9983,1.1220,0.9558,1.1031,3431744.8,3599109.15788,97291,1905962.03160
1744243200000,1.1031,1.1066,1.0334,1.0642,2472164.4,2659529.98247,71609,1284486.97017
1744329600000,1.0643,1.1225,1.0232,1.0652,4563690.2,4875370.91548,95868,2230043.58038
1744416000000,1.0654,1.1257,1.0630,1.1165,2417858.2,2646757.06642,64424,1303658.15248
1744502400000,1.1165,1.1193,1.0564,1.0734,2077977.4,2261386.31311,53928,1169336.26119
1744588800000,1.0733,1.1056,1.0472,1.0617,1891533.7,2039216.20084,53588,1050125.25646
1744675200000,1.0616,1.1048,1.0435,1.0490,2222632.0,2376050.69311,59466,1286248.01208
1744761600000,1.0489,1.0643,1.0139,1.0401,2375928.2,2481737.76738,58860,1267007.26169
1744848000000,1.0404,1.1189,1.0338,1.0688,2485997.8,2650772.57894,54944,1287199.47559
1744934400000,1.0690,1.0973,1.0598,1.0663,1555497.2,1678470.81721,49169,799591.20631
1745020800000,1.0663,1.1215,1.0657,1.1086,1792245.8,1964764.36136,48937,1007073.45394
1745107200000,1.1089,1.1521,1.1041,1.1411,1505919.5,1698630.18826,46270,820981.92856
1745193600000,1.1413,1.1660,1.1220,1.1338,1583877.5,1818132.87820,46504,810005.82138
1745280000000,1.1339,1.2153,1.1194,1.1931,1957033.7,2280528.20453,50355,1094240.42209
1745366400000,1.1934,1.2384,1.1780,1.2088,2633032.1,3177651.85526,71365,1502361.58460
1745452800000,1.2087,1.2430,1.1755,1.2399,1989968.8,2404842.96479,65810,1230189.54260
1745539200000,1.2401,1.2739,1.2093,1.2631,1766561.5,2200707.83858,58628,1114806.60629
1745625600000,1.2632,1.2966,1.2396,1.2885,2623625.7,3346762.98641,63313,1629343.75311
1745712000000,1.2885,1.3007,1.2160,1.2186,1564609.9,1959304.16793,64439,905927.80171
1745798400000,1.2185,1.2701,1.1890,1.2501,1603261.0,1977766.53775,59214,1020842.13171
1745884800000,1.2502,1.2654,1.1970,1.2109,1279844.9,1583483.56312,53669,751377.86167
1745971200000,1.2100,1.2575,1.1914,1.2189,1512215.4,1849639.39319,54209,921787.52420
1746057600000,1.2189,1.2892,1.2177,1.2270,1897307.6,2365837.44816,62430,1089802.65782
1746144000000,1.2268,1.2320,1.1636,1.1640,1853037.0,2216287.37555,72425,1121791.72456
1746230400000,1.1643,1.1741,1.0924,1.1199,1697240.4,1934491.44553,56784,875860.06435
1746316800000,1.1200,1.1384,1.0963,1.1092,1614730.0,1798354.96077,64394,847319.81803
1746403200000,1.1094,1.1401,1.0804,1.1004,2158169.2,2393511.95290,72004,1158349.93476
1746489600000,1.1006,1.1077,1.0397,1.0948,2076764.7,2236748.88286,74155,1115795.56608
1746576000000,1.0947,1.1120,1.0471,1.0649,2046532.9,2217349.86566,66616,1053987.00325
1746662400000,1.0647,1.2306,1.0645,1.2279,3364025.5,3887148.80903,99151,1837144.85385
1746748800000,1.2280,1.2786,1.2198,1.2742,2648222.0,3297309.57159,82639,1558448.25434
1746835200000,1.2745,1.3469,1.2661,1.3445,2461960.8,3195216.94446,73413,1501214.99932
1746921600000,1.3445,1.4460,1.3146,1.3561,4381186.0,5997726.88019,102975,2874360.47948
1747008000000,1.3564,1.4162,1.2729,1.3571,3571093.8,4857864.57515,93057,2392871.38471
1747094400000,1.3568,1.4160,1.2808,1.4044,2482900.4,3370790.99038,75722,1523616.98999
1747180800000,1.4044,1.4158,1.3087,1.3220,1826043.9,2484001.88297,63391,1190621.51845
1747267200000,1.3222,1.3511,1.2393,1.2644,2923707.4,3770176.33999,86443,1846803.64084
1747353600000,1.2643,1.3095,1.2467,1.2561,2270343.3,2900511.94623,71342,1464280.87289
1747440000000,1.2563,1.2600,1.1866,1.1966,1710454.9,2074403.77195,60872,1031873.09451
1747526400000,1.1970,1.2605,1.1462,1.2211,2327487.7,2821375.75466,79722,1298641.98472
1747612800000,1.2201,1.2371,1.1356,1.1940,3254036.8,3813288.37372,82362,1875674.95284
1747699200000,1.1942,1.2427,1.1611,1.2109,2006675.6,2407247.46082,67559,1103925.77009
1747785600000,1.2109,1.2662,1.1787,1.2243,4625940.5,5604222.35924,91806,2555606.71927
1747872000000,1.2243,1.3128,1.2106,1.2988,2236742.1,2838745.27084,72265,1335003.50861
1747958400000,1.2988,1.3285,1.1830,1.1868,3662166.4,4631688.74152,96864,2219840.37729
1748044800000,1.1865,1.1978,1.1520,1.1594,2128089.8,2503701.11921,70381,1249473.67623
1748131200000,1.1593,1.1726,1.1180,1.1675,1515127.7,1732690.31370,72554,837359.04824
1748217600000,1.1678,1.1892,1.1480,1.1568,1569790.0,1835537.73898,70089,827564.28938
1748304000000,1.1571,1.2109,1.1275,1.1927,1559381.4,1840197.92135,65486,906769.92560
1748390400000,1.1925,1.1979,1.1180,1.1572,2147407.8,2487433.47434,70276,1190430.42235
1748476800000,1.1572,1.1900,1.0870,1.0932,2470889.7,2812200.01977,83389,1301691.19226
1748563200000,1.0931,1.2496,1.0313,1.0355,23387052.2,27079461.52205,311936,12935979.78314
1748649600000,1.0349,1.0516,0.9935,1.0317,5044120.6,5170120.47805,103684,2467337.92172
1748736000000,1.0314,1.0495,0.9795,1.0384,4580867.7,4640311.93714,84003,2156487.17846
1748822400000,1.0386,1.0395,0.9880,1.0309,3071402.8,3099171.04029,73037,1342957.88436
1748908800000,1.0309,1.1257,1.0101,1.0234,8890851.0,9492348.30821,129983,4530017.31721
1748995200000,1.0235,1.0851,1.0023,1.0126,8769566.1,9149262.47428,129310,4547741.13701
1749081600000,1.0131,1.0745,0.9399,0.9468,16442905.0,16873516.48206,191429,7791053.47731
1749168000000,0.9468,1.0215,0.9424,1.0024,7280556.9,7190767.76058,112987,3441637.52207
1749254400000,1.0024,1.1080,0.9891,1.0902,13231105.8,14037748.90057,174294,6980199.51119
1749340800000,1.0901,1.1098,1.0664,1.0730,7165137.3,7770248.76088,118778,3822803.75129
1749427200000,1.0729,1.1240,1.0540,1.1230,3193615.8,3458613.87073,75974,1773855.96309
1749513600000,1.1233,1.1499,1.0765,1.1100,6251336.6,6925958.86331,108267,3249284.13924
1749600000000,1.1101,1.1159,1.0520,1.0672,4551438.0,4965893.61201,73921,2413241.44512
1749686400000,1.0671,1.0693,0.9910,0.9945,3926308.3,4053154.37784,93576,2068200.14609
1749772800000,0.9942,0.9942,0.9204,0.9562,3356830.0,3186284.53290,72496,1519349.77185
1749859200000,0.9563,0.9725,0.9270,0.9429,5869017.3,5576254.82858,164061,2721661.06562
1749945600000,0.9429,0.9607,0.9324,0.9462,2334633.9,2213631.39515,49233,980991.11721
1750032000000,0.9460,0.9909,0.9388,0.9447,2161671.4,2094586.51048,50862,1008810.72655
1750118400000,0.9449,0.9492,0.8822,0.9003,2732523.0,2503094.66435,57335,1193290.98344
1750204800000,0.9004,0.9113,0.8613,0.9018,2138297.1,1903216.61806,54748,903956.32480
1750291200000,0.9020,0.9214,0.8845,0.9148,2066525.8,1871460.59124,49560,886408.86912
1750377600000,0.9147,0.9281,0.8622,0.8832,3339281.6,3011701.37088,58480,1435848.02600
1750464000000,0.8832,0.9022,0.8018,0.8290,2690854.2,2308387.75451,56593,1059239.57293
1750550400000,0.8290,0.8462,0.7712,0.8146,2842298.6,2309593.06056,67541,1158387.07876
1750636800000,0.8146,0.9204,0.8140,0.9162,9604890.2,8269091.81012,135447,4035659.00105
1750723200000,0.9166,0.9353,0.9088,0.9260,1779002.7,1634628.50941,47716,809772.70539
1750809600000,0.9260,0.9393,0.8949,0.9020,2103349.9,1920687.51570,47525,908148.67098
1750896000000,0.9021,0.9243,0.8836,0.8867,2096972.1,1896636.05332,52933,918989.28531
1750982400000,0.8865,0.9269,0.8743,0.8953,1942992.3,1740194.61690,48565,869830.22592
1751068800000,0.8953,0.9251,0.8800,0.9209,1445311.5,1297425.55702,38295,677884.55797
1751155200000,0.9209,0.9705,0.9145,0.9620,3126148.0,2943118.14408,66596,1435558.47904
1751241600000,0.9618,0.9633,0.8959,0.9228,2127518.6,1981036.62525,54262,955953.74420
1751328000000,0.9227,0.9322,0.8779,0.8865,1869019.4,1681066.38035,45187,816442.56411
1751414400000,0.8865,0.9450,0.8688,0.9300,2596470.2,2355973.22153,61497,1109502.44253
1751500800000,0.9298,0.9615,0.9281,0.9492,1854181.1,1756363.36398,54167,882115.39737
1751587200000,0.9492,0.9531,0.8715,0.8803,2385308.7,2151282.09894,69239,1063489.21041
1751673600000,0.8803,0.8989,0.8796,0.8897,1264729.9,1124951.14853,34756,556635.34722
1751760000000,0.8897,0.9197,0.8590,0.9089,1913720.9,1705058.46357,46377,814364.12505
1751846400000,0.9092,0.9209,0.8909,0.9007,1438337.5,1303801.01905,40022,586069.78996
1751932800000,0.9006,0.9224,0.8899,0.9183,1151033.5,1041424.20669,35891,519761.83365
1752019200000,0.9180,0.9612,0.9064,0.9564,2037375.3,1908431.60215,53782,911216.94407
1752105600000,0.9567,1.0198,0.9452,1.0149,1997709.8,1944208.94362,56531,911959.92896
1752192000000,1.0147,1.0629,0.9946,1.0316,2379531.9,2468704.79153,77371,1220655.90132
1752278400000,1.0316,1.0726,1.0092,1.0387,2931447.3,3058028.57000,74451,1422398.10130
1752364800000,1.0387,1.1438,1.0278,1.0620,3220141.1,3454261.55999,89923,1721583.79201
1752451200000,1.0621,1.1150,1.0515,1.0647,2435252.1,2639804.08705,92566,1311140.64001
1752537600000,1.0650,1.1115,1.0310,1.1112,2087147.0,2223279.32316,87646,1043121.84950
1752624000000,1.1107,1.1479,1.0899,1.1222,1976898.2,2212201.82744,67848,1072259.72838
1752710400000,1.1220,1.1559,1.0868,1.1280,2750054.4,3088979.73716,84831,1470321.87791
1752796800000,1.1275,1.1910,1.1057,1.1312,3698703.4,4279977.35660,92193,2118395.85202
1752883200000,1.1311,1.1545,1.1040,1.1452,1607952.1,1812793.54463,58658,877217.06782
1752969600000,1.1457,1.2155,1.1369,1.1926,2601747.2,3069861.76330,74455,1472770.55398
1753056000000,1.1922,1.3455,1.1693,1.2567,18375368.9,23459302.88874,284755,10936312.90649
1753142400000,1.2572,1.2663,1.1513,1.2305,6915956.3,8358535.07866,143541,3681907.02694
1753228800000,1.2304,1.2316,1.0750,1.1105,5205712.7,6023948.20351,108166,2569910.46199
1753315200000,1.1106,1.1278,1.0078,1.0648,3600923.4,3854873.23179,95311,1804981.04067
1753401600000,1.0652,1.0932,1.0323,1.0921,2207357.6,2347805.89025,73580,1085450.13036
1753488000000,1.0918,1.0965,1.0634,1.0681,1503338.6,1626838.81655,67948,784094.74586
1753574400000,1.0683,1.1050,1.0619,1.0970,1769579.2,1920684.46034,66765,961231.59910
1753660800000,1.0966,1.1300,1.0358,1.0434,2551798.4,2776941.70446,88422,1388536.78754
1753747200000,1.0436,1.0737,1.0110,1.0320,2002106.6,2082423.18709,78141,1033625.18812
1753833600000,1.0317,1.0352,0.9560,1.0191,2439043.6,2435500.88118,74899,1149087.84679
1753920000000,1.0189,1.0432,0.9487,0.9575,2163956.6,2167533.57512,70866,982863.61653
1754006400000,0.9574,0.9796,0.9078,0.9275,2989965.9,2827037.04689,89325,1360630.66476
1754092800000,0.9276,0.9493,0.8900,0.9139,1668656.2,1532506.79305,53206,753516.41935
1754179200000,0.9143,0.9518,0.9044,0.9448,1168371.1,1097836.61629,41704,552582.29292
1754265600000,0.9448,0.9887,0.9432,0.9833,1845602.3,1783258.73984,54067,853551.84723
1754352000000,0.9836,0.9852,0.9144,0.9360,1761317.1,1682588.65508,53617,828704.49020
1754438400000,0.9358,0.9611,0.9159,0.9436,1586103.7,1490996.72586,59066,766021.23133
1754524800000,0.9438,0.9878,0.9384,0.9873,2434300.8,2346378.99360,74614,1058793.50090
1754611200000,0.9875,1.0184,0.9774,1.0107,2283605.3,2273155.75904,61969,1047096.94551
1754697600000,1.0109,1.0597,1.0080,1.0423,3379036.8,3519958.19667,73755,1741181.38207
1754784000000,1.0421,1.0663,0.9939,1.0341,2828819.3,2910294.69000,71667,1285956.15704
1754870400000,1.0340,1.0545,0.9419,0.9474,3803182.0,3790433.43773,80028,1833367.69009
1754956800000,0.9474,1.0505,0.9447,1.0267,4393034.7,4410918.34362,88609,2034216.53389
1755043200000,1.0270,1.0598,1.0233,1.0504,3341111.9,3483015.94748,77831,1685581.51660
1755129600000,1.0506,1.0711,0.9154,0.9385,5281382.9,5177149.60350,109569,2394224.72037
1755216000000,0.9385,0.9671,0.9148,0.9454,2884774.2,2729533.73806,75377,1403513.99471
1755302400000,0.9454,1.0212,0.9428,0.9983,4978949.7,4905819.73301,94142,2316510.15622
1755388800000,0.9983,1.0493,0.9792,0.9900,4414351.9,4473552.77742,84586,2121279.59718
1755475200000,0.9902,0.9982,0.9282,0.9584,3547474.7,3389998.73100,78927,1631394.29589
1755561600000,0.9581,1.0480,0.9323,0.9784,21493857.1,21461430.08940,278587,10336752.04335
1755648000000,0.9784,1.0665,0.9600,1.0370,16544736.4,16901895.58820,222435,8200956.72497
1755734400000,1.0366,1.0684,0.9830,0.9983,6621354.5,6778133.45985,121500,3213894.76503
1755820800000,0.9985,1.1030,0.9530,1.0718,7308997.7,7578144.69861,127921,3517077.20244
1755907200000,1.0718,1.0815,1.0419,1.0667,4167325.5,4414121.13815,80231,2167279.11313
1755993600000,1.0665,1.0750,1.0064,1.0180,4385356.8,4536165.09830,90193,1979283.62877
1756080000000,1.0181,1.0416,0.9237,0.9440,4632476.8,4535427.99889,90427,2150708.31632
1756166400000,0.9435,1.0332,0.9326,1.0295,6963741.8,6916680.44061,102345,3262285.72676
1756252800000,1.0295,1.6380,1.0145,1.6204,114195145.6,141107868.21084,1354409,70129688.54020
1756339200000,1.6203,1.7318,1.2500,1.2988,250330479.8,370947516.35613,3329303,182943039.25625
1756425600000,1.2989,1.3198,1.1768,1.1940,33838202.2,42527253.45097,581375,20089803.17824
1756512000000,1.1940,1.2682,1.1675,1.1832,15692363.4,18937987.97933,261360,9415129.85699
1756598400000,1.1833,1.3980,1.1767,1.2184,43031478.0,54522594.63503,568434,27050051.56667
1756684800000,1.2183,1.3170,1.1429,1.1724,28659236.1,34921988.44205,494095,17000525.68318
1756771200000,1.1724,1.3190,1.1673,1.2730,23200427.9,28392639.67674,380730,14186296.81938
1756857600000,1.2730,1.3539,1.2307,1.2865,34189512.0,44315172.33127,590348,21898250.47336
1756944000000,1.2866,1.2947,1.2161,1.2579,13799442.9,17358324.42079,282642,8707698.20605
1757030400000,1.2576,1.3176,1.2349,1.2371,10841026.7,13893753.52669,227794,6771960.65705
1757116800000,1.2367,1.3899,1.2344,1.3053,21486642.1,28314750.43454,384278,13622383.47434
1757203200000,1.3053,1.3532,1.2821,1.2921,11438783.6,15025911.20910,233883,7382808.51564
1757289600000,1.2921,1.3778,1.2486,1.2662,12285185.4,16149996.25008,260361,7452711.30871
1757376000000,1.2662,1.3495,1.2572,1.2686,12326524.3,16103127.57398,225944,7683295.97580
1757462400000,1.2688,1.2878,1.2336,1.2376,6636131.4,8402988.27846,132270,4019114.75951
1757548800000,1.2380,1.3179,1.2242,1.2672,8320213.2,10570579.12394,146362,5104979.73692
1757635200000,1.2671,1.3067,1.2453,1.2735,5541731.8,7051762.40367,114428,3252413.81787
1757721600000,1.2735,1.2986,1.2485,1.2662,7590630.4,9675115.31833,134243,4664949.08003
1757808000000,1.2662,1.2884,1.1947,1.2447,8178453.3,10163442.20841,161390,4753302.37211
1757894400000,1.2447,1.2576,1.1833,1.2327,10113756.8,12386082.23234,187555,5900926.88430
1757980800000,1.2327,1.2644,1.2105,1.2343,6278588.8,7778368.28886,138949,3698690.45030
1758067200000,1.2343,1.2849,1.1915,1.2351,8885256.5,10983225.83066,165922,5374291.26116
1758153600000,1.2353,1.2519,1.2127,1.2337,5061193.4,6247986.36442,98181,3151549.67361
1758240000000,1.2331,1.2513,1.1778,1.1869,4043108.5,4886445.87392,85111,2078957.30877
1758326400000,1.1869,1.2046,1.1601,1.1906,2879817.4,3412315.36001,59269,1618667.92200
1758412800000,1.1906,1.2237,1.1800,1.1807,3016480.1,3619576.35750,67198,1567364.09025
1758499200000,1.1807,1.1883,1.0108,1.0779,5285440.7,5810573.10349,153101,2616026.18584
1758585600000,1.0779,1.1155,1.0479,1.0855,4644226.8,5051390.77390,133809,2491675.31709
1758672000000,1.0855,1.0982,1.0207,1.0653,3950466.9,4219391.21608,63215,1829551.89094
1758758400000,1.0653,1.0672,0.9520,0.9787,5115723.1,5167597.76911,90694,2469010.49087
1758844800000,0.9790,1.0159,0.9782,1.0043,3247222.5,3242266.29818,57378,1631087.98165
1758931200000,1.0043,1.0324,0.9781,1.0189,3277301.2,3306233.88716,55777,1674368.43035
1759017600000,1.0189,1.1600,1.0040,1.0605,31916126.1,34483630.61034,350154,17061374.18686
1759104000000,1.0604,1.0750,1.0104,1.0257,7674567.2,8009756.80115,136604,3605475.04622
1759190400000,1.0256,1.0496,0.9968,1.0221,4605113.4,4709192.66601,94933,2269107.64595
1759276800000,1.0220,1.1418,1.0088,1.1368,5217139.4,5593704.80151,93341,2666726.28935
1759363200000,1.1370,1.1872,1.0959,1.1111,8229364.0,9422325.82078,132076,4361053.11318
1759449600000,1.1113,1.1387,1.0811,1.1212,3397938.5,3755362.34155,77352,1642898.04422
1759536000000,1.1213,1.1272,1.0647,1.0855,2969558.6,3241748.61315,67509,1668553.65391
1759622400000,1.0856,1.1306,1.0611,1.1022,4619184.6,5066736.18061,91521,2635650.57709
1759708800000,1.1022,1.2087,1.0964,1.1135,9293436.2,10563812.00436,150382,4849121.33792
1759795200000,1.1136,1.1577,1.0540,1.0666,4874300.3,5360364.82171,97048,2645630.99786
1759881600000,1.0664,1.0913,1.0500,1.0808,2182198.3,2344051.97541,55507,1133116.10798
1759968000000,1.0812,1.1093,1.0297,1.0911,3370321.4,3585217.10461,62498,1721914.05355
1760054400000,1.0913,1.1534,0.7185,0.8586,17122585.7,16314613.16483,232852,7777704.48869
1760140800000,0.8589,0.8854,0.7564,0.8049,10707679.5,8773014.73331,160445,4282327.32110
1760227200000,0.8050,0.9000,0.7874,0.8805,5367090.5,4525993.73528,83668,2151173.15473
1760313600000,0.8808,1.1024,0.8577,0.9824,18795941.4,18539900.66612,267210,9045214.23416
1760400000000,0.9825,1.0118,0.8759,0.9291,10944646.3,10148629.25461,154460,4962003.31595
1760486400000,0.9291,0.9518,0.8665,0.8815,5515854.5,5040369.61202,80097,2282455.27189
1760572800000,0.8816,0.9050,0.8278,0.8534,3752109.2,3276748.88524,67948,1500474.06354
1760659200000,0.8533,0.8987,0.8006,0.8637,11271064.0,9686310.11871,147746,4587176.31883
1760745600000,0.8639,0.8849,0.8467,0.8564,2725206.0,2359926.11092,51007,1182494.26287
1760832000000,0.8567,0.9241,0.8329,0.8917,5758143.6,5093345.27610,79535,2535056.42701
1760918400000,0.8913,0.9037,0.8715,0.8843,2578986.5,2298250.97527,44945,1073456.85638
1761004800000,0.8849,0.9115,0.8470,0.8585,3445005.8,3024323.83707,56664,1351342.10084
1761091200000,0.8581,0.8729,0.8116,0.8365,2993676.7,2544903.70635,51209,1220272.70400
1761177600000,0.8368,0.8882,0.8351,0.8587,6317668.3,5448879.51131,68346,2637315.96891
1761264000000,0.8589,0.8859,0.8456,0.8711,2575355.6,2227124.57700,43239,1162697.01694
1761350400000,0.8712,0.8728,0.8559,0.8660,1423096.7,1232173.77431,27487,630990.70741
1761436800000,0.8658,0.9009,0.8580,0.8942,2476867.2,2181198.14268,42279,1074138.07600
1761523200000,0.8938,0.9085,0.8676,0.8717,2143159.6,1906219.41233,39511,851609.81248
1761609600000,0.8717,0.9362,0.8256,0.8507,11426517.3,10164762.30759,118142,4736649.92226
1761696000000,0.8504,0.8812,0.8431,0.8557,4139084.2,3567735.47700,67307,1637934.25496
1761782400000,0.8562,0.8682,0.7625,0.7973,7795184.9,6321199.01166,103313,2927199.08189
1761868800000,0.7974,0.8429,0.7958,0.8318,2252699.6,1853374.09176,46305,899540.41811
1761955200000,0.8320,0.9258,0.8245,0.8924,11777290.4,10314158.02325,115278,5099362.08792
1762041600000,0.8924,0.9280,0.8684,0.8995,5363361.7,4818922.89264,75435,2352109.17428
1762128000000,0.8994,0.9001,0.7400,0.7874,5275104.2,4265014.65189,84493,2104598.47811
1762214400000,0.7874,0.8498,0.7256,0.7665,9883996.8,7821750.41699,110870,3804257.11090
1762300800000,0.7663,0.7832,0.7313,0.7690,3610868.2,2768326.80609,52457,1310638.00658
1762387200000,0.7692,0.7698,0.7250,0.7584,3683539.8,2776084.55715,54696,1382283.78941
1762473600000,0.7586,0.9091,0.7534,0.8726,12462249.5,10586024.31114,124700,5097535.95609
1762560000000,0.8732,1.0346,0.8579,0.9149,32494613.4,30409415.61934,366282,14689851.29789
1762646400000,0.9148,0.9157,0.8509,0.8844,8458374.9,7482859.47468,109885,3629896.95036
1762732800000,0.8848,0.8976,0.8566,0.8697,5691192.9,4987638.65427,75757,2157336.77007
1762819200000,0.8696,0.8890,0.8271,0.8286,4719761.2,4054580.73737,59676,1843235.32013
1762905600000,0.8293,0.8562,0.7835,0.8168,3640101.7,2998185.94668,52637,1437794.24876
1762992000000,0.8169,0.8400,0.7710,0.7893,2432379.1,1971260.52026,42192,921093.66302
1763078400000,0.7889,0.7953,0.7345,0.7496,3497543.6,2678665.83047,65902,1287358.20143
1763164800000,0.7496,0.7866,0.7481,0.7725,2781580.3,2144089.28568,51794,960676.81709
1763251200000,0.7731,0.8144,0.7462,0.7771,11870328.3,9374265.40081,127555,4894765.67134
1763337600000,0.7764,0.8173,0.7482,0.7651,8623998.1,6736583.64557,109126,3188262.36155
1763424000000,0.7651,0.8041,0.7495,0.7739,5881296.6,4570990.50514,82792,2197618.40137
1763510400000,0.7741,0.7815,0.7266,0.7658,3999059.3,3004579.74999,66320,1325617.68967
1763596800000,0.7658,0.7950,0.7293,0.7335,5813586.6,4432238.18191,71865,1970948.89154
1763683200000,0.7335,0.7495,0.6499,0.7035,5920589.0,4140736.56771,122501,1907578.91112
1763769600000,0.7035,0.7288,0.6859,0.7210,2799477.7,1974080.86140,45304,928387.62209
1763856000000,0.7208,0.7339,0.7108,0.7124,2138388.3,1542971.14578,42970,669173.44838
1763942400000,0.7127,0.7388,0.6993,0.7296,2678642.2,1922216.16571,42579,1037014.26690
1764028800000,0.7297,0.7365,0.7101,0.7323,2005057.2,1452971.14052,41451,723961.19658
1764115200000,0.7326,0.7375,0.7060,0.7270,2746511.9,1986557.36210,32997,966013.07529
1764201600000,0.7267,0.7277,0.7077,0.7143,1832381.3,1315042.00989,28383,656094.62157
1764288000000,0.7143,0.7190,0.6845,0.7050,2254929.6,1585777.36915,32508,783953.48746
1764374400000,0.7051,0.7675,0.7045,0.7223,9270146.7,6824656.36043,94099,3225944.74946
1764460800000,0.7222,0.7284,0.7113,0.7129,2369995.3,1706991.98162,30198,857077.32144
1764547200000,0.7124,0.7154,0.6535,0.6870,6693750.4,4524905.12810,63482,2387041.61045
1764633600000,0.6868,0.7162,0.6682,0.7040,2891435.5,1993757.81747,37169,982295.17236
1764720000000,0.7039,0.7451,0.6900,0.7424,3677079.1,2643911.66570,47430,1273598.32617
1764806400000,0.7421,0.7845,0.7165,0.7359,7321727.5,5494761.99652,70643,2760615.08368
1764892800000,0.7356,0.7747,0.7233,0.7295,5036654.6,3779926.74234,55515,1828251.18392
1764979200000,0.7295,0.7389,0.7192,0.7323,1482450.7,1080358.41828,25128,531962.21413
1765065600000,0.7322,0.7472,0.7140,0.7225,2444687.7,1792516.72188,38208,817966.93067
1765152000000,0.7230,0.7740,0.7217,0.7335,2433490.3,1814269.36901,44323,879888.77008
1765238400000,0.7336,0.7650,0.7236,0.7585,1844043.6,1375051.08365,38653,633100.40737
1765324800000,0.7587,0.7622,0.7319,0.7366,1958479.4,1457778.51855,28823,757363.40187
1765411200000,0.7365,0.7440,0.7105,0.7319,5703528.7,4164642.35014,65478,2017516.82211
1765497600000,0.7319,0.7400,0.7092,0.7225,2003671.0,1457300.51237,31766,672343.60733
1765584000000,0.7226,0.7297,0.7191,0.7236,1098713.6,797017.26615,25289,336661.27877
1765670400000,0.7236,0.7270,0.6758,0.6833,1878200.7,1315977.83388,29112,699519.33234
1765756800000,0.6834,0.7495,0.6630,0.6785,5348358.3,3778596.17991,63107,1827430.84359
1765843200000,0.6785,0.7069,0.6633,0.6879,2789820.2,1917227.49427,52010,953837.89454
1765929600000,0.6879,0.6942,0.6350,0.6377,5597044.0,3746590.05980,77650,1868483.87867
1766016000000,0.6379,0.6383,0.5873,0.5977,3566718.6,2189301.86353,42017,1113265.73176
1766102400000,0.5976,0.6346,0.5875,0.6310,1961333.5,1209645.27332,33470,591814.16813
1766188800000,0.6312,0.6459,0.6289,0.6428,1151255.8,733645.33390,17399,353773.92176
1766275200000,0.6428,0.6490,0.6185,0.6291,1463355.5,929066.38539,22052,434984.83593
1766361600000,0.6294,0.6539,0.6192,0.6429,2137097.7,1362601.14556,30981,582569.95580
1766448000000,0.6432,0.6505,0.6287,0.6462,1180956.6,754377.88871,20063,397544.90593
1766534400000,0.6461,0.6472,0.6210,0.6383,1262089.2,796605.28807,20573,414960.14939
1766620800000,0.6384,0.6593,0.6329,0.6356,1773447.2,1147813.85767,23975,551325.75510
1766707200000,0.6358,0.6508,0.6309,0.6444,1227435.2,788801.99438,18850,397648.26995
1766793600000,0.6443,0.6666,0.6388,0.6655,1080188.2,703452.80193,18785,364010.24141
1766880000000,0.6655,0.6736,0.6535,0.6592,1237784.3,820726.68657,20264,381774.88510
1766966400000,0.6597,0.6726,0.6424,0.6472,1352895.6,887796.91701,22256,458918.05907
1767052800000,0.6473,0.6495,0.6330,0.6398,1511420.8,965920.92384,23898,508773.04550
1767139200000,0.6397,0.6588,0.6220,0.6348,2755892.5,1761552.38478,31855,835970.81886
1767225600000,0.6347,0.6552,0.6294,0.6532,1611983.3,1033085.07825,23770,521296.81333
1767312000000,0.6533,0.6801,0.6450,0.6798,2085417.2,1371431.40778,26087,635958.60231
1767398400000,0.6798,0.6994,0.6646,0.6785,1737206.2,1180222.57629,29630,532148.27303
1767484800000,0.6783,0.7042,0.6778,0.6909,1709648.2,1181360.22328,25566,617173.31355
1767571200000,0.6915,0.7290,0.6810,0.7186,2413889.8,1696687.42902,31695,796707.79553
1767657600000,0.7185,0.7416,0.6944,0.7285,2445875.5,1765382.84565,39730,890276.66029
1767744000000,0.7282,0.7307,0.6920,0.7004,1454411.8,1032179.14735,28244,481054.54347
1767830400000,0.7007,0.7273,0.6581,0.6955,8433062.9,5808050.25153,120508,3076195.59527
1767916800000,0.6957,0.7161,0.6900,0.7002,3211596.1,2258738.49252,48213,1071395.16227
1768003200000,0.7001,0.7060,0.6824,0.6954,2052713.9,1423387.32756,37175,723351.87523
1768089600000,0.6953,0.7523,0.6853,0.7032,10803136.1,7779648.96190,140108,3666773.15590
1768176000000,0.7033,0.7118,0.6618,0.6623,3502802.6,2409176.19142,63645,1079989.59156
1768262400000,0.6622,0.7056,0.6583,0.6957,2936024.6,1999725.08840,53538,907597.55247
1768348800000,0.6953,0.7053,0.6815,0.6872,2693235.3,1872014.34305,51407,900343.38186
1768435200000,0.6871,0.6874,0.6499,0.6616,1915775.7,1280408.05574,29587,617191.34714
1768521600000,0.6616,0.6786,0.6482,0.6780,1374880.3,911173.04467,23396,471512.66165
1768608000000,0.6780,0.6921,0.6700,0.6859,1680876.5,1149158.06963,24473,489017.83863
1768694400000,0.6855,0.7023,0.6632,0.6637,1797850.5,1233478.24980,26538,577013.12940
1768780800000,0.6637,0.6637,0.6060,0.6402,3538925.8,2262786.95537,106537,1021109.92318
1768867200000,0.6402,0.6451,0.5842,0.5941,2887537.2,1772649.76532,40867,823576.31213
1768953600000,0.5940,0.6244,0.5916,0.6130,2304662.9,1401813.63395,28083,708548.34863
1769040000000,0.6130,0.6236,0.5917,0.6001,1236613.2,752562.51023,21670,347045.00824
1769126400000,0.6006,0.6218,0.5978,0.6050,1614446.1,986380.96894,22127,455932.65247
1769212800000,0.6051,0.6238,0.6006,0.6066,1443723.0,882189.06835,22487,403137.05762
1769299200000,0.6066,0.6118,0.5602,0.5776,2762939.3,1625129.59598,33884,778931.46814
1769385600000,0.5775,0.5925,0.5743,0.5902,1710088.0,998546.38185,26436,485102.27485
1769472000000,0.5901,0.5995,0.5732,0.5982,1650147.6,968273.07318,27928,466120.92439
1769558400000,0.5986,0.5991,0.5778,0.5908,1381713.6,813211.63193,22381,371933.95427
1769644800000,0.5910,0.5932,0.5368,0.5546,2933531.0,1642931.91669,33128,766532.52181
1769731200000,0.5546,0.5613,0.5310,0.5580,2838018.0,1549629.59802,34309,739058.50388
1769817600000,0.5581,0.5587,0.4560,0.5064,4549712.8,2301442.61043,52759,1109789.29701
1769904000000,0.5058,0.5198,0.4871,0.4960,2741055.2,1386185.05200,34692,669207.28658
1769990400000,0.4963,0.5175,0.4817,0.5140,2858994.1,1435339.25268,36636,741523.69381
1770076800000,0.5140,0.5200,0.4790,0.5014,3102304.5,1561510.64553,38550,769501.87490
1770163200000,0.5014,0.5154,0.4822,0.5025,2606098.0,1304543.17141,34687,639353.19435
1770249600000,0.5025,0.5054,0.4150,0.4163,6108529.4,2766096.72077,56969,1292856.96980
1770336000000,0.4169,0.4739,0.3828,0.4664,4357689.1,1880262.27336,50532,950365.20335
1770422400000,0.4664,0.4716,0.4480,0.4596,2515918.5,1159865.87861,32775,549035.99575
1770508800000,0.4597,0.4598,0.4399,0.4446,2100503.9,947371.03033,28650,488574.13483
1770595200000,0.4445,0.4551,0.4340,0.4435,1886017.6,841788.68223,23791,419185.72560
1770681600000,0.4436,0.4445,0.4262,0.4397,1852667.7,808307.00369,22996,408435.91957
1770768000000,0.4399,0.4409,0.4172,0.4320,2577049.2,1103454.99215,30069,557027.55481
1770854400000,0.4314,0.4478,0.4235,0.4385,2485096.1,1080976.08438,28389,518368.78839
1770940800000,0.4386,0.4595,0.4290,0.4506,2831836.9,1262997.41250,30092,645881.11216
1771027200000,0.4506,0.4656,0.4460,0.4601,1945494.6,885132.55153,21204,443852.88018
1771113600000,0.4602,0.4649,0.4398,0.4518,2112840.2,952749.33530,27133,457817.27287
1771200000000,0.4518,0.4532,0.4331,0.4501,2265265.0,1006719.75067,23636,525137.58922
1771286400000,0.4501,0.4558,0.4407,0.4428,2037671.2,910697.61542,22521,423929.09141
1771372800000,0.4430,0.4446,0.4171,0.4217,2454429.4,1057650.56082,23145,504673.63981
1771459200000,0.4221,0.4293,0.4068,0.4211,2932010.2,1228650.34643,26370,588687.08979
1771545600000,0.4212,0.4296,0.4119,0.4279,2481988.3,1049841.39741,24788,494312.74382
1771632000000,0.4279,0.4330,0.4201,0.4206,1604692.7,685788.38158,18620,329269.79620
1771718400000,0.4204,0.4211,0.4022,0.4039,1681817.8,690531.40852,20102,344224.14496
1771804800000,0.4039,0.4048,0.3831,0.3899,2922240.5,1147049.11617,24968,549937.66764
1771891200000,0.3899,0.3980,0.3817,0.3941,2197642.0,857536.16088,34086,432956.20747
1771977600000,0.3942,0.4225,0.3933,0.4093,2309548.9,938734.47777,23417,458901.16448
1772064000000,0.4094,0.4112,0.3904,0.3970,2359131.8,946884.82775,24115,452631.23794
1772150400000,0.3970,0.4055,0.3743,0.3840,2643360.9,1035485.02073,24314,457275.52423
1772236800000,0.3840,0.3942,0.3606,0.3941,3056840.9,1140101.89587,28581,563372.68296
1772323200000,0.3937,0.4041,0.3700,0.3802,2410075.6,933205.72418,28385,449672.35075
1772409600000,0.3802,0.3995,0.3745,0.3862,2034088.4,785334.35811,25033,407600.53902
1772496000000,0.3865,0.3964,0.3551,0.3586,5599885.3,2107920.65597,42353,965676.30214
1772582400000,0.3586,0.4011,0.3513,0.3850,7567285.5,2833415.36479,62098,1363714.23932
1772668800000,0.3849,0.4164,0.3735,0.3747,8602324.6,3373835.14327,59352,1575978.71142
1772755200000,0.3748,0.3927,0.3693,0.3722,5296648.9,2016609.23401,53339,1002862.77470
1772841600000,0.3722,0.3852,0.3609,0.3686,4586904.4,1713262.08429,41093,834835.45634
1772928000000,0.3687,0.3806,0.3584,0.3724,3700345.1,1356585.73906,37466,671004.95769
1773014400000,0.3725,0.3905,0.3708,0.3760,3926650.6,1490879.68106,36076,696858.30116
1773100800000,0.3762,0.3991,0.3754,0.3891,2326472.7,903887.78552,21390,440552.15263
1773187200000,0.3891,0.4054,0.3853,0.3963,3074604.1,1211735.84887,28429,624391.40378
1773273600000,0.3963,0.4031,0.3887,0.3988,2224098.0,882573.49242,22601,458100.41940
1773360000000,0.3987,0.4172,0.3980,0.4074,2650772.5,1077395.97543,24558,549473.93397
1773446400000,0.4074,0.4075,0.3885,0.3955,2597862.9,1033157.70093,23712,532315.45195
1773532800000,0.3953,0.4092,0.3918,0.4059,2055700.6,817273.31019,21739,421378.45408
1773619200000,0.4062,0.4439,0.4018,0.4416,5653362.8,2416348.03487,50269,1173357.22795
1773705600000,0.4418,0.4890,0.4279,0.4620,14820429.9,6839926.02829,125334,3361880.77612
1773792000000,0.4621,0.4759,0.4251,0.4352,7246764.8,3270694.61473,86187,1519060.78954
1773878400000,0.4352,0.4414,0.4125,0.4175,3036345.3,1287747.11806,42196,582214.31764
1773964800000,0.4176,0.4260,0.4019,0.4124,2598795.5,1079366.01868,27408,542948.80268
1774051200000,0.4124,0.4154,0.3861,0.3898,2026846.6,816886.35794,19365,374408.12723
1774137600000,0.3896,0.4000,0.3828,0.3880,2869999.4,1119767.70280,31565,515944.54638
1774224000000,0.3881,0.4355,0.3847,0.4206,5065407.4,2081056.13451,45584,1015607.08992
1774310400000,0.4205,0.4326,0.4160,0.4267,2812786.1,1191077.71629,25622,566387.48706
1774396800000,0.4267,0.4307,0.4150,0.4220,2814734.3,1191426.87509,26103,595971.05367
1774483200000,0.4220,0.4237,0.3987,0.4069,1944573.0,795150.27241,20799,380981.18917
1774569600000,0.4070,0.4103,0.3887,0.3911,2180163.8,867927.36309,20393,419636.94493
1774656000000,0.3913,0.4157,0.3852,0.4011,3645639.1,1472818.33012,31309,703560.54501
1774742400000,0.4008,0.4060,0.3552,0.3866,3522967.0,1360302.25728,33044,598284.13963
1774828800000,0.3866,0.4090,0.3864,0.3916,2445847.5,973415.48588,31917,501601.75933
1774915200000,0.3915,0.4246,0.3845,0.4197,5335246.9,2162245.88707,43141,1016916.74765
1775001600000,0.4200,0.4289,0.4075,0.4231,2652050.8,1104573.95489,32906,578022.88295
1775088000000,0.4229,0.4402,0.4066,0.4308,4188993.0,1774632.27993,46068,861952.68818
1775174400000,0.4309,0.4444,0.4186,0.4208,2913685.8,1261264.94570,34088,615541.61913
1775260800000,0.4207,0.4254,0.4110,0.4142,1696490.7,708761.66072,26409,323673.91645
1775347200000,0.4146,0.4205,0.3995,0.4192,2005321.3,822467.35082,20359,410709.29498
1775433600000,0.4191,0.4329,0.4162,0.4214,1946471.7,825179.34951,18864,418324.47551
1775520000000,0.4214,0.4344,0.4036,0.4341,1436817.8,595634.43401,19724,316690.31095
1775606400000,0.4344,0.4393,0.4193,0.4233,1764156.4,754452.76664,22606,399018.52262
1775692800000,0.4233,0.4436,0.4085,0.4263,3817636.1,1628568.30044,32149,801686.87957
1775779200000,0.4263,0.4394,0.4193,0.4318,2190747.4,939926.02267,21687,473928.62381
1775865600000,0.4318,0.4320,0.4208,0.4219,1696764.4,722014.38722,16777,334462.90319
1775952000000,0.4218,0.4237,0.4057,0.4063,1470663.5,607441.71539,17929,288425.18402
1776038400000,0.4060,0.4187,0.4032,0.4176,1451253.5,593934.66063,17458,290166.68194
1776124800000,0.4176,0.4213,0.4023,0.4061,2210703.3,914618.38404,20712,426180.33390
1776211200000,0.4061,0.4325,0.4061,0.4168,5061253.1,2108988.36947,35850,1010495.97921
1776297600000,0.4171,0.4408,0.4162,0.4402,2625445.4,1119369.86068,26032,539606.29420
1776384000000,0.4406,0.4604,0.4305,0.4535,2826353.2,1260665.87262,34926,641993.29415
1776470400000,0.4532,0.4795,0.4302,0.4365,6386125.8,2915108.63394,56447,1363113.38748
1776556800000,0.4368,0.4731,0.4271,0.4493,6807537.0,3068067.32862,63364,1519218.43428
1776643200000,0.4494,0.4838,0.4424,0.4617,9719350.8,4495658.30687,83094,2144320.22629
1776729600000,0.4617,0.4627,0.4470,0.4541,3030835.7,1374248.69255,47088,650221.18652
1776816000000,0.4543,0.4631,0.4465,0.4491,2251396.1,1028851.53680,32232,476778.67479
1776902400000,0.4491,0.4535,0.4355,0.4463,2647570.6,1173128.87274,27779,564914.46728
1776988800000,0.4460,0.4597,0.4402,0.4500,2257384.2,1009604.41869,27599,515108.25057
1777075200000,0.4501,0.4871,0.4495,0.4601,7943714.1,3729461.38948,74417,1832543.04724
1777161600000,0.4602,0.4750,0.4467,0.4573,3330634.8,1530615.28745,34305,731687.33484
1777248000000,0.4574,0.4634,0.4381,0.4441,2507521.4,1123814.71016,31126,504636.13395
1777334400000,0.4442,0.4484,0.4392,0.4439,1602889.9,710678.44594,24789,342308.82784
1777420800000,0.4438,0.4517,0.4232,0.4346,2390665.4,1052379.19134,23089,508076.92381
1777507200000,0.4346,0.4361,0.4244,0.4260,1253944.8,538637.85752,16862,247959.90067
1777593600000,0.4258,0.4450,0.4255,0.4389,2019890.3,882061.88430,23994,482928.49029
1777680000000,0.4387,0.4681,0.4344,0.4575,3010864.6,1361543.37605,31819,703375.01472
1777766400000,0.4577,0.5227,0.4511,0.4885,23627370.2,11633734.23021,206149,5751150.33270
1777852800000,0.4887,0.4949,0.4541,0.4562,9720688.0,4622416.29812,108249,2149613.30580
1777939200000,0.4562,0.4716,0.4532,0.4632,3846756.7,1780795.24667,60112,884125.72607
1778025600000,0.4632,0.4878,0.4622,0.4747,3627242.3,1723407.84211,49317,835845.68718
1778112000000,0.4745,0.4839,0.4652,0.4758,3676371.4,1743846.13546,53106,797459.83831
1778198400000,0.4758,0.4967,0.4689,0.4951,2596557.2,1253596.20483,29804,634697.00771
1778284800000,0.4954,0.5035,0.4891,0.4919,3698722.3,1836702.41493,41038,878152.58137
1778371200000,0.4915,0.5087,0.4819,0.4991,2432505.4,1200881.06020,26745,580112.14902
1778457600000,0.4991,0.5264,0.4859,0.5137,3540115.1,1798003.42521,40013,874485.82394
1778544000000,0.5135,0.5165,0.4889,0.4897,2975321.2,1493208.93819,35188,647330.94521
1778630400000,0.4897,0.5016,0.4578,0.4647,2602333.6,1253806.02444,29558,562362.26364
1778716800000,0.4647,0.4785,0.4587,0.4659,1842003.9,861738.49065,24569,435065.06050
1778803200000,0.4659,0.4723,0.4366,0.4468,2441316.8,1103713.10415,24563,516619.85371
1778889600000,0.4468,0.4504,0.4239,0.4302,1704960.8,738719.81782,19464,337064.24405
1778976000000,0.4302,0.4370,0.4075,0.4191,1836411.2,783847.07410,20218,380022.65747
1779062400000,0.4190,0.4242,0.4076,0.4179,1910606.8,794980.82720,20454,371300.82563
1779148800000,0.4178,0.4205,0.4092,0.4129,1551520.9,643574.16809,16263,317678.97702
1779235200000,0.4128,0.4264,0.4121,0.4229,1916769.0,803730.79898,18385,420002.72437
1779321600000,0.4229,0.4379,0.4207,0.4337,3109454.2,1337926.46040,28563,650808.68223
1779408000000,0.4336,0.4426,0.4148,0.4186,2453003.8,1064919.17494,26521,468913.97148
1779494400000,0.4186,0.4398,0.4094,0.4329,2322689.1,977613.87578,23731,459285.61413
1779580800000,0.4326,0.4339,0.4111,0.4179,1108752.0,470581.13724,16166,208802.35584
1779667200000,0.4181,0.4450,0.4173,0.4323,2237996.0,967775.08792,22302,545957.40580
1779753600000,0.4321,0.4553,0.4234,0.4404,6130681.1,2704979.46974,55822,1299132.24889
1779840000000,0.4405,0.4600,0.4268,0.4480,3958073.0,1741504.60189,42170,846488.65083
1779926400000,0.4478,0.4660,0.4149,0.4537,6127924.0,2670504.23314,81149,1289738.08112
1780012800000,0.4538,0.4812,0.4520,0.4588,6851350.0,3199648.68524,81203,1527630.28476
1780099200000,0.4586,0.4613,0.4430,0.4474,2405262.7,1092806.70274,42711,493858.22211
1780185600000,0.4475,0.4547,0.4334,0.4475,1786343.5,795756.68181,32637,360131.97025
1780272000000,0.4475,0.4555,0.4259,0.4378,2441574.2,1068336.33104,37083,524765.98701
1780358400000,0.4379,0.4386,0.3945,0.4019,3207245.2,1334901.32865,41099,608803.03962
1780444800000,0.4020,0.4122,0.3897,0.3981,2965012.5,1195772.63824,43389,578954.65945
1780531200000,0.3977,0.4047,0.3626,0.3682,4217892.0,1597228.18467,45709,758720.29567
1780617600000,0.3682,0.3704,0.3287,0.3411,3803350.5,1316530.23980,44599,633073.01043
1780704000000,0.3411,0.3466,0.3173,0.3384,3068430.1,1028124.07359,42696,549149.46860
1780790400000,0.3384,0.3496,0.3313,0.3431,2772213.9,946973.31991,30820,464771.62625
1780876800000,0.3433,0.3526,0.3357,0.3458,1870751.2,646314.91211,23798,324056.21773
1780963200000,0.3458,0.3458,0.3290,0.3374,2249828.2,761276.78815,25318,333995.74659
1781049600000,0.3375,0.3407,0.3240,0.3303,1871422.7,623770.59151,22368,315286.03463
1781136000000,0.3299,0.3659,0.3280,0.3573,5142834.4,1770550.15478,49618,908656.03075
1781222400000,0.3575,0.3743,0.3475,0.3508,8400621.7,3047238.42251,56702,1419970.40464
1781308800000,0.3507,0.3567,0.3444,0.3545,2608741.8,917153.36082,29908,435594.03788
1781395200000,0.3546,0.3567,0.3369,0.3531,2673038.7,927417.53204,26772,399889.17566
1781481600000,0.3531,0.3623,0.3496,0.3540,3083213.7,1098460.92142,24440,580356.26065
1781568000000,0.3540,0.3568,0.3432,0.3485,2311965.5,810791.95299,18412,351804.18888
1781654400000,0.3482,0.3544,0.3366,0.3441,2983371.9,1031703.89963,24378,482807.26356
1781740800000,0.3441,0.3458,0.3200,0.3284,2915918.7,969899.79778,26164,465185.90021
1781827200000,0.3284,0.3327,0.3198,0.3248,2084939.3,677745.25766,19086,330075.51802
1781913600000,0.3248,0.3425,0.3213,0.3363,2262371.7,748366.66953,21937,353416.49019
1782000000000,0.3361,0.3390,0.3232,0.3249,1772265.6,587903.69963,16371,274389.46565
1782086400000,0.3252,0.3333,0.3168,0.3188,1913258.8,624337.87145,17710,300602.95983
1782172800000,0.3188,0.3218,0.2991,0.3063,4188799.4,1294876.87851,25812,614865.33711
1782259200000,0.3062,0.3083,0.2830,0.2938,3313453.2,985363.30439,27095,448530.15013
1782345600000,0.2939,0.2997,0.2769,0.2860,2954642.2,855263.15452,25413,396832.56037
1782432000000,0.2861,0.2999,0.2766,0.2927,3082863.0,890386.64239,23959,432939.27899
1782518400000,0.2927,0.2967,0.2854,0.2865,3677694.9,1069121.70344,22591,532060.40529
1782604800000,0.2867,0.2922,0.2818,0.2858,2289880.6,661250.00186,19758,316366.48865
1782691200000,0.2855,0.2982,0.2833,0.2920,2256602.9,657255.58202,20152,310064.79504
1782777600000,0.2920,0.2931,0.2800,0.2835,2244729.4,643111.57818,21518,338033.30439
1782864000000,0.2834,0.3002,0.2771,0.2944,2944705.7,851335.78340,19451,397817.65972
1782950400000,0.2944,0.3029,0.2923,0.2976,1923659.3,572354.76870,15683,293460.34438
1783036800000,0.2978,0.3097,0.2960,0.3061,1830898.4,553747.22524,14216,270764.29589
1783123200000,0.3060,0.3089,0.3001,0.3026,1279216.1,389009.79769,12609,195676.96427
1783209600000,0.3026,0.3030,0.2937,0.3000,1953804.6,582888.48521,15634,299581.09424
1783296000000,0.3001,0.3052,0.2903,0.3011,2317955.4,689447.88003,15287,332569.67232
1783382400000,0.3011,0.3024,0.2913,0.2925,1983019.0,588117.59477,13715,261135.44586
1783468800000,0.2926,0.2943,0.2851,0.2901,2229422.3,642700.18877,13549,309091.54337
1783555200000,0.2902,0.2941,0.2880,0.2905,1384180.7,403255.90723,9387,195758.72936
1783641600000,0.2905,0.3290,0.2895,0.3181,13952426.7,4399688.51577,81940,2162341.59718
1783728000000,0.3181,0.3185,0.2982,0.2986,5548101.6,1707485.12014,40674,812909.99779
1783814400000,0.2985,0.3035,0.2933,0.2954,2597068.5,775571.26784,20267,346596.63378
1783900800000,0.2954,0.2983,0.2818,0.2861,2649502.2,764406.87703,20364,334913.86900
1783987200000,0.2862,0.2956,0.2833,0.2927,2091733.7,606383.24603,16957,300619.53046
1784073600000,0.2927,0.2974,0.2898,0.2925,1616079.6,473008.51082,13117,225750.20236
1784160000000,0.2924,0.2944,0.2856,0.2875,1495372.6,434121.18300,11438,202791.26287
1784246400000,0.2875,0.2972,0.2851,0.2881,2393255.8,694169.09169,16553,327411.85439
1784332800000,0.2880,0.2884,0.2830,0.2871,1671301.8,477698.10010,11192,239726.49065
1784419200000,0.2870,0.2885,0.2765,0.2781,1890687.2,533335.57622,12565,249339.98955
1784505600000,0.2780,0.2849,0.2744,0.2810,1929137.4,541228.89740,15574,277793.28994
1784592000000,0.2809,0.2980,0.2799,0.2881,3117840.5,899294.29682,20082,427760.01540
1784678400000,0.2879,0.2922,0.2834,0.2860,1918788.6,551498.06409,12866,309062.23496
1784764800000,0.2860,0.2884,0.2780,0.2790,1820960.9,516139.28333,14167,214754.37883
1784851200000,0.2791,0.2847,0.2739,0.2763,2038846.0,567711.19310,14905,267196.81628
1784937600000,0.2764,0.2771,0.2691,0.2734,1751054.1,478051.62002,10692,234381.27818
1785024000000,0.2735,0.2764,0.2694,0.2728,2479395.8,676998.17086,17472,327972.96348
1785110400000,0.2729,0.2749,0.2571,0.2596,3522544.0,935086.50975,19383,437688.04738
1785196800000,0.2597,0.2607,0.2529,0.2574,2853211.8,734520.19899,16177,339002.95475
1785283200000,0.2575,0.2589,0.2424,0.2478,2970701.5,745344.54095,16496,347122.21447
1785369600000,0.2478,0.3002,0.2475,0.2906,33617552.1,9436992.88171,150596,4668719.86309
1785456000000,0.2903,0.3713,0.2768,0.2813,71480764.3,22899396.96343,423775,11093489.37655
1785542400000,0.2812,0.2823,0.2616,0.2646,13070355.6,3566883.55282,74657,1659637.49325
1785628800000,0.2646,0.2692,0.2548,0.2558,6949049.1,1826129.05086,54839,794245.58908
1785715200000,0.2558,0.2707,0.2472,0.2698,8249008.4,2121542.42608,71142,1024917.73079
1785801600000,0.2699,0.2747,0.2576,0.2585,5436757.8,1434943.09432,53782,747517.93816
1785888000000,0.2585,0.2792,0.2572,0.2722,4986387.4,1342668.42918,45224,694866.70592
1785974400000,0.2723,0.2798,0.2683,0.2759,2817553.3,771523.05426,28898,377227.90126
1786060800000,0.2759,0.2795,0.2734,0.2743,2506683.9,692332.51095,23477,353177.66533
1786147200000,0.2741,0.2803,0.2721,0.2787,1762077.4,485767.98222,19180,277374.76109
1786233600000,0.2786,0.2807,0.2741,0.2752,2454700.0,681378.22555,26030,356936.20229
1786320000000,0.2752,0.2821,0.2683,0.2715,5006171.7,1378665.76437,33327,664071.30023
1786406400000,0.2715,0.2865,0.2638,0.2655,4275597.7,1175816.06558,33455,572816.75722
1786492800000,0.2654,0.2742,0.2629,0.2634,2678359.2,718863.11410,23354,334625.96764
1786579200000,0.2633,0.2693,0.2629,0.2653,1752406.2,466401.26246,18059,241701.99707
1786665600000,0.2653,0.2933,0.2627,0.2758,8197167.6,2289491.61336,62455,1153762.15896
1786752000000,0.2758,0.2920,0.2706,0.2848,6619334.9,1860913.74369,53357,924086.06713
1786838400000,0.2848,0.2880,0.2770,0.2864,3601450.6,1018054.97137,42517,500752.18992
1786924800000,0.2863,0.2930,0.2823,0.2871,3520145.0,1010834.65448,31651,484413.45820
1787011200000,0.2871,0.2938,0.2794,0.2812,3711056.7,1065659.61197,34976,492770.42432
1787097600000,0.2811,0.2944,0.2779,0.2918,2841178.7,809143.35344,38791,394062.25957
1787184000000,0.2918,0.3171,0.2897,0.3029,4809865.7,1446806.48125,37833,755430.10775
1787270400000,0.3029,0.3299,0.3028,0.3293,4916957.6,1557988.21448,42731,739567.49270
1787356800000,0.3292,0.3423,0.3081,0.3139,6211199.2,2022059.07209,102858,928393.05787
1787443200000,0.3139,0.3288,0.2982,0.3216,3396610.6,1065669.67891,91331,511231.45939
1787529600000,0.3218,0.3322,0.3092,0.3208,3713914.7,1192370.04094,47523,592859.05973
1787616000000,0.3209,0.3276,0.3014,0.3086,3460707.4,1096436.32399,30848,555814.36165
1787702400000,0.3086,0.3258,0.3067,0.3208,2622353.4,829166.34007,27663,419633.40289
1787788800000,0.3208,0.3335,0.3177,0.3222,2741110.1,889153.73802,24144,430535.58573
1787875200000,0.3223,0.3265,0.3050,0.3127,2529811.5,795794.04166,23996,379345.68495
1787961600000,0.3126,0.3203,0.3072,0.3115,2982795.3,936311.67369,20841,452134.19515
1788048000000,0.3115,0.3159,0.2957,0.3004,2130806.0,660171.61709,17253,310676.50856
1788134400000,0.3004,0.3151,0.2998,0.3043,1958626.9,600815.97029,18989,309352.21321
1788220800000,0.3042,0.3105,0.2985,0.3036,1740529.8,530384.46263,21713,262780.18010
1788307200000,0.3036,0.3086,0.2974,0.3002,1586342.2,480056.91916,16468,233121.99817
1788393600000,0.3001,0.3160,0.2985,0.3120,1650455.6,507537.37242,16469,262966.37892
1788480000000,0.3121,0.3147,0.3025,0.3098,1993820.6,618302.68848,14178,313514.46085
1788566400000,0.3098,0.3325,0.3098,0.3175,4977988.9,1600811.45737,30928,702873.15863
1788652800000,0.3175,0.3210,0.3026,0.3130,7307997.5,2283702.33744,36778,812168.39623
1788739200000,0.3131,0.3183,0.3039,0.3091,4052384.8,1261307.47649,26268,531635.09393
1788825600000,0.3091,0.3143,0.2956,0.3089,5876109.7,1793535.76046,27973,725299.32133
1788912000000,0.3087,0.3093,0.2979,0.3043,5761758.3,1750820.75655,30038,629777.66409
1788998400000,0.3044,0.3084,0.2809,0.2849,8786971.6,2574664.08517,45210,860960.30060
1789084800000,0.2849,0.2868,0.2645,0.2765,11415993.4,3141907.39862,55886,1144026.52036
1789171200000,0.2764,0.2822,0.2754,0.2789,1691213.8,471598.44666,17813,212180.66874
1789257600000,0.2789,0.2900,0.2744,0.2764,2416313.1,683970.17176,24801,341157.49541
1789344000000,0.2765,0.2837,0.2724,0.2730,2628079.6,726399.12535,22090,298743.87605
1789430400000,0.2731,0.2830,0.2691,0.2738,4613771.1,1266770.85078,40931,583789.91628
1789516800000,0.2738,0.2765,0.2581,0.2753,6264623.4,1680604.46002,34494,634081.68560
1789603200000,0.2752,0.2834,0.2682,0.2789,2776370.1,765725.61021,23285,373889.82288
1789689600000,0.2790,0.2981,0.2785,0.2978,2581853.8,746369.59081,41300,379746.04999
1789776000000,0.2977,0.3149,0.2915,0.3128,3015739.5,906815.08784,27618,454829.19893
1789862400000,0.3128,0.3405,0.2960,0.3124,12167282.4,3848363.73299,82545,1774961.95699
1789948800000,0.3124,0.3619,0.3093,0.3458,10490225.5,3586094.53124,82298,1647531.15795
1790035200000,0.3458,0.3584,0.3373,0.3512,4191072.7,1452304.65190,42009,716900.74876
1790121600000,0.3508,0.3577,0.3234,0.3281,3688594.3,1261630.23337,34638,576263.02688
1790208000000,0.3283,0.3385,0.3211,0.3335,2470158.3,817291.26764,33703,412653.21858
1790294400000,0.3335,0.3824,0.3272,0.3538,14283675.1,5075026.58666,87966,2491819.11108
1790380800000,0.3536,0.3741,0.3505,0.3671,12145804.4,4427046.12723,93946,2057717.22822
1790467200000,0.3670,0.3670,0.3506,0.3570,4261368.4,1528651.40194,38858,714346.97747
1790553600000,0.3570,0.3594,0.3310,0.3455,4279571.0,1464328.93868,38227,699187.82061
1790640000000,0.3454,0.3541,0.3314,0.3387,4098311.3,1399935.80729,34738,622160.04247
1790726400000,0.3384,0.3688,0.3370,0.3571,5283191.3,1880091.72304,42685,870365.13195
1790812800000,0.3571,0.3647,0.3521,0.3610,3669014.2,1316966.79639,32361,639462.69232
1790899200000,0.3615,0.3869,0.3596,0.3745,6220029.1,2317315.50351,47910,1057881.87214
1790985600000,0.3748,0.3795,0.3641,0.3695,2192132.7,810497.58600,24260,399398.26195
