open_time,open,high,low,close,volume,quote_volume,trades,taker_buy_quote
1692230400000,0.2220000,0.2220000,0.1508000,0.1718000,1738447014,310945533.8765000,1104666,154646396.3895000
1692316800000,0.1716000,0.1766000,0.1358000,0.1664000,1533085954,241803459.6998000,1008180,119879562.0783000
1692403200000,0.1664000,0.1705000,0.1536000,0.1596000,481113332,76963153.5089000,339077,37628065.8305000
1692489600000,0.1596000,0.1616000,0.1439000,0.1514000,422108874,64099927.1866000,238520,31077967.2133000
1692576000000,0.1513000,0.1550000,0.1408000,0.1486000,383359841,56316068.1187000,174052,27134916.4977000
1692662400000,0.1486000,0.1560000,0.1434000,0.1541000,577580539,86250018.7035000,264822,41352398.5586000
1692748800000,0.1542000,0.1560000,0.1458000,0.1525000,413030530,62468048.3488000,199483,30269710.0916000
1692835200000,0.1524000,0.1525000,0.1454000,0.1477000,186673236,27770890.1744000,94968,13648553.2232000
1692921600000,0.1478000,0.1482000,0.1362000,0.1390000,239637910,33544453.1656000,101044,15423502.7317000
1693008000000,0.1390000,0.1392000,0.1288000,0.1325000,188716976,25311084.4963000,84701,12446575.1465000
1693094400000,0.1325000,0.1355000,0.1276000,0.1318000,250336300,32704114.1095000,85595,16091412.9369000
1693180800000,0.1319000,0.1320000,0.1251000,0.1284000,234776651,30057261.8392000,90460,14684836.0678000
1693267200000,0.1284000,0.1542000,0.1181000,0.1466000,1297526212,174921440.5302000,456425,86918944.7442000
1693353600000,0.1466000,0.1671000,0.1431000,0.1494000,2972730808,459289787.0205000,1133089,227503212.7447000
1693440000000,0.1493000,0.1496000,0.1305000,0.1321000,1213302030,171112073.1502000,374738,81860317.5629000
1693526400000,0.1320000,0.1477000,0.1276000,0.1398000,1720047341,234694221.6305000,514676,114908741.7013000
1693612800000,0.1398000,0.1500000,0.1285000,0.1311000,1132548876,157678035.2577000,349780,75954963.7485000
1693699200000,0.1312000,0.1362000,0.1253000,0.1279000,495979158,64340855.5559000,159759,31026664.5288000
1693785600000,0.1279000,0.1299000,0.1230000,0.1262000,356663043,45036403.3870000,131757,21874215.0832000
1693872000000,0.1261000,0.1261000,0.1207000,0.1255000,296296586,36580347.7135000,109273,18130305.4516000
1693958400000,0.1254000,0.1283000,0.1222000,0.1262000,350029761,43725675.8025000,127065,20949363.9949000
1694044800000,0.1263000,0.1359000,0.1247000,0.1322000,1041913504,137009569.2371000,306610,66988519.5278000
1694131200000,0.1323000,0.1356000,0.1257000,0.1272000,439328570,56879938.3760000,130914,28317771.7803000
1694217600000,0.1273000,0.1278000,0.1225000,0.1249000,181575521,22776078.0498000,59941,11160848.8319000
1694304000000,0.1248000,0.1256000,0.1087000,0.1202000,333065939,39800104.5164000,125941,18745094.2676000
1694390400000,0.1201000,0.1220000,0.1126000,0.1157000,390730587,45590554.9794000,154640,22559545.4008000
1694476800000,0.1156000,0.1196000,0.1146000,0.1167000,254851753,29854407.9821000,109510,14714369.0658000
1694563200000,0.1167000,0.1193000,0.1150000,0.1181000,221979052,26078328.3259000,95915,12654015.3865000
1694649600000,0.1181000,0.1195000,0.1160000,0.1179000,185373951,21776568.5507000,72096,11183159.9202000
1694736000000,0.1180000,0.1251000,0.1146000,0.1239000,479671234,57611083.3757000,165632,28036813.4658000
1694822400000,0.1240000,0.1488000,0.1221000,0.1397000,1986643929,273867745.7248000,637291,136103093.1389000
1694908800000,0.1397000,0.1407000,0.1217000,0.1229000,813409154,105708680.8069000,248965,49363687.4560000
1694995200000,0.1229000,0.1276000,0.1193000,0.1236000,428312891,53008438.3541000,138820,26449047.3448000
1695081600000,0.1236000,0.1263000,0.1209000,0.1252000,247174362,30717942.0086000,92245,14876403.3330000
1695168000000,0.1252000,0.1307000,0.1217000,0.1244000,423529845,53271461.6089000,149962,26099143.6273000
1695254400000,0.1243000,0.1304000,0.1201000,0.1237000,344165858,43004255.1421000,137034,20951267.0259000
1695340800000,0.1236000,0.1252000,0.1221000,0.1238000,141417970,17438397.0577000,71356,8558919.5932000
1695427200000,0.1238000,0.1243000,0.1200000,0.1219000,91204205,11111931.3732000,43925,5292835.4623000
1695513600000,0.1219000,0.1226000,0.1163000,0.1182000,136715173,16404003.0585000,60001,7681606.8425000
1695600000000,0.1182000,0.1195000,0.1163000,0.1184000,121934310,14363652.6075000,50403,7008491.8660000
1695686400000,0.1185000,0.1190000,0.1155000,0.1174000,124204177,14579111.8322000,48453,7012620.4497000
1695772800000,0.1173000,0.1187000,0.1150000,0.1166000,131692134,15387578.9851000,46687,7790319.2609000
1695859200000,0.1166000,0.1211000,0.1160000,0.1189000,184631447,21857234.1866000,60070,10618270.8483000
1695945600000,0.1189000,0.1232000,0.1179000,0.1205000,280268901,33796357.5550000,77885,16854430.8351000
1696032000000,0.1206000,0.1215000,0.1186000,0.1200000,131495559,15764072.4775000,42420,7568799.9358000
1696118400000,0.1200000,0.1270000,0.1197000,0.1248000,250720177,30861378.0025000,72005,15024027.0274000
1696204800000,0.1247000,0.1262000,0.1140000,0.1193000,345122490,42336463.7160000,87905,19577450.5204000
1696291200000,0.1194000,0.1215000,0.1155000,0.1158000,214863283,25481375.4126000,62178,12045381.3052000
1696377600000,0.1157000,0.1164000,0.1104000,0.1159000,180249413,20619257.1027000,63671,9903146.0547000
1696464000000,0.1159000,0.1182000,0.1149000,0.1160000,185807540,21630597.2379000,57951,10497866.8727000
1696550400000,0.1160000,0.1178000,0.1147000,0.1170000,128853033,14967865.8724000,43682,6973536.7749000
1696636800000,0.1171000,0.1181000,0.1152000,0.1169000,82491101,9637990.6529000,31524,4547954.2988000
1696723200000,0.1169000,0.1173000,0.1141000,0.1155000,71793410,8289280.8252000,27284,3880728.9210000
1696809600000,0.1156000,0.1156000,0.1057000,0.1090000,229816288,25205879.5546000,74142,11522147.0952000
1696896000000,0.1089000,0.1096000,0.1041000,0.1055000,124340641,13282612.9846000,45960,6355514.9592000
1696982400000,0.1054000,0.1066000,0.1002000,0.1028000,259172210,26611736.4735000,74557,12935854.5462000
1697068800000,0.1029000,0.1043000,0.1009000,0.1018000,173792260,17797001.7502000,54456,8710569.3513000
1697155200000,0.1019000,0.1049000,0.1016000,0.1038000,133968590,13833929.7655000,37741,6907250.0317000
1697241600000,0.1038000,0.1048000,0.1023000,0.1027000,90441490,9330272.4483000,31727,4343388.3729000
1697328000000,0.1027000,0.1036000,0.1015000,0.1030000,126907941,13036721.3843000,36253,6250343.1060000
1697414400000,0.1030000,0.1071000,0.1022000,0.1036000,270119813,28117795.8468000,56023,14144268.7025000
1697500800000,0.1035000,0.1039000,0.0960000,0.0994000,235863638,23657967.1751000,53575,11225949.6711000
1697587200000,0.0994000,0.1114000,0.0977000,0.1019000,862628031,90491828.8365000,230526,44297762.5205000
1697673600000,0.1019000,0.1019000,0.0945000,0.0967000,436673968,42285712.6886000,114217,20689113.9949000
1697760000000,0.0968000,0.1010000,0.0959000,0.0997000,275602097,27320549.3863000,88248,13329025.8554000
1697846400000,0.0997000,0.1043000,0.0983000,0.1029000,167133269,17037696.6985000,65282,8707641.3161000
1697932800000,0.1029000,0.1074000,0.1014000,0.1055000,298157776,31165454.3119000,106679,15658565.3380000
1698019200000,0.1055000,0.1102000,0.1029000,0.1090000,366412535,38923884.0096000,120846,18989920.1245000
1698105600000,0.1090000,0.1147000,0.1057000,0.1100000,603500092,66660918.2435000,180982,32407876.1534000
1698192000000,0.1100000,0.1178000,0.1073000,0.1128000,701860659,78405441.2180000,210458,38876391.6976000
1698278400000,0.1128000,0.1155000,0.1027000,0.1089000,474899220,52706954.5558000,158860,25452219.7455000
1698364800000,0.1089000,0.1091000,0.1039000,0.1063000,242151995,25779757.1868000,87735,12703969.5225000
1698451200000,0.1063000,0.1128000,0.1061000,0.1101000,236060936,25895226.6521000,79560,12979506.1355000
1698537600000,0.1101000,0.1126000,0.1078000,0.1118000,182490651,20209989.6221000,76206,9806800.4475000
1698624000000,0.1118000,0.1145000,0.1093000,0.1135000,251784604,28200844.3915000,96727,13779924.5538000
1698710400000,0.1135000,0.1174000,0.1062000,0.1123000,521017704,58843352.2775000,178934,27786683.6048000
1698796800000,0.1123000,0.1162000,0.1059000,0.1161000,398316051,44107211.1492000,148843,21165193.2047000
1698883200000,0.1160000,0.1185000,0.1081000,0.1106000,370838633,41980286.3844000,130852,19956582.0155000
1698969600000,0.1106000,0.1116000,0.1066000,0.1112000,184688227,20112839.4141000,73581,10074929.7408000
1699056000000,0.1112000,0.1164000,0.1098000,0.1149000,190640786,21452603.4969000,80015,10397170.5098000
1699142400000,0.1149000,0.1234000,0.1133000,0.1174000,454133191,53578167.8044000,188732,25557658.3626000
1699228800000,0.1175000,0.1262000,0.1164000,0.1259000,311368919,37575611.6510000,131578,17948846.5806000
1699315200000,0.1259000,0.1260000,0.1163000,0.1219000,242164168,29357719.7341000,118393,13867003.5053000
1699401600000,0.1219000,0.1300000,0.1189000,0.1273000,247521899,31059003.7930000,122395,14981224.7500000
1699488000000,0.1273000,0.1316000,0.1029000,0.1234000,422439214,52199199.0625000,204678,24845179.4477000
1699574400000,0.1236000,0.1333000,0.1182000,0.1289000,303022377,37905400.2372000,152475,18983123.7124000
1699660800000,0.1290000,0.1371000,0.1245000,0.1328000,408636756,53346497.6509000,225742,25996778.5198000
1699747200000,0.1327000,0.1352000,0.1259000,0.1329000,286645181,37680590.2163000,158651,18043686.1008000
1699833600000,0.1329000,0.1584000,0.1304000,0.1467000,1429439709,209677544.6314000,745330,102967782.8927000
1699920000000,0.1468000,0.1700000,0.1408000,0.1517000,1725163676,267209548.2555000,892615,129815798.6829000
1700006400000,0.1518000,0.1697000,0.1426000,0.1617000,1258348849,196840418.9491000,533049,96791882.9960000
1700092800000,0.1617000,0.1754000,0.1481000,0.1507000,1093869914,178416661.6950000,533249,86516374.0439000
1700179200000,0.1508000,0.1573000,0.1371000,0.1451000,554261717,81392250.7239000,255513,39954449.9220000
1700265600000,0.1451000,0.1502000,0.1321000,0.1419000,400417927,56573852.3698000,195775,26601895.1566000
1700352000000,0.1420000,0.1492000,0.1400000,0.1483000,298206111,43086066.6313000,161419,21215062.8128000
1700438400000,0.1483000,0.1686000,0.1474000,0.1637000,846975455,135444615.5113000,352118,66315470.2083000
1700524800000,0.1637000,0.1850000,0.1459000,0.1460000,1690573981,278935855.0938000,776685,136315733.1391000
1700611200000,0.1460000,0.1840000,0.1458000,0.1772000,1103362832,185578100.3983000,546858,92169607.5956000
1700697600000,0.1772000,0.2098000,0.1763000,0.2000000,2793445624,558613765.6285000,1290276,282424684.4334000
1700784000000,0.1999000,0.2580000,0.1911000,0.2443000,2757697566,631044411.8801000,1744643,321222102.1168000
1700870400000,0.2442000,0.2590000,0.2191000,0.2260000,1637944849,389855922.5034000,1142673,195256495.1779000
1700956800000,0.2260000,0.2393000,0.2142000,0.2287000,1044952237,237016320.1668000,761698,118877908.0022000
1701043200000,0.2286000,0.2312000,0.2047000,0.2307000,933348623,203089089.2359000,676851,99485214.7182000
1701129600000,0.2307000,0.2904000,0.2145000,0.2823000,2433289200,628072710.4509000,1824430,320394337.6532000
1701216000000,0.2822000,0.2993000,0.2493000,0.2533000,2793791970,774748133.1757000,2037115,390384395.6444000
1701302400000,0.2534000,0.2555000,0.2253000,0.2392000,1497078905,355875933.6971000,877992,176069966.6761000
1701388800000,0.2393000,0.2640000,0.2333000,0.2491000,1241172122,308725845.1569000,819700,152187771.4861000
1701475200000,0.2492000,0.2818000,0.2442000,0.2706000,915970907,238346266.6279000,740644,116341836.1524000
1701561600000,0.2707000,0.2898000,0.2593000,0.2662000,806483938,220466893.2441000,633307,107826070.2632000
1701648000000,0.2662000,0.3065000,0.2543000,0.2746000,1139469717,322492357.6031000,927476,160142783.9863000
1701734400000,0.2747000,0.3176000,0.2705000,0.3096000,1158029425,341086407.5956000,1052321,168989306.0609000
1701820800000,0.3096000,0.3166000,0.2718000,0.2752000,712943560,207443183.0372000,676282,98530136.1177000
1701907200000,0.2751000,0.2844000,0.2584000,0.2815000,608929285,166573080.5435000,508284,82683105.1059000
1701993600000,0.2815000,0.2868000,0.2712000,0.2820000,313466035,87372153.9242000,305459,41367035.4010000
1702080000000,0.2821000,0.2852000,0.2670000,0.2690000,343501640,94465450.8334000,302824,44305894.1380000
1702166400000,0.2690000,0.2749000,0.2543000,0.2642000,341068852,89983601.1292000,303646,42136838.7070000
1702252800000,0.2642000,0.2660000,0.2123000,0.2396000,561768527,135484857.3600000,459617,64602228.2490000
1702339200000,0.2397000,0.2545000,0.2332000,0.2417000,534721004,130859456.0287000,429458,64281972.1003000
1702425600000,0.2416000,0.2571000,0.2197000,0.2526000,534084703,126088045.1684000,414287,62352896.1809000
1702512000000,0.2526000,0.2632000,0.2396000,0.2579000,520514631,131937247.9102000,421150,65927488.1616000
1702598400000,0.2579000,0.2587000,0.2301000,0.2327000,294046156,71237237.2013000,233659,32658720.6063000
1702684800000,0.2327000,0.2557000,0.2262000,0.2376000,348006246,83984395.7836000,277313,39891627.2531000
1702771200000,0.2375000,0.2470000,0.2306000,0.2331000,279301947,66289794.1030000,244879,32406534.1801000
1702857600000,0.2331000,0.2985000,0.2212000,0.2954000,1303989478,333948090.0393000,1078489,165684474.4486000
1702944000000,0.2954000,0.3775000,0.2881000,0.3587000,2991163834,1027133137.2430000,3219554,522185583.7434000
1703030400000,0.3587000,0.4093000,0.3382000,0.3856000,2503138024,924430888.9961000,2822094,465686723.8654000
1703116800000,0.3856000,0.4170000,0.3736000,0.3768000,1227046965,479373172.1987000,1677083,240453012.7352000
1703203200000,0.3768000,0.3908000,0.3322000,0.3555000,941566602,334342417.8453000,993272,164049297.0886000
1703289600000,0.3556000,0.3742000,0.3469000,0.3740000,717158651,257492824.0573000,964710,127203576.9473000
1703376000000,0.3739000,0.3771000,0.3397000,0.3636000,728261307,259877652.3243000,964939,124770783.6183000
1703462400000,0.3637000,0.4190000,0.3512000,0.3934000,1073397128,417996068.0573000,1562925,208453312.3020000
1703548800000,0.3935000,0.5391000,0.3935000,0.5036000,2060991627,957508042.2523000,3438323,481238933.5828000
1703635200000,0.5035000,0.5320000,0.4334000,0.4397000,1098608161,524733204.7541000,1977302,256480494.0075000
1703721600000,0.4398000,0.4990000,0.4384000,0.4559000,942891006,438091728.9148000,1866353,214477939.8443000
1703808000000,0.4560000,0.5971000,0.4342000,0.5515000,1766273817,959945527.0898000,3208228,479028100.0296000
1703894400000,0.5515000,0.6300000,0.5300000,0.5917000,1191341556,681924444.6968000,2421953,343218435.3850000
1703980800000,0.5917000,0.6368000,0.5498000,0.5607000,883631353,529859734.9072000,1797482,260265389.9024000
1704067200000,0.5606000,0.7543000,0.5588000,0.7101000,1162649434,769576148.7603000,2855478,389053979.5190000
1704153600000,0.7101000,0.8026000,0.6877000,0.7127000,1407770217,1053873481.3501000,3980485,524435397.2511000
1704240000000,0.7126000,0.8841000,0.5472000,0.7837000,2063368536,1566228243.2680000,5601909,774725421.1301000
1704326400000,0.7836000,0.8709000,0.7477000,0.7718000,988554113,787342339.8740000,3067989,390918933.2411000
1704412800000,0.7718000,0.7863000,0.6887000,0.7177000,779501877,566370851.4175000,2156244,274337929.2698000
1704499200000,0.7177000,0.7190000,0.6302000,0.6505000,702072489,463464373.4869000,1803243,225984737.6024000
1704585600000,0.6506000,0.7257000,0.6361000,0.6772000,791231653,537855954.0768000,2295933,266556217.2306000
1704672000000,0.6772000,0.7596000,0.5850000,0.7456000,1028361849,684160857.6569000,3019781,340333771.1278000
1704758400000,0.7456000,0.7626000,0.6624000,0.6750000,894263019,639778268.6675000,2407090,310427424.0333000
1704844800000,0.6749000,0.7988000,0.6268000,0.7411000,761605518,525303565.1526000,2289210,258986682.6683000
1704931200000,0.7411000,0.8158000,0.7100000,0.7432000,749538521,566239244.1044000,2249745,277665065.1721000
1705017600000,0.7433000,0.7506000,0.6382000,0.6784000,544628879,383072161.5432000,1503889,184345944.5661000
1705104000000,0.6784000,0.7304000,0.6469000,0.7236000,405247647,283675533.3022000,1135183,140607032.9002000
1705190400000,0.7235000,0.7574000,0.6896000,0.6928000,373263697,269144546.4273000,1045671,128838205.2857000
1705276800000,0.6928000,0.8107000,0.6922000,0.8027000,542005541,405121990.5457000,1514897,202206116.9962000
1705363200000,0.8027000,0.8658000,0.7610000,0.7726000,847616699,682657568.1858000,2311549,333789602.7683000
1705449600000,0.7726000,0.8748000,0.7698000,0.8315000,662171496,543917366.3148000,1982631,267790408.0672000
1705536000000,0.8314000,0.8392000,0.7149000,0.7368000,566761638,435729687.3263000,1506353,208750278.5433000
1705622400000,0.7369000,0.7378000,0.6531000,0.7061000,534732165,375189434.3316000,1255880,182483581.1916000
1705708800000,0.7060000,0.7061000,0.6568000,0.6765000,288499816,195020587.9588000,677019,95815156.4864000
1705795200000,0.6766000,0.6955000,0.6456000,0.6501000,237591125,160236458.7683000,518101,76878605.2330000
1705881600000,0.6501000,0.6532000,0.5778000,0.5970000,671535861,408206114.7997000,1157270,197606172.4367000
1705968000000,0.5970000,0.6461000,0.5622000,0.6444000,735250036,439711659.3788000,1425090,222238946.4100000
1706054400000,0.6443000,0.6687000,0.6257000,0.6503000,481849431,311243519.3889000,1070736,153671440.8389000
1706140800000,0.6503000,0.6506000,0.5920000,0.6033000,404116975,247910206.3800000,748487,122268887.3093000
1706227200000,0.6033000,0.6818000,0.5948000,0.6703000,364220078,233428634.1889000,725989,116487072.2376000
1706313600000,0.6703000,0.6749000,0.6323000,0.6422000,235418930,152268047.0562000,474657,75761103.8768000
1706400000000,0.6422000,0.6896000,0.6368000,0.6559000,315442710,208468217.2957000,663744,98701626.7010000
1706486400000,0.6559000,0.6987000,0.6392000,0.6856000,385498451,257777746.4657000,763545,128083921.9969000
1706572800000,0.6856000,0.7546000,0.6799000,0.6962000,707941792,514008790.1621000,1386605,251931434.8992000
1706659200000,0.6963000,0.7257000,0.6432000,0.6497000,607456649,419847306.9776000,1174996,206337832.0960000
1706745600000,0.6497000,0.6596000,0.6162000,0.6422000,379004740,240358509.8507000,734742,117895333.9785000
1706832000000,0.6422000,0.6520000,0.6256000,0.6338000,255883828,163133646.3526000,544698,82121496.1176000
1706918400000,0.6339000,0.6427000,0.6029000,0.6109000,187641718,115996396.4550000,422253,55673160.6516000
1707004800000,0.6109000,0.6210000,0.5922000,0.5948000,209562785,127885254.8487000,408538,60542651.4598000
1707091200000,0.5948000,0.6481000,0.5813000,0.6106000,330506355,202570570.5613000,649411,99690058.5703000
1707177600000,0.6105000,0.6168000,0.5918000,0.5998000,214247033,129323828.7393000,424599,63041027.7394000
1707264000000,0.5998000,0.6393000,0.5788000,0.6243000,264197618,159267567.8356000,526033,77815427.0551000
1707350400000,0.6244000,0.6587000,0.6234000,0.6374000,271271788,174040341.3988000,582672,85906772.5029000
1707436800000,0.6374000,0.7220000,0.6373000,0.7021000,359256695,243631183.5645000,745428,122429602.1294000
1707523200000,0.7021000,0.7157000,0.6717000,0.6869000,226236265,156833328.3650000,490885,76824371.7042000
1707609600000,0.6868000,0.7078000,0.6640000,0.6782000,239370273,163954360.4992000,501920,80615973.5778000
1707696000000,0.6782000,0.7672000,0.6587000,0.7569000,416283047,296365591.9739000,908954,145190025.7012000
1707782400000,0.7570000,0.7781000,0.7170000,0.7557000,399725452,296968735.1796000,931309,145678447.3428000
1707868800000,0.7555000,0.8932000,0.7360000,0.8815000,660315226,554757727.4736000,1585788,278137756.3026000
1707955200000,0.8815000,0.9947000,0.8604000,0.9308000,855757850,800442550.8107000,2372231,398735257.4037000
1708041600000,0.9307000,1.0317000,0.9044000,0.9342000,601086149,581002851.8428000,1760243,287181752.0084000
1708128000000,0.9343000,0.9693000,0.8936000,0.9075000,361310756,335980162.1196000,1056443,163530070.7626000
1708214400000,0.9076000,1.0386000,0.8867000,0.9623000,455518331,436068649.2508000,1387067,215302726.3646000
1708300800000,0.9623000,0.9812000,0.9211000,0.9281000,298024903,284743520.4014000,926940,138380211.5853000
1708387200000,0.9282000,0.9510000,0.8645000,0.9344000,430001337,391673159.3883000,1191663,187139929.6290000
1708473600000,0.9344000,0.9384000,0.8283000,0.8772000,313909001,272068059.8819000,909790,129587822.8521000
1708560000000,0.8773000,0.8892000,0.8210000,0.8372000,283291747,241492468.5917000,886383,119152353.5904000
1708646400000,0.8372000,0.8617000,0.7758000,0.7875000,276133600,224630966.6492000,810052,106258737.7621000
1708732800000,0.7874000,0.8750000,0.7703000,0.8617000,253588447,210245116.8146000,802149,103779912.1559000
1708819200000,0.8616000,0.8660000,0.8172000,0.8255000,164564967,137614248.4833000,572904,67821868.2211000
1708905600000,0.8255000,0.9100000,0.7880000,0.8921000,320886879,272721243.9948000,976976,133161796.8766000
1708992000000,0.8921000,0.9422000,0.8635000,0.8907000,354617851,318782277.8434000,1162662,158432978.8120000
1709078400000,0.8907000,0.9402000,0.8034000,0.8668000,501004133,440829709.4498000,1589515,215100722.9458000
1709164800000,0.8669000,0.9194000,0.8142000,0.8348000,436445308,380211426.4311000,1406527,183317697.2099000
1709251200000,0.8348000,0.8755000,0.8346000,0.8604000,208907617,178156329.5171000,723220,86746679.6849000
1709337600000,0.8604000,0.8668000,0.8278000,0.8492000,180320430,152385447.3234000,626894,73252276.9285000
1709424000000,0.8492000,0.8726000,0.7661000,0.8206000,246892031,205976662.6900000,868120,96586015.7409000
1709510400000,0.8207000,0.8642000,0.7701000,0.7914000,438869720,353609103.9512000,1351199,173533922.6016000
1709596800000,0.7914000,0.8142000,0.5959000,0.7215000,631519829,474109577.2434000,1923341,226209512.6965000
1709683200000,0.7216000,0.8089000,0.6890000,0.7851000,349225085,256466718.3946000,1061342,123888682.8596000
1709769600000,0.7851000,0.9587000,0.7744000,0.9304000,583133217,490104519.4836000,1859755,244671405.6479000
1709856000000,0.9305000,0.9512000,0.8430000,0.9266000,554517291,504906035.5182000,1736206,249631093.9967000
1709942400000,0.9265000,0.9782000,0.8883000,0.9019000,301359800,277944963.7093000,1051758,135798943.6488000
1710028800000,0.9020000,0.9217000,0.8448000,0.8679000,260355404,230419477.8733000,827488,110331678.0518000
1710115200000,0.8679000,0.9300000,0.8030000,0.8980000,313835051,273132032.2195000,1075529,130641595.5190000
1710201600000,0.8981000,0.9476000,0.8320000,0.9024000,437725085,385484575.8478000,1466781,190713474.8858000
1710288000000,0.9024000,0.9621000,0.8772000,0.9013000,293662458,266667066.7734000,1021182,134124882.5031000
1710374400000,0.9014000,0.9059000,0.7977000,0.8659000,323963907,275967022.3246000,1042450,131474188.1059000
1710460800000,0.8660000,1.0758000,0.7910000,1.0547000,1155035782,1048238239.7444000,3597245,520831803.8489000
1710547200000,1.0547000,1.1470000,0.8628000,0.9053000,928918149,944543598.5932000,3051568,459324220.8833000
1710633600000,0.9053000,0.9169000,0.8271000,0.9048000,455250491,400581124.0564000,1511776,199527193.3998000
1710720000000,0.9049000,0.9050000,0.8132000,0.8346000,367321246,314038750.8387000,1189104,149282906.6343000
1710806400000,0.8346000,0.8850000,0.7481000,0.8227000,607003652,496496158.5751000,1828318,244224367.2170000
1710892800000,0.8226000,0.8850000,0.7672000,0.8685000,363926315,299153332.6249000,1145816,148735656.5323000
1710979200000,0.8686000,0.8837000,0.8061000,0.8249000,225293432,189940089.5146000,783728,92696977.8124000
1711065600000,0.8248000,0.8470000,0.7737000,0.7950000,172111910,139164634.4526000,658943,67445279.7903000
1711152000000,0.7951000,0.8266000,0.7851000,0.8034000,129375506,104746353.1902000,429558,51549218.9145000
1711238400000,0.8034000,0.8255000,0.7893000,0.8182000,111691309,90022421.0347000,399221,44283828.5176000
1711324800000,0.8182000,0.8586000,0.8108000,0.8391000,146623292,122723125.4082000,479939,59036247.8166000
1711411200000,0.8391000,0.8715000,0.8210000,0.8438000,163888002,138650584.9150000,543734,67886386.3637000
1711497600000,0.8438000,0.9135000,0.8339000,0.8935000,381808386,332452764.2246000,1197379,163480904.2392000
1711584000000,0.8934000,0.9099000,0.8560000,0.8673000,197585914,173113479.7587000,682499,84744932.6045000
1711670400000,0.8673000,0.8813000,0.8218000,0.8306000,144207661,122395878.7469000,483254,57988140.0524000
1711756800000,0.8307000,0.8460000,0.8134000,0.8187000,85297077,70927395.1701000,299158,33801601.2976000
1711843200000,0.8187000,0.8296000,0.8033000,0.8244000,72619713,59510512.0829000,276774,28010535.5516000
1711929600000,0.8245000,0.8278000,0.7524000,0.7786000,170506657,133131663.7977000,551118,62579490.1860000
1712016000000,0.7787000,0.7806000,0.7011000,0.7060000,190157756,137749953.7618000,654902,66802274.3883000
1712102400000,0.7060000,0.7388000,0.6756000,0.7029000,136396556,96843329.0735000,488660,48491002.7266000
1712188800000,0.7029000,0.7503000,0.6827000,0.7192000,119042080,85658373.5564000,385570,42038196.6892000
1712275200000,0.7192000,0.7192000,0.6689000,0.6951000,116941248,80817641.4046000,369880,39466815.6881000
1712361600000,0.6950000,0.7281000,0.6891000,0.7146000,83199857,59236981.7964000,263009,29629290.1970000
1712448000000,0.7147000,0.7390000,0.7104000,0.7336000,63834255,46194203.4552000,229159,23474452.7472000
1712534400000,0.7337000,0.7540000,0.7148000,0.7416000,93043747,68809928.6551000,279528,32024211.9326000
1712620800000,0.7416000,0.7446000,0.6793000,0.6853000,139935744,99308201.9639000,431152,48553447.4831000
1712707200000,0.6853000,0.6935000,0.6370000,0.6724000,142041768,94703893.2531000,403430,44841837.8732000
1712793600000,0.6724000,0.6809000,0.6576000,0.6634000,85225017,56985667.6792000,301362,28079514.0217000
1712880000000,0.6634000,0.6756000,0.4425000,0.5763000,293922653,170049373.0940000,693973,75465402.4909000
1712966400000,0.5763000,0.5820000,0.3985000,0.4909000,480191442,240500454.2849000,1045941,117065113.7087000
1713052800000,0.4908000,0.5576000,0.4676000,0.5439000,295457953,151910219.3134000,809558,75081785.8447000
1713139200000,0.5439000,0.5626000,0.4783000,0.4954000,256923236,134514931.1478000,645170,65931270.2589000
1713225600000,0.4954000,0.5000000,0.4552000,0.4862000,252105054,120843343.1925000,558062,59387147.0065000
1713312000000,0.4863000,0.5288000,0.4777000,0.5000000,288946069,144986355.1698000,657826,71777432.9663000
1713398400000,0.5001000,0.5419000,0.4791000,0.5199000,227754697,115303898.7080000,541469,56849776.8865000
1713484800000,0.5199000,0.5777000,0.4745000,0.5569000,296765117,159945994.9422000,719324,79092172.1445000
1713571200000,0.5569000,0.6032000,0.5435000,0.6012000,178915743,102951082.3594000,491897,52348376.3650000
1713657600000,0.6012000,0.6112000,0.5741000,0.5873000,164506886,97554383.1222000,435057,47630611.7212000
1713744000000,0.5874000,0.6722000,0.5824000,0.6467000,317403410,203756347.0950000,849964,100529832.5587000
1713830400000,0.6467000,0.6835000,0.6340000,0.6377000,302407250,198890853.5347000,844884,98806051.7919000
1713916800000,0.6378000,0.6557000,0.5859000,0.5910000,251900327,156048245.4196000,710742,78094516.7283000
1714003200000,0.5910000,0.6587000,0.5788000,0.6295000,304892599,187511940.8487000,828589,91760909.0968000
1714089600000,0.6296000,0.6399000,0.5790000,0.5844000,239222407,144577702.7359000,621960,71199234.0949000
1714176000000,0.5843000,0.5952000,0.5458000,0.5855000,209566100,119218385.1696000,515219,59113965.0916000
1714262400000,0.5855000,0.6229000,0.5811000,0.5935000,180538863,109364991.4359000,489475,54608683.0108000
1714348800000,0.5934000,0.6461000,0.5832000,0.6352000,430396686,265786477.7620000,1099104,133505507.9327000
1714435200000,0.6351000,0.6357000,0.5331000,0.5418000,366772204,211655272.2420000,861534,102869388.9952000
1714521600000,0.5418000,0.5492000,0.4941000,0.5312000,401549099,210801228.4734000,844484,103472763.2353000
1714608000000,0.5312000,0.5498000,0.4989000,0.5398000,256745197,135157396.1704000,533184,67105806.5938000
1714694400000,0.5398000,0.5747000,0.5264000,0.5695000,227238829,125182551.0113000,463491,62819530.4740000
1714780800000,0.5694000,0.5799000,0.5561000,0.5638000,149264277,84572698.0483000,296130,42128128.1630000
1714867200000,0.5638000,0.5793000,0.5480000,0.5596000,151014841,85125521.7765000,318581,42019404.7142000
1714953600000,0.5596000,0.5869000,0.5368000,0.5412000,194991391,109245246.6551000,396651,53474190.3127000
1715040000000,0.5411000,0.5516000,0.5202000,0.5223000,152352017,82186496.1288000,334650,40263262.8167000
1715126400000,0.5223000,0.5457000,0.5111000,0.5208000,157280543,82822586.9055000,369283,40401647.7376000
1715212800000,0.5207000,0.5481000,0.5121000,0.5393000,119549800,62635186.4698000,271207,30969068.7695000
1715299200000,0.5392000,0.5481000,0.5037000,0.5070000,155447210,81377681.5277000,331328,40293110.1616000
1715385600000,0.5070000,0.5174000,0.4969000,0.4993000,90873430,45948203.8761000,209318,22167175.5816000
1715472000000,0.4993000,0.5074000,0.4921000,0.4995000,62085881,31084331.2587000,150499,15617294.9817000
1715558400000,0.4995000,0.5098000,0.4720000,0.4843000,172316210,84056227.1397000,377696,40837660.8043000
1715644800000,0.4843000,0.4873000,0.4437000,0.4552000,145064808,67224156.9373000,301198,32745346.4862000
1715731200000,0.4553000,0.5464000,0.4466000,0.5283000,245666927,123279080.4995000,498105,59879278.2030000
1715817600000,0.5282000,0.5887000,0.5201000,0.5391000,394428612,218250360.9785000,721504,109072654.3074000
1715904000000,0.5391000,0.5697000,0.5366000,0.5601000,218915061,121837408.6795000,426211,61770519.7809000
1715990400000,0.5602000,0.5728000,0.5435000,0.5485000,120110055,66995297.0449000,257959,32461319.4702000
1716076800000,0.5484000,0.5507000,0.5185000,0.5225000,99606003,53070978.2028000,220503,26002985.1732000
1716163200000,0.5226000,0.5855000,0.5093000,0.5802000,271105335,149625063.9167000,537478,74570568.8722000
1716249600000,0.5801000,0.6003000,0.5640000,0.5702000,170075846,98277123.1099000,382492,48693467.8621000
1716336000000,0.5702000,0.5773000,0.5365000,0.5445000,158018495,87596448.0144000,335466,42729763.2350000
1716422400000,0.5446000,0.5566000,0.4910000,0.5233000,195374611,103352550.5177000,382948,49789876.6549000
1716508800000,0.5232000,0.5272000,0.4970000,0.5163000,110673389,56729247.8330000,265939,27721508.8843000
1716595200000,0.5163000,0.5396000,0.5139000,0.5324000,74585556,39487941.7527000,200178,19628955.7907000
1716681600000,0.5325000,0.5499000,0.5241000,0.5366000,110337670,59345159.1175000,285308,28716831.6004000
1716768000000,0.5366000,0.5794000,0.5329000,0.5696000,165084799,91598274.9604000,425372,43755975.6699000
1716854400000,0.5697000,0.5775000,0.5315000,0.5404000,154702787,84595869.5160000,404461,40353311.2628000
1716940800000,0.5405000,0.5467000,0.5134000,0.5159000,115984077,61349667.1813000,310051,29222343.7632000
1717027200000,0.5158000,0.5251000,0.5002000,0.5108000,87942717,45293243.2833000,249609,21914683.9737000
1717113600000,0.5107000,0.5219000,0.4992000,0.5069000,68644996,34973914.4622000,203780,16866313.8395000
1717200000000,0.5070000,0.5088000,0.4905000,0.4931000,63084257,31516977.6864000,150361,15183626.7036000
1717286400000,0.4930000,0.5044000,0.4757000,0.4794000,99390097,48745445.7667000,230105,22536615.4186000
1717372800000,0.4794000,0.5198000,0.4727000,0.5041000,127973178,64389011.1699000,301618,31569246.4944000
1717459200000,0.5041000,0.5278000,0.4983000,0.5222000,91405439,46849706.9775000,247653,22546837.2082000
1717545600000,0.5223000,0.5332000,0.5146000,0.5282000,70304849,36834786.3291000,185414,17815839.8361000
1717632000000,0.5282000,0.5325000,0.5035000,0.5102000,65526256,34063369.6804000,167111,16457691.7994000
1717718400000,0.5102000,0.5657000,0.4615000,0.5287000,307075333,160830754.0449000,657402,78124088.2093000
1717804800000,0.5287000,0.5477000,0.4871000,0.4931000,239161132,124507544.6743000,556428,60036799.4804000
1717891200000,0.4931000,0.5053000,0.4808000,0.5018000,106780146,52546909.0488000,272753,26834285.3968000
1717977600000,0.5018000,0.5043000,0.4748000,0.4816000,112926442,55184162.8204000,316524,26185950.0158000
1718064000000,0.4815000,0.4832000,0.4490000,0.4563000,174997294,81596718.6879000,416315,39626728.4025000
1718150400000,0.4563000,0.4953000,0.4378000,0.4801000,167361399,78822062.5178000,432642,38623128.9787000
1718236800000,0.4800000,0.4890000,0.4391000,0.4421000,128831264,59442774.4751000,320314,29025259.0753000
1718323200000,0.4422000,0.4511000,0.4053000,0.4189000,136949316,58841786.7292000,322242,28597320.9575000
1718409600000,0.4188000,0.4249000,0.4127000,0.4159000,50045288,20959491.7720000,135213,10247293.0073000
1718496000000,0.4159000,0.4209000,0.4014000,0.4139000,70141248,28877431.9467000,171317,14216557.4274000
1718582400000,0.4139000,0.4193000,0.3646000,0.3784000,194847143,75427306.5058000,374025,35846083.1233000
1718668800000,0.3785000,0.3813000,0.3200000,0.3435000,273824903,95583185.6092000,479374,46303040.7591000
1718755200000,0.3435000,0.3644000,0.3367000,0.3576000,154601939,54690062.7303000,294845,27261158.8491000
1718841600000,0.3577000,0.3933000,0.3535000,0.3601000,188353333,69765280.4338000,372458,34437074.0762000
1718928000000,0.3600000,0.3718000,0.3540000,0.3633000,147807625,53726894.5744000,289563,26658124.7428000
1719014400000,0.3634000,0.3670000,0.3536000,0.3539000,63421810,22775798.3083000,135632,11478421.9658000
1719100800000,0.3539000,0.3621000,0.3425000,0.3485000,81582917,28745723.3081000,152467,13836450.8071000
1719187200000,0.3486000,0.3663000,0.3273000,0.3646000,172732450,59852547.2574000,308890,29612762.3673000
1719273600000,0.3646000,0.3841000,0.3607000,0.3740000,100925808,37644700.7530000,201666,18282942.1157000
1719360000000,0.3739000,0.3768000,0.3499000,0.3520000,79100434,28569519.0952000,161681,13858938.2780000
1719446400000,0.3519000,0.3668000,0.3442000,0.3601000,81997106,29189064.6641000,159014,14500117.7395000
1719532800000,0.3601000,0.3628000,0.3390000,0.3405000,71526531,25242135.5934000,143368,12060532.8437000
1719619200000,0.3405000,0.3479000,0.3307000,0.3327000,54872722,18618080.7754000,94831,9126026.3415000
1719705600000,0.3327000,0.3433000,0.3243000,0.3405000,90066432,29997735.5424000,150727,15135055.0316000
1719792000000,0.3404000,0.3476000,0.3314000,0.3329000,77512336,26293454.5160000,144673,12670112.7755000
1719878400000,0.3328000,0.3487000,0.3287000,0.3387000,110381036,37164752.8926000,185848,18250965.8370000
1719964800000,0.3387000,0.3469000,0.3087000,0.3109000,162494706,53053270.8752000,266740,25653019.9062000
1720051200000,0.3108000,0.3131000,0.2722000,0.2751000,194505285,56651289.8831000,276127,27239201.3939000
1720137600000,0.2750000,0.2791000,0.2403000,0.2728000,355424564,92773535.2794000,458630,44973191.1613000
1720224000000,0.2728000,0.2905000,0.2700000,0.2886000,129403106,36265211.7234000,198426,18280852.1177000
1720310400000,0.2886000,0.2888000,0.2572000,0.2589000,133726534,36572360.8147000,210421,17434392.6744000
1720396800000,0.2588000,0.3029000,0.2462000,0.2865000,325758544,91734409.2149000,453245,45527617.3823000
1720483200000,0.2865000,0.3458000,0.2837000,0.3336000,523850820,167150428.9614000,675193,82042756.3581000
1720569600000,0.3336000,0.3450000,0.3187000,0.3336000,422160860,140013816.7356000,579769,70586644.9935000
1720656000000,0.3336000,0.3352000,0.3091000,0.3111000,314490481,101368917.9152000,480141,50223745.1682000
1720742400000,0.3111000,0.3268000,0.3056000,0.3115000,271971113,86054332.0471000,418218,43520898.1356000
1720828800000,0.3116000,0.3205000,0.3060000,0.3150000,164410327,51520493.0535000,269052,25406715.9016000
1720915200000,0.3150000,0.3355000,0.3146000,0.3276000,143529926,46838065.2499000,235424,22682092.7698000
1721001600000,0.3275000,0.3605000,0.3246000,0.3555000,219223118,76357272.2734000,331749,37874820.3471000
1721088000000,0.3555000,0.3689000,0.3369000,0.3607000,228345459,80376067.7764000,350670,39772132.5556000
1721174400000,0.3608000,0.3727000,0.3481000,0.3493000,168441459,60423847.6015000,252003,29208587.8344000
1721260800000,0.3493000,0.3677000,0.3385000,0.3494000,150455271,53110077.1448000,247068,25862124.5449000
1721347200000,0.3494000,0.3969000,0.3418000,0.3845000,234848122,86456372.0357000,332882,41580161.8426000
1721433600000,0.3846000,0.4169000,0.3813000,0.3980000,302211635,121153743.4854000,396187,60414795.5013000
1721520000000,0.3980000,0.3997000,0.3700000,0.3941000,167701432,64930954.4920000,266708,31912992.0043000
1721606400000,0.3942000,0.4179000,0.3841000,0.3936000,269578918,107969208.4812000,432302,52370007.6054000
1721692800000,0.3936000,0.3992000,0.3702000,0.3758000,205395682,78766852.9247000,325277,38458265.3326000
1721779200000,0.3758000,0.3818000,0.3523000,0.3561000,168398376,62021971.8626000,266805,30682828.0735000
1721865600000,0.3560000,0.3592000,0.3392000,0.3550000,166051680,58017188.0984000,261912,28162488.4233000
1721952000000,0.3549000,0.3756000,0.3535000,0.3720000,80766857,29591035.2901000,165074,14885146.7035000
1722038400000,0.3721000,0.3759000,0.3513000,0.3662000,139330118,51088331.5277000,231198,24734912.2581000
1722124800000,0.3661000,0.3666000,0.3466000,0.3514000,63717861,22784869.4555000,124227,11071577.6116000
1722211200000,0.3514000,0.3710000,0.3504000,0.3510000,140396615,50398444.2654000,223526,24906415.5792000
1722297600000,0.3511000,0.3593000,0.3274000,0.3327000,130533784,44700360.1478000,207887,21209870.9548000
1722384000000,0.3328000,0.3364000,0.3160000,0.3165000,119371307,39008754.5062000,193371,18859491.4407000
1722470400000,0.3165000,0.3231000,0.2876000,0.3040000,194189745,59239188.5185000,261648,28147112.4629000
1722556800000,0.3039000,0.3056000,0.2763000,0.2795000,192246706,55244254.5016000,253627,26472220.5248000
1722643200000,0.2795000,0.2865000,0.2627000,0.2671000,162988884,44671920.4341000,218300,21691668.9825000
1722729600000,0.2670000,0.2716000,0.2405000,0.2501000,170740009,43568820.1140000,225866,21109276.0349000
1722816000000,0.2501000,0.2532000,0.2014000,0.2271000,737006576,162989828.7210000,701359,80450718.0253000
1722902400000,0.2272000,0.2493000,0.2267000,0.2434000,182898553,44010518.8355000,259810,22196173.2708000
1722988800000,0.2434000,0.2613000,0.2340000,0.2356000,205147036,50987842.7505000,283654,25346143.3577000
1723075200000,0.2357000,0.2931000,0.2308000,0.2910000,274187772,72000426.2825000,323524,36930256.4112000
1723161600000,0.2911000,0.3056000,0.2811000,0.2889000,296055874,85815086.2468000,356590,41553788.3744000
1723248000000,0.2889000,0.3109000,0.2838000,0.2985000,228024768,67943455.1164000,291427,33826318.2097000
1723334400000,0.2985000,0.2994000,0.2655000,0.2677000,199517720,56450112.0044000,247809,26350784.9442000
1723420800000,0.2677000,0.3141000,0.2662000,0.3042000,505396556,149452162.8214000,603015,74154304.2839000
1723507200000,0.3042000,0.3058000,0.2849000,0.2937000,258133313,75665149.6294000,355589,37990771.9372000
1723593600000,0.2937000,0.3017000,0.2770000,0.2819000,232976570,67005211.4205000,320006,33165834.8571000
1723680000000,0.2820000,0.2851000,0.2625000,0.2750000,200766148,55037363.1090000,282328,27587384.3125000
1723766400000,0.2751000,0.2793000,0.2585000,0.2668000,184969968,49723695.5443000,263667,24280026.0313000
1723852800000,0.2668000,0.2721000,0.2600000,0.2701000,108601589,28832473.6632000,177512,14515248.0168000
1723939200000,0.2701000,0.2787000,0.2653000,0.2662000,99595181,27121076.1380000,212543,13484654.8337000
1724025600000,0.2663000,0.2677000,0.2559000,0.2665000,134124396,35104711.3365000,232916,17286097.2996000
1724112000000,0.2666000,0.2823000,0.2599000,0.2645000,166249039,45034225.4802000,212471,21569957.1383000
1724198400000,0.2645000,0.2870000,0.2589000,0.2799000,154238931,41962892.3394000,193575,20227602.1999000
1724284800000,0.2799000,0.2941000,0.2777000,0.2845000,161294881,46121230.4099000,210615,23206460.1966000
1724371200000,0.2846000,0.3330000,0.2843000,0.3292000,391191487,122542962.5728000,407893,61575088.2320000
1724457600000,0.3293000,0.3549000,0.3290000,0.3477000,299012937,102741090.1798000,404508,51889459.7233000
1724544000000,0.3476000,0.3617000,0.3311000,0.3505000,371926349,130469527.3677000,500711,64543898.1273000
1724630400000,0.3505000,0.3670000,0.3321000,0.3332000,426301279,149662291.1727000,539446,74361439.9703000
1724716800000,0.3331000,0.3485000,0.3006000,0.3144000,420952989,137309676.0746000,514609,65225992.3500000
1724803200000,0.3144000,0.3207000,0.2912000,0.3051000,343510656,105797157.4340000,478413,52114422.9739000
1724889600000,0.3052000,0.3279000,0.2989000,0.3033000,239159624,74402410.7418000,333696,36771315.1759000
1724976000000,0.3033000,0.3100000,0.2802000,0.2934000,260381691,77129417.2072000,365214,37359804.9935000
1725062400000,0.2933000,0.2997000,0.2812000,0.2842000,144292968,41965225.4885000,204447,19893849.5827000
1725148800000,0.2842000,0.2862000,0.2638000,0.2662000,168688590,46339026.1888000,255529,21843262.7392000
1725235200000,0.2661000,0.2859000,0.2634000,0.2843000,172846657,47274630.0188000,236318,23750820.8255000
1725321600000,0.2842000,0.2901000,0.2623000,0.2631000,163291709,45237441.9222000,223216,21329243.7928000
1725408000000,0.2631000,0.2768000,0.2510000,0.2728000,221013552,58657708.4546000,263117,29538602.2366000
1725494400000,0.2729000,0.2817000,0.2639000,0.2655000,231908008,63140590.9762000,275759,31371190.4630000
1725580800000,0.2654000,0.2800000,0.2508000,0.2630000,317224733,84897391.6659000,322705,42157320.7874000
1725667200000,0.2629000,0.2728000,0.2617000,0.2666000,147094962,39335316.9774000,160083,19010652.1760000
1725753600000,0.2666000,0.2856000,0.2651000,0.2810000,270038238,74464564.7367000,234028,36381240.7151000
1725840000000,0.2809000,0.3022000,0.2739000,0.2953000,255606682,72671616.6220000,257147,36887746.4133000
1725926400000,0.2954000,0.2994000,0.2886000,0.2940000,162898304,47714521.6982000,190851,24326552.9098000
1726012800000,0.2941000,0.2973000,0.2721000,0.2828000,255440578,72154985.7398000,259259,34419880.9301000
1726099200000,0.2827000,0.3088000,0.2827000,0.3025000,324393438,96728612.5102000,313393,48462222.2643000
1726185600000,0.3025000,0.3136000,0.2914000,0.3048000,239092093,72097307.5530000,234867,36355728.3518000
1726272000000,0.3049000,0.3101000,0.2944000,0.2986000,134161309,40356539.6403000,152250,19611640.0126000
1726358400000,0.2986000,0.3171000,0.2954000,0.2988000,278436529,85566493.3530000,279012,41803188.2397000
1726444800000,0.2988000,0.2988000,0.2646000,0.2704000,340739729,96338295.1415000,319320,46657975.5525000
1726531200000,0.2704000,0.2912000,0.2645000,0.2777000,297987238,82764793.5114000,280007,40513317.3024000
1726617600000,0.2777000,0.3110000,0.2618000,0.3106000,388344846,109010962.7690000,373501,53990128.0865000
1726704000000,0.3106000,0.3444000,0.3099000,0.3354000,578318547,193140217.2585000,566522,94360356.4192000
1726790400000,0.3354000,0.3657000,0.3268000,0.3525000,507749438,176660811.4082000,535879,90527497.3685000
1726876800000,0.3525000,0.3949000,0.3511000,0.3908000,500868710,186362194.7434000,596760,93500198.6527000
1726963200000,0.3908000,0.3910000,0.3594000,0.3716000,463749103,171774271.8032000,506687,83289700.0304000
1727049600000,0.3717000,0.3933000,0.3596000,0.3653000,404193947,150184059.0270000,493699,72702125.1325000
1727136000000,0.3653000,0.4391000,0.3613000,0.4331000,548248049,215615314.8411000,606951,105294607.2535000
1727222400000,0.4330000,0.4744000,0.4306000,0.4535000,1299527351,596230680.6709000,1324057,296085251.6967000
1727308800000,0.4535000,0.5054000,0.4402000,0.4677000,1072998269,502942884.5625000,1298229,255178511.0779000
1727395200000,0.4676000,0.4812000,0.4560000,0.4617000,397339918,185096352.2607000,612826,90333500.7985000
1727481600000,0.4617000,0.4640000,0.4311000,0.4454000,333858749,148306670.7962000,502553,71159974.6506000
1727568000000,0.4454000,0.5209000,0.4357000,0.4820000,814284256,389501541.1564000,1007686,189577555.4618000
1727654400000,0.4821000,0.4930000,0.4561000,0.4617000,735297478,344818737.3633000,927400,166180447.8729000
1727740800000,0.4618000,0.5030000,0.4125000,0.4362000,1018250860,468577762.1135000,1261127,221182639.2842000
1727827200000,0.4362000,0.4744000,0.4046000,0.4229000,981811955,429884568.1705000,1125040,211252201.6280000
1727913600000,0.4229000,0.4408000,0.3773000,0.3953000,859539924,349208586.7088000,994613,169330845.6305000
1728000000000,0.3952000,0.4283000,0.3829000,0.4188000,623833448,254872187.5584000,740913,126615486.2938000
1728086400000,0.4188000,0.4199000,0.3987000,0.4093000,326648324,133511320.0857000,418356,65108181.7364000
1728172800000,0.4094000,0.4459000,0.4004000,0.4385000,435641399,184423854.3050000,536553,90845749.8954000
1728259200000,0.4384000,0.4632000,0.4241000,0.4260000,750017140,331946804.1704000,856519,164421205.9919000
1728345600000,0.4260000,0.4593000,0.4230000,0.4321000,671032832,296053876.9982000,863640,141203430.0915000
1728432000000,0.4320000,0.4434000,0.3982000,0.4031000,514082183,215309459.9272000,598202,101331886.8385000
1728518400000,0.4030000,0.4149000,0.3878000,0.4093000,453615026,181680170.0096000,567545,87076900.1524000
1728604800000,0.4093000,0.4547000,0.4044000,0.4456000,488457099,210672438.3212000,583236,103629939.7595000
1728691200000,0.4456000,0.4894000,0.4386000,0.4785000,581404851,270877725.1091000,709929,136948580.2957000
1728777600000,0.4784000,0.4944000,0.4518000,0.4903000,579765216,274994633.6808000,747638,135301663.4066000
1728864000000,0.4903000,0.5106000,0.4765000,0.4933000,541240860,265698956.7816000,782713,128995283.1137000
1728950400000,0.4934000,0.4944000,0.4488000,0.4608000,497875839,234206917.5345000,755783,109682027.4734000
1729036800000,0.4608000,0.4611000,0.4352000,0.4447000,385026579,172211538.3855000,574943,83032383.1391000
1729123200000,0.4446000,0.4551000,0.4219000,0.4305000,336154663,147339167.4074000,506827,72171732.3111000
1729209600000,0.4305000,0.4544000,0.4264000,0.4445000,336193215,148227367.0680000,411069,73037891.4834000
1729296000000,0.4445000,0.4534000,0.4323000,0.4350000,225268890,99742882.3938000,302261,50379889.1664000
1729382400000,0.4349000,0.4558000,0.4305000,0.4532000,233470406,103299770.2920000,293026,50523482.2645000
1729468800000,0.4532000,0.4610000,0.4263000,0.4279000,309076642,135961258.0907000,358063,67651403.4744000
1729555200000,0.4280000,0.4388000,0.4204000,0.4310000,259023879,111329047.8440000,313652,53554057.1460000
1729641600000,0.4311000,0.4396000,0.4119000,0.4360000,258322554,109581911.1395000,313816,53044368.9879000
1729728000000,0.4360000,0.4413000,0.4158000,0.4215000,254570265,108316779.9941000,302865,52831330.8003000
1729814400000,0.4215000,0.4227000,0.3504000,0.3718000,486707339,190601490.1627000,454314,84758004.1606000
1729900800000,0.3718000,0.3823000,0.3643000,0.3778000,247288696,92002879.7498000,239575,44818789.8217000
1729987200000,0.3778000,0.3827000,0.3704000,0.3746000,141900610,53475647.6571000,177519,26840394.1413000
1730073600000,0.3746000,0.3758000,0.3523000,0.3721000,286125855,104245980.9250000,303578,50338108.0404000
1730160000000,0.3721000,0.4031000,0.3707000,0.3964000,362832061,141643415.4498000,401674,68616596.8919000
1730246400000,0.3964000,0.4208000,0.3921000,0.4072000,483817623,198300367.9134000,549566,96807298.2277000
1730332800000,0.4072000,0.4089000,0.3829000,0.3855000,260701113,102434436.5244000,333542,48677390.0132000
1730419200000,0.3854000,0.4045000,0.3722000,0.3787000,348820882,135214718.8215000,384352,66479631.9746000
1730505600000,0.3787000,0.3850000,0.3620000,0.3663000,164281210,60921081.6081000,203525,28468825.5207000
1730592000000,0.3663000,0.3679000,0.3301000,0.3481000,335863836,116470402.0830000,337822,52905713.9821000
1730678400000,0.3481000,0.3533000,0.3319000,0.3372000,197179422,67580425.1057000,264110,31816405.7152000
1730764800000,0.3372000,0.3652000,0.3356000,0.3513000,224023641,78987046.2895000,256471,38352988.3167000
1730851200000,0.3514000,0.4152000,0.3506000,0.4102000,466067846,178953916.7324000,450755,88711525.9887000
1730937600000,0.4101000,0.4287000,0.3994000,0.4160000,304515939,126276339.2054000,383978,63481736.7879000
1731024000000,0.4161000,0.4235000,0.3963000,0.4192000,300352322,123503082.2154000,331753,61399582.3016000
1731110400000,0.4192000,0.4582000,0.4092000,0.4505000,369258971,158530339.4700000,451823,79147775.4170000
1731196800000,0.4505000,0.4944000,0.4375000,0.4677000,607047357,283929970.3686000,775547,136052835.5934000
1731283200000,0.4678000,0.5204000,0.4602000,0.5151000,727947849,354864693.1792000,895020,170925950.6053000
1731369600000,0.5151000,0.5158000,0.4415000,0.4838000,693497597,331888511.7678000,1025315,158020387.0034000
1731456000000,0.4838000,0.4898000,0.4300000,0.4516000,655794660,299287285.9546000,922126,143995245.7932000
1731542400000,0.4515000,0.4896000,0.4305000,0.4369000,514434626,236288701.0391000,805023,114312701.9766000
1731628800000,0.4369000,0.4691000,0.4199000,0.4606000,386933505,172091357.9730000,566148,83407406.0060000
1731715200000,0.4605000,0.5526000,0.4572000,0.5430000,823890602,429065317.3057000,1133713,213831261.5347000
1731801600000,0.5430000,0.5539000,0.4880000,0.5002000,481547432,249394862.2127000,809500,118685137.8545000
1731888000000,0.5003000,0.5458000,0.4962000,0.5168000,480313719,248605182.8022000,749064,120399945.6974000
1731974400000,0.5168000,0.5169000,0.4811000,0.4910000,281996791,140735567.2440000,471555,66398564.3058000
1732060800000,0.4909000,0.4944000,0.4510000,0.4610000,326229147,154693314.7195000,526757,72758853.8089000
1732147200000,0.4610000,0.5021000,0.4424000,0.4844000,404453993,192624193.7299000,605126,92454595.6418000
1732233600000,0.4844000,0.5186000,0.4660000,0.5172000,370390569,179068546.4634000,581731,87514003.9015000
1732320000000,0.5172000,0.5476000,0.5012000,0.5359000,590742455,309369641.6170000,875301,149461103.7403000
1732406400000,0.5359000,0.6819000,0.5014000,0.6620000,1688485425,1000292057.9373000,2331545,487236104.5029000
1732492800000,0.6620000,0.6944000,0.5928000,0.6551000,1435945897,912395245.4303000,2143064,440992048.6758000
1732579200000,0.6547000,0.7047000,0.6014000,0.6944000,1321392351,864217357.1569000,2233712,424436380.8233000
1732665600000,0.6945000,0.7145000,0.6506000,0.6744000,735343265,496800338.7790000,1462178,247858965.5511000
1732752000000,0.6743000,0.6747000,0.6362000,0.6602000,385594944,252418842.5330000,819855,121849781.4516000
1732838400000,0.6602000,0.6796000,0.6563000,0.6749000,307418742,205326409.3634000,711485,100116085.9611000
1732924800000,0.6748000,0.6873000,0.6558000,0.6657000,283493437,190674220.2883000,646175,89315067.6415000
1733011200000,0.6657000,0.6814000,0.6337000,0.6539000,266361297,173631464.6800000,663107,81217775.1882000
1733097600000,0.6539000,0.6576000,0.5916000,0.6438000,465068476,288015572.9463000,919915,134717964.5392000
1733184000000,0.6438000,0.6993000,0.6184000,0.6945000,703140655,466108584.1238000,1237830,220064227.3572000
1733270400000,0.6945000,0.7360000,0.6702000,0.6905000,535427287,374828168.1996000,1111393,180784587.0708000
1733356800000,0.6905000,0.7366000,0.6408000,0.7013000,624533866,434187323.1865000,1269850,207093688.0447000
1733443200000,0.7013000,0.7174000,0.6616000,0.7070000,358686966,249188534.7420000,833464,121864998.7539000
1733529600000,0.7070000,0.7094000,0.6791000,0.6953000,189116820,131353260.0529000,504895,64763045.7270000
1733616000000,0.6954000,0.7061000,0.6640000,0.6917000,178637315,122214405.1754000,477740,57363826.2461000
1733702400000,0.6918000,0.6920000,0.4876000,0.5657000,649393175,387517589.4563000,1151316,166470314.8850000
1733788800000,0.5658000,0.5761000,0.5051000,0.5498000,531727132,289338724.0015000,1012090,138611955.5151000
1733875200000,0.5498000,0.6060000,0.5290000,0.5995000,265165224,151745701.3867000,591766,74008248.9684000
1733961600000,0.5995000,0.6459000,0.5951000,0.6094000,358294010,223751257.2097000,686079,106416294.0717000
1734048000000,0.6094000,0.6150000,0.5814000,0.6015000,257798164,154286617.7669000,544929,74684037.1321000
1734134400000,0.6015000,0.6122000,0.5596000,0.5753000,206076429,120315574.9259000,461047,56391029.3845000
1734220800000,0.5752000,0.5998000,0.5555000,0.5952000,182910043,106002961.9493000,420238,51433824.1929000
1734307200000,0.5953000,0.6125000,0.5578000,0.5640000,239190582,138160928.7693000,536167,67456735.3354000
1734393600000,0.5639000,0.5716000,0.5260000,0.5279000,226901740,125355831.6064000,492974,58840500.8448000
1734480000000,0.5279000,0.5319000,0.4560000,0.4734000,468970794,235248524.3623000,717084,109256685.5045000
1734566400000,0.4734000,0.4850000,0.4163000,0.4323000,575413270,260528840.5609000,948619,121604377.8766000
1734652800000,0.4324000,0.4462000,0.3713000,0.4410000,520985150,213127354.4103000,864380,99544981.9046000
1734739200000,0.4409000,0.4799000,0.4122000,0.4211000,335576596,147378366.4693000,596408,69239797.2980000
1734825600000,0.4211000,0.4375000,0.4092000,0.4190000,226647788,95992772.3611000,450540,45859569.9479000
1734912000000,0.4190000,0.4652000,0.4081000,0.4570000,263646610,113477131.0435000,453225,57547988.9649000
1734998400000,0.4569000,0.4785000,0.4404000,0.4697000,196579774,90253695.1607000,337731,43736628.1241000
1735084800000,0.4696000,0.4715000,0.4470000,0.4546000,133539779,61412497.6078000,281366,30112731.0822000
1735171200000,0.4547000,0.4608000,0.4130000,0.4195000,183422712,78920311.5162000,328059,37881525.8692000
1735257600000,0.4195000,0.4400000,0.4111000,0.4156000,194201749,82189198.4920000,344070,40650312.0954000
1735344000000,0.4155000,0.4316000,0.4063000,0.4261000,113149136,47088309.0218000,261281,23629733.4240000
1735430400000,0.4262000,0.4310000,0.4051000,0.4103000,104966729,44106894.8086000,222007,20360188.7868000
1735516800000,0.4102000,0.4274000,0.3935000,0.4035000,196089610,80358671.2810000,360729,39232405.4978000
1735603200000,0.4034000,0.4145000,0.3895000,0.3964000,141211643,56811255.0660000,250798,27309013.1549000
1735689600000,0.3963000,0.4243000,0.3899000,0.4205000,137637252,55650947.0348000,229738,28287657.9248000
1735776000000,0.4205000,0.4408000,0.4205000,0.4302000,145898746,62759300.0497000,251933,30641757.2185000
1735862400000,0.4302000,0.4607000,0.4192000,0.4576000,174567473,77255170.1766000,287835,38196784.4668000
1735948800000,0.4576000,0.4800000,0.4488000,0.4707000,237212853,110293115.7372000,334625,54533654.2557000
1736035200000,0.4707000,0.4710000,0.4489000,0.4582000,168718738,77276416.0413000,268408,35131608.0922000
1736121600000,0.4583000,0.4789000,0.4465000,0.4643000,225217523,104034494.1208000,351889,49792416.9864000
1736208000000,0.4642000,0.4667000,0.4131000,0.4134000,327257193,143960685.7586000,453161,65602229.6739000
1736294400000,0.4135000,0.4187000,0.3721000,0.3947000,335690161,132702908.8318000,447485,62043603.2754000
1736380800000,0.3946000,0.4002000,0.3663000,0.3743000,292774196,111640063.0417000,397635,52853742.9274000
1736467200000,0.3742000,0.3941000,0.3725000,0.3887000,235593537,90496813.3990000,331551,44775836.6687000
1736553600000,0.3886000,0.3957000,0.3804000,0.3887000,113901762,43947600.8312000,188303,21453675.0007000
1736640000000,0.3887000,0.3933000,0.3755000,0.3823000,126520983,48855018.6047000,202930,23856992.9496000
1736726400000,0.3823000,0.3922000,0.3373000,0.3641000,443123551,158517400.5628000,494206,78420458.3758000
1736812800000,0.3641000,0.3824000,0.3618000,0.3770000,158830357,59168458.6451000,249226,28012055.9465000
1736899200000,0.3771000,0.4070000,0.3669000,0.4056000,240985316,93242677.1469000,320468,46085908.9787000
1736985600000,0.4055000,0.4176000,0.3908000,0.4039000,263263518,106700693.1429000,358257,51257711.5921000
1737072000000,0.4040000,0.4281000,0.4031000,0.4236000,198651942,82743470.8859000,303140,40694452.9215000
1737158400000,0.4236000,0.4335000,0.3837000,0.3933000,278566769,111899976.4148000,400594,52551594.4438000
1737244800000,0.3932000,0.4033000,0.3402000,0.3473000,467012606,172424845.1677000,612396,81240147.7356000
1737331200000,0.3473000,0.3912000,0.3318000,0.3506000,583086660,206911930.7193000,687680,103694310.2075000
1737417600000,0.3506000,0.3721000,0.3340000,0.3605000,232797484,81520697.6644000,368767,39909951.1208000
1737504000000,0.3605000,0.3621000,0.3458000,0.3472000,152942771,54238743.6810000,242809,25352852.4436000
1737590400000,0.3471000,0.3533000,0.3312000,0.3419000,260912014,88825928.4676000,330674,44767079.5516000
1737676800000,0.3420000,0.3598000,0.3283000,0.3402000,256658038,89173834.8517000,362257,42779866.5987000
1737763200000,0.3402000,0.3511000,0.3337000,0.3455000,143848569,49431424.0139000,213649,24405330.8422000
1737849600000,0.3455000,0.3607000,0.3369000,0.3370000,142975169,50007335.3930000,225283,23669811.0099000
1737936000000,0.3369000,0.3378000,0.2973000,0.3179000,452446955,141402120.0836000,547433,65542815.0474000
1738022400000,0.3179000,0.3212000,0.2912000,0.2943000,187349568,57914088.3491000,286584,27498063.4102000
1738108800000,0.2943000,0.3184000,0.2911000,0.3054000,279039140,84450536.4930000,337946,42275963.0212000
1738195200000,0.3054000,0.3363000,0.3025000,0.3293000,169326359,54837803.6491000,241994,27196770.0312000
1738281600000,0.3294000,0.3473000,0.3235000,0.3326000,208536053,69790910.6095000,306708,33073577.3019000
1738368000000,0.3326000,0.3354000,0.2967000,0.2990000,164157495,51903518.6478000,259884,22870194.7990000
1738454400000,0.2989000,0.3052000,0.2411000,0.2543000,419132212,115061919.5747000,507250,54899673.4411000
1738540800000,0.2543000,0.2585000,0.1879000,0.2561000,853916365,194608359.9919000,799810,93315912.3510000
1738627200000,0.2561000,0.2590000,0.2298000,0.2418000,378584300,91437426.7990000,433995,44055402.0571000
1738713600000,0.2419000,0.2471000,0.2293000,0.2316000,234877026,56099358.6867000,281328,27058925.9823000
1738800000000,0.2316000,0.2425000,0.2156000,0.2182000,239859478,54695984.0731000,295480,26776042.6209000
1738886400000,0.2182000,0.2371000,0.2101000,0.2167000,280094407,62881311.9816000,288313,30495708.5807000
1738972800000,0.2167000,0.2295000,0.2139000,0.2277000,144474497,31830081.3800000,183051,16015150.1570000
1739059200000,0.2277000,0.2328000,0.2135000,0.2248000,199764099,45068160.2207000,184397,21116732.6655000
1739145600000,0.2248000,0.2371000,0.2159000,0.2331000,177567644,40692068.4698000,201097,20719382.5179000
1739232000000,0.2331000,0.2459000,0.2242000,0.2273000,209960456,49322721.1993000,222468,23665144.0796000
1739318400000,0.2273000,0.2454000,0.2158000,0.2407000,279246633,63377790.1131000,292749,31541766.2393000
1739404800000,0.2408000,0.2452000,0.2276000,0.2335000,175828621,41137554.4300000,204711,20711628.5435000
1739491200000,0.2335000,0.2501000,0.2324000,0.2426000,171683268,41493154.6662000,177037,19505498.5314000
1739577600000,0.2425000,0.2453000,0.2354000,0.2372000,92699136,22213840.8113000,135101,10481721.1130000
1739664000000,0.2371000,0.2416000,0.2312000,0.2330000,106265898,25040300.6613000,124706,11880943.2773000
1739750400000,0.2330000,0.2409000,0.2268000,0.2306000,184663400,43014872.6863000,185198,20329268.7740000
1739836800000,0.2306000,0.2314000,0.2140000,0.2213000,191010138,42254666.6503000,203535,20301224.7411000
1739923200000,0.2214000,0.2380000,0.2182000,0.2314000,244396280,55600858.9065000,168618,28424176.4391000
1740009600000,0.2313000,0.2731000,0.2289000,0.2655000,708260842,180682629.7120000,484725,89638460.7973000
1740096000000,0.2654000,0.2852000,0.2492000,0.2552000,780062953,208741481.2338000,585593,102164120.5890000
1740182400000,0.2552000,0.2904000,0.2522000,0.2789000,602341493,166042300.5258000,516281,82507378.0979000
1740268800000,0.2788000,0.2851000,0.2685000,0.2804000,301126918,82834161.7408000,305476,40365982.3904000
1740355200000,0.2804000,0.2920000,0.2553000,0.2673000,985627897,274431289.9694000,795178,136616418.1076000
1740441600000,0.2672000,0.2846000,0.2441000,0.2764000,1091612695,288534113.5325000,876715,140661338.8594000
1740528000000,0.2764000,0.2885000,0.2616000,0.2697000,600086479,164753979.3041000,549551,79164513.6192000
1740614400000,0.2697000,0.2736000,0.2544000,0.2572000,372949342,98889898.3413000,348600,47784256.6643000
1740700800000,0.2572000,0.2577000,0.2315000,0.2501000,478042279,115740394.9382000,457911,55825484.3464000
1740787200000,0.2500000,0.2600000,0.2425000,0.2481000,276358462,69082828.3895000,264603,32738774.9702000
1740873600000,0.2481000,0.2744000,0.2419000,0.2700000,436083830,112280923.6865000,349681,54027570.6476000
1740960000000,0.2700000,0.2711000,0.2256000,0.2281000,470032221,115729811.7823000,433794,54481612.2196000
1741046400000,0.2280000,0.2289000,0.2033000,0.2231000,561299440,121407717.4553000,475437,58014431.2236000
1741132800000,0.2231000,0.2380000,0.2189000,0.2337000,291090440,66472192.8500000,265072,33315237.2684000
1741219200000,0.2338000,0.2433000,0.2250000,0.2252000,385047300,89229059.6454000,293104,43576434.4109000
1741305600000,0.2251000,0.2352000,0.2125000,0.2248000,470064372,105971649.3015000,367613,51364011.4005000
1741392000000,0.2248000,0.2272000,0.2097000,0.2146000,271012806,58640280.9021000,223401,28845007.5177000
1741478400000,0.2145000,0.2229000,0.1971000,0.2010000,484534066,101694764.0379000,330535,48878682.4356000
1741564800000,0.2010000,0.2058000,0.1781000,0.1815000,635281370,122761152.5937000,406735,62880697.1381000
1741651200000,0.1814000,0.1979000,0.1717000,0.1918000,609728086,114045327.1965000,360612,55424054.4128000
1741737600000,0.1917000,0.1952000,0.1762000,0.1882000,578139627,106880955.5150000,331510,51825487.3930000
1741824000000,0.1883000,0.1952000,0.1810000,0.1890000,467909805,87811083.6203000,288313,43982899.2605000
1741910400000,0.1890000,0.2069000,0.1884000,0.2036000,399341167,79423617.0451000,253920,38278400.8636000
1741996800000,0.2036000,0.2072000,0.1971000,0.2054000,332615407,67558779.3754000,216808,32566767.5838000
1742083200000,0.2053000,0.2068000,0.1948000,0.1966000,305714291,61575502.5421000,227251,29515233.2820000
1742169600000,0.1966000,0.2034000,0.1944000,0.2001000,194162775,38666433.8877000,169359,19827374.5277000
1742256000000,0.2001000,0.2002000,0.1906000,0.1977000,190685213,37244440.8901000,165456,18486213.2468000
1742342400000,0.1978000,0.2036000,0.1956000,0.2031000,273904357,54658739.2333000,186468,27325742.2953000
1742428800000,0.2032000,0.2045000,0.1920000,0.1943000,179178440,35426104.2253000,150141,17678141.8748000
1742515200000,0.1943000,0.1955000,0.1868000,0.1910000,173129383,33031368.6916000,148910,16314139.7890000
1742601600000,0.1911000,0.1972000,0.1900000,0.1924000,116979732,22651712.3577000,128605,11548701.9014000
1742688000000,0.1924000,0.1956000,0.1904000,0.1931000,128091605,24763220.8120000,122172,13021474.7219000
1742774400000,0.1930000,0.2046000,0.1896000,0.2019000,228003406,45404843.7848000,158374,23324438.7605000
1742860800000,0.2019000,0.2103000,0.1981000,0.2080000,243351888,49973402.9899000,150633,24663126.7902000
1742947200000,0.2079000,0.2180000,0.2041000,0.2084000,233165198,49280956.6573000,178011,23518262.7311000
1743033600000,0.2084000,0.2153000,0.2069000,0.2107000,250602972,52875020.4522000,154092,25721015.2515000
1743120000000,0.2107000,0.2112000,0.1885000,0.1922000,301797962,59374643.5845000,212899,26522761.8500000
1743206400000,0.1922000,0.1932000,0.1754000,0.1795000,265754828,48292623.3492000,179967,21714577.5295000
1743292800000,0.1795000,0.1828000,0.1732000,0.1752000,194034594,34638442.7072000,131130,16351387.3691000
1743379200000,0.1752000,0.1756000,0.1672000,0.1722000,297969927,51207313.2358000,186899,24599930.0257000
1743465600000,0.1721000,0.1791000,0.1712000,0.1762000,329760063,57747845.4704000,181951,28545528.8611000
1743552000000,0.1762000,0.1791000,0.1591000,0.1640000,329935819,56433209.3932000,213378,26911831.1527000
1743638400000,0.1639000,0.1684000,0.1572000,0.1649000,240658121,39196657.8874000,185808,19243577.3924000
1743724800000,0.1649000,0.1665000,0.1589000,0.1647000,203724390,33285919.4954000,167144,16568847.2838000
1743811200000,0.1646000,0.1659000,0.1609000,0.1628000,76918678,12566681.3455000,75484,5788838.4671000
1743897600000,0.1627000,0.1632000,0.1424000,0.1448000,277152675,41877088.4979000,205373,20088203.5390000
1743984000000,0.1448000,0.1525000,0.1301000,0.1498000,502811127,71327952.7865000,327449,35962035.7902000
1744070400000,0.1497000,0.1541000,0.1402000,0.1407000,226874068,33555916.6096000,182654,16677391.1834000
1744156800000,0.1407000,0.1585000,0.1351000,0.1555000,367969691,53313954.7755000,236591,27157661.3988000
1744243200000,0.1554000,0.1556000,0.1455000,0.1490000,188610256,28389027.8836000,135306,13822305.2920000
1744329600000,0.1490000,0.1580000,0.1481000,0.1550000,143330219,22005456.0599000,103129,11363285.7637000
1744416000000,0.1549000,0.1860000,0.1540000,0.1832000,529377310,90428263.7459000,251829,44694402.9148000
1744502400000,0.1831000,0.1841000,0.1700000,0.1726000,366745546,65467858.4991000,238213,31217944.5943000
1744588800000,0.1727000,0.1887000,0.1710000,0.1751000,348168503,62195646.6602000,230240,32051502.8159000
1744675200000,0.1751000,0.1828000,0.1688000,0.1689000,221734227,39243192.8485000,178806,18869407.9152000
1744761600000,0.1690000,0.1743000,0.1630000,0.1675000,290096843,48790417.5444000,199918,22947320.8910000
1744848000000,0.1675000,0.1729000,0.1648000,0.1675000,214048344,36094480.8427000,149853,18298866.4498000
1744934400000,0.1676000,0.1741000,0.1655000,0.1696000,158989457,27067165.1239000,128991,12740950.4229000
1745020800000,0.1697000,0.1746000,0.1656000,0.1737000,159449188,27178897.6156000,126235,13354717.1425000
1745107200000,0.1738000,0.1756000,0.1683000,0.1708000,138996247,23829665.6465000,116835,11669554.1906000
1745193600000,0.1708000,0.1830000,0.1704000,0.1758000,186042625,33091944.0062000,152643,16012492.9353000
1745280000000,0.1758000,0.1901000,0.1729000,0.1890000,215117181,39036543.3641000,153451,19434184.4119000
1745366400000,0.1891000,0.1990000,0.1881000,0.1942000,332427436,64657962.4056000,212387,33071945.3356000
1745452800000,0.1942000,0.2037000,0.1878000,0.2017000,283966157,55297530.7910000,207953,27574793.9032000
1745539200000,0.2016000,0.2106000,0.1981000,0.2039000,280566810,57725891.1490000,213651,27551900.0054000
1745625600000,0.2039000,0.2118000,0.2004000,0.2053000,175030908,36015164.3130000,169419,18162062.2940000
1745712000000,0.2053000,0.2070000,0.1956000,0.1991000,107675680,21520401.3044000,130729,10166844.2775000
1745798400000,0.1990000,0.2177000,0.1951000,0.2157000,325127151,68244096.8129000,235171,33143179.5793000
1745884800000,0.2157000,0.2226000,0.2082000,0.2114000,211462322,45646582.4813000,167964,22152266.5549000
1745971200000,0.2113000,0.2155000,0.2061000,0.2120000,153747087,32390529.6229000,137797,15075225.5928000
1746057600000,0.2120000,0.2291000,0.2120000,0.2247000,212184693,47169224.1550000,163318,22897828.4055000
1746144000000,0.2246000,0.2274000,0.2174000,0.2203000,138440633,30552608.1077000,136379,14526793.8191000
1746230400000,0.2203000,0.2230000,0.2062000,0.2068000,169022973,36070027.2655000,194577,16269628.3943000
1746316800000,0.2069000,0.2100000,0.2021000,0.2037000,95218412,19589720.1043000,128315,8423702.1060000
1746403200000,0.2037000,0.2076000,0.1986000,0.2010000,114693999,23224438.5843000,132293,11774503.9867000
1746489600000,0.2010000,0.2021000,0.1903000,0.1974000,159234062,31192389.8420000,157908,14767645.1186000
1746576000000,0.1974000,0.2007000,0.1944000,0.1986000,161095031,31854652.6418000,135160,15944013.0195000
1746662400000,0.1986000,0.2344000,0.1986000,0.2301000,340710949,73822899.3853000,220844,37465929.9558000
1746748800000,0.2302000,0.2477000,0.2281000,0.2444000,403571520,95584527.2081000,289838,48422322.4845000
1746835200000,0.2443000,0.2748000,0.2420000,0.2731000,292623490,74806780.0841000,256985,36909345.3104000
1746921600000,0.2730000,0.2750000,0.2528000,0.2600000,265669185,69217464.4545000,237970,32457800.2544000
1747008000000,0.2600000,0.2741000,0.2469000,0.2607000,309529993,81361823.8092000,284914,40420048.4949000
1747094400000,0.2607000,0.2692000,0.2474000,0.2626000,197085147,50821190.2262000,205046,24428558.8498000
1747180800000,0.2625000,0.2645000,0.2490000,0.2510000,141648421,36297122.9148000,174333,17377802.0886000
1747267200000,0.2510000,0.2544000,0.2306000,0.2380000,234640529,56258109.1538000,247405,25945898.5841000
1747353600000,0.2379000,0.2432000,0.2280000,0.2294000,160775403,38220198.9614000,166316,18985885.8352000
1747440000000,0.2293000,0.2303000,0.2202000,0.2250000,145945067,32780352.7496000,162322,16028866.8808000
1747526400000,0.2249000,0.2396000,0.2184000,0.2321000,304544682,69324607.1417000,215256,35112158.4329000
1747612800000,0.2322000,0.2332000,0.2125000,0.2228000,204417845,44986552.6549000,204346,21415798.5207000
1747699200000,0.2228000,0.2283000,0.2181000,0.2243000,144621462,32209857.4005000,154698,15981275.0100000
1747785600000,0.2243000,0.2362000,0.2206000,0.2303000,239656827,54341926.1219000,192934,26822548.4152000
1747872000000,0.2303000,0.2459000,0.2301000,0.2439000,205262744,49279944.0906000,182090,25046272.6025000
1747958400000,0.2439000,0.2529000,0.2254000,0.2267000,322669677,77269382.9021000,265828,36197288.5024000
1748044800000,0.2266000,0.2316000,0.2225000,0.2235000,116082427,26418684.3113000,145184,12599085.6852000
1748131200000,0.2235000,0.2253000,0.2117000,0.2205000,139888102,30389553.7985000,141003,14306428.4358000
1748217600000,0.2206000,0.2283000,0.2178000,0.2205000,132720910,29539147.0175000,131194,14169210.0424000
1748304000000,0.2205000,0.2302000,0.2151000,0.2257000,197396854,44323030.2328000,173599,22557778.4528000
1748390400000,0.2258000,0.2293000,0.2155000,0.2235000,184630962,41024729.4501000,172626,20218112.5745000
1748476800000,0.2236000,0.2333000,0.2113000,0.2132000,284086918,63218877.5776000,247995,29101421.2189000
1748563200000,0.2132000,0.2151000,0.1910000,0.1926000,307033240,62187581.8011000,241722,28503473.6115000
1748649600000,0.1925000,0.1954000,0.1858000,0.1937000,212597007,40517723.7683000,170768,19875523.3404000
1748736000000,0.1938000,0.1968000,0.1882000,0.1953000,123119389,23718113.9260000,104799,11509099.5608000
1748822400000,0.1953000,0.2003000,0.1885000,0.1987000,170547907,32933688.4423000,138992,16672737.4883000
1748908800000,0.1988000,0.2045000,0.1969000,0.1983000,146183311,29422142.7310000,130185,14266565.1740000
1748995200000,0.1983000,0.2015000,0.1920000,0.1931000,125751579,24867235.4581000,115898,11870968.0309000
1749081600000,0.1930000,0.1955000,0.1766000,0.1794000,230824428,43111483.8850000,173806,20109021.0208000
1749168000000,0.1793000,0.1899000,0.1774000,0.1841000,130496956,24131426.9734000,111774,11908220.1986000
1749254400000,0.1840000,0.1922000,0.1835000,0.1902000,89783983,17018603.5033000,90275,8734607.9201000
1749340800000,0.1901000,0.1918000,0.1860000,0.1888000,88036495,16653548.9639000,81268,8252586.3967000
1749427200000,0.1887000,0.1977000,0.1863000,0.1976000,130788874,24990864.9596000,114447,12405628.7030000
1749513600000,0.1975000,0.2092000,0.1931000,0.2084000,226660426,45741038.4056000,136933,22752062.4683000
1749600000000,0.2084000,0.2101000,0.1962000,0.1984000,173574785,35458915.4483000,141019,16238329.5903000
1749686400000,0.1984000,0.1988000,0.1836000,0.1841000,220772904,42250792.8484000,160706,20101852.0338000
1749772800000,0.1842000,0.1842000,0.1708000,0.1799000,297095621,52058967.8413000,201106,24888181.1515000
1749859200000,0.1799000,0.1806000,0.1718000,0.1757000,112264094,19797967.5806000,92572,9491328.8296000
1749945600000,0.1756000,0.1783000,0.1731000,0.1764000,94040946,16522646.9959000,88004,8418051.7723000
1750032000000,0.1765000,0.1853000,0.1740000,0.1758000,143502125,25960151.5087000,127289,12883067.0310000
1750118400000,0.1758000,0.1784000,0.1581000,0.1663000,601142170,100128899.9565000,316695,49158640.8950000
1750204800000,0.1663000,0.1811000,0.1633000,0.1803000,459972366,78271678.2079000,256133,38974857.1040000
1750291200000,0.1803000,0.1945000,0.1786000,0.1933000,686564541,128575743.6676000,333080,65576292.9242000
1750377600000,0.1932000,0.2142000,0.1909000,0.2041000,1354684540,274148017.4213000,704233,139775838.7886000
1750464000000,0.2040000,0.2307000,0.2016000,0.2129000,2047438958,447304596.4935000,1047932,224373823.5591000
1750550400000,0.2129000,0.2177000,0.1910000,0.1994000,1308463107,262504910.4504000,582006,130500543.0181000
1750636800000,0.1993000,0.2465000,0.1933000,0.2436000,1348758555,284937162.3278000,707190,145867686.7056000
1750723200000,0.2437000,0.3096000,0.2425000,0.3061000,3085953064,855570518.7765000,1633414,432470201.5439000
1750809600000,0.3061000,0.3360000,0.2734000,0.2796000,2480322169,750030584.7848000,1703272,367232554.6940000
1750896000000,0.2797000,0.2844000,0.2451000,0.2559000,1539533362,410954352.5324000,912061,202445749.2287000
1750982400000,0.2558000,0.2986000,0.2487000,0.2892000,2210802154,624618717.7273000,1356719,314363224.6880000
1751068800000,0.2891000,0.2995000,0.2791000,0.2896000,1031323781,296316057.1853000,759819,146352762.2664000
1751155200000,0.2897000,0.3132000,0.2849000,0.2998000,1158677436,348286999.0302000,879338,173697323.3261000
1751241600000,0.2998000,0.3142000,0.2780000,0.2812000,1043520266,310409625.4101000,805905,150912965.7065000
1751328000000,0.2813000,0.2905000,0.2757000,0.2800000,728671229,205549045.5431000,585953,101058228.1873000
1751414400000,0.2799000,0.2912000,0.2633000,0.2821000,852740625,236555890.0364000,588683,114674598.7499000
1751500800000,0.2821000,0.2904000,0.2682000,0.2720000,707019498,196484015.9370000,474379,94307958.0124000
1751587200000,0.2719000,0.2732000,0.2555000,0.2569000,624990071,164137361.9382000,456376,79655348.5038000
1751673600000,0.2570000,0.2652000,0.2568000,0.2616000,364046893,95115381.4780000,300380,47607341.2033000
1751760000000,0.2617000,0.2708000,0.2592000,0.2644000,339576939,89771848.3541000,291030,44927944.8084000
1751846400000,0.2644000,0.2680000,0.2532000,0.2557000,362516738,94200941.0369000,274183,44329804.5431000
1751932800000,0.2558000,0.2621000,0.2485000,0.2605000,374697578,95232318.8441000,280047,45873568.2594000
1752019200000,0.2604000,0.2687000,0.2551000,0.2643000,515519339,135455198.0498000,350090,66395457.4964000
1752105600000,0.2642000,0.3084000,0.2603000,0.3055000,966722585,268640801.8926000,545726,135979203.3849000
1752192000000,0.3056000,0.3554000,0.2993000,0.3310000,1380632532,456036415.5592000,1066162,220238265.8160000
1752278400000,0.3310000,0.3445000,0.3105000,0.3217000,647650537,212689055.6860000,650995,102669618.2674000
1752364800000,0.3218000,0.3357000,0.3134000,0.3164000,491977401,159512063.2347000,467743,77101734.0300000
1752451200000,0.3165000,0.3573000,0.3138000,0.3354000,849324559,288069549.9503000,750837,137423901.2120000
1752537600000,0.3353000,0.3851000,0.3276000,0.3703000,1200287011,428629042.6804000,1089050,207860405.5473000
1752624000000,0.3703000,0.3901000,0.3541000,0.3571000,718662342,265460676.3564000,700499,126421307.8479000
1752710400000,0.3571000,0.3645000,0.3378000,0.3481000,693776242,244732596.2288000,609041,115258400.4735000
1752796800000,0.3480000,0.3737000,0.3400000,0.3506000,803366979,288241727.2498000,749313,137581545.6512000
1752883200000,0.3506000,0.3546000,0.3398000,0.3518000,308305623,107200760.0940000,364115,50524802.2840000
1752969600000,0.3519000,0.3741000,0.3476000,0.3542000,404388576,145537871.0392000,433104,69329980.0660000
1753056000000,0.3543000,0.3700000,0.3473000,0.3554000,499618327,179299768.9408000,462723,84417817.7903000
1753142400000,0.3554000,0.3583000,0.3341000,0.3521000,500339795,171914778.8902000,457324,82433621.7659000
1753228800000,0.3521000,0.3540000,0.3209000,0.3287000,520304859,174273664.3205000,414973,80033413.3261000
1753315200000,0.3288000,0.3335000,0.3033000,0.3190000,524062697,167167977.5962000,427217,79118185.2565000
1753401600000,0.3191000,0.3343000,0.3083000,0.3333000,401261305,128108896.6534000,363088,64839643.7418000
1753488000000,0.3334000,0.3500000,0.3283000,0.3371000,299491601,101521704.0074000,270512,48499806.4299000
1753574400000,0.3371000,0.3510000,0.3355000,0.3463000,329223556,112712536.3797000,290457,55092683.3464000
1753660800000,0.3463000,0.3546000,0.3180000,0.3208000,409074760,137900010.4760000,373909,63678726.8776000
1753747200000,0.3208000,0.3448000,0.3147000,0.3192000,456159298,149044304.6579000,427567,71728297.5368000
1753833600000,0.3192000,0.3204000,0.2944000,0.3125000,411009757,126759005.4990000,386856,60164407.0233000
1753920000000,0.3125000,0.3224000,0.2913000,0.2930000,385184737,118643729.1924000,330210,56793878.7167000
1754006400000,0.2930000,0.2959000,0.2754000,0.2839000,518159202,148773171.5578000,426811,72098363.6044000
1754092800000,0.2838000,0.2864000,0.2628000,0.2698000,292512821,80368768.3318000,306528,38328644.2540000
1754179200000,0.2698000,0.2812000,0.2639000,0.2799000,204742621,56254378.3831000,297949,28651903.3494000
1754265600000,0.2799000,0.3072000,0.2789000,0.3050000,419731740,123201235.2922000,378874,60749256.4500000
1754352000000,0.3049000,0.3095000,0.2828000,0.2897000,472800066,139544070.9838000,383715,67773174.9503000
1754438400000,0.2896000,0.2955000,0.2789000,0.2912000,288624824,82868164.7350000,271482,38351354.7742000
1754524800000,0.2911000,0.3096000,0.2877000,0.3087000,288144144,86656757.4198000,276201,43013502.3161000
1754611200000,0.3088000,0.3176000,0.3020000,0.3137000,359182341,111249173.4198000,288541,54338088.3188000
1754697600000,0.3137000,0.3376000,0.3124000,0.3284000,315301307,103514932.9478000,267382,50985197.5242000
1754784000000,0.3284000,0.3357000,0.3145000,0.3220000,341419499,110334212.2713000,267284,51952064.7415000
1754870400000,0.3220000,0.3320000,0.3017000,0.3048000,466089169,147130557.5731000,339207,69676004.9936000
1754956800000,0.3048000,0.3290000,0.2973000,0.3242000,417009283,130333463.4230000,331966,65140275.2696000
1755043200000,0.3241000,0.3626000,0.3191000,0.3572000,670202647,231186082.8749000,476522,114029971.8878000
1755129600000,0.3573000,0.3640000,0.3182000,0.3258000,791590184,269791605.3408000,562014,126414338.4320000
1755216000000,0.3258000,0.3446000,0.3134000,0.3217000,513744555,168850417.9346000,452978,83601061.0022000
1755302400000,0.3217000,0.3263000,0.3164000,0.3242000,183958132,59227538.0905000,211143,27943597.8099000
1755388800000,0.3241000,0.3576000,0.3212000,0.3423000,451169183,155372746.5033000,399790,78386254.0506000
1755475200000,0.3423000,0.3435000,0.3205000,0.3261000,542239447,178798791.6700000,424340,86369498.4678000
1755561600000,0.3260000,0.3307000,0.2976000,0.2985000,477496966,149815998.1803000,381593,67034349.3086000
1755648000000,0.2985000,0.3100000,0.2882000,0.3071000,454849820,136772442.0524000,346035,65517329.3550000
1755734400000,0.3071000,0.3083000,0.2903000,0.2914000,270079859,80143173.1067000,260586,38659316.5185000
1755820800000,0.2914000,0.3297000,0.2812000,0.3240000,700305835,214831219.5953000,487091,107683725.9297000
1755907200000,0.3241000,0.3283000,0.3123000,0.3256000,323892781,103715664.4992000,310398,53946005.8276000
1755993600000,0.3256000,0.3277000,0.3057000,0.3115000,443966488,139590467.2231000,358532,66822178.5672000
1756080000000,0.3115000,0.3136000,0.2773000,0.2833000,437518300,128588914.0551000,393855,59119930.0805000
1756166400000,0.2834000,0.3031000,0.2801000,0.2996000,295552536,86107398.3322000,277322,41721809.9038000
1756252800000,0.2996000,0.3046000,0.2917000,0.2924000,301553424,90141566.4126000,267969,43111090.7052000
1756339200000,0.2924000,0.3096000,0.2896000,0.3082000,404643608,120620788.6443000,299958,61368710.7184000
1756425600000,0.3082000,0.3088000,0.2826000,0.2875000,475994844,139425415.8694000,351810,65985853.5459000
1756512000000,0.2876000,0.2913000,0.2806000,0.2872000,172741479,49534472.6401000,187685,23775217.8481000
1756598400000,0.2872000,0.2941000,0.2838000,0.2839000,177123424,51366659.2803000,171542,26724078.2663000
1756684800000,0.2839000,0.2890000,0.2681000,0.2753000,358120673,99911933.0566000,267379,46499753.7094000
1756771200000,0.2754000,0.2879000,0.2736000,0.2869000,319671980,90087517.7388000,252637,44967955.8944000
1756857600000,0.2869000,0.2968000,0.2814000,0.2932000,237358942,68597882.9321000,194390,34447509.9472000
1756944000000,0.2932000,0.2941000,0.2760000,0.2791000,275839593,78231508.2283000,218715,34610332.8553000
1757030400000,0.2791000,0.3000000,0.2789000,0.2914000,391968679,113939940.9769000,275809,57339488.1265000
1757116800000,0.2914000,0.2937000,0.2828000,0.2851000,160776105,46093155.8971000,187898,19991175.6980000
1757203200000,0.2851000,0.2991000,0.2851000,0.2952000,255150134,75278659.4682000,239182,37612073.3721000
1757289600000,0.2952000,0.3177000,0.2931000,0.3107000,392585951,119591162.6082000,308471,58969478.6294000
1757376000000,0.3107000,0.3200000,0.3021000,0.3093000,339606873,105579926.0355000,296632,49917249.3907000
1757462400000,0.3093000,0.3227000,0.3067000,0.3206000,287157667,90430973.8069000,234013,43540469.5631000
1757548800000,0.3205000,0.3383000,0.3150000,0.3363000,400547385,130608823.3954000,309331,65273650.0984000
1757635200000,0.3363000,0.3454000,0.3287000,0.3446000,327768183,110426815.0906000,271839,53375507.9906000
1757721600000,0.3446000,0.3576000,0.3400000,0.3439000,386825127,134692999.3335000,321406,64815808.2954000
1757808000000,0.3439000,0.3445000,0.3286000,0.3312000,229350471,76991031.3732000,223940,35104271.0763000
1757894400000,0.3313000,0.3383000,0.3120000,0.3172000,320963772,103254938.3341000,276790,47995524.8539000
1757980800000,0.3172000,0.3223000,0.3106000,0.3171000,221432258,70359601.2249000,184199,33937390.9385000
1758067200000,0.3171000,0.3364000,0.3076000,0.3316000,351580545,111442252.0963000,267506,53734377.4705000
1758153600000,0.3316000,0.3434000,0.3247000,0.3424000,329469405,110111741.5973000,249250,54228193.1591000
1758240000000,0.3424000,0.3499000,0.3184000,0.3215000,374420432,124833499.2839000,290102,57102741.9083000
1758326400000,0.3214000,0.3246000,0.3162000,0.3181000,179508407,57441257.1194000,164500,27549735.4438000
1758412800000,0.3180000,0.3212000,0.3108000,0.3121000,181399613,57268945.2471000,180782,25836569.0567000
1758499200000,0.3121000,0.3144000,0.2770000,0.2900000,484006091,141666699.0680000,379576,67012393.1393000
1758585600000,0.2899000,0.2983000,0.2817000,0.2882000,254163976,74036298.2876000,211266,36830213.8215000
1758672000000,0.2882000,0.2980000,0.2818000,0.2913000,222907811,65011454.8538000,191528,31376159.2859000
1758758400000,0.2913000,0.2918000,0.2653000,0.2690000,443334902,123050001.1690000,296220,59572805.9946000
1758844800000,0.2690000,0.2850000,0.2655000,0.2829000,307524383,84602200.1064000,229232,42475042.7609000
1758931200000,0.2829000,0.2836000,0.2752000,0.2780000,132261759,36880950.2581000,137914,16957235.1338000
1759017600000,0.2780000,0.2846000,0.2680000,0.2823000,211338377,58248461.3612000,158109,28444399.4708000
1759104000000,0.2824000,0.2848000,0.2736000,0.2807000,183905525,51516954.6781000,155281,24922764.8192000
1759190400000,0.2808000,0.2819000,0.2668000,0.2760000,202340090,55455917.1285000,171570,26881336.3552000
1759276800000,0.2760000,0.2989000,0.2731000,0.2975000,278494253,80086152.8654000,196528,41827939.5558000
1759363200000,0.2974000,0.3028000,0.2893000,0.3001000,255553867,76032727.0429000,192221,37357675.7450000
1759449600000,0.3001000,0.3068000,0.2897000,0.2981000,282907289,83866726.1449000,190627,40920830.9411000
1759536000000,0.2981000,0.2998000,0.2837000,0.2892000,176182375,51116311.1211000,155166,23447815.4874000
1759622400000,0.2893000,0.3035000,0.2866000,0.2890000,233257700,68846467.7761000,195531,33912432.7982000
1759708800000,0.2889000,0.3067000,0.2861000,0.3011000,251251426,74962404.5290000,198234,38013038.6391000
1759795200000,0.3012000,0.3047000,0.2829000,0.2845000,374719974,109785633.0857000,244986,50836757.7221000
1759881600000,0.2845000,0.2924000,0.2769000,0.2874000,300307724,85321866.8738000,219059,41736252.8643000
1759968000000,0.2875000,0.2887000,0.2709000,0.2785000,271962650,75799421.0774000,204819,37215162.0905000
1760054400000,0.2786000,0.2920000,0.0850000,0.2122000,1211900109,275797042.7634000,731002,131354972.1923000
1760140800000,0.2122000,0.2293000,0.1978000,0.2038000,501896770,107956410.9099000,413499,53714688.9366000
1760227200000,0.2039000,0.2361000,0.1988000,0.2283000,411873629,89228058.9577000,338860,45100399.4585000
1760313600000,0.2282000,0.2393000,0.2212000,0.2358000,412289845,95203000.3103000,310952,47494051.0678000
1760400000000,0.2358000,0.2372000,0.2112000,0.2253000,429145924,94745378.3381000,277965,45563523.4719000
1760486400000,0.2253000,0.2301000,0.2130000,0.2149000,309889863,68127816.2781000,195369,31671083.2734000
1760572800000,0.2150000,0.2188000,0.2018000,0.2052000,371658551,78323346.5943000,227383,38466545.2284000
1760659200000,0.2051000,0.2077000,0.1854000,0.1903000,487576918,94233202.3010000,262449,45170772.7396000
1760745600000,0.1904000,0.1956000,0.1886000,0.1917000,190798822,36666017.5629000,118943,18070488.7541000
1760832000000,0.1917000,0.2006000,0.1887000,0.1952000,222947929,43461011.0127000,122033,21742213.9191000
1760918400000,0.1952000,0.2036000,0.1915000,0.1990000,247807178,49345004.6874000,135390,24776910.7885000
1761004800000,0.1990000,0.2065000,0.1901000,0.1912000,352848050,69479979.9890000,175158,32491192.6781000
1761091200000,0.1912000,0.1927000,0.1771000,0.1834000,369852835,69100718.3067000,177378,32781261.4965000
1761177600000,0.1833000,0.1948000,0.1830000,0.1917000,199211035,37772074.8471000,127394,18395341.6690000
1761264000000,0.1917000,0.2000000,0.1908000,0.1957000,193072492,37515559.1170000,113627,18355757.8979000
1761350400000,0.1957000,0.2025000,0.1939000,0.1992000,123322838,24361995.3057000,90654,12194954.1886000
1761436800000,0.1992000,0.2091000,0.1975000,0.2068000,157038396,31939285.6760000,104326,15775964.3375000
1761523200000,0.2069000,0.2112000,0.1989000,0.2006000,204788582,41802149.8814000,127625,19658574.6236000
1761609600000,0.2006000,0.2045000,0.1923000,0.1952000,261369965,51836501.0627000,154148,24909724.7394000
1761696000000,0.1952000,0.2024000,0.1922000,0.1989000,234167500,46165553.3404000,152736,23030925.9418000
1761782400000,0.1989000,0.2013000,0.1764000,0.1843000,424848086,79855546.6251000,231499,37152953.5105000
1761868800000,0.1843000,0.1961000,0.1832000,0.1906000,261262933,49452470.1974000,155313,24779626.7993000
1761955200000,0.1906000,0.1963000,0.1885000,0.1946000,155403681,29965052.6872000,116717,15428498.8065000
1762041600000,0.1946000,0.2022000,0.1882000,0.1944000,186658106,36337463.1260000,137818,17350111.4462000
1762128000000,0.1944000,0.1947000,0.1603000,0.1654000,557013139,97422755.1214000,298174,46855078.0455000
1762214400000,0.1654000,0.1695000,0.1479000,0.1580000,741453912,117286172.2772000,368094,57010513.7640000
1762300800000,0.1580000,0.1689000,0.1498000,0.1654000,407708515,66006801.1087000,226629,31204160.4529000
1762387200000,0.1655000,0.1723000,0.1563000,0.1606000,465728481,75857248.3402000,230737,37464145.2852000
1762473600000,0.1607000,0.1848000,0.1574000,0.1803000,550452556,93331952.7699000,287287,48130458.4631000
1762560000000,0.1803000,0.1949000,0.1770000,0.1805000,431947027,79602415.3306000,283344,38521739.4458000
1762646400000,0.1805000,0.1855000,0.1711000,0.1817000,306377238,54514774.1239000,195928,26687080.5557000
1762732800000,0.1818000,0.1927000,0.1793000,0.1896000,375962621,69493910.2372000,227124,34218068.9392000
1762819200000,0.1896000,0.1932000,0.1739000,0.1745000,340646529,62372037.9405000,201254,30001934.3492000
1762905600000,0.1745000,0.1825000,0.1689000,0.1725000,303738158,53385885.2012000,169198,25826941.5842000
1762992000000,0.1726000,0.1784000,0.1620000,0.1668000,314257713,53823900.6391000,178583,26040183.6452000
1763078400000,0.1668000,0.1684000,0.1578000,0.1597000,444995870,72741795.7105000,209973,34897290.3677000
1763164800000,0.1598000,0.1667000,0.1594000,0.1646000,182758640,29882355.8515000,108819,14701809.4169000
1763251200000,0.1645000,0.1666000,0.1522000,0.1552000,320346882,50906808.7054000,165493,24226126.2312000
1763337600000,0.1553000,0.1594000,0.1467000,0.1481000,380156786,58299836.3642000,193988,29731908.4699000
1763424000000,0.1481000,0.1536000,0.1450000,0.1506000,350097685,52582181.0045000,190605,25977951.2692000
1763510400000,0.1507000,0.1514000,0.1400000,0.1481000,349488763,51007046.9038000,165008,25598551.4223000
1763596800000,0.1482000,0.1560000,0.1391000,0.1422000,408579291,60309438.4810000,186648,28902975.8577000
1763683200000,0.1422000,0.1452000,0.1265000,0.1325000,628283071,84338343.1184000,229632,40852872.1860000
1763769600000,0.1325000,0.1344000,0.1283000,0.1308000,236568856,31036953.9521000,119148,15407179.9919000
1763856000000,0.1308000,0.1358000,0.1301000,0.1330000,195067987,25895328.3108000,96430,13319812.1471000
1763942400000,0.1331000,0.1392000,0.1300000,0.1373000,300272145,40377351.5334000,126950,21248797.1159000
1764028800000,0.1373000,0.1392000,0.1321000,0.1384000,283878482,38547832.8624000,117942,19678216.7400000
1764115200000,0.1385000,0.1421000,0.1323000,0.1406000,294574954,40415796.4642000,116133,20586292.9649000
1764201600000,0.1405000,0.1424000,0.1375000,0.1389000,224162125,31445294.2523000,99614,14523337.5552000
1764288000000,0.1389000,0.1429000,0.1364000,0.1376000,204012674,28362730.2874000,96115,13934097.9992000
1764374400000,0.1376000,0.1379000,0.1337000,0.1352000,126421355,17183871.8572000,69115,8422044.7742000
1764460800000,0.1353000,0.1415000,0.1351000,0.1368000,188669006,26118617.9356000,101012,13067086.9251000
1764547200000,0.1369000,0.1373000,0.1202000,0.1230000,454209369,57267538.5946000,198262,27821093.2582000
1764633600000,0.1231000,0.1429000,0.1206000,0.1377000,542286984,72046049.9571000,204450,35975883.0301000
1764720000000,0.1378000,0.1419000,0.1346000,0.1401000,335158225,46389616.8738000,153420,23936831.9469000
1764806400000,0.1401000,0.1424000,0.1340000,0.1352000,278295796,38601981.1022000,137457,18167207.4982000
1764892800000,0.1352000,0.1367000,0.1242000,0.1265000,301111654,39341140.7194000,143691,18588828.8943000
1764979200000,0.1266000,0.1305000,0.1252000,0.1284000,180002158,23038373.0100000,95467,11664509.1968000
1765065600000,0.1284000,0.1327000,0.1244000,0.1272000,265944550,34250624.7042000,133544,16809778.8807000
1765152000000,0.1272000,0.1355000,0.1267000,0.1317000,235718483,31058236.2737000,128896,15461202.5341000
1765238400000,0.1317000,0.1413000,0.1290000,0.1382000,337092618,45752493.3902000,142489,22467477.6914000
1765324800000,0.1381000,0.1526000,0.1354000,0.1451000,836612126,120038576.7574000,299341,59437912.0203000
1765411200000,0.1452000,0.1454000,0.1286000,0.1317000,838453754,112830022.9903000,304526,49772876.7521000
1765497600000,0.1318000,0.1342000,0.1263000,0.1284000,421902340,55007294.3613000,202481,25991971.9495000
1765584000000,0.1284000,0.1305000,0.1277000,0.1292000,154772390,19975534.8113000,94111,9325148.8177000
1765670400000,0.1293000,0.1295000,0.1221000,0.1240000,259082860,32604117.8650000,134598,15632539.5934000
1765756800000,0.1241000,0.1278000,0.1155000,0.1180000,430250298,52086853.7713000,171737,25889835.7674000
1765843200000,0.1180000,0.1212000,0.1162000,0.1183000,332416977,39498838.1495000,138283,19461533.7138000
1765929600000,0.1183000,0.1210000,0.1118000,0.1129000,514295361,59708395.4057000,171611,29655512.5100000
1766016000000,0.1129000,0.1165000,0.1075000,0.1078000,553028636,61675299.5939000,169186,30705273.8478000
1766102400000,0.1078000,0.1151000,0.1058000,0.1122000,422845294,46901772.3236000,147134,23640382.5135000
1766188800000,0.1122000,0.1136000,0.1102000,0.1113000,224806647,25104306.9804000,96993,11938620.3796000
1766275200000,0.1113000,0.1118000,0.1052000,0.1109000,261275618,28405720.1685000,116507,13900663.9126000
1766361600000,0.1108000,0.1154000,0.1096000,0.1130000,423602811,47657573.3031000,147699,24527541.1992000
1766448000000,0.1131000,0.1136000,0.1078000,0.1100000,296319538,32718397.8407000,94379,15375993.1365000
1766534400000,0.1099000,0.1110000,0.1067000,0.1100000,273184957,29760943.9656000,91479,14934089.6391000
1766620800000,0.1101000,0.1111000,0.1064000,0.1069000,210221587,23071403.6516000,81481,11165592.8365000
1766707200000,0.1069000,0.1120000,0.1058000,0.1109000,362440704,39824898.3911000,112519,21006135.4412000
1766793600000,0.1109000,0.1174000,0.1102000,0.1170000,289366691,32851945.5132000,97584,16645209.5484000
1766880000000,0.1171000,0.1176000,0.1131000,0.1147000,268085129,31074711.6082000,94067,13713346.4305000
1766966400000,0.1147000,0.1177000,0.1119000,0.1135000,407820597,46979487.7239000,111932,23920045.6928000
1767052800000,0.1135000,0.1153000,0.1115000,0.1124000,292999053,33194138.5326000,94684,16239958.7092000
1767139200000,0.1124000,0.1147000,0.1093000,0.1109000,261765608,29409096.0334000,92778,14137600.9294000
1767225600000,0.1109000,0.1170000,0.1102000,0.1162000,237740040,27053612.6087000,83609,13354275.3733000
1767312000000,0.1161000,0.1227000,0.1150000,0.1218000,381580548,45219301.6486000,115072,22534897.9124000
1767398400000,0.1219000,0.1233000,0.1188000,0.1215000,248249054,30077388.3214000,82772,14618079.2872000
1767484800000,0.1215000,0.1270000,0.1213000,0.1242000,378609850,47207539.4178000,120874,23212329.8774000
1767571200000,0.1243000,0.1313000,0.1223000,0.1296000,492129336,61909982.5383000,136912,30650544.7898000
1767657600000,0.1297000,0.1359000,0.1260000,0.1313000,591662443,77569746.0312000,171585,37377960.5690000
1767744000000,0.1313000,0.1315000,0.1236000,0.1244000,497656235,62990404.6571000,136945,30703535.6223000
1767830400000,0.1245000,0.1260000,0.1198000,0.1227000,428888233,52732157.4013000,135537,26540984.1067000
1767916800000,0.1226000,0.1247000,0.1201000,0.1213000,278690258,34018378.5396000,107849,17327384.7793000
1768003200000,0.1213000,0.1218000,0.1193000,0.1200000,161826817,19534520.9628000,69083,9761216.1079000
1768089600000,0.1201000,0.1221000,0.1188000,0.1208000,181523767,21927470.1077000,74023,10926032.4904000
1768176000000,0.1208000,0.1239000,0.1174000,0.1184000,418115667,50340488.9056000,117753,24534375.7836000
1768262400000,0.1185000,0.1284000,0.1181000,0.1267000,454804413,56095652.6790000,142078,27176711.2167000
1768348800000,0.1266000,0.1289000,0.1234000,0.1240000,410132588,51591878.2353000,130993,25017298.6637000
1768435200000,0.1241000,0.1241000,0.1189000,0.1206000,327055963,39782993.9413000,121642,19792211.0143000
1768521600000,0.1206000,0.1219000,0.1167000,0.1201000,258646650,30993206.4948000,95284,15436044.3013000
1768608000000,0.1201000,0.1229000,0.1185000,0.1210000,203890272,24662733.2200000,86400,12447450.5242000
1768694400000,0.1209000,0.1217000,0.1142000,0.1144000,195972253,23282035.5214000,95458,10707404.0580000
1768780800000,0.1144000,0.1144000,0.1014000,0.1103000,595436228,65455557.3473000,181130,33224029.4935000
1768867200000,0.1103000,0.1105000,0.1044000,0.1053000,413160307,44588214.9627000,131642,22259074.3136000
1768953600000,0.1053000,0.1100000,0.1034000,0.1073000,509536630,54425293.2658000,144449,26028675.9237000
1769040000000,0.1073000,0.1098000,0.1056000,0.1071000,272362422,29397264.7837000,103084,15168616.0973000
1769126400000,0.1071000,0.1099000,0.1051000,0.1067000,218501651,23473617.3348000,89132,11789556.7159000
1769212800000,0.1067000,0.1082000,0.1051000,0.1061000,102249179,10883486.8630000,61019,5260525.4747000
1769299200000,0.1062000,0.1083000,0.1001000,0.1029000,292022554,30438423.9289000,115336,15095059.3847000
1769385600000,0.1029000,0.1066000,0.1025000,0.1055000,227866230,23895661.5619000,101846,12114127.1709000
1769472000000,0.1055000,0.1078000,0.1043000,0.1067000,177951507,18822926.9476000,81350,9343514.3990000
1769558400000,0.1067000,0.1076000,0.1055000,0.1069000,175716313,18724112.1090000,79178,9228050.8260000
1769644800000,0.1069000,0.1072000,0.0982000,0.0994000,307277987,31239922.5654000,110980,14037724.3400000
1769731200000,0.0995000,0.0998000,0.0922000,0.0956000,490330153,46748041.7975000,166375,20418112.3557000
1769817600000,0.0955000,0.0956000,0.0797000,0.0875000,679228775,59416543.4891000,165047,29762986.8326000
1769904000000,0.0876000,0.0893000,0.0828000,0.0843000,362256921,31234088.5569000,125499,15640570.6588000
1769990400000,0.0844000,0.0901000,0.0821000,0.0886000,424452962,36580444.8777000,128160,18674005.4450000
1770076800000,0.0885000,0.0924000,0.0831000,0.0859000,549944871,48575518.0042000,148972,23359475.6646000
1770163200000,0.0859000,0.0874000,0.0827000,0.0845000,487181692,41436312.7041000,117678,20950643.6898000
1770249600000,0.0845000,0.0852000,0.0711000,0.0723000,921629116,71095255.9250000,208645,35400900.3566000
1770336000000,0.0724000,0.0811000,0.0663000,0.0793000,913839720,68004952.3970000,170353,34757304.8215000
1770422400000,0.0793000,0.0794000,0.0755000,0.0768000,461947330,35835607.8813000,94635,17210087.2526000
1770508800000,0.0768000,0.0779000,0.0754000,0.0760000,202517642,15519365.4203000,64223,7811277.5978000
1770595200000,0.0760000,0.0772000,0.0731000,0.0746000,251444040,18874745.0568000,75495,8981469.0078000
1770681600000,0.0747000,0.0748000,0.0710000,0.0720000,291172531,21166056.6502000,82254,9966922.4797000
1770768000000,0.0721000,0.0732000,0.0693000,0.0707000,363217393,25792421.9665000,92377,12938149.4312000
1770854400000,0.0707000,0.0749000,0.0707000,0.0749000,414772772,30283079.2995000,102156,15287205.2048000
1770940800000,0.0748000,0.0765000,0.0736000,0.0758000,347042791,26074949.1637000,113846,12684836.8093000
1771027200000,0.0758000,0.0788000,0.0748000,0.0780000,209513231,16087642.3807000,70001,7963852.5249000
1771113600000,0.0780000,0.0789000,0.0738000,0.0755000,285666117,21787686.1678000,75724,10392927.2851000
1771200000000,0.0755000,0.0764000,0.0736000,0.0764000,207812988,15572796.4885000,80129,7651380.8917000
1771286400000,0.0764000,0.0768000,0.0734000,0.0742000,212904399,15910250.5082000,74515,7819528.5364000
1771372800000,0.0742000,0.0756000,0.0722000,0.0727000,221497573,16329117.3700000,69226,8034546.1463000
1771459200000,0.0727000,0.0729000,0.0691000,0.0702000,250788144,17785530.7317000,82156,8559547.2158000
1771545600000,0.0702000,0.0723000,0.0689000,0.0716000,333850822,23618072.7918000,92223,11354205.0559000
1771632000000,0.0715000,0.0719000,0.0703000,0.0704000,159691353,11361050.1494000,62396,5517400.1353000
1771718400000,0.0704000,0.0705000,0.0681000,0.0689000,153495561,10651716.0805000,63287,4958854.6521000
1771804800000,0.0689000,0.0689000,0.0655000,0.0665000,321265031,21524764.1288000,99136,10499011.8039000
1771891200000,0.0665000,0.0673000,0.0644000,0.0658000,348658087,22897731.1146000,81583,11282013.2826000
1771977600000,0.0659000,0.0737000,0.0656000,0.0712000,473376806,33001117.8213000,108408,17136147.0028000
1772064000000,0.0713000,0.0720000,0.0689000,0.0704000,288084464,20328296.7380000,74085,10446458.6302000
1772150400000,0.0703000,0.0719600,0.0676100,0.0688900,227484546,15888029.5976700,110526,7613804.2324600
1772236800000,0.0688900,0.0695600,0.0630100,0.0686400,422064545,27681701.3837400,227571,12986234.3227700
1772323200000,0.0686400,0.0703400,0.0665500,0.0685800,340380381,23355400.3819900,196923,11477898.2822700
1772409600000,0.0685800,0.0715500,0.0676700,0.0691300,432484261,29998337.5769700,199991,14139597.1518100
1772496000000,0.0691200,0.0693800,0.0654000,0.0677100,457530189,30901164.1665400,191359,16079805.3027400
1772582400000,0.0677100,0.0713700,0.0666400,0.0698900,394771340,27309863.7623700,207423,13400112.3311800
1772668800000,0.0698900,0.0699000,0.0665500,0.0675700,350255511,23887187.7108900,179586,12193299.9697100
1772755200000,0.0675800,0.0704500,0.0654600,0.0662900,371277940,25145210.1095700,214988,12178871.8574900
1772841600000,0.0662900,0.0667900,0.0641300,0.0646900,203621567,13322266.5240500,134754,5737973.8614700
1772928000000,0.0646700,0.0652700,0.0622400,0.0626900,298996385,19051939.4411300,192155,8865410.6427000
1773014400000,0.0626900,0.0654300,0.0610700,0.0640100,674109578,42287008.4877800,368410,21742133.0227800
1773100800000,0.0640100,0.0667100,0.0635300,0.0636800,454049506,29610593.4571800,315847,15212974.7768100
1773187200000,0.0636900,0.0641300,0.0616200,0.0628000,465961209,29236204.3455800,269810,13560492.0611500
1773273600000,0.0628100,0.0659100,0.0618000,0.0657300,336637367,21340935.4350000,238063,10758517.3646300
1773360000000,0.0657200,0.0699000,0.0650400,0.0662700,455017596,30461333.6500700,324827,15825608.7644700
1773446400000,0.0662600,0.0672700,0.0651800,0.0664900,173296606,11454408.9949800,131281,5681588.0656500
1773532800000,0.0664900,0.0680000,0.0657000,0.0677300,166741254,11140557.0052600,127994,5310211.6922500
1773619200000,0.0677400,0.0702900,0.0671000,0.0701200,308862840,21184329.7323300,218534,10463645.6480600
1773705600000,0.0701100,0.0702600,0.0678700,0.0688000,189214316,13024774.6935700,154838,6269384.3001500
1773792000000,0.0688000,0.0696600,0.0644200,0.0647300,354576251,23616503.3438000,214258,10430207.7315300
1773878400000,0.0647400,0.0652000,0.0625300,0.0639700,246009701,15720113.5198700,177047,7411345.6735100
1773964800000,0.0639700,0.0646400,0.0625500,0.0634400,150164932,9555360.4649300,136953,4443104.9508600
1774051200000,0.0634400,0.0639800,0.0614100,0.0617700,126410227,7960808.4952000,105285,3910439.5891800
1774137600000,0.0617700,0.0622700,0.0586100,0.0591600,254319466,15391561.3700800,190749,6907020.3126900
1774224000000,0.0591600,0.0619400,0.0583700,0.0604200,330681781,19909081.8430600,242194,9232313.4573000
1774310400000,0.0604300,0.0616400,0.0591300,0.0607700,196297571,11836198.4327200,152053,5943159.0852200
1774396800000,0.0607700,0.0618800,0.0603700,0.0612200,172356888,10530999.2063200,136663,5459727.7522400
1774483200000,0.0612300,0.0613000,0.0578400,0.0588600,273491219,16157100.4060800,152003,7488750.6645700
1774569600000,0.0588500,0.0590900,0.0543300,0.0547300,310511850,17500982.7467900,175858,8078380.5857300
1774656000000,0.0547300,0.0552800,0.0532600,0.0533900,173687339,9452250.1210200,114098,4685975.6701300
1774742400000,0.0533900,0.0541900,0.0508200,0.0518200,249544679,13178809.3195400,135849,6096751.2150800
1774828800000,0.0518300,0.0539800,0.0506900,0.0513000,340686651,17868683.9745900,181182,8522925.5989900
1774915200000,0.0513100,0.0527100,0.0483600,0.0498700,520027075,26015930.2927700,218021,12179447.1229400
1775001600000,0.0498700,0.0570000,0.0497800,0.0541400,1030258030,55812129.2231400,561906,27198764.8878600
1775088000000,0.0541400,0.0544300,0.0507100,0.0512900,517801428,27054746.9087000,263756,13071050.8242100
1775174400000,0.0513000,0.0563500,0.0508900,0.0543400,469369443,25294286.5075200,252474,13044980.3815600
1775260800000,0.0543500,0.0550400,0.0531000,0.0540500,243698300,13146899.7780200,128975,6265721.0854200
1775347200000,0.0540400,0.0541300,0.0514800,0.0538300,248655821,13086796.0163700,123065,6290100.8396000
1775433600000,0.0538300,0.0550400,0.0531100,0.0533800,273560078,14817056.4096600,145470,7162089.4763000
1775520000000,0.0533800,0.0566200,0.0518700,0.0562700,283322953,15181048.4794800,157778,7507378.8271600
1775606400000,0.0562700,0.0581500,0.0548100,0.0548700,341349724,19386780.7464400,182809,9310338.4248200
1775692800000,0.0548700,0.0568100,0.0543200,0.0559700,243999607,13481957.8708700,137311,7166692.9579600
1775779200000,0.0559800,0.0578700,0.0556600,0.0564100,275975765,15637838.7261400,157447,7883316.8053100
1775865600000,0.0564000,0.0570700,0.0551900,0.0559500,166691259,9328651.8026100,96660,4390101.2387600
1775952000000,0.0559500,0.0562300,0.0532500,0.0533400,208603952,11314490.6679100,116389,5507137.2441500
1776038400000,0.0533500,0.0567600,0.0533100,0.0564600,243292221,13329125.4764100,144244,6720689.7138500
1776124800000,0.0564600,0.0565700,0.0539100,0.0544200,247205403,13671543.2342900,131726,6501145.2032600
1776211200000,0.0544200,0.0565100,0.0535700,0.0560400,267426923,14631240.7167200,160534,7302124.7879700
1776297600000,0.0560500,0.0593000,0.0556200,0.0587800,277567963,15889810.6344800,172342,8294302.0809100
1776384000000,0.0587800,0.0602700,0.0569600,0.0584300,310765160,18287845.8518500,168994,8962872.0500900
1776470400000,0.0584300,0.0585100,0.0557700,0.0559300,225629700,12886365.9365400,120736,5694572.0481500
1776556800000,0.0559300,0.0561100,0.0539100,0.0540600,207544407,11467222.8277200,107327,5022407.2954400
1776643200000,0.0540700,0.0566700,0.0540700,0.0558400,185312161,10258466.7368000,105078,5190492.3973300
1776729600000,0.0558400,0.0575300,0.0556400,0.0575100,196101042,11037106.9612500,120339,5350761.7216600
1776816000000,0.0575300,0.0643600,0.0571000,0.0610300,843534246,51958116.0872800,454193,25058254.5015300
1776902400000,0.0610400,0.0623500,0.0601100,0.0619600,401763871,24541084.7629000,217637,12034513.6685900
1776988800000,0.0619700,0.0631500,0.0610600,0.0612900,314069306,19538185.2298600,193144,9275928.3445600
1777075200000,0.0612900,0.0635100,0.0601800,0.0607200,277631073,17101000.7645300,155015,8257297.9185800
1777161600000,0.0607200,0.0647000,0.0596900,0.0623200,451234562,28085244.2275900,236498,14070482.7862400
1777248000000,0.0623200,0.0636200,0.0592400,0.0605200,434834822,26431017.8874300,220869,12125652.0102500
1777334400000,0.0605200,0.0605300,0.0586600,0.0590900,262825958,15625250.2338500,149157,7775690.9448700
1777420800000,0.0591000,0.0601400,0.0563100,0.0576800,354493424,20728980.5808600,184184,9988552.3842500
1777507200000,0.0576900,0.0583600,0.0566500,0.0572000,197684937,11337215.5901400,117107,5551281.5746600
1777593600000,0.0572000,0.0583000,0.0569600,0.0577900,175295414,10116582.5271800,114426,5225058.9053300
1777680000000,0.0577900,0.0596100,0.0574000,0.0592000,205528880,11962589.7700400,109851,6173307.6597700
1777766400000,0.0592000,0.0592500,0.0576600,0.0585700,192925712,11236902.6316400,98427,5375499.3976300
1777852800000,0.0585600,0.0603800,0.0580100,0.0584700,414621247,24522677.1973700,195464,12150680.5492700
1777939200000,0.0584800,0.0602000,0.0583700,0.0595700,330401706,19661444.7515300,151329,10012668.9529900
1778025600000,0.0595600,0.0621500,0.0592300,0.0614800,433909682,26480382.0743800,199530,13318627.6522000
1778112000000,0.0614800,0.0622000,0.0596500,0.0606900,456824455,27767089.6295100,221697,13234879.5911500
1778198400000,0.0607000,0.0661700,0.0600100,0.0654100,463874049,29147080.2313800,249171,14808567.2628700
1778284800000,0.0654100,0.0712200,0.0652400,0.0704300,635181821,43200297.0246400,340969,20948889.2847700
1778371200000,0.0704300,0.0797900,0.0675400,0.0758100,1167047086,85611379.4359600,699880,41944816.8269100
1778457600000,0.0758200,0.0774300,0.0726800,0.0759100,1019592193,76481068.8242900,679594,37143459.0631900
1778544000000,0.0759100,0.0771700,0.0688100,0.0693900,627608873,45300259.3990800,404238,20906057.4528600
1778630400000,0.0693900,0.0709800,0.0658500,0.0667500,432647187,29679331.8922100,259574,13623406.9680100
1778716800000,0.0667500,0.0683700,0.0654700,0.0671000,289359901,19331756.8697800,191936,9041736.5940100
1778803200000,0.0671000,0.0675300,0.0630900,0.0635200,360539593,23503595.4227400,210032,10694122.5003900
1778889600000,0.0635200,0.0638100,0.0608900,0.0625700,197956715,12337031.2552900,133017,5509219.0265300
1778976000000,0.0625700,0.0636000,0.0596400,0.0611700,225022223,13997149.1770800,141315,6407158.6143500
1779062400000,0.0611700,0.0615300,0.0591800,0.0614400,289543268,17492143.0331700,196114,8310088.0114300
1779148800000,0.0614400,0.0617100,0.0594700,0.0596800,140791833,8528761.4847800,130672,4181987.5914300
1779235200000,0.0596800,0.0617000,0.0593400,0.0611200,178452114,10848378.3539500,136128,5221574.9079700
1779321600000,0.0611200,0.0644700,0.0609800,0.0634100,303386829,18964343.5551300,208327,9591783.1787900
1779408000000,0.0634200,0.0651900,0.0603700,0.0606900,375453988,23669618.4126000,274328,11292487.4845300
1779494400000,0.0606800,0.0631600,0.0579900,0.0616600,339020675,20474926.2403400,197813,10167542.0358900
1779580800000,0.0616700,0.0621700,0.0594500,0.0607900,204695286,12505407.2751800,144480,5731672.9721100
1779667200000,0.0608000,0.0630500,0.0604500,0.0618200,216346386,13415790.7725100,150537,6950039.0366900
1779753600000,0.0618300,0.0666500,0.0607400,0.0658300,609340523,39225241.2503100,409211,18808451.1372500
1779840000000,0.0658400,0.0731800,0.0657800,0.0660900,1475531514,103040019.2352600,909700,50121400.0340600
1779926400000,0.0660800,0.0712300,0.0656800,0.0678400,1016273523,69354260.3685500,721337,33993394.2590300
1780012800000,0.0678500,0.0684900,0.0627200,0.0660300,755886113,49768083.0848500,500307,23769235.7623500
1780099200000,0.0660300,0.0692600,0.0645800,0.0662900,572540974,38249642.1634100,393096,18133936.8010300
1780185600000,0.0663000,0.0692800,0.0650400,0.0680800,492588325,32997680.8656300,383881,15642689.7394000
1780272000000,0.0680800,0.0719900,0.0653400,0.0718200,654797737,44624363.6664800,527465,22303147.0286400
1780358400000,0.0718300,0.0719600,0.0617900,0.0624700,790085336,52901862.2799100,591165,24521177.8728700
1780444800000,0.0624800,0.0650800,0.0593200,0.0593900,560205064,34993151.1492800,453690,16694087.9136700
1780531200000,0.0593900,0.0599200,0.0514300,0.0521600,780891685,42554634.1213200,519205,19092943.4068300
1780617600000,0.0521500,0.0526800,0.0449500,0.0470000,722251630,35292431.0813100,523867,16755588.5904200
1780704000000,0.0470000,0.0486400,0.0444100,0.0468400,410716648,19228523.6267400,320476,9650366.8749500
1780790400000,0.0468500,0.0508200,0.0466300,0.0495700,347639647,17063033.8979200,267243,8351491.5992300
1780876800000,0.0495600,0.0506200,0.0483700,0.0492300,300919450,14947998.1138300,230052,7333745.2390900
1780963200000,0.0492300,0.0493200,0.0464000,0.0482100,349002573,16715978.3341000,252434,7950264.5042200
1781049600000,0.0482100,0.0487200,0.0455700,0.0464400,297602915,14055719.1227100,219067,6600668.0515300
1781136000000,0.0464400,0.0499600,0.0463800,0.0494700,226180460,10968596.3942800,194420,5426393.9147700
1781222400000,0.0494600,0.0531600,0.0489900,0.0517700,377880362,19328733.2293700,261751,9422787.1459500
1781308800000,0.0517700,0.0557500,0.0515200,0.0544300,371611545,20087799.1242900,259018,10158515.8756900
1781395200000,0.0544200,0.0552900,0.0523800,0.0552700,262515951,14065548.3550900,170619,6985908.1521800
1781481600000,0.0552600,0.0562500,0.0533800,0.0539900,282870947,15566764.5987500,205155,7159935.6173800
1781568000000,0.0540000,0.0557200,0.0523100,0.0546600,308505823,16619713.0547000,194819,8210872.4549000
1781654400000,0.0546600,0.0570300,0.0537800,0.0550500,320341985,17652516.7189200,239350,8469385.4751200
1781740800000,0.0550600,0.0554900,0.0523600,0.0553400,339742226,18422955.5314500,213838,8726205.0382200
1781827200000,0.0553500,0.0555600,0.0530000,0.0540900,231427770,12538348.5967300,173540,5941615.6087300
1781913600000,0.0540800,0.0556800,0.0532500,0.0545600,192935569,10478102.9215000,161049,5209672.2443700
1782000000000,0.0545800,0.0564400,0.0538200,0.0544900,225077309,12434186.2158300,171051,6443878.4292600
1782086400000,0.0544900,0.0564600,0.0537900,0.0545100,184320892,10148680.3598100,141989,5082259.1972200
1782172800000,0.0545100,0.0545200,0.0517000,0.0527500,189322119,10007984.5798100,149035,4510960.1915000
1782259200000,0.0527600,0.0554100,0.0510600,0.0552900,381037438,20222000.4756100,262050,10086978.9154300
1782345600000,0.0553000,0.0597100,0.0545600,0.0572300,671619994,38590685.3626200,438723,19176934.1610600
1782432000000,0.0572300,0.0575200,0.0512900,0.0531100,450012187,24043916.4718800,312956,11482872.7171500
1782518400000,0.0531100,0.0533000,0.0499200,0.0503600,248708949,12792132.2866400,166552,5827343.5926300
1782604800000,0.0503700,0.0506900,0.0490500,0.0496100,178460442,8900235.7405100,137874,3963788.5056800
1782691200000,0.0496000,0.0505800,0.0487000,0.0498500,225157877,11199321.0359500,170410,5553604.3714500
1782777600000,0.0498400,0.0503400,0.0471700,0.0474300,222054581,10825610.4255800,163092,5033824.3485100
1782864000000,0.0474300,0.0489100,0.0463600,0.0473100,261572404,12451841.2480600,190557,6064877.1519000
1782950400000,0.0473200,0.0493200,0.0470000,0.0482100,285693948,13701499.6004300,193262,6705043.9027100
1783036800000,0.0482100,0.0506000,0.0476400,0.0499400,289491448,14294957.5667300,170307,7341457.8695500
1783123200000,0.0499400,0.0507800,0.0489300,0.0501200,190905678,9502887.0962100,123354,4750262.3210300
1783209600000,0.0501200,0.0502600,0.0479400,0.0499500,196250246,9651119.2274700,122772,4509421.3172600
1783296000000,0.0499600,0.0510600,0.0473000,0.0505700,400823095,19764566.3933500,178060,9283622.0436000
1783382400000,0.0505800,0.0515400,0.0476400,0.0480600,260665855,12943014.9346300,151266,6316109.5588500
1783468800000,0.0480700,0.0484700,0.0459500,0.0471700,257718700,12062593.7372600,156463,5671572.3820700
1783555200000,0.0471600,0.0503600,0.0468000,0.0497200,241001566,11630603.7893000,152305,6128474.7425900
1783641600000,0.0497100,0.0515700,0.0491600,0.0499400,251464630,12644350.3449500,154560,6022517.2516400
1783728000000,0.0499500,0.0509400,0.0489500,0.0489900,145697472,7282616.0234000,86171,3626139.0769500
1783814400000,0.0489700,0.0498700,0.0481700,0.0483400,120407939,5902196.6613500,79772,2828176.0172500
1783900800000,0.0483500,0.0491700,0.0467700,0.0472200,157467116,7531575.7562300,110804,3446461.6816000
1783987200000,0.0472300,0.0492600,0.0470600,0.0484900,198997872,9553055.3937600,97095,5015938.5904100
1784073600000,0.0484900,0.0494300,0.0477200,0.0484000,181453322,8800179.1136300,118649,4159780.8870300
1784160000000,0.0484100,0.0491200,0.0468000,0.0470500,193896904,9297934.4968600,117033,4609426.7415600
1784246400000,0.0470400,0.0480100,0.0461700,0.0469000,218032394,10255465.3447800,120388,4890814.8764000
1784332800000,0.0469000,0.0470500,0.0462500,0.0468100,102615505,4788492.7860400,61371,2581853.9602700
1784419200000,0.0468200,0.0469900,0.0461200,0.0465000,102676561,4776708.0147200,62039,2366495.2574800
1784505600000,0.0465000,0.0469100,0.0452500,0.0466000,214301954,9870481.2160300,109901,4869234.2118200
1784592000000,0.0466000,0.0477700,0.0464000,0.0467000,151185823,7112449.7473300,84060,3395416.7349800
1784678400000,0.0467000,0.0470700,0.0456800,0.0463700,158350763,7325769.8056200,90836,3522877.0013300
1784764800000,0.0463700,0.0468700,0.0452800,0.0454100,205704726,9484015.7878500,103513,4555440.5378600
1784851200000,0.0454100,0.0460900,0.0440300,0.0441100,188347760,8455625.1063000,92334,3860623.2570900
1784937600000,0.0441100,0.0448400,0.0434200,0.0446400,176956422,7803851.0459400,79587,3993655.2508300
1785024000000,0.0446400,0.0451800,0.0443400,0.0450500,142002804,6350055.4052400,70599,3374262.5122000
1785110400000,0.0450400,0.0458400,0.0417800,0.0420400,359900941,15896058.0794500,143498,7526014.3677700
1785196800000,0.0420400,0.0434700,0.0415300,0.0431000,243820337,10412853.8059600,110059,5032240.8159800
1785283200000,0.0431100,0.0434400,0.0410500,0.0418800,256916128,10802433.8622500,109410,5126329.0622900
1785369600000,0.0418700,0.0431400,0.0414700,0.0424500,159621047,6751733.1453900,80187,3289003.1920100
1785456000000,0.0424400,0.0427500,0.0412000,0.0414700,220115153,9202748.1970900,106247,4445798.7460300
1785542400000,0.0414700,0.0418500,0.0403700,0.0410300,162927338,6706475.9906600,81921,3016199.3982000
1785628800000,0.0410400,0.0418300,0.0409400,0.0413300,119011285,4928326.2966300,60380,2383773.0558700
1785715200000,0.0413300,0.0417800,0.0407700,0.0415500,150564836,6219359.8203800,70048,3197653.8283700
1785801600000,0.0415500,0.0419000,0.0408500,0.0415200,191182609,7910796.8900100,80674,3984663.5151300
1785888000000,0.0415200,0.0418200,0.0410900,0.0414700,128058347,5314818.5452800,78393,2382541.5500700
1785974400000,0.0414800,0.0420900,0.0408300,0.0412400,197491963,8167289.5342600,83739,3794907.8034600
1786060800000,0.0412500,0.0415300,0.0405600,0.0407500,170086861,6975293.9227500,75237,3336886.3000600
1786147200000,0.0407500,0.0419400,0.0406000,0.0414400,132152595,5475270.0209700,60974,2771251.7060300
1786233600000,0.0414300,0.0422100,0.0411600,0.0412300,149046094,6211767.1083300,65756,3021843.9747100
1786320000000,0.0412300,0.0419700,0.0405300,0.0409600,205335806,8518334.4672000,79622,4054613.8118100
1786406400000,0.0409600,0.0411700,0.0397300,0.0400800,228027374,9215684.7033300,97015,4100050.6254400
1786492800000,0.0400800,0.0405800,0.0393700,0.0400100,166405387,6664238.8881100,83374,3058052.1645800
1786579200000,0.0400000,0.0419900,0.0399000,0.0410300,259810801,10717312.1822800,119091,5385774.8353500
1786665600000,0.0410200,0.0411600,0.0395800,0.0403000,150617975,6059911.7594800,69835,2871587.3821400
1786752000000,0.0403100,0.0403900,0.0396200,0.0397200,92885949,3718641.1827900,47941,1710018.5927300
1786838400000,0.0397200,0.0400100,0.0390700,0.0393900,139093074,5513589.1219500,57619,2604893.4454900
1786924800000,0.0394000,0.0402900,0.0392100,0.0396800,124519275,4956562.5252900,54050,2313915.7785300
1787011200000,0.0396700,0.0398000,0.0381900,0.0385600,192038898,7465583.2794500,85092,3232005.9007800
1787097600000,0.0385500,0.0414200,0.0382500,0.0412000,303167312,12099579.2462800,134039,6226919.7945700
1787184000000,0.0412000,0.0437800,0.0406900,0.0436700,292075423,12332635.7503900,147755,6368043.9561900
1787270400000,0.0436700,0.0484300,0.0432700,0.0480300,411982000,18957440.8527300,242138,9610108.4282700
1787356800000,0.0480400,0.0510500,0.0434100,0.0472700,589385563,28152410.6682700,310525,13662273.9749300
1787443200000,0.0472600,0.0487500,0.0444600,0.0480900,283397958,13267305.6170800,196862,6588854.9059000
1787529600000,0.0480900,0.0483500,0.0461600,0.0469800,263968823,12444041.8110200,201246,5800598.2925300
1787616000000,0.0469800,0.0490200,0.0451200,0.0459500,323022770,15330544.3312600,185067,7435538.3481000
1787702400000,0.0459500,0.0471300,0.0448600,0.0469200,201053406,9233155.9425300,115649,4668455.0571900
1787788800000,0.0469200,0.0485500,0.0460100,0.0482900,228338136,10875942.0994700,137335,5319796.0158500
1787875200000,0.0482800,0.0488800,0.0452400,0.0461700,261084765,12208750.1145700,135688,5813683.1498800
1787961600000,0.0461700,0.0463400,0.0454700,0.0455900,77461703,3555097.9902600,63041,1802877.1611500
1788048000000,0.0455900,0.0461000,0.0433400,0.0438900,194508854,8790039.1314100,112970,4151116.0845200
1788134400000,0.0438800,0.0447200,0.0436000,0.0443900,155567021,6873917.7054000,102020,3450966.4055900
1788220800000,0.0444000,0.0473400,0.0443600,0.0468700,345477299,15828409.1926200,179119,7906648.6557400
1788307200000,0.0468700,0.0501100,0.0455500,0.0490500,505169129,23966079.0469500,232446,11796578.4157200
1788393600000,0.0490600,0.0499200,0.0475700,0.0492600,312630040,15248672.9653500,174386,7494943.5502500
1788480000000,0.0492600,0.0493700,0.0459000,0.0468500,260739157,12439942.6084100,148407,5861686.7257100
1788566400000,0.0468400,0.0485000,0.0466700,0.0477500,261333150,12465431.5606800,134601,6241718.6676000
1788652800000,0.0477600,0.0496500,0.0471200,0.0494000,324396405,15732775.5079900,165273,7599681.6605800
1788739200000,0.0494000,0.0509300,0.0481400,0.0488900,423809407,20839817.2128700,211136,10185022.2341900
1788825600000,0.0488900,0.0517200,0.0477800,0.0495200,500869005,24872869.8794000,229388,11892191.3904900
1788912000000,0.0495200,0.0514500,0.0465600,0.0473400,485975177,23973843.7983100,230168,11063095.4519100
1788998400000,0.0473400,0.0474000,0.0440300,0.0442500,377092779,17230641.4019500,186486,8423448.5480400
1789084800000,0.0442500,0.0460900,0.0434100,0.0445000,397749585,17735045.2239700,183784,8477150.1983100
1789171200000,0.0445100,0.0451800,0.0442800,0.0444000,152041160,6802880.7040600,89036,3194056.7165000
1789257600000,0.0444000,0.0456700,0.0439000,0.0443300,230772141,10319866.1217800,123330,5189590.5393900
1789344000000,0.0443400,0.0455500,0.0441400,0.0445900,282522559,12642680.9986400,135236,6222274.8215500
1789430400000,0.0446000,0.0447700,0.0414000,0.0420500,372407827,15989672.1847900,150417,7817899.2450400
1789516800000,0.0420500,0.0432100,0.0411200,0.0431300,269532985,11329628.3307500,130080,5785941.1545600
1789603200000,0.0431400,0.0442500,0.0428100,0.0440500,209695771,9129195.4366200,98004,4384179.1769600
1789689600000,0.0440500,0.0483300,0.0440000,0.0480900,493214962,23086107.7730200,191377,11309777.6418200
1789776000000,0.0480800,0.0505500,0.0472500,0.0494900,421469797,20632730.4064000,183979,10153413.1954500
1789862400000,0.0494800,0.0544300,0.0470400,0.0533400,745105868,37480229.7518200,327596,18588172.0687900
1789948800000,0.0533400,0.0646200,0.0533200,0.0593400,2158395901,127858938.9330700,947737,61220193.5470300
1790035200000,0.0593400,0.0624500,0.0583500,0.0615800,952105923,57787055.9989300,578030,28040281.9475100
1790121600000,0.0615800,0.0631900,0.0573500,0.0590200,597549061,36008240.0358600,438360,16935945.6101000
1790208000000,0.0590200,0.0631500,0.0567500,0.0624500,532454766,31891811.7271300,362490,15235944.6188200
1790294400000,0.0624400,0.0755400,0.0618000,0.0748200,1440024050,98190044.4155200,943322,49260525.0181500
1790380800000,0.0748100,0.0772900,0.0704100,0.0717800,946829139,69934395.3440200,654908,33411961.7301300
1790467200000,0.0717700,0.0793000,0.0711500,0.0790300,716390397,53645255.8253200,569637,27287622.8106100
1790553600000,0.0790300,0.0866600,0.0754000,0.0773200,1874894120,151803702.8941200,1738315,74270123.4580300
1790640000000,0.0773300,0.0776600,0.0716400,0.0732500,719435254,53415179.4583500,615672,25075898.4060300
1790726400000,0.0732400,0.0752200,0.0714500,0.0735000,660282236,48676782.3317100,478751,24019043.9210600
1790812800000,0.0735100,0.0747600,0.0701700,0.0704400,352376185,25586074.6773800,322447,11924830.4175700
1790899200000,0.0704300,0.0726200,0.0665600,0.0692400,426702973,29973065.2764200,327530,13358060.9408500
1790985600000,0.0692300,0.0718400,0.0691200,0.0716500,225016192,15938051.3069000,169010,7910139.5795000
