open_time,open,high,low,close,volume,quote_volume,trades,taker_buy_quote
1597363200000,5.460,6.590,5.321,6.157,7461955.2,44770478.1007,133099,22004941.2364
1597449600000,6.166,7.483,5.905,6.888,14678852.0,100130313.4999,288666,44367226.1136
1597536000000,6.885,6.890,6.237,6.416,5091347.5,33489197.0319,64674,15314268.8949
1597622400000,6.418,6.902,6.078,6.163,5135367.3,33470889.4673,79233,15631769.9905
1597708800000,6.162,6.694,5.500,6.154,5343290.7,32638980.9549,87784,15766512.4463
1597795200000,6.154,6.394,5.379,6.104,8122611.2,48525180.5991,146621,22077363.0065
1597881600000,6.108,6.698,6.078,6.182,6420806.3,40795796.5941,85977,19843582.3150
1597968000000,6.184,6.274,5.210,5.322,6468394.4,37774976.1515,95243,17188163.3051
1598054400000,5.332,6.020,5.100,5.845,2306958.0,12754161.3143,65271,6036238.4496
1598140800000,5.835,5.909,5.350,5.691,2847713.4,15997672.9383,104024,7587857.7285
1598227200000,5.694,6.322,5.540,6.244,2682659.1,16144168.2121,141911,7773062.4668
1598313600000,6.242,6.580,5.481,5.865,3956793.5,24072661.7515,171736,11058976.9616
1598400000000,5.867,6.471,5.829,6.132,3493970.0,21514151.6898,139816,10230261.0788
1598486400000,6.132,6.450,5.878,6.100,3481455.2,21237163.0119,158063,10178825.3357
1598572800000,6.101,7.131,6.035,6.875,6453154.4,43371986.3060,292569,21420423.0081
1598659200000,6.876,7.044,6.499,6.535,2543612.2,17054516.8931,94403,7843297.4727
1598745600000,6.533,7.429,6.507,7.305,4206338.4,29516714.1731,193252,14622800.9177
1598832000000,7.312,7.599,6.968,7.354,4536665.0,32921098.9742,204522,15926637.9265
1598918400000,7.354,7.894,7.086,7.126,4446993.0,33466207.7799,199670,15532895.7634
1599004800000,7.131,7.217,5.887,6.390,3807027.8,24765469.6438,158585,11287693.2082
1599091200000,6.393,6.589,5.000,5.207,4150014.0,24429469.4825,136319,11116112.6304
1599177600000,5.216,5.802,4.767,5.335,3427379.8,18123138.3250,100019,8975118.5139
1599264000000,5.332,5.624,3.653,4.490,5048849.9,23259200.6204,134938,11478546.8119
1599350400000,4.484,5.218,4.092,4.956,3857021.4,17839301.4373,102258,8738940.7310
1599436800000,4.958,5.069,4.102,4.648,2574243.4,11729076.5245,66187,5603227.7195
1599523200000,4.641,4.702,4.021,4.249,2416915.7,10537430.4600,64846,5137492.4803
1599609600000,4.254,5.250,4.184,4.989,3401007.9,15919729.4857,90182,7669531.9527
1599696000000,4.985,5.795,4.982,5.690,3040451.6,16402817.0925,94847,8158257.8291
1599782400000,5.685,6.003,5.321,5.970,3392673.8,19321854.9703,98257,9813434.9134
1599868800000,5.970,6.211,5.604,6.139,3048693.0,17961722.5354,96713,8838157.1493
1599955200000,6.144,6.283,5.050,5.388,2770146.3,15560438.7568,93699,7172504.0157
1600041600000,5.389,5.541,5.111,5.193,1840885.9,9907748.8112,60602,4717860.8001
1600128000000,5.192,5.478,4.445,4.493,2380733.6,11778876.4263,80188,5444592.6679
1600214400000,4.493,4.944,4.129,4.793,2694586.4,12099449.0813,74296,5632230.7531
1600300800000,4.796,5.042,4.343,4.484,2632481.5,12296963.9403,73981,5704067.8577
1600387200000,4.491,4.741,4.360,4.558,2218033.3,10044923.7441,57801,4634261.5648
1600473600000,4.556,4.568,4.215,4.298,1643086.6,7191270.7069,51141,3269531.5600
1600560000000,4.293,4.548,4.063,4.174,1468508.8,6307078.5161,46359,3073548.4355
1600646400000,4.173,4.234,3.450,3.619,2995981.5,11143740.8569,64482,5346827.2699
1600732800000,3.619,4.298,3.574,4.278,3527421.4,14127089.1452,67838,7059427.8908
1600819200000,4.278,4.398,3.643,3.696,3242965.2,13148572.8272,62470,6641959.3501
1600905600000,3.701,4.442,3.661,4.386,3025912.9,12564543.4159,63825,6252070.0206
1600992000000,4.386,5.183,4.286,4.918,4116380.9,19215199.3078,88614,9539247.6183
1601078400000,4.922,5.331,4.800,5.211,2132872.1,10704954.6967,55515,5235463.3709
1601164800000,5.213,5.457,4.561,5.141,4394179.8,21656270.7753,98423,11088300.3199
1601251200000,5.144,5.492,4.800,4.927,3165961.1,16259351.5199,69203,7948814.2290
1601337600000,4.927,5.051,4.687,4.953,2227755.2,10894371.2322,53884,5164293.6505
1601424000000,4.959,4.977,4.376,4.730,2027698.4,9444494.5163,50406,4526720.1586
1601510400000,4.727,4.978,4.370,4.679,2000418.6,9375067.3018,47430,4613072.0603
1601596800000,4.674,4.674,3.977,4.411,2152625.4,9242401.6593,52985,4400463.4887
1601683200000,4.409,4.563,4.362,4.376,1068815.4,4737083.5620,22766,2357789.0986
1601769600000,4.372,4.534,4.255,4.385,1292123.1,5687037.6645,30251,2779397.2095
1601856000000,4.385,4.492,4.129,4.185,1024216.0,4386909.2058,25783,2095153.2159
1601942400000,4.188,4.196,3.575,3.631,2175633.7,8275288.8280,45868,3921705.6770
1602028800000,3.631,3.948,3.468,3.932,2528675.2,9391230.5577,46554,4635851.5103
1602115200000,3.932,4.061,3.625,3.960,3049615.5,11732031.9994,49975,5833257.3014
1602201600000,3.963,4.370,3.759,4.274,2803989.4,11349364.8384,45400,5590900.4918
1602288000000,4.272,4.511,4.158,4.287,2006101.5,8701847.0385,39324,4120248.3941
1602374400000,4.285,4.311,4.055,4.169,1503548.8,6276653.7547,29812,3158451.1224
1602460800000,4.170,4.703,4.076,4.624,1985278.9,8629431.2752,45991,4410296.7060
1602547200000,4.622,4.719,4.334,4.484,2248980.4,10211381.3812,45223,5015379.5370
1602633600000,4.489,4.580,4.224,4.270,1783106.8,7888888.8672,34401,3992195.7946
1602720000000,4.270,4.270,3.871,3.902,1941527.6,7990490.9283,46410,3535402.4858
1602806400000,3.905,4.136,3.698,3.893,2179861.5,8653279.1431,44304,4315988.9647
1602892800000,3.888,4.023,3.822,3.956,778579.0,3053303.6073,20775,1483888.5871
1602979200000,3.951,4.023,3.872,3.951,744761.1,2934096.1852,19000,1419847.7429
1603065600000,3.949,3.966,3.695,3.723,1049517.7,4027974.2906,27055,1974135.1146
1603152000000,3.718,3.730,3.329,3.706,2688819.9,9477122.3763,64293,4677356.4599
1603238400000,3.706,3.792,3.464,3.513,2152441.0,7803177.8085,45082,3544842.4777
1603324800000,3.512,4.082,3.502,3.889,2730343.6,10524857.6333,47253,5289259.2689
1603411200000,3.892,3.935,3.654,3.798,1365368.2,5207652.5742,28238,2467583.3627
1603497600000,3.798,3.890,3.715,3.770,813995.4,3100104.1086,18385,1408644.0722
1603584000000,3.771,3.776,3.544,3.658,960154.3,3503832.4101,20960,1707440.2602
1603670400000,3.656,3.718,3.482,3.539,1201479.4,4327202.3030,26325,2060798.5380
1603756800000,3.537,3.704,3.433,3.554,1483072.2,5288097.1800,28746,2437856.9918
1603843200000,3.555,3.706,3.332,3.594,2272938.0,7990538.3088,52250,4086789.1348
1603929600000,3.600,3.794,3.228,3.236,2416814.3,8561352.8653,50193,3922275.7469
1604016000000,3.239,3.245,2.940,3.099,2800427.9,8694764.9312,44862,4408673.1552
1604102400000,3.103,3.134,3.004,3.012,716340.0,2205603.5521,18404,1090377.8187
1604188800000,3.013,3.019,2.773,2.900,2225552.4,6383953.6872,35753,3027016.8449
1604275200000,2.900,3.009,2.598,2.601,2683614.3,7481458.7280,40861,3422815.1536
1604361600000,2.601,2.616,2.464,2.559,2403980.1,6090975.4261,33515,3027683.5821
1604448000000,2.563,2.748,2.473,2.724,2282630.7,5900652.8116,38675,3106109.1744
1604534400000,2.721,3.225,2.545,3.150,5250295.9,15270432.9529,71243,7753875.3400
1604620800000,3.147,3.678,3.122,3.510,7610888.0,25959784.1631,121831,12704565.4740
1604707200000,3.514,4.642,3.506,3.766,10871082.2,42570817.2910,177517,21015448.9643
1604793600000,3.763,4.546,3.684,4.422,7174336.7,29553420.3220,123086,14540555.1276
1604880000000,4.423,4.605,3.964,4.241,5071423.6,21579494.2287,92932,10458005.3024
1604966400000,4.240,4.948,4.126,4.673,4961416.2,22957546.1114,99573,11195103.4109
1605052800000,4.673,4.780,3.975,3.996,3374411.1,15033778.3869,67664,7202638.6186
1605139200000,3.996,4.280,3.712,3.767,3618113.9,14393741.3724,66052,6841314.7408
1605225600000,3.768,4.460,3.752,4.227,5028872.8,21118853.7115,99556,10246011.2648
1605312000000,4.227,4.499,3.863,4.315,3911131.1,16349464.5340,78126,7929170.1300
1605398400000,4.317,4.594,3.952,4.136,5272433.5,22684346.9986,100228,10506360.9656
1605484800000,4.137,4.586,4.066,4.428,3727610.1,16229232.0166,73536,7849040.4282
1605571200000,4.430,5.317,4.415,5.089,6672728.8,32483684.2803,131962,16008515.3147
1605657600000,5.089,5.232,4.467,4.875,5768209.1,27896697.9244,123215,13326240.9669
1605744000000,4.875,5.300,4.575,4.991,5094672.6,25231329.3124,112102,11767722.2601
1605830400000,4.990,5.730,4.957,5.143,5704795.1,30287392.5920,121876,14195386.5782
1605916800000,5.148,5.615,5.065,5.281,3961844.4,21028085.5188,80858,9673694.2659
1606003200000,5.281,5.368,4.627,5.021,4544910.5,22838392.6156,92302,10750159.3621
1606089600000,5.021,5.602,4.963,5.482,4181174.2,22457232.5491,86226,11043757.1030
1606176000000,5.482,5.847,5.100,5.251,4815284.9,26463158.9115,99749,12009361.1823
1606262400000,5.247,5.374,4.567,4.830,4214083.5,21005361.3279,87092,9469532.2100
1606348800000,4.830,4.869,3.300,4.330,10801309.5,43561479.4952,204179,20668638.7779
1606435200000,4.330,4.594,3.902,4.125,3549190.2,14866381.7405,69798,6946784.5641
1606521600000,4.124,4.441,3.998,4.256,1738252.5,7318694.3504,40770,3466312.9648
1606608000000,4.258,4.574,4.116,4.563,1755477.7,7595308.7652,40688,3829564.2353
1606694400000,4.564,4.932,4.564,4.755,3515181.4,16759047.2142,92096,7944225.9824
1606780800000,4.755,5.284,4.517,4.742,4903885.1,23939736.9478,111666,11410570.3465
1606867200000,4.746,5.503,4.675,5.266,4013362.3,20827197.6162,97792,9779916.0643
1606953600000,5.270,5.307,5.025,5.244,1689592.5,8724645.0588,53638,4189453.7501
1607040000000,5.246,5.368,4.824,4.963,4642728.4,23779137.8351,109691,11109572.1317
1607126400000,4.961,5.372,4.763,5.221,3354409.4,17112061.0442,86618,8219912.0563
1607212800000,5.218,5.372,4.940,5.157,1577105.2,8122422.2541,47889,3671997.9600
1607299200000,5.160,5.370,5.029,5.205,1932056.3,10031585.2639,58120,4754700.2202
1607385600000,5.206,5.498,4.580,4.669,5026679.3,25465072.2362,106998,11338463.6074
1607472000000,4.672,4.940,4.285,4.861,3275225.7,15305412.9295,81379,7450843.6037
1607558400000,4.861,4.886,4.445,4.633,1631705.6,7615275.9494,47216,3674927.1120
1607644800000,4.633,4.671,4.128,4.356,1502437.3,6488788.7170,46160,3138004.5612
1607731200000,4.360,4.618,4.354,4.468,990586.3,4446475.5194,29806,2098370.6802
1607817600000,4.466,4.788,4.390,4.746,989017.0,4564490.8618,31454,2356005.0592
1607904000000,4.747,5.464,4.598,5.250,4265127.8,21840114.0202,97066,10901893.6774
1607990400000,5.249,5.612,5.180,5.473,5352421.7,28836295.3802,135745,14406816.6331
1608076800000,5.473,5.477,4.930,5.273,3632006.9,18828346.0833,91315,8812666.6876
1608163200000,5.273,5.639,5.037,5.293,3819076.7,20307826.7216,103570,9342811.3777
1608249600000,5.295,6.618,5.159,6.131,8857588.0,52910132.8252,231811,26273026.6196
1608336000000,6.131,6.528,5.915,6.120,3982876.4,25009453.2304,123106,11443608.3481
1608422400000,6.123,6.393,5.800,5.967,2652104.3,16224877.2689,80829,7404788.0962
1608508800000,5.962,6.439,5.628,6.119,3374208.8,20391531.0632,110992,9579177.6226
1608595200000,6.117,7.700,5.709,7.204,9186388.4,62721952.1384,262815,31332170.8321
1608681600000,7.211,8.416,6.378,7.121,14024658.6,106513719.2167,425463,52394846.2824
1608768000000,7.128,7.750,6.562,7.472,6605499.7,46571875.1919,216666,23150707.9940
1608854400000,7.472,7.959,7.010,7.319,3886582.7,28848344.6039,138775,13671960.7439
1608940800000,7.321,8.785,7.239,8.002,8055732.8,65908330.0127,273075,30745094.2277
1609027200000,8.003,8.495,7.254,8.051,5958062.2,47652372.7960,213415,22531730.5832
1609113600000,8.043,8.475,7.816,8.018,3245027.4,26291894.1787,135033,12056457.0875
1609200000000,8.013,8.158,7.332,7.786,2991584.8,23142843.3247,120880,10507963.9909
1609286400000,7.791,7.967,7.250,7.343,2054796.0,15380136.7814,89100,6475718.1488
1609372800000,7.346,7.864,7.048,7.232,2601408.2,19365534.0762,99983,8900017.1022
1609459200000,7.234,8.553,7.155,8.326,3849980.7,30518476.0752,139490,14906877.1877
1609545600000,8.326,8.641,7.975,8.193,2701079.3,22395156.9282,115524,10865562.9196
1609632000000,8.193,9.660,8.007,9.536,3996571.7,34839467.0043,150257,16462071.5096
1609718400000,9.538,11.502,8.469,11.472,6574963.8,65912659.3425,247396,31570369.1373
1609804800000,11.478,13.378,10.492,12.405,7859774.1,94164939.4096,307845,44135881.0769
1609891200000,12.410,13.323,11.508,12.164,4445375.9,55330168.5291,195120,25391117.0071
1609977600000,12.179,13.300,11.116,11.586,4390148.6,53371243.7163,190048,24678149.3980
1610064000000,11.592,12.950,9.814,11.808,5625231.1,65270811.4574,233712,30947022.3681
1610150400000,11.817,13.938,11.068,13.170,3847674.0,47707107.2523,186898,22183349.4844
1610236800000,13.170,14.810,12.200,14.132,5875553.4,79843330.5303,276530,37549599.9846
1610323200000,14.139,14.215,10.370,12.814,6184696.5,75710130.9856,307993,35257526.0042
1610409600000,12.807,16.000,12.102,14.907,6702017.8,96260158.8196,364188,46044660.2340
1610496000000,14.916,16.565,13.830,15.556,6141667.9,93745842.9347,342133,44394646.4797
1610582400000,15.556,16.050,14.105,14.730,3161027.6,47876079.8397,186007,21682341.5047
1610668800000,14.735,15.632,13.175,15.157,4815605.8,70378312.7414,227667,33038492.7555
1610755200000,15.177,17.178,14.970,15.570,4381554.0,70557902.9567,213524,32391089.8723
1610841600000,15.577,16.443,14.466,15.674,2660363.8,40985253.9273,156701,19215954.4490
1610928000000,15.691,15.804,14.880,15.610,1777568.6,27193095.6884,118591,12377219.8994
1611014400000,15.614,16.807,15.131,15.172,2730419.4,43692115.3257,161331,20058994.3057
1611100800000,15.180,15.841,13.761,15.767,2224981.4,33094901.9291,140629,15688019.2990
1611187200000,15.769,15.845,11.744,12.318,3100898.9,42227519.2226,173455,19142029.2497
1611273600000,12.323,15.076,11.500,14.206,3061031.1,41095459.7962,160183,19278831.4384
1611360000000,14.200,15.517,13.949,14.619,1865419.2,27459915.2228,117697,12482379.7958
1611446400000,14.614,17.863,14.446,17.557,4475597.3,74359572.9329,222653,36841155.7021
1611532800000,17.547,18.339,15.400,15.479,3802679.8,63699485.3436,188496,29043390.0398
1611619200000,15.490,17.189,14.762,16.866,3047591.0,48823281.1616,167362,22484100.5996
1611705600000,16.859,17.343,14.719,15.262,3344121.4,53572442.7575,191546,24962241.7712
1611792000000,15.263,18.000,14.871,16.939,3062290.3,50747700.1466,167319,24083548.9659
1611878400000,16.938,17.503,16.000,17.051,2440392.0,40376642.9579,150284,19199264.8276
1611964800000,17.039,18.716,16.409,17.895,2171303.4,38115228.8440,139676,17712381.8171
1612051200000,17.904,19.639,17.093,17.242,2932496.9,54132292.7415,170794,25782416.7365
1612137600000,17.244,17.920,16.832,17.588,1655522.1,28677284.1206,116065,13358922.0611
1612224000000,17.585,17.659,16.406,17.062,2004545.5,33904612.3469,124289,15615459.8434
1612310400000,17.072,18.114,16.840,17.230,2173528.1,37788026.9960,125216,17798986.8035
1612396800000,17.221,21.220,17.100,19.684,5723955.0,108022231.3164,295816,49920036.5759
1612483200000,19.698,23.787,19.607,23.694,5200472.1,112385247.7664,309145,52622496.2883
1612569600000,23.697,24.299,19.670,21.055,4520476.0,95629198.7060,275754,43563107.6572
1612656000000,21.086,21.599,17.807,20.098,3625002.7,71034890.3963,237150,32575356.2918
1612742400000,20.103,22.494,19.525,21.390,4013626.6,84431538.3286,261843,38682040.4550
1612828800000,21.394,27.360,20.930,24.779,4867244.5,114239383.4272,317411,53730485.6795
1612915200000,24.763,27.794,23.000,25.080,5047394.0,128636654.7046,332760,60046312.1588
1613001600000,25.080,26.875,24.412,26.188,3686588.0,95048508.0395,246748,45837180.1832
1613088000000,26.193,28.383,25.163,27.210,3424981.6,91651460.8497,232251,42136726.3553
1613174400000,27.217,28.237,24.588,26.467,3410071.7,90179160.2560,237349,40239246.4686
1613260800000,26.473,29.294,24.198,25.053,3558510.3,93573771.0598,231275,42800061.0892
1613347200000,25.050,26.905,20.627,24.593,3729265.1,90913701.6541,232147,42967601.3968
1613433600000,24.614,26.584,23.134,24.104,3193094.6,79107857.9361,218600,37896974.1999
1613520000000,24.098,24.646,22.223,24.269,2793946.7,65733541.0596,188899,31702615.7541
1613606400000,24.265,24.799,22.809,23.200,2348488.0,55764384.7103,167710,25803902.0201
1613692800000,23.211,23.692,21.553,22.365,3067682.0,69255922.4474,196153,31366413.9781
1613779200000,22.383,25.637,21.940,23.177,4589785.6,110594110.3736,286990,51092468.7917
1613865600000,23.187,23.756,22.398,22.863,2307750.6,53318322.4502,169615,25951467.3385
1613952000000,22.871,22.964,17.053,20.999,4029771.6,83232235.2081,248352,38499250.5210
1614038400000,20.997,21.190,13.722,18.193,6404514.7,111114898.3633,388014,54623756.0953
1614124800000,18.193,20.926,17.297,19.143,3182516.7,62054276.7486,206132,30036299.5232
1614211200000,19.142,21.999,18.095,18.317,3402824.1,69217175.8069,185602,33613634.7197
1614297600000,18.315,19.869,16.888,18.010,5939133.2,108981687.1230,225748,53951402.6672
1614384000000,18.021,20.404,17.953,18.790,2538924.8,48970628.0385,151411,24445653.9793
1614470400000,18.792,19.336,16.244,18.761,3179076.7,56211582.8739,177221,28130814.6511
1614556800000,18.757,21.149,18.727,20.694,2466120.8,48875011.1032,159599,23548910.6415
1614643200000,20.703,23.358,20.685,22.445,2812720.6,62299697.8344,183819,30860719.3325
1614729600000,22.430,24.093,22.077,22.519,2054028.9,47706938.8110,153606,23503552.8350
1614816000000,22.510,24.345,21.086,21.466,2139897.8,48581531.4774,170869,23252984.1643
1614902400000,21.476,21.479,20.040,20.727,1702180.7,35010283.4077,131511,16640682.5118
1614988800000,20.728,21.443,20.088,21.251,1212153.0,25281227.7311,100762,12424286.7955
1615075200000,21.263,21.797,20.519,21.733,882717.5,18780324.5194,88691,9413046.2700
1615161600000,21.721,21.938,20.731,21.887,1168000.4,24871129.1225,105111,11676343.0991
1615248000000,21.889,22.801,21.408,22.686,1305799.2,28831568.6821,118047,13828293.5986
1615334400000,22.670,23.442,21.353,21.649,1633946.8,36599204.7984,146019,16900838.9633
1615420800000,21.652,22.079,20.708,20.861,1419942.9,30379222.9093,128440,14160127.7142
1615507200000,20.866,21.046,18.863,19.473,1990237.7,39316358.1198,156271,18424948.3930
1615593600000,19.478,20.907,18.802,20.533,1449894.1,29113482.7664,118810,13875298.2875
1615680000000,20.546,20.621,19.237,19.423,1337288.8,26446776.0524,115986,12680323.3044
1615766400000,19.421,20.046,18.220,18.919,1653759.7,31423517.2002,141276,15061824.1808
1615852800000,18.918,19.192,18.118,18.762,1408890.6,26299046.8389,123584,12393503.5519
1615939200000,18.767,19.379,17.837,19.240,1553218.2,28781570.6749,125244,13881421.2219
1616025600000,19.253,19.506,18.537,18.568,1416118.9,27077120.4317,113617,12516401.2055
1616112000000,18.572,20.459,18.175,19.896,1532820.8,29907402.5032,120116,14252423.5819
1616198400000,19.890,21.548,19.778,19.830,2088392.7,43546197.2574,139485,20696663.4751
1616284800000,19.820,20.108,19.123,19.534,1383235.5,27205442.2974,113559,12759019.6026
1616371200000,19.540,20.087,17.702,18.041,2049263.0,39227556.0515,143384,17925681.4058
1616457600000,18.037,18.349,17.202,17.432,1829728.7,32664951.3303,140080,15458373.4886
1616544000000,17.427,18.300,15.478,16.083,3008644.3,51872304.6293,181399,23788533.0863
1616630400000,16.092,16.687,15.381,16.142,2214394.6,35597037.3263,163726,17129213.2645
1616716800000,16.144,17.618,16.119,17.487,1475420.2,25150689.5192,111094,12392994.6966
1616803200000,17.490,17.675,16.737,17.164,1089353.3,18779228.1289,98273,8993874.4360
1616889600000,17.165,17.320,16.394,16.498,1420634.1,24026195.1735,105570,11080995.7624
1616976000000,16.498,17.878,16.317,17.825,1539041.1,26458156.1442,120367,12883234.1619
1617062400000,17.830,18.064,17.306,17.582,1792066.7,31753421.3425,121426,14746653.9819
1617148800000,17.586,17.964,16.544,17.686,2098759.2,36406805.3705,155866,17303012.4628
1617235200000,17.693,19.431,17.632,19.206,2782391.5,51570643.1076,189481,24308504.5973
1617321600000,19.204,21.513,18.801,21.498,3351684.4,68610214.6413,242384,32089401.4434
1617408000000,21.489,21.724,19.000,19.301,2420442.0,48850657.0521,177012,22082349.6689
1617494400000,19.298,21.258,19.010,20.677,1867036.3,38044107.8292,145874,17376249.9826
1617580800000,20.683,21.238,19.660,20.769,1611408.1,33090239.2451,142795,14915723.3095
1617667200000,20.774,22.528,20.645,22.078,2777655.1,60460683.7319,216205,28627845.5991
1617753600000,22.091,22.389,18.628,19.402,2862737.2,57361655.9325,217169,26320489.3281
1617840000000,19.396,20.210,19.013,19.938,1612266.9,31819980.8087,115682,14611124.8163
1617926400000,19.939,20.478,19.132,19.452,1391169.6,27771834.2995,105978,12798396.2704
1618012800000,19.458,20.062,18.602,19.038,1409096.4,27430698.6904,102354,12261480.4251
1618099200000,19.038,19.396,18.346,19.037,1348715.6,25490472.2551,101464,11530497.9954
1618185600000,19.041,20.000,18.479,19.630,2234011.3,42933587.7241,140089,20289048.7440
1618272000000,19.631,20.241,19.083,19.157,1817531.7,35615724.0513,130993,16143268.9244
1618358400000,19.166,21.360,18.575,20.060,3507467.3,69201582.2909,221883,31986494.5102
1618444800000,20.063,22.624,20.003,22.062,3414321.8,72699271.4322,241788,34706479.2830
1618531200000,22.070,23.226,20.000,20.935,4111832.8,89130070.6969,270691,41201129.8152
1618617600000,20.943,22.034,20.224,20.261,2468347.5,52531217.4265,181395,23996429.4416
1618704000000,20.253,20.445,14.800,18.038,5096305.1,89121887.4887,338051,40304914.7402
1618790400000,18.026,18.302,15.680,15.989,3004890.5,50844681.6534,204067,24313414.2404
1618876800000,15.987,17.102,14.688,16.777,2890853.9,45868495.2006,187675,22343696.2622
1618963200000,16.774,17.110,15.594,15.864,2645936.4,43629961.2275,171639,20883841.5591
1619049600000,15.865,17.770,15.000,15.297,3069298.2,50295413.6376,209949,24401348.2300
1619136000000,15.305,15.661,13.000,14.912,4260943.5,60017125.2727,244096,29002759.1430
1619222400000,14.912,14.933,13.461,13.734,2235449.8,31707650.3883,148381,15397489.2814
1619308800000,13.738,14.698,13.255,14.130,1782985.9,24860567.1725,124448,12300772.7188
1619395200000,14.131,16.188,13.971,16.122,2052030.6,31727110.5744,154837,15604909.6615
1619481600000,16.127,17.243,15.769,17.138,2083242.9,34696873.8127,159505,16794155.9069
1619568000000,17.133,17.410,15.955,16.845,2019916.0,33797364.2917,153359,15774535.1553
1619654400000,16.853,17.874,16.476,17.730,2342698.3,40458397.2561,150161,19255132.7487
1619740800000,17.729,18.461,17.383,18.231,1609418.8,28835709.6437,119259,13721519.5375
1619827200000,18.231,18.658,17.634,18.211,1358809.9,24691223.8408,107760,11596614.4352
1619913600000,18.212,18.352,16.852,17.346,1731436.1,30214119.8912,123510,13715687.4792
1620000000000,17.345,19.250,17.285,18.896,3964696.7,73661141.8830,222940,35095859.8635
1620086400000,18.902,18.914,16.210,16.489,3560564.5,62078514.1386,224408,27296143.3085
1620172800000,16.489,17.972,16.233,17.697,2330337.7,40211255.7088,156387,19322493.6487
1620259200000,17.710,18.817,17.018,18.457,3167093.5,56607897.0098,214953,25676108.2271
1620345600000,18.462,20.596,17.705,18.793,4817455.6,92546656.4267,330721,43695301.5159
1620432000000,18.789,19.200,18.202,18.427,1813188.9,33965862.8310,136877,14400348.1385
1620518400000,18.433,18.595,17.186,17.820,1688789.0,30190746.7053,128266,13602476.6465
1620604800000,17.839,18.296,15.091,16.248,2539069.1,43203470.2903,169271,19654816.1962
1620691200000,16.251,18.572,15.824,18.422,2259943.8,38069433.8347,155399,18722693.0439
1620777600000,18.432,21.800,17.432,18.002,12710220.4,252389081.9250,758018,121772646.0856
1620864000000,18.013,23.112,16.000,18.474,16737912.9,336119235.7843,1014926,164708860.7272
1620950400000,18.487,22.100,18.291,21.164,8381320.9,173666147.7986,575528,86477448.2767
1621036800000,21.163,22.900,19.081,19.226,5006953.4,106058516.2380,422778,50491551.2881
1621123200000,19.228,20.654,17.268,18.871,3420878.8,65610670.2077,269735,31394594.7071
1621209600000,18.874,21.130,16.612,20.502,8328195.1,157270304.9287,616756,77181404.4226
1621296000000,20.487,25.829,20.221,23.382,13488920.9,312527582.4705,1047724,157440102.0141
1621382400000,23.394,24.075,9.758,14.351,14017349.1,252176236.3423,842776,121028995.2502
1621468800000,14.352,18.275,12.820,16.211,7544885.4,118444144.1615,483724,58833408.4577
1621555200000,16.211,19.650,13.420,16.369,9843859.1,163947749.4294,606464,81061807.0921
1621641600000,16.367,17.483,13.526,14.879,7574450.8,113833505.4173,468128,55661727.9825
1621728000000,14.894,15.480,9.401,11.727,7573578.5,92153011.9054,430950,45490460.1483
1621814400000,11.729,14.527,11.489,13.892,5404798.5,70620336.1571,291417,35322766.1613
1621900800000,13.895,14.650,11.973,13.607,4050453.2,53080437.4442,238769,26182612.6847
1621987200000,13.613,15.105,13.382,14.545,3108476.8,44000556.2380,181018,21448619.1778
1622073600000,14.542,14.550,12.854,13.334,2537140.3,34516590.5082,158114,16345254.4178
1622160000000,13.336,13.516,11.083,11.915,2608377.2,31609139.5424,168325,15137204.4404
1622246400000,11.921,12.518,10.379,10.902,2461043.1,28150797.6203,154285,13860756.8918
1622332800000,10.897,12.428,10.252,11.738,2401747.2,27740405.1403,149151,13580009.3019
1622419200000,11.739,13.300,11.160,13.292,2258076.2,27774784.8711,134988,13667817.6743
1622505600000,13.298,13.440,12.100,12.676,1844463.6,23346864.9363,136453,11281042.7791
1622592000000,12.676,13.470,12.139,12.826,1727927.4,22266825.2374,153162,11050365.2580
1622678400000,12.828,14.082,12.600,13.557,2471125.3,33180374.7692,188450,15887525.3542
1622764800000,13.555,13.590,11.616,12.199,2909809.6,35894268.3446,213283,16932402.2148
1622851200000,12.198,13.019,11.338,11.633,2391700.4,29180357.8075,187425,14221828.2356
1622937600000,11.640,12.178,11.496,11.906,1699912.1,20153665.9788,148561,10059351.5969
1623024000000,11.907,12.330,10.712,10.807,2154238.0,25209367.7785,177689,12216176.4701
1623110400000,10.807,11.026,9.426,10.392,3667519.7,37616869.1898,258736,18544656.0165
1623196800000,10.390,10.959,9.850,10.895,2619222.5,27369526.7031,189950,13677145.4890
1623283200000,10.894,10.951,9.824,9.923,1894670.8,19783050.7141,154697,9760811.5193
1623369600000,9.923,10.063,8.529,8.636,7957024.0,72077612.0633,340252,33700406.8897
1623456000000,8.638,8.750,7.897,8.455,4146450.4,34574629.6866,241414,16836585.9617
1623542400000,8.456,9.182,8.102,9.122,3098194.6,26423997.4238,200570,12833756.3638
1623628800000,9.124,10.089,8.669,10.080,4098647.9,38080248.1091,213429,18307445.9579
1623715200000,10.083,10.447,9.521,9.724,3771485.5,37757275.1548,208914,18388764.0779
1623801600000,9.721,9.925,8.883,9.061,2797058.3,26051577.8569,148919,12902221.8598
1623888000000,9.059,9.510,8.714,9.008,2098496.2,19134065.6032,109602,9133240.9077
1623974400000,9.014,9.019,7.904,8.308,3107097.2,26336953.0481,134824,12369334.7559
1624060800000,8.308,8.615,8.036,8.070,2034220.1,16913197.9555,91297,8119198.0395
1624147200000,8.070,8.642,7.740,8.468,2898256.5,23743439.5856,126623,11606441.8477
1624233600000,8.470,8.536,6.462,6.535,6023031.3,43600154.4400,247890,21019636.9326
1624320000000,6.535,6.991,5.538,6.337,7201726.6,45712744.9348,266283,22465653.4809
1624406400000,6.334,7.127,6.067,6.647,4430286.0,29798002.6131,171782,14794921.1422
1624492800000,6.647,6.914,6.291,6.607,3212807.8,21200529.6478,119771,10507420.4131
1624579200000,6.608,6.705,5.686,5.806,4912421.0,30303061.9028,174185,14435333.4685
1624665600000,5.806,6.018,5.550,5.949,4284844.0,24742819.3342,154763,12434698.8965
1624752000000,5.950,6.406,5.802,6.406,3311807.8,20027066.4227,123000,10184012.4603
1624838400000,6.403,7.149,6.318,7.010,4059726.3,27032666.9642,130998,13092340.7203
1624924800000,7.013,7.461,6.974,7.200,4267055.1,30887237.2412,143729,15123711.2493
1625011200000,7.201,7.352,6.649,7.339,3202961.0,22352124.9791,124709,11725433.4616
1625097600000,7.338,7.344,6.630,6.825,2441445.2,16888647.4356,100597,8115529.8492
1625184000000,6.829,6.945,6.421,6.908,1786808.6,11844259.8909,93532,5680548.2835
1625270400000,6.905,7.496,6.756,7.276,3480602.5,25080393.0851,139177,12453840.9170
1625356800000,7.276,8.936,7.002,8.599,8933198.4,73995943.1786,285402,37195302.2633
1625443200000,8.596,11.390,8.358,10.594,46813185.1,459132043.3558,1260334,242596046.5689
1625529600000,10.597,12.700,10.351,11.174,37353959.9,438420292.7741,1153730,222935041.6350
1625616000000,11.175,11.818,10.651,10.757,11654182.3,130809546.9229,428512,64811320.0410
1625702400000,10.756,10.769,9.380,9.618,9507380.8,94975402.4111,337520,48389916.2328
1625788800000,9.610,12.100,9.172,11.464,24971330.3,276295278.0994,815456,139748579.6104
1625875200000,11.462,11.954,10.455,11.031,10130770.6,112071248.3397,386772,55762383.2778
1625961600000,11.033,12.900,10.756,12.424,14963635.0,178766140.2567,504193,91651536.4283
1626048000000,12.424,13.600,12.030,12.089,23352820.2,300678050.7519,722740,153736422.7343
1626134400000,12.088,12.241,10.787,10.991,12961565.3,149949080.3117,428515,73220262.6521
1626220800000,10.994,11.106,10.002,10.449,10661638.2,111640121.4419,355893,54539619.4859
1626307200000,10.443,10.800,9.419,9.591,9539585.9,94865910.3951,329323,45744101.7264
1626393600000,9.591,10.230,8.833,8.894,8215600.0,77670961.3606,282821,37850961.4386
1626480000000,8.894,9.217,8.666,8.836,6278049.5,56099995.2480,222176,28079575.8867
1626566400000,8.837,9.500,8.807,8.870,6071788.7,55664215.2376,204617,27136166.0755
1626652800000,8.872,8.928,8.048,8.178,6272962.7,52805818.2964,205838,26457239.7668
1626739200000,8.181,8.313,7.241,7.549,7303416.3,55762129.8917,204678,28527655.2621
1626825600000,7.550,8.598,7.144,8.485,10513369.3,83633115.9498,295045,40823055.1364
1626912000000,8.484,8.904,8.208,8.520,6472669.5,55574585.1327,212311,26870261.2158
1626998400000,8.522,8.954,8.064,8.738,6502601.6,55362670.7086,187697,25726836.2617
1627084800000,8.744,8.781,8.333,8.613,5994312.2,51419437.6033,163282,23618620.8665
1627171200000,8.611,8.638,8.007,8.381,4350910.8,36208713.7055,127242,17295574.8262
1627257600000,8.381,10.476,8.340,9.335,13199307.7,125605283.5449,384720,61100441.8042
1627344000000,9.333,9.849,8.777,9.347,9237034.4,84740502.6319,268322,40257790.0235
1627430400000,9.344,9.460,8.914,9.104,5693151.4,52327497.8744,181573,25158101.1727
1627516800000,9.106,10.080,8.841,9.977,5947315.9,56127284.9626,189346,27438019.8183
1627603200000,9.975,10.241,8.970,9.595,6467126.1,61310865.5068,212993,28623051.6780
1627689600000,9.597,10.236,9.454,10.128,7377153.8,72933912.0090,239381,34686342.4235
1627776000000,10.141,10.417,9.320,9.454,5817978.0,58184602.3229,214965,26862842.3978
1627862400000,9.458,9.841,9.272,9.498,4076627.5,38949610.4877,166566,18486451.2544
1627948800000,9.498,9.591,8.817,9.049,4820223.2,43871984.4563,187691,20492390.7168
1628035200000,9.052,9.800,8.907,9.662,4543011.0,42740415.6406,181089,20424373.5937
1628121600000,9.660,10.883,9.333,10.545,11295112.5,114146884.0198,374924,54406752.7586
1628208000000,10.545,10.671,9.976,10.194,6982059.8,71941812.0615,254798,33321251.2000
1628294400000,10.193,11.090,10.050,10.588,8801288.3,92896475.0332,272215,43588877.1127
1628380800000,10.585,10.795,9.525,9.686,6624171.8,67003034.7779,233065,31034997.0362
1628467200000,9.686,10.339,9.311,10.157,5842998.8,58093735.9409,193422,27950599.5728
1628553600000,10.158,10.585,9.809,10.279,5481702.7,56015776.0077,197176,26795200.3490
1628640000000,10.277,11.507,10.164,10.675,9857708.4,107868392.8247,322437,49595295.9935
1628726400000,10.676,11.203,9.989,10.427,6332045.4,66389549.7797,238794,30054604.5524
1628812800000,10.428,12.200,10.296,12.100,8487789.0,98233034.3205,304555,46876018.5791
1628899200000,12.102,13.197,11.684,12.999,9020558.0,112523676.8334,334059,53300322.2343
1628985600000,13.000,13.438,11.998,12.875,6399203.5,80383271.8448,257504,38224440.6642
1629072000000,12.872,13.385,12.010,12.129,6248010.7,79990299.6590,240764,36246242.0090
1629158400000,12.129,13.127,11.103,11.251,5971924.2,72958155.7523,247432,33585042.2007
1629244800000,11.250,11.897,10.746,11.340,5351579.6,60911995.7254,226520,28689357.2134
1629331200000,11.341,12.517,11.032,12.410,5495413.4,64129056.4853,224435,31245865.2087
1629417600000,12.410,13.037,12.132,12.611,5314678.6,66614875.9453,224030,31747350.6921
1629504000000,12.611,14.561,12.328,13.076,10803025.4,148170088.1731,451410,68806382.2446
1629590400000,13.071,13.946,12.732,13.538,5598673.7,74548930.4878,270530,35323085.0554
1629676800000,13.535,14.384,13.322,13.640,5000278.1,69217345.5545,253102,31485915.1408
1629763200000,13.639,13.875,11.985,12.219,5120214.8,66777272.6130,247651,30327978.9241
1629849600000,12.220,12.788,11.742,12.423,4375309.6,53983015.6059,218121,25487558.3666
1629936000000,12.423,12.640,11.112,11.420,4478244.6,52413666.1217,200494,23893016.1669
1630022400000,11.421,12.329,11.083,12.246,3300539.0,38745053.0275,156844,18852907.2547
1630108800000,12.250,12.418,11.822,12.007,2880538.2,34858215.6544,147062,16019351.1839
1630195200000,12.010,12.189,11.300,11.656,4635290.8,53924902.7612,209257,24729705.1592
1630281600000,11.656,11.983,10.898,11.110,5723533.2,65528723.9389,225896,30427126.2311
1630368000000,11.110,11.900,10.905,11.592,4830168.5,55302637.7681,208507,25629697.6958
1630454400000,11.588,12.541,11.303,12.526,5333096.1,64433842.1494,210092,29594859.1379
1630540800000,12.527,13.018,12.131,12.555,7014808.5,88963037.5026,289233,41510136.7057
1630627200000,12.557,12.952,12.112,12.469,5568606.8,70067349.7470,237838,30970859.5078
1630713600000,12.467,12.940,12.255,12.384,5078332.0,63960787.0864,215228,28676978.8976
1630800000000,12.389,13.160,12.231,12.962,5598549.9,71798979.1926,232968,32051992.1441
1630886400000,12.962,13.962,12.318,13.588,9322851.8,124639811.0944,372856,55152117.1728
1630972800000,13.586,14.331,8.630,10.738,15423576.0,186210438.9722,585911,82804228.1696
1631059200000,10.735,11.306,9.847,11.069,6897171.5,73572251.0351,302153,35896908.0495
1631145600000,11.066,11.580,10.756,11.324,4654263.6,52334218.6450,225941,25118070.2288
1631232000000,11.329,11.858,10.216,10.560,4064849.2,44805164.1885,185437,21302488.9448
1631318400000,10.564,11.083,10.467,10.832,2137705.3,23091647.3771,120523,11036781.3168
1631404800000,10.832,11.452,10.572,10.956,2336958.7,25767615.9749,123523,11902724.6657
1631491200000,10.960,12.935,10.053,12.831,10805605.6,126270584.7236,385269,63912587.5452
1631577600000,12.838,13.977,12.202,13.817,21740523.1,282253083.2291,724018,141737818.9843
1631664000000,13.820,15.367,13.053,15.032,15007083.1,211650448.9814,553966,104930947.1222
1631750400000,15.029,15.865,13.860,14.631,11789809.7,177269532.9306,535607,85686527.7104
1631836800000,14.627,14.969,12.450,12.781,10775019.5,145368356.5561,458003,69323090.3924
1631923200000,12.792,13.603,12.324,12.586,5939334.4,77183513.9576,269345,35823109.8519
1632009600000,12.589,13.371,12.000,12.835,6941818.7,88287000.4606,284387,42041119.0752
1632096000000,12.834,12.888,10.018,10.649,10113001.4,112962123.6311,392763,53425058.9599
1632182400000,10.646,11.057,9.230,9.514,6810086.4,70461508.0597,279536,33856785.5024
1632268800000,9.520,10.966,9.323,10.912,5773693.3,59151863.9924,227834,29379244.2600
1632355200000,10.912,12.093,10.625,11.739,5528277.6,62487458.2767,241113,30576163.7503
1632441600000,11.737,11.787,9.762,10.493,5710732.9,60471003.8470,258192,28877188.2957
1632528000000,10.494,10.688,9.964,10.173,3730718.3,38421510.4223,177711,18379718.3326
1632614400000,10.172,10.727,9.241,10.450,5654676.0,57474559.6303,211675,28234220.5732
1632700800000,10.449,11.143,9.774,9.819,4676129.6,48826881.8969,203474,23070049.4138
1632787200000,9.819,10.052,9.253,9.297,3810610.5,36747914.8789,161027,17572095.8910
1632873600000,9.296,9.896,9.125,9.276,4001999.3,38248694.3220,163441,18778603.2257
1632960000000,9.277,9.756,9.248,9.589,3853395.9,36697588.3751,168758,17434316.3700
1633046400000,9.589,10.499,9.508,10.492,4739337.0,47829220.9329,210905,23830705.6854
1633132800000,10.492,11.477,10.287,10.776,5070928.5,54685295.7785,238062,26700197.0720
1633219200000,10.773,11.250,10.480,10.700,4340215.9,47190581.2596,181824,21970857.8357
1633305600000,10.704,10.742,10.066,10.279,3800387.3,39682462.9433,185566,18348263.8402
1633392000000,10.284,10.665,10.006,10.513,5744593.8,58891806.1805,225908,27848317.2648
1633478400000,10.515,10.531,9.621,10.261,5362508.2,54339902.0667,198032,25206593.2576
1633564800000,10.263,10.448,9.911,10.309,4566811.5,46331035.3851,183888,21928129.7764
1633651200000,10.309,10.490,9.971,10.073,4937551.9,50563091.5869,188508,23946562.6949
1633737600000,10.078,10.419,9.922,10.217,3897350.4,39606601.3417,158753,18801158.1130
1633824000000,10.217,10.347,9.562,9.598,4452233.8,44626608.1612,171845,20098302.3036
1633910400000,9.597,10.054,9.303,9.585,3861240.5,37469318.2894,166278,18169380.5519
1633996800000,9.582,9.585,8.905,9.227,5022481.9,46398850.8607,190166,22118638.3844
1634083200000,9.227,9.436,9.049,9.404,4613627.1,42749314.7616,177182,20423306.8088
1634169600000,9.404,10.037,9.353,9.999,4623189.4,45089155.1171,183162,22438819.7942
1634256000000,9.998,10.357,9.597,9.765,6506003.0,64696130.1011,221347,30756654.0717
1634342400000,9.765,10.135,9.680,9.792,3618944.3,35730440.4003,129671,16585004.7865
1634428800000,9.793,9.966,9.217,9.574,2825600.4,27381397.1937,112317,12937143.8340
1634515200000,9.573,9.688,9.241,9.412,3162506.0,29972301.9176,146634,14080578.4567
1634601600000,9.413,9.549,9.219,9.405,2724293.8,25656277.1754,111996,11715602.3662
1634688000000,9.405,10.067,9.328,9.968,3515740.3,34039877.0431,143938,16416124.2352
1634774400000,9.967,10.149,9.404,9.470,5199901.6,50840079.2701,216849,22482437.8000
1634860800000,9.468,9.881,9.400,9.664,3652670.4,35170483.1767,135433,16988539.4059
1634947200000,9.664,10.182,9.618,9.938,4956977.7,49015264.2033,177261,23504851.1280
1635033600000,9.940,10.055,9.266,9.439,3752693.6,36154232.6258,139126,15970222.1924
1635120000000,9.441,9.898,9.414,9.884,3255873.9,31543098.1692,133579,15087992.1301
1635206400000,9.884,11.009,9.818,10.362,12039821.9,126197742.2929,338680,60957379.1473
1635292800000,10.361,11.194,8.700,9.268,14224416.1,142224298.0602,407234,66389260.3909
1635379200000,9.268,9.925,9.184,9.710,5457697.0,52472322.7043,194153,24339679.0318
1635465600000,9.710,10.692,9.643,10.368,5927338.1,60246338.7395,222354,29014444.6845
1635552000000,10.368,10.448,9.688,9.872,4067061.0,40821383.5866,153053,18812950.8929
1635638400000,9.884,10.194,9.477,10.149,5919248.2,58442644.2144,198448,27773087.5992
1635724800000,10.151,10.831,9.653,10.324,7632315.7,78501914.5389,261437,36095115.0803
1635811200000,10.323,10.674,10.216,10.459,4123383.6,43040656.3057,156832,18739883.9444
1635897600000,10.459,11.736,10.320,11.270,14477151.9,162285544.8462,466980,77161920.0988
1635984000000,11.272,11.285,10.334,10.656,6186892.1,66805748.8913,211640,30324000.3678
1636070400000,10.654,10.703,10.170,10.388,4024909.6,42133971.6291,147498,18979556.4031
1636156800000,10.387,10.471,9.701,10.156,3095312.8,31173359.2308,145312,13625790.7771
1636243200000,10.154,10.707,10.116,10.492,3701248.3,38459763.4371,161994,18070309.7213
1636329600000,10.493,10.577,10.288,10.497,3467824.1,36134113.4124,153084,16253818.2837
1636416000000,10.498,10.974,10.428,10.688,5619517.9,60130587.1318,206112,27235471.4466
1636502400000,10.689,10.993,8.656,9.589,8825039.9,89098502.5249,271128,39663670.8301
1636588800000,9.587,10.209,9.459,9.903,5079858.6,50254374.2086,194006,23304964.6761
1636675200000,9.902,10.137,9.243,9.560,4957290.3,48262305.0157,192680,22175058.8543
1636761600000,9.561,10.051,9.429,9.817,4154178.0,40359914.1021,160069,18597414.7924
1636848000000,9.817,10.632,9.810,10.029,7496026.2,76329824.7030,270531,36083803.2429
1636934400000,10.028,10.190,9.507,9.610,5687079.3,56071630.5945,204335,24584797.0496
1637020800000,9.607,9.609,8.186,8.814,7631387.2,68363871.1921,274682,30765424.6377
1637107200000,8.817,9.025,8.451,8.949,3355550.0,29450588.4687,156913,13981406.7684
1637193600000,8.950,9.007,8.010,8.200,3918139.8,33181996.5887,168578,15591281.6247
1637280000000,8.197,8.833,8.010,8.648,2916270.0,24755323.0940,150554,11823978.1343
1637366400000,8.648,8.982,8.482,8.851,3763905.6,33080694.5400,167927,15570579.5061
1637452800000,8.851,8.867,8.546,8.576,2675412.6,23345429.1359,124495,10851641.7836
1637539200000,8.577,8.604,8.015,8.175,4000851.2,33203611.6694,170164,15341512.1049
1637625600000,8.174,8.297,7.778,8.271,6648668.5,53412373.6444,192572,25156872.7420
1637712000000,8.273,8.301,7.752,7.882,5435986.7,43576216.6259,187097,20074162.9352
1637798400000,7.883,8.248,7.778,8.075,4977387.3,39903441.4549,143068,18182306.1573
1637884800000,8.077,8.245,7.000,7.452,9559058.5,71482754.3536,249044,33620293.5622
1637971200000,7.446,7.907,7.403,7.706,3649440.1,28102061.7883,127925,13637102.0090
1638057600000,7.704,7.733,7.090,7.635,3929871.7,29195355.5163,146903,14260151.1329
1638144000000,7.635,8.002,7.471,7.907,4253949.3,32914781.1065,146163,16144633.5413
1638230400000,7.904,8.009,7.520,7.666,5536752.2,43009677.3662,182273,19822832.5606
1638316800000,7.668,7.778,7.270,7.394,4551867.4,34480521.0768,145635,15802171.0791
1638403200000,7.395,7.411,7.100,7.254,4416470.2,32050728.2844,141037,15519821.6762
1638489600000,7.253,7.707,6.715,6.964,6059032.0,44009457.2371,179879,20135691.6053
1638576000000,6.965,6.968,4.396,6.216,16197575.2,92900108.8243,379346,43153657.4964
1638662400000,6.216,6.360,5.623,5.850,5686400.5,33771593.5366,169518,16411878.3643
1638748800000,5.851,6.065,5.320,6.004,6378956.8,36132451.7653,189208,17827496.3848
1638835200000,6.005,6.106,5.754,5.875,4514859.3,26835055.0709,138750,13139947.6830
1638921600000,5.874,6.251,5.638,6.250,5758369.9,34398811.4477,171216,16892485.6327
1639008000000,6.249,6.301,5.535,5.544,6033827.1,35247676.2929,179355,17563205.1626
1639094400000,5.545,5.868,5.256,5.292,6236059.5,34814187.5655,177209,16666816.6301
1639180800000,5.294,5.680,5.199,5.661,3506978.2,19162932.3903,113967,9301781.2989
1639267200000,5.659,5.787,5.221,5.520,8005798.2,43948873.5413,191582,21618752.7504
1639353600000,5.520,5.570,4.744,4.904,7047332.7,36142574.9528,176377,17685537.1960
1639440000000,4.904,5.176,4.809,5.069,6342478.2,31718476.8419,169037,15449240.0795
1639526400000,5.069,5.321,4.767,5.208,6326104.6,31972610.0947,156571,15531771.0097
1639612800000,5.209,5.294,5.010,5.036,4682304.6,24239706.8854,124965,11418995.7091
1639699200000,5.039,5.118,4.750,5.096,6642465.8,32838675.6033,149272,15864140.6242
1639785600000,5.094,5.489,4.993,5.184,9973621.9,52143127.4627,213565,25221793.3795
1639872000000,5.184,5.500,5.114,5.199,4880393.8,25716770.1074,119119,12372355.3746
1639958400000,5.198,5.212,4.800,5.110,5783748.3,28968436.6757,140274,13642669.3149
1640044800000,5.111,5.396,5.073,5.354,5245268.5,27695601.0322,127684,13553050.6901
1640131200000,5.353,5.788,5.272,5.521,7074454.2,39049836.6305,177388,18800522.8334
1640217600000,5.523,6.275,5.439,6.085,10184150.1,59653406.4719,228999,28926506.3158
1640304000000,6.086,6.349,5.646,5.721,7716289.7,46378848.9410,170350,21314409.0970
1640390400000,5.724,5.929,5.676,5.878,4039003.4,23455097.0872,127750,11047362.4779
1640476800000,5.878,6.459,5.540,6.233,10133117.7,62365213.9856,237596,30115190.5381
1640563200000,6.235,6.813,6.160,6.445,10585665.0,68438697.5392,235623,32846361.6804
1640649600000,6.447,6.451,5.750,5.840,10694080.5,65007280.6162,251139,31653817.6517
1640736000000,5.840,6.071,5.363,5.447,9838035.3,56236933.2749,199047,26774918.1015
1640822400000,5.446,5.617,5.276,5.540,5279146.6,28836353.5212,139115,14016016.8331
1640908800000,5.542,5.809,5.341,5.482,6089598.8,33969435.4120,140918,16835762.1174
1640995200000,5.482,6.025,5.482,5.982,5333606.5,30925399.2116,125949,15356300.4829
1641081600000,5.981,6.328,5.849,6.236,7013158.1,42834723.0091,154824,20826328.5208
1641168000000,6.234,7.204,6.101,7.175,19107648.2,126978900.1975,392449,63120643.1678
1641254400000,7.178,7.327,6.560,6.598,20927821.1,146081385.9174,435973,69716095.3491
1641340800000,6.598,7.466,5.947,6.365,18490693.4,127220253.2120,429169,61273471.6264
1641427200000,6.366,6.423,5.826,5.949,11625475.4,70627620.5256,253108,34097718.4704
1641513600000,5.949,5.980,5.249,5.406,11076990.5,61021477.6460,247493,28166678.8544
1641600000000,5.406,5.605,4.902,5.017,8313011.8,43924395.0692,172300,21387669.8811
1641686400000,5.017,5.264,4.963,5.092,6227097.9,31928931.3815,145075,15646844.0902
1641772800000,5.092,5.161,4.600,4.865,8100839.0,39697976.2205,153959,19461355.8873
1641859200000,4.866,5.116,4.817,5.083,4355964.4,21610814.2087,103250,10238327.0607
1641945600000,5.085,5.481,5.042,5.433,4215309.9,22133283.1945,110236,10207969.9499
1642032000000,5.429,5.505,5.057,5.083,5580153.0,29475717.2424,143168,13599585.8377
1642118400000,5.082,5.254,4.920,5.211,3325512.8,16905459.3916,91989,7831301.6428
1642204800000,5.212,5.405,5.194,5.272,3406573.5,18182450.4520,90941,8266200.5586
1642291200000,5.272,5.444,5.169,5.381,3421488.6,18218370.4309,94864,8972321.5645
1642377600000,5.380,5.459,4.905,4.974,5222210.4,26502035.9024,123756,12355200.6621
1642464000000,4.975,5.124,4.844,5.010,7429742.0,37007177.4972,151700,17867553.8765
1642550400000,5.010,5.041,4.832,4.891,7110603.9,35106453.0397,145485,17995654.5759
1642636800000,4.890,5.091,4.700,4.774,6170883.4,30353165.6147,128142,15063262.5888
1642723200000,4.774,4.846,4.046,4.170,13928068.3,63837796.4335,287329,30424087.9028
1642809600000,4.168,4.244,3.500,3.771,11608576.4,44780603.7643,233538,22779364.4175
1642896000000,3.773,4.002,3.678,3.931,4862597.8,18761387.2847,117463,9692004.2558
1642982400000,3.930,4.260,3.511,4.216,17112384.4,66135717.8761,274834,32609670.5343
1643068800000,4.213,4.363,4.006,4.280,11417176.5,47597210.8544,187951,23964904.8052
1643155200000,4.283,4.858,4.237,4.620,14850073.3,68572020.9482,244550,35153188.8675
1643241600000,4.619,4.986,4.380,4.564,14611704.2,68036191.6537,264425,34581014.3282
1643328000000,4.563,4.719,4.425,4.559,8273046.0,37789276.4776,165492,18309153.2207
1643414400000,4.560,5.488,4.542,5.394,13798258.3,70543965.3937,228241,37236413.4860
1643500800000,5.394,5.550,5.103,5.249,17193940.4,91451109.8219,270765,45752378.5662
1643587200000,5.249,5.806,5.018,5.728,18205774.3,99261595.4010,306952,50944401.2518
1643673600000,5.730,5.733,5.339,5.363,9063571.8,49861033.4453,197385,23123491.4916
1643760000000,5.363,5.989,5.266,5.317,22666804.2,129098232.8220,385726,65400941.2315
1643846400000,5.319,5.423,4.911,5.081,14088470.2,72266957.5550,252958,33603461.6586
1643932800000,5.079,5.540,4.936,5.520,11837683.8,61435032.0614,227868,29531577.8918
1644019200000,5.525,6.028,5.488,5.744,9377574.3,54276195.7097,210783,28418784.4682
1644105600000,5.747,5.886,5.505,5.799,4772979.5,27203863.5289,126853,13217555.5360
1644192000000,5.800,5.980,5.601,5.908,5920048.2,34392891.4646,155138,16929315.1648
1644278400000,5.907,6.072,5.339,5.522,7065887.7,39790075.0847,179666,18973541.7642
1644364800000,5.524,5.899,5.357,5.836,4841587.9,27152399.3147,138211,13533069.7399
1644451200000,5.834,5.850,5.207,5.222,6703046.7,36920823.8278,173898,16913763.6476
1644537600000,5.223,5.362,4.728,4.890,5678713.2,29112732.6070,156454,13678611.8272
1644624000000,4.890,5.066,4.684,4.892,4726395.9,23073848.2221,129608,11622560.5741
1644710400000,4.892,4.959,4.445,4.458,5707510.6,26779756.9329,126426,12812794.4300
1644796800000,4.457,4.608,4.341,4.575,5884067.9,26290909.4537,141962,11989195.3585
1644883200000,4.575,5.089,4.567,5.086,6732955.3,32655052.1048,161594,17537811.7492
1644969600000,5.084,5.129,4.792,4.900,6241021.3,30959881.4413,143335,14413331.9094
1645056000000,4.898,4.982,4.520,4.588,6065402.0,29195768.7724,140078,14433313.1557
1645142400000,4.589,4.680,4.316,4.360,3451328.1,15561456.3833,88857,7586426.3254
1645228800000,4.359,4.452,4.188,4.365,2740525.5,11887392.1816,66009,5954672.6368
1645315200000,4.364,4.368,3.944,4.058,4910616.0,20239666.9493,86091,10157073.3243
1645401600000,4.056,4.264,3.706,3.723,8122376.6,32739175.1974,142046,15688959.6815
1645488000000,3.723,4.015,3.610,3.998,7346042.3,28226515.9140,116237,13922721.5963
1645574400000,3.998,4.165,3.723,3.741,5845207.7,23363510.6620,95864,11081958.2533
1645660800000,3.740,3.956,3.312,3.929,15841125.6,56700681.7560,225807,27079070.8397
1645747200000,3.930,4.111,3.878,4.014,9024878.4,36080933.5976,157059,19068744.1691
1645833600000,4.013,4.173,3.829,3.867,5838276.1,23208519.3419,103810,10140943.4292
1645920000000,3.868,4.109,3.649,3.736,7751979.6,29932010.2702,134813,15803198.4748
1646006400000,3.738,4.159,3.620,4.150,5560747.4,21442030.2128,103570,10824296.3003
1646092800000,4.151,4.322,4.028,4.175,5939343.4,24732690.9905,107693,12734990.3128
1646179200000,4.175,4.209,3.933,3.970,6238249.4,25280399.4667,104234,12275427.1419
1646265600000,3.970,4.015,3.722,3.807,5134949.0,19781190.1563,95587,8469344.6352
1646352000000,3.806,3.812,3.542,3.617,4577266.3,16909226.6928,97604,8063666.0457
1646438400000,3.617,3.898,3.510,3.857,15984372.8,60595085.1878,206287,31035060.5013
1646524800000,3.856,3.900,3.535,3.549,10908710.1,40711904.3162,162260,18964899.1686
1646611200000,3.549,3.779,3.449,3.610,10240106.8,36589886.3305,151567,19246293.7731
1646697600000,3.608,3.977,3.579,3.910,13480731.0,51814048.0382,219754,27056934.3923
1646784000000,3.910,4.846,3.886,4.724,28470738.6,128743199.1800,416102,69066443.9813
1646870400000,4.723,4.905,4.366,4.468,23577200.6,108251546.7525,401618,57015090.5721
1646956800000,4.466,4.877,4.081,4.161,18523707.8,81401858.9942,300543,38455573.8004
1647043200000,4.163,4.342,4.102,4.174,8330483.7,35140493.9387,141635,17236374.1430
1647129600000,4.174,4.286,3.839,3.895,7230373.5,29418039.0856,123689,14143803.6370
1647216000000,3.895,4.025,3.868,3.959,6513814.3,25693119.7943,103844,12995643.3527
1647302400000,3.962,4.103,3.786,3.938,10257829.0,40020956.5278,150708,20705871.4760
1647388800000,3.938,4.302,3.859,4.208,8097029.0,32926295.9234,139470,16542958.5129
1647475200000,4.208,4.582,4.150,4.391,13570939.8,59988414.7327,237612,28862342.5005
1647561600000,4.391,5.240,4.333,5.019,25764626.4,124136585.8936,436857,63873991.8586
1647648000000,5.019,5.631,5.005,5.165,22778225.5,119776982.2976,425367,59158632.0763
1647734400000,5.165,5.497,4.897,5.214,14685710.3,76130251.5843,302715,38211512.6881
1647820800000,5.215,5.374,4.944,4.964,11828211.2,60758016.5083,233702,29958548.1663
1647907200000,4.963,5.384,4.914,5.171,10252549.0,52641147.2617,197533,25258143.7076
1647993600000,5.171,5.380,4.979,5.376,11393242.8,58779519.4137,224986,28380610.4550
1648080000000,5.375,5.538,5.139,5.277,12327417.7,65560825.1310,226607,32021723.5637
1648166400000,5.277,5.416,4.957,5.051,9446906.2,49385903.4979,172645,22838224.2814
1648252800000,5.050,5.267,5.007,5.115,6261674.3,32156370.8161,113682,15114497.3229
1648339200000,5.115,5.435,5.100,5.414,7067606.6,37008204.0781,138849,18151616.1738
1648425600000,5.414,5.771,5.239,5.357,11420561.2,63635779.0161,224266,29507664.6642
1648512000000,5.353,5.942,5.336,5.705,9388583.6,53413559.6450,214186,25300174.2688
1648598400000,5.705,6.715,5.662,6.628,19214906.4,120719609.9681,435563,58362964.0220
1648684800000,6.628,7.269,6.542,6.814,18605873.4,128956045.9662,474048,62363213.2846
1648771200000,6.817,8.198,6.619,7.714,20919868.6,152580964.8057,564476,74542774.0644
1648857600000,7.714,7.798,7.053,7.197,15155751.1,112953370.5651,356422,53540420.1518
1648944000000,7.199,7.467,7.020,7.314,9219569.0,66536471.1700,228065,31552136.1548
1649030400000,7.315,7.414,6.652,6.951,12461674.7,88490972.6671,255803,42996263.3841
1649116800000,6.953,7.002,6.090,6.135,11341790.8,75526738.1134,257177,35423309.2148
1649203200000,6.135,6.143,5.351,5.379,12837320.6,74128197.4827,298747,36221350.9462
1649289600000,5.379,5.856,5.258,5.665,7922011.3,44482821.9495,219889,21664738.2898
1649376000000,5.665,5.783,5.156,5.215,8163010.6,45604276.1899,198630,21505789.6257
1649462400000,5.216,5.425,5.139,5.407,4609240.3,24261954.3765,122922,11938728.8372
1649548800000,5.411,5.428,5.065,5.076,4516925.7,23696269.1217,114475,11416327.4496
1649635200000,5.076,5.134,4.430,4.500,7171563.5,33912895.8895,166544,15995593.6296
1649721600000,4.499,5.073,4.448,4.950,13677653.6,66109560.2620,285915,32973118.8002
1649808000000,4.950,5.195,4.826,5.149,10968106.7,54983771.4051,224411,26916187.4708
1649894400000,5.151,5.618,5.105,5.195,17375029.7,93107184.0156,301702,44215781.9305
1649980800000,5.194,5.790,5.157,5.359,20874115.3,115209045.5927,289300,57829015.0956
1650067200000,5.359,5.547,5.172,5.206,8071746.2,43022406.3742,136275,19919871.4329
1650153600000,5.206,5.324,4.973,4.990,6241722.5,32436428.8725,103622,15498816.2832
1650240000000,4.990,5.182,4.723,5.170,6047043.9,29913453.7916,112115,15042784.4771
1650326400000,5.173,6.299,5.063,6.174,22276927.5,128739630.8418,368645,64058099.8983
1650412800000,6.173,7.190,5.948,6.613,52451325.2,345267816.8930,915416,172758187.0635
1650499200000,6.610,6.931,5.844,5.866,19377961.0,125022075.7718,370367,60632995.2809
1650585600000,5.868,6.030,5.408,5.472,14587392.0,82585118.4672,268517,39022552.6856
1650672000000,5.471,5.892,5.365,5.816,15359870.6,87483027.9994,287262,42467744.1895
1650758400000,5.818,6.200,5.593,5.870,27307335.8,162120125.1817,473545,80167506.3086
1650844800000,5.870,6.234,5.284,6.157,17685053.9,100033167.6675,351941,49492815.2712
1650931200000,6.158,6.791,5.355,5.403,49155855.3,299139307.4667,810132,148123325.6704
1651017600000,5.402,6.012,5.386,5.856,18564279.9,107097093.4232,328770,53149219.3005
1651104000000,5.855,5.860,5.453,5.529,11823784.7,66676838.8324,206331,31805828.5616
1651190400000,5.529,5.771,4.902,4.982,12812544.2,68506246.5021,218645,31384737.4581
1651276800000,4.982,5.133,4.217,4.365,11599583.3,55060087.8922,181159,26143365.8170
1651363200000,4.365,4.898,4.264,4.814,10436729.9,47878003.4954,172631,23918301.4359
1651449600000,4.812,4.892,4.373,4.720,11813834.9,54746086.5819,181237,26856457.4328
1651536000000,4.720,4.962,4.472,4.634,10049194.6,47659706.9365,167588,23721687.3494
1651622400000,4.635,5.088,4.592,5.071,9189648.5,44497863.4524,146855,22129459.7622
1651708800000,5.070,5.239,4.381,4.529,13424799.4,64411856.7263,208613,31028785.7357
1651795200000,4.527,4.765,4.301,4.589,13540908.3,61672822.2185,224015,31522548.5977
1651881600000,4.591,4.756,4.228,4.318,10738338.2,49053370.0404,181378,23721466.8416
1651968000000,4.317,4.380,4.167,4.214,8716942.1,37323557.5919,140782,18748518.5760
1652054400000,4.214,4.366,3.160,3.231,32939835.3,116905856.6312,391337,57353127.2401
1652140800000,3.230,3.780,3.119,3.279,30783139.2,106013739.5705,390217,53100147.3221
1652227200000,3.279,3.414,2.283,2.505,39307175.8,109696970.7949,513017,54653104.6557
1652313600000,2.504,2.634,2.174,2.489,39918048.9,96357375.1223,501102,48541834.7480
1652400000000,2.490,2.997,2.354,2.606,20196314.9,55085090.3539,253989,27127273.8317
1652486400000,2.607,2.775,2.388,2.753,8705729.6,22450436.9011,107408,12091374.1292
1652572800000,2.753,3.059,2.588,3.054,10792605.9,30177118.3936,132889,15017758.1346
1652659200000,3.055,3.099,2.655,2.723,19007342.3,54047416.3451,232717,27159951.7017
1652745600000,2.724,2.987,2.636,2.883,12784401.5,36008549.2763,160573,18229483.0529
1652832000000,2.883,2.927,2.457,2.492,14574060.9,38662923.4342,160370,19488570.5409
1652918400000,2.491,2.735,2.350,2.676,11976806.5,30752198.6414,141503,15542937.7412
1653004800000,2.675,2.778,2.461,2.528,9971042.9,26138494.3661,126218,12795529.7682
1653091200000,2.529,2.663,2.475,2.591,8069342.0,20706878.5001,93489,10291583.6078
1653177600000,2.592,2.814,2.568,2.724,10008179.0,26986660.7311,109009,13386280.4021
1653264000000,2.724,2.918,2.551,2.587,16489477.9,45915582.7468,171345,22317477.8948
1653350400000,2.589,2.789,2.481,2.621,15882857.1,41862739.4519,162887,21137688.8795
1653436800000,2.620,2.743,2.505,2.550,13431495.4,35131804.5798,132645,17358076.3146
1653523200000,2.550,2.671,2.334,2.387,16900020.9,41751266.8264,178282,20835622.4365
1653609600000,2.387,2.511,2.306,2.456,21464424.1,51731448.8392,209539,25488720.5709
1653696000000,2.457,2.539,2.385,2.478,15038708.1,36941780.2387,129782,18742567.2101
1653782400000,2.479,2.659,2.421,2.603,13896757.8,35500974.5670,124531,18368193.1360
1653868800000,2.603,3.396,2.564,3.346,28435980.4,85372237.0088,298590,42732014.8189
1653955200000,3.347,3.442,3.000,3.122,25924919.6,83142677.9781,295093,40826131.3099
1654041600000,3.122,3.347,2.822,2.851,15461009.7,48052725.0531,217221,23867361.4807
1654128000000,2.851,3.113,2.759,3.018,11690430.5,33641695.2373,167542,16617423.8859
1654214400000,3.018,3.019,2.670,2.720,13974503.9,38900925.1456,166628,19157292.4559
1654300800000,2.719,2.729,2.580,2.682,9730388.2,25865630.8889,106405,13024790.1947
1654387200000,2.680,2.759,2.540,2.606,15502708.3,40904801.5200,132530,19954047.9298
1654473600000,2.606,2.907,2.591,2.775,13809801.3,38189563.7331,141939,18546694.0478
1654560000000,2.775,2.790,2.502,2.718,18138838.2,47424606.6657,186225,23449834.0680
1654646400000,2.718,2.786,2.558,2.634,10062113.3,26943589.2145,121176,13249273.9449
1654732800000,2.635,2.790,2.589,2.693,8991109.1,24181073.4645,108707,12164484.7844
1654819200000,2.693,2.739,2.430,2.447,8024141.8,20760210.0144,102452,9666042.4512
1654905600000,2.448,2.539,2.263,2.330,7876642.1,18827875.5068,97180,9003477.9310
1654992000000,2.330,2.346,2.176,2.215,16320480.3,37028789.6180,158925,18496894.2336
1655078400000,2.215,2.266,1.741,1.906,40223953.0,77849535.5069,326144,40043095.8337
1655164800000,1.905,1.939,1.681,1.854,21657783.2,39802783.3309,198062,20111280.3748
1655251200000,1.854,1.980,1.624,1.950,19405157.4,33890013.7218,175560,16903378.2684
1655337600000,1.951,2.013,1.712,1.743,12178436.8,22374000.4537,114963,11333719.5529
1655424000000,1.743,1.806,1.697,1.713,10997816.5,19159231.4801,108487,9399182.4113
1655510400000,1.713,1.750,1.421,1.552,13816310.4,21700450.7752,123891,10445147.5571
1655596800000,1.551,2.179,1.483,2.088,71707134.7,139252661.6524,536410,72877548.5995
1655683200000,2.088,3.444,1.966,3.264,580500716.8,1624530403.3408,4923200,840911292.8956
1655769600000,3.262,3.386,2.877,3.124,224065614.1,694118188.4556,1869406,353019074.8745
1655856000000,3.124,3.650,2.955,2.969,191697395.8,638905603.3097,1549554,322730009.8621
1655942400000,2.968,3.246,2.930,3.109,68924189.9,210689433.9785,598295,107678112.3555
1656028800000,3.109,3.336,2.950,3.026,53103098.2,162437371.0494,464053,82797418.9384
1656115200000,3.027,3.069,2.777,2.854,44457991.0,128454644.8538,375435,61585035.7325
1656201600000,2.853,2.983,2.650,2.663,28317918.7,80825871.5252,274118,39934007.0406
1656288000000,2.664,2.798,2.399,2.433,37696232.7,97160576.2156,323575,47287070.4026
1656374400000,2.432,2.594,2.285,2.480,71188066.6,173342766.1104,511818,85397451.0134
1656460800000,2.481,2.710,2.365,2.379,78648412.9,202272861.9554,630024,99916641.2966
1656547200000,2.379,2.405,2.100,2.280,48848541.3,108116267.2876,391632,53744739.3297
1656633600000,2.281,2.334,2.156,2.227,29430887.1,65689130.4353,235489,32821020.2407
1656720000000,2.228,2.645,2.202,2.604,79799237.3,195735580.7863,654193,100162146.6289
1656806400000,2.604,2.850,2.569,2.588,96583518.9,256944665.5713,785605,132003435.4009
1656892800000,2.587,2.959,2.492,2.835,87683388.0,242902802.2738,702611,128025260.6424
1656979200000,2.836,2.848,2.529,2.644,37987057.9,101673719.6523,345563,49408187.3854
1657065600000,2.644,2.788,2.553,2.614,29705759.8,78359267.1147,274198,38372872.2188
1657152000000,2.613,2.830,2.585,2.661,27904645.9,74655155.2071,249820,36673091.2640
1657238400000,2.663,2.733,2.479,2.496,25186662.2,64917357.4826,233156,31673490.8702
1657324800000,2.495,2.677,2.494,2.594,16693677.7,42815953.4614,155694,20897823.0838
1657411200000,2.594,2.648,2.382,2.441,21126073.5,52429489.5662,202067,25342913.7811
1657497600000,2.441,2.491,2.275,2.304,25159895.1,59989342.1811,236044,29037540.4703
1657584000000,2.303,2.495,2.298,2.323,44726372.5,107888712.2394,361684,54820721.0332
1657670400000,2.323,2.562,2.208,2.515,29876912.8,70476268.8612,263215,35600589.6260
1657756800000,2.514,2.795,2.510,2.708,51266008.5,136236531.3047,423882,69338245.8961
1657843200000,2.708,2.754,2.512,2.548,23562890.9,62189900.7711,228537,29658963.9139
1657929600000,2.547,2.949,2.532,2.802,33155160.7,91757488.0240,298479,46883520.7492
1658016000000,2.802,2.863,2.636,2.655,20083041.4,55021204.5381,199797,27485727.3941
1658102400000,2.655,3.121,2.651,2.936,36716497.6,105515865.9525,356774,52849478.4359
1658188800000,2.936,3.045,2.771,2.967,24035149.7,69989380.1071,278104,33916684.8274
1658275200000,2.968,3.199,2.793,2.858,33727299.5,102452589.1600,375011,50939254.0552
1658361600000,2.858,3.365,2.767,3.282,35534748.1,109784875.8707,373275,56292024.8828
1658448000000,3.283,3.400,2.980,3.013,30790793.0,98734726.2548,321768,48981658.7932
1658534400000,3.012,3.284,2.899,3.232,19300082.8,59230045.9197,229278,29400899.8938
1658620800000,3.232,3.532,3.188,3.419,47938039.4,161754382.8706,476667,85185956.9931
1658707200000,3.419,3.468,2.963,2.972,46344507.2,150715063.8289,461844,73381879.4494
1658793600000,2.971,3.063,2.807,2.962,26927155.8,79185976.0689,278734,39440106.9222
1658880000000,2.963,3.762,2.875,3.742,32761336.7,104886065.0962,343147,53546390.1782
1658966400000,3.743,4.445,3.595,4.130,79367447.8,314927148.4087,828177,159573138.7553
1659052800000,4.131,4.238,3.850,4.040,29008663.1,117034926.3870,386123,57261710.6365
1659139200000,4.040,4.040,3.550,3.638,22702189.2,87254555.4780,314255,41914928.8614
1659225600000,3.638,3.829,3.515,3.556,18288779.2,67584943.9769,255732,33193168.3567
1659312000000,3.556,3.776,3.410,3.598,24617071.2,88938785.0129,311442,42993003.5633
1659398400000,3.599,4.132,3.312,3.802,51120613.0,192328966.7590,620029,96415256.9961
1659484800000,3.803,4.047,3.654,3.702,39124378.7,150574872.8854,489627,74147706.9520
1659571200000,3.701,3.973,3.641,3.775,24501412.9,92467789.9020,314524,44430722.1258
1659657600000,3.775,4.189,3.764,4.052,26298484.0,104901089.6339,348818,52259184.6337
1659744000000,4.052,4.400,3.999,4.270,29459796.0,123922757.1325,380381,62901270.1296
1659830400000,4.270,4.289,4.041,4.081,18734080.8,77445589.6739,269937,36008703.7114
1659916800000,4.082,4.301,4.009,4.089,14662544.4,60883005.7977,212667,29126789.9707
1660003200000,4.090,4.125,3.708,3.808,14395999.3,56375914.5739,215633,25277888.4593
1660089600000,3.809,4.201,3.701,4.195,18669720.5,73565522.2853,261738,37803061.4676
1660176000000,4.196,4.344,3.969,4.028,21495325.6,89915360.8838,281328,43597114.3091
1660262400000,4.027,4.180,3.886,4.141,16790861.1,67580130.6700,229635,33483400.7238
1660348800000,4.140,4.151,3.950,3.968,8002503.8,32507875.3788,134781,14786692.3216
1660435200000,3.969,4.127,3.782,3.815,10348913.4,40966564.4607,167405,19393102.8931
1660521600000,3.814,3.946,3.578,3.688,11485835.7,43210927.3877,185378,20680832.4267
1660608000000,3.687,3.790,3.601,3.677,12294350.4,45372362.7604,186147,22248459.6423
1660694400000,3.676,3.840,3.441,3.500,15750452.7,56973334.1459,221193,27091418.7563
1660780800000,3.500,3.572,3.200,3.244,13806033.6,47798573.7957,191418,23060435.4803
1660867200000,3.244,3.275,2.711,2.798,34916652.7,103183599.4830,358932,50373857.0487
1660953600000,2.797,2.910,2.635,2.741,18930802.1,52895459.6732,204969,26176920.9884
1661040000000,2.742,3.114,2.740,3.107,18627362.2,53821260.8073,211793,28123429.0287
1661126400000,3.106,3.110,2.780,2.999,39492424.2,115770515.5484,381380,56988497.9846
1661212800000,2.999,3.232,2.905,3.049,28190789.1,85825111.0191,292242,43377124.4142
1661299200000,3.050,3.147,2.955,3.030,14125218.3,43040814.5031,177860,20726229.2170
1661385600000,3.031,3.107,2.911,3.014,15196708.1,45678304.9922,174569,22720274.5090
1661472000000,3.014,3.290,2.660,2.717,80652961.4,247554000.3400,658665,124240334.2479
1661558400000,2.716,2.919,2.600,2.889,31681027.3,87476322.3650,291119,44459432.5805
1661644800000,2.889,3.154,2.826,2.969,69161366.1,208094786.6030,528419,107791526.6153
1661731200000,2.968,3.578,2.779,3.467,109836160.3,355462819.0543,802828,184772418.4022
1661817600000,3.467,3.550,2.963,2.974,79000512.5,254846107.4966,554897,127112652.3367
1661904000000,2.975,3.142,2.911,2.955,46310913.1,139595370.8834,362976,68819686.4633
1661990400000,2.954,3.171,2.791,2.929,44780162.7,133222909.6550,376043,65315788.8633
1662076800000,2.928,3.257,2.880,3.024,43027229.9,131255176.4032,372171,66358083.3646
1662163200000,3.024,3.064,2.860,2.937,21689187.5,63645443.9285,205383,31142067.5937
1662249600000,2.937,2.986,2.894,2.980,13830016.6,40749821.4570,150134,19709846.3922
1662336000000,2.979,3.040,2.912,3.002,14412424.2,42830377.5077,145497,20766943.6023
1662422400000,3.002,3.089,2.704,2.792,27555048.2,80524505.2196,255787,39396849.9373
1662508800000,2.792,3.038,2.708,2.984,17242384.4,49332481.2359,177790,24322207.3555
1662595200000,2.985,3.011,2.822,2.928,14785108.0,43012130.0005,145566,20617736.3776
1662681600000,2.928,3.105,2.924,2.997,16679760.1,50371527.7975,171127,24602229.3884
1662768000000,2.998,3.151,2.925,3.020,17087022.3,51625946.5065,176795,24917803.1738
1662854400000,3.020,3.053,2.882,2.957,10482488.2,31312435.8865,120606,14698205.2195
1662940800000,2.957,3.036,2.879,2.940,15055506.2,44610343.6507,160677,21766027.8598
1663027200000,2.940,2.987,2.698,2.715,17208964.1,48792568.3697,177144,22567609.4455
1663113600000,2.715,2.772,2.626,2.714,13319743.7,35992585.0069,134758,17781815.3161
1663200000000,2.714,2.759,2.564,2.582,17328084.4,45803465.6071,157985,22018774.8448
1663286400000,2.583,2.645,2.522,2.592,12111068.5,31258305.3090,122162,15031404.2640
1663372800000,2.593,2.740,2.590,2.731,7627954.2,20309574.2418,88113,10265164.6965
1663459200000,2.731,2.737,2.320,2.435,13592073.5,34977813.5900,144452,16365427.8064
1663545600000,2.436,2.524,2.358,2.503,11267542.3,27445837.5123,117989,13457116.5076
1663632000000,2.503,2.542,2.293,2.352,19188558.4,46424743.8670,146625,22140075.8828
1663718400000,2.353,2.503,2.236,2.282,29152767.1,68587557.0416,232722,34145881.8973
1663804800000,2.282,2.549,2.280,2.503,13669021.2,32885519.6867,130423,16514353.3965
1663891200000,2.503,2.553,2.353,2.475,16681339.1,40856889.0845,139451,19645610.5108
1663977600000,2.475,2.531,2.401,2.406,9545295.2,23682378.7366,89445,11579383.6313
1664064000000,2.407,2.465,2.301,2.316,11385979.1,27174914.3365,98027,13123586.1347
1664150400000,2.316,2.346,2.244,2.324,16181970.2,37209226.0393,128773,17676028.1404
1664236800000,2.323,2.423,2.221,2.260,17365621.1,40531547.9419,136311,19424431.1404
1664323200000,2.261,2.500,2.153,2.448,44421881.3,105648778.6983,311689,52845316.2281
1664409600000,2.449,2.482,2.322,2.419,25949784.2,62230418.5016,193881,30491911.7776
1664496000000,2.419,2.437,2.332,2.377,19940313.9,47599304.4914,150085,22581922.4820
1664582400000,2.378,2.421,2.291,2.316,11587860.8,27341813.0847,95717,12969490.1155
1664668800000,2.316,2.329,2.202,2.215,12562016.9,28548464.3846,95025,13529779.3212
1664755200000,2.215,2.324,2.188,2.295,13621361.7,30840193.2692,107226,14996775.8876
1664841600000,2.295,2.360,2.268,2.337,11340481.7,26287485.5641,92967,13022472.9708
1664928000000,2.338,2.370,2.254,2.329,12393693.1,28658846.3015,95913,14235018.3023
1665014400000,2.330,2.369,2.239,2.254,16945921.6,38982057.3862,111585,19514982.3619
1665100800000,2.255,2.290,2.217,2.249,9560170.5,21582885.2938,77352,10583849.2434
1665187200000,2.249,2.265,2.189,2.212,4711726.5,10532655.6258,47725,5148397.5704
1665273600000,2.212,2.270,2.207,2.248,4729530.4,10593866.3662,47878,5110087.1208
1665360000000,2.248,2.283,2.092,2.116,12690284.7,27898207.3096,96383,13932694.0778
1665446400000,2.115,2.116,2.037,2.062,14833041.4,30808018.5842,103852,15050393.3383
1665532800000,2.062,2.114,2.034,2.061,7866965.0,16324893.8026,74750,7854920.4377
1665619200000,2.061,2.240,1.858,2.180,34145203.7,70385568.5216,222726,34841612.5387
1665705600000,2.179,2.260,2.037,2.068,20861023.9,44931998.5698,146059,22023655.9816
1665792000000,2.067,2.123,2.039,2.057,9970734.8,20682088.3015,85104,10465261.1004
1665878400000,2.057,2.344,2.054,2.282,50215936.3,112985145.9538,296652,60219979.8059
1665964800000,2.282,2.394,2.242,2.327,55849311.2,128981741.2597,322247,66842176.5056
1666051200000,2.327,2.390,2.242,2.364,32575180.6,75260435.3671,220632,36834450.1891
1666137600000,2.365,2.444,2.253,2.281,37661907.3,88993908.8092,239219,44471641.4426
1666224000000,2.281,2.393,2.187,2.240,31095404.5,71272370.0194,205546,35715012.7651
1666310400000,2.240,2.246,2.116,2.200,20206776.9,44187841.5634,132919,21325328.3350
1666396800000,2.200,2.269,2.186,2.209,9951511.5,22142584.9693,80606,11399302.7837
1666483200000,2.209,2.282,2.136,2.267,12939900.2,28460805.8251,98460,13984997.5102
1666569600000,2.267,2.304,2.183,2.189,18023191.1,40508216.8054,119789,20026091.9482
1666656000000,2.190,2.360,2.186,2.292,17588625.4,40212006.6253,132208,19971702.3172
1666742400000,2.293,2.490,2.293,2.438,29418415.8,71353975.9449,210488,37423990.0838
1666828800000,2.438,2.518,2.366,2.385,23294051.8,57071402.5227,187537,27799231.8650
1666915200000,2.386,2.454,2.305,2.416,15616997.5,37084861.9210,128399,18903536.3092
1667001600000,2.417,2.616,2.393,2.525,18425239.2,46364120.6362,159239,22972818.7952
1667088000000,2.526,2.583,2.401,2.442,10102316.6,25292522.5214,108683,12371132.5749
1667174400000,2.442,2.526,2.382,2.502,13602566.4,33412863.5168,126867,16317719.6519
1667260800000,2.502,2.645,2.491,2.501,24785141.3,63558788.8568,208373,32292246.7656
1667347200000,2.501,2.537,2.322,2.371,19923573.0,48267139.6093,177486,23920710.4198
1667433600000,2.371,2.583,2.366,2.427,16525794.5,41003482.0838,157429,20104726.7367
1667520000000,2.427,2.746,2.410,2.719,22599378.0,59384089.4972,201065,29977037.4449
1667606400000,2.719,2.790,2.613,2.652,14121446.4,38271569.2475,142968,18910546.7868
1667692800000,2.652,2.674,2.505,2.512,10094457.6,26376842.0111,111228,12261452.4298
1667779200000,2.511,2.778,2.452,2.593,35811273.4,95164146.4141,302249,48994482.8467
1667865600000,2.593,2.659,1.866,2.113,53189556.6,122854546.8109,432286,59675612.1554
1667952000000,2.113,2.161,1.641,1.706,34051701.4,66144381.5060,294602,32569514.7312
1668038400000,1.706,2.053,1.672,1.943,24718514.4,46139284.9575,221744,23370787.3559
1668124800000,1.944,1.963,1.767,1.867,12778762.0,23908107.2580,138540,11553522.1552
1668211200000,1.868,1.870,1.595,1.614,32597761.3,54066733.0771,199387,26763069.2809
1668297600000,1.614,1.718,1.542,1.571,24004598.8,39046871.3638,187288,19080266.8928
1668384000000,1.572,1.878,1.533,1.813,39041033.0,66443633.9958,280596,32997048.4604
1668470400000,1.813,1.862,1.734,1.793,27579009.9,49498651.9018,206757,24018588.4796
1668556800000,1.793,1.865,1.718,1.793,24131248.8,43336561.3428,175234,21442816.6650
1668643200000,1.794,1.828,1.702,1.722,18180335.8,32006559.0848,135911,15940458.7871
1668729600000,1.722,1.763,1.700,1.751,9547047.4,16567827.7715,87177,7956190.6200
1668816000000,1.752,1.757,1.693,1.745,6450711.4,11146557.7609,64922,5423039.6629
1668902400000,1.745,1.795,1.656,1.665,9835485.4,17085926.9294,91540,8490665.4681
1668988800000,1.664,1.685,1.544,1.592,14511721.9,23292329.7289,120563,11301251.3161
1669075200000,1.592,1.699,1.563,1.689,11140605.2,18206469.8378,92215,9048801.9181
1669161600000,1.689,1.757,1.665,1.732,13264861.4,22834933.2841,106994,11300033.8675
1669248000000,1.731,1.814,1.713,1.726,13198508.8,23151081.4274,104308,11798455.7340
1669334400000,1.725,1.732,1.649,1.703,15405151.9,25799751.3996,111651,12989243.9556
1669420800000,1.703,1.773,1.636,1.659,12096247.0,20714640.0037,97526,10264909.4528
1669507200000,1.659,1.715,1.645,1.670,8334085.0,14034476.4930,73521,6943142.3961
1669593600000,1.670,1.692,1.599,1.655,12391901.8,20456796.3815,107445,9860117.9753
1669680000000,1.655,1.702,1.624,1.640,10436829.8,17324873.1776,91367,8619295.7038
1669766400000,1.640,1.745,1.640,1.731,13380221.2,22713606.6276,113926,11473741.5675
1669852800000,1.731,1.775,1.707,1.717,12569176.5,21835597.1452,102480,10770888.1830
1669939200000,1.717,1.809,1.688,1.792,13802449.2,23907279.0513,105644,12164714.2375
1670025600000,1.792,1.792,1.698,1.709,6803348.8,11869389.5712,62812,5547811.6582
1670112000000,1.710,1.772,1.709,1.762,6994738.1,12193622.7428,69394,6363520.3513
1670198400000,1.762,1.925,1.753,1.916,31644338.1,58670128.8710,231590,29721396.5935
1670284800000,1.917,2.010,1.872,1.896,46658858.3,90040449.5334,315695,45349544.3229
1670371200000,1.895,2.017,1.839,1.966,53588695.6,104328358.4835,326682,53250720.6760
1670457600000,1.965,1.985,1.908,1.930,25813006.8,50269894.6185,164284,25963005.8996
1670544000000,1.930,1.977,1.868,1.894,25530515.6,48616069.5080,148534,24354956.2363
1670630400000,1.893,1.927,1.885,1.917,10789550.6,20554035.1209,75727,9903187.9742
1670716800000,1.917,1.980,1.913,1.928,13030731.4,25358948.0243,93291,13196826.9610
1670803200000,1.927,1.932,1.818,1.882,23472870.9,43903986.7587,132219,22273191.7233
1670889600000,1.883,1.903,1.804,1.861,17564538.0,32491703.9458,118303,16537745.7745
1670976000000,1.860,1.929,1.828,1.866,10483863.7,19757744.2030,77870,9996386.9033
1671062400000,1.867,1.880,1.796,1.807,7837232.9,14442137.5594,61017,6988247.4429
1671148800000,1.808,1.823,1.519,1.544,22314465.1,37378348.7903,139437,17052724.5132
1671235200000,1.543,1.610,1.507,1.603,10846308.0,16956016.1482,75315,8582838.5373
1671321600000,1.603,1.625,1.588,1.611,9552168.8,15338861.5496,65996,7713209.7475
1671408000000,1.611,1.637,1.506,1.533,13644259.3,21702970.2666,88880,10388980.6367
1671494400000,1.533,1.651,1.528,1.617,13302705.2,21429310.6324,81686,11075203.0589
1671580800000,1.617,1.620,1.538,1.546,9767924.1,15466397.7783,67955,7191817.0953
1671667200000,1.545,1.576,1.523,1.569,10986960.7,17029631.2761,73932,8446339.1460
1671753600000,1.569,1.593,1.536,1.540,8186346.9,12836186.9052,55552,6453527.1792
1671840000000,1.540,1.544,1.509,1.515,9153846.3,13970830.5075,54095,6845456.1209
1671926400000,1.515,1.516,1.450,1.478,14589477.9,21553477.9971,75032,10261606.8666
1672012800000,1.478,1.504,1.445,1.481,12462145.8,18228269.8471,72150,9032356.2030
1672099200000,1.480,1.524,1.456,1.489,14337498.6,21304728.1789,82591,9882946.8154
1672185600000,1.490,1.502,1.423,1.440,14973698.0,21907589.2708,87677,10586613.9222
1672272000000,1.441,1.460,1.396,1.428,11961095.9,17160214.2722,74209,8433633.5008
1672358400000,1.428,1.457,1.395,1.452,10242634.3,14622797.6829,62470,7631459.7587
1672444800000,1.452,1.482,1.434,1.436,6825519.3,9947969.6043,44510,4918971.5271
1672531200000,1.437,1.477,1.425,1.476,6997911.2,10168760.6525,49531,5426437.7385
1672617600000,1.475,1.531,1.448,1.508,10785785.7,16060977.3254,67368,8142614.6817
1672704000000,1.509,1.542,1.497,1.529,7657713.0,11619812.4217,52096,5770479.3436
1672790400000,1.529,1.648,1.516,1.603,15449955.0,24689118.1236,96109,12781497.1091
1672876800000,1.603,1.619,1.527,1.538,14796599.5,23182260.6236,92262,11054302.5920
1672963200000,1.537,1.639,1.522,1.626,18348539.8,28906583.2961,104214,14586664.6076
1673049600000,1.626,1.755,1.615,1.680,31390239.2,53282476.3729,168923,26997623.2083
1673136000000,1.681,1.774,1.642,1.765,17494781.8,29509011.1314,111719,14542142.6998
1673222400000,1.765,1.834,1.736,1.762,19734364.0,35213783.3611,123618,17441879.3165
1673308800000,1.761,1.809,1.733,1.780,10681770.1,19044875.8281,76906,9444474.7467
1673395200000,1.779,1.820,1.701,1.815,10294487.7,18069828.8460,77033,9045393.3675
1673481600000,1.815,1.850,1.730,1.823,15934749.0,28754533.9504,103366,14610932.2930
1673568000000,1.822,1.943,1.798,1.922,15961789.6,29726320.2790,106538,14853156.7337
1673654400000,1.922,2.341,1.921,2.100,44432738.0,94718041.2034,330322,46910832.1272
1673740800000,2.100,2.259,1.994,2.172,25165531.3,53889280.1969,201167,26567753.5599
1673827200000,2.173,2.315,2.085,2.126,18352266.8,39913058.7367,160317,19746693.4775
1673913600000,2.125,2.396,2.084,2.221,26924747.8,60900549.7885,212220,30506703.6536
1674000000000,2.222,2.310,2.018,2.056,20399432.4,44262231.5250,173472,21919916.1183
1674086400000,2.055,2.397,2.049,2.258,27770170.0,62043730.2955,206884,31746642.9227
1674172800000,2.258,2.745,2.222,2.592,84519794.5,205997489.9161,596908,105909881.4517
1674259200000,2.591,2.677,2.520,2.542,24268558.9,63097458.6614,223745,31063703.2279
1674345600000,2.542,2.671,2.480,2.598,16285758.8,42137182.2868,164577,20824457.8983
1674432000000,2.597,2.683,2.510,2.571,14470548.9,37257353.7292,144183,18253263.5131
1674518400000,2.571,2.631,2.257,2.332,15267658.9,38108486.3955,147711,17758838.9236
1674604800000,2.332,2.566,2.277,2.471,22012962.3,52659977.0681,190591,25720408.8316
1674691200000,2.472,2.497,2.348,2.410,12307610.5,29821706.4613,136208,14524307.8156
1674777600000,2.409,2.633,2.317,2.544,19447678.1,48383923.1444,184666,23451676.9801
1674864000000,2.544,2.577,2.420,2.449,8613116.0,21285911.4680,98121,10203188.2248
1674950400000,2.448,2.506,2.421,2.486,10545953.8,25895969.7369,109602,12731706.3608
1675036800000,2.486,2.509,2.180,2.286,17189383.5,39918929.8415,168984,18926580.3995
1675123200000,2.287,2.353,2.247,2.302,11750686.8,27015260.8311,118027,13328508.3689
1675209600000,2.301,2.737,2.187,2.670,30844136.4,76281905.2600,288298,38658981.0169
1675296000000,2.669,2.756,2.494,2.512,36842072.9,97171281.2293,328232,47425383.3978
1675382400000,2.512,2.661,2.453,2.565,19407726.4,49364054.9487,194323,24331259.4962
1675468800000,2.566,2.904,2.519,2.711,36952269.8,101383181.1015,361155,49587548.4294
1675555200000,2.711,2.762,2.493,2.560,23338901.1,61561653.7814,240304,29195369.4234
1675641600000,2.560,2.915,2.457,2.786,38900710.6,106043788.5065,364963,53430657.7234
1675728000000,2.785,2.959,2.757,2.923,37495658.0,107316718.1409,363224,52844326.3972
1675814400000,2.922,3.026,2.578,2.688,25742567.4,72143315.0648,263079,35307014.1362
1675900800000,2.688,2.719,2.282,2.376,22926880.7,58484487.9664,244647,27439582.7540
1675987200000,2.376,2.495,2.323,2.393,15764920.6,37876720.1215,163596,18970833.9818
1676073600000,2.392,2.455,2.360,2.442,6272718.9,15102399.5068,67781,7264472.6305
1676160000000,2.442,2.508,2.309,2.352,10735036.9,26042205.6677,109178,12711994.6509
1676246400000,2.352,2.473,2.218,2.399,20301387.0,47883768.0005,207873,23622993.7919
1676332800000,2.398,2.504,2.297,2.488,15130647.2,36515648.7009,158140,18154699.7905
1676419200000,2.487,2.748,2.426,2.735,17212524.6,43954250.9241,164820,22339224.7040
1676505600000,2.734,2.765,2.400,2.439,22237749.5,58461269.7409,222999,27704128.2163
1676592000000,2.439,2.670,2.422,2.622,16654267.6,42588086.7980,170156,20626092.9623
1676678400000,2.622,2.653,2.540,2.600,9188180.3,23888887.8194,97908,11856630.6766
1676764800000,2.601,2.779,2.564,2.615,16716655.9,44461164.6435,165827,21520254.1837
1676851200000,2.614,2.840,2.508,2.763,20254094.5,55514054.3303,197087,27958412.5968
1676937600000,2.763,2.817,2.540,2.612,13512685.2,36141663.1702,161013,17297170.7458
1677024000000,2.612,2.634,2.391,2.505,13678995.3,34038117.0078,143464,16268964.4839
1677110400000,2.505,2.804,2.441,2.619,26296751.1,68514523.3397,232569,34717234.5782
1677196800000,2.619,2.794,2.462,2.642,40777259.1,108195055.2622,379322,53391447.8069
1677283200000,2.642,2.698,2.396,2.468,16120828.0,41003209.1009,181709,19347858.7889
1677369600000,2.467,2.684,2.418,2.671,10582236.0,26950754.7138,145279,13211492.9535
1677456000000,2.671,2.835,2.585,2.821,26240875.8,71272387.7552,292142,35405663.8013
1677542400000,2.820,2.969,2.765,2.782,42798261.8,122765034.7589,442524,61744368.9165
1677628800000,2.782,3.060,2.756,3.031,31230234.6,91940807.4497,340356,47349131.2870
1677715200000,3.031,3.048,2.775,2.893,24961450.7,71735146.8613,296922,33994198.3202
1677801600000,2.894,2.915,2.552,2.875,37603197.1,104332458.2006,411574,51434492.3187
1677888000000,2.875,3.044,2.757,2.873,93702678.3,274974856.4142,726803,142266871.0637
1677974400000,2.872,3.379,2.857,3.109,98969388.2,307113474.2579,814220,162429184.5887
1678060800000,3.109,3.300,3.043,3.114,80535425.3,255232549.5575,629225,130238964.8132
1678147200000,3.115,3.155,2.801,2.926,64710796.7,192345506.8118,507165,95369138.1521
1678233600000,2.925,2.951,2.550,2.604,46310599.8,127578417.2169,363096,63078625.3106
1678320000000,2.604,2.613,2.260,2.364,64395214.1,159420831.4169,443362,78852778.4143
1678406400000,2.364,2.374,2.092,2.238,64775569.1,142568109.9306,401916,71851901.5969
1678492800000,2.238,2.308,1.984,2.180,54105773.0,114861923.2929,357141,57381086.8425
1678579200000,2.179,2.799,2.105,2.783,58280638.8,136357251.3008,383696,69147649.6266
1678665600000,2.782,3.376,2.735,3.147,191854892.6,569520507.2565,1499256,296843143.2950
1678752000000,3.148,3.302,2.880,3.143,95349151.2,296456688.0551,796414,149603854.3300
1678838400000,3.143,3.391,2.525,2.649,115055421.3,339537054.6020,889815,169912594.9275
1678924800000,2.650,3.020,2.514,2.808,103255576.5,289814916.0065,721065,146344551.4625
1679011200000,2.807,3.160,2.716,3.038,93359027.4,269160611.6321,650420,134258390.7096
1679097600000,3.038,3.132,2.750,2.866,48541748.6,144276964.2828,452120,69379364.3600
1679184000000,2.866,2.988,2.789,2.869,30042289.3,87049385.1388,299635,42320751.0067
1679270400000,2.869,3.207,2.795,2.991,100421654.0,304992604.0908,905979,150450319.0395
1679356800000,2.990,3.045,2.783,2.856,57202629.9,166433214.6938,515565,80984613.4406
1679443200000,2.856,2.893,2.571,2.680,44135415.4,122058045.6072,442578,59236682.2493
1679529600000,2.680,2.780,2.622,2.707,24936408.2,67173118.6272,260122,32923636.6677
1679616000000,2.708,2.756,2.474,2.531,25068422.8,64977568.5829,272666,31307442.1326
1679702400000,2.531,2.566,2.359,2.409,20469773.9,50260862.6001,210384,23725351.0655
1679788800000,2.408,2.503,2.396,2.468,16885175.9,41195220.9758,173120,20448844.1491
1679875200000,2.469,2.548,2.280,2.342,44891560.2,108039360.4105,348345,53058729.9341
1679961600000,2.343,2.424,2.285,2.395,30152158.8,70809447.0377,272246,34744365.6243
1680048000000,2.396,2.588,2.381,2.559,30194641.7,74828202.4057,258442,37926219.3647
1680134400000,2.558,2.587,2.376,2.431,23787370.0,58757304.5939,231054,28273980.5312
1680220800000,2.431,2.603,2.364,2.557,24465896.9,60313878.3177,214380,30058736.5819
1680307200000,2.557,2.587,2.507,2.579,15897955.2,40502397.3373,165469,20114320.7234
1680393600000,2.578,2.660,2.504,2.558,21929997.7,56573120.3430,224850,27882383.5596
1680480000000,2.559,2.699,2.450,2.544,41440210.7,107960109.0577,398810,52878941.8106
1680566400000,2.545,2.788,2.526,2.759,23415153.5,62488469.3114,239752,31433915.8708
1680652800000,2.759,2.882,2.656,2.711,17760030.7,48925385.5046,195864,23481190.9706
1680739200000,2.711,2.729,2.638,2.678,11967453.0,32195975.6815,144014,15573516.8566
1680825600000,2.679,2.703,2.620,2.643,9262640.1,24703681.7265,125092,11948545.9604
1680912000000,2.643,2.722,2.590,2.628,7612997.2,20198476.4987,103477,9595806.3010
1680998400000,2.628,2.674,2.539,2.632,9795033.3,25430719.5894,122889,12482598.4183
1681084800000,2.631,2.701,2.581,2.698,10378500.4,27401300.5512,122836,13457314.2254
1681171200000,2.698,2.731,2.614,2.629,12140779.2,32351591.8043,141505,15366535.6781
1681257600000,2.630,2.639,2.501,2.574,14905990.5,38348250.8752,157201,18897226.9619
1681344000000,2.575,2.664,2.540,2.636,12116663.7,31691089.7735,144506,15699236.8504
1681430400000,2.635,2.781,2.628,2.738,22309287.2,60493835.4481,241926,29108243.7758
1681516800000,2.739,2.842,2.685,2.751,16242159.7,45031095.8078,184706,22094605.4786
1681603200000,2.752,2.879,2.683,2.842,17026929.0,47381804.8024,190861,22704865.4041
1681689600000,2.843,2.846,2.694,2.758,14979250.4,41264846.6202,179610,19591421.6093
1681776000000,2.758,3.031,2.705,3.020,34434102.6,100673858.7281,357836,50323250.0936
1681862400000,3.020,3.091,2.732,2.837,57650026.1,169682359.1227,531672,82372846.6359
1681948800000,2.836,3.029,2.643,2.698,47701330.9,136548602.4888,469539,67245508.2023
1682035200000,2.699,2.738,2.452,2.490,27386264.2,71703951.6287,274334,33596636.7910
1682121600000,2.490,2.555,2.452,2.540,14679682.4,36603501.0182,165768,18449025.8622
1682208000000,2.541,2.544,2.405,2.481,11767951.4,29226746.0026,140356,14174535.7981
1682294400000,2.481,2.522,2.408,2.473,12506222.2,30894772.5605,150492,15187247.9711
1682380800000,2.474,2.483,2.324,2.482,17565325.7,42185659.7660,177146,20897991.4509
1682467200000,2.482,2.607,2.256,2.409,27659698.8,68372779.9653,266934,32717841.2070
1682553600000,2.408,2.495,2.372,2.451,15171020.3,36949267.4326,194508,18102939.6803
1682640000000,2.451,2.473,2.388,2.439,9300189.9,22629850.2372,127947,10987074.8507
1682726400000,2.439,2.512,2.433,2.473,7542486.1,18646387.6209,97096,9093461.5296
1682812800000,2.472,2.496,2.396,2.426,8325983.5,20359753.8970,106823,9906167.3177
1682899200000,2.426,2.443,2.303,2.346,8423670.4,19995228.5247,115663,9589424.8394
1682985600000,2.345,2.464,2.320,2.442,9326257.6,22157969.8407,124646,10981535.8692
1683072000000,2.441,2.518,2.377,2.506,26403306.2,64512587.1424,262724,32629704.2666
1683158400000,2.506,2.538,2.442,2.488,9631076.3,23979800.8762,116870,11557655.8120
1683244800000,2.487,2.583,2.427,2.568,14155035.3,35570187.9400,150690,17919102.1645
1683331200000,2.567,2.573,2.336,2.388,12885763.6,31273353.3647,136509,14886630.4983
1683417600000,2.388,2.403,2.351,2.359,7172340.1,17051248.7133,88782,8253107.3907
1683504000000,2.359,2.385,2.097,2.165,20534667.6,45686625.5729,204691,21477163.1367
1683590400000,2.164,2.189,2.121,2.128,11291025.8,24372643.7819,119603,12220446.9750
1683676800000,2.129,2.228,2.006,2.174,17923537.2,38313720.4788,188049,18717759.7251
1683763200000,2.174,2.175,1.967,2.017,14401532.5,29741320.1472,169270,14246112.9897
1683849600000,2.017,2.077,1.937,2.077,14157372.6,28369323.4675,157439,14298161.3414
1683936000000,2.076,2.078,2.001,2.014,6893486.4,14007500.8305,99297,7137510.1412
1684022400000,2.013,2.083,1.985,2.061,7971299.4,16262193.1069,100608,7879352.7249
1684108800000,2.061,2.131,2.020,2.093,10788807.0,22572925.7482,124831,11412400.3014
1684195200000,2.092,2.167,2.057,2.147,13930445.7,29513915.3777,143223,14878392.9558
1684281600000,2.148,2.520,2.133,2.414,46751956.8,109351231.0124,339919,55768717.2138
1684368000000,2.415,2.459,2.306,2.411,36679218.0,87815998.0182,299834,44594269.9757
1684454400000,2.411,2.429,2.349,2.397,14748139.5,35234931.2143,167002,17882254.1211
1684540800000,2.396,2.447,2.362,2.391,8343978.0,19986797.0079,104765,9737956.7885
1684627200000,2.391,2.400,2.312,2.325,7854226.1,18540397.8231,102066,9033692.8765
1684713600000,2.326,2.467,2.295,2.413,18233556.2,43977717.2872,188524,21953865.4634
1684800000000,2.414,2.534,2.400,2.463,15984312.3,39486287.5437,180328,20089572.2987
1684886400000,2.462,2.647,2.359,2.422,48897939.0,121583181.6178,426956,60318110.0265
1684972800000,2.423,2.428,2.250,2.310,22004953.5,50882521.0390,201719,24721941.9542
1685059200000,2.310,2.434,2.296,2.406,19105071.8,45488536.5552,196680,23349126.7577
1685145600000,2.407,2.456,2.382,2.402,8101970.7,19571935.2872,102497,10135612.2582
1685232000000,2.401,2.535,2.390,2.491,10582720.8,25903076.7546,124861,13087315.7205
1685318400000,2.490,2.503,2.370,2.408,9503464.7,23068958.2767,115972,10649952.8839
1685404800000,2.408,2.472,2.379,2.399,10172682.7,24655354.6049,121297,12054586.4683
1685491200000,2.399,2.434,2.301,2.323,11437654.9,26853658.9315,120971,12506203.5125
1685577600000,2.324,2.392,2.290,2.323,11371435.2,26656180.8568,115235,13001188.5795
1685664000000,2.324,2.405,2.297,2.378,9522670.2,22506617.3572,94530,11061363.3516
1685750400000,2.378,2.380,2.327,2.357,9583921.6,22568186.4085,73957,11112791.3217
1685836800000,2.356,2.394,2.326,2.358,6062296.9,14339181.1950,67327,7121242.5276
1685923200000,2.358,2.387,2.084,2.231,27734380.9,63384393.5803,229115,30953613.1245
1686009600000,2.232,2.330,2.163,2.296,17239719.9,38621495.2121,165199,19145904.3630
1686096000000,2.297,2.297,2.090,2.102,13101377.3,28668210.1904,131551,13749287.9525
1686182400000,2.103,2.151,2.057,2.064,8671159.5,18202025.5438,97522,8758612.2739
1686268800000,2.064,2.088,2.013,2.054,10686807.0,21945378.4494,121059,10770205.8040
1686355200000,2.054,2.057,1.589,1.738,28762023.1,51342178.5558,281464,24634828.2715
1686441600000,1.737,1.823,1.723,1.780,9845202.9,17407495.1776,109749,8837272.4779
1686528000000,1.780,1.895,1.701,1.804,21274614.3,38498234.8899,182949,19253942.3137
1686614400000,1.804,1.867,1.762,1.812,13362197.3,24222361.2950,129528,11781149.9174
1686700800000,1.812,1.866,1.746,1.772,11565511.5,20893223.0413,110752,10315045.9979
1686787200000,1.772,1.792,1.715,1.753,12421726.0,21800633.0839,116064,10671218.0029
1686873600000,1.753,1.849,1.726,1.821,8829819.2,15780980.1104,97980,8163151.1426
1686960000000,1.821,1.892,1.807,1.862,6334801.9,11790849.9173,80088,5905615.0176
1687046400000,1.861,1.889,1.688,1.805,11056539.5,20245164.3983,119847,9317781.9123
1687132800000,1.805,1.838,1.780,1.802,7232634.5,13075007.1263,85375,6294574.4563
1687219200000,1.803,1.915,1.760,1.907,9595944.5,17572859.6171,94853,8732566.6975
1687305600000,1.906,2.004,1.898,1.960,14311674.6,27876772.7859,139011,13787986.1009
1687392000000,1.960,1.991,1.890,1.916,14114947.8,27504590.2309,124683,13551302.8958
1687478400000,1.916,2.011,1.890,1.980,13234226.2,25781436.2581,125879,12989382.2189
1687564800000,1.981,1.993,1.883,1.927,11865040.2,23052465.7380,106251,11226235.8955
1687651200000,1.926,2.435,1.914,2.183,76723667.7,172400486.8184,581452,85743750.9849
1687737600000,2.184,2.187,2.055,2.075,22171831.2,47251758.8717,204887,23148117.7906
1687824000000,2.075,2.181,2.058,2.123,17561878.0,37483314.1625,167213,19073699.1109
1687910400000,2.124,2.125,1.888,2.030,18667299.7,37781395.6607,198632,18249379.8011
1687996800000,2.029,2.388,2.008,2.218,86021665.2,191114540.4081,673092,96087300.6035
1688083200000,2.219,2.421,2.083,2.291,67454280.9,155289915.1836,604362,77627272.3566
1688169600000,2.291,2.320,2.245,2.291,14291273.0,32511965.4327,184414,16760817.9882
1688256000000,2.292,2.384,2.235,2.343,25239054.0,58369870.9748,262232,29053963.6285
1688342400000,2.344,2.397,2.201,2.216,27648895.0,62827241.3749,270724,29914670.0377
1688428800000,2.216,2.285,2.122,2.182,32124810.8,70803671.1398,252748,34481397.3793
1688515200000,2.182,2.194,2.055,2.115,23477341.6,49916440.0508,204366,24305169.8333
1688601600000,2.115,2.185,2.036,2.059,20623650.0,43557876.9981,191736,21369281.0231
1688688000000,2.059,2.109,2.031,2.102,14308091.5,29790949.8583,131792,14839085.9615
1688774400000,2.102,2.130,2.051,2.087,8158944.3,17098847.7921,83743,8060733.7152
1688860800000,2.088,2.117,2.064,2.072,8716511.2,18221103.0318,84363,8572028.5767
1688947200000,2.072,2.091,1.975,2.041,22597742.6,45658752.1936,165467,21855579.8270
1689033600000,2.042,2.060,2.003,2.032,10886506.1,22131331.0041,94469,10900891.6411
1689120000000,2.031,2.079,1.990,2.048,13097897.4,26753474.6580,108294,13509003.5309
1689206400000,2.049,2.194,1.992,2.186,24577857.6,51617400.0909,203948,25009054.8370
1689292800000,2.186,3.309,2.172,2.735,404823898.9,1126549164.4883,3146839,572925496.0591
1689379200000,2.735,2.957,2.554,2.817,168789337.8,457472718.4501,1073202,232832247.1219
1689465600000,2.818,2.892,2.611,2.642,71397855.1,196795233.5353,555585,97250774.8123
1689552000000,2.641,2.799,2.527,2.658,56054916.6,148158642.3291,460587,73205021.3129
1689638400000,2.659,2.740,2.577,2.610,42705823.6,113146364.7754,411123,56522478.9734
1689724800000,2.610,2.833,2.591,2.710,51729051.6,142951855.1185,478047,72246421.3750
1689811200000,2.710,3.180,2.700,2.907,101199601.0,301031910.3358,882780,151749200.4817
1689897600000,2.907,3.224,2.850,2.992,100074341.1,306044105.5453,786081,155116752.5136
1689984000000,2.992,3.087,2.931,3.005,33931953.9,102038733.2027,326008,50823532.7563
1690070400000,3.005,3.138,2.857,2.891,44860038.5,133678726.2258,403562,64913077.5729
1690156800000,2.891,2.929,2.716,2.774,36987017.7,104577100.0081,353775,51813180.8375
1690243200000,2.773,2.828,2.705,2.747,19901120.4,54856295.6478,204578,27171665.9415
1690329600000,2.748,2.964,2.567,2.825,63703968.1,173239627.0665,515773,81587988.1473
1690416000000,2.825,3.019,2.778,2.863,57289604.7,166958470.0052,445635,82609276.3034
1690502400000,2.862,2.912,2.757,2.816,27134546.1,76346002.7562,236480,38180122.9561
1690588800000,2.816,2.881,2.792,2.843,20241662.4,57266101.9525,160611,28697900.9354
1690675200000,2.844,2.850,2.626,2.716,17987001.3,49548182.9451,153861,23662951.8625
1690761600000,2.716,2.795,2.522,2.565,33241246.5,87482755.7611,254160,42854384.5433
1690848000000,2.565,2.572,2.366,2.492,45258906.2,111666482.9880,284783,54325742.2725
1690934400000,2.491,2.613,2.419,2.471,58435803.9,146932846.4963,351867,72146754.4747
1691020800000,2.471,2.496,2.393,2.406,42512416.1,103505495.2320,225502,51316099.4552
1691107200000,2.406,2.584,2.354,2.495,55796175.5,136319790.9415,304685,68815657.1864
1691193600000,2.496,2.550,2.458,2.542,30783813.2,77142023.3683,213988,38847257.4738
1691280000000,2.541,2.599,2.517,2.544,27080263.4,69244939.2950,187365,33121364.6966
1691366400000,2.544,2.647,2.456,2.521,29391907.9,75147187.7717,234766,36997708.1871
1691452800000,2.521,2.619,2.435,2.582,28239372.0,71207487.7331,229882,36314130.1843
1691539200000,2.583,2.640,2.564,2.593,26433722.0,68821492.2608,205753,34371547.2806
1691625600000,2.593,2.657,2.554,2.587,21892873.0,56972139.1111,190009,28183396.3319
1691712000000,2.586,2.605,2.521,2.544,13878189.1,35670718.7509,117484,17530622.1096
1691798400000,2.545,2.565,2.516,2.546,10437833.6,26517969.1336,82553,13242977.9489
1691884800000,2.547,2.549,2.476,2.496,10459795.6,26251525.4165,99668,12877534.6206
1691971200000,2.497,2.545,2.463,2.485,10285645.2,25692957.5314,103632,12882679.1298
1692057600000,2.485,2.513,2.207,2.341,26240103.5,63510172.0100,220418,30395838.6515
1692144000000,2.341,2.379,2.250,2.310,22184526.4,51468071.1123,197759,25844824.8102
1692230400000,2.310,2.352,1.850,2.073,34320607.0,75061411.4172,303983,36147136.5520
1692316800000,2.073,2.190,2.041,2.176,20597003.7,43790115.4974,175884,21891718.2844
1692403200000,2.176,2.247,2.164,2.243,9408571.2,20753162.0191,94151,10172989.7340
1692489600000,2.242,2.259,2.135,2.141,13080656.1,28843240.1460,121059,13555674.5690
1692576000000,2.141,2.153,2.055,2.089,16841097.8,35528213.0011,123815,17082594.2780
1692662400000,2.088,2.116,1.979,2.069,19258542.5,39677485.5904,143576,19520363.6272
1692748800000,2.069,2.240,2.062,2.133,19929234.7,42673572.8625,153312,21786197.2838
1692835200000,2.133,2.152,2.036,2.071,17566331.4,36838498.3362,121657,18323161.2185
1692921600000,2.071,2.100,1.999,2.061,21800144.9,44524293.0216,131142,22507751.0842
1693008000000,2.061,2.086,2.046,2.070,6679041.7,13789551.4444,62332,6948566.4910
1693094400000,2.070,2.155,2.066,2.108,13388149.4,28135131.4329,88777,14283154.3481
1693180800000,2.107,2.144,2.071,2.075,14869346.7,31265769.7119,104012,15477272.2669
1693267200000,2.075,2.139,2.026,2.057,26763119.9,55873294.0042,152800,28087665.9159
1693353600000,2.057,2.084,1.985,1.989,20054540.2,40896271.0295,128213,20458139.1725
1693440000000,1.989,2.027,1.883,1.925,39094785.0,76844347.3724,202018,37652536.0998
1693526400000,1.925,1.958,1.895,1.933,19053302.6,36733863.3152,118680,18940238.1770
1693612800000,1.933,1.983,1.904,1.968,12885992.6,25102090.5030,87943,12567044.3850
1693699200000,1.969,2.036,1.945,2.000,26190370.2,52166155.2990,163744,26678027.1429
1693785600000,1.999,2.299,1.995,2.182,91677763.6,200241694.3938,592727,100883058.5524
1693872000000,2.182,2.306,2.124,2.256,45469960.2,100837783.9587,258234,51082401.1324
1693958400000,2.257,2.547,2.209,2.286,129427143.5,309217699.1353,766242,151775723.9262
1694044800000,2.285,2.370,2.267,2.291,44048351.6,102113015.1432,305243,50824327.7069
1694131200000,2.291,2.319,2.143,2.172,25266716.1,56010123.5019,186811,26754197.9720
1694217600000,2.172,2.263,2.129,2.173,19513770.7,42555692.9724,147990,21561277.6000
1694304000000,2.172,2.193,2.050,2.137,22019376.1,47074621.7578,175426,22277418.6767
1694390400000,2.137,2.158,2.010,2.041,19152040.8,39746752.3036,187605,19374720.3438
1694476800000,2.042,2.189,2.024,2.035,21106200.1,44033182.9914,180845,22612855.6509
1694563200000,2.035,2.152,2.026,2.084,21067924.9,44023885.8922,189745,22061600.1788
1694649600000,2.084,2.142,2.062,2.116,11985485.8,25082628.2949,124795,12855850.6084
1694736000000,2.115,2.189,2.105,2.187,9163617.1,19568678.7342,104476,9382055.3269
1694822400000,2.186,2.257,2.173,2.191,8034841.3,17700546.9006,103291,8743696.5170
1694908800000,2.190,2.191,2.101,2.129,7483815.8,16027468.4117,94355,7642452.6164
1694995200000,2.129,2.206,2.101,2.164,12272739.4,26526226.7563,133964,13203478.4747
1695081600000,2.163,2.194,2.133,2.153,8288418.8,17882947.5319,96494,8404598.9427
1695168000000,2.153,2.198,2.080,2.103,19679691.5,42158168.1131,186021,20197869.9160
1695254400000,2.103,2.143,2.025,2.051,11603069.2,24134713.1528,132950,12011199.4122
1695340800000,2.052,2.128,2.032,2.124,9006062.6,18858147.5523,102944,9184298.5057
1695427200000,2.124,2.140,1.949,2.001,19575327.9,39752292.6870,177822,19170597.6369
1695513600000,2.002,2.003,1.933,1.951,15208339,29954069.8369,141824,14586810.3416
1695600000000,1.952,2.002,1.923,1.985,13146996.3,25983644.0372,133537,12730081.4295
1695686400000,1.985,1.997,1.958,1.989,7598532.7,15043888.8408,87587,7394067.8829
1695772800000,1.988,2.072,1.985,2.025,21435113.9,43530999.8514,177578,21308288.6589
1695859200000,2.025,2.104,1.987,2.070,16175916.8,33133381.4383,142357,16356433.4514
1695945600000,2.071,2.123,2.040,2.056,13405564.5,27805616.4659,125538,13690345.0148
1696032000000,2.057,2.105,2.034,2.082,7974792.9,16490676.7788,86899,7820303.2453
1696118400000,2.083,2.190,2.076,2.171,12467841.8,26595899.0411,126537,12974585.7998
1696204800000,2.171,2.176,2.042,2.062,13560608.2,28765123.1644,137480,13681275.7469
1696291200000,2.063,2.115,2.024,2.035,14021113.2,28949179.9058,139857,14343757.6047
1696377600000,2.035,2.049,1.954,2.043,11342662.8,22837241.9720,122583,11297257.5022
1696464000000,2.043,2.048,1.970,1.974,13796724.2,27801609.2773,121298,13762263.8233
1696550400000,1.975,2.043,1.962,2.034,10726918.7,21549412.3968,104639,10720677.8468
1696636800000,2.034,2.038,1.991,2.005,5331404,10710898.2333,64405,5230180.6451
1696723200000,2.005,2.029,1.974,2.025,5487399,10987427.6508,66098,5196492.7081
1696809600000,2.024,2.025,1.850,1.924,13209507.4,25584682.3831,132953,12235512.2877
1696896000000,1.924,1.967,1.892,1.922,8553654.6,16536071.8294,95563,8012394.2789
1696982400000,1.923,1.945,1.874,1.925,9678830,18547641.5035,98547,9213301.2475
1697068800000,1.926,1.930,1.837,1.847,13541702.6,25458939.4348,112606,12218944.4675
1697155200000,1.846,1.887,1.826,1.873,9612824.6,17797055.9887,85001,8680275.2138
1697241600000,1.872,1.876,1.846,1.850,4127908.6,7692643.6011,48863,3836207.2604
1697328000000,1.850,1.878,1.840,1.871,6253118.9,11636015.1304,57788,5845765.2950
1697414400000,1.872,1.971,1.865,1.922,12523591.9,23977424.2971,104053,11644131.5983
1697500800000,1.921,1.957,1.868,1.930,9957807.3,19136568.4105,90826,9238094.9736
1697587200000,1.929,1.970,1.903,1.906,11073379,21501547.5641,104347,10469628.8321
1697673600000,1.905,1.934,1.852,1.901,14058719.2,26597469.8197,105805,13091662.8657
1697760000000,1.901,1.994,1.891,1.970,10904680.9,21268718.8737,102244,10675112.4985
1697846400000,1.970,2.106,1.947,2.068,12307222.5,25056799.7298,116297,12205232.2993
1697932800000,2.069,2.136,2.052,2.121,15142789.3,31803399.6236,143736,15828613.3786
1698019200000,2.122,2.250,2.113,2.236,22689790.9,49214820.0451,218736,24026783.9228
1698105600000,2.237,2.365,2.166,2.290,24708496.2,56189385.3758,266291,27520970.9378
1698192000000,2.289,2.399,2.251,2.360,21714315.8,50460103.9761,205823,24719269.1790
1698278400000,2.360,2.470,2.255,2.311,20651553.2,48971359.9069,219536,23922241.1273
1698364800000,2.311,2.324,2.220,2.284,10089893.8,23045356.2544,129183,11081894.1984
1698451200000,2.285,2.337,2.260,2.320,7434188.2,17126484.0512,87027,8406070.3475
1698537600000,2.320,2.353,2.274,2.321,6981237.9,16189196.3569,80701,8442255.3222
1698624000000,2.321,2.354,2.261,2.328,8014114.5,18521767.2713,108177,9040514.1027
1698710400000,2.327,2.349,2.171,2.262,11566720.3,26293033.0932,140875,12648978.8167
1698796800000,2.262,2.389,2.173,2.354,12099226.9,27420661.8018,162683,13257337.6607
1698883200000,2.355,2.506,2.303,2.345,27436119.6,66263844.2566,256185,32423664.3383
1698969600000,2.344,2.417,2.252,2.402,11751137.1,27530759.2217,153963,13636215.8141
1699056000000,2.401,2.455,2.372,2.434,7338598.2,17695224.5276,101842,8495781.0341
1699142400000,2.433,2.532,2.407,2.484,13403560.3,33129175.8682,168662,15636156.6117
1699228800000,2.484,2.640,2.458,2.580,12973351,33294997.0253,186436,16229024.4000
1699315200000,2.580,2.584,2.395,2.482,10263485.6,25572201.2590,176900,12018195.9761
1699401600000,2.481,2.703,2.456,2.642,13056263.9,33799538.0868,179161,16761274.2585
1699488000000,2.642,2.807,2.248,2.642,22836935.5,60139617.5680,354574,28961782.3680
1699574400000,2.642,2.738,2.544,2.717,11999677.4,31810381.2546,234971,15282202.4555
1699660800000,2.717,2.767,2.573,2.670,10847260.4,29082680.3367,237809,13742565.5625
1699747200000,2.671,2.945,2.571,2.870,18275067.6,51538539.0071,310110,25803496.7329
1699833600000,2.871,2.978,2.563,2.567,17395998.4,48085060.0285,306248,22968442.2692
1699920000000,2.567,2.691,2.425,2.607,15204729.7,39345192.1504,248130,18756033.9925
1700006400000,2.607,3.089,2.603,3.036,25971947.3,74880446.3783,351474,37273204.5003
1700092800000,3.037,3.340,2.840,2.875,52564165.5,164244401.2187,735632,80045185.2832
1700179200000,2.876,3.116,2.771,2.975,37845520,112544222.5898,473615,55907672.3943
1700265600000,2.974,2.983,2.733,2.980,20185396.1,58064001.3042,279079,27467586.4614
1700352000000,2.979,3.460,2.856,3.432,35908384.6,114697155.8981,498637,57514109.6153
1700438400000,3.433,3.737,3.310,3.475,85480437.7,302026404.3495,1034858,149679095.9981
1700524800000,3.474,3.556,3.110,3.224,58432773.1,195779794.6641,817140,95118001.0145
1700611200000,3.224,3.811,3.217,3.422,72702172.1,257712918.7164,917566,128378899.0646
1700697600000,3.422,3.521,3.340,3.365,26879083.6,91764269.9837,389774,45094298.3642
1700784000000,3.365,3.658,3.350,3.602,24837780.5,87521780.0587,404694,42247411.4016
1700870400000,3.602,3.782,3.564,3.634,16577996.6,61108231.2295,280240,30679606.5266
1700956800000,3.634,3.649,3.370,3.434,14981134.3,52506071.6310,234910,24965736.9923
1701043200000,3.435,3.475,3.182,3.289,17150189.1,56751623.5673,236648,26228224.9744
1701129600000,3.289,3.431,3.208,3.408,14777861.3,48923012.8900,219873,23769297.1101
1701216000000,3.407,3.536,3.288,3.354,13772740.5,46825253.7830,211459,23068173.5384
1701302400000,3.353,3.394,3.271,3.312,9656153.3,32136879.4709,154383,15369701.5795
1701388800000,3.312,3.458,3.271,3.422,10569045.6,35558171.9404,168699,18092167.6323
1701475200000,3.421,3.712,3.410,3.648,17259759.6,61869876.4494,267354,29689615.7615
1701561600000,3.648,3.983,3.646,3.822,24241855.5,92896251.4883,400410,46397489.1905
1701648000000,3.821,3.932,3.508,3.744,18489639.9,69342701.7586,328254,34237908.8499
1701734400000,3.744,4.165,3.517,4.055,29470922.6,112175339.3839,454836,55916699.3863
1701820800000,4.055,4.065,3.628,3.661,20868537.5,79347015.9497,338397,38306646.3658
1701907200000,3.661,3.883,3.634,3.743,19238641.2,72256718.1123,310884,34955713.4035
1701993600000,3.742,3.881,3.709,3.853,12686823.6,48426860.0560,206940,23153076.8958
1702080000000,3.853,3.947,3.710,3.888,16626619.1,63841988.9923,286971,31085788.4799
1702166400000,3.888,4.479,3.865,4.394,54017908.8,227881347.8368,933239,114333378.8143
1702252800000,4.394,4.738,3.850,4.537,78479848,350455802.8270,1433477,172137804.9338
1702339200000,4.536,4.956,4.124,4.234,41364251.1,186742418.5749,750398,91975190.7241
1702425600000,4.234,4.528,3.933,4.377,33950724.6,143359746.5771,586481,70286155.7328
1702512000000,4.377,4.403,4.033,4.327,22873206.5,97909063.5923,405367,46252370.6812
1702598400000,4.327,4.339,4.006,4.021,14824526.6,62085852.4868,281949,29558401.7148
1702684800000,4.021,4.215,3.950,4.062,10976274.9,45061990.5301,219927,22423099.8098
1702771200000,4.061,4.100,3.759,3.774,11310688.9,44558118.3785,223980,20539850.8248
1702857600000,3.774,3.817,3.415,3.706,20850302.9,75117639.3119,327802,37027172.3374
1702944000000,3.705,3.818,3.553,3.602,10954245.6,40353011.6733,209418,19873319.4500
1703030400000,3.601,3.848,3.587,3.727,14466030.6,54199473.1529,252007,26274199.8718
1703116800000,3.727,3.951,3.702,3.817,13486970.6,51713665.7388,247227,25648623.0618
1703203200000,3.817,4.230,3.817,4.226,22270747.3,89286443.4438,447365,43666657.9226
1703289600000,4.227,4.256,3.965,4.043,14041372.3,57093195.6338,271640,27495855.7878
1703376000000,4.044,4.239,3.973,4.091,14215579.2,58446501.7846,283987,28037847.7072
1703462400000,4.091,4.263,3.956,4.057,13245757.6,54547212.5866,268528,25628750.8240
1703548800000,4.057,4.106,3.585,3.863,15740400.9,61543543.3085,304413,28163565.2051
1703635200000,3.863,4.379,3.743,4.163,15919335.2,65356682.4803,349543,30525711.0589
1703721600000,4.164,4.460,4.029,4.050,22026792.9,93469101.9176,504802,45275184.5097
1703808000000,4.050,4.161,3.766,3.892,14708611.6,58456440.2310,305790,28446757.3560
1703894400000,3.893,3.979,3.788,3.861,6757371.1,26284992.1609,157147,12308656.9106
1703980800000,3.861,4.065,3.750,3.868,12946721.2,51180542.8134,269370,25058233.7884
1704067200000,3.867,4.104,3.854,4.092,7633916.5,30146138.3511,181442,14034453.2018
1704153600000,4.093,4.227,3.871,3.898,9789415.0,39490668.6845,209819,18552963.4662
1704240000000,3.898,4.004,3.017,3.489,19575198.2,70664412.4961,434860,33407605.0388
1704326400000,3.489,3.686,3.416,3.622,8116182.9,29094618.2964,177720,13985605.6536
1704412800000,3.622,3.679,3.209,3.431,16438923.3,55835587.4716,306839,27650751.7214
1704499200000,3.431,3.575,3.282,3.459,17888281.6,61865183.5064,353186,29474515.5727
1704585600000,3.459,3.575,3.265,3.304,8906449.2,30767591.9103,202649,14753873.2172
1704672000000,3.305,3.462,3.075,3.358,14630302.3,48193749.1211,294285,23743304.8407
1704758400000,3.357,3.371,3.126,3.326,14654220.1,47739288.6215,302577,22773602.2083
1704844800000,3.326,3.924,3.318,3.864,30505336.7,109830510.8911,626839,53590119.3761
1704931200000,3.865,4.060,3.760,3.937,22322075.4,87448543.2634,464332,42835643.0325
1705017600000,3.937,4.059,3.561,3.750,16103575.2,61896155.4183,367571,30315667.1021
1705104000000,3.750,3.803,3.618,3.762,7124389.9,26553502.7308,173325,12704251.4417
1705190400000,3.761,3.764,3.526,3.542,6362928.0,23322807.6803,155482,11327351.4301
1705276800000,3.543,3.696,3.522,3.549,6244263.1,22514246.4035,156713,10790185.1925
1705363200000,3.550,3.652,3.450,3.635,7743235.3,27648878.5269,166071,13524049.4873
1705449600000,3.634,3.665,3.511,3.589,6317274.3,22597194.5204,150675,10893244.9720
1705536000000,3.590,3.591,3.263,3.363,8078980.1,27809051.9127,175209,13328756.6233
1705622400000,3.364,3.416,3.168,3.355,8375657.1,27763430.6810,167141,13493620.6086
1705708800000,3.354,3.377,3.250,3.322,6450004.0,21258979.6938,130243,10126044.0980
1705795200000,3.321,3.394,3.271,3.278,4046992.7,13472274.5326,96929,6573524.1578
1705881600000,3.277,3.411,3.180,3.201,15169783.0,49831555.1399,290094,24078409.1878
1705968000000,3.201,3.244,2.963,3.111,12112815.2,37361967.3697,225559,17444040.4221
1706054400000,3.110,3.219,3.063,3.203,6110254.0,19218476.6710,126760,9428885.2689
1706140800000,3.204,3.224,3.042,3.125,5913604.7,18510312.9775,118756,8696160.1394
1706227200000,3.125,3.267,3.097,3.223,6055280.0,19453291.5035,108349,9710548.0962
1706313600000,3.224,3.282,3.203,3.235,4957640.3,16074275.8072,89772,7759043.2700
1706400000000,3.235,3.313,3.133,3.172,5560135.8,17930471.0883,106849,8184584.1925
1706486400000,3.173,3.265,3.137,3.259,5726948.1,18332582.0259,105029,8747363.2804
1706572800000,3.259,3.299,3.190,3.212,6500006.4,21083401.4475,117671,10415080.3948
1706659200000,3.211,3.226,3.026,3.057,6854103.5,21459256.6551,128508,10168046.4662
1706745600000,3.056,3.158,3.009,3.149,5695079.4,17569838.4860,108193,8502595.6235
1706832000000,3.150,3.205,3.125,3.179,4863938.5,15445629.8420,89993,7647781.3916
1706918400000,3.178,3.202,3.101,3.109,3494746.9,10976407.0452,64716,5176277.1062
1707004800000,3.110,3.203,3.046,3.095,5323545.6,16574431.9912,89569,7953044.3414
1707091200000,3.094,3.138,3.032,3.080,5778415.6,17838372.2496,93503,8811723.1029
1707177600000,3.079,3.244,3.072,3.216,8485611.2,26912758.7785,128055,13465227.2427
1707264000000,3.216,3.390,3.204,3.345,10448212.6,34433751.4915,160609,16192445.2635
1707350400000,3.344,3.444,3.313,3.345,6976216.5,23497470.5100,121671,11532549.2940
1707436800000,3.346,3.540,3.343,3.483,8232814.9,28434824.6009,137037,13960945.4296
1707523200000,3.482,3.573,3.411,3.459,7570378.5,26335586.5642,129027,12979777.7459
1707609600000,3.460,3.514,3.401,3.479,4375847.0,15109537.1023,83141,7422922.2613
1707696000000,3.480,3.665,3.369,3.622,10176733.0,35780967.7701,176068,18035164.8733
1707782400000,3.623,3.673,3.466,3.614,9724658.8,34897374.1743,157290,17393784.0578
1707868800000,3.614,3.787,3.578,3.668,10008916.6,36846547.6655,166890,17812027.3504
1707955200000,3.668,3.840,3.633,3.730,9951401.0,37055938.4791,174754,18150045.4943
1708041600000,3.731,3.755,3.539,3.643,8221613.2,30061592.4622,149460,14020062.0174
1708128000000,3.644,3.693,3.514,3.675,5309634.8,19237647.9059,97964,9668015.2523
1708214400000,3.675,3.800,3.617,3.768,4781658.8,17754068.2422,95314,8835217.9531
1708300800000,3.769,3.939,3.722,3.822,9937477.1,38011062.7988,174079,19199885.5958
1708387200000,3.822,3.859,3.528,3.701,10706284.8,39741379.1994,194548,18609510.0233
1708473600000,3.701,3.715,3.392,3.536,8695434.3,30480400.7295,141037,14044852.6738
1708560000000,3.537,3.619,3.438,3.512,7117332.1,25258824.8127,129517,12130166.5563
1708646400000,3.512,3.868,3.403,3.664,21557348.2,78596466.9689,328817,37929795.6381
1708732800000,3.665,4.168,3.640,4.043,27073652.1,106540131.4753,446511,52137562.6638
1708819200000,4.042,4.074,3.851,3.923,11817131.8,46515125.1912,214081,22016228.6251
1708905600000,3.923,4.203,3.901,4.099,16267430.9,66397245.3173,313149,32176558.8213
1708992000000,4.099,4.150,3.865,3.877,12324105.9,49341438.3082,243026,23278635.9675
1709078400000,3.878,4.079,3.420,3.973,19672980.1,76686723.5625,364744,35622819.4806
1709164800000,3.973,4.564,3.929,4.187,22443494.5,95440432.7999,509479,47605580.4510
1709251200000,4.187,4.574,4.187,4.547,19486192.0,85888090.9116,431368,41046431.8854
1709337600000,4.548,4.746,4.450,4.631,12459086.8,57222223.6682,306066,28071878.5938
1709424000000,4.631,4.737,4.000,4.446,15146409.4,67322495.8488,357548,30560031.3703
1709510400000,4.446,4.598,4.288,4.417,17781474.7,79324186.4125,438488,37328012.2604
1709596800000,4.417,4.705,3.369,4.013,35911922.4,152846517.3528,779971,72241452.3076
1709683200000,4.012,4.445,3.862,4.375,18241800.9,77169034.9059,455192,36397034.4049
1709769600000,4.376,4.591,4.341,4.507,12061096.5,53985559.6963,341730,26092052.2716
1709856000000,4.506,4.592,4.150,4.295,12002932.5,52019180.2111,289640,24361940.5998
1709942400000,4.295,4.483,4.276,4.349,8055506.2,35280491.0307,206054,16941060.9610
1710028800000,4.350,4.532,4.163,4.375,11508245.8,50212190.0452,291573,23701587.7628
1710115200000,4.374,4.784,4.075,4.740,20974639.9,93006959.6804,524728,44667910.1439
1710201600000,4.740,5.158,4.463,5.091,27670794.7,132876129.6595,661696,64213420.3351
1710288000000,5.091,5.293,4.843,4.953,18734425.8,94722058.7921,423696,46999719.9704
1710374400000,4.952,4.998,4.450,4.751,19749069.9,93697232.9219,498701,44570277.1644
1710460800000,4.752,4.805,4.073,4.287,22282352.1,96876403.6153,543892,45398540.7843
1710547200000,4.288,4.417,3.876,4.001,14087748.5,58209846.0386,350363,27822847.8686
1710633600000,4.000,4.187,3.810,4.104,10360841.4,41842061.8635,265954,21023004.2537
1710720000000,4.105,4.225,3.811,3.896,12892337.2,51331201.0652,320802,24178094.3818
1710806400000,3.896,3.940,3.471,3.560,16559659.4,60697034.7872,426849,28836290.8620
1710892800000,3.558,4.008,3.436,4.006,14335288.8,53352766.0226,344172,25807074.8589
1710979200000,4.007,4.430,3.973,4.373,22085300.1,93378897.2384,523275,45023294.9977
1711065600000,4.372,4.495,4.162,4.297,16892050.9,72725083.4813,463511,34715803.7075
1711152000000,4.298,4.523,4.221,4.403,11357972.4,49648743.6659,298193,24240825.2628
1711238400000,4.403,4.783,4.334,4.591,15827179.8,71971726.3357,439264,36303132.8599
1711324800000,4.592,5.227,4.537,5.109,18711120.6,92198681.4170,496234,43664218.6147
1711411200000,5.108,5.171,4.846,4.924,14431472.9,72341183.3261,443658,35978717.9133
1711497600000,4.924,5.099,4.746,4.789,13590888.3,66874812.0076,452548,32175020.1391
1711584000000,4.789,5.120,4.661,5.062,10806578.1,52708874.5642,345454,25217923.4116
1711670400000,5.061,5.115,4.706,4.768,9687538.2,47372078.6492,319703,22529875.6853
1711756800000,4.768,4.799,4.531,4.567,6392045.1,29793676.0449,177716,14102719.5990
1711843200000,4.567,4.756,4.542,4.671,5189332.3,24237983.9088,166434,11372896.4162
1711929600000,4.671,4.717,4.288,4.414,10501853.7,46875400.5131,296427,22250945.6306
1712016000000,4.414,4.421,4.010,4.025,10243793.5,42711139.1138,284766,20097468.2676
1712102400000,4.024,4.214,3.883,3.980,9880707.1,40138691.4673,230116,19609498.4944
1712188800000,3.980,4.165,3.863,4.082,7295843.6,29599811.6274,173069,14176899.4024
1712275200000,4.083,4.083,3.832,3.911,7048592.0,27889239.8586,165258,13474737.3482
1712361600000,3.910,4.004,3.890,3.974,3234547.1,12802988.0159,84750,6180194.3081
1712448000000,3.973,4.046,3.921,4.012,4972957.1,19836037.9858,105712,9877083.2474
1712534400000,4.012,4.414,3.913,4.328,8398838.7,35298368.8246,176747,16996618.0825
1712620800000,4.328,4.378,3.986,3.998,8403341.5,34815719.2961,180613,16638875.0154
1712707200000,3.997,4.030,3.696,3.925,9993971.2,38588914.4906,185560,18506113.7325
1712793600000,3.924,4.034,3.791,3.867,6470694.2,25211362.1916,131605,12255933.7988
1712880000000,3.866,3.947,2.777,3.235,17772721.0,59987218.8684,355289,26196225.6160
1712966400000,3.235,3.269,2.356,2.785,27965457.7,80716528.0472,444390,38581640.7700
1713052800000,2.784,3.009,2.640,2.969,16517427.0,46579296.3946,295013,22779824.5879
1713139200000,2.969,3.243,2.822,2.942,15295790.9,46460413.8003,275061,22817424.6676
1713225600000,2.942,2.987,2.763,2.884,10156641.5,29252633.0743,223706,14345167.2729
1713312000000,2.883,2.932,2.694,2.785,10824608.2,30533965.5964,192838,15215606.2515
1713398400000,2.785,2.883,2.697,2.861,8942423.3,24988724.4283,175671,12432641.6694
1713484800000,2.861,3.015,2.622,2.952,10420111.4,29909903.0118,216870,14906765.3849
1713571200000,2.951,3.145,2.909,3.117,5441578.1,16425894.7331,121580,8036187.2847
1713657600000,3.117,3.145,2.976,3.056,4512168.9,13806407.8028,106823,6672523.4736
1713744000000,3.055,3.179,3.035,3.146,6239810.2,19506937.8783,137649,9463813.2004
1713830400000,3.146,3.182,2.981,3.010,6789620.3,20663579.3835,135727,10334433.8154
1713916800000,3.010,3.126,2.810,2.857,9959021.6,29770770.1458,185734,14325503.0085
1714003200000,2.856,3.012,2.762,2.951,7392216.6,21149606.7461,159375,10130415.3236
1714089600000,2.951,2.984,2.848,2.876,5544719.1,16163313.9003,126441,7939650.0305
1714176000000,2.876,2.994,2.750,2.940,6361897.6,18243078.9714,133726,9347269.7326
1714262400000,2.940,3.025,2.925,2.942,6009811.3,17903813.2840,108342,8586739.8721
1714348800000,2.942,2.997,2.810,2.899,7156354.1,20695335.0508,136851,10094487.7053
1714435200000,2.899,2.936,2.554,2.646,9598014.6,25779591.1971,167129,12566808.6535
1714521600000,2.646,2.702,2.456,2.649,9717817.7,25035292.9258,169003,12362642.9413
1714608000000,2.650,2.687,2.556,2.652,7221881.9,18922958.3056,118985,9855415.7320
1714694400000,2.652,2.855,2.638,2.832,7497308.9,20541363.8750,113479,10143373.6862
1714780800000,2.831,2.882,2.803,2.814,4205719.2,11961916.0381,74265,5661407.7685
1714867200000,2.814,2.878,2.753,2.838,4615242.0,12989528.8207,83680,6650107.5013
1714953600000,2.837,2.951,2.760,2.768,6813760.9,19396954.2905,109580,9519298.2652
1715040000000,2.768,2.798,2.595,2.614,7195266.7,19488338.8456,116628,9464533.5919
1715126400000,2.614,2.625,2.530,2.548,8005380.8,20634890.4187,128790,10226607.3928
1715212800000,2.548,2.676,2.493,2.654,6496896.0,16784646.0041,108990,8198325.6198
1715299200000,2.655,2.733,2.554,2.581,9348950.6,24621145.9090,128855,11640689.0494
1715385600000,2.581,2.630,2.554,2.561,4424752.6,11464259.0950,74725,5476829.3863
1715472000000,2.561,2.609,2.517,2.533,3696104.9,9461413.8316,61372,4472688.9845
1715558400000,2.532,2.594,2.404,2.415,9955165.4,24737913.3320,127849,11865879.7548
1715644800000,2.414,2.440,2.322,2.343,8152295.3,19421709.3457,104744,9096524.1345
1715731200000,2.344,2.592,2.326,2.567,9960852.2,24674502.4897,123267,12393601.8008
1715817600000,2.567,2.627,2.500,2.554,6349008.0,16266364.6033,88249,8081771.8601
1715904000000,2.553,2.754,2.531,2.658,8004603.8,21392468.3713,111193,10642516.4665
1715990400000,2.658,2.711,2.646,2.686,5062490.6,13586735.9489,68983,6430705.4587
1716076800000,2.685,2.704,2.534,2.562,4597896.1,12020422.5739,71234,5626969.4808
1716163200000,2.561,2.944,2.506,2.937,11567682.4,31478612.7763,157732,15373207.1053
1716249600000,2.937,3.031,2.901,2.927,11193841.2,33142590.4534,142374,16956166.0953
1716336000000,2.926,2.934,2.804,2.864,7839277.9,22414316.7236,113884,11386874.2311
1716422400000,2.864,2.984,2.675,2.875,13185977.1,37419322.7012,189899,17637313.4167
1716508800000,2.874,2.978,2.771,2.895,7386495.9,21232487.9245,120046,10629285.8705
1716595200000,2.895,3.048,2.861,2.934,7239853.4,21232889.8208,97925,10233098.8902
1716681600000,2.932,3.060,2.878,3.019,6587745.9,19435576.5341,98153,9276622.6003
1716768000000,3.019,3.303,2.998,3.124,14374297.6,45338525.5303,196006,22085250.6479
1716854400000,3.124,3.137,2.954,2.984,8582663.9,25933619.8118,136657,12147032.1920
1716940800000,2.984,3.039,2.863,2.877,6362767.6,18763076.8049,111125,8728169.2443
1717027200000,2.878,2.922,2.743,2.782,9055217.2,25476924.7688,132289,12196283.5601
1717113600000,2.781,2.879,2.762,2.842,5664545.4,15970333.1714,82191,7563543.9484
1717200000000,2.842,2.994,2.837,2.904,5395205.1,15772153.4298,73429,7447747.5039
1717286400000,2.902,2.921,2.707,2.718,6675028.8,18736015.7030,91627,9042740.3808
1717372800000,2.718,2.758,2.610,2.624,9321536.5,24966085.4505,124902,12338117.5424
1717459200000,2.624,2.758,2.615,2.754,6020021.1,16180964.1726,90893,7756821.2275
1717545600000,2.753,2.829,2.741,2.812,5612113.3,15645873.8441,77517,7824713.1722
1717632000000,2.812,2.813,2.709,2.752,4894960.4,13553748.7611,67451,6267868.5208
1717718400000,2.752,2.789,2.259,2.512,14704216.2,37536743.5782,168523,17295538.2489
1717804800000,2.512,2.539,2.363,2.396,6255779.7,15322504.1697,78470,7151901.0018
1717891200000,2.396,2.457,2.376,2.433,3621555.9,8752447.9068,51034,4233144.4073
1717977600000,2.434,2.455,2.357,2.385,5482726.2,13198603.2058,73540,6396955.0882
1718064000000,2.384,2.392,2.199,2.233,8748508.4,20046657.7034,109338,9138413.6653
1718150400000,2.233,2.405,2.189,2.347,8418855.8,19535904.6828,97594,9935893.8663
1718236800000,2.347,2.347,2.169,2.197,6804671.1,15298503.2925,85535,7161741.5290
1718323200000,2.196,2.236,2.029,2.129,8464406.2,18173702.0022,98081,8490834.1685
1718409600000,2.129,2.238,2.125,2.180,4269447.0,9339668.6566,53602,4569856.1917
1718496000000,2.181,2.222,2.139,2.201,3523314.8,7700441.1114,47772,3551602.4650
1718582400000,2.200,2.222,1.937,1.997,8851403.2,18255422.0680,111794,8624855.3828
1718668800000,1.997,2.006,1.700,1.907,21372003.5,39908047.9882,195719,19449670.4512
1718755200000,1.906,2.030,1.884,1.984,8478758.9,16796080.2440,105668,7677637.2957
1718841600000,1.984,2.086,1.972,1.988,5712590.0,11566716.3616,87055,5431963.4782
1718928000000,1.987,2.043,1.955,2.008,5349157.4,10700347.5173,89865,5371461.0854
1719014400000,2.007,2.009,1.961,1.978,2359186.0,4681557.3908,40302,2244927.6240
1719100800000,1.979,2.048,1.937,1.954,4069671.1,8141942.6308,64148,3788667.8778
1719187200000,1.954,2.010,1.829,2.006,9962440.9,19139099.3262,135106,9569508.4603
1719273600000,2.005,2.077,1.992,2.024,5349282.2,10848572.1225,83689,5520963.1727
1719360000000,2.023,2.052,1.942,1.992,4758078.5,9507060.3399,64832,4622363.9272
1719446400000,1.993,2.048,1.939,2.018,5253237.5,10519877.6691,64830,5079077.9749
1719532800000,2.017,2.106,1.952,1.964,7791031.1,15863563.9550,85605,7709233.8795
1719619200000,1.964,1.986,1.892,1.913,6146631.9,11890656.0466,61470,5980864.8375
1719705600000,1.912,1.998,1.886,1.995,5476483.0,10599385.6250,61392,5225167.4283
1719792000000,1.994,2.068,1.958,1.992,6239595.4,12554202.8236,78056,6003643.8063
1719878400000,1.991,2.014,1.944,1.988,3489718.1,6908643.0712,48657,3405662.7965
1719964800000,1.987,1.990,1.839,1.858,6948824.3,13222733.5963,79701,6289853.6930
1720051200000,1.858,1.877,1.632,1.649,9140250.8,16067909.6733,107169,7834555.8417
1720137600000,1.650,1.651,1.387,1.526,20273987.8,30417610.5434,163318,14698400.9670
1720224000000,1.526,1.659,1.523,1.653,5021111.9,7996238.7339,57041,3915468.6163
1720310400000,1.652,1.662,1.517,1.528,5084797.3,8114612.2293,61120,3808500.9941
1720396800000,1.529,1.647,1.479,1.599,8797547.3,13836630.3495,95691,6892956.4483
1720483200000,1.598,1.662,1.577,1.655,4267764.9,6933106.7377,53885,3459471.6767
1720569600000,1.656,1.693,1.623,1.650,4558101.3,7531937.5574,53719,3965349.7671
1720656000000,1.650,1.689,1.614,1.615,5637690.0,9299271.6672,60984,4738144.4925
1720742400000,1.615,1.703,1.607,1.686,4525088.4,7477916.0405,52791,3724318.4855
1720828800000,1.687,1.713,1.654,1.687,2851323.8,4809842.0511,34927,2363985.9109
1720915200000,1.688,1.868,1.683,1.841,7222378.7,12703213.2574,65141,6357508.3639
1721001600000,1.841,1.938,1.828,1.922,9936068.0,18741049.5164,101521,9253717.7385
1721088000000,1.923,1.953,1.817,1.903,6915373.5,13021248.1023,87707,6249048.0451
1721174400000,1.902,1.967,1.893,1.926,4795497.1,9258607.5501,60643,4399832.4297
1721260800000,1.927,2.030,1.885,1.921,7202891.7,14115870.1820,78309,6881133.5350
1721347200000,1.920,1.983,1.875,1.961,5610843.3,10843740.6889,55374,5432683.9144
1721433600000,1.961,1.997,1.819,1.883,8187822.0,15696562.1895,73932,7469214.4585
1721520000000,1.884,1.919,1.802,1.914,9672687.9,18198016.8914,86378,8686750.6598
1721606400000,1.913,1.924,1.807,1.811,6478712.5,12028907.4350,61541,5636186.5434
1721692800000,1.812,1.850,1.738,1.767,8643450.4,15508534.7975,82026,7530082.0916
1721779200000,1.768,1.799,1.671,1.696,5401259.2,9394734.3766,57652,4521055.9993
1721865600000,1.696,1.729,1.597,1.649,8018065.3,13185898.3377,79812,6065259.2457
1721952000000,1.649,1.747,1.634,1.739,5826818.2,9909252.5797,57146,4949554.0758
1722038400000,1.738,1.753,1.662,1.715,4351614.8,7455744.0624,46428,3640132.5160
1722124800000,1.716,1.826,1.668,1.752,8365082.8,14576992.2826,71006,7334147.7217
1722211200000,1.752,1.838,1.749,1.800,7714772.3,13849753.9889,77352,6597672.5316
1722297600000,1.801,1.833,1.701,1.713,6054916.1,10770518.5545,60975,5015235.0002
1722384000000,1.713,1.750,1.641,1.647,7312802.8,12384904.5734,72129,6192277.3586
1722470400000,1.646,1.670,1.525,1.626,8961375.1,14323966.6770,85166,6757681.0856
1722556800000,1.625,1.639,1.487,1.510,7894607.7,12309810.4026,76945,5891612.5166
1722643200000,1.510,1.553,1.409,1.446,8279837.9,12242056.5900,72132,5911652.9871
1722729600000,1.446,1.488,1.321,1.353,9552804.8,13366054.6480,77801,6477094.2584
1722816000000,1.353,1.366,1.082,1.232,41044582.2,48948723.7606,234914,24023578.1584
1722902400000,1.232,1.333,1.228,1.284,12436290.4,16083665.0843,97265,8080798.7041
1722988800000,1.284,1.339,1.189,1.204,13021542.0,16373537.0790,106392,8126452.7940
1723075200000,1.205,1.370,1.180,1.368,11426133.9,14597717.9790,96778,7479593.2808
1723161600000,1.368,1.369,1.275,1.310,7586745.1,9978047.3922,73451,4996118.2578
1723248000000,1.309,1.326,1.284,1.317,3796147.9,4968263.9787,46488,2489054.4379
1723334400000,1.318,1.360,1.212,1.221,6230626.0,8003320.0622,58449,3704465.5944
1723420800000,1.221,1.379,1.217,1.345,12336333.1,16089716.3313,103742,8073833.7228
1723507200000,1.345,1.378,1.305,1.375,6195950.2,8310718.0156,57123,4058330.7869
1723593600000,1.374,1.382,1.297,1.339,14065025.4,18848104.1833,83646,9502132.6407
1723680000000,1.338,1.366,1.278,1.320,9197105.0,12127576.5014,71700,5704194.2572
1723766400000,1.320,1.352,1.274,1.331,8185817.3,10765871.7137,68957,5268090.6493
1723852800000,1.330,1.390,1.314,1.388,6634235.4,8885805.0281,50043,4524885.8757
1723939200000,1.389,1.433,1.377,1.379,9631387.3,13577618.1318,73868,6586774.9526
1724025600000,1.380,1.433,1.356,1.414,7629950.6,10671786.0896,61460,5228784.8447
1724112000000,1.414,1.468,1.370,1.394,6964696.1,9872066.5280,57063,5053995.5441
1724198400000,1.393,1.551,1.382,1.534,9882093.7,14569521.0722,77262,6904185.4230
1724284800000,1.535,1.540,1.487,1.507,8703498.9,13156540.2402,64206,6628861.2470
1724371200000,1.506,1.665,1.500,1.638,8999346.4,14091596.2262,79891,7247002.2085
1724457600000,1.639,1.746,1.623,1.655,13944955.9,23515593.0934,114050,11442739.5196
1724544000000,1.655,1.659,1.560,1.587,7568590.5,12130937.6825,79424,5869209.4377
1724630400000,1.587,1.607,1.504,1.506,5886558.4,9177401.1033,70914,4191030.7233
1724716800000,1.506,1.540,1.357,1.389,8060940.6,11761506.2845,76342,5618788.5007
1724803200000,1.388,1.421,1.317,1.363,10076225.3,13799072.0065,82116,6931593.3548
1724889600000,1.364,1.416,1.345,1.361,5752980.9,7898911.6829,51560,3823562.7860
1724976000000,1.362,1.404,1.299,1.370,7317367.8,9937446.9674,62478,4909426.7952
1725062400000,1.369,1.374,1.314,1.333,3198114.1,4290393.9439,34002,2105802.6978
1725148800000,1.333,1.345,1.247,1.260,5111089.2,6646637.9913,52331,3228786.4742
1725235200000,1.259,1.340,1.251,1.327,5307330.2,6873385.8753,54820,3558506.9902
1725321600000,1.327,1.352,1.265,1.280,6257564.5,8165812.6738,52215,3774335.3786
1725408000000,1.281,1.400,1.214,1.364,12987604.3,17293809.3968,94109,8990076.8840
1725494400000,1.364,1.369,1.263,1.275,9579927.2,12586711.8674,72767,6235347.3443
1725580800000,1.275,1.304,1.181,1.235,16709480.8,20810186.1552,110676,9593679.4241
1725667200000,1.236,1.306,1.227,1.263,7141702.9,9010736.7885,54207,4510930.8370
1725753600000,1.263,1.307,1.247,1.288,6299747.5,8044664.7683,46798,4076797.6686
1725840000000,1.288,1.369,1.286,1.349,8220212.1,10902917.7366,59904,5363591.1089
1725926400000,1.349,1.423,1.332,1.403,8154471.7,11289205.7995,57221,5696346.6185
1726012800000,1.403,1.427,1.346,1.366,14162856.2,19677508.5216,92689,9718918.9861
1726099200000,1.365,1.407,1.355,1.386,6090282.5,8437797.4637,49987,4241873.6756
1726185600000,1.386,1.471,1.375,1.459,7503817.0,10598728.4206,55084,5187236.2547
1726272000000,1.460,1.467,1.423,1.438,4691880.6,6759422.9047,36856,3288362.3663
1726358400000,1.438,1.479,1.348,1.364,6602830.8,9372795.5928,46954,4652320.4850
1726444800000,1.364,1.395,1.310,1.324,7328308.5,9863273.9958,57146,4680971.6694
1726531200000,1.324,1.422,1.304,1.416,9560037.4,13115251.1496,60457,6467745.3789
1726617600000,1.416,1.448,1.322,1.446,8487454.8,11709037.1203,64559,5935120.6852
1726704000000,1.447,1.535,1.442,1.489,10701705.4,15992982.9322,71036,8246559.2044
1726790400000,1.490,1.589,1.473,1.582,10906206.8,16828220.3820,79436,8153251.7285
1726876800000,1.581,1.627,1.544,1.616,8037937.4,12766697.2620,64813,6481910.7827
1726963200000,1.616,1.618,1.487,1.526,7737004.8,11958775.1243,59851,5726338.0968
1727049600000,1.527,1.637,1.497,1.595,8078547.0,12848331.2180,69555,6351409.2698
1727136000000,1.595,1.702,1.566,1.678,11676285.5,19241583.2779,86134,9491370.0470
1727222400000,1.678,1.721,1.642,1.658,9988053.9,16774949.7521,80995,8296120.4968
1727308800000,1.658,1.735,1.624,1.695,11739573.3,19929721.9625,90505,9716174.6755
1727395200000,1.694,1.735,1.675,1.720,8249186.9,14086802.7307,71218,7002663.9167
1727481600000,1.720,1.768,1.652,1.695,6374344.4,10876760.0490,55596,5040837.8394
1727568000000,1.695,1.707,1.640,1.676,4689741.0,7848692.5955,50518,3847333.5588
1727654400000,1.676,1.679,1.564,1.579,8221821.8,13399889.4082,75685,6313621.9094
1727740800000,1.578,1.614,1.385,1.411,17726135.7,26597010.2980,116389,13001304.6229
1727827200000,1.410,1.468,1.317,1.341,10655018.7,14820879.6765,81300,7494119.5658
1727913600000,1.341,1.374,1.292,1.337,11622630.5,15436683.3545,85287,7485835.6448
1728000000000,1.337,1.406,1.327,1.390,7313130.8,9998987.6245,62539,5014414.8477
1728086400000,1.389,1.425,1.365,1.385,5087855.6,7122749.8110,49370,3408368.6432
1728172800000,1.385,1.439,1.382,1.431,4501164.3,6357093.4063,44905,3393650.5443
1728259200000,1.431,1.515,1.428,1.455,8740134.8,12936883.2876,72091,6467735.3543
1728345600000,1.454,1.471,1.389,1.409,7681910.3,10925220.7716,65114,5393185.4280
1728432000000,1.409,1.436,1.351,1.361,7613920.7,10651383.8031,64388,4982249.4769
1728518400000,1.361,1.417,1.355,1.417,7660511.9,10597167.0707,63908,5364478.9921
1728604800000,1.418,1.468,1.405,1.455,5418257.2,7796963.4740,47616,3931938.7925
1728691200000,1.455,1.504,1.448,1.477,4565064.6,6767669.0326,43619,3325331.5610
1728777600000,1.478,1.481,1.417,1.454,3969055.5,5763454.3499,43122,2864096.6541
1728864000000,1.454,1.569,1.439,1.550,6833315.9,10369098.5591,63266,5543154.6573
1728950400000,1.550,1.557,1.445,1.499,10321013.0,15458930.3626,88816,7660744.7089
1729036800000,1.500,1.521,1.459,1.467,7122797.0,10627738.4541,66016,5325160.3099
1729123200000,1.467,1.485,1.406,1.439,5873269.0,8453795.4044,56561,4009462.5652
1729209600000,1.440,1.464,1.422,1.449,5263008.2,7599710.5719,46316,3705223.8348
1729296000000,1.448,1.472,1.434,1.457,4501097.2,6541640.0598,37599,3533006.4243
1729382400000,1.458,1.629,1.436,1.625,14616508.5,22684838.3936,101713,11185367.7484
1729468800000,1.626,1.638,1.505,1.522,10051833.2,15683135.4535,85351,7591321.5827
1729555200000,1.522,1.553,1.493,1.531,7974455.9,12146159.9502,66243,5683101.7646
1729641600000,1.530,1.541,1.406,1.455,8097852.6,11874258.8493,69607,5741174.5919
1729728000000,1.455,1.526,1.452,1.510,6292049.7,9332245.7154,57848,4509694.6271
1729814400000,1.511,1.526,1.343,1.400,9368208.5,13665730.7207,79831,6694941.8075
1729900800000,1.400,1.416,1.354,1.399,4837831.7,6739121.5048,42207,3318648.9315
1729987200000,1.400,1.421,1.383,1.413,2988809.8,4190970.7391,32022,2113890.5283
1730073600000,1.414,1.423,1.324,1.394,7039500.1,9724230.1666,63855,4766641.5090
1730160000000,1.395,1.509,1.395,1.497,10961353.5,16081495.7259,85978,7963162.0391
1730246400000,1.498,1.521,1.467,1.482,7572551.2,11303452.4711,76141,5556095.9752
1730332800000,1.482,1.493,1.368,1.387,6714829.3,9561048.6766,69946,4587108.6075
1730419200000,1.386,1.424,1.361,1.386,6647373.2,9242399.6627,74799,4416625.2166
1730505600000,1.386,1.404,1.345,1.352,3719704.8,5104864.7292,46060,2360705.5020
1730592000000,1.352,1.356,1.233,1.283,8854251.4,11389351.1416,86157,5544021.2012
1730678400000,1.282,1.319,1.227,1.249,7070745.7,9005954.6480,72937,4537836.7103
1730764800000,1.249,1.322,1.248,1.296,6628210.7,8529832.6364,64072,4526207.2822
1730851200000,1.295,1.493,1.295,1.484,15214559.2,21608000.4579,120323,10696699.5705
1730937600000,1.484,1.546,1.463,1.498,9656402.5,14531968.5852,93495,6665539.4078
1731024000000,1.498,1.625,1.474,1.571,14882111.4,22985943.1333,125911,11756393.9968
1731110400000,1.571,1.649,1.544,1.614,10927899.6,17442407.4103,94596,8469028.1087
1731196800000,1.614,1.711,1.558,1.645,19833021.5,32400263.6242,175694,15380765.7984
1731283200000,1.646,1.736,1.590,1.724,15879428.1,26334265.1144,140422,12676429.6136
1731369600000,1.724,1.742,1.529,1.605,19277814.6,31252240.3031,185021,14947722.2796
1731456000000,1.606,1.626,1.462,1.524,16120142.0,24778613.3684,160736,11758658.2931
1731542400000,1.525,1.587,1.467,1.494,10096626.8,15358951.4475,123097,7603861.4235
1731628800000,1.495,1.556,1.446,1.552,9469328.4,14185172.2387,101974,6952532.3137
1731715200000,1.553,1.713,1.547,1.696,10838129.2,17701470.5186,118863,8822600.7458
1731801600000,1.697,1.719,1.591,1.619,10182555.9,16926412.6780,110544,8166858.3406
1731888000000,1.619,1.910,1.609,1.816,30394228.1,55376668.3061,255894,27310785.5597
1731974400000,1.815,1.819,1.714,1.768,10662729.1,18951116.0020,115585,8919496.6280
1732060800000,1.767,1.784,1.634,1.659,10259439.8,17570689.4827,112772,8581731.0320
1732147200000,1.658,1.868,1.600,1.845,15897149.1,28219580.2053,159353,13454365.3029
1732233600000,1.846,1.905,1.757,1.903,11458933.6,20793925.5160,149250,10168747.5654
1732320000000,1.903,2.177,1.881,2.099,24087845.3,48619470.3342,264546,23571046.8744
1732406400000,2.101,2.243,1.963,2.138,20818061.4,43552577.3548,231919,20395515.9465
1732492800000,2.138,2.456,2.047,2.231,25503551.4,57900385.4911,329184,28050953.8835
1732579200000,2.231,2.331,2.072,2.215,12644747.0,27642979.4703,193207,13399339.4786
1732665600000,2.215,2.554,2.170,2.420,18089586.2,43211070.3781,242803,21895313.9919
1732752000000,2.421,2.421,2.253,2.381,12448335.0,28965588.8410,180570,13621382.1368
1732838400000,2.381,2.409,2.298,2.379,6538035.7,15451668.2083,120162,7496767.1786
1732924800000,2.379,2.676,2.360,2.630,11325065.1,28961957.8206,186989,14844604.1124
1733011200000,2.629,2.631,2.464,2.535,10142943.5,25754772.8142,153608,12155047.7436
1733097600000,2.534,2.750,2.382,2.746,20054169.9,51180534.8032,288720,24630984.3136
1733184000000,2.746,2.987,2.643,2.956,20092235.2,56172176.9509,297386,27312109.0532
1733270400000,2.956,3.215,2.816,3.035,17360042.0,52748919.0715,308165,25480293.9880
1733356800000,3.034,3.116,2.810,2.935,16702575.2,49802492.0850,270057,24082975.1286
1733443200000,2.935,3.369,2.931,3.254,19016665.0,60808487.5404,318851,30702704.6191
1733529600000,3.255,3.375,3.081,3.197,10874230.4,34886827.6044,202135,16332745.5352
1733616000000,3.198,3.692,3.075,3.386,29642069.7,100972289.4956,451076,50778620.2119
1733702400000,3.385,3.414,2.297,2.762,30396656.4,90384223.4988,414218,40734452.6622
1733788800000,2.761,2.972,2.424,2.702,31762318.7,85108990.1275,416060,41196059.0393
1733875200000,2.703,3.029,2.585,2.928,15613747.8,43848104.2030,245827,21188075.7506
1733961600000,2.928,3.363,2.874,3.155,20381762.2,64710484.7829,317715,31274161.5018
1734048000000,3.156,3.257,3.011,3.109,10666998.2,33189874.0701,203575,15638821.9876
1734134400000,3.110,3.206,2.815,2.878,12513168.6,37966289.3668,217563,17779389.6873
1734220800000,2.877,3.009,2.802,2.972,11506211.4,33536377.0790,199692,16244321.4804
1734307200000,2.972,3.103,2.776,2.870,12065316.7,35195329.5510,222366,16488541.4763
1734393600000,2.871,2.881,2.626,2.668,10414100.0,28945936.6289,186187,13677095.2740
1734480000000,2.668,2.705,2.345,2.373,17928395.8,45242827.0845,226084,22031200.9850
1734566400000,2.373,2.431,2.053,2.137,22287146.0,49788347.2346,244999,23556051.0104
1734652800000,2.136,2.258,1.843,2.198,22506279.8,46436934.0013,267942,23015477.0615
1734739200000,2.198,2.242,1.938,1.971,15659253.4,32874129.6631,204487,16175257.8620
1734825600000,1.972,2.039,1.914,1.974,11101362.9,22016268.3522,158846,11340421.5649
1734912000000,1.973,2.154,1.923,2.100,11345128.3,22978261.6254,152212,10989336.2302
1734998400000,2.100,2.329,2.037,2.226,18986411.7,41557392.6412,188394,20600709.5814
1735084800000,2.224,2.320,2.160,2.204,10526324.4,23475791.7414,136153,11605195.5560
1735171200000,2.203,2.233,1.992,2.029,10363620.8,21560381.0449,125417,10172717.2418
1735257600000,2.028,2.172,2.012,2.067,9891156.2,20636087.3058,124592,10216129.8692
1735344000000,2.068,2.144,2.020,2.128,6920096.3,14384561.6921,95637,7175011.2499
1735430400000,2.129,2.131,1.986,2.011,5508327.3,11368810.7210,73355,5192353.4622
1735516800000,2.010,2.104,1.919,1.986,10688059.5,21455092.4182,116200,10683100.5391
1735603200000,1.986,2.026,1.898,1.917,7687207.8,15046565.9494,88780,7249061.1326
1735689600000,1.916,2.028,1.892,2.013,6520205.3,12746417.0976,78719,6038866.5568
1735776000000,2.013,2.154,2.009,2.069,6731659.6,14006372.8676,103633,6262437.4329
1735862400000,2.069,2.228,2.032,2.196,7814067.2,16627830.0021,107101,8182432.9849
1735948800000,2.195,2.265,2.141,2.211,7663797.2,16797288.2335,98367,8064234.1099
1736035200000,2.211,2.214,2.131,2.183,5716353.7,12403717.4867,84247,5850699.0379
1736121600000,2.183,2.276,2.137,2.203,8452663.3,18625832.2292,116410,8843259.5628
1736208000000,2.203,2.206,1.926,1.928,12824919.7,26277577.1220,131750,12145403.6344
1736294400000,1.927,1.957,1.738,1.853,12528187.1,23149822.2592,123017,10921127.0944
1736380800000,1.852,1.882,1.734,1.781,9250072.8,16681361.6054,102813,8383009.1632
1736467200000,1.782,1.876,1.758,1.823,11208503.1,20289673.1946,110684,10194179.4161
1736553600000,1.823,1.854,1.780,1.820,5644333.1,10235017.2272,69613,4928142.6128
1736640000000,1.821,1.837,1.751,1.786,5033680.9,9060031.9953,65339,4371576.7365
1736726400000,1.786,1.840,1.559,1.684,16656837.4,27619327.4651,141213,13270836.1329
1736812800000,1.684,1.795,1.674,1.781,8481971.4,14643841.4922,88976,7354296.7536
1736899200000,1.782,1.914,1.723,1.913,10903505.7,19806916.6872,112640,9706373.0543
1736985600000,1.912,1.916,1.819,1.850,10319375.8,19308754.5536,108872,9120074.8385
1737072000000,1.849,1.995,1.849,1.979,11239343.2,21698156.3704,121565,10849158.1628
1737158400000,1.980,2.006,1.752,1.810,12673027.0,23304298.1185,130874,10934336.3406
1737244800000,1.809,1.873,1.585,1.618,28971035.5,49842717.2838,233118,24106834.4419
1737331200000,1.618,1.750,1.533,1.620,28743901.4,47072007.9717,246564,22924332.5067
1737417600000,1.620,1.772,1.546,1.727,14532129.8,24063865.7975,144412,11780677.6619
1737504000000,1.727,1.747,1.631,1.648,8262099.2,13972103.1865,106127,7023246.8081
1737590400000,1.648,1.668,1.556,1.614,13605118.8,21919926.4421,116019,10534300.6326
1737676800000,1.614,1.677,1.547,1.572,10662440.8,17196518.8186,104981,8652600.2845
1737763200000,1.572,1.623,1.540,1.584,6405913.1,10140570.5253,74761,4837005.7091
1737849600000,1.583,1.647,1.547,1.550,5239071.4,8386942.0223,74028,4195202.3188
1737936000000,1.550,1.554,1.373,1.488,15605211.6,22655571.1328,140701,10223223.5519
1738022400000,1.488,1.552,1.397,1.417,8391484.3,12475950.4508,95933,5708115.8741
1738108800000,1.417,1.569,1.412,1.508,11007171.6,16451445.6086,117169,7921494.6845
1738195200000,1.508,1.617,1.494,1.568,9094813.0,14318344.3406,92831,7125600.0947
1738281600000,1.568,1.686,1.539,1.605,8897406.3,14381028.7547,105618,7298222.0390
1738368000000,1.605,1.622,1.430,1.445,6836185.2,10527056.3282,82053,5021875.2881
1738454400000,1.444,1.481,1.160,1.259,19620397.8,25842315.9247,165547,12131373.3067
1738540800000,1.259,1.285,0.912,1.261,44887875.4,50345466.7819,266681,23683758.2759
1738627200000,1.260,1.272,1.039,1.098,44360182.9,48925386.8940,203451,25053837.5119
1738713600000,1.099,1.136,1.029,1.053,20306171.0,22170136.0181,123449,11243574.1278
1738800000000,1.052,1.066,0.960,0.971,21588982.3,21963819.5652,132177,11252716.5618
1738886400000,0.971,1.046,0.925,0.967,23518719.5,23306923.2607,132542,11471190.5686
1738972800000,0.967,0.991,0.940,0.971,18213986.1,17622564.6504,107481,9047577.6345
1739059200000,0.971,1.002,0.914,0.966,17058056.1,16458697.5605,99434,8009566.3893
1739145600000,0.965,1.034,0.933,1.018,19242666.9,18944023.5132,109559,9562266.2424
1739232000000,1.017,1.067,0.946,0.962,18348108.9,18327069.2973,111619,9115336.5844
1739318400000,0.962,1.055,0.917,1.038,22371665.1,21725377.6282,114985,10640176.5919
1739404800000,1.038,1.061,0.984,1.039,19869202.9,20217045.6345,116020,9497660.3235
1739491200000,1.040,1.058,0.978,1.029,40213477.0,40834820.3831,169567,19691538.6954
1739577600000,1.029,1.042,0.974,0.987,14954375.5,14984855.9329,88145,6855475.8216
1739664000000,0.987,1.038,0.962,0.980,16765065.5,16640191.5503,89682,7889900.4971
1739750400000,0.980,1.044,0.969,1.011,16960907.8,17030520.0272,100022,8284964.4430
1739836800000,1.011,1.014,0.905,0.964,26263918.7,24886272.8438,121548,12449080.3754
1739923200000,0.964,0.985,0.928,0.952,21210868.8,20319539.4445,109768,10214510.1081
1740009600000,0.952,1.007,0.948,0.997,14351697.3,13975509.6489,84758,6822300.2827
1740096000000,0.997,1.074,0.941,0.958,23606184.1,23687356.2685,126275,11871327.0734
1740182400000,0.959,1.037,0.950,1.025,11628894.1,11508512.2040,71915,5469146.0294
1740268800000,1.026,1.035,0.985,1.004,9259094.1,9330448.5382,63050,4561857.9525
1740355200000,1.004,1.007,0.858,0.882,28886017.7,27124712.1897,136328,12596706.6044
1740441600000,0.881,0.909,0.813,0.897,41018708.2,35345408.0517,166438,16785310.7009
1740528000000,0.898,0.918,0.826,0.873,23098451.4,20216554.6286,105298,10271447.0111
1740614400000,0.873,0.934,0.862,0.901,16605482.3,14913023.5568,87480,7309840.4074
1740700800000,0.902,0.919,0.815,0.910,25904278.5,22253378.0163,119625,10960788.3455
1740787200000,0.910,0.913,0.860,0.890,11860308.9,10472568.4294,70209,5038420.6001
1740873600000,0.889,1.019,0.879,1.007,23476691.3,22310173.1679,122350,11357664.8518
1740960000000,1.008,1.010,0.888,0.895,34804868.8,33028038.6163,158368,16396526.5074
1741046400000,0.895,0.946,0.812,0.931,37638610.1,32848552.0920,166334,15600532.0074
1741132800000,0.931,0.975,0.902,0.937,19817598.2,18529106.7899,106499,9260814.7828
1741219200000,0.937,0.956,0.875,0.888,15899126.4,14592974.3282,88172,7520476.0672
1741305600000,0.888,0.954,0.843,0.916,23992388.0,21794897.1774,116779,10616295.2898
1741392000000,0.917,0.926,0.860,0.885,11041569.5,9805685.1754,63263,4859833.5671
1741478400000,0.885,0.889,0.799,0.812,15870698.4,13378380.9046,82502,6274129.8024
1741564800000,0.812,0.897,0.762,0.781,29764449.4,24661356.1006,131840,12101247.3272
1741651200000,0.781,0.825,0.723,0.804,25146321.6,19604852.8961,114190,9996841.0639
1741737600000,0.805,0.856,0.771,0.825,24422048.8,19880737.5871,101144,9883998.0813
1741824000000,0.825,0.834,0.782,0.802,15008744.8,12110489.4683,81835,6153175.1822
1741910400000,0.802,0.851,0.799,0.827,14493849.5,11968954.7375,66110,6448366.9907
1741996800000,0.827,0.859,0.817,0.857,10990183.7,9235060.7561,57439,4512072.5310
1742083200000,0.857,0.858,0.803,0.809,12730361.2,10566082.5391,65001,5041163.9711
1742169600000,0.810,0.875,0.807,0.870,13644906.0,11553072.7567,69307,5711230.0144
1742256000000,0.870,0.873,0.801,0.842,12243624.9,10276197.3037,72198,5122172.9166
1742342400000,0.842,0.894,0.839,0.889,18118197.0,15639975.1367,75583,7949432.7667
1742428800000,0.889,0.900,0.850,0.872,9699882.3,8493278.1981,54555,4328319.8997
1742515200000,0.873,0.884,0.827,0.846,10530701.4,8935715.6369,52926,4428495.7746
1742601600000,0.846,0.872,0.832,0.864,6336524.1,5421892.5015,40754,2452078.1722
1742688000000,0.865,0.892,0.850,0.888,8717471.1,7585125.1908,52249,3872495.4722
1742774400000,0.888,0.928,0.867,0.922,13441676.1,12191152.9091,70323,6418668.1317
1742860800000,0.922,0.936,0.895,0.931,11205341.3,10237949.0029,59788,5222004.8189
1742947200000,0.931,0.949,0.891,0.905,29830139.8,27508720.1562,91511,14123541.9306
1743033600000,0.904,0.936,0.894,0.902,14298495.2,13079140.3789,59353,6185656.0203
1743120000000,0.903,0.926,0.820,0.829,16231292.7,14022608.5461,69732,6192887.3287
1743206400000,0.829,0.839,0.762,0.774,12329633.7,9734461.6618,56683,4516500.8802
1743292800000,0.774,0.788,0.763,0.773,6936914.3,5390244.6730,39525,2762758.6366
1743379200000,0.774,0.783,0.735,0.761,13553004.3,10301635.8361,60795,5030143.2675
1743465600000,0.761,0.777,0.707,0.711,27946425.4,20760139.9827,90905,10601652.4313
1743552000000,0.711,0.717,0.640,0.652,29443046.2,20104008.0234,92666,9863711.5373
1743638400000,0.652,0.682,0.624,0.650,15523321.2,10125208.4412,62279,4857167.6047
1743724800000,0.650,0.665,0.615,0.659,16356133.5,10529133.4893,64380,5334601.1175
1743811200000,0.659,0.696,0.658,0.678,11752670.2,7947735.5396,54643,4021100.1866
1743897600000,0.677,0.682,0.587,0.612,16741310.6,10533355.1018,63275,5021322.0011
1743984000000,0.612,0.639,0.547,0.613,30964808.6,18389247.7257,101136,9177064.6274
1744070400000,0.614,0.644,0.572,0.582,16266861.3,9803997.6307,70769,4988653.0031
1744156800000,0.582,0.665,0.553,0.656,20629595.5,12660377.2143,77900,6420550.8715
1744243200000,0.655,0.656,0.606,0.623,18282490.9,11471854.1384,70717,5540173.4540
1744329600000,0.622,0.658,0.619,0.646,8767483.0,5608649.1209,41804,2814535.9438
1744416000000,0.646,0.681,0.637,0.672,5341385.9,3541058.3371,49968,1830236.9430
1744502400000,0.672,0.675,0.614,0.631,11957138.1,7670411.0645,67605,3714005.6922
1744588800000,0.632,0.660,0.624,0.644,15718475.8,10077754.5148,60554,5102194.7662
1744675200000,0.644,0.663,0.622,0.628,11606130.4,7493880.2355,49960,3500921.5309
1744761600000,0.627,0.644,0.613,0.615,13415771.6,8444292.7898,52433,4284941.9186
1744848000000,0.615,0.638,0.606,0.619,8767098.7,5439290.3610,44086,2836039.8121
1744934400000,0.618,0.642,0.613,0.620,10586563.2,6628347.8193,40288,3368717.5336
1745020800000,0.620,0.651,0.617,0.644,10167139.1,6449394.7328,40981,3511775.6068
1745107200000,0.644,0.665,0.622,0.648,11371932.0,7304207.0331,46816,3826365.7149
1745193600000,0.647,0.689,0.646,0.663,19722109.7,13219874.6275,67954,6644408.7470
1745280000000,0.663,0.723,0.645,0.718,20754616.6,14288487.0043,71024,6878392.8120
1745366400000,0.718,0.747,0.710,0.732,13959457.8,10175925.6682,59867,4812597.1417
1745452800000,0.732,0.772,0.681,0.746,39155772.5,28081533.9545,121565,13753926.2939
1745539200000,0.746,0.781,0.744,0.762,14012012.7,10699909.8229,60713,5230178.0275
1745625600000,0.762,0.790,0.742,0.774,9775159.5,7498971.3179,57383,3608159.0444
1745712000000,0.774,0.776,0.724,0.727,6584717.5,4933083.9569,39164,2249510.5495
1745798400000,0.727,0.751,0.699,0.735,12973213.5,9419664.5428,65673,4739955.2117
1745884800000,0.736,0.752,0.694,0.706,8792537.9,6408014.1518,54589,3058457.2670
1745971200000,0.706,0.732,0.686,0.710,8447923.4,5989379.8478,48747,2899453.6676
1746057600000,0.711,0.742,0.705,0.723,8222805.3,5969822.3822,47303,3121887.9857
1746144000000,0.723,0.741,0.707,0.720,6228649.4,4493728.7798,41961,2082763.4097
1746230400000,0.720,0.722,0.660,0.670,6937596.6,4771322.1446,58606,2288527.8395
1746316800000,0.669,0.680,0.648,0.654,7820142.4,5189547.9919,65483,2507709.2561
1746403200000,0.654,0.671,0.634,0.644,12752429.4,8301724.7936,53644,4245803.5217
1746489600000,0.644,0.653,0.613,0.641,11249241.1,7140360.6820,54706,3443774.1817
1746576000000,0.641,0.657,0.629,0.647,12418552.0,8004867.2604,50945,3985041.1724
1746662400000,0.647,0.754,0.646,0.753,21103896.3,14805988.0060,75253,7785834.7022
1746748800000,0.754,0.819,0.750,0.810,18935348.6,14962970.2256,92208,7525799.4926
1746835200000,0.809,0.913,0.798,0.911,15871859.6,13256083.9689,85994,6678248.6182
1746921600000,0.910,0.910,0.834,0.865,22228118.8,19261855.5930,119560,8990938.9865
1747008000000,0.864,0.930,0.834,0.877,17968240.1,15874138.1685,112674,7828693.5042
1747094400000,0.877,0.940,0.827,0.924,17458212.3,15463233.7649,96164,7754045.7705
1747180800000,0.924,0.964,0.879,0.880,18715887.4,17150354.0414,124103,8825758.9878
1747267200000,0.880,0.898,0.800,0.824,15441754.2,13022021.4900,91614,6165354.8500
1747353600000,0.825,0.846,0.774,0.784,8911971.1,7291576.1661,67103,3367566.8987
1747440000000,0.784,0.807,0.764,0.785,10981726.8,8626412.8952,74018,4201940.2987
1747526400000,0.785,0.843,0.760,0.820,10726064.0,8655818.7716,62924,4256019.6006
1747612800000,0.819,0.823,0.758,0.792,10142780.7,7913902.1625,57029,3989515.4463
1747699200000,0.792,0.866,0.789,0.813,17798557.0,14609321.4690,110171,7516454.9313
1747785600000,0.813,0.838,0.784,0.815,18227756.7,14741072.5971,89115,7087334.2828
1747872000000,0.814,0.872,0.808,0.859,21381703.0,17987599.2952,104627,8542890.6256
1747958400000,0.859,0.880,0.767,0.772,16983962.3,14037425.1851,78591,6563293.8120
1748044800000,0.772,0.795,0.765,0.780,6535755.0,5120414.1797,38860,2383279.4901
1748131200000,0.779,0.783,0.735,0.762,10689161.5,8076529.0325,50532,3858146.0947
1748217600000,0.762,0.793,0.756,0.767,8438935.6,6534147.6436,56282,3170357.4449
1748304000000,0.768,0.806,0.750,0.775,10433402.4,8197032.2370,53142,4236024.7603
1748390400000,0.775,0.799,0.753,0.777,13977269.0,10835528.8529,59422,5329631.7375
1748476800000,0.778,0.810,0.738,0.740,13910873.3,10746961.8724,57846,5119374.1920
1748563200000,0.740,0.748,0.653,0.659,16482042.4,11643569.6006,68606,5190006.0842
1748649600000,0.659,0.683,0.632,0.676,10939092.5,7248733.5351,49182,3850241.9741
1748736000000,0.675,0.694,0.664,0.692,7193931.5,4898531.3718,31722,2346803.6229
1748822400000,0.692,0.708,0.668,0.702,9652204.5,6578615.4677,41581,3329344.9245
1748908800000,0.702,0.722,0.693,0.698,13501186.1,9560830.7460,45364,4807140.8703
1748995200000,0.698,0.714,0.664,0.667,11578042.6,8002174.2133,49498,3795707.5380
1749081600000,0.668,0.697,0.623,0.638,18353353.4,12158329.5228,55142,6147893.8757
1749168000000,0.638,0.665,0.626,0.630,12336184.5,7946872.2593,40411,4086975.5248
1749254400000,0.631,0.664,0.627,0.659,7167266.5,4668766.8921,30374,2438636.5906
1749340800000,0.658,0.669,0.645,0.657,5868897.1,3857393.0153,26353,1830720.6209
1749427200000,0.657,0.685,0.630,0.682,15585050.6,10169395.7283,44809,5086434.9499
1749513600000,0.682,0.743,0.673,0.740,19870098.2,14089956.0162,69281,7280308.3890
1749600000000,0.741,0.745,0.690,0.700,18276064.5,13219593.6663,65197,6163611.3912
1749686400000,0.699,0.700,0.640,0.643,10864518.8,7358536.9586,62879,3461975.7933
1749772800000,0.643,0.644,0.590,0.617,20710070.0,12553755.0203,70080,5987278.4707
1749859200000,0.616,0.620,0.596,0.614,7693877.4,4689073.1868,29215,2356244.9852
1749945600000,0.615,0.619,0.589,0.611,10579303.3,6413376.1684,28860,3070728.7004
1750032000000,0.611,0.645,0.603,0.613,11321860.7,7134581.0443,40906,3561702.6072
1750118400000,0.612,0.625,0.574,0.585,12975497.1,7757411.5911,42052,3719812.9126
1750204800000,0.585,0.601,0.568,0.588,8851470.8,5179719.9059,34137,2417530.2976
1750291200000,0.588,0.602,0.579,0.594,9158257.6,5413266.2793,30004,2670506.2289
1750377600000,0.594,0.601,0.548,0.560,19354223.2,11162350.8387,44669,5482913.6554
1750464000000,0.560,0.568,0.505,0.523,19959218.0,10779711.5642,43830,5281288.6714
1750550400000,0.524,0.531,0.479,0.506,23620115.1,11970579.2900,53703,6008755.8656
1750636800000,0.506,0.560,0.500,0.557,16967108.6,8866679.8661,52247,4383240.3702
1750723200000,0.558,0.656,0.557,0.587,43910232.6,25967095.2758,90422,12875719.6620
1750809600000,0.588,0.609,0.576,0.581,24280701.3,14438933.9325,65191,6995487.8317
1750896000000,0.581,0.645,0.560,0.564,29762008.1,17606960.9475,79081,8677481.5764
1750982400000,0.565,0.592,0.558,0.578,19468771.0,11232869.2825,48785,5693002.5897
1751068800000,0.577,0.593,0.568,0.590,6811294.9,3948974.1892,24593,1931822.7953
1751155200000,0.590,0.621,0.576,0.614,9901341.3,5864584.2156,32812,2962949.4775
1751241600000,0.614,0.617,0.575,0.582,13480915.8,7963018.8085,44304,3882446.9763
1751328000000,0.583,0.585,0.547,0.553,13186549.1,7432220.1978,38599,3562067.7225
1751414400000,0.553,0.605,0.546,0.594,12722783.4,7351190.8591,42261,3765183.0489
1751500800000,0.595,0.611,0.590,0.596,12307081.0,7386175.2077,36944,3796325.1771
1751587200000,0.596,0.602,0.546,0.556,12200410.3,6915375.8719,49539,3304400.1567
1751673600000,0.556,0.566,0.547,0.560,10290379.6,5736634.9787,29051,2706149.8010
1751760000000,0.560,0.576,0.555,0.565,7727544.4,4352732.0952,30669,2164586.0866
1751846400000,0.566,0.574,0.546,0.555,7959167.1,4458874.8761,34021,2118143.9703
1751932800000,0.555,0.577,0.544,0.571,12772371.7,7144271.9801,32348,3559945.8892
1752019200000,0.571,0.607,0.566,0.605,15892486.1,9295891.7818,39663,4805256.7210
1752105600000,0.606,0.653,0.600,0.649,17624082.5,10873931.8727,46191,5508427.5111
1752192000000,0.649,0.683,0.637,0.655,23939993.9,15949284.1907,67344,7886985.0557
1752278400000,0.654,0.664,0.625,0.640,14012697.8,9044036.0878,44938,4574577.2677
1752364800000,0.640,0.670,0.636,0.651,13202641.9,8623436.8403,42951,4351179.5872
1752451200000,0.650,0.682,0.632,0.639,14210652.7,9357075.1494,54879,4563571.0418
1752537600000,0.639,0.663,0.614,0.660,14380761.7,9102402.4661,51224,4715335.1022
1752624000000,0.661,0.694,0.651,0.677,16046746.6,10795861.1745,51976,5377717.3080
1752710400000,0.677,0.694,0.653,0.682,20491415.7,13857510.3201,71850,6915359.4254
1752796800000,0.683,0.743,0.672,0.704,28913522.8,20557731.0011,99038,10282696.9971
1752883200000,0.705,0.732,0.679,0.725,19039962.2,13408491.9825,72755,6654621.6421
1752969600000,0.725,0.775,0.721,0.746,27753990.5,20887963.4762,83111,10139225.0877
1753056000000,0.745,0.783,0.729,0.757,20471740.9,15557602.4830,70706,7488330.5208
1753142400000,0.756,0.763,0.705,0.738,18487790.7,13471450.8333,72037,6670322.6365
1753228800000,0.738,0.740,0.635,0.660,20043359.3,13741467.6314,68021,6353147.6406
1753315200000,0.660,0.672,0.607,0.637,23506914.7,15111755.9076,124746,7131448.7758
1753401600000,0.637,0.650,0.614,0.649,22814104.4,14432627.3513,69386,7381308.6640
1753488000000,0.649,0.662,0.642,0.647,10631932.5,6920045.3140,27982,3422862.8733
1753574400000,0.647,0.682,0.645,0.678,11944405.7,7925918.2389,36828,3741552.9381
1753660800000,0.679,0.699,0.625,0.633,20308902.4,13491941.6288,58354,6477849.8647
1753747200000,0.633,0.654,0.607,0.623,15454561.8,9677560.2441,55690,4814150.0642
1753833600000,0.622,0.624,0.575,0.612,22912405.5,13851195.5546,58287,6726065.4467
1753920000000,0.612,0.627,0.578,0.580,19110452.4,11557346.3123,51489,5833547.6939
1754006400000,0.581,0.585,0.550,0.566,25390442.6,14517119.2059,100334,7423201.0453
1754092800000,0.566,0.573,0.543,0.558,18873391.2,10517812.8426,52688,5067063.2113
1754179200000,0.558,0.585,0.548,0.580,14712728.3,8412492.7314,32458,4338748.8155
1754265600000,0.579,0.618,0.578,0.614,16622601.2,9945993.0843,61280,4616571.1946
1754352000000,0.614,0.616,0.567,0.583,17148883.7,10166152.7845,145350,4696917.2086
1754438400000,0.583,0.603,0.565,0.598,18842143.8,11017060.1647,44760,5440223.4425
1754524800000,0.598,0.622,0.591,0.621,18965973.1,11531118.8993,42393,5901531.1117
1754611200000,0.621,0.642,0.615,0.638,24357286.5,15251768.1039,55962,7913246.6943
1754697600000,0.637,0.677,0.635,0.670,17513022.1,11556558.9712,42029,6054165.7115
1754784000000,0.670,0.688,0.644,0.667,20367383.4,13588708.9574,51732,6735461.7046
1754870400000,0.668,0.695,0.629,0.636,21017991.6,13912474.9916,58066,6841062.2913
1754956800000,0.635,0.701,0.634,0.686,24472307.0,16262213.2978,60958,8002627.3039
1755043200000,0.687,0.733,0.675,0.725,26129424.4,18369039.0758,56122,9523339.3687
1755129600000,0.725,0.735,0.640,0.653,24646960.5,16835002.7700,72510,7911974.5153
1755216000000,0.653,0.724,0.639,0.714,28000609.2,18966796.2011,104582,9524861.5009
1755302400000,0.714,0.744,0.688,0.708,38728332.2,27611047.8640,138592,13472715.3596
1755388800000,0.707,0.728,0.699,0.701,19498350.6,13937647.0469,53369,6579185.0257
1755475200000,0.700,0.702,0.660,0.665,22814791.7,15427620.1719,59083,7935305.5903
1755561600000,0.664,0.675,0.631,0.633,17634684.4,11564133.3209,58668,5902469.1325
1755648000000,0.632,0.670,0.627,0.665,16799293.2,10934574.2896,51043,5600308.8435
1755734400000,0.665,0.671,0.637,0.652,15136932.1,9896271.6410,45985,4937361.6796
1755820800000,0.652,0.712,0.615,0.712,26006673.4,17221898.6621,70770,8297198.9691
1755907200000,0.711,0.799,0.692,0.732,46565960.6,34707387.1876,115745,17352080.1216
1755993600000,0.733,0.742,0.680,0.693,29361072.5,20647384.4968,76036,10070541.9015
1756080000000,0.693,0.706,0.625,0.640,25855721.8,17081019.0236,69794,8790680.8817
1756166400000,0.640,0.788,0.633,0.768,83434060.1,59765454.8445,164837,30498235.9312
1756252800000,0.768,0.795,0.712,0.715,108355674.5,80851815.3004,296462,39513923.7268
1756339200000,0.715,0.752,0.708,0.738,34111911.4,24862199.0987,106861,12455910.2502
1756425600000,0.738,0.739,0.670,0.689,23451695.0,16357634.3166,73998,8145848.7368
1756512000000,0.689,0.713,0.675,0.704,13116523.9,9183793.7842,43621,4715535.6112
1756598400000,0.703,0.720,0.678,0.680,11048448.2,7721768.5830,38558,3745573.0950
1756684800000,0.679,0.699,0.642,0.660,18630070.6,12405274.5520,56686,6063961.6256
1756771200000,0.660,0.690,0.654,0.681,13212697.6,8899232.1830,51913,4647646.2775
1756857600000,0.681,0.697,0.665,0.689,11980045.2,8141250.2893,40245,3863333.1537
1756944000000,0.689,0.692,0.643,0.646,14898518.4,9825733.9180,137162,4307819.1826
1757030400000,0.646,0.686,0.645,0.671,15474242.7,10329551.3707,51764,5318394.0237
1757116800000,0.670,0.675,0.653,0.664,7686372.1,5088524.6320,31876,2553946.8761
1757203200000,0.664,0.679,0.655,0.664,10227817.8,6822933.9838,102258,3084402.7049
1757289600000,0.664,0.692,0.661,0.691,14338842.5,9717914.6827,52230,5017525.8017
1757376000000,0.690,0.716,0.681,0.687,12789797.0,8911448.4942,64046,4469374.9293
1757462400000,0.688,0.709,0.681,0.696,10250917.0,7120891.9840,42264,3739170.3165
1757548800000,0.695,0.715,0.684,0.706,10518112.5,7356336.9954,46433,3677446.7328
1757635200000,0.706,0.729,0.694,0.726,11201847.2,7963864.8959,39105,3911360.5972
1757721600000,0.726,0.737,0.708,0.721,13441436.0,9745435.2162,41229,5050782.4409
1757808000000,0.721,0.723,0.676,0.686,11647511.4,8114119.9647,42146,3973168.3735
1757894400000,0.686,0.702,0.656,0.668,15502867.3,10450359.4962,54685,4607736.3913
1757980800000,0.669,0.686,0.657,0.677,12137242.7,8200744.9116,39216,4291968.2939
1758067200000,0.677,0.703,0.660,0.698,12997680.8,8799020.1407,45212,4468377.9967
1758153600000,0.698,0.724,0.692,0.721,16502998.1,11661092.0976,49443,5910364.7851
1758240000000,0.722,0.735,0.672,0.677,17700900.1,12424480.1575,53875,6373780.6437
1758326400000,0.677,0.692,0.669,0.684,11330993.8,7713214.2063,35473,3772562.0117
1758412800000,0.685,0.706,0.671,0.672,16481517.9,11268631.7094,42034,5433252.2424
1758499200000,0.671,0.676,0.584,0.623,36227719.3,22685151.8339,89007,10903467.1705
1758585600000,0.623,0.725,0.614,0.660,74280755.2,50335352.6236,172261,25081655.3300
1758672000000,0.660,0.973,0.657,0.913,168040844.8,138636127.8675,382035,70141339.0571
1758758400000,0.913,0.936,0.774,0.793,222035902.8,183019128.5458,548756,89492830.5839
1758844800000,0.792,1.194,0.782,1.046,351618134.9,349171708.5298,1235140,176566343.9828
1758931200000,1.045,1.263,1.033,1.117,237708714.6,274981979.5628,1122896,135623259.1620
1759017600000,1.118,1.142,1.033,1.092,80073788.0,86896172.6538,412390,43443760.0968
1759104000000,1.093,1.273,0.995,1.098,120787576.6,137087062.1483,638257,68510662.6629
1759190400000,1.098,1.179,1.052,1.076,78417005.6,87047314.9321,459311,43328536.9132
1759276800000,1.077,1.399,1.057,1.268,118968808.4,143210823.4514,685029,71406564.3859
1759363200000,1.269,1.383,1.220,1.234,65591901.4,84629305.4331,453179,41563465.1288
1759449600000,1.234,1.266,1.182,1.214,33912957.0,41260204.1573,237385,20184849.7875
1759536000000,1.214,1.226,1.148,1.190,19618232.1,23205187.0817,136793,11040587.4757
1759622400000,1.190,1.235,1.116,1.126,26114549.3,30640760.5254,154323,14533777.0749
1759708800000,1.125,1.225,1.122,1.186,26583692.8,30943072.3666,164931,15246998.2633
1759795200000,1.187,1.291,1.103,1.109,35727506.9,42882484.8487,225740,20191248.1078
1759881600000,1.110,1.148,1.101,1.118,16171142.3,18111652.0888,123110,9062435.1202
1759968000000,1.118,1.236,1.058,1.227,36232466.6,41336373.3473,223270,21186835.0227
1760054400000,1.227,1.444,0.466,0.981,170560513.1,201887180.9242,910959,97708507.1264
1760140800000,0.980,1.099,0.899,0.940,58285183.2,58941705.4279,335667,29107857.5153
1760227200000,0.941,1.864,0.922,1.701,178074836.6,266700463.6736,1187209,132456191.1298
1760313600000,1.701,2.578,1.614,2.289,407908533.7,893781108.6816,3438735,452852918.0195
1760400000000,2.289,2.316,1.814,2.025,191171339.9,386780456.0715,1442827,191968201.6702
1760486400000,2.024,2.257,1.681,1.688,120654399.6,236440342.6764,1159713,114848666.9615
1760572800000,1.689,1.730,1.394,1.445,108824348.7,174154067.1189,747943,86332810.7600
1760659200000,1.445,1.545,1.326,1.373,100383171.0,142856824.8566,607271,71860891.7636
1760745600000,1.374,1.540,1.324,1.370,57721996.8,80553407.8256,369202,39703705.0184
1760832000000,1.370,1.747,1.356,1.557,128111866.2,194737690.2659,911440,96842123.4616
1760918400000,1.558,1.832,1.477,1.618,128739646.6,211658169.6987,900694,106284071.9927
1761004800000,1.618,1.724,1.452,1.471,95361376.5,148047121.3776,639747,70937173.1939
1761091200000,1.470,1.523,1.259,1.276,73217339.4,101976100.1459,500800,48955157.4669
1761177600000,1.277,1.323,1.231,1.248,62796633.4,80423196.9437,343654,39569078.6056
1761264000000,1.248,1.355,1.216,1.298,73648439.9,93553474.1688,391056,46518676.6882
1761350400000,1.299,1.300,1.182,1.205,40394395.7,50032069.7359,239529,23711865.1856
1761436800000,1.206,1.268,1.162,1.199,43117948.8,52513424.5926,252449,25078692.4901
1761523200000,1.199,1.238,1.144,1.162,59857492.7,70668158.9236,320134,34473237.9776
1761609600000,1.162,1.210,1.097,1.109,53736499.0,61915994.8131,272291,29904534.9952
1761696000000,1.109,1.200,1.090,1.111,51384350.8,58334149.8844,248610,28833080.8082
1761782400000,1.112,1.132,0.958,1.008,58223504.9,60391072.2327,251917,29195330.3283
1761868800000,1.008,1.024,0.965,1.000,32892217.7,32809078.2588,179008,15856077.8353
1761955200000,1.001,1.031,0.985,1.004,23379346.9,23477455.5875,132327,11977686.7234
1762041600000,1.004,1.154,0.988,1.055,67384353.1,71368139.2409,306959,36710203.1640
1762128000000,1.055,1.058,0.826,0.901,72499863.4,67281375.4197,284284,31155277.4982
1762214400000,0.901,0.921,0.791,0.846,79877372.0,68556794.4110,297604,34528272.0640
1762300800000,0.847,0.875,0.791,0.850,35012968.8,29631235.5238,158208,14420741.6766
1762387200000,0.851,0.852,0.788,0.811,34926115.6,28762730.7512,148208,14338476.7511
1762473600000,0.811,0.908,0.788,0.884,54588948.5,46237051.6712,209140,22490804.5445
1762560000000,0.883,0.894,0.816,0.835,31605944.7,26870724.1754,139649,12989909.8647
1762646400000,0.835,0.886,0.804,0.863,29047490.2,24421871.7383,134871,12192181.3413
1762732800000,0.863,0.907,0.841,0.861,38376192.0,33358998.4940,160593,16499073.1750
1762819200000,0.862,0.883,0.774,0.776,35005818.3,28582196.2750,160420,13806673.2094
1762905600000,0.776,0.845,0.761,0.775,30452785.4,24358051.1995,136724,12302973.2402
1762992000000,0.775,0.816,0.709,0.734,38134253.6,29102798.0249,141513,14162730.6470
1763078400000,0.735,0.748,0.694,0.717,32466460.5,23603162.1819,126032,11939064.4185
1763164800000,0.716,0.744,0.709,0.734,22083621.7,16088918.9485,77605,8429006.4772
1763251200000,0.734,0.745,0.674,0.696,27330521.5,19386158.3399,103403,9420905.9019
1763337600000,0.697,0.719,0.665,0.680,44454916.5,30571827.0580,129545,15742542.1224
1763424000000,0.680,0.710,0.667,0.699,30649837.8,21240130.5255,103161,10435633.7771
1763510400000,0.698,0.701,0.636,0.672,28229080.0,18825824.0322,95273,8986734.9964
1763596800000,0.673,0.679,0.615,0.628,39787275.1,25858251.0973,96125,12277758.5444
1763683200000,0.628,0.648,0.561,0.583,54391358.4,32914422.5078,135900,15991768.6162
1763769600000,0.583,0.588,0.552,0.564,30161834.5,17095154.7934,84545,8580647.0182
1763856000000,0.564,0.646,0.555,0.586,47854766.9,28808365.7574,122751,14370060.9587
1763942400000,0.586,0.603,0.551,0.583,44087358.3,25493459.2497,98657,12174961.9290
1764028800000,0.582,0.583,0.541,0.568,40750472.0,22699670.2946,87367,11060889.4546
1764115200000,0.568,0.593,0.542,0.584,33749640.5,19171159.2228,88583,9350939.0032
1764201600000,0.583,0.611,0.571,0.574,29686594.0,17457072.0431,77966,8302656.0157
1764288000000,0.573,0.577,0.551,0.562,21735497.0,12297267.1850,57546,6019726.1870
1764374400000,0.563,0.570,0.543,0.550,22532031.6,12561704.4301,43435,6100581.2594
1764460800000,0.550,0.554,0.534,0.541,20582104.3,11224954.1174,48776,5456266.4763
1764547200000,0.541,0.543,0.495,0.512,46067052.3,23509825.4937,97599,11471101.1943
1764633600000,0.512,0.561,0.502,0.547,28213531.2,14971361.4015,62372,7507694.1127
1764720000000,0.547,0.571,0.544,0.568,21348850.8,11899375.1887,54668,6114866.9868
1764806400000,0.568,0.573,0.527,0.536,19942229.5,11021239.3104,54645,5190622.8047
1764892800000,0.536,0.541,0.485,0.500,34072429.3,17298888.7710,70707,8480631.6227
1764979200000,0.501,0.519,0.486,0.502,21600908.0,10794951.1899,52050,5268216.3950
1765065600000,0.501,0.506,0.472,0.479,23919423.2,11702539.8232,67136,5575537.2206
1765152000000,0.479,0.507,0.477,0.497,21610612.9,10696707.5886,59435,5456722.0060
1765238400000,0.497,0.529,0.482,0.513,22105557.2,11125949.4494,62749,5418115.1803
1765324800000,0.512,0.519,0.483,0.485,28748313.3,14376239.3067,58486,6946379.8255
1765411200000,0.486,0.488,0.463,0.475,26644435.9,12618519.3844,57915,6103159.4561
1765497600000,0.476,0.484,0.444,0.459,29108963.5,13497202.0995,57115,6276545.9200
1765584000000,0.460,0.469,0.457,0.465,16214769.4,7490879.4863,33746,3720451.7295
1765670400000,0.465,0.466,0.432,0.438,22243462.7,9980631.2520,42665,4805002.7191
1765756800000,0.438,0.453,0.407,0.423,41239196.2,17688506.0933,64241,8749364.8034
1765843200000,0.424,0.449,0.415,0.434,37210322.5,16007184.4778,54597,7897391.7820
1765929600000,0.433,0.436,0.398,0.402,48366167.2,20124489.4298,54326,9607728.7254
1766016000000,0.402,0.423,0.382,0.390,56773946.2,22704173.2700,63276,10845290.5046
1766102400000,0.389,0.422,0.386,0.419,47242979.8,19136842.7450,47055,9669540.2315
1766188800000,0.420,0.431,0.416,0.421,14534032.0,6144688.2932,27262,2986643.7958
1766275200000,0.421,0.422,0.401,0.410,21489279.5,8842846.1439,33302,4426393.7229
1766361600000,0.410,0.436,0.403,0.423,37056585.8,15549990.5784,49454,7925277.0269
1766448000000,0.423,0.444,0.409,0.430,28611584.3,12110120.3489,54770,6148265.3057
1766534400000,0.430,0.442,0.415,0.442,18406011.6,7824148.8217,48393,3877678.0716
1766620800000,0.441,0.447,0.420,0.422,15289423.9,6667000.0304,40477,3144367.8263
1766707200000,0.421,0.441,0.417,0.433,16085778.2,6921344.0658,38204,3404610.2761
1766793600000,0.433,0.453,0.432,0.449,12215175.4,5412190.4765,33028,2746286.7363
1766880000000,0.450,0.451,0.429,0.433,11561111.1,5103221.5319,32649,2544907.9668
1766966400000,0.432,0.446,0.417,0.418,22160694.3,9568527.5518,47733,4727047.8601
1767052800000,0.418,0.429,0.414,0.419,14567602.0,6115721.5869,33891,3079658.1477
1767139200000,0.419,0.419,0.398,0.411,15945548.6,6526958.5253,36224,3096776.5646
1767225600000,0.410,0.464,0.408,0.447,32875670.3,14407772.3442,69264,7298792.5359
1767312000000,0.447,0.467,0.440,0.460,22209539.5,9986833.4680,49917,4823249.7976
1767398400000,0.461,0.468,0.448,0.458,13080022.0,5952885.1573,38318,3001966.5646
1767484800000,0.458,0.472,0.453,0.463,15257608.2,7043410.5130,37624,3441245.0407
1767571200000,0.463,0.493,0.456,0.489,19855746.0,9337988.7735,54741,4628130.1131
1767657600000,0.489,0.562,0.483,0.534,72190049.6,38252824.3181,136600,18950042.6432
1767744000000,0.534,0.535,0.488,0.494,34391588.9,17414756.6540,73123,7939812.3538
1767830400000,0.494,0.506,0.472,0.488,24335661.6,11906503.4482,60820,5818341.8683
1767916800000,0.488,0.498,0.476,0.483,19913124.9,9673923.4795,51369,4688673.0616
1768003200000,0.484,0.487,0.468,0.472,10568926.4,5060303.9473,33696,2401786.8065
1768089600000,0.472,0.484,0.459,0.466,12841310.3,6087880.8480,37813,3008613.3474
1768176000000,0.466,0.483,0.455,0.457,20794210.8,9731514.4893,52637,4846306.8743
1768262400000,0.456,0.514,0.448,0.504,32487827.4,15364546.1593,80794,7769041.3987
1768348800000,0.504,0.516,0.489,0.491,21314567.0,10759152.2763,79409,5420447.1221
1768435200000,0.491,0.496,0.457,0.464,17389852.4,8331050.6935,46665,4046111.1720
1768521600000,0.464,0.475,0.450,0.473,14771460.9,6833231.4571,37152,3342941.8337
1768608000000,0.474,0.507,0.472,0.487,21192581.2,10443241.0145,58135,5204327.4049
1768694400000,0.487,0.494,0.453,0.454,13357526.8,6380781.0497,40659,3038413.8039
1768780800000,0.454,0.454,0.403,0.438,36125698.9,15730668.6032,75200,7777675.6175
1768867200000,0.438,0.442,0.406,0.412,19791361.1,8413552.8689,51271,4169941.0900
1768953600000,0.412,0.440,0.411,0.428,25623940.0,10934256.4201,49609,5587467.6379
1769040000000,0.428,0.441,0.413,0.416,17244009.2,7323266.3119,34648,3534558.6885
1769126400000,0.415,0.437,0.412,0.422,18444648.0,7808550.6746,35415,3934772.7932
1769212800000,0.423,0.428,0.413,0.416,6785456.8,2850702.0282,20333,1394367.6685
1769299200000,0.416,0.420,0.384,0.397,9871075.3,3989691.0256,34766,1924151.1719
1769385600000,0.397,0.419,0.395,0.413,13141415.0,5381134.1555,34451,2744193.7710
1769472000000,0.414,0.422,0.403,0.420,11374812.4,4688688.8400,26921,2346916.3966
1769558400000,0.421,0.423,0.407,0.418,16548761.7,6848033.9368,31047,3405394.8319
1769644800000,0.419,0.420,0.376,0.388,25926118.8,10224813.8469,46707,4894492.4018
1769731200000,0.388,0.410,0.372,0.401,41022043.2,15996339.7174,60909,7785425.9849
1769817600000,0.400,0.403,0.325,0.357,67843302.4,24354098.5505,77759,11899205.9309
1769904000000,0.358,0.366,0.328,0.334,40411118.7,14063226.3214,62423,6669623.5567
1769990400000,0.335,0.358,0.322,0.355,53460498.1,18119082.5483,83874,9101206.7161
1770076800000,0.354,0.359,0.327,0.341,63624151.0,21980321.2294,61983,10829337.5036
1770163200000,0.341,0.349,0.313,0.327,43282919.0,14243459.9385,66015,7151244.3597
1770249600000,0.327,0.333,0.270,0.278,85755781.7,25589841.9469,109621,12504536.3088
1770336000000,0.279,0.306,0.245,0.299,101054860.4,28325424.1577,122365,14211381.4669
1770422400000,0.300,0.309,0.290,0.294,41821878.1,12497978.8259,61675,6184093.7167
1770508800000,0.294,0.298,0.284,0.288,22046089.2,6418957.2637,41442,3165110.9026
1770595200000,0.288,0.298,0.280,0.290,33932334.7,9819832.4876,45689,4867839.8177
1770681600000,0.291,0.293,0.276,0.283,35170756.1,10035097.8176,38047,4985464.3520
1770768000000,0.283,0.287,0.269,0.280,51591128.3,14290994.1776,51085,7129638.4478
1770854400000,0.281,0.292,0.277,0.287,40845233.5,11626196.4584,44148,5829293.7996
1770940800000,0.287,0.302,0.280,0.300,36121222.6,10494149.8195,36748,5282269.4775
1771027200000,0.300,0.315,0.295,0.311,22445031.2,6831372.1053,31548,3305188.6536
1771113600000,0.311,0.313,0.284,0.289,27899555.4,8321128.8907,36032,4163995.4477
1771200000000,0.289,0.308,0.289,0.296,35600046.9,10501045.5093,39142,5331706.9987
1771286400000,0.296,0.301,0.287,0.297,28228753.4,8300340.8508,37403,4113813.2425
1771372800000,0.296,0.328,0.294,0.296,86296230.7,26716903.6821,101272,13332752.5170
1771459200000,0.296,0.350,0.293,0.342,200741156.8,65574430.6860,212631,33719765.8452
1771545600000,0.342,0.416,0.328,0.391,321069310.2,119229322.5672,364937,59560759.7085
1771632000000,0.392,0.441,0.373,0.415,213546427.3,86106626.1983,300638,43107571.9948
1771718400000,0.415,0.438,0.391,0.428,132678713.0,54739575.2500,232063,27218611.8815
1771804800000,0.429,0.441,0.372,0.373,118847246.3,48348070.2569,203530,24180446.5701
1771891200000,0.372,0.391,0.335,0.361,101988759.4,36730432.6757,139991,18652223.8583
1771977600000,0.361,0.387,0.356,0.364,69901195.6,25870963.0583,91537,12778828.5899
1772064000000,0.364,0.374,0.339,0.342,41980038.0,15019855.6797,69102,7289970.0971
1772150400000,0.343,0.355,0.322,0.328,34570895.2,11769991.3355,59585,5665338.9274
1772236800000,0.328,0.333,0.306,0.321,34960052.9,11110293.4107,69800,5349656.1826
1772323200000,0.321,0.331,0.303,0.310,28489012.6,9073302.3362,65627,4288422.6058
1772409600000,0.310,0.328,0.303,0.310,40493213.1,12756508.0743,63125,6256687.8927
1772496000000,0.309,0.315,0.298,0.311,42945959.4,13144761.0729,65757,6548609.3594
1772582400000,0.310,0.352,0.307,0.331,67862376.4,22526078.2667,90932,11541659.6242
1772668800000,0.330,0.337,0.323,0.329,38077586.4,12601945.0907,52610,6320223.6660
1772755200000,0.328,0.336,0.312,0.320,28284075.5,9130385.4847,44660,4520643.2130
1772841600000,0.320,0.324,0.306,0.308,15167725.7,4767471.3012,34459,2304462.5479
1772928000000,0.307,0.312,0.296,0.302,23582698.2,7172688.0200,44210,3476582.3916
1773014400000,0.302,0.329,0.301,0.310,39108250.3,12339321.6897,51661,6327644.8188
1773100800000,0.310,0.322,0.308,0.312,28901558.3,9064502.0084,52898,4522106.6264
1773187200000,0.312,0.320,0.305,0.319,21142941.1,6579851.0220,42800,3230211.6742
1773273600000,0.318,0.321,0.309,0.313,21857212.0,6880345.5853,43102,3506093.7128
1773360000000,0.313,0.326,0.311,0.313,28219535.2,9013703.9915,42133,4475680.2108
1773446400000,0.312,0.315,0.303,0.307,16136611.9,4974675.2929,33086,2357198.6991
1773532800000,0.306,0.329,0.305,0.320,37074603.1,11788992.1555,49969,5976224.8491
1773619200000,0.320,0.335,0.317,0.330,30961271.7,10035356.4915,43008,5109501.7810
1773705600000,0.330,0.334,0.320,0.322,27114469.2,8851418.0119,39594,4431500.6602
1773792000000,0.321,0.332,0.304,0.313,27774973.9,8794356.0956,42553,4309273.8999
1773878400000,0.312,0.334,0.301,0.330,31784105.8,10048555.8417,42863,5114819.3931
1773964800000,0.329,0.334,0.312,0.319,32122126.9,10413344.8396,48864,5165653.3345
1774051200000,0.319,0.320,0.298,0.300,14453338.2,4480065.6153,29247,2148978.0002
1774137600000,0.300,0.306,0.283,0.284,25038867.4,7420656.9820,38092,3626477.3165
1774224000000,0.285,0.304,0.282,0.303,29761729.3,8716089.4023,43905,4337433.8752
1774310400000,0.303,0.306,0.292,0.299,26058843.2,7783385.1412,33234,3847492.8427
1774396800000,0.299,0.304,0.296,0.299,17301051.6,5188847.3792,22412,2608896.8797
1774483200000,0.299,0.302,0.283,0.285,30168435.1,8782949.5489,31101,4364792.7416
1774569600000,0.285,0.295,0.273,0.277,32414673.8,9218337.0177,37298,4512933.4196
1774656000000,0.276,0.287,0.271,0.276,18368088.3,5121051.0263,26750,2576998.8966
1774742400000,0.276,0.281,0.267,0.274,19955625.6,5500914.0191,25357,2697638.2446
1774828800000,0.274,0.285,0.273,0.276,23314040.0,6486511.6857,32394,3170598.8853
1774915200000,0.275,0.290,0.275,0.288,23078455.0,6478029.7846,30867,3269624.3516
1775001600000,0.288,0.295,0.280,0.280,21953626.3,6332774.8996,30253,3254212.9693
1775088000000,0.280,0.284,0.271,0.278,24034607.5,6648998.5691,29964,3284429.8832
1775174400000,0.278,0.285,0.274,0.278,19253805.0,5364388.8719,21519,2710784.2097
1775260800000,0.278,0.282,0.273,0.279,9854629.7,2731359.8474,15299,1337492.4274
1775347200000,0.280,0.296,0.271,0.286,52221838.9,14756591.9203,43324,7537858.7434
1775433600000,0.286,0.315,0.284,0.291,54859249.3,16196279.8566,54768,8060376.9272
1775520000000,0.290,0.303,0.282,0.302,34667269.2,10075820.9745,37254,4993888.6460
1775606400000,0.302,0.302,0.287,0.287,21743408.9,6445779.5171,23766,3173785.6869
1775692800000,0.287,0.301,0.286,0.293,24738022.5,7202480.1048,24762,3686831.0672
1775779200000,0.293,0.300,0.288,0.293,15409688.5,4519483.2603,27126,2269039.4909
1775865600000,0.294,0.296,0.286,0.290,11474061.0,3336042.6454,17912,1661269.0318
1775952000000,0.290,0.292,0.279,0.280,15440778.4,4379199.9301,20932,2108976.0301
1776038400000,0.280,0.296,0.278,0.294,23086866.7,6577664.6337,26130,3272509.6703
1776124800000,0.294,0.296,0.281,0.288,25376566.1,7347794.0233,29675,3644336.6610
1776211200000,0.287,0.297,0.286,0.294,28552454.3,8335309.8006,28024,4185503.3407
1776297600000,0.293,0.310,0.292,0.309,37976423.9,11410471.8979,38941,5815287.4678
1776384000000,0.308,0.315,0.295,0.307,35545239.0,10918701.8955,40047,5526282.0638
1776470400000,0.306,0.314,0.296,0.297,25706482.8,7808992.1413,29138,3808462.8836
1776556800000,0.296,0.298,0.282,0.285,27255854.2,7929991.8059,30802,3892338.0002
1776643200000,0.284,0.302,0.284,0.293,25922977.0,7585459.5410,32795,3765300.2990
1776729600000,0.292,0.295,0.286,0.291,17758016.8,5165854.5708,25360,2569401.9969
1776816000000,0.292000,0.302100,0.290000,0.296400,15965657.8,4767927.9668000,35603,2311118.3799500
1776902400000,0.296500,0.301000,0.291200,0.300600,16224637.0,4791810.7847300,54728,2328819.5758700
1776988800000,0.300600,0.306900,0.298300,0.304100,13754695.5,4156111.3880100,43696,2134776.2269000
1777075200000,0.304000,0.310900,0.298900,0.301800,8917244.6,2725382.8920300,40852,1410442.0075200
1777161600000,0.301800,0.326900,0.296700,0.322700,23168845.3,7262240.9354300,81919,3665884.6651700
1777248000000,0.322800,0.348200,0.308100,0.314300,52557614.3,17071145.4483337,150066,8224599.3998437
1777334400000,0.314300,0.318000,0.306200,0.315400,11658623.7,3638555.6050000,54403,1692977.4714700
1777420800000,0.315500,0.324300,0.302600,0.309200,25819343.5,8103286.1110400,74788,3937438.7635600
1777507200000,0.309200,0.313100,0.296900,0.301300,12145447.8,3735208.5945600,49562,1834202.3008700
1777593600000,0.301300,0.316000,0.300600,0.308300,13569014.3,4197991.4250700,53228,2090499.6837200
1777680000000,0.308400,0.340700,0.307300,0.329800,19546712.5,6372417.7340700,84861,2974647.1675400
1777766400000,0.329600,0.330500,0.314300,0.316600,15219113.6,4877894.5791100,61341,2391260.0029200
1777852800000,0.316500,0.332000,0.314000,0.315400,19163819.6,6160931.2722200,69026,2997779.6551100
1777939200000,0.315500,0.337300,0.315300,0.324300,17606674.1,5723548.0738900,64266,2818386.5706000
1778025600000,0.324300,0.335600,0.321300,0.330400,15006313.7,4930138.1122800,67256,2459109.5277300
1778112000000,0.330400,0.346800,0.320500,0.345200,20065368.7,6657251.1119500,96187,3284416.2341500
1778198400000,0.345300,0.368900,0.333600,0.366400,37212376.4,13069368.2746600,134829,6425846.3496700
1778284800000,0.366400,0.375500,0.355200,0.356000,17575409.4,6378071.0663700,81075,2902117.9253100
1778371200000,0.355900,0.368700,0.351400,0.363400,10587396.2,3815108.8680703,63233,1794326.8240803
1778457600000,0.363500,0.364400,0.347500,0.355600,11689140.9,4148608.6179600,66396,1965813.6959900
1778544000000,0.355600,0.355600,0.341400,0.346000,11489734.3,4008211.1026900,62099,1904391.8569500
1778630400000,0.346000,0.357700,0.323400,0.329200,13720798.9,4651858.5277200,65450,2209962.8912000
1778716800000,0.329200,0.338400,0.322000,0.330000,8196607.5,2710741.0378500,49588,1253839.8372200
1778803200000,0.329900,0.333500,0.310200,0.319800,9974094.7,3199981.7038000,53986,1460943.9247700
1778889600000,0.319800,0.321600,0.304500,0.312100,6615029.4,2061891.8721600,43552,931982.4948300
1778976000000,0.312000,0.319700,0.294300,0.306600,8731734.5,2729483.9526600,45879,1299537.0537800
1779062400000,0.306600,0.312500,0.298100,0.310700,9221730.1,2802266.6631500,58899,1334652.0140300
1779148800000,0.310800,0.312300,0.302400,0.304100,4773988.9,1467352.6457300,29847,680319.5983900
1779235200000,0.304000,0.320000,0.302200,0.314200,8292798.3,2594916.8753900,45331,1327799.4721500
1779321600000,0.314300,0.318600,0.307800,0.317400,6699026.6,2100542.6499900,41063,1033167.0854500
1779408000000,0.317400,0.325400,0.300100,0.302400,10474730.2,3295680.7540400,56773,1631207.8348800
1779494400000,0.302500,0.315000,0.290600,0.308700,8037560.4,2418190.1177200,42206,1223025.3705400
1779580800000,0.308800,0.309300,0.293800,0.299200,6401959.8,1934899.9683500,31840,893955.3621700
1779667200000,0.299300,0.326400,0.299300,0.318600,14790691.7,4684959.1129800,66851,2240215.1352500
1779753600000,0.318700,0.320500,0.311100,0.314800,13195628.8,4169509.5275600,60430,2046427.5406600
1779840000000,0.314900,0.322100,0.304400,0.307700,10746739.4,3380154.6631800,54196,1588871.3736300
1779926400000,0.307700,0.321200,0.291100,0.307900,13264461.5,4033405.1649900,67583,1980256.8463600
1780012800000,0.307900,0.312800,0.297200,0.299000,13320162.0,4053361.0489800,55136,2018124.1917400
1780099200000,0.298900,0.301900,0.294200,0.296000,8639758.4,2576061.3334600,37594,1264427.6932300
1780185600000,0.296100,0.301000,0.291400,0.294700,7581379.0,2246020.9885900,35064,1033995.8134600
1780272000000,0.294800,0.297000,0.280300,0.289100,11563428.1,3338203.2418900,50096,1614865.5953200
1780358400000,0.289200,0.289400,0.263200,0.269200,13122075.1,3643808.0470600,64856,1637023.0322800
1780444800000,0.269300,0.280500,0.265100,0.271300,10337079.1,2828623.1920300,50117,1395451.9108400
1780531200000,0.271300,0.273900,0.248000,0.257800,16143420.8,4180727.3890038,78097,2001483.5218238
1780617600000,0.257800,0.259200,0.224000,0.234500,21931486.9,5266032.4718500,99305,2408873.9602400
1780704000000,0.234600,0.238000,0.217200,0.234700,10028886.1,2311029.1470000,48338,1173991.0440900
1780790400000,0.234700,0.250300,0.234500,0.245400,7042187.2,1699387.9962400,36940,808747.3119100
1780876800000,0.245400,0.252700,0.241300,0.246000,7099645.7,1757135.7134600,37504,896994.1136100
1780963200000,0.246000,0.246300,0.234400,0.242700,9310361.7,2248545.6243300,41551,1094363.6846400
1781049600000,0.242800,0.248900,0.234100,0.238900,11105771.0,2696526.6803400,48154,1290366.7199400
1781136000000,0.238900,0.249800,0.238700,0.245300,8386965.8,2049293.2809900,37923,1012616.2307000
1781222400000,0.245400,0.247100,0.237600,0.238700,11012583.1,2669397.6396400,35733,1338218.4284100
1781308800000,0.238500,0.245600,0.236900,0.240500,11047839.7,2669420.0022800,33500,1390602.9709600
1781395200000,0.240400,0.247500,0.234800,0.247100,9726858.2,2340618.5298000,33712,1118968.3713400
1781481600000,0.247100,0.265100,0.244600,0.253800,22872613.4,5800714.4495400,65797,2879376.3279000
1781568000000,0.253700,0.264400,0.248000,0.259000,13244956.6,3398828.0220800,54187,1675091.7869200
1781654400000,0.259100,0.263300,0.249300,0.252900,11066127.3,2834702.8203000,51346,1385592.1215600
1781740800000,0.252900,0.255200,0.237800,0.245500,8892679.7,2189783.9271700,41562,1090682.5053400
1781827200000,0.245400,0.247100,0.239100,0.242000,5788838.5,1401645.0747400,26802,740110.5250300
1781913600000,0.241800,0.244400,0.237300,0.243000,6988303.7,1685058.2710500,29135,839961.7206900
1782000000000,0.243100,0.246800,0.234600,0.235300,5988004.9,1441673.4355200,26547,662080.2219600
1782086400000,0.235300,0.254600,0.235100,0.245600,14508730.1,3575733.5506700,51806,1721399.3108700
1782172800000,0.245600,0.248300,0.220600,0.229200,22607329.1,5285290.9190100,64148,2447273.0289200
1782259200000,0.229100,0.234000,0.210800,0.219100,14234363.3,3166875.5823900,67897,1441743.0478300
1782345600000,0.219300,0.220300,0.193900,0.200600,22779064.8,4672246.4404000,80037,2257607.8812200
1782432000000,0.200700,0.202400,0.191000,0.200600,19659098.2,3883691.4352400,59330,1880639.4986300
1782518400000,0.200600,0.245600,0.199700,0.242400,83992201.0,18801214.3472100,233504,9180460.3801900
1782604800000,0.242300,0.251800,0.216500,0.220000,89744382.8,20851146.7064200,230997,9985706.0123700
1782691200000,0.220100,0.224700,0.211700,0.213000,19519406.9,4239808.6919500,64834,2172586.5481700
1782777600000,0.212900,0.220000,0.203800,0.212100,21377046.1,4506306.1940700,61804,2177919.2202400
1782864000000,0.212000,0.219000,0.201700,0.213100,19915561.1,4165551.3044800,59210,1997421.3520200
1782950400000,0.213100,0.232300,0.211200,0.229500,20475363.3,4540219.4800400,62974,2175736.3680400
1783036800000,0.229500,0.253400,0.228400,0.250500,26073899.6,6191879.2322100,86727,2872259.3776700
1783123200000,0.250500,0.254100,0.229500,0.231000,18542555.7,4398100.5242100,59432,2075294.2383900
1783209600000,0.231000,0.238900,0.222500,0.230400,13809007.7,3163872.6485100,45464,1473035.5794700
1783296000000,0.230400,0.233100,0.210500,0.222800,27449421.7,6040047.7965900,81244,2832135.0247100
1783382400000,0.222900,0.231000,0.219100,0.220300,11623677.4,2613720.4113700,44399,1192966.3490600
1783468800000,0.220300,0.221900,0.212100,0.216700,11446144.6,2465893.0288500,35999,1255092.0136400
1783555200000,0.216600,0.229400,0.215300,0.216700,11791693.8,2615911.7127800,39475,1242523.9019900
1783641600000,0.216700,0.234800,0.214700,0.229600,15427331.1,3487576.4714700,49831,1642570.4973300
1783728000000,0.229500,0.236100,0.226700,0.227500,19640939.2,4543116.1305600,68642,2221240.5751500
1783814400000,0.227500,0.249700,0.225200,0.245300,37262150.0,8972629.3125700,124013,4547318.6347500
1783900800000,0.245300,0.250200,0.222600,0.225200,23032348.5,5386957.7249700,90104,2619017.2782300
1783987200000,0.225300,0.240400,0.224600,0.237300,22480455.6,5251953.7521200,84651,2649028.3049600
1784073600000,0.237400,0.239700,0.226900,0.229400,17719012.3,4120984.5325600,61380,1945288.5367100
1784160000000,0.229300,0.233000,0.223400,0.224600,13667313.7,3108555.1332200,47976,1532166.4399700
1784246400000,0.224700,0.229100,0.220100,0.222500,9119116.0,2034055.2440200,35756,1022482.9422600
1784332800000,0.222500,0.229100,0.218500,0.223600,11063085.0,2467450.3198000,35379,1304546.5685200
1784419200000,0.223600,0.233600,0.217400,0.231600,12600787.3,2823601.0681700,41801,1485844.2126300
1784505600000,0.231700,0.238200,0.222000,0.232800,24524696.7,5664280.8753900,85913,2749933.8761200
1784592000000,0.232900,0.245900,0.227900,0.230900,24428151.1,5762609.9162000,86677,2779616.9594100
1784678400000,0.231000,0.239800,0.222000,0.225100,30634364.4,7036538.3394200,106078,3639312.2617100
1784764800000,0.225000,0.232300,0.217300,0.219800,23701463.3,5305641.9496200,78917,2638384.6955500
1784851200000,0.219700,0.225900,0.212600,0.218000,16873452.7,3678424.1541300,62024,1717095.7294300
1784937600000,0.218100,0.219700,0.212400,0.213300,12010277.9,2591636.6673800,38583,1206758.0600300
1785024000000,0.213400,0.225700,0.213100,0.222400,16969455.3,3726204.1987900,60200,1843132.1719600
1785110400000,0.222400,0.226800,0.210600,0.211200,23215807.7,5062948.1398900,94110,2530749.1363900
1785196800000,0.211100,0.223100,0.207200,0.213900,21804579.2,4665972.4881600,67423,2377216.5985200
1785283200000,0.213900,0.217200,0.205100,0.211400,28149682.5,5913043.1312600,71227,2974486.3391200
1785369600000,0.211300,0.215000,0.206400,0.207300,13765924.3,2894187.0784500,41797,1453951.1831100
1785456000000,0.207400,0.218500,0.207300,0.212400,20918814.5,4448802.9590200,64178,2204360.3281900
1785542400000,0.212400,0.220600,0.210700,0.211400,15261575.1,3289379.2853200,49746,1653760.5341400
1785628800000,0.211400,0.215900,0.209200,0.210400,12182898.9,2582106.1622000,38464,1389873.9834300
1785715200000,0.210400,0.221700,0.208500,0.214300,21814767.4,4691808.6022300,71096,2361434.2296600
1785801600000,0.214400,0.218400,0.210700,0.211000,11446256.6,2449703.4512000,41767,1293391.4700400
1785888000000,0.211000,0.217200,0.210100,0.213200,10595620.5,2258351.3565600,42060,1053798.6070000
1785974400000,0.213200,0.217800,0.211400,0.213400,10816737.4,2320599.8185100,39326,1188953.2319600
1786060800000,0.213400,0.219800,0.209200,0.209900,19953738.3,4264989.6824800,61964,2164184.6245100
1786147200000,0.209900,0.211300,0.208700,0.209900,7696785.9,1618352.4693000,31313,774301.8609700
1786233600000,0.209900,0.217500,0.208000,0.209100,14903187.7,3171226.7435200,50106,1552773.8617600
1786320000000,0.209100,0.213300,0.208800,0.210900,12233677.4,2580427.3046900,47181,1282024.1573900
1786406400000,0.210900,0.213600,0.200800,0.203300,13946369.6,2885720.8224100,52105,1305992.2987800
1786492800000,0.203200,0.204100,0.192800,0.196700,18855301.3,3762404.6191000,55119,1696328.2768400
1786579200000,0.196600,0.198600,0.193300,0.197900,9985554.6,1964401.0419800,34031,910477.9630500
1786665600000,0.197900,0.198600,0.193300,0.198000,9375027.5,1836406.3041100,32099,896022.3275200
1786752000000,0.198000,0.200300,0.197300,0.197700,7986129.7,1589649.9836400,28676,836537.4114400
1786838400000,0.197700,0.199300,0.194100,0.196100,5962240.5,1178155.7962400,28579,551948.1733900
1786924800000,0.196100,0.199200,0.194900,0.196000,7935538.2,1566385.9720000,26748,766974.2245500
1787011200000,0.195900,0.196000,0.191000,0.191300,7211141.4,1391391.1011900,32185,689290.1464800
1787097600000,0.191300,0.205800,0.188400,0.203100,16890602.5,3309308.8479400,60271,1652414.0280100
1787184000000,0.203100,0.215300,0.202300,0.213900,14246063.5,2958965.0959100,65943,1456682.7372000
1787270400000,0.213800,0.239000,0.212000,0.235700,25490318.2,5824172.6702500,111571,2895906.1622600
1787356800000,0.235600,0.252400,0.219100,0.224200,22810244.9,5346364.2410900,128809,2576930.5769300
1787443200000,0.224100,0.236700,0.214400,0.231400,15474030.1,3518958.3288900,60192,1708884.2197700
1787529600000,0.231500,0.236400,0.222600,0.230200,16274542.2,3731252.7408100,63653,1866395.6580000
1787616000000,0.230200,0.236200,0.223400,0.228200,11360124.5,2628127.0167300,53464,1193755.9984000
1787702400000,0.228200,0.232700,0.220200,0.228600,8080288.6,1834094.0414800,40258,956013.2391000
1787788800000,0.228600,0.230900,0.223900,0.226600,6359350.9,1443808.3337800,39173,678465.8349300
1787875200000,0.226600,0.231000,0.208300,0.212500,29951517.5,6512281.7502300,87410,3328918.5935200
1787961600000,0.212500,0.213000,0.206500,0.209400,5804784.0,1217924.9085100,24990,575014.9269200
1788048000000,0.209400,0.211800,0.199600,0.203200,11583051.3,2404927.7766300,42370,1248803.6728000
1788134400000,0.203200,0.214600,0.201600,0.206900,15445389.8,3201688.0412100,53809,1564627.4989800
1788220800000,0.206900,0.216000,0.206400,0.209400,12870466.1,2709637.4309800,45831,1333152.2944800
1788307200000,0.209400,0.219300,0.203900,0.207600,14985621.6,3168017.0569700,47202,1565899.3243900
1788393600000,0.207600,0.216900,0.206400,0.214000,9085798.5,1927117.4699600,35515,929272.9796500
1788480000000,0.214000,0.215000,0.206000,0.211900,8384554.2,1763128.6489700,33637,824359.5021000
1788566400000,0.211900,0.218900,0.211200,0.217200,7369117.2,1578682.2063200,26201,826538.2523400
1788652800000,0.217200,0.230800,0.212400,0.228500,23264432.5,5196925.4334700,69998,2446270.3696800
1788739200000,0.228600,0.230200,0.219400,0.221700,7396957.8,1662672.0731800,35672,800557.0208700
1788825600000,0.221700,0.225200,0.215500,0.217600,9017187.1,1988177.1924500,42628,1012321.3916200
1788912000000,0.217600,0.222200,0.208500,0.213500,9731946.7,2108646.7527400,45646,929587.5450300
1788998400000,0.213400,0.216000,0.202100,0.203400,9264193.1,1938078.5221200,40117,817170.0652900
1789084800000,0.203300,0.212600,0.200300,0.206400,9929914.9,2050910.9698000,48286,954637.7104200
1789171200000,0.206400,0.215600,0.205800,0.212900,6892794.6,1456906.0398100,31452,694698.9762500
1789257600000,0.212800,0.221600,0.209100,0.211800,10433302.6,2256867.1501600,44923,1065389.5361700
1789344000000,0.211900,0.218100,0.207700,0.209600,9549747.2,2030205.4029500,45700,1020723.1448800
1789430400000,0.209500,0.211300,0.194100,0.198300,11657021.1,2365754.1455400,51914,1111981.3323400
1789516800000,0.198300,0.207100,0.194500,0.206600,10994264.2,2183985.0855400,47727,1020436.0276100
1789603200000,0.206700,0.213200,0.203800,0.212600,9527793.5,1977168.9677200,41379,966309.5572800
1789689600000,0.212700,0.226700,0.211400,0.224300,17013983.4,3757408.6805000,69832,1882778.3674600
1789776000000,0.224300,0.232000,0.221000,0.230900,14752026.7,3347161.1711600,56616,1622971.1614000
1789862400000,0.230900,0.233000,0.218100,0.226200,11925164.0,2680584.8918100,53845,1302782.1595800
1789948800000,0.226300,0.244500,0.223500,0.240000,16735103.8,3930015.9945600,71814,1868752.7314700
1790035200000,0.240000,0.247400,0.230100,0.246400,15951201.8,3791350.2352100,76813,1845260.1678200
1790121600000,0.246500,0.267400,0.228600,0.231300,41117524.7,10302924.7279200,160330,4792448.5172300
1790208000000,0.231300,0.258500,0.227100,0.253500,18917916.6,4579343.9891300,84118,2230260.0344000
1790294400000,0.253400,0.265400,0.250300,0.260900,26319768.8,6809488.9201900,114888,3224382.8077700
1790380800000,0.261000,0.272200,0.251600,0.261900,12094538.8,3166809.5333600,64730,1495134.1998900
1790467200000,0.262000,0.277500,0.255900,0.269300,17703457.1,4694891.6275800,80095,2363996.5356500
1790553600000,0.269300,0.271100,0.236400,0.246300,20278354.4,5033590.9592900,104339,2258207.1608000
1790640000000,0.246300,0.262300,0.237200,0.253800,26083608.4,6586360.8211300,85489,3143372.6515100
1790726400000,0.253800,0.261100,0.247300,0.253200,17034652.6,4343347.5596500,74172,2072749.7336500
1790812800000,0.253100,0.259300,0.245600,0.253200,14313690.1,3617663.0571800,67524,1750045.5922800
1790899200000,0.253200,0.260800,0.238600,0.249600,19018302.1,4762108.0384400,96465,2297158.4025400
1790985600000,0.249600,0.257300,0.247100,0.254900,12269378.3,3103109.6271100,57467,1467109.1731600
