open_time,open,high,low,close,volume,quote_volume,trades,taker_buy_quote
1595289600000,1.4800,1.7560,1.4708,1.6539,18051949.7,29260233.49326,111116,15078033.09592
1595376000000,1.6539,1.7777,1.4917,1.5356,23194005.2,38121774.26502,138697,17554573.52423
1595462400000,1.5359,1.6824,1.5200,1.6301,14709673.7,23627995.87898,89909,11080001.81311
1595548800000,1.6345,2.1397,1.5850,2.0324,46136574.9,86374182.74614,301135,44791267.46966
1595635200000,2.0324,2.2880,1.8856,2.0076,50377122.7,108429604.66297,348914,54027622.39789
1595721600000,2.0100,2.0620,1.8030,1.9130,38173107.9,74366614.26080,247927,34486466.77603
1595808000000,1.9130,1.9685,1.2407,1.5165,79711905.2,123113750.75318,360195,55377547.07178
1595894400000,1.5165,1.7240,1.4400,1.6201,40129969.8,64187746.64016,242023,31216550.38531
1595980800000,1.6201,1.7564,1.5000,1.5735,29463467.4,46777765.02849,238298,21397572.57584
1596067200000,1.5731,1.6200,1.5185,1.5273,17617406.9,27629261.13093,133838,12525310.38207
1596153600000,1.5273,1.8653,1.5230,1.7604,50008891.6,85000861.24049,276598,41916123.30800
1596240000000,1.7606,1.9440,1.6116,1.6379,53995665.2,96246912.75757,300813,45082076.40345
1596326400000,1.6394,1.7970,1.3100,1.7390,41314440.5,67028582.44096,266138,30395723.77178
1596412800000,1.7402,1.9550,1.6773,1.9298,43113049.7,79226194.96408,304611,39041445.61474
1596499200000,1.9298,2.0918,1.7450,1.8531,51886215.9,102459838.57064,348912,48567617.67724
1596585600000,1.8531,1.9385,1.7467,1.7860,33526961.7,61604680.92295,251093,27751329.85352
1596672000000,1.7860,1.9416,1.7656,1.9216,21193617.3,38968334.90089,150969,18250747.27939
1596758400000,1.9243,1.9488,1.7501,1.8433,25455234.3,47801272.27165,172949,21557290.24954
1596844800000,1.8437,2.1787,1.8162,2.1512,30610998.3,60929598.84715,224143,28639789.89774
1596931200000,2.1490,2.5499,2.0600,2.3540,51717322.0,120182111.68058,375354,56524526.82518
1597017600000,2.3540,2.7224,2.3100,2.5351,41658020.7,105487500.98665,286322,48966028.85280
1597104000000,2.5351,3.2769,2.3952,3.1650,66646867.9,194211485.14920,446712,93923584.62566
1597190400000,3.1652,3.8947,3.0000,3.8480,46215527.7,155175216.25875,434173,73191109.29659
1597276800000,3.8482,5.0234,3.6550,4.3379,68787803.8,298717788.53168,684643,142282222.86893
1597363200000,4.3379,4.4862,3.5000,3.7236,39336005.9,159980751.17520,407322,72015624.27745
1597449600000,3.7289,3.9592,3.3060,3.3425,33967155.3,123629567.89219,367048,54562628.75451
1597536000000,3.3425,3.7184,3.2109,3.4180,42022053.1,146378848.96064,413467,68787857.60854
1597622400000,3.4180,3.5182,2.9784,3.1071,35875347.5,117041004.88161,369246,49730340.78296
1597708800000,3.1080,4.0843,2.9273,3.6198,71101260.4,253497828.75240,599836,118387457.56409
1597795200000,3.6198,3.8024,2.7300,3.0968,62324175.8,200937698.96331,473593,88671730.18109
1597881600000,3.0962,3.5580,3.0953,3.2002,44320812.3,146154303.36340,342514,66267874.03861
1597968000000,3.2041,3.2856,2.5300,2.6253,58787178.8,168244646.29100,548803,72313187.18141
1598054400000,2.6259,2.8888,2.2888,2.8004,49287248.4,127763114.56059,442374,58117227.93394
1598140800000,2.8038,2.9646,2.5142,2.8546,31529715.3,85800310.14121,269019,39374242.56837
1598227200000,2.8546,3.1300,2.6900,2.9464,35645583.3,105964591.88834,303978,49338399.12811
1598313600000,2.9468,2.9910,2.4556,2.6449,43873505.1,119053132.78558,339464,53356665.84295
1598400000000,2.6435,2.9580,2.5451,2.8623,36815802.1,101592065.66564,311503,47701901.75202
1598486400000,2.8634,3.0982,2.5500,2.7726,53501457.6,151865098.51102,419674,68629615.01451
1598572800000,2.7726,3.0300,2.7322,2.9150,31101977.4,90261686.15004,259252,42790453.68557
1598659200000,2.9151,3.2700,2.8820,3.0405,40880848.0,127631004.84955,340304,60494949.22166
1598745600000,3.0405,3.2304,2.8500,2.9427,30939004.5,95737206.13346,222640,43251699.20640
1598832000000,2.9427,3.1039,2.8230,2.8551,32750182.8,96677412.51309,231714,42994112.63617
1598918400000,2.8533,2.9900,2.5550,2.5775,40132481.4,111019549.43298,276924,49795840.15505
1599004800000,2.5770,2.7310,1.9772,2.3789,47659390.8,115540987.02179,349567,50443670.82340
1599091200000,2.3780,2.4193,1.7265,1.8120,42678374.9,91193615.28144,348416,39539302.14581
1599177600000,1.8110,2.1800,1.7318,2.0394,42293331.8,83587072.03501,340373,38352944.96438
1599264000000,2.0394,2.1010,1.5157,1.6749,38247895.3,67473044.65492,298242,32124418.42809
1599350400000,1.6749,1.9416,1.5319,1.7991,28185958.9,49072148.99853,204226,23088077.53722
1599436800000,1.7991,1.8549,1.5584,1.7559,24007530.2,40669821.98019,165968,19051259.59469
1599523200000,1.7564,1.8092,1.6032,1.6570,23234686.7,39281525.65710,156072,18228206.08913
1599609600000,1.6567,1.8609,1.6249,1.7907,21964788.7,38683063.02613,142344,18146475.37076
1599696000000,1.7907,1.9541,1.7556,1.7808,24298905.8,45258979.29486,159467,20858909.23350
1599782400000,1.7821,1.8218,1.6698,1.7919,16585382.3,28964259.81315,130038,13709324.96827
1599868800000,1.7921,1.8782,1.7159,1.8346,21136043.5,37935665.12387,137592,17398471.01318
1599955200000,1.8330,1.9278,1.6720,1.7299,26022022.1,46533891.51353,169203,21136366.62638
1600041600000,1.7291,1.9800,1.6205,1.8662,29830435.9,52796931.14308,210839,24806102.50711
1600128000000,1.8650,1.8925,1.5805,1.6255,27079961.9,47032508.13183,194922,20850300.34511
1600214400000,1.6255,1.6290,1.4504,1.5160,26454451.7,40527037.54796,179339,18921830.68124
1600300800000,1.5160,1.6116,1.4132,1.5088,20899023.2,31338603.35135,142870,14980372.02599
1600387200000,1.5082,1.6907,1.4628,1.5405,27355819.6,43358745.03112,189225,20323433.13875
1600473600000,1.5423,1.6588,1.4800,1.5836,16806789.3,26257368.18240,117868,12153753.29331
1600560000000,1.5836,1.6422,1.4820,1.5308,16151151.6,25101347.08896,107696,11839335.88723
1600646400000,1.5312,1.5646,1.2096,1.2676,33789948.7,45564157.52597,172992,20641907.08563
1600732800000,1.2677,1.3350,1.2006,1.2690,22599653.9,28513315.92173,109098,13623334.58616
1600819200000,1.2692,1.2898,1.0475,1.0800,37090129.4,43546818.50535,164171,19793825.65699
1600905600000,1.0801,1.2458,1.0507,1.2339,28027748.6,32170987.11745,123863,15870241.17046
1600992000000,1.2329,1.3220,1.1265,1.2634,28828043.5,35349141.76533,121282,16877450.02202
1601078400000,1.2646,1.3849,1.2511,1.3445,23816954.1,31537798.55079,119348,15215626.14813
1601164800000,1.3445,1.7790,1.2594,1.6900,75612618.7,118203023.80591,362321,59370486.99944
1601251200000,1.6902,1.8600,1.5220,1.5712,88047839.7,148827248.31777,460779,73973388.13923
1601337600000,1.5711,1.6774,1.5200,1.5930,37413140.4,59599566.99585,186957,27713792.24805
1601424000000,1.5930,1.7655,1.5457,1.7427,31816813.7,52845697.24229,173567,26094773.85186
1601510400000,1.7426,1.7780,1.4547,1.5487,41046162.6,66136975.24375,233671,31318900.23772
1601596800000,1.5487,1.5630,1.3473,1.4036,46693902.8,66806251.77835,218119,32107998.63047
1601683200000,1.4036,1.4589,1.3734,1.3788,17658770.4,25169373.81147,84086,12139029.77689
1601769600000,1.3778,1.3937,1.2943,1.3601,17821040.8,23879992.33877,93251,11369186.51850
1601856000000,1.3593,1.4372,1.3057,1.3650,19959466.1,26996033.44669,101939,12934941.18344
1601942400000,1.3662,1.3689,1.1247,1.1550,42054978.5,52191558.52670,198198,24104787.07755
1602028800000,1.1557,1.1927,1.0650,1.1864,28869950.5,32750869.88532,134992,16585348.22010
1602115200000,1.1860,1.3390,1.1175,1.3150,34941245.6,42724945.01845,165493,21343490.15560
1602201600000,1.3145,1.3855,1.2666,1.3587,23939078.9,31957658.53056,118100,14912095.52695
1602288000000,1.3586,1.4144,1.2550,1.2846,28788575.7,38867301.60121,143817,17547784.23418
1602374400000,1.2840,1.3549,1.2612,1.3041,21856820.7,28587725.71391,117148,13508647.68792
1602460800000,1.3041,1.3467,1.2467,1.3035,27241293.0,35499254.35490,145729,16050302.69560
1602547200000,1.3035,1.3125,1.2323,1.2618,14793366.8,18955658.34062,97620,8045294.73866
1602633600000,1.2625,1.2749,1.1737,1.2063,18283362.5,22354855.85640,112539,10050305.52246
1602720000000,1.2063,1.3083,1.1785,1.2120,28281803.2,34742243.87281,130629,16582059.73965
1602806400000,1.2120,1.2425,1.1550,1.1870,19234141.5,22907278.39586,101019,10815358.84401
1602892800000,1.1870,1.2320,1.1701,1.2047,12292953.0,14785709.01665,72870,7007463.93365
1602979200000,1.2047,1.2368,1.2000,1.2233,7692796.2,9383040.62655,54648,4531745.40435
1603065600000,1.2225,1.2253,1.1806,1.1928,10703929.2,12843646.44576,62896,5440713.60728
1603152000000,1.1928,1.1976,1.0780,1.1317,22769246.4,25635502.66861,115458,11131812.97077
1603238400000,1.1320,1.2095,1.0845,1.1561,29380829.6,33762759.41625,159435,15156162.43281
1603324800000,1.1559,1.2043,1.1350,1.1672,20380737.9,23988848.01334,106214,10779337.13821
1603411200000,1.1672,1.1854,1.1000,1.1302,17151204.1,19685852.01288,92151,8751051.75051
1603497600000,1.1301,1.1479,1.1021,1.1201,9996779.5,11256513.62648,47515,4911598.86726
1603584000000,1.1201,1.1240,1.0765,1.0870,11368354.8,12486448.13700,53876,5451799.63697
1603670400000,1.0867,1.0910,0.9095,1.0121,53603663.5,53266107.74881,204481,24236853.68636
1603756800000,1.0121,1.0516,0.9300,1.0054,32299468.3,31880364.91410,128496,15629143.89479
1603843200000,1.0038,1.0078,0.8394,0.8664,37779862.0,35156324.54505,155568,15765801.61169
1603929600000,0.8659,0.8960,0.7960,0.8730,48065078.4,41030958.17492,176451,20267558.25782
1604016000000,0.8728,0.9024,0.7843,0.8430,40488767.5,33882663.81045,155131,16618815.59389
1604102400000,0.8431,0.8849,0.8167,0.8243,23948104.8,20360508.29563,110128,9126902.56770
1604188800000,0.8237,0.8437,0.8063,0.8297,19731831.7,16305746.55228,90442,7351127.14701
1604275200000,0.8300,0.8830,0.8001,0.8078,30966280.6,26062256.57846,122972,12212625.45999
1604361600000,0.8078,0.8083,0.7140,0.7704,56991831.1,43309034.53886,206941,21329599.55668
1604448000000,0.7704,0.7912,0.7244,0.7699,25373980.7,19270660.41432,109231,10087953.22259
1604534400000,0.7703,0.8570,0.7671,0.8114,38215663.3,31017668.97102,138500,15435655.34484
1604620800000,0.8114,0.9528,0.8082,0.9518,44636541.4,39912830.07680,187971,19323480.37185
1604707200000,0.9523,1.1878,0.9072,1.0026,111334424.7,114284744.96515,409645,53326550.15116
1604793600000,1.0024,1.0690,0.9400,0.9840,44637075.3,45219235.67568,166360,21337550.69700
1604880000000,0.9829,1.0066,0.8826,0.9539,59073280.7,56174114.10581,218996,26610244.70076
1604966400000,0.9533,1.0458,0.9330,1.0130,43879405.0,43509030.70508,183023,20340377.30244
1605052800000,1.0133,1.0388,0.9458,0.9521,32302326.8,31912680.84180,133792,14280543.34717
1605139200000,0.9521,0.9580,0.8853,0.9040,24700443.0,22772506.59931,103868,10380955.33367
1605225600000,0.9038,0.9977,0.9009,0.9493,34503344.2,32634052.05551,128750,15341480.29019
1605312000000,0.9504,0.9735,0.8855,0.9370,32590888.4,30336467.88622,137866,14933692.07609
1605398400000,0.9381,0.9964,0.8900,0.9210,55710544.2,52750222.05314,213609,24062030.17586
1605484800000,0.9214,1.0473,0.9052,1.0332,62828892.4,63029098.47317,237284,31213970.38915
1605571200000,1.0337,1.1381,1.0110,1.0536,63792744.7,67622690.84483,231382,30720753.85667
1605657600000,1.0536,1.0820,0.9206,0.9778,55694920.8,54988586.27044,207723,24095875.29486
1605744000000,0.9779,0.9888,0.9244,0.9557,32666669.3,31320644.17309,133072,13744208.33830
1605830400000,0.9562,1.0290,0.9515,0.9814,42892244.8,42634077.75577,163211,18877618.68013
1605916800000,0.9819,1.1526,0.9786,1.1374,77296173.7,82778540.54819,252152,39290361.90619
1606003200000,1.1383,1.1662,0.9945,1.0349,80295109.0,85256898.40117,282183,38032659.96506
1606089600000,1.0345,1.1588,1.0212,1.1397,74353836.4,80825528.90266,263147,35994034.72196
1606176000000,1.1397,1.2448,1.0446,1.1790,117962135.2,133497848.68433,399995,58699672.68932
1606262400000,1.1802,1.2843,1.0600,1.1187,106119173.1,125919437.30710,368760,56016133.37510
1606348800000,1.1196,1.1578,0.7971,0.9536,190583784.4,179490237.80082,618206,84809459.94614
1606435200000,0.9538,1.0400,0.9089,0.9718,54602782.3,52748573.51056,190914,25611002.88964
1606521600000,0.9718,0.9969,0.9203,0.9612,30669232.0,29471462.97411,115469,13101621.86585
1606608000000,0.9611,0.9716,0.9320,0.9481,22518469.8,21417638.54751,93774,9248852.99842
1606694400000,0.9482,1.0534,0.9133,0.9823,227364798.9,222670388.18552,728013,107719545.12306
1606780800000,0.9823,1.0386,0.9280,0.9428,60168952.3,58862739.85923,221434,25861628.81577
1606867200000,0.9428,0.9900,0.9201,0.9681,44782354.3,42682400.49992,156475,19045686.37493
1606953600000,0.9674,0.9800,0.9456,0.9621,21791113.1,21010251.98239,93849,8923267.63897
1607040000000,0.9620,0.9699,0.8570,0.8706,31485946.7,29098378.16545,133240,12014240.80144
1607126400000,0.8711,0.9252,0.8511,0.9205,18910316.4,16966819.94194,91543,8062300.43146
1607212800000,0.9206,0.9345,0.8827,0.9099,17840437.7,16163555.42439,87168,7131009.89062
1607299200000,0.9099,0.9298,0.8885,0.9131,17146544.6,15565913.85431,86559,7103904.59292
1607385600000,0.9131,0.9230,0.8400,0.8538,24032293.2,21247911.52451,104141,9400541.83038
1607472000000,0.8539,0.8645,0.7843,0.8554,29394405.9,24514438.71888,116026,11072530.55658
1607558400000,0.8554,0.8653,0.8234,0.8406,14695138.1,12390782.82225,79587,5843350.77299
1607644800000,0.8406,0.8432,0.7952,0.8045,21161651.1,17253352.18146,98838,7942380.78692
1607731200000,0.8040,0.8759,0.8031,0.8657,15553533.3,13154560.24943,85464,6184728.37201
1607817600000,0.8657,0.8717,0.8257,0.8521,25410532.4,21603806.90755,117228,9825850.13021
1607904000000,0.8521,0.8610,0.8230,0.8576,17633647.3,14864904.20342,85430,7113445.15081
1607990400000,0.8575,0.9523,0.8424,0.9357,33214065.8,29786256.88567,133163,14221334.90263
1608076800000,0.9358,0.9578,0.8918,0.9379,38516432.1,35505339.57080,149632,15772611.61306
1608163200000,0.9378,0.9950,0.8928,0.9205,55223197.3,52049527.52432,191547,23620334.46146
1608249600000,0.9205,0.9411,0.8985,0.9283,22855526.0,21037122.15259,102326,9786607.19521
1608336000000,0.9284,0.9609,0.9217,0.9306,20348009.7,19158099.57590,80005,8570530.05106
1608422400000,0.9306,0.9482,0.8904,0.9131,19116175.8,17708050.05515,82136,7840530.73013
1608508800000,0.9130,0.9271,0.8302,0.8539,27734052.8,24139073.91914,106824,10915525.15432
1608595200000,0.8540,0.8618,0.8050,0.8382,24800927.5,20667091.46029,100078,9457736.30199
1608681600000,0.8379,0.8533,0.5520,0.6223,84662625.3,60479295.17583,328637,26889989.44530
1608768000000,0.6228,0.7296,0.5908,0.7268,54369518.2,35122306.47060,182756,16996779.40677
1608854400000,0.7272,0.7591,0.6747,0.7105,32370960.0,23375735.85472,123715,10975786.93012
1608940800000,0.7104,0.7108,0.6509,0.6902,28863468.0,19718648.28780,114354,9474998.51588
1609027200000,0.6903,0.7225,0.6464,0.6714,39807139.3,27385384.78458,160787,12714256.38773
1609113600000,0.6719,0.7196,0.6552,0.6723,34705803.4,24075415.05862,125905,10866049.70576
1609200000000,0.6723,0.6827,0.6023,0.6404,45377533.2,28990610.11417,151359,13551839.74998
1609286400000,0.6405,0.6885,0.6336,0.6755,34062971.0,22352364.64149,120565,10554601.51007
1609372800000,0.6757,0.7445,0.6425,0.7411,35626430.2,24457309.94435,125908,11718955.25588
1609459200000,0.7414,0.7719,0.6767,0.7136,39652173.1,28826654.64895,149686,13207164.59066
1609545600000,0.7137,0.7630,0.6873,0.7486,36906829.0,26760824.07732,141108,12468953.14797
1609632000000,0.7488,0.8345,0.7375,0.7749,94022107.6,73114448.60466,299749,33998855.64319
1609718400000,0.7748,0.9231,0.6742,0.7327,116957542.0,90092481.14901,367433,40962323.43196
1609804800000,0.7327,0.7800,0.6906,0.7573,63963645.3,47417121.81218,200282,21648472.15324
1609891200000,0.7573,0.8500,0.7200,0.8300,86407488.5,68234026.04572,267447,30833879.87603
1609977600000,0.8305,0.9490,0.7510,0.8731,136946236.3,116990238.10817,434232,54629410.29521
1610064000000,0.8731,0.9916,0.7764,0.9823,154746706.4,139771737.50783,518711,65785747.56395
1610150400000,0.9823,1.1180,0.9521,1.0427,119752646.2,123852843.17450,457985,56764076.38888
1610236800000,1.0430,1.1948,0.8852,1.0134,126533476.4,131223489.70939,472180,61097303.72038
1610323200000,1.0134,1.0210,0.7341,0.8459,142781845.2,122775014.99582,536392,57363618.39157
1610409600000,0.8459,0.8977,0.7943,0.8126,60901687.5,51125850.99157,217614,23322393.71697
1610496000000,0.8129,0.9119,0.7778,0.8861,62146047.0,53165290.12432,209729,25254702.00667
1610582400000,0.8857,0.9106,0.8406,0.8826,57776677.3,50824689.00016,195440,22860137.83415
1610668800000,0.8833,0.9995,0.8138,0.9042,90615052.9,82655164.44824,300716,37946372.74669
1610755200000,0.9048,1.0150,0.9000,0.9530,74268399.4,71525978.01355,263208,32881801.22201
1610841600000,0.9533,1.0500,0.8918,1.0308,61217061.6,58946603.59510,252504,27488949.82297
1610928000000,1.0307,1.1550,0.9532,1.1530,95452571.5,101074885.44384,367772,47001308.37366
1611014400000,1.1535,1.1656,0.9726,1.0081,73207994.4,78179479.98171,296949,34572233.93074
1611100800000,1.0067,1.0386,0.9240,1.0209,61963963.9,61040983.13367,257186,27950817.25965
1611187200000,1.0210,1.0273,0.8200,0.8494,60025763.2,55424114.41909,263062,24867749.77184
1611273600000,0.8494,0.9461,0.8005,0.8888,55656479.1,49389664.93149,214765,22370225.54646
1611360000000,0.8890,1.0399,0.8746,0.9820,75657465.4,73875918.73248,276417,35214311.41803
1611446400000,0.9827,1.0500,0.9651,0.9934,47633608.4,47962604.42830,207889,21448995.81609
1611532800000,0.9939,1.1122,0.9520,0.9778,80659467.2,83519394.19524,323579,38091970.42934
1611619200000,0.9778,1.0549,0.9420,1.0305,66391986.5,66780505.27360,259639,30139523.55465
1611705600000,1.0307,1.3848,1.0264,1.2558,222741144.4,260430053.38409,878495,123902188.58117
1611792000000,1.2567,1.3753,1.2050,1.2128,111781993.5,142622148.02490,538353,63619432.13606
1611878400000,1.2132,1.3600,1.0947,1.2370,104298096.6,126170839.66194,550652,58527053.32871
1611964800000,1.2364,1.3666,1.1721,1.2554,73103030.6,92972719.82044,378473,42463918.89488
1612051200000,1.2557,1.4768,1.2552,1.3588,94013139.1,127837021.92049,512095,59199581.00619
1612137600000,1.3590,1.4298,1.2100,1.2841,78430967.5,102830025.52643,420039,45292506.58134
1612224000000,1.2850,1.3955,1.2106,1.3237,63353051.7,82917003.66302,324890,37382299.39360
1612310400000,1.3241,1.5647,1.3201,1.5338,96835469.1,141711751.41558,483738,65530588.12683
1612396800000,1.5330,1.8771,1.3125,1.7261,141702982.8,231214934.89474,764182,109047559.29429
1612483200000,1.7269,1.9400,1.7000,1.7704,79923248.1,145838258.90277,487241,67314496.38328
1612569600000,1.7710,1.8361,1.5500,1.7608,79812885.2,137876688.43281,449712,63274658.58721
1612656000000,1.7602,2.1780,1.7432,1.9953,126266716.4,250337361.19099,762629,118284678.53764
1612742400000,1.9960,2.4553,1.9808,2.2231,95500696.8,217015496.22436,649687,100236280.64171
1612828800000,2.2217,2.5738,2.1600,2.4385,77272391.9,180915873.56806,509993,83992618.55381
1612915200000,2.4403,2.7538,2.0612,2.3631,108525531.4,259306195.02880,734046,118249518.17370
1613001600000,2.3641,2.9867,2.3627,2.6222,111915907.2,309001007.15245,819545,143520613.73024
1613088000000,2.6203,3.0000,2.6128,2.8298,63103130.3,175644305.61191,465466,79435602.90016
1613174400000,2.8305,2.9633,2.4549,2.7154,57214927.4,155510191.31720,406308,69713919.53714
1613260800000,2.7157,2.7482,2.1548,2.3157,102505486.9,248862287.84021,631287,111436722.47395
1613347200000,2.3151,2.4200,1.7200,2.1986,155005576.8,332008779.54524,893110,151948697.79065
1613433600000,2.1986,2.4181,2.1019,2.2293,74316619.7,167676560.68496,470731,77292808.17514
1613520000000,2.2282,2.5586,1.9859,2.4867,73431596.9,165060722.21115,492731,76459661.10490
1613606400000,2.4867,3.1809,2.3875,3.1207,128404056.4,353611867.94470,885106,167881668.13696
1613692800000,3.1165,3.7950,2.9121,3.4907,143456025.6,482362145.62591,1060830,227827000.74479
1613779200000,3.4892,3.7548,2.5089,3.0189,99667082.1,320906601.25325,800806,146613809.93830
1613865600000,3.0170,3.3976,2.9057,3.0919,90148469.4,284045957.29854,711861,132698549.90259
1613952000000,3.0922,3.1136,2.2345,2.8330,114117673.1,315794005.92647,812178,147107663.54607
1614038400000,2.8340,2.8502,1.6230,2.2909,187742093.7,408956771.26434,1328712,194796871.88499
1614124800000,2.2912,2.5510,2.1134,2.3023,87639563.1,205064504.88899,635156,98788177.80856
1614211200000,2.3010,2.7462,2.2372,2.2755,82518566.4,204699047.98077,560284,96985620.76240
1614297600000,2.2761,2.4424,2.0200,2.2268,87278631.8,194744220.85366,548875,93980561.89489
1614384000000,2.2264,2.3678,2.1634,2.2248,44804198.7,102221114.63353,323082,47902573.89455
1614470400000,2.2238,2.2523,1.8225,1.9918,64681391.8,128902106.63627,423578,62056416.01328
1614556800000,1.9938,2.2695,1.9600,2.2508,56614463.2,123067026.71612,400752,56846816.37680
1614643200000,2.2511,2.3821,2.1025,2.2323,53371921.7,119283851.13613,343851,53966958.45528
1614729600000,2.2342,2.7750,2.2031,2.6084,78781110.6,199510740.01137,538061,94889168.83734
1614816000000,2.6089,2.7474,2.2834,2.4347,74043368.5,184574465.01311,515356,86281847.20222
1614902400000,2.4358,2.4367,2.2207,2.3855,45602557.5,106039584.84535,332875,48848011.27091
1614988800000,2.3844,2.4242,2.2522,2.3790,28474692.2,66912864.21179,222821,31810427.88636
1615075200000,2.3786,2.7324,2.3773,2.5936,48649962.6,125197950.66528,370870,59522511.29756
1615161600000,2.5928,2.9925,2.5108,2.8699,67108179.4,185384708.20035,522550,87881177.16658
1615248000000,2.8707,3.1459,2.8203,3.0059,60377305.0,180821614.53628,482415,83766644.61588
1615334400000,3.0063,3.4270,2.7671,3.1456,87420454.2,272876112.00487,679929,128285443.10031
1615420800000,3.1463,3.7897,3.0367,3.4241,111050601.3,383673112.72287,882478,184037708.97930
1615507200000,3.4243,3.6900,3.0570,3.2787,92123935.1,309774128.81320,727917,144367306.08180
1615593600000,3.2771,3.2863,2.9298,3.0482,72591184.1,224314194.20887,563178,102557186.98126
1615680000000,3.0504,3.3484,2.8300,3.0314,89260371.0,274294395.61553,741092,125790870.83854
1615766400000,3.0339,3.2351,2.7481,2.8785,75523748.1,224927427.76046,618520,105407433.83898
1615852800000,2.8771,3.2864,2.7100,3.1590,74605845.7,227392918.74446,657997,106570135.16615
1615939200000,3.1605,3.2959,2.9600,3.2198,64675827.7,200078879.57285,519413,92134272.43463
1616025600000,3.2208,3.5200,3.1500,3.3664,66888280.1,223347092.34962,581728,104190769.56889
1616112000000,3.3678,3.9900,3.2141,3.9829,89544296.4,326995503.55472,823358,157145241.67233
1616198400000,3.9825,4.1551,3.5503,3.5761,88139395.0,342630867.08409,749583,157932866.70344
1616284800000,3.5743,3.9600,3.4350,3.8254,81965092.4,302854398.29660,719384,138786342.50900
1616371200000,3.8251,4.0055,3.3160,3.3817,87788860.4,326415757.32559,714414,152283937.92255
1616457600000,3.3835,3.5083,3.1344,3.2610,77039133.1,257508876.95637,631535,119841679.28760
1616544000000,3.2609,3.5102,2.6102,2.8760,99016524.1,313352060.53757,707596,144201077.45205
1616630400000,2.8727,2.9283,2.6074,2.7677,102876982.3,286370697.47187,731878,135680030.74503
1616716800000,2.7668,3.1227,2.7632,3.0450,63599144.3,189125309.68697,475093,89279019.83785
1616803200000,3.0449,3.1833,2.9100,3.1665,53999981.7,165212765.82574,438007,77401345.83668
1616889600000,3.1654,3.3413,3.0024,3.1081,56140844.9,178609253.42005,436237,82904216.46931
1616976000000,3.1082,3.3325,3.0422,3.3047,42064645.4,135077549.07263,385818,63310067.18211
1617062400000,3.3040,3.7588,3.2426,3.6515,77006896.8,273006590.98953,639359,134532441.84009
1617148800000,3.6515,3.7671,3.2172,3.4980,63011608.2,218621661.01161,572338,102781154.89274
1617235200000,3.4983,3.8342,3.4165,3.6793,53184485.8,193329304.96174,483552,90628989.89290
1617321600000,3.6791,3.7969,3.5726,3.7456,36301709.1,133777844.65511,362938,62675510.66569
1617408000000,3.7456,3.9087,3.3740,3.3815,53364320.8,197297625.97090,494442,89528426.93174
1617494400000,3.3815,4.4735,3.2855,4.4689,106921765.2,422602513.34506,914646,203972459.04172
1617580800000,4.4687,5.3929,4.1148,4.7320,128315927.0,610798017.05297,1301697,293369554.26010
1617667200000,4.7343,5.0335,4.2100,4.6443,96561010.9,442061099.77494,953644,207254730.24378
1617753600000,4.6458,4.8618,3.8100,4.0949,101025964.9,429704998.18730,1003098,196035206.11755
1617840000000,4.0938,4.9073,4.0309,4.6838,74589191.1,334692888.91907,789866,157194152.32740
1617926400000,4.6834,4.9416,4.4752,4.7790,65261780.5,309944659.37262,665697,147340204.40945
1618012800000,4.7786,5.5130,4.7264,5.1867,90419250.9,465651798.75812,989968,221934163.83256
1618099200000,5.1878,5.2817,4.7869,5.0440,51194685.3,255609020.49497,629247,116333391.20134
1618185600000,5.0442,5.2000,4.5900,4.7423,52778178.1,256499000.98865,649131,117223720.79064
1618272000000,4.7433,4.8833,4.4511,4.6265,56481457.5,261333853.07782,658421,121946321.78316
1618358400000,4.6271,4.9899,4.3400,4.5212,84180113.4,392574943.98906,920152,175160368.00045
1618444800000,4.5212,4.9200,4.3800,4.6998,70716009.0,333604950.73946,820746,153503261.23125
1618531200000,4.7000,5.1250,4.4000,4.8900,91792858.9,437903244.03640,962358,199822042.33781
1618617600000,4.8900,5.1571,4.5931,4.6296,59226321.8,288261063.92770,686171,131700235.33207
1618704000000,4.6308,4.6812,2.5413,4.1191,164742975.2,629670938.48100,1544234,294089438.60462
1618790400000,4.1197,4.3230,3.5239,3.6605,83143608.5,326809918.44727,822273,153369764.08109
1618876800000,3.6605,3.9900,3.1839,3.8679,98242938.1,352721593.24516,871198,171259277.04178
1618963200000,3.8670,4.1915,3.6250,3.7297,95981143.1,374454055.51796,897799,177799590.12363
1619049600000,3.7293,4.1232,3.1500,3.4239,111545151.0,418343394.95797,1041409,199524076.70358
1619136000000,3.4239,3.5250,2.5600,3.1400,180982539.7,551076808.92466,1523824,265883052.55325
1619222400000,3.1396,3.1669,2.7414,3.0144,92270658.9,272462873.13208,730625,133395467.72684
1619308800000,3.0142,3.3081,2.7000,2.9313,84853484.5,258415592.26940,679805,123269837.08829
1619395200000,2.9313,3.7595,2.8928,3.6194,113996377.4,396871723.04885,912205,194873225.75254
1619481600000,3.6199,4.1699,3.5475,4.1229,71721514.9,276032305.64241,686347,130121090.73967
1619568000000,4.1252,4.4251,3.6786,4.1396,98824316.5,402990096.17666,906839,188896044.54915
1619654400000,4.1401,4.9000,3.9710,4.6244,133904632.9,608911971.43253,1228324,292957829.25631
1619740800000,4.6244,5.3110,4.4382,5.2503,87603497.4,423279604.00225,848279,202424187.24389
1619827200000,5.2506,5.6371,4.9650,5.0844,88235968.3,464427137.13023,890166,216928871.89517
1619913600000,5.0833,5.5500,4.6250,5.4545,90718179.5,460872597.88276,894711,216604008.44104
1620000000000,5.4532,5.8774,5.2243,5.4757,100006786.5,554282136.98859,982090,259591862.77521
1620086400000,5.4764,5.5516,4.6720,4.7108,114714211.8,586490005.92924,1131220,268080222.51592
1620172800000,4.7108,5.1973,4.5360,5.0542,74039652.6,369703122.51072,765475,167610769.29369
1620259200000,5.0554,5.3049,4.7000,4.8989,68363155.3,344553642.66831,741732,157003698.24001
1620345600000,4.8982,5.1100,4.5838,4.8174,65006084.1,315988648.20062,656475,144054412.12460
1620432000000,4.8175,5.1000,4.7354,4.8479,52982360.2,260282467.67640,500663,119584403.71264
1620518400000,4.8494,5.1807,4.6000,5.0848,60377946.5,295111960.47463,598709,135087081.35791
1620604800000,5.0867,5.2736,3.8000,4.4131,87347945.0,412223132.39563,889459,184003637.23092
1620691200000,4.4131,4.8033,4.3000,4.7748,57415616.8,260460274.30979,576016,124174517.05399
1620777600000,4.7765,4.9994,3.7358,3.9316,73343741.9,331312194.84749,751701,151246173.17358
1620864000000,3.9372,4.2933,3.5548,3.9546,94142384.4,370969850.56844,890363,177323210.39404
1620950400000,3.9549,4.2340,3.9005,4.0723,49426542.6,200997565.06021,497479,94314628.45636
1621036800000,4.0731,4.1619,3.6589,3.6916,51577714.1,200778055.11810,577241,92952718.78182
1621123200000,3.6924,4.1337,3.5085,3.8037,61080731.3,232436926.72508,642350,110258769.30344
1621209600000,3.8038,3.9406,3.2500,3.7054,88186958.4,323803909.11413,942904,154198221.45366
1621296000000,3.7033,4.0729,3.6262,3.8236,61079988.2,234100714.42585,676769,110583416.21574
1621382400000,3.8245,3.8923,1.1007,1.9661,208904833.0,533842934.51075,1614873,252316420.05431
1621468800000,1.9657,2.7689,1.7384,2.5888,168669736.4,391074532.61506,1076737,190515299.60266
1621555200000,2.5868,2.7399,1.8469,2.2295,112206542.2,258920844.96286,808454,125006478.55863
1621641600000,2.2290,2.3566,1.9501,2.0128,86284021.6,182056575.16478,561979,90535080.94835
1621728000000,2.0124,2.1159,1.3387,1.6857,132973721.2,216716179.09233,727908,105220120.18448
1621814400000,1.6847,2.2130,1.6293,2.1435,122331083.8,236297614.91067,649788,118964734.20513
1621900800000,2.1445,2.2462,1.8840,2.2260,66835876.4,137502927.17420,456151,67058502.80264
1621987200000,2.2231,2.4596,2.2060,2.4470,64240390.1,149291402.09932,445128,71628698.72446
1622073600000,2.4469,2.4926,2.1300,2.2725,54978669.2,127279340.55186,384081,60999137.91065
1622160000000,2.2726,2.3119,1.9183,2.0045,65035318.9,135048492.87898,440934,65337420.99393
1622246400000,2.0049,2.1106,1.7543,1.8657,55163450.4,105455893.37594,353274,51482346.83683
1622332800000,1.8661,2.1633,1.7371,1.9612,56682762.5,113547084.89504,354201,54595026.07017
1622419200000,1.9614,2.1392,1.8500,2.1177,57023956.8,115275175.44344,350176,56431697.35111
1622505600000,2.1182,2.1563,1.9726,2.0423,44319948.2,90932810.04747,293026,41816743.69555
1622592000000,2.0424,2.2655,2.0021,2.1779,54421146.6,116609610.29830,313793,54292203.60630
1622678400000,2.1781,2.3976,2.1150,2.3299,47922972.2,109045964.16755,305777,51221762.59422
1622764800000,2.3301,2.3351,1.9507,2.0827,63770924.8,133688244.74502,362845,62272117.46302
1622851200000,2.0830,2.2106,1.9295,2.0165,46606443.0,96865221.74954,283472,45349922.71600
1622937600000,2.0163,2.1687,1.9943,2.1408,46401749.7,97043247.49825,244050,46760265.56652
1623024000000,2.1414,2.2499,1.8922,1.9242,67371754.7,142523555.87908,345908,68108124.83266
1623110400000,1.9236,1.9711,1.7214,1.8985,74180663.1,138423025.95314,386661,66354723.13174
1623196800000,1.8985,2.0418,1.7907,2.0231,70293794.6,134993221.68497,387417,65738608.64489
1623283200000,2.0230,2.0377,1.8197,1.8683,47331331.6,91446190.14570,309653,43240594.40296
1623369600000,1.8689,1.9126,1.7117,1.7486,42603239.5,77754919.47965,253492,36744401.04992
1623456000000,1.7483,1.7536,1.6003,1.6911,59861120.8,100946557.39074,282809,50112750.52421
1623542400000,1.6911,1.9426,1.6702,1.9143,65427821.0,117527073.05799,313537,58997849.12731
1623628800000,1.9148,2.0805,1.8734,2.0792,70581555.8,140123544.03086,361225,67012578.75822
1623715200000,2.0793,2.2298,2.0133,2.1819,73586716.8,157164241.97254,389590,73888398.80334
1623801600000,2.1818,2.4281,2.1150,2.3232,122940170.9,283357442.91126,663797,136894478.18687
1623888000000,2.3240,2.3707,2.1417,2.2279,72899151.9,165179741.24214,379055,77292036.01000
1623974400000,2.2278,2.2280,1.9300,2.0644,69134871.3,143973374.89348,379481,71600254.96619
1624060800000,2.0640,2.2843,2.0110,2.0650,95854715.5,208608028.73764,521513,106648025.19860
1624147200000,2.0651,2.2567,1.9532,2.1973,98263149.0,206931139.78815,468630,102798690.11830
1624233600000,2.1966,2.2241,1.8213,1.8281,156209973.9,318654095.37174,775690,158098459.75780
1624320000000,1.8275,1.9500,1.4484,1.6860,141303111.5,241261895.98055,762768,118185329.47554
1624406400000,1.6860,1.9750,1.6113,1.8720,84902561.1,157538110.15627,438035,74818399.63541
1624492800000,1.8722,1.9546,1.7721,1.9139,56543922.5,105982997.00129,324535,49792164.22992
1624579200000,1.9140,1.9420,1.6839,1.7020,65738210.7,118178675.13486,351464,56303261.98571
1624665600000,1.7020,1.7839,1.6371,1.7426,53079167.7,90694517.82950,278908,45308854.04411
1624752000000,1.7422,1.8689,1.7169,1.8662,62806905.4,111598642.08312,302226,56821793.31357
1624838400000,1.8663,1.9296,1.8187,1.8946,51456603.9,96528312.33756,245011,46756185.36558
1624924800000,1.8937,2.0654,1.8859,2.0211,59911978.7,119864457.17970,292174,57309076.81620
1625011200000,2.0210,2.0853,1.8537,2.0245,61529281.2,121004024.95573,330409,58022506.56680
1625097600000,2.0247,2.0257,1.8564,1.8992,43290741.0,82599918.20944,255183,39530528.17480
1625184000000,1.8988,1.9286,1.7911,1.8864,39395455.8,72850202.35853,248728,34890670.41512
1625270400000,1.8864,1.9623,1.8501,1.9372,27551338.2,52968288.00701,194205,25895850.61001
1625356800000,1.9376,2.0749,1.9010,2.0220,31629214.4,63518417.12043,214184,30072617.89298
1625443200000,2.0220,2.0329,1.8903,1.9469,43649845.1,85608853.53581,259467,40345001.75652
1625529600000,1.9470,2.1303,1.9459,2.0959,52933748.5,109502125.21172,306933,51886056.97327
1625616000000,2.0957,2.2084,2.0594,2.0968,49969624.2,107266734.90642,268881,51153056.86346
1625702400000,2.0970,2.1059,1.9000,1.9317,46587021.8,92958698.67716,252070,43374639.17617
1625788800000,1.9317,2.0067,1.8344,1.9485,40070216.8,77050001.27812,223751,37606590.70001
1625875200000,1.9486,1.9877,1.8780,1.9147,29071079.6,56003682.06380,175994,27107455.50014
1625961600000,1.9148,1.9608,1.8789,1.9505,25097079.6,48341017.02526,134804,23163845.65591
1626048000000,1.9509,1.9721,1.8600,1.9032,27762773.2,53295883.95200,148288,25125337.87961
1626134400000,1.9029,1.9117,1.7911,1.8333,28998597.3,53626295.49645,158645,25331735.05719
1626220800000,1.8333,1.8479,1.7245,1.8289,29493445.1,52758180.93566,167998,24793382.05312
1626307200000,1.8290,1.8504,1.7032,1.7306,32246509.3,56628277.32388,171486,26421321.50607
1626393600000,1.7306,1.7698,1.6350,1.6550,30971057.0,52616886.59136,175249,24923320.74690
1626480000000,1.6548,1.7132,1.6250,1.6757,27317772.7,45708584.22819,153260,22236841.36265
1626566400000,1.6759,1.7391,1.6715,1.7091,23236469.2,39794284.69900,129614,19537992.08272
1626652800000,1.7091,1.7168,1.5417,1.5526,34353851.8,55161110.94383,178952,26092018.78276
1626739200000,1.5525,1.5749,1.3966,1.4286,52412022.2,75826976.79521,237599,36408773.81315
1626825600000,1.4291,1.5862,1.3664,1.5284,49400286.8,74210983.75699,234252,36794627.41082
1626912000000,1.5283,1.5680,1.4923,1.5518,42240622.2,64676341.42581,191320,31880722.60884
1626998400000,1.5512,1.5957,1.4894,1.5896,45948505.5,71100165.67385,205702,33067827.78886
1627084800000,1.5891,1.6755,1.5709,1.6292,43646802.7,71006587.91595,203575,32890978.52365
1627171200000,1.6291,1.6495,1.5554,1.6401,32943805.5,52874641.94909,171191,24968950.83454
1627257600000,1.6402,1.8452,1.6257,1.6735,68274493.7,119198581.87057,359793,56573353.49185
1627344000000,1.6736,1.7790,1.6296,1.7637,51384488.2,88256932.16064,277468,42677718.68356
1627430400000,1.7639,1.8586,1.7219,1.8182,56162785.8,100698041.21315,317363,47534114.68167
1627516800000,1.8175,2.0418,1.7768,1.9949,73873534.4,141940832.44333,381231,69243698.22228
1627603200000,1.9948,2.0624,1.8672,2.0542,52513352.4,103067574.09726,301165,49688815.17969
1627689600000,2.0534,2.1992,1.9954,2.1544,53766140.6,112855925.54966,290348,56259734.73835
1627776000000,2.1551,2.2879,2.0612,2.0993,56607771.4,124119337.16767,314444,59488737.57079
1627862400000,2.0996,2.5190,2.0988,2.2296,114450394.7,262267182.35813,646611,127670994.68048
1627948800000,2.2296,2.2477,2.0887,2.1699,46892350.1,101189125.94751,306201,49903789.70269
1628035200000,2.1708,2.3266,2.1329,2.2879,36235938.3,80660768.68105,237399,39341371.78524
1628121600000,2.2877,2.3785,2.2326,2.3426,37983731.0,87632452.96495,263695,41987282.33450
1628208000000,2.3423,2.6406,2.3001,2.5837,53702965.4,133922501.87777,374297,68684479.07198
1628294400000,2.5839,2.6995,2.5253,2.6222,52235305.6,136340282.05360,357691,66151060.42660
1628380800000,2.6213,2.6620,2.4173,2.4731,41155319.7,104686828.81900,305642,49353134.13655
1628467200000,2.4734,3.0749,2.4252,2.9713,106365326.2,302394333.11670,684217,153610250.33274
1628553600000,2.9726,3.1342,2.8700,3.0609,54385444.4,163079134.07062,424943,81434809.94828
1628640000000,3.0614,3.4272,3.0386,3.2303,47519883.7,154682465.26078,415290,74527181.06479
1628726400000,3.2296,3.3604,3.0076,3.2850,46866765.0,149201183.54653,397400,72781677.10758
1628812800000,3.2851,3.5989,3.2420,3.5822,45403767.0,158719832.57146,374354,77127270.89528
1628899200000,3.5823,3.5854,3.3762,3.4747,28823279.9,100527125.05156,283855,46744271.50262
1628985600000,3.4753,3.4871,3.3227,3.4660,27382477.1,92940279.73833,268563,43287389.45797
1629072000000,3.4661,3.5838,3.1459,3.2519,32739219.6,111871169.62490,327418,49156623.36194
1629158400000,3.2506,3.3740,2.9868,3.0241,46358632.3,149102791.01621,424501,69453479.58925
1629244800000,3.0238,3.2824,2.7980,3.1593,41862549.7,129750550.64887,394495,61376517.91231
1629331200000,3.1600,3.6217,3.0588,3.6065,49983928.5,167077705.31269,423092,83402642.79814
1629417600000,3.6069,3.7787,3.4811,3.7184,38285510.5,139635021.09137,358700,68136092.80693
1629504000000,3.7183,3.8313,3.5492,3.7618,32198842.2,117833037.75156,320530,54314960.19640
1629590400000,3.7617,3.8143,3.5129,3.6955,25035642.7,91312688.37941,270304,41189234.76515
1629676800000,3.6948,3.9241,3.6002,3.8070,27447131.7,102771983.21599,321577,48097601.56564
1629763200000,3.8064,4.2076,3.7067,3.8705,68700817.9,274287859.63695,645607,133983348.99485
1629849600000,3.8717,4.5816,3.8700,3.9799,86651486.1,362772024.92034,788639,173063441.42180
1629936000000,3.9798,4.0251,3.6064,3.7288,37674425.9,142304597.93391,386086,67022344.97920
1630022400000,3.7286,4.0333,3.6230,4.0088,36216159.5,141609017.24365,397487,66639915.37079
1630108800000,4.0098,4.0755,3.8200,3.8564,18744846.7,73251291.82059,242617,31731025.44924
1630195200000,3.8578,3.8972,3.6592,3.7315,21243544.7,79697995.34465,257159,35728636.10947
1630281600000,3.7305,3.7600,3.4678,3.5169,25380162.4,92388304.50035,287986,41189880.59738
1630368000000,3.5173,3.6860,3.4410,3.5197,24796296.5,88344739.00482,318914,40750151.57981
1630454400000,3.5206,3.7550,3.4500,3.6802,24963503.0,91459533.25249,292457,42584540.54759
1630540800000,3.6802,3.8114,3.6229,3.6294,26283766.3,98060907.10477,305120,44308602.31348
1630627200000,3.6292,3.7849,3.5235,3.6823,36289217.5,132999286.88528,349731,59083552.17040
1630713600000,3.6825,3.8430,3.6183,3.7033,30920935.0,115213141.35412,295064,50123934.47356
1630800000000,3.7034,3.9007,3.6712,3.8525,33382893.2,126479671.31479,335463,55667698.45091
1630886400000,3.8534,4.0955,3.6750,3.8180,42994557.2,167224157.78282,420146,73785310.37893
1630972800000,3.8184,3.8992,2.3380,2.7096,216703649.7,614445433.52149,1529741,284231806.16669
1631059200000,2.7091,2.8650,2.4321,2.7718,142583168.7,380769550.92403,963714,181130875.53611
1631145600000,2.7716,2.9930,2.6336,2.8759,79351199.8,223577364.77290,606935,104428786.49820
1631232000000,2.8758,3.0700,2.5800,2.7095,72860679.0,203887084.29024,543888,96285394.40633
1631318400000,2.7092,2.8330,2.6702,2.7700,41746698.8,115086386.61061,351168,55341672.08884
1631404800000,2.7699,2.8542,2.6432,2.8180,36826867.9,101728631.53399,301593,46642837.38998
1631491200000,2.8193,2.8483,2.4000,2.6088,53901099.0,140949422.61462,393612,64941267.60706
1631577600000,2.6091,2.6966,2.5533,2.6943,33736232.4,89004853.83229,263017,42475874.42678
1631664000000,2.6933,2.9388,2.6522,2.8936,51096501.5,144667021.46472,371733,67054668.59013
1631750400000,2.8930,2.8974,2.6507,2.7529,61360551.5,171264898.82549,453560,79168124.51458
1631836800000,2.7533,2.7678,2.5899,2.6371,33584154.7,89726254.73857,282722,42623776.04354
1631923200000,2.6371,2.7056,2.5855,2.6490,25321831.6,67167867.42729,211966,30560920.21495
1632009600000,2.6497,2.6598,2.4427,2.5008,31127738.6,79700797.25592,236828,35696386.69258
1632096000000,2.5006,2.5040,2.0556,2.1726,71495886.0,160225120.46183,481425,73438113.34371
1632182400000,2.1719,2.2551,1.9474,2.0165,56740727.9,120334626.80900,367044,58171635.39423
1632268800000,2.0169,2.3366,1.9829,2.3023,51927386.0,112393185.33761,334456,54750504.71901
1632355200000,2.3024,2.3783,2.2329,2.3743,33266964.4,76791583.57117,250629,37310692.61960
1632441600000,2.3744,2.4042,2.0200,2.1759,48945324.2,106605519.88091,341344,51474856.10529
1632528000000,2.1762,2.2242,2.0576,2.1130,33916028.4,72312988.04492,235451,34999239.98851
1632614400000,2.1130,2.1500,1.9540,2.0924,37138433.6,76611029.67573,253861,36929709.21175
1632700800000,2.0922,2.2311,2.0536,2.0648,36142960.7,77528540.62379,261745,36335428.26982
1632787200000,2.0648,2.1049,1.9820,1.9910,27892987.2,57255130.79538,232191,27452906.49127
1632873600000,1.9907,2.1299,1.9791,2.0626,31081703.4,64355345.50796,215349,31258186.96096
1632960000000,2.0629,2.2065,2.0540,2.1814,28578385.7,61530996.60352,198982,29425333.18518
1633046400000,2.1812,2.3777,2.1525,2.3722,34283078.4,78381095.80899,255989,37641988.62656
1633132800000,2.3725,2.4703,2.3252,2.3791,30722674.5,73982752.89238,237235,35335042.83048
1633219200000,2.3779,2.5156,2.3065,2.4498,32336374.7,78573359.07208,266091,36733953.26609
1633305600000,2.4491,2.4504,2.2500,2.3467,37173753.7,87442021.68090,279011,40596106.14433
1633392000000,2.3465,2.6393,2.3212,2.5127,53781107.5,132496843.55818,369544,64759918.21388
1633478400000,2.5129,2.5901,2.3450,2.4821,50515269.1,125129395.12657,362483,57528854.36605
1633564800000,2.4826,2.5376,2.3830,2.4501,35109806.4,86163326.12906,290787,40375243.33633
1633651200000,2.4501,2.5598,2.4329,2.4832,34262104.7,85830672.50658,238873,40281277.44951
1633737600000,2.4840,2.6000,2.4427,2.5519,31990336.5,81078366.46085,210318,37347862.23376
1633824000000,2.5526,2.6633,2.5005,2.5193,43229870.8,111678317.39884,310204,52338094.60464
1633910400000,2.5190,2.5817,2.3599,2.4416,33601342.3,83508810.54361,218921,39831866.00757
1633996800000,2.4418,2.4419,2.2035,2.3091,52897326.6,120893461.97610,310078,55375242.44243
1634083200000,2.3091,2.5017,2.2575,2.4247,62091890.4,146974733.49453,349020,70806448.68652
1634169600000,2.4249,2.5532,2.4001,2.4557,55510338.0,137306731.86158,329837,63625558.53966
1634256000000,2.4556,2.4556,2.2868,2.3639,46313487.9,109977117.52292,287986,50170829.09425
1634342400000,2.3637,2.4713,2.3500,2.4258,39154419.4,94284207.28625,242642,42934614.86789
1634428800000,2.4255,2.4506,2.2186,2.3099,36911246.4,86874947.52384,234964,37966011.13213
1634515200000,2.3102,2.3296,2.2323,2.2913,26498158.9,60582498.15801,170917,28311302.32466
1634601600000,2.2912,2.3244,2.2546,2.2895,22260145.1,50927984.29700,173859,22963758.00206
1634688000000,2.2899,2.4498,2.2456,2.3950,38072590.5,89503424.51657,253355,40758420.89781
1634774400000,2.3955,2.4437,2.2540,2.2814,49019545.5,115684261.33140,309071,51827953.85636
1634860800000,2.2814,2.3530,2.2600,2.3106,30355511.7,70078608.66991,200139,31750315.59167
1634947200000,2.3109,2.3247,2.2671,2.3008,21098945.9,48499423.16222,155347,22116601.87783
1635033600000,2.3010,2.3165,2.1760,2.2361,28553279.7,64278011.92303,204153,27358874.34485
1635120000000,2.2362,2.3020,2.2257,2.2832,23055988.9,52372261.80609,161905,23594567.72882
1635206400000,2.2829,2.3756,2.2303,2.2647,41597837.9,96186717.51447,240329,40934394.03086
1635292800000,2.2653,2.3249,1.7560,2.0154,83687748.5,172778012.89489,490688,75601049.72257
1635379200000,2.0157,2.2285,1.9950,2.1279,43478471.6,92372657.25549,250867,44285188.02407
1635465600000,2.1275,2.2476,2.1145,2.2245,25702846.0,56424350.26699,163449,26789879.83830
1635552000000,2.2245,2.2814,2.1294,2.2339,30557313.9,67612693.26014,184331,30512378.87718
1635638400000,2.2334,2.6000,2.2189,2.4470,81545667.6,194381848.19715,451316,91974804.20766
1635724800000,2.4462,2.4907,2.3039,2.4249,38923751.1,93367683.57138,262751,42898778.35379
1635811200000,2.4258,2.5374,2.4149,2.4837,32213747.9,80161439.70109,257551,35651384.62506
1635897600000,2.4845,2.4853,2.3163,2.4278,35326394.1,84965062.30949,227984,40130928.26800
1635984000000,2.4284,2.4311,2.3297,2.3780,21776354.4,51865859.53768,157720,23290936.35613
1636070400000,2.3785,2.5671,2.3403,2.4624,41050326.2,101272100.72496,287434,45965500.80919
1636156800000,2.4618,2.5400,2.3436,2.4209,27182897.1,66420626.43020,196074,30588338.19347
1636243200000,2.4210,2.4403,2.3835,2.4092,16712291.1,40208985.69483,139346,18760364.67406
1636329600000,2.4096,2.5416,2.3516,2.5283,35388175.4,86545135.96656,249171,38506040.18318
1636416000000,2.5279,2.6880,2.5060,2.5914,52835001.8,137539893.16653,343529,63238777.79130
1636502400000,2.5909,2.6537,2.2000,2.3871,54135628.1,133986849.61478,332446,59427137.00370
1636588800000,2.3871,2.4669,2.3447,2.4176,27955903.2,67385003.40359,207377,30826833.21238
1636675200000,2.4174,2.4417,2.3149,2.3918,23699490.9,56378326.20239,156950,26432515.04838
1636761600000,2.3918,2.6107,2.3766,2.6094,41672301.6,105166596.92193,308100,50158805.66540
1636848000000,2.6094,2.6268,2.4760,2.5439,20611361.5,52338638.94123,185977,24324271.02152
1636934400000,2.5446,2.8378,2.5129,2.7703,118964363.7,325154532.95900,785352,156463226.04386
1637020800000,2.7702,2.9900,2.5500,2.6038,276999064.7,769168561.42519,1695713,370725975.84760
1637107200000,2.6044,2.6232,2.4204,2.5501,69121602.0,174287583.22444,500228,85114471.68993
1637193600000,2.5501,2.5749,2.2534,2.2986,58046718.0,139022885.69375,455966,67509563.36744
1637280000000,2.2998,2.4833,2.2661,2.4798,60660065.3,143561248.48176,482517,70216133.35888
1637366400000,2.4797,2.6052,2.4004,2.5445,52646970.3,130964396.88052,415644,63922309.07973
1637452800000,2.5444,2.6990,2.4719,2.6293,53274982.8,139552482.88203,417540,67848785.76720
1637539200000,2.6301,2.6695,2.4166,2.4681,44591891.0,111693625.53079,381134,51564078.12359
1637625600000,2.4683,2.4893,2.3756,2.4557,30490154.0,74339902.59065,272257,36602386.82368
1637712000000,2.4565,2.4587,2.2822,2.3914,41020600.4,96966707.07106,333269,47086044.95508
1637798400000,2.3911,2.6113,2.3540,2.4965,48452503.4,119584297.12119,343732,55450779.74037
1637884800000,2.4970,2.5597,2.2328,2.3078,50226064.0,118787370.91813,399563,56016514.56887
1637971200000,2.3077,2.3464,2.2153,2.2491,22417487.4,51523171.06545,195382,23261979.03457
1638057600000,2.2491,2.2641,2.0613,2.2565,26892912.3,58544975.38620,241788,27461143.25547
1638144000000,2.2570,2.2999,2.2234,2.2802,18570148.3,42064963.26958,165155,19409836.78674
1638230400000,2.2801,2.3510,2.1854,2.2744,31728504.5,72131088.87473,245191,34324561.80503
1638316800000,2.2745,2.4427,2.2583,2.3418,31656961.6,74390007.92925,239535,35021286.14437
1638403200000,2.3419,2.3424,2.2313,2.2741,23599768.9,53861948.08985,171460,25793509.72949
1638489600000,2.2741,2.3360,2.0840,2.1561,28662859.9,63914600.17983,207524,29178313.68183
1638576000000,2.1562,2.1643,1.2648,1.7442,116462049.6,191875798.28785,691158,90553021.26654
1638662400000,1.7441,1.7622,1.5078,1.5861,45653917.3,74191532.19341,265579,35679230.48815
1638748800000,1.5861,1.6428,1.4224,1.6343,49110930.0,75444953.40198,288447,36850514.33697
1638835200000,1.6335,1.6939,1.6011,1.6361,31367953.2,51768636.29209,204883,25458177.71248
1638921600000,1.6361,1.7437,1.5860,1.7109,36799639.8,61531708.55047,226650,30519772.47759
1639008000000,1.7110,1.7217,1.5422,1.5501,31548752.2,51211857.50318,188424,24611828.15040
1639094400000,1.5491,1.6099,1.4815,1.4907,33749197.3,52512290.97895,196277,26299443.47226
1639180800000,1.4903,1.5751,1.4688,1.5634,22767160.6,35011888.86863,143847,17444714.72756
1639267200000,1.5640,1.5933,1.5214,1.5674,18640549.3,29115799.75735,110951,14458918.74244
1639353600000,1.5675,1.5767,1.3766,1.3965,35651881.0,51893483.65368,203699,24841834.05803
1639440000000,1.3966,1.4821,1.3819,1.4679,37820718.4,54028916.02888,196834,27001391.10520
1639526400000,1.4678,1.5195,1.3603,1.4988,36015487.0,52008903.60925,187020,25063983.60074
1639612800000,1.4988,1.5407,1.4512,1.4699,23110730.9,34856899.36104,135016,16848651.45151
1639699200000,1.4700,1.4922,1.3927,1.4420,23514913.5,34017119.98582,146195,16613553.87899
1639785600000,1.4419,1.5033,1.4136,1.4679,15987518.1,23427128.04684,100941,11706136.26351
1639872000000,1.4682,1.5790,1.4478,1.5124,43462998.8,66407435.79358,200784,31914375.17875
1639958400000,1.5125,1.5840,1.4237,1.4863,39281629.0,58825165.39467,205125,28466900.00131
1640044800000,1.4865,1.5360,1.4651,1.5328,20804015.8,31487610.98462,116915,15463376.96214
1640131200000,1.5324,1.5962,1.5166,1.5447,28285776.6,44145911.98155,161482,21418116.31665
1640217600000,1.5445,1.6937,1.5239,1.6729,33194812.5,53647104.43560,200355,26096845.70727
1640304000000,1.6731,1.7007,1.6031,1.6232,20236002.3,33442909.45128,135545,14795047.89425
1640390400000,1.6234,1.6763,1.6118,1.6460,13961601.1,22976446.09424,119165,11580055.57877
1640476800000,1.6464,1.6589,1.5850,1.6410,17190681.6,27869555.53400,118837,11768309.16849
1640563200000,1.6418,1.7369,1.6323,1.6667,21778612.3,36663375.56818,131482,16936142.27689
1640649600000,1.6668,1.6670,1.5081,1.5119,33077670.6,52345944.24942,182904,24063330.35633
1640736000000,1.5121,1.5687,1.4612,1.5512,30197341.6,45745839.48664,157683,21997881.78731
1640822400000,1.5509,2.0200,1.4964,1.9331,447359460.9,835259398.52595,1822765,423548923.59583
1640908800000,1.9330,2.1382,1.8411,2.0276,343702977.8,698716450.63983,1484135,354269721.17981
1640995200000,2.0276,2.2679,2.0152,2.2530,153166799.3,327753915.39766,786548,163632645.46414
1641081600000,2.2531,2.3600,2.1083,2.1397,162291931.0,363716473.49610,803943,177012464.83961
1641168000000,2.1396,2.1426,1.8999,1.9458,128803240.7,258808595.14777,636250,118975097.93343
1641254400000,1.9458,1.9762,1.8413,1.8598,85625700.4,163747709.92794,432705,76693792.70586
1641340800000,1.8594,1.9687,1.5666,1.6570,97348078.4,176181089.12766,504392,80665979.73397
1641427200000,1.6559,1.7176,1.5817,1.6932,68081203.3,111993195.39998,320723,55114913.52414
1641513600000,1.6928,1.6995,1.5223,1.5872,66428056.4,106000985.82961,337779,50239120.75898
1641600000000,1.5873,1.6213,1.4421,1.5101,41298217.7,63495041.29302,236779,29776281.73800
1641686400000,1.5101,1.5922,1.4884,1.5546,34234200.6,52918014.25852,189816,26180026.32420
1641772800000,1.5545,1.5930,1.3925,1.4840,52766666.1,78790604.53082,272294,38113987.49266
1641859200000,1.4842,1.6041,1.4448,1.5840,51230281.0,77848905.15285,271326,38298210.53346
1641945600000,1.5836,1.7170,1.5679,1.6937,52402733.5,86750263.28045,283076,42301768.95464
1642032000000,1.6932,1.7692,1.6220,1.6268,48888591.6,82627393.82105,279189,38825630.58641
1642118400000,1.6267,1.8214,1.6153,1.7708,93350440.1,163961077.89491,443231,79985400.81661
1642204800000,1.7702,1.8474,1.7565,1.7642,46751483.8,84672747.70333,269334,40422633.82116
1642291200000,1.7643,1.7942,1.7143,1.7378,27321999.0,47841540.35004,177394,22789030.50946
1642377600000,1.7379,1.7539,1.6256,1.6651,30244549.5,50928997.91672,204443,23995472.05107
1642464000000,1.6652,1.6767,1.5609,1.6219,30810251.3,49449462.28377,194053,23306480.78879
1642550400000,1.6220,1.7094,1.5175,1.5741,67239076.0,108157870.44117,327230,53228823.44490
1642636800000,1.5733,1.6677,1.5053,1.5191,38826132.6,62303368.38935,229068,29824267.36852
1642723200000,1.5195,1.5699,1.3599,1.4288,91531675.1,136922525.02707,489301,65139049.32740
1642809600000,1.4294,1.4845,1.1810,1.2775,105772308.2,138931301.95131,486654,68502816.28665
1642896000000,1.2784,1.3496,1.2393,1.3206,56782550.7,73406338.35281,271450,35997764.89621
1642982400000,1.3195,1.3226,1.1116,1.2608,76582884.5,91392616.85494,374346,45456188.02467
1643068800000,1.2607,1.2710,1.2001,1.2511,38032510.4,47198797.17540,185701,23452505.98152
1643155200000,1.2511,1.3997,1.2300,1.2837,58394166.1,76063312.71267,271133,37104077.15490
1643241600000,1.2842,1.3650,1.2216,1.3059,54361201.9,70506294.07444,257202,34523574.30291
1643328000000,1.3059,1.3508,1.2650,1.3383,31681866.4,41449297.13934,189097,19797366.88453
1643414400000,1.3381,1.3893,1.3333,1.3715,28277411.5,38547953.22955,146617,18856452.13471
1643500800000,1.3718,1.3850,1.2930,1.3224,20806046.0,27897684.36004,127499,13390205.54258
1643587200000,1.3225,1.3764,1.2634,1.3639,28570184.0,37333143.30563,153671,18508667.29922
1643673600000,1.3645,1.3888,1.3366,1.3658,27358709.4,37348819.21747,163356,17894473.28809
1643760000000,1.3658,1.4266,1.3035,1.3196,39203743.4,53793983.22578,206664,25288362.86616
1643846400000,1.3199,1.3853,1.3018,1.3789,28935643.9,38726980.62341,160376,19472115.08714
1643932800000,1.3785,1.5134,1.3666,1.5022,49019462.3,70855996.87336,247333,35307324.97312
1644019200000,1.5024,1.5535,1.4840,1.5316,26152873.2,39866665.07342,153208,19347357.62213
1644105600000,1.5315,1.5712,1.4568,1.5322,23647422.6,35680216.25995,153180,16977686.15232
1644192000000,1.5320,1.5973,1.4896,1.5638,29004464.9,44904719.06354,169210,21662446.55721
1644278400000,1.5641,1.6166,1.4564,1.5022,37785816.1,57672823.44351,226318,27588883.91569
1644364800000,1.5024,1.5594,1.4803,1.5440,24669359.3,37617395.04437,160693,18162018.82496
1644451200000,1.5441,1.5536,1.4352,1.4553,38570424.5,57950451.69697,225717,26947957.25866
1644537600000,1.4553,1.4916,1.3435,1.3624,27206232.1,39090699.65390,167080,18808771.55121
1644624000000,1.3624,1.4083,1.3087,1.3756,20431140.9,27845106.02823,126261,13411665.71950
1644710400000,1.3756,1.3940,1.3237,1.3417,19140048.0,26166875.39633,136827,13196021.68308
1644796800000,1.3417,1.4020,1.3041,1.3811,31549818.7,42788489.48995,184595,20295391.61507
1644883200000,1.3813,1.4990,1.3765,1.4923,22840149.0,32929696.49733,146729,16970972.64420
1644969600000,1.4924,1.5060,1.4163,1.4694,21831481.6,31985014.64779,134372,14883352.46219
1645056000000,1.4694,1.4869,1.3238,1.3285,28812688.9,40128280.71517,168443,17793256.28428
1645142400000,1.3291,1.3638,1.2822,1.3030,25119402.6,33232883.58136,134829,15886405.26409
1645228800000,1.3036,1.3240,1.2652,1.2986,15083855.9,19523276.43222,91780,9889606.54570
1645315200000,1.2986,1.3044,1.2219,1.2430,19458734.8,24363156.75374,112212,11106882.83935
1645401600000,1.2428,1.3022,1.1602,1.1667,48528226.2,60531771.28057,213569,30479991.52139
1645488000000,1.1672,1.2400,1.1085,1.2327,51693826.7,60709089.00467,204947,31247233.74806
1645574400000,1.2332,1.3342,1.2250,1.2417,77797823.7,100155962.72719,305458,50757409.32752
1645660800000,1.2417,1.2490,1.0534,1.2005,88412361.2,100131864.77191,356323,48094893.72721
1645747200000,1.2006,1.3086,1.1923,1.2937,42962099.9,53663093.07920,203274,28931150.15757
1645833600000,1.2941,1.3300,1.2552,1.2789,25613615.9,32914745.67521,135381,15552022.68086
1645920000000,1.2789,1.3676,1.2327,1.2818,72247375.8,94684141.02705,319112,47269204.39193
1646006400000,1.2812,1.4203,1.2490,1.4148,43735913.0,58163980.90920,203077,28582161.86820
1646092800000,1.4150,1.4500,1.3872,1.4384,36747131.4,52145372.48442,182883,25037168.14110
1646179200000,1.4385,1.4392,1.3639,1.3896,29047564.8,40765876.98046,169208,19626840.43977
1646265600000,1.3896,1.4298,1.3593,1.4049,41167224.1,57725672.76346,197555,28163358.17031
1646352000000,1.4049,1.4880,1.3589,1.3868,71079050.4,101280805.53811,339891,49125462.68775
1646438400000,1.3869,1.4150,1.3340,1.4081,30191594.4,41426985.94023,150840,19133626.11649
1646524800000,1.4081,1.4304,1.3202,1.3281,27873770.4,38216548.09259,152042,18358793.63791
1646611200000,1.3281,1.3522,1.2391,1.2722,31969798.0,41454392.32318,152926,19509589.20344
1646697600000,1.2717,1.3082,1.2609,1.2826,22337934.5,28684198.73757,127695,13707930.03187
1646784000000,1.2825,1.3594,1.2775,1.3437,26986668.3,35922620.40825,146545,17030728.24383
1646870400000,1.3436,1.3526,1.2404,1.2750,28520041.6,36385469.54737,140399,17263285.04588
1646956800000,1.2751,1.2899,1.2258,1.2393,22464947.4,28216255.16900,125903,14055076.46342
1647043200000,1.2393,1.2623,1.2356,1.2377,13761606.5,17213035.83351,93176,8200841.53747
1647129600000,1.2377,1.2680,1.1848,1.1909,20427775.7,25181508.07637,104516,11776930.44163
1647216000000,1.1909,1.2477,1.1663,1.2427,27237828.7,33000822.64294,115717,16245314.81089
1647302400000,1.2428,1.2720,1.2270,1.2547,34765751.3,43446418.92431,155580,20487776.56110
1647388800000,1.2546,1.3529,1.2417,1.3508,30331899.2,39080686.80504,160207,19203922.49813
1647475200000,1.3512,1.4203,1.3361,1.3845,34124836.8,47101365.22205,183515,23257309.82689
1647561600000,1.3849,1.4962,1.3424,1.4532,43713334.9,62325518.18188,252800,30205495.24787
1647648000000,1.4533,1.5521,1.4524,1.5339,48071364.6,72513087.35280,308006,34863149.79866
1647734400000,1.5339,1.6422,1.4001,1.4070,83233717.4,125614727.80505,478319,58732026.85283
1647820800000,1.4069,1.4830,1.3707,1.4486,63250666.8,90409866.79390,357716,43227869.25718
1647907200000,1.4483,1.5648,1.4329,1.5047,55969800.2,84584566.77923,324725,39168561.45410
1647993600000,1.5047,1.5879,1.4970,1.5843,31589215.7,48688365.27530,211233,22600506.24611
1648080000000,1.5840,1.6207,1.5521,1.6149,31100837.3,49321697.10220,206213,23059202.87011
1648166400000,1.6150,1.6763,1.5200,1.5605,48880519.6,78698745.57449,309360,35445838.32950
1648252800000,1.5601,1.6298,1.5402,1.6276,22118818.5,35347467.17632,155282,16635453.26169
1648339200000,1.6275,1.7082,1.5925,1.7067,38097788.5,62622097.89096,247340,29445328.40229
1648425600000,1.7066,1.7957,1.5746,1.6212,60411775.5,104752767.57785,340859,48094201.55694
1648512000000,1.6216,1.6960,1.5726,1.6314,49003929.1,80848225.02870,268044,36333740.45752
1648598400000,1.6303,1.7113,1.5479,1.6454,63472472.3,104620346.84838,353468,47387336.08462
1648684800000,1.6459,1.6899,1.5350,1.5672,46323537.5,75209895.39455,273822,33327557.45844
1648771200000,1.5670,1.6135,1.4879,1.6013,39175430.0,61342109.38583,220490,27861768.93551
1648857600000,1.6017,1.6853,1.5900,1.5972,39377081.3,64439932.27473,261160,29062393.59397
1648944000000,1.5975,1.6847,1.5606,1.6689,34302191.5,56181626.78021,218211,26057838.07556
1649030400000,1.6689,1.6730,1.4971,1.5734,42736383.9,68011829.70358,262970,29456998.80071
1649116800000,1.5740,1.5896,1.4725,1.4819,24231912.1,37545685.58482,163457,16819610.43573
1649203200000,1.4823,1.4834,1.3142,1.3229,46267925.8,64560621.90644,291798,29107918.55032
1649289600000,1.3226,1.3889,1.3000,1.3762,24195482.2,32609267.72906,170802,15584386.25161
1649376000000,1.3756,1.3864,1.2804,1.2925,21883296.3,29428431.49401,155939,13401813.53967
1649462400000,1.2926,1.3421,1.2921,1.3394,12135658.3,16024982.41299,93635,7629947.75019
1649548800000,1.3400,1.3510,1.2929,1.2984,14826471.9,19591870.44910,99753,8902245.89422
1649635200000,1.2987,1.3012,1.1574,1.1843,34370186.9,42164797.12468,195936,19946922.40143
1649721600000,1.1843,1.2623,1.1681,1.2381,25364788.7,30929007.31743,154848,14802926.31743
1649808000000,1.2386,1.2784,1.2225,1.2730,19178178.1,23990814.52200,144762,11913427.40262
1649894400000,1.2730,1.2889,1.2105,1.2267,17365747.5,21767673.78014,108018,10398317.65757
1649980800000,1.2267,1.2650,1.2152,1.2547,19167891.7,23799689.63453,106183,11477129.65012
1650067200000,1.2545,1.2654,1.2302,1.2555,15387641.1,19220256.10774,82057,9308844.30868
1650153600000,1.2553,1.2633,1.1903,1.1969,14542078.1,18044208.86761,80501,8431711.92057
1650240000000,1.1967,1.3677,1.1440,1.3639,116230039.6,147467312.50921,416462,72722433.98585
1650326400000,1.3636,1.4197,1.3321,1.3939,77079037.9,106424787.67742,308966,51428451.04750
1650412800000,1.3939,1.4014,1.3109,1.3351,36605286.2,49426873.07682,179935,22466197.73904
1650499200000,1.3351,1.3541,1.2430,1.2652,36027011.1,47223930.47363,166670,21901573.89787
1650585600000,1.2652,1.2892,1.2307,1.2332,20339166.0,25735580.91049,120835,11941989.95872
1650672000000,1.2333,1.2550,1.2032,1.2228,18813189.7,23157575.64574,108119,10951770.00203
1650758400000,1.2224,1.2396,1.1953,1.2004,17626180.7,21425339.02605,90359,10183404.24821
1650844800000,1.2004,1.2041,1.1168,1.1829,30051562.1,34784137.83772,155808,16048013.09776
1650931200000,1.1831,1.1967,1.0487,1.0700,32031809.4,36348651.39391,150542,16466484.05705
1651017600000,1.0699,1.1284,1.0586,1.1108,22605796.6,24919829.16390,105118,11948869.76356
1651104000000,1.1108,1.1356,1.0855,1.1084,27302723.2,30351795.20862,127036,14177014.76015
1651190400000,1.1080,1.1483,1.0321,1.0565,32291561.5,35059398.72576,152315,16661850.23047
1651276800000,1.0565,1.0687,0.9081,0.9444,48305893.3,48910911.41387,215215,23393893.69954
1651363200000,0.9444,1.0070,0.9009,0.9985,39180516.3,37409641.33768,168489,18376637.81300
1651449600000,0.9977,1.0347,0.9603,1.0186,52377829.0,52373060.21118,218111,26857897.05481
1651536000000,1.0186,1.0698,0.9978,1.0349,48907701.1,50662500.30473,194766,24747816.84799
1651622400000,1.0349,1.1059,1.0124,1.1041,40813299.2,42960875.06526,177539,20591224.59041
1651708800000,1.1043,1.1166,0.9404,0.9700,39667696.8,40421830.88451,177887,18996294.59945
1651795200000,0.9698,0.9747,0.9200,0.9511,33607791.9,31912872.04374,133967,15077013.50519
1651881600000,0.9511,0.9633,0.8909,0.9142,27126307.9,25380639.53864,106534,12226007.69995
1651968000000,0.9142,0.9215,0.8517,0.8606,34620948.2,30457980.98410,141925,14381339.80392
1652054400000,0.8607,0.8782,0.6577,0.6699,78518401.1,60364430.84697,277511,28735070.97966
1652140800000,0.6703,0.7593,0.6361,0.6899,101420774.3,71262419.75241,357313,34983938.73641
1652227200000,0.6900,0.7058,0.3849,0.4292,183244168.7,97128876.89049,583653,47050031.46551
1652313600000,0.4292,0.4556,0.3021,0.3889,214919140.9,79759791.71290,544555,40153743.84585
1652400000000,0.3889,0.4802,0.3819,0.4381,92045905.0,40944533.80495,237408,20341275.48869
1652486400000,0.4385,0.4820,0.4242,0.4779,62810882.3,28295145.38487,159489,13981498.38311
1652572800000,0.4780,0.5103,0.4693,0.5015,73254981.3,35917738.87084,169002,18376459.43437
1652659200000,0.5014,0.5027,0.4461,0.4546,61558314.2,28546144.97524,158848,14080703.99227
1652745600000,0.4546,0.4908,0.4525,0.4884,62754182.8,29590786.39553,146949,14790739.92994
1652832000000,0.4884,0.4954,0.4173,0.4193,59825690.8,27070288.13570,144595,13491690.51320
1652918400000,0.4191,0.4597,0.3966,0.4530,71930036.9,30720947.37494,164985,15176915.36351
1653004800000,0.4534,0.4700,0.4306,0.4453,72946817.7,32850022.11586,142287,16445778.99653
1653091200000,0.4452,0.4743,0.4404,0.4623,73227878.1,33639699.51502,140438,16090337.06271
1653177600000,0.4624,0.4999,0.4595,0.4953,66328870.3,32112556.73051,138270,15378462.66712
1653264000000,0.4949,0.5250,0.4720,0.4841,79530581.9,40004241.46081,166560,19097745.50257
1653350400000,0.4842,0.5185,0.4746,0.5085,94946932.2,47453698.38827,184293,23245829.19641
1653436800000,0.5086,0.5496,0.5040,0.5318,112584405.3,59342969.93872,236658,29560883.51454
1653523200000,0.5318,0.5429,0.4465,0.4713,84091293.7,41053195.31989,192260,20059339.22544
1653609600000,0.4710,0.4766,0.4415,0.4542,86627832.5,39783863.37564,186505,19725920.93892
1653696000000,0.4544,0.4716,0.4482,0.4678,40623749.7,18829817.99768,87561,9192937.98910
1653782400000,0.4677,0.4854,0.4527,0.4836,36362369.6,17074798.82923,79269,8361993.87249
1653868800000,0.4835,0.5237,0.4764,0.5219,61692353.6,30956606.05912,129473,15423847.45333
1653955200000,0.5220,0.5292,0.4934,0.5163,58142828.0,29849995.10253,131795,14302883.75861
1654041600000,0.5161,0.5770,0.5037,0.5110,234022793.5,127098766.99377,411742,63246538.29044
1654128000000,0.5110,0.5766,0.4949,0.5352,181842773.2,97425090.98354,324961,48604716.69969
1654214400000,0.5352,0.5983,0.5270,0.5956,308171185.7,174894189.66073,512452,87431045.90494
1654300800000,0.5957,0.6090,0.5530,0.5884,142681968.7,81695421.27670,256350,40576098.45455
1654387200000,0.5885,0.5932,0.5502,0.5654,68236921.2,38544973.22302,131332,19042654.49303
1654473600000,0.5653,0.6029,0.5604,0.5799,79476224.4,46238604.99270,159594,22243588.65771
1654560000000,0.5797,0.5834,0.5255,0.5456,80306407.2,43636161.47989,168867,21368604.04542
1654646400000,0.5456,0.5618,0.5252,0.5485,63570585.9,34465872.25629,125388,16858248.10443
1654732800000,0.5485,0.5487,0.5282,0.5352,38312682.3,20566454.53415,80713,10082471.51369
1654819200000,0.5355,0.5373,0.4674,0.4743,69948203.5,34830825.15983,133224,17022113.51997
1654905600000,0.4743,0.4861,0.4223,0.4314,61854614.2,27767684.79437,117333,13685115.30479
1654992000000,0.4314,0.4331,0.3844,0.3853,79276791.4,32106507.10911,146165,16271833.00810
1655078400000,0.3853,0.3953,0.3249,0.3446,134010851.8,46585532.32570,283236,23341149.73746
1655164800000,0.3446,0.3627,0.3197,0.3504,96645929.4,33360073.36330,198211,16568703.67655
1655251200000,0.3504,0.3810,0.3128,0.3805,108011197.8,36748898.79263,206906,18068896.44785
1655337600000,0.3804,0.3910,0.3432,0.3483,96309975.3,35089312.52025,167271,17361076.14627
1655424000000,0.3483,0.3744,0.3449,0.3661,68840191.3,25017472.94748,115673,12192672.67059
1655510400000,0.3661,0.3728,0.3181,0.3401,81988714.5,28038182.45512,128606,13589147.46289
1655596800000,0.3401,0.3787,0.3296,0.3727,65800666.7,23189747.10424,101195,11307101.49611
1655683200000,0.3727,0.4279,0.3568,0.4135,135503847.5,54390505.07193,207601,27413161.51095
1655769600000,0.4137,0.4319,0.3960,0.4155,119248679.6,49690370.06279,189825,24203057.22010
1655856000000,0.4156,0.4198,0.3908,0.4015,67425536.5,27340585.18599,119114,13387179.61182
1655942400000,0.4016,0.4276,0.4008,0.4241,53554019.6,22358811.31660,103714,10662910.96149
1656028800000,0.4241,0.4406,0.4209,0.4318,55542805.9,23988260.46363,106519,11616552.14283
1656115200000,0.4317,0.4432,0.4143,0.4409,48215058.3,20774794.87100,92005,10608830.26834
1656201600000,0.4409,0.4495,0.4078,0.4109,51242922.0,22195985.75468,99040,10748144.36179
1656288000000,0.4106,0.4775,0.4093,0.4306,210143191.3,94228279.84154,279733,47364729.94704
1656374400000,0.4305,0.4488,0.4058,0.4094,79805483.4,34600739.20588,154870,16946592.66124
1656460800000,0.4094,0.4196,0.3961,0.4073,64073151.7,26092820.07368,125157,12915929.69836
1656547200000,0.4073,0.4089,0.3624,0.3837,73268095.0,27607624.59274,134704,13456129.87613
1656633600000,0.3839,0.3963,0.3666,0.3716,67970351.5,25710803.48269,119460,12841690.79196
1656720000000,0.3718,0.3866,0.3649,0.3835,42405092.1,15884491.28598,78002,7965872.46938
1656806400000,0.3836,0.3891,0.3736,0.3882,37590847.8,14325906.95791,71167,6972493.02219
1656892800000,0.3882,0.4017,0.3764,0.4002,43207066.9,16771730.41691,82271,8242112.50681
1656979200000,0.4002,0.4061,0.3760,0.3893,54122873.1,21171803.56005,99062,9958801.81518
1657065600000,0.3893,0.3972,0.3826,0.3942,42774389.9,16710603.60998,81018,8080809.39852
1657152000000,0.3942,0.4093,0.3920,0.4057,41125456.1,16421584.51014,73411,8006354.70787
1657238400000,0.4058,0.4177,0.3919,0.3988,45964885.4,18500742.33912,87838,8989842.90129
1657324800000,0.3988,0.4124,0.3987,0.4070,28037542.3,11387876.29790,65455,5610836.76419
1657411200000,0.4071,0.4075,0.3887,0.3931,29725768.4,11815997.94696,65211,5631577.13406
1657497600000,0.3932,0.3933,0.3636,0.3649,36661417.6,13931199.17893,73110,6807068.72783
1657584000000,0.3650,0.3708,0.3450,0.3464,39880998.2,14435151.77771,77125,6989612.77741
1657670400000,0.3463,0.3580,0.3287,0.3567,54861372.7,18953342.47514,109422,9291825.75052
1657756800000,0.3567,0.3685,0.3457,0.3666,39891906.7,14178290.32800,84761,6788348.11005
1657843200000,0.3665,0.3776,0.3607,0.3689,40550598.0,14999536.24632,83403,7177480.12257
1657929600000,0.3689,0.3892,0.3651,0.3865,44684639.7,16851226.58012,90740,7928230.91876
1658016000000,0.3865,0.3958,0.3736,0.3764,36468866.1,14029927.62237,77980,6691938.22608
1658102400000,0.3764,0.4079,0.3754,0.4036,50585981.3,20046579.37335,99078,9695609.32296
1658188800000,0.4036,0.4289,0.3944,0.4192,67933174.1,27995431.49920,132506,13601325.59224
1658275200000,0.4191,0.4332,0.3970,0.3999,58233934.0,24275817.29402,124102,11887778.31659
1658361600000,0.3999,0.4079,0.3868,0.4049,42176322.7,16813802.33466,92498,8102197.26148
1658448000000,0.4049,0.4178,0.3911,0.3961,43178859.5,17526509.26581,92473,8602601.69551
1658534400000,0.3961,0.4087,0.3849,0.3973,32714282.5,12987457.98798,77454,6305647.08864
1658620800000,0.3974,0.4074,0.3950,0.4000,25408954.3,10206043.59458,65747,5092613.84489
1658707200000,0.4000,0.4027,0.3650,0.3660,42567114.3,16208098.22748,82849,7836458.03405
1658793600000,0.3660,0.3691,0.3536,0.3683,35288560.2,12704419.00169,75978,6230909.06551
1658880000000,0.3684,0.3977,0.3624,0.3971,44979714.2,16941166.55612,90602,8212850.44138
1658966400000,0.3971,0.4226,0.3872,0.4137,54565613.3,22039549.42036,100921,10682130.70426
1659052800000,0.4137,0.4383,0.4078,0.4260,66991587.9,28343867.70651,128706,14164100.68153
1659139200000,0.4258,0.4479,0.4157,0.4203,56107283.9,24375170.64398,109397,11602116.78074
1659225600000,0.4202,0.4654,0.4164,0.4323,74794385.0,33403494.20657,144833,15725088.36709
1659312000000,0.4324,0.4595,0.4295,0.4441,55384150.8,24613273.74512,110552,11445438.31892
1659398400000,0.4442,0.4565,0.4167,0.4237,50439549.7,21795439.19690,104774,10285227.54788
1659484800000,0.4236,0.4402,0.4116,0.4194,40530851.8,17432707.12074,84141,8109999.45505
1659571200000,0.4195,0.4332,0.4168,0.4272,42803793.6,18188545.92019,83021,8589534.82649
1659657600000,0.4273,0.4508,0.4267,0.4501,39841952.7,17610622.79769,82729,8588908.84583
1659744000000,0.4501,0.4872,0.4463,0.4693,149383176.9,70887033.18784,219405,34110975.23098
1659830400000,0.4692,0.4723,0.4567,0.4651,60227524.1,28054718.75816,108235,13434529.09933
1659916800000,0.4650,0.4880,0.4637,0.4736,60254435.5,28802398.13619,112407,13626702.47860
1660003200000,0.4737,0.4824,0.4381,0.4472,62572762.2,28705729.05705,112094,13264657.75009
1660089600000,0.4473,0.4695,0.4337,0.4681,60150021.8,27366003.80984,109280,12998666.70024
1660176000000,0.4680,0.5059,0.4679,0.4795,76432736.8,36887429.92930,139366,17771002.84888
1660262400000,0.4795,0.5033,0.4679,0.5013,75307830.8,36837662.53116,136273,18049603.51559
1660348800000,0.5012,0.5173,0.4872,0.5070,89442669.3,45194395.40946,156998,21783132.13540
1660435200000,0.5070,0.5123,0.4819,0.4904,56042238.3,28022841.19157,116563,13445171.17741
1660521600000,0.4904,0.5209,0.4841,0.4999,95116193.7,47664978.64128,174112,23040188.31943
1660608000000,0.4999,0.5054,0.4741,0.4819,62931670.6,30534571.53952,123424,14551399.78192
1660694400000,0.4819,0.4962,0.4525,0.4569,56712758.6,26760257.50132,120905,12573698.56093
1660780800000,0.4569,0.4612,0.4263,0.4332,45826804.8,20658699.65582,92988,9724210.09239
1660867200000,0.4332,0.4338,0.3786,0.3828,81011072.7,32578557.91343,137675,15330216.11509
1660953600000,0.3831,0.4008,0.3791,0.3878,51092858.4,19931866.54130,94908,9803835.36031
1661040000000,0.3878,0.4027,0.3865,0.3972,42819507.1,16946449.73698,76434,8460362.36949
1661126400000,0.3971,0.3978,0.3689,0.3970,56087480.8,21451146.01108,96680,10169074.82067
1661212800000,0.3970,0.4111,0.3853,0.4061,60024906.1,24047722.93596,99296,11544446.28145
1661299200000,0.4061,0.4183,0.3931,0.4053,84109149.1,34145071.07769,129095,16577390.34648
1661385600000,0.4053,0.4161,0.4004,0.4072,45706419.0,18713439.99762,80918,9377304.51590
1661472000000,0.4072,0.4092,0.3602,0.3659,72741797.0,28301129.20054,118603,13656986.70579
1661558400000,0.3659,0.3668,0.3549,0.3611,37441889.8,13550163.51861,72865,6640286.84673
1661644800000,0.3611,0.3723,0.3552,0.3569,44284278.3,16156134.27414,84123,7512661.70651
1661731200000,0.3569,0.3784,0.3540,0.3774,58008830.1,21311823.50553,94120,10200511.99062
1661817600000,0.3773,0.3827,0.3593,0.3662,58019697.1,21602621.66216,92828,10579296.13991
1661904000000,0.3663,0.3815,0.3658,0.3674,44044531.3,16477063.27411,76770,8117712.16140
1661990400000,0.3674,0.3760,0.3578,0.3754,41878524.9,15354102.07789,74496,7369224.97239
1662076800000,0.3754,0.3838,0.3661,0.3713,47502729.1,17886482.32365,78812,8773472.70259
1662163200000,0.3713,0.3752,0.3664,0.3727,19450465.3,7220473.55947,41405,3524122.53545
1662249600000,0.3727,0.3833,0.3700,0.3833,25835383.0,9757151.92572,46704,4342211.84930
1662336000000,0.3833,0.3858,0.3661,0.3749,40011510.8,14916240.00173,67619,7078183.90768
1662422400000,0.3749,0.3877,0.3414,0.3428,85648213.5,31437865.44293,125073,15129460.98609
1662508800000,0.3427,0.3587,0.3357,0.3558,50304519.5,17431145.00965,83067,8513590.61600
1662595200000,0.3558,0.3689,0.3502,0.3681,48788300.2,17498561.33193,80648,8999170.23941
1662681600000,0.3682,0.3920,0.3667,0.3864,61939771.3,23599930.86879,103501,11785495.75201
1662768000000,0.3865,0.3936,0.3812,0.3889,38888632.7,15060484.28328,73053,7666123.55692
1662854400000,0.3889,0.3947,0.3786,0.3869,31972334.9,12388728.08677,61754,6120458.05560
1662940800000,0.3867,0.4000,0.3803,0.3909,46969545.5,18383340.18028,83214,9071021.77748
1663027200000,0.3909,0.3995,0.3508,0.3525,65430070.0,24628918.83403,107958,11882946.59244
1663113600000,0.3525,0.3610,0.3465,0.3579,38700416.2,13744831.30010,67100,6482701.33627
1663200000000,0.3577,0.3586,0.3393,0.3420,47369503.7,16504385.07703,77046,8027442.53105
1663286400000,0.3420,0.3481,0.3375,0.3470,35763219.3,12268068.69930,58549,5877727.99755
1663372800000,0.3469,0.3585,0.3465,0.3573,21223717.2,7480849.72367,37670,3766409.39374
1663459200000,0.3573,0.3584,0.3160,0.3267,39641736.0,13451242.79146,62731,6346860.66870
1663545600000,0.3268,0.3332,0.3175,0.3301,57038198.7,18524620.70433,76560,9224547.64479
1663632000000,0.3300,0.3488,0.3247,0.3334,84664480.2,28298829.17150,110705,14020120.26990
1663718400000,0.3334,0.3488,0.3169,0.3209,74112296.6,24673332.09076,108675,12221434.20122
1663804800000,0.3209,0.3486,0.3202,0.3447,48879208.2,16342694.39110,72511,7868342.93604
1663891200000,0.3447,0.3602,0.3330,0.3565,72928867.0,25278793.61174,102208,12212223.00433
1663977600000,0.3566,0.3636,0.3439,0.3455,43057628.9,15330057.08021,73863,7257631.87739
1664064000000,0.3456,0.3518,0.3358,0.3401,25509482.2,8806028.26334,48506,4215560.83037
1664150400000,0.3400,0.3496,0.3331,0.3481,50385120.1,17243905.31896,75931,8577425.78293
1664236800000,0.3482,0.3645,0.3436,0.3520,52985052.0,18779442.63409,80015,9129510.86130
1664323200000,0.3520,0.3575,0.3341,0.3544,51718024.3,17830549.16548,78481,8303611.98568
1664409600000,0.3545,0.3598,0.3451,0.3561,50322250.0,17694587.78598,75787,8534933.38508
1664496000000,0.3561,0.3609,0.3486,0.3550,33261296.3,11811255.34273,54055,5842239.77658
1664582400000,0.3551,0.3640,0.3450,0.3491,39366221.7,13991516.51316,58457,6767038.38911
1664668800000,0.3491,0.3531,0.3394,0.3411,24540577.7,8488261.21701,42388,4038398.59374
1664755200000,0.3412,0.3563,0.3363,0.3546,28299192.8,9848767.43069,46805,4950684.74061
1664841600000,0.3546,0.3634,0.3524,0.3609,28486897.3,10214960.82919,48697,5167047.05051
1664928000000,0.3609,0.3614,0.3514,0.3571,25652324.9,9146688.23648,44641,4512283.38622
1665014400000,0.3570,0.3611,0.3489,0.3510,31541954.9,11193946.05844,52971,5217215.16285
1665100800000,0.3510,0.3523,0.3428,0.3492,25283504.8,8813146.89064,47575,4001584.64703
1665187200000,0.3492,0.3526,0.3447,0.3468,13373235.7,4677926.82480,29933,2317647.88446
1665273600000,0.3468,0.3503,0.3465,0.3493,11512091.1,4011624.10324,26559,1958074.33708
1665360000000,0.3493,0.3532,0.3354,0.3359,25176434.4,8692163.99510,47513,4032310.74629
1665446400000,0.3359,0.3360,0.3224,0.3244,37607918.8,12343554.24443,57904,5853124.35772
1665532800000,0.3243,0.3267,0.3195,0.3202,33579782.5,10858883.40577,52407,4970970.36543
1665619200000,0.3203,0.3207,0.2901,0.3114,79562323.9,24253468.64902,105367,11864363.55861
1665705600000,0.3114,0.3222,0.3056,0.3099,31196494.5,9829361.00073,48080,4754362.17937
1665792000000,0.3100,0.3143,0.3070,0.3104,19044311.8,5929056.16530,32096,2852823.10922
1665878400000,0.3103,0.3193,0.3099,0.3149,18684994.8,5882037.68456,32047,2808363.41613
1665964800000,0.3148,0.3231,0.3118,0.3198,23973819.4,7620449.30224,35835,3771548.71598
1666051200000,0.3198,0.3236,0.3102,0.3164,32949693.2,10456110.19930,50050,5173760.22192
1666137600000,0.3164,0.3174,0.3041,0.3069,32365346.5,10076208.70874,47846,4699427.45736
1666224000000,0.3070,0.3129,0.3015,0.3047,31406900.8,9649713.79467,45840,4663202.83081
1666310400000,0.3047,0.3095,0.2942,0.3082,34000607.6,10272110.99477,48347,4830706.00316
1666396800000,0.3083,0.3125,0.3052,0.3110,16670043.9,5149453.53212,30422,2571039.63960
1666483200000,0.3109,0.3184,0.3050,0.3173,20028377.4,6238856.55678,35665,3047962.69900
1666569600000,0.3173,0.3183,0.3041,0.3082,32125390.3,9960916.73068,53384,4731444.34948
1666656000000,0.3082,0.3296,0.3072,0.3211,52848679.0,16796885.27287,80702,8516995.74243
1666742400000,0.3211,0.3298,0.3202,0.3257,36282074.6,11817780.63467,59564,5714554.86658
1666828800000,0.3258,0.3352,0.3200,0.3222,37566137.5,12297826.00219,63266,5954348.62376
1666915200000,0.3222,0.3336,0.3172,0.3305,33346701.2,10833367.49976,58756,5149536.47765
1667001600000,0.3305,0.3408,0.3282,0.3363,45229720.6,15089006.10870,74672,7573435.91035
1667088000000,0.3363,0.3415,0.3237,0.3280,31839408.5,10637167.93076,58844,5026087.69137
1667174400000,0.3281,0.3334,0.3231,0.3286,47731451.7,15650233.83308,72720,7536392.99565
1667260800000,0.3287,0.3334,0.3226,0.3279,44246449.4,14542155.66720,64213,6977952.84464
1667347200000,0.3280,0.3287,0.3077,0.3134,52988309.5,16917704.13166,81416,8147950.62349
1667433600000,0.3133,0.3300,0.3125,0.3235,42008505.8,13589173.21556,72631,6664201.93365
1667520000000,0.3235,0.3449,0.3215,0.3430,50290194.0,16843069.09635,77404,8185355.69119
1667606400000,0.3430,0.3523,0.3398,0.3453,47073114.7,16343622.38612,75829,7883985.19975
1667692800000,0.3454,0.3490,0.3240,0.3245,37984860.5,12929181.10099,70163,6217644.56306
1667779200000,0.3244,0.3303,0.3122,0.3186,40311512.8,13016052.12099,73412,6188764.71442
1667865600000,0.3187,0.3221,0.2355,0.2560,167883434.4,47545560.50070,230467,22655549.26887
1667952000000,0.2560,0.2575,0.2012,0.2065,154438132.1,35938876.89857,190417,17455709.08793
1668038400000,0.2066,0.2517,0.2030,0.2416,118734553.0,27258283.36048,155531,13689207.68311
1668124800000,0.2417,0.2444,0.2208,0.2298,65091548.5,15112690.86358,94178,7324460.51516
1668211200000,0.2299,0.2303,0.2158,0.2196,38690784.4,8581945.42304,61490,4289602.92192
1668297600000,0.2196,0.2554,0.2138,0.2428,251075502.0,59354276.98639,250201,29810804.46651
1668384000000,0.2430,0.3000,0.2204,0.2825,665261769.1,176986315.90072,617764,87494308.92453
1668470400000,0.2826,0.2963,0.2585,0.2611,581570976.0,162490274.81235,532691,79830781.49392
1668556800000,0.2610,0.2667,0.2473,0.2493,202401246.4,51893908.49739,188686,25311828.68491
1668643200000,0.2492,0.2527,0.2380,0.2419,94589072.2,23208837.68971,102601,11073717.88118
1668729600000,0.2419,0.2511,0.2360,0.2387,86387868.6,21052424.71499,90076,10222611.46967
1668816000000,0.2387,0.2391,0.2300,0.2364,54067328.5,12725150.54273,63339,6024114.46620
1668902400000,0.2363,0.2457,0.2230,0.2256,105916309.5,24975442.21177,110502,11654146.72774
1668988800000,0.2256,0.2304,0.2086,0.2151,123471093.3,27335352.21245,134566,13611326.37285
1669075200000,0.2150,0.2231,0.2078,0.2230,62678915.4,13522846.89894,80058,6648698.78493
1669161600000,0.2230,0.2366,0.2216,0.2357,67934501.8,15634510.44832,84069,7273067.61433
1669248000000,0.2357,0.2414,0.2312,0.2345,48477109.6,11427266.32852,66119,5290426.01761
1669334400000,0.2344,0.2412,0.2281,0.2377,52972905.3,12430818.35809,77075,6078651.06413
1669420800000,0.2377,0.2463,0.2358,0.2371,54392536.7,13100940.98043,72766,6418751.81360
1669507200000,0.2371,0.2465,0.2356,0.2378,50210792.3,12141844.80689,73351,6222999.11953
1669593600000,0.2377,0.2434,0.2263,0.2433,71034871.4,16690653.70199,98365,8480767.87976
1669680000000,0.2431,0.2438,0.2368,0.2404,65874869.5,15843996.50253,87289,7775294.18865
1669766400000,0.2402,0.2485,0.2385,0.2471,43989412.5,10746835.55658,71310,5251570.47326
1669852800000,0.2471,0.2496,0.2423,0.2464,31654096.2,7788780.32408,55718,3762552.81016
1669939200000,0.2464,0.2625,0.2438,0.2546,103652315.1,26323516.05681,124087,13331393.57673
1670025600000,0.2546,0.2566,0.2469,0.2475,60354380.8,15266727.43654,77745,7549932.26858
1670112000000,0.2476,0.2544,0.2445,0.2509,32759273.8,8146542.07792,52859,3883315.29299
1670198400000,0.2508,0.2547,0.2462,0.2477,31885398.4,8004070.78014,57874,3697880.57349
1670284800000,0.2477,0.2547,0.2452,0.2535,41837872.9,10434910.66340,58934,5080651.58906
1670371200000,0.2535,0.2547,0.2402,0.2434,46179812.7,11361512.03929,64145,5184633.84341
1670457600000,0.2434,0.2468,0.2383,0.2450,31222087.0,7583147.28649,47817,3756932.89421
1670544000000,0.2450,0.2470,0.2418,0.2430,21660028.3,5293317.62497,34234,2630029.76308
1670630400000,0.2431,0.2489,0.2429,0.2488,24674385.3,6083092.81237,37638,2976465.34868
1670716800000,0.2487,0.2546,0.2443,0.2455,39212648.4,9785330.46467,54818,4734193.67175
1670803200000,0.2455,0.2455,0.2338,0.2413,43342888.7,10329052.20966,63913,4754504.25087
1670889600000,0.2413,0.2549,0.2298,0.2473,109592395.7,26706273.20879,126806,13401093.02490
1670976000000,0.2473,0.2571,0.2398,0.2436,48715068.0,12079086.03557,67290,5891896.36235
1671062400000,0.2435,0.2514,0.2356,0.2369,55355092.6,13466905.05849,76221,6411626.09272
1671148800000,0.2369,0.2395,0.2099,0.2161,54930184.9,12503392.32994,75851,6154777.65184
1671235200000,0.2161,0.2213,0.2054,0.2172,59418907.3,12689663.42794,66330,6308374.92609
1671321600000,0.2172,0.2216,0.2134,0.2159,38207367.1,8298501.16119,48156,4041072.89522
1671408000000,0.2158,0.2184,0.1976,0.2020,38730695.2,8101075.72487,49296,3671874.02002
1671494400000,0.2020,0.2121,0.2011,0.2111,31598990.5,6593290.79348,38901,3399850.88052
1671580800000,0.2110,0.2112,0.2053,0.2105,26160233.0,5450242.26538,34605,2645221.94452
1671667200000,0.2104,0.2219,0.2082,0.2142,157238857.5,33763664.27103,133144,16890518.08073
1671753600000,0.2143,0.2170,0.2127,0.2144,41004132.2,8815564.88008,50716,4327594.07366
1671840000000,0.2143,0.2162,0.2131,0.2146,17188443.8,3688055.54560,26029,1763928.06650
1671926400000,0.2147,0.2153,0.2088,0.2121,25027418.3,5299676.31209,33964,2573807.26610
1672012800000,0.2121,0.2171,0.2114,0.2168,17739645.5,3796055.92557,27011,1825569.18443
1672099200000,0.2168,0.2179,0.2108,0.2155,23847763.5,5124400.98989,30062,2346716.37199
1672185600000,0.2156,0.2159,0.2058,0.2103,34875696.3,7348516.72514,43252,3466487.97156
1672272000000,0.2103,0.2113,0.1998,0.2035,37359538.6,7711796.57630,43265,3772300.33520
1672358400000,0.2035,0.2042,0.1958,0.1961,61167875.6,12249843.32632,58803,5751326.58430
1672444800000,0.1962,0.2051,0.1956,0.2015,67578965.8,13578738.85346,60909,7360198.40272
1672531200000,0.2015,0.2035,0.2000,0.2021,20650724.0,4163473.34269,29833,2007349.62813
1672617600000,0.2022,0.2062,0.1988,0.2046,34049215.1,6921517.19036,40039,3409993.83810
1672704000000,0.2046,0.2066,0.2025,0.2056,27624291.1,5651869.50442,31869,2661619.06254
1672790400000,0.2057,0.2120,0.2057,0.2093,36886718.2,7719299.56309,41446,3611850.62117
1672876800000,0.2094,0.2121,0.2069,0.2102,36084725.9,7577904.39541,42268,3621068.90166
1672963200000,0.2103,0.2132,0.2042,0.2126,44828629.7,9339018.21603,54053,4601437.20396
1673049600000,0.2126,0.2146,0.2105,0.2119,22319193.1,4742728.45011,31777,2330369.07081
1673136000000,0.2120,0.2195,0.2093,0.2190,35541144.1,7588636.52833,40499,3778516.43691
1673222400000,0.2189,0.2298,0.2175,0.2244,62133988.6,13906617.10756,70335,6791536.96765
1673308800000,0.2243,0.2539,0.2208,0.2338,217105162.8,51896792.18397,175065,25090524.88245
1673395200000,0.2338,0.2386,0.2251,0.2383,78610320.2,18114008.66354,85090,8933440.60367
1673481600000,0.2383,0.2436,0.2289,0.2425,93304473.8,22121862.65415,95672,10529049.49048
1673568000000,0.2425,0.2527,0.2410,0.2505,61287902.5,15073897.56092,74670,7379758.79129
1673654400000,0.2505,0.2714,0.2470,0.2611,121322035.5,31562337.09959,130438,15471703.29717
1673740800000,0.2612,0.2683,0.2516,0.2655,80326603.3,21035437.01467,92930,10638800.43428
1673827200000,0.2656,0.2724,0.2551,0.2632,63877668.9,16845932.37275,87102,8151538.02238
1673913600000,0.2633,0.2678,0.2575,0.2629,45457539.4,11980269.16960,69316,5889206.47843
1674000000000,0.2630,0.2820,0.2478,0.2510,209068562.1,55910041.00163,219088,27043337.57220
1674086400000,0.2510,0.2598,0.2501,0.2568,53792101.3,13753678.86086,78790,6882845.44315
1674172800000,0.2569,0.2797,0.2505,0.2783,72735391.2,19011265.83926,86513,9335069.17038
1674259200000,0.2783,0.2847,0.2721,0.2737,74101249.9,20724886.31900,94611,10183369.52512
1674345600000,0.2738,0.2883,0.2730,0.2777,75462281.4,21133999.82999,91969,10346256.42331
1674432000000,0.2777,0.2911,0.2776,0.2889,81108585.9,23152023.26735,104170,11439150.87784
1674518400000,0.2890,0.3280,0.2763,0.2807,191984760.4,57655341.49746,228467,27838630.09241
1674604800000,0.2807,0.2938,0.2728,0.2882,68100813.5,19216377.37501,98622,9497118.65700
1674691200000,0.2883,0.3064,0.2867,0.2917,103615647.3,30583306.75066,131447,15457578.44835
1674777600000,0.2917,0.3035,0.2828,0.3027,59567179.1,17557335.24387,97967,8422196.75775
1674864000000,0.3026,0.3047,0.2891,0.2936,36697666.6,10911584.82948,60621,5151296.99630
1674950400000,0.2936,0.3036,0.2901,0.3017,42960738.4,12780183.60736,69044,6201149.96759
1675036800000,0.3017,0.3042,0.2688,0.2786,70945999.8,20457260.13158,110333,9586514.53093
1675123200000,0.2787,0.2871,0.2757,0.2828,54260353.8,15296625.21882,92696,7730725.87390
1675209600000,0.2828,0.2959,0.2682,0.2924,97505592.3,27471771.77854,148241,13330090.73462
1675296000000,0.2925,0.3098,0.2923,0.2964,82106835.6,24851923.13981,128984,12328206.24710
1675382400000,0.2964,0.3139,0.2941,0.3131,45181280.2,13725934.31894,86647,6554164.36476
1675468800000,0.3131,0.3238,0.3081,0.3192,44498817.5,14045174.72647,78013,6909656.32702
1675555200000,0.3191,0.3303,0.2959,0.3050,74278689.7,23221660.64034,117689,11390911.13150
1675641600000,0.3050,0.3167,0.3026,0.3070,56384854.7,17562461.16334,105747,8560746.01678
1675728000000,0.3070,0.3255,0.3032,0.3244,61887658.4,19595297.55565,114449,9725553.32717
1675814400000,0.3243,0.3298,0.3038,0.3159,52182190.8,16607714.57830,99570,8123421.69589
1675900800000,0.3159,0.3189,0.2752,0.2826,85148032.5,25654836.66691,144975,12382143.10312
1675987200000,0.2826,0.2940,0.2762,0.2890,84892299.6,24283064.06580,130154,12115220.85304
1676073600000,0.2890,0.2926,0.2834,0.2903,25589378.7,7346737.11479,54548,3602047.43990
1676160000000,0.2904,0.3740,0.2872,0.3417,1172385405.9,411418074.75695,1028297,208940253.70636
1676246400000,0.3416,0.3700,0.3203,0.3300,1060035545.7,360384415.72954,1070915,181679319.52150
1676332800000,0.3300,0.3380,0.3203,0.3324,269878412.0,88788237.93095,330774,44115973.10480
1676419200000,0.3323,0.3471,0.3259,0.3469,177365331.6,59229539.85946,250933,29570404.27984
1676505600000,0.3469,0.3568,0.3196,0.3215,183553398.9,62505724.34006,253988,30506537.84468
1676592000000,0.3214,0.3430,0.3183,0.3366,99833884.8,33069865.12528,155481,15844083.47155
1676678400000,0.3365,0.3409,0.3305,0.3343,39336509.3,13202615.19303,83880,6420218.47388
1676764800000,0.3343,0.3558,0.3316,0.3465,117506563.9,40504225.60291,176963,19554146.60774
1676851200000,0.3466,0.3622,0.3300,0.3613,97440736.7,34310746.96591,162737,16760335.71795
1676937600000,0.3613,0.3684,0.3372,0.3458,111000431.1,39112529.39105,183277,18770499.97575
1677024000000,0.3457,0.3483,0.3250,0.3368,83528559.4,27888582.17219,153637,13542073.52349
1677110400000,0.3368,0.3443,0.3281,0.3346,65068793.2,21964344.19041,111164,11023117.29139
1677196800000,0.3347,0.3430,0.3150,0.3230,77016040.6,25309040.27837,132852,12378269.51154
1677283200000,0.3229,0.3268,0.3082,0.3177,52546846.7,16788560.63591,102141,7879414.62536
1677369600000,0.3177,0.3422,0.3148,0.3339,54840267.1,18103423.61488,106539,9143571.73728
1677456000000,0.3338,0.3374,0.3226,0.3278,66637111.9,21986089.18901,133146,10653653.60492
1677542400000,0.3278,0.3289,0.3099,0.3127,50749700.1,16274948.14636,105230,7689703.75644
1677628800000,0.3127,0.3321,0.3096,0.3284,55173332.7,17877708.00065,101507,8697304.17429
1677715200000,0.3283,0.3305,0.3104,0.3182,49324720.1,15650853.09642,91516,7325381.91753
1677801600000,0.3183,0.3188,0.2825,0.2931,92206727.8,27003117.44107,147286,12817584.37929
1677888000000,0.2932,0.2964,0.2797,0.2869,37342335.4,10783407.92489,71602,4892518.95144
1677974400000,0.2870,0.2925,0.2837,0.2856,33848923.6,9800081.75738,62069,4720772.44132
1678060800000,0.2857,0.2873,0.2740,0.2835,52219369.1,14637599.15084,89144,7093235.86568
1678147200000,0.2835,0.2877,0.2690,0.2766,46279685.7,12858920.14815,85670,5878032.78983
1678233600000,0.2767,0.2777,0.2534,0.2581,50466047.4,13408805.24207,86830,6364758.65644
1678320000000,0.2580,0.2661,0.2354,0.2400,70044911.8,17730049.18823,110515,8575942.17346
1678406400000,0.2399,0.2423,0.2247,0.2411,79089761.6,18593423.29505,117287,8981078.66952
1678492800000,0.2412,0.2479,0.2247,0.2344,62576306.3,14708786.49069,107584,7435785.63380
1678579200000,0.2344,0.2544,0.2301,0.2538,52436111.3,12556519.59446,89358,6107062.48177
1678665600000,0.2538,0.2716,0.2482,0.2688,65838804.5,17111674.04627,119677,8404503.24699
1678752000000,0.2689,0.2926,0.2623,0.2834,91637736.6,25544725.44737,167790,12684394.71368
1678838400000,0.2834,0.2892,0.2575,0.2638,72883216.9,19963210.21547,139139,9859019.93771
1678924800000,0.2637,0.2695,0.2582,0.2664,53600162.9,14190179.81026,106917,7080830.02455
1679011200000,0.2664,0.2920,0.2621,0.2915,51318524.5,14206869.32726,102065,6992787.60125
1679097600000,0.2914,0.3015,0.2824,0.2859,60456531.4,17737088.60446,113830,8625590.58449
1679184000000,0.2859,0.2997,0.2839,0.2963,46635600.3,13656312.13834,97434,7029342.10547
1679270400000,0.2963,0.3016,0.2760,0.2800,70456691.8,20382523.53416,169613,9888689.82956
1679356800000,0.2799,0.2857,0.2682,0.2800,70104116.5,19448523.89313,166720,9463272.19795
1679443200000,0.2800,0.2825,0.2572,0.2649,80554596.3,21951796.71988,182165,10868807.79678
1679529600000,0.2650,0.2814,0.2621,0.2792,34604533.7,9448458.51333,72225,4867659.01074
1679616000000,0.2793,0.2806,0.2639,0.2698,35052253.1,9530791.90348,109917,4576957.36596
1679702400000,0.2698,0.2708,0.2584,0.2644,27351940.5,7248536.27302,83163,3627044.11224
1679788800000,0.2645,0.2714,0.2616,0.2686,21611921.1,5776590.98629,56878,2801244.35928
1679875200000,0.2687,0.2699,0.2484,0.2560,44729529.4,11549663.87531,109798,5565214.20566
1679961600000,0.2561,0.2947,0.2517,0.2848,1065735203.8,302473038.23720,934884,157112939.95122
1680048000000,0.2847,0.4970,0.2846,0.4847,3700573350.9,1514683008.11955,3099526,785060126.96545
1680134400000,0.4848,0.5950,0.4521,0.4649,3580624935.1,1785755854.07860,3357312,908250750.53286
1680220800000,0.4648,0.6900,0.4515,0.6562,4370237793.4,2582180948.20327,4712912,1329603330.27685
1680307200000,0.6562,0.7460,0.5898,0.7130,1819146939.0,1152457514.64451,2350644,581463871.37623
1680393600000,0.7132,0.7347,0.6530,0.7026,2234240856.0,1535304356.99952,2879198,773181071.94554
1680480000000,0.7029,0.9392,0.6471,0.9322,4283726939.6,3368692309.86842,5132726,1722265764.17450
1680566400000,0.9323,0.9326,0.7752,0.8135,1665573286.1,1373270294.70533,2379858,671499858.75293
1680652800000,0.8134,0.8394,0.7254,0.7391,920008111.3,721663535.36825,1461914,349324263.45737
1680739200000,0.7390,0.7752,0.7030,0.7221,854764286.7,629401929.21446,1336974,312173109.49702
1680825600000,0.7220,0.7320,0.6713,0.6795,383545925.9,267087485.43121,680363,130711997.00899
1680912000000,0.6795,0.7269,0.6260,0.6347,511683596.2,347146379.31960,778790,169729808.61362
1680998400000,0.6347,0.6490,0.6100,0.6257,377486496.9,236569659.86716,568706,117888803.92991
1681084800000,0.6257,0.6571,0.6003,0.6465,434371782.7,270624283.37974,641270,135396035.03927
1681171200000,0.6466,0.6466,0.6065,0.6126,228182812.6,142029811.37590,381290,70715252.36870
1681257600000,0.6126,0.6127,0.5638,0.5798,337657890.2,196136685.92342,512779,96867912.35333
1681344000000,0.5798,0.5972,0.5725,0.5898,212757175.3,123928978.48324,354801,61668558.48212
1681430400000,0.5899,0.6884,0.5859,0.6500,750501038.3,484506795.84685,1108907,235995784.62560
1681516800000,0.6500,0.7220,0.6427,0.6809,631382444.9,436832628.82606,1032917,213741300.29522
1681603200000,0.6808,0.6910,0.6448,0.6682,253200193.0,168853961.03569,440641,81153087.79214
1681689600000,0.6682,0.6795,0.6259,0.6328,181881725.6,117173285.04942,366066,55399960.51838
1681776000000,0.6328,0.6423,0.6172,0.6338,139743190.2,88481692.53473,287218,41669170.80529
1681862400000,0.6338,0.6341,0.5635,0.5837,240414718.0,144122952.83596,441316,67924391.29707
1681948800000,0.5838,0.5939,0.5355,0.5479,186248027.6,104907192.01625,354023,51349678.79200
1682035200000,0.5479,0.5956,0.5139,0.5273,338457055.6,189414940.11282,644380,94916986.53787
1682121600000,0.5273,0.6350,0.5266,0.6296,472366134.7,275631294.39014,811931,138373021.10851
1682208000000,0.6297,0.6399,0.5525,0.5689,593208729.9,353826337.77521,921324,173083868.68851
1682294400000,0.5689,0.5765,0.5407,0.5483,224880668.1,124837115.91200,409392,60859158.89759
1682380800000,0.5482,0.5546,0.5221,0.5509,158023902.8,84709750.47101,320111,42673304.57502
1682467200000,0.5510,0.6317,0.5425,0.5770,644299183.9,383692455.59393,1053480,189421901.73513
1682553600000,0.5770,0.5978,0.5659,0.5815,257721718.1,149220865.03770,480935,73779914.66007
1682640000000,0.5815,0.5850,0.5500,0.5626,138270233.7,78405870.09509,276756,38197665.92084
1682726400000,0.5625,0.5690,0.5450,0.5549,83148046.2,46370938.20417,181063,22991600.78737
1682812800000,0.5549,0.5613,0.5435,0.5481,92936162.8,51360348.49310,194150,24972940.09600
1682899200000,0.5480,0.5491,0.5252,0.5400,113452258.3,60940767.83529,237661,29605861.82273
1682985600000,0.5399,0.5900,0.5354,0.5566,468717047.3,266060513.13561,782819,132874703.93121
1683072000000,0.5566,0.5600,0.5313,0.5539,167827452.8,91273800.04700,332927,43846877.23440
1683158400000,0.5538,0.5567,0.5292,0.5317,112321690.5,60878618.99871,229853,29182772.05054
1683244800000,0.5317,0.5461,0.5153,0.5443,123554718.0,65840507.39426,248168,31751973.16470
1683331200000,0.5444,0.5504,0.4891,0.4990,149549228.7,77825797.19936,275568,38204650.78900
1683417600000,0.4990,0.5048,0.4860,0.4893,88670388.1,44017660.42920,188576,21460008.69693
1683504000000,0.4893,0.4964,0.4318,0.4505,194349666.7,89733400.00664,378659,42626527.59515
1683590400000,0.4505,0.4542,0.4398,0.4423,76661685.2,34201798.04797,166886,17363611.23972
1683676800000,0.4424,0.4490,0.4134,0.4420,210517152.9,91139597.95601,378135,45369149.77309
1683763200000,0.4420,0.4421,0.4055,0.4162,149908575.6,62827424.26483,279678,31139626.63730
1683849600000,0.4162,0.4700,0.4123,0.4387,481623584.9,211688394.33222,821028,106027926.93083
1683936000000,0.4387,0.4412,0.4236,0.4293,131892202.1,56918894.76682,238970,29018735.99170
1684022400000,0.4293,0.4345,0.4177,0.4330,92207790.3,39320563.42953,172186,18970012.22261
1684108800000,0.4330,0.4421,0.4238,0.4285,101609666.4,44065558.29312,196755,21518531.62098
1684195200000,0.4284,0.4314,0.4179,0.4269,88909183.9,37789353.83767,170375,18881579.22815
1684281600000,0.4270,0.4444,0.4132,0.4385,129415598.2,55314281.94187,228424,26923393.39310
1684368000000,0.4386,0.4578,0.4190,0.4314,135855957.4,59294265.57824,241961,28822759.16236
1684454400000,0.4314,0.4444,0.4256,0.4389,80579782.1,35071366.96375,159734,17257686.92412
1684540800000,0.4389,0.4454,0.4328,0.4407,69824153.2,30606069.57822,129141,15490087.03450
1684627200000,0.4408,0.4417,0.4234,0.4256,52903970.7,22893390.40310,107517,10524186.29216
1684713600000,0.4255,0.4285,0.4160,0.4229,52870913.7,22357794.40286,111100,11061028.97708
1684800000000,0.4229,0.4343,0.4206,0.4257,62948061.3,26883587.84367,117493,13477310.58498
1684886400000,0.4256,0.4259,0.3865,0.3928,102426891.8,41303678.70043,171617,19205923.80551
1684972800000,0.3928,0.3946,0.3780,0.3856,84548159.2,32640558.64814,149133,16009686.75747
1685059200000,0.3855,0.3955,0.3803,0.3914,68054216.2,26401944.83028,137194,12933090.64544
1685145600000,0.3914,0.4007,0.3880,0.3988,43825052.3,17184854.12109,97532,8655411.58057
1685232000000,0.3988,0.4193,0.3957,0.4139,68889830.2,27876118.34714,135877,13883435.23529
1685318400000,0.4138,0.4146,0.4008,0.4033,58953045.1,23896771.95294,133119,11420807.07416
1685404800000,0.4033,0.4052,0.3983,0.4023,43256621.5,17371309.78814,106916,8786142.10046
1685491200000,0.4022,0.4425,0.4011,0.4162,499983455.7,211891027.95088,742879,103309620.39602
1685577600000,0.4163,0.4444,0.4093,0.4191,375561268.1,160566770.20478,526198,78854917.86259
1685664000000,0.4192,0.4395,0.4192,0.4340,199272233.8,85764904.39428,297205,41923883.39849
1685750400000,0.4340,0.4786,0.4264,0.4599,438870590.5,201126447.80715,587470,100409638.58521
1685836800000,0.4598,0.4695,0.4468,0.4496,238013612.3,108774271.11438,342798,52365310.84602
1685923200000,0.4496,0.4599,0.3850,0.3991,250012946.7,105567302.46930,351305,50666725.85171
1686009600000,0.3992,0.4145,0.3883,0.4124,152991956.2,61705715.88890,242991,30647963.29939
1686096000000,0.4125,0.4161,0.3839,0.3860,117827622.6,46928344.30831,221611,22976533.69741
1686182400000,0.3861,0.4010,0.3804,0.3878,92970828.0,36277066.52722,186932,17712750.70670
1686268800000,0.3877,0.4091,0.3831,0.3904,128302618.6,50733401.65217,245251,25052582.90000
1686355200000,0.3903,0.3926,0.2686,0.3222,283056970.1,92260517.90479,604617,43608362.01609
1686441600000,0.3223,0.3235,0.3091,0.3183,79303741.4,25139287.28124,150150,12260760.05317
1686528000000,0.3182,0.3207,0.3041,0.3149,84454870.5,26364668.17110,151710,13128707.32028
1686614400000,0.3148,0.3452,0.3148,0.3257,207556502.3,68252056.16016,307281,33439632.98240
1686700800000,0.3257,0.3396,0.3021,0.3146,204928161.7,66601612.07466,269393,32316661.78280
1686787200000,0.3146,0.3302,0.3074,0.3192,124425423.0,39385288.35313,185839,19766207.04161
1686873600000,0.3193,0.3249,0.3080,0.3217,73551239.2,23239416.25439,130587,11822659.25666
1686960000000,0.3217,0.3335,0.3207,0.3267,78501146.6,25698320.30638,133293,12670108.35821
1687046400000,0.3268,0.3619,0.3258,0.3439,560121540.6,195116977.89992,645683,95941428.20713
1687132800000,0.3440,0.3575,0.3424,0.3536,343743174.5,120901954.64411,368176,60508639.62026
1687219200000,0.3536,0.3608,0.3382,0.3602,170661855.9,59602999.59269,204514,29704712.61152
1687305600000,0.3602,0.3940,0.3571,0.3870,323672454.1,123620159.52206,365991,61363948.15424
1687392000000,0.3871,0.4098,0.3725,0.3797,264623820.2,103944972.71522,322322,51034591.64443
1687478400000,0.3798,0.3938,0.3760,0.3908,121909619.7,47037879.59814,206703,23044808.78668
1687564800000,0.3908,0.3969,0.3770,0.3854,147336478.3,57009647.68229,221033,28792820.13381
1687651200000,0.3854,0.3987,0.3790,0.3827,109213624.6,42432907.17689,177718,20816333.78424
1687737600000,0.3827,0.3843,0.3473,0.3637,155205801.3,57131327.66376,250921,27821828.61710
1687824000000,0.3638,0.3882,0.3632,0.3757,149135078.9,55823615.48922,255808,27905302.05666
1687910400000,0.3757,0.3880,0.3416,0.3496,194506730.4,71696256.47429,331814,34200829.26944
1687996800000,0.3496,0.3612,0.3439,0.3550,80551210.6,28482125.01631,165151,14608292.18702
1688083200000,0.3550,0.3683,0.3280,0.3583,192465149.1,67562865.52033,330180,33671468.50421
1688169600000,0.3582,0.3638,0.3430,0.3621,78182069.3,27605777.79901,164336,13758274.69242
1688256000000,0.3622,0.4070,0.3618,0.3801,533686337.9,205771770.35403,803122,101013014.08302
1688342400000,0.3801,0.3829,0.3713,0.3821,140258214.9,52888610.24416,236285,26031178.84878
1688428800000,0.3820,0.3827,0.3645,0.3699,90333087.4,33815008.11498,163967,15819433.17066
1688515200000,0.3700,0.4320,0.3625,0.4056,901950334.9,364380233.80084,1191425,181121901.09099
1688601600000,0.4057,0.4278,0.3711,0.3763,755181976.6,302957396.57228,1032647,148720279.43304
1688688000000,0.3763,0.4074,0.3730,0.3868,349112164.4,137015288.41521,500906,68820851.09012
1688774400000,0.3868,0.4067,0.3775,0.3866,159565088.1,62542306.07049,243508,31056860.23223
1688860800000,0.3866,0.3904,0.3755,0.3771,71307676.7,27249150.52473,130270,13017822.99920
1688947200000,0.3771,0.3798,0.3578,0.3729,119826908.5,44073959.71116,191513,22001024.13332
1689033600000,0.3729,0.3749,0.3641,0.3718,60313292.1,22274212.32446,113897,10907649.99016
1689120000000,0.3718,0.3775,0.3610,0.3668,68349201.9,25251140.76196,122376,12516501.41366
1689206400000,0.3669,0.3890,0.3585,0.3846,144757428.5,54400270.72026,231575,27184114.77775
1689292800000,0.3847,0.3923,0.3581,0.3708,148223902.1,56115772.28790,245374,27754456.76838
1689379200000,0.3709,0.3819,0.3662,0.3761,50924126.9,19026007.39588,112732,9443494.24724
1689465600000,0.3761,0.3778,0.3651,0.3695,47754502.0,17691515.59361,104659,8472697.69196
1689552000000,0.3694,0.3799,0.3635,0.3741,86600536.0,32206780.44774,171514,15616574.97186
1689638400000,0.3742,0.3838,0.3584,0.3664,91976535.4,34142042.63525,171183,16557533.48908
1689724800000,0.3665,0.3724,0.3606,0.3626,52488614.6,19196829.06711,118655,9331297.95742
1689811200000,0.3626,0.3705,0.3548,0.3611,63136807.1,22912066.37788,123021,11051983.25120
1689897600000,0.3611,0.3656,0.3574,0.3624,52990021.3,19151895.00860,94396,9871851.18004
1689984000000,0.3624,0.3689,0.3599,0.3637,45969909.5,16793075.71575,100436,8357938.62113
1690070400000,0.3638,0.3716,0.3599,0.3675,41876042.9,15358012.01901,84861,7618923.52546
1690156800000,0.3674,0.3679,0.3413,0.3435,74158597.2,26090034.25379,134540,12024716.80149
1690243200000,0.3436,0.3436,0.3333,0.3393,74677607.7,25147756.13869,122351,12305734.39672
1690329600000,0.3392,0.3454,0.3313,0.3413,59919271.2,20226719.17521,110669,10026080.82205
1690416000000,0.3414,0.3449,0.3352,0.3407,37900906.7,12914509.84401,75903,6207244.46740
1690502400000,0.3408,0.3492,0.3392,0.3457,34949060.4,12016241.95975,75155,5938547.94952
1690588800000,0.3458,0.3523,0.3436,0.3519,27049263.1,9408314.50370,63645,4534174.74672
1690675200000,0.3520,0.3521,0.3338,0.3415,40354488.1,13903145.85533,81363,6766504.16403
1690761600000,0.3415,0.3542,0.3396,0.3460,65323936.1,22671433.36686,107884,11381079.57379
1690848000000,0.3460,0.3461,0.3323,0.3460,65044724.5,22034047.84205,109372,10452782.27979
1690934400000,0.3460,0.3466,0.3294,0.3333,52620453.8,17732575.58598,93594,8487850.29730
1691020800000,0.3333,0.3356,0.3285,0.3314,36043816.0,11949485.28193,74866,5604767.19257
1691107200000,0.3314,0.3323,0.3240,0.3274,38914840.0,12791769.99215,74796,6100773.89064
1691193600000,0.3273,0.3281,0.3223,0.3275,25383377.7,8249167.43500,62853,4028408.07972
1691280000000,0.3276,0.3341,0.3249,0.3274,53411370.0,17603600.27245,94355,8789825.92813
1691366400000,0.3274,0.3300,0.3133,0.3229,55805951.9,18026481.41232,96513,8715776.48186
1691452800000,0.3230,0.3326,0.3183,0.3279,42479044.6,13795271.07271,71167,6820896.94675
1691539200000,0.3280,0.3342,0.3252,0.3289,41561163.8,13693827.63581,75286,6550422.90883
1691625600000,0.3289,0.3299,0.3234,0.3283,26757533.6,8749817.38263,54567,3951322.06270
1691712000000,0.3284,0.3308,0.3251,0.3286,22130213.3,7269161.41756,54202,3528054.18373
1691798400000,0.3286,0.3352,0.3277,0.3299,28202210.6,9358088.31026,57181,4453336.48361
1691884800000,0.3300,0.3363,0.3285,0.3292,33869616.3,11286724.60696,65531,5324273.76973
1691971200000,0.3293,0.3334,0.3219,0.3290,38728517.9,12692318.65919,78493,5916150.07778
1692057600000,0.3290,0.3299,0.2854,0.3108,65277079.4,20502020.65462,137507,9490469.61689
1692144000000,0.3107,0.3111,0.2746,0.2844,90422477.0,26318715.03548,147120,12272576.49169
1692230400000,0.2845,0.2877,0.2200,0.2500,142841001.3,37176522.22570,275296,17705299.75206
1692316800000,0.2500,0.2580,0.2460,0.2557,90492378.9,22867600.36994,122613,11542396.15826
1692403200000,0.2556,0.2633,0.2540,0.2606,37484042.5,9674116.97509,65876,4750938.20678
1692489600000,0.2606,0.2758,0.2601,0.2686,186746860.0,50184340.04725,221210,25316360.22331
1692576000000,0.2685,0.2686,0.2531,0.2627,97479077.8,25601232.97033,112723,12637128.79085
1692662400000,0.2626,0.2713,0.2470,0.2589,90921162.3,23515252.16020,114723,11805289.38378
1692748800000,0.2590,0.2715,0.2568,0.2708,57130383.3,15063063.06855,88554,7372689.67799
1692835200000,0.2708,0.2746,0.2664,0.2733,61057098.4,16510790.70949,91333,8298111.63062
1692921600000,0.2733,0.2735,0.2633,0.2686,63425219.0,16968070.13709,92282,8355771.63784
1693008000000,0.2686,0.2686,0.2633,0.2645,19520354.5,5197127.07646,38926,2508094.68309
1693094400000,0.2645,0.2676,0.2616,0.2663,26533963.9,7034180.98957,46870,3454027.42818
1693180800000,0.2663,0.2738,0.2572,0.2618,84585580.2,22407848.92321,111818,10643899.93556
1693267200000,0.2619,0.2766,0.2519,0.2750,91781474.5,24300647.27081,123239,12064836.25252
1693353600000,0.2749,0.2754,0.2647,0.2677,39800035.4,10724549.63836,66359,5273299.20249
1693440000000,0.2676,0.2695,0.2481,0.2514,61132683.3,15833233.95441,91236,7727600.25267
1693526400000,0.2514,0.2527,0.2419,0.2449,52532968.6,13010434.33359,76733,6236201.66764
1693612800000,0.2449,0.2483,0.2414,0.2481,35585224.7,8697121.71120,58352,4239202.43681
1693699200000,0.2482,0.2529,0.2456,0.2478,47173814.6,11732120.99507,69773,5652057.82890
1693785600000,0.2478,0.2518,0.2434,0.2467,38380082.5,9496193.51139,58852,4652323.46747
1693872000000,0.2468,0.2554,0.2428,0.2525,41545962.9,10366961.83704,67902,5229567.66546
1693958400000,0.2525,0.2549,0.2455,0.2531,42614639.8,10692843.19721,69003,5180490.19201
1694044800000,0.2531,0.2606,0.2479,0.2599,50699996.9,12890932.94911,74223,6431608.13173
1694131200000,0.2600,0.2677,0.2571,0.2633,80213746.1,20982496.04920,114976,9957409.19082
1694217600000,0.2633,0.2791,0.2629,0.2727,133113670.9,36115925.20311,168148,17808094.46784
1694304000000,0.2727,0.2728,0.2501,0.2550,77122019.0,19973953.39947,103632,9542848.52385
1694390400000,0.2550,0.2555,0.2387,0.2438,76722931.9,18885172.17249,117685,9076501.18325
1694476800000,0.2437,0.2547,0.2430,0.2445,50173597.9,12478859.48564,88814,6211112.74049
1694563200000,0.2444,0.2555,0.2433,0.2525,45771071.2,11474184.73053,78215,5835672.30738
1694649600000,0.2524,0.2591,0.2496,0.2567,44098320.1,11211442.51135,75186,5518848.96268
1694736000000,0.2567,0.2643,0.2529,0.2641,40782770.6,10485887.08387,78913,5182503.88107
1694822400000,0.2641,0.3262,0.2641,0.3061,908930303.2,276296855.61406,1021999,138180724.73281
1694908800000,0.3060,0.3061,0.2675,0.2691,288301404.1,82170340.20198,279174,39079363.17167
1694995200000,0.2692,0.2750,0.2620,0.2698,144248316.1,38778559.45094,159677,19566803.89456
1695081600000,0.2698,0.2755,0.2641,0.2726,77217154.1,20966338.54163,112741,10146488.80283
1695168000000,0.2726,0.2973,0.2705,0.2896,350229266.1,100631621.04922,357616,49023778.09455
1695254400000,0.2897,0.2897,0.2720,0.2769,123064147.9,34432099.44299,155151,16223004.75490
1695340800000,0.2770,0.2926,0.2751,0.2898,106202531.3,30213108.27748,149940,15207950.98804
1695427200000,0.2898,0.2964,0.2832,0.2922,77881763.1,22473787.15920,114135,11062433.14251
1695513600000,0.2923,0.3168,0.2854,0.2858,506454522.6,154247923.29757,496003,75991982.67183
1695600000000,0.2858,0.2860,0.2763,0.2822,158580281.4,44479958.72638,192813,21962250.85027
1695686400000,0.2823,0.2828,0.2722,0.2775,83418117.5,23235028.66680,102093,11400431.82300
1695772800000,0.2775,0.2969,0.2763,0.2888,235752963,68205544.39674,240961,33598442.96478
1695859200000,0.2888,0.2971,0.2857,0.2956,122365927.4,35718767.16146,127864,17817500.90836
1695945600000,0.2956,0.2962,0.2849,0.2909,84687097.3,24585161.78082,99873,11384601.04899
1696032000000,0.2910,0.2918,0.2864,0.2895,47871188.6,13840961.24171,64977,6773942.49393
1696118400000,0.2895,0.3005,0.2875,0.2979,74809187.3,21919783.04959,91308,10921681.04409
1696204800000,0.2979,0.2988,0.2700,0.2842,102300103.8,29633034.89682,113428,14403628.50703
1696291200000,0.2842,0.2874,0.2761,0.2767,73721300.2,20823192.43804,85005,10090267.77478
1696377600000,0.2767,0.2768,0.2660,0.2753,65354579.9,17791966.40648,86732,8807412.81250
1696464000000,0.2754,0.2774,0.2705,0.2749,42914648.4,11799637.18657,57996,5646804.72133
1696550400000,0.2750,0.2824,0.2742,0.2815,36956883.1,10265390.44379,52624,5062597.39163
1696636800000,0.2815,0.2982,0.2814,0.2889,131532155,38107474.14710,159055,19198513.87295
1696723200000,0.2888,0.2912,0.2802,0.2847,52248745.7,14851694.05784,69611,7125987.68521
1696809600000,0.2847,0.2848,0.2662,0.2726,64881451.5,17805021.21848,91266,7989040.09898
1696896000000,0.2726,0.2760,0.2694,0.2720,39698300.8,10805430.63933,62916,5437480.69902
1696982400000,0.2721,0.2730,0.2645,0.2695,40214864,10792472.51121,65409,5290938.74622
1697068800000,0.2695,0.2695,0.2578,0.2637,63581967.7,16633716.37379,83009,8067699.21611
1697155200000,0.2637,0.2676,0.2604,0.2647,34985070.9,9210786.51892,54031,4591505.86052
1697241600000,0.2646,0.2713,0.2632,0.2677,50482281.9,13512852.71160,76908,6950901.46853
1697328000000,0.2678,0.2702,0.2641,0.2680,39939649.3,10686737.74860,63145,5143088.64940
1697414400000,0.2681,0.2822,0.2666,0.2768,101289885.9,27925438.53342,120191,13920548.58275
1697500800000,0.2769,0.2877,0.2680,0.2786,115250549.6,32215278.99185,120768,15744260.85839
1697587200000,0.2786,0.2786,0.2628,0.2649,81179587.8,21786608.54395,94003,10342978.15577
1697673600000,0.2649,0.2655,0.2588,0.2630,59267034.1,15536753.23198,73220,7739588.59962
1697760000000,0.2630,0.2719,0.2602,0.2712,50568427.3,13502346.78724,72344,6765885.84542
1697846400000,0.2712,0.2825,0.2681,0.2793,45735251.7,12613055.21671,68250,6185629.48978
1697932800000,0.2793,0.2823,0.2725,0.2823,45338442.3,12566491.84802,70446,6180061.65690
1698019200000,0.2823,0.2960,0.2781,0.2943,76893877.2,21967833.86982,116207,10839516.60556
1698105600000,0.2943,0.3033,0.2853,0.2962,105750800.4,31191571.31729,157246,15137940.64069
1698192000000,0.2962,0.3033,0.2892,0.2981,69397821.5,20587308.26845,106745,9893715.67242
1698278400000,0.2982,0.3058,0.2817,0.2933,99910257.3,29482978.51276,153899,13983554.05704
1698364800000,0.2934,0.3033,0.2905,0.2965,83390434,24751751.45856,135018,12067996.24189
1698451200000,0.2965,0.3082,0.2939,0.3068,43665952.6,13209893.52142,70647,6447107.42928
1698537600000,0.3069,0.3129,0.2995,0.3112,49137681,15083477.46064,78228,7256850.85490
1698624000000,0.3113,0.3146,0.3031,0.3141,51811162.3,16017127.98019,87173,7600307.46193
1698710400000,0.3140,0.3167,0.2912,0.3091,66414509.7,20296366.93590,115048,9481026.71057
1698796800000,0.3091,0.3163,0.2964,0.3161,60601116.7,18509302.46426,106337,8926799.20980
1698883200000,0.3162,0.3502,0.3134,0.3221,169402472.5,55583738.43382,253098,26989270.60333
1698969600000,0.3222,0.3403,0.3208,0.3356,212015616.7,70336498.03096,364841,34134313.96860
1699056000000,0.3356,0.3402,0.3291,0.3398,51924789.1,17365875.69594,104863,8797336.12144
1699142400000,0.3399,0.3448,0.3269,0.3374,67200581.9,22662793.88095,118321,10884582.92727
1699228800000,0.3374,0.3562,0.3346,0.3536,69678224,24013299.17631,126946,11694679.56012
1699315200000,0.3536,0.3606,0.3287,0.3519,119160376,41291888.44621,203856,19682692.31210
1699401600000,0.3519,0.3623,0.3462,0.3582,84978458.6,30158611.37002,148027,15160706.95977
1699488000000,0.3582,0.3705,0.3044,0.3677,158601344.8,55415539.76472,310981,26407102.27789
1699574400000,0.3677,0.3912,0.3552,0.3759,144407734.7,53778778.05563,282577,26097602.21084
1699660800000,0.3760,0.3814,0.3593,0.3730,88332965.5,32815829.03121,189518,15706910.12897
1699747200000,0.3730,0.3808,0.3527,0.3751,71149705.6,26229749.55262,158904,12503155.40460
1699833600000,0.3751,0.3980,0.3621,0.3660,151196338.4,57257099.31031,294352,27778859.45582
1699920000000,0.3660,0.3691,0.3300,0.3489,90982515.3,32283143.39899,177910,15151075.04780
1700006400000,0.3489,0.3880,0.3471,0.3819,127538615.2,47160099.60671,217680,23726131.75269
1700092800000,0.3820,0.3875,0.3474,0.3545,110124098.4,40630089.83142,210287,19576436.23936
1700179200000,0.3545,0.3639,0.3380,0.3579,74798747.7,26445261.17584,140472,13057872.24033
1700265600000,0.3579,0.3587,0.3357,0.3523,58836937.9,20552101.64403,104926,10084839.35468
1700352000000,0.3523,0.3627,0.3406,0.3609,49190700.5,17314576.62829,85331,8428272.96714
1700438400000,0.3610,0.3774,0.3564,0.3659,78032921.1,28562852.50931,142278,13909601.51530
1700524800000,0.3659,0.3677,0.3170,0.3178,103029247.3,35445767.16149,176008,17042785.71541
1700611200000,0.3178,0.3421,0.3150,0.3396,68491675.9,22493981.88246,111068,11369011.63306
1700697600000,0.3397,0.3498,0.3375,0.3471,50223069.2,17306030.69479,102496,8286914.67634
1700784000000,0.3470,0.3536,0.3447,0.3499,38404911,13414204.37306,82429,6469705.68878
1700870400000,0.3500,0.3562,0.3472,0.3533,24696144,8681698.84485,63928,4138017.96946
1700956800000,0.3534,0.3544,0.3341,0.3441,38323719.4,13260594.09912,85614,6274833.87244
1701043200000,0.3442,0.3473,0.3256,0.3348,48777335.5,16353970.76427,96020,7955072.63836
1701129600000,0.3349,0.3429,0.3251,0.3392,37982573.3,12747792.36996,82823,6260989.51750
1701216000000,0.3392,0.3526,0.3338,0.3481,69783832.6,23974172.18002,138372,11979174.16199
1701302400000,0.3482,0.3581,0.3395,0.3438,90231819.9,31395371.03592,173819,15173192.17156
1701388800000,0.3439,0.3502,0.3416,0.3494,40918890.6,14217022.21569,79153,6719447.50623
1701475200000,0.3495,0.3627,0.3483,0.3582,38897573.9,13864724.66192,86543,6834328.11530
1701561600000,0.3581,0.3602,0.3484,0.3532,33055277.3,11689702.42552,78768,5577883.74013
1701648000000,0.3532,0.3666,0.3407,0.3659,73185017.6,26152227.16390,148466,12745176.99337
1701734400000,0.3660,0.3738,0.3588,0.3696,75273829.3,27588420.38623,142822,13748584.48599
1701820800000,0.3697,0.3795,0.3542,0.3749,96950459.4,35697416.37073,170264,17704100.75478
1701907200000,0.3749,0.4026,0.3610,0.3897,225700543.5,87000837.92050,416874,43025478.08255
1701993600000,0.3897,0.4260,0.3886,0.4129,143597829.2,58574908.64093,281533,29174157.03397
1702080000000,0.4130,0.4233,0.4002,0.4053,93120784.5,38288711.94337,188328,18904394.97885
1702166400000,0.4053,0.4085,0.3865,0.4010,49503454.7,19724474.33862,111760,9099644.55299
1702252800000,0.4010,0.4060,0.3311,0.3676,103425009.7,38126007.61236,252665,17598832.52357
1702339200000,0.3675,0.3794,0.3615,0.3760,57992604.2,21571540.17976,134291,10739082.43920
1702425600000,0.3760,0.3796,0.3538,0.3769,71033672.7,26057531.63199,149137,12389630.74636
1702512000000,0.3770,0.3884,0.3641,0.3859,68261833.8,25895792.94675,146395,12728979.87508
1702598400000,0.3859,0.3878,0.3723,0.3748,52199955.8,19842390.12455,120992,9287604.07608
1702684800000,0.3749,0.3955,0.3690,0.3887,64654900.8,25099368.23270,148546,12939939.66957
1702771200000,0.3886,0.3919,0.3757,0.3788,57700715.8,22229052.11836,130870,10670753.88093
1702857600000,0.3788,0.3831,0.3435,0.3734,76220402.1,27515689.47129,165577,13227657.16034
1702944000000,0.3734,0.3782,0.3582,0.3622,37688859.7,13872569.73235,93221,6584874.05933
1703030400000,0.3622,0.3995,0.3572,0.3821,73042278.5,27946995.97916,146506,13543688.74295
1703116800000,0.3822,0.3924,0.3772,0.3898,42841680.0,16467063.53586,95753,8071576.39007
1703203200000,0.3897,0.3993,0.3828,0.3986,47460928.3,18545679.49977,112887,9063530.48701
1703289600000,0.3987,0.4109,0.3837,0.4025,41329972.6,16281459.36891,95090,7899050.01349
1703376000000,0.4025,0.4068,0.3812,0.3919,58247907.6,23153732.09468,138796,11091690.74959
1703462400000,0.3918,0.4140,0.3864,0.4090,60486158.1,24487729.33033,141690,11820084.30807
1703548800000,0.4091,0.4415,0.3926,0.4319,152417520.9,63867893.73160,308710,30736461.06313
1703635200000,0.4320,0.4485,0.4152,0.4339,119644854.0,51552444.12633,285909,25208314.94449
1703721600000,0.4339,0.4393,0.4027,0.4113,73558315.5,30750710.18929,191297,14660713.48056
1703808000000,0.4113,0.4291,0.3926,0.4028,66660925.8,27516419.53715,190042,12857984.10598
1703894400000,0.4028,0.4051,0.3889,0.3949,27598662.1,10945043.94682,89303,5308207.57309
1703980800000,0.3949,0.4071,0.3859,0.3956,34870002.8,13947021.07940,115243,6609560.45188
1704067200000,0.3955,0.4300,0.3953,0.4243,121689358.4,51050263.42736,303665,24815473.73529
1704153600000,0.4244,0.4308,0.4132,0.4210,51578653.3,21777031.99227,150766,10176852.82778
1704240000000,0.4210,0.4363,0.3060,0.3771,116563004.7,44694502.09600,368362,20333581.93476
1704326400000,0.3771,0.3840,0.3665,0.3785,54939379.9,20647771.81880,155036,9868728.10356
1704412800000,0.3784,0.3798,0.3520,0.3685,45552109.7,16634089.05509,141483,8039150.16945
1704499200000,0.3685,0.3685,0.3393,0.3624,51878870.7,18372656.04810,141303,8933010.55722
1704585600000,0.3624,0.3877,0.3422,0.3467,106698322.7,39092588.83345,302189,19005855.78720
1704672000000,0.3468,0.3618,0.3189,0.3598,74327565.7,25293684.62365,194969,12206742.13809
1704758400000,0.3599,0.3605,0.3326,0.3478,62785872.3,21751765.98557,174727,10589702.44367
1704844800000,0.3478,0.3754,0.3326,0.3679,67745651.2,23749237.65874,190604,11758975.74885
1704931200000,0.3679,0.3839,0.3626,0.3764,57517257.7,21475802.40464,165524,10521293.71960
1705017600000,0.3765,0.3858,0.3454,0.3591,70935715.4,26263374.34601,188019,12853734.36000
1705104000000,0.3592,0.3640,0.3420,0.3611,30008464.3,10671951.81615,91703,5192342.66485
1705190400000,0.3610,0.3636,0.3456,0.3464,37262338.2,13259974.46055,105995,6549816.03733
1705276800000,0.3464,0.3580,0.3452,0.3534,39097810.5,13805981.23869,89966,6744707.25602
1705363200000,0.3534,0.3651,0.3510,0.3615,28433696.4,10194509.12928,81315,4905887.37184
1705449600000,0.3615,0.3660,0.3503,0.3581,24335523.0,8698276.31060,75948,4163412.64809
1705536000000,0.3582,0.3586,0.3312,0.3400,40831849.2,14095889.81982,93896,6697048.59792
1705622400000,0.3400,0.3440,0.3220,0.3387,45660196.7,15288164.80695,107085,7421456.44254
1705708800000,0.3387,0.3450,0.3348,0.3447,23222626.5,7882387.87098,60764,4012199.72906
1705795200000,0.3446,0.3469,0.3382,0.3391,20354465.4,6989139.27306,56195,3443918.93007
1705881600000,0.3392,0.3431,0.3145,0.3199,49676745.0,16269023.53375,114427,7852096.43856
1705968000000,0.3199,0.3259,0.2968,0.3126,54312109.2,16741053.30261,130136,8003541.67749
1706054400000,0.3127,0.3199,0.3089,0.3186,28332238.6,8902792.86394,72310,4474769.95876
1706140800000,0.3185,0.3263,0.3149,0.3204,35585858.9,11395823.44076,88510,5499829.72989
1706227200000,0.3204,0.3349,0.3161,0.3314,26351729.5,8591595.23003,63819,4206209.62531
1706313600000,0.3313,0.3369,0.3253,0.3321,18887755.5,6261918.97712,45779,3149767.01436
1706400000000,0.3321,0.3357,0.3212,0.3246,22969156.9,7549507.19052,55390,3633590.71187
1706486400000,0.3246,0.3332,0.3227,0.3324,23642031.5,7772599.30166,63473,3883006.30415
1706572800000,0.3325,0.3357,0.3221,0.3243,30570879.8,10082541.39535,70722,4893099.55896
1706659200000,0.3244,0.3268,0.3074,0.3116,52347778.8,16541997.68459,98916,8370102.59610
1706745600000,0.3117,0.3157,0.3037,0.3120,32869707.7,10139885.65974,69912,4961414.74102
1706832000000,0.3121,0.3142,0.3082,0.3128,22011648.1,6846015.84782,49947,3252264.60638
1706918400000,0.3129,0.3146,0.3083,0.3094,13682040.4,4259335.49793,35193,2060561.70791
1707004800000,0.3094,0.3095,0.3000,0.3007,19256896.6,5878483.70467,46671,2707589.65906
1707091200000,0.3006,0.3092,0.2967,0.3049,29494410.9,8977602.11374,55982,4269789.23036
1707177600000,0.3050,0.3096,0.3028,0.3059,26605270.2,8153571.29021,42473,4118009.05249
1707264000000,0.3058,0.3150,0.3024,0.3142,19020341.0,5863165.55339,44771,2782145.16586
1707350400000,0.3141,0.3178,0.3103,0.3144,19294036.6,6053571.75496,45124,2979675.77584
1707436800000,0.3143,0.3250,0.3142,0.3228,26365627.3,8464816.97502,54032,4061430.54899
1707523200000,0.3229,0.3284,0.3178,0.3254,25068754.0,8122424.05744,48314,3910936.81857
1707609600000,0.3253,0.3299,0.3235,0.3265,19506391.1,6380068.89696,41848,3001224.05121
1707696000000,0.3266,0.3366,0.3191,0.3342,31069089.6,10182898.22556,68000,5057780.24940
1707782400000,0.3341,0.3378,0.3171,0.3252,41578479.5,13572044.10640,79273,6462808.29024
1707868800000,0.3252,0.3373,0.3224,0.3337,29141689.1,9675143.54921,59273,4863188.42130
1707955200000,0.3338,0.3435,0.3304,0.3381,67219714.2,22697293.71328,112160,10820388.13135
1708041600000,0.3382,0.3498,0.3348,0.3429,47323244.8,16184960.94792,92249,7930900.84489
1708128000000,0.3430,0.3503,0.3313,0.3456,48095472.7,16429949.69749,93577,8040848.82152
1708214400000,0.3457,0.3561,0.3434,0.3510,45076639.9,15830341.06049,90432,7462622.56574
1708300800000,0.3510,0.3656,0.3494,0.3600,49985385.3,17871043.09073,97862,8730006.44936
1708387200000,0.3601,0.3660,0.3343,0.3538,84830543.6,29930112.92381,153612,13928325.62671
1708473600000,0.3539,0.3614,0.3310,0.3481,56911196.2,19661697.54055,124275,9254777.05344
1708560000000,0.3481,0.3564,0.3362,0.3475,42654973.0,14863827.19529,98034,7243997.43551
1708646400000,0.3475,0.3581,0.3407,0.3500,47967563.7,16752145.53321,127524,8364660.33669
1708732800000,0.3499,0.3640,0.3448,0.3620,37466124.7,13418109.30047,97321,6496652.57861
1708819200000,0.3620,0.3749,0.3572,0.3730,58947887.6,21702004.92973,131797,10785106.58774
1708905600000,0.3729,0.3801,0.3544,0.3770,60229771.8,22137458.58750,134685,10169944.42763
1708992000000,0.3770,0.3820,0.3685,0.3790,57429183.4,21636508.55598,135809,10398459.15457
1709078400000,0.3790,0.4039,0.3401,0.3861,123302927.3,47565379.51470,322344,22433427.84134
1709164800000,0.3862,0.4132,0.3801,0.3997,89794391.9,35896003.33627,247369,17605419.60537
1709251200000,0.3998,0.4332,0.3997,0.4301,74188663.7,30870940.93343,214820,14973173.53789
1709337600000,0.4301,0.4535,0.4210,0.4534,67789706.8,29525364.54416,189393,14162965.74465
1709424000000,0.4534,0.4534,0.3980,0.4412,67437289.1,29161443.41014,202700,14379250.15914
1709510400000,0.4413,0.5500,0.4413,0.4914,331610145.5,166071461.77121,979332,82007243.95865
1709596800000,0.4915,0.5012,0.3637,0.4296,222102109.7,101038031.78399,706984,47884827.04226
1709683200000,0.4295,0.4831,0.4267,0.4814,145526583.2,66610504.97436,422837,32563066.76517
1709769600000,0.4814,0.4987,0.4706,0.4948,78986707.5,38352789.07671,256336,18263142.94315
1709856000000,0.4947,0.4981,0.4468,0.4886,81549410.0,39269779.25492,240043,18328475.88881
1709942400000,0.4886,0.5157,0.4886,0.5026,62991500.7,31657780.89092,204871,16070851.95631
1710028800000,0.5027,0.5181,0.4779,0.4966,59367623.6,29684407.17450,204040,14456630.80301
1710115200000,0.4966,0.5500,0.4634,0.5315,109283746.5,56355932.08948,367291,27841944.08942
1710201600000,0.5316,0.5374,0.4800,0.5269,79025285.2,40461576.88121,281575,19632538.19676
1710288000000,0.5270,0.5714,0.5196,0.5546,103691340.4,56970112.99064,351004,27868725.43310
1710374400000,0.5545,0.5550,0.4930,0.5279,83069187.7,43681439.96734,276150,20700652.47890
1710460800000,0.5280,0.5347,0.4433,0.4857,106310985.4,50913859.42439,334424,24372696.25227
1710547200000,0.4857,0.4862,0.4253,0.4384,72451709.8,33143783.58170,238281,16046360.98113
1710633600000,0.4385,0.4510,0.4071,0.4469,67171641.3,29114886.51341,199439,13890601.92060
1710720000000,0.4472,0.4512,0.4108,0.4173,51575041.3,22140472.13066,170763,10737457.48000
1710806400000,0.4173,0.4224,0.3648,0.3804,102350210.0,39676587.64804,310315,18945344.57920
1710892800000,0.3803,0.4235,0.3645,0.4217,88053422.2,34576835.97237,262237,16840598.79609
1710979200000,0.4216,0.4294,0.4095,0.4222,49500817.7,20805532.97252,171349,10157547.03922
1711065600000,0.4222,0.4324,0.3948,0.4113,63065353.0,25970831.61208,192231,12586229.19478
1711152000000,0.4112,0.4255,0.4059,0.4167,31637017.9,13238538.92683,99378,6494107.14750
1711238400000,0.4168,0.4375,0.4163,0.4358,31542002.8,13416810.02433,101210,6469377.34039
1711324800000,0.4359,0.4846,0.4308,0.4726,144638837.9,66923432.81376,352627,32761110.35163
1711411200000,0.4727,0.5348,0.4710,0.5005,162557548.2,82415638.87244,393231,40247676.33089
1711497600000,0.5005,0.5038,0.4650,0.4833,76691414.3,37164194.07071,229137,17719792.70669
1711584000000,0.4833,0.5101,0.4680,0.4970,63567921.1,31264396.45355,181575,14958360.48838
1711670400000,0.4971,0.5185,0.4792,0.5113,55368793.4,27553780.77696,172467,13540297.19589
1711756800000,0.5113,0.5115,0.4841,0.4877,35368565.5,17596440.14294,110124,8044595.73926
1711843200000,0.4878,0.4970,0.4819,0.4961,24773644.6,12127312.74687,86913,5784400.45742
1711929600000,0.4961,0.4975,0.4501,0.4633,51274079.1,24018961.42228,180229,11581094.77513
1712016000000,0.4633,0.4635,0.4185,0.4262,59444603.2,25825959.28023,186966,12362072.99638
1712102400000,0.4266,0.4398,0.4101,0.4225,46178194.4,19814305.67348,151079,9866638.59807
1712188800000,0.4226,0.4563,0.4143,0.4471,37966482.7,16604467.80691,139389,8226501.51855
1712275200000,0.4471,0.4477,0.4189,0.4382,31880393.1,13841792.27740,118687,6750285.12207
1712361600000,0.4382,0.4485,0.4362,0.4439,14602996.0,6465097.40780,61691,3100272.59688
1712448000000,0.4440,0.4600,0.4424,0.4541,19273535.4,8723489.28499,75012,4336443.17080
1712534400000,0.4540,0.4789,0.4414,0.4737,31351867.8,14560810.58305,110536,7143185.77803
1712620800000,0.4737,0.4808,0.4537,0.4620,37537457.9,17536700.73987,126694,8526777.90208
1712707200000,0.4619,0.4652,0.4331,0.4558,39360262.2,17716036.33245,128057,8513842.63994
1712793600000,0.4558,0.4614,0.4434,0.4563,23280266.2,10532700.18642,89465,5304265.36647
1712880000000,0.4562,0.4784,0.3400,0.3897,159500007.6,68629123.98115,458788,32076124.61947
1712966400000,0.3896,0.3902,0.2804,0.3221,145986138.9,49822159.45083,374597,23594802.49826
1713052800000,0.3220,0.3489,0.3078,0.3446,107442846.3,35315107.11965,270212,17433013.61829
1713139200000,0.3446,0.3648,0.3185,0.3284,79000729.3,27082408.25575,208500,13349279.96029
1713225600000,0.3285,0.3405,0.3179,0.3335,75589550.0,24999395.20657,201523,12506513.52964
1713312000000,0.3335,0.3387,0.3141,0.3228,58123209.8,18965438.01789,159715,9385155.72846
1713398400000,0.3227,0.3368,0.3151,0.3332,56428288.3,18525415.41674,151217,9269417.84805
1713484800000,0.3332,0.3467,0.3073,0.3389,63154891.1,20972613.43331,190254,10213843.70133
1713571200000,0.3388,0.3675,0.3340,0.3652,34935678.8,12248581.30791,109422,5864771.12895
1713657600000,0.3651,0.3668,0.3525,0.3596,29738903.8,10724490.36285,101910,5476947.02855
1713744000000,0.3596,0.3759,0.3582,0.3727,34503161.1,12718745.03565,112525,6424292.44661
1713830400000,0.3726,0.3761,0.3634,0.3715,27841375.2,10283427.18626,94128,5024943.15169
1713916800000,0.3715,0.3888,0.3573,0.3615,51948971.9,19410952.63917,153922,9463553.41861
1714003200000,0.3616,0.3689,0.3484,0.3615,36761095.5,13178784.08836,115745,6386596.96027
1714089600000,0.3615,0.3623,0.3446,0.3510,29962057.1,10593162.35684,98950,5095953.24308
1714176000000,0.3511,0.3642,0.3352,0.3493,56561786.2,19880740.59854,129287,9817053.34699
1714262400000,0.3494,0.3560,0.3416,0.3428,25406673.6,8897318.87851,72867,4613172.76187
1714348800000,0.3429,0.3477,0.3309,0.3450,37126410.5,12593983.84717,98845,6218088.94442
1714435200000,0.3451,0.3490,0.3162,0.3256,46645547.0,15344966.93998,116890,7348461.89865
1714521600000,0.3256,0.3299,0.3065,0.3265,53430031.3,17061217.10747,132658,8504363.98513
1714608000000,0.3265,0.3390,0.3157,0.3355,33479627.7,10963216.08043,87550,5573366.81812
1714694400000,0.3354,0.3493,0.3323,0.3467,29468124.4,10022902.07046,83761,5060508.15395
1714780800000,0.3466,0.3500,0.3421,0.3452,19622064.6,6788269.27955,56457,3233682.77617
1714867200000,0.3451,0.3520,0.3380,0.3461,21858347.4,7521239.17575,63985,3609460.50083
1714953600000,0.3460,0.3543,0.3380,0.3402,30518469.0,10522693.06792,82850,5219554.74701
1715040000000,0.3403,0.3476,0.3341,0.3357,21026191.6,7168414.63966,68492,3545595.03746
1715126400000,0.3357,0.3422,0.3256,0.3296,34985691.9,11648202.40637,82282,5707924.36569
1715212800000,0.3296,0.3403,0.3225,0.3386,20271169.6,6696409.42929,63222,3212634.76447
1715299200000,0.3387,0.3439,0.3236,0.3260,29080911.8,9723997.30985,79003,4739125.76947
1715385600000,0.3259,0.3305,0.3223,0.3243,13149388.1,4295409.73973,46368,2184208.05296
1715472000000,0.3243,0.3281,0.3189,0.3205,13570231.7,4395964.03116,42473,2066740.76084
1715558400000,0.3205,0.3279,0.3080,0.3218,26980517.1,8614235.66983,67873,4021768.88518
1715644800000,0.3218,0.3243,0.3109,0.3122,22637439.5,7189888.38290,55048,3443922.69864
1715731200000,0.3123,0.3334,0.3091,0.3320,21152133.3,6802008.34217,56326,3391595.57047
1715817600000,0.3321,0.3373,0.3270,0.3301,18309548.2,6086976.39391,50678,3108067.37452
1715904000000,0.3302,0.3415,0.3271,0.3393,12653594.1,4245898.27328,42136,2016542.03006
1715990400000,0.3393,0.3427,0.3352,0.3380,10713273.4,3633981.99592,35246,1809388.92960
1716076800000,0.3380,0.3398,0.3204,0.3225,14594052.7,4811792.54283,45303,2344525.74796
1716163200000,0.3226,0.3526,0.3157,0.3525,30209215.1,10114569.28316,84269,5079788.42253
1716249600000,0.3526,0.3569,0.3470,0.3504,22840413.6,8032598.74431,67883,3964904.93287
1716336000000,0.3503,0.3523,0.3417,0.3458,21331427.2,7413539.08232,60779,3490030.11371
1716422400000,0.3457,0.3499,0.3217,0.3376,37259344.5,12579795.87139,103142,6077115.60385
1716508800000,0.3375,0.3491,0.3321,0.3485,23189599.3,7922955.76102,73735,3919611.53895
1716595200000,0.3485,0.3797,0.3462,0.3659,137347451.0,50624274.09243,217741,24873493.45247
1716681600000,0.3658,0.3756,0.3498,0.3526,58977981.4,21293111.79878,118581,10427309.30575
1716768000000,0.3527,0.3619,0.3450,0.3566,37088823.0,13120741.05876,92773,5970063.48043
1716854400000,0.3566,0.3583,0.3440,0.3554,32978131.9,11576388.37530,108697,5459992.14291
1716940800000,0.3554,0.3601,0.3487,0.3496,24471334.2,8696643.32590,79028,4180510.95937
1717027200000,0.3495,0.3559,0.3385,0.3443,26724254.0,9288975.22492,84209,4362559.62545
1717113600000,0.3443,0.3472,0.3353,0.3404,24325133.0,8326792.03744,65248,3705613.94644
1717200000000,0.3403,0.3425,0.3366,0.3406,10666664.8,3615006.83217,32106,1757312.64922
1717286400000,0.3405,0.3464,0.3319,0.3339,19302472.2,6560471.82320,54480,3164545.15487
1717372800000,0.3339,0.3550,0.3301,0.3362,40329085.0,13829922.73791,92331,6808693.26722
1717459200000,0.3363,0.3464,0.3304,0.3454,22986121.7,7760320.55005,59246,3728622.32858
1717545600000,0.3455,0.3544,0.3449,0.3508,23530089.5,8219095.96857,58611,3960112.38827
1717632000000,0.3507,0.3583,0.3415,0.3466,48205985.8,16895888.54433,85273,8392201.78391
1717718400000,0.3467,0.3536,0.2868,0.3163,60084153.6,19428611.01442,120886,8998618.41311
1717804800000,0.3163,0.3196,0.2977,0.3019,26390857.0,8129670.43925,60790,3748175.39281
1717891200000,0.3019,0.3080,0.2992,0.3061,12918662.3,3929530.83985,36817,1793058.44609
1717977600000,0.3062,0.3094,0.2983,0.3027,16297071.0,4953653.37628,53337,2304476.08391
1718064000000,0.3026,0.3030,0.2828,0.2887,35569316.2,10405643.23559,85794,4905891.40076
1718150400000,0.2887,0.3059,0.2830,0.3018,29890883.4,8887726.63548,68145,4315590.86872
1718236800000,0.3018,0.3027,0.2868,0.2908,21385356.8,6290816.94234,57257,3011981.09787
1718323200000,0.2908,0.2956,0.2741,0.2787,26812204.1,7633886.97906,62488,3594483.36224
1718409600000,0.2787,0.2845,0.2774,0.2833,10940055.6,3084669.95273,31380,1608304.15916
1718496000000,0.2833,0.2838,0.2756,0.2759,12930884.3,3620360.49471,36842,1653042.24659
1718582400000,0.2759,0.2833,0.2452,0.2541,60921938.6,16011554.78840,123184,7890038.66009
1718668800000,0.2542,0.2555,0.2181,0.2416,77139884.0,18172567.67221,149456,8655777.44510
1718755200000,0.2416,0.2503,0.2391,0.2451,28557595.9,7028909.67251,65503,3345054.02363
1718841600000,0.2451,0.2575,0.2441,0.2530,22538172.2,5670687.22985,70739,2814565.92854
1718928000000,0.2531,0.2663,0.2477,0.2505,48362788.7,12367073.86705,105357,6073865.72108
1719014400000,0.2506,0.2538,0.2475,0.2521,13805293.1,3460830.84066,37787,1773079.09721
1719100800000,0.2521,0.2555,0.2429,0.2447,14478058.3,3615084.33004,43683,1740105.86136
1719187200000,0.2448,0.2504,0.2320,0.2497,35622779.8,8643945.11479,85522,4164953.81921
1719273600000,0.2497,0.2584,0.2480,0.2544,17445347.9,4431345.45955,45760,2214787.19249
1719360000000,0.2544,0.2566,0.2461,0.2513,14509359.8,3655238.86167,38817,1767844.73226
1719446400000,0.2512,0.2596,0.2481,0.2569,22845909.7,5813565.64792,50778,2979831.25769
1719532800000,0.2570,0.2612,0.2499,0.2505,16925070.4,4334282.24936,43340,2206993.44636
1719619200000,0.2505,0.2554,0.2420,0.2440,13067669.1,3255804.30165,30410,1528908.29572
1719705600000,0.2440,0.2485,0.2402,0.2464,15219850.1,3723929.51587,39578,1888235.02650
1719792000000,0.2464,0.2507,0.2396,0.2469,25016441.9,6118951.88760,52564,2961627.20971
1719878400000,0.2468,0.2523,0.2428,0.2443,17532890.8,4326697.30278,42628,2218201.09820
1719964800000,0.2442,0.2462,0.2346,0.2408,24692230.1,5941574.17211,58255,2788729.53361
1720051200000,0.2408,0.2417,0.2194,0.2211,41332668.7,9459247.60115,89868,4488089.09612
1720137600000,0.2211,0.2224,0.1933,0.2193,103591060.8,21482028.41503,155045,10784283.01606
1720224000000,0.2192,0.2326,0.2173,0.2318,19566669.7,4375674.04747,48468,2114382.03951
1720310400000,0.2317,0.2328,0.2155,0.2169,25905191.0,5856699.43813,59578,2968913.33967
1720396800000,0.2168,0.2270,0.2079,0.2193,55590071.8,12137660.67238,90546,6085407.94920
1720483200000,0.2193,0.2323,0.2185,0.2306,23607862.8,5328975.87613,56348,2644309.45641
1720569600000,0.2306,0.2358,0.2275,0.2353,16861306.8,3919820.67319,41274,1851617.36329
1720656000000,0.2352,0.2399,0.2274,0.2285,21636886.0,5062523.79650,51759,2490142.45199
1720742400000,0.2286,0.2334,0.2263,0.2299,15683116.0,3607132.29382,37935,1930185.04331
1720828800000,0.2299,0.2394,0.2294,0.2375,18422671.0,4288309.91308,35207,2158802.82456
1720915200000,0.2375,0.2452,0.2362,0.2443,14023906.6,3356321.31191,31854,1553619.17638
1721001600000,0.2443,0.2581,0.2422,0.2576,19280317.0,4779367.18357,46736,2389367.47389
1721088000000,0.2575,0.2623,0.2465,0.2588,28108474.0,7169770.13474,65134,3496046.31429
1721174400000,0.2589,0.2641,0.2543,0.2548,19943898.9,5173276.55788,46035,2556719.66163
1721260800000,0.2547,0.2607,0.2488,0.2533,15405379.1,3926137.54017,41083,1925767.55096
1721347200000,0.2534,0.2656,0.2497,0.2622,33417323.0,8696962.70241,66014,4285902.23048
1721433600000,0.2623,0.2646,0.2594,0.2625,17308697.3,4535515.61464,37286,2254167.49812
1721520000000,0.2625,0.2729,0.2538,0.2719,27588583.5,7294265.97759,55750,3579412.95995
1721606400000,0.2719,0.2721,0.2566,0.2585,18397429.7,4822272.14402,43511,2276119.71437
1721692800000,0.2583,0.2616,0.2489,0.2544,21495412.7,5501627.19911,49383,2704167.33908
1721779200000,0.2545,0.2613,0.2441,0.2462,17671354.7,4472832.79637,37906,2190992.04954
1721865600000,0.2462,0.2475,0.2325,0.2402,27348232.5,6525701.25718,55732,3094082.04816
1721952000000,0.2402,0.2512,0.2397,0.2508,14154115.7,3471089.37533,34925,1767543.23993
1722038400000,0.2510,0.2639,0.2500,0.2594,43668907.8,11268118.99571,85723,5514775.56879
1722124800000,0.2593,0.2600,0.2493,0.2517,13404786.8,3411702.88856,36129,1664198.90783
1722211200000,0.2517,0.2576,0.2496,0.2522,17748561.7,4506435.76240,42819,2169185.26635
1722297600000,0.2521,0.2556,0.2406,0.2444,14674822.0,3660249.95255,35825,1777583.67356
1722384000000,0.2443,0.2662,0.2422,0.2479,129898886.5,33364918.30287,178907,16861754.61286
1722470400000,0.2479,0.2494,0.2212,0.2340,60146331.7,14097493.16577,88547,6796289.85811
1722556800000,0.2339,0.2350,0.2150,0.2197,45564226.2,10208503.98081,79347,4750276.27558
1722643200000,0.2195,0.2297,0.2072,0.2145,75695352.8,16672873.51340,108014,8087545.75946
1722729600000,0.2144,0.2170,0.1956,0.2018,41794847.7,8627606.65092,72614,4179063.36301
1722816000000,0.2017,0.2037,0.1624,0.1884,179481763.3,32433864.25305,197214,15812017.99418
1722902400000,0.1884,0.2005,0.1879,0.1978,43282393.3,8454131.09691,70164,4043787.24125
1722988800000,0.1977,0.2038,0.1894,0.1928,35521289.0,7004032.76312,65741,3574883.29656
1723075200000,0.1928,0.2132,0.1895,0.2130,28404512.0,5759326.50726,53144,2840758.18246
1723161600000,0.2129,0.2133,0.2067,0.2131,21405867.0,4508761.06670,35677,2201308.23121
1723248000000,0.2131,0.2148,0.2094,0.2135,10041034.9,2129584.91350,26438,1021703.03834
1723334400000,0.2134,0.2147,0.2005,0.2033,18561291.5,3853611.35632,40981,1966843.69857
1723420800000,0.2033,0.2185,0.2014,0.2140,27758690.3,5847867.29627,52282,2775958.05276
1723507200000,0.2139,0.2175,0.2077,0.2133,22522297.6,4781275.47713,45185,2420424.30658
1723593600000,0.2135,0.2140,0.2053,0.2088,17873931.4,3751255.56524,41268,1813637.65828
1723680000000,0.2088,0.2145,0.1977,0.1992,30603322.4,6341728.02142,45915,3086473.36032
1723766400000,0.1992,0.2045,0.1940,0.2007,25364377.8,5067012.55701,40448,2515360.80302
1723852800000,0.2007,0.2034,0.1987,0.2021,11088841.7,2226305.87196,24968,1129852.24603
1723939200000,0.2021,0.2093,0.1993,0.2042,17193866.1,3518531.40301,31365,1719149.76707
1724025600000,0.2043,0.2130,0.2019,0.2125,24422083.6,5055509.15680,40321,2621077.64620
1724112000000,0.2125,0.2154,0.2082,0.2137,17997731.5,3829308.62512,31732,1770415.50508
1724198400000,0.2138,0.2257,0.2126,0.2241,20475143.7,4491391.47661,44982,2249189.01234
1724284800000,0.2240,0.2270,0.2207,0.2254,13485725.8,3024455.59275,33523,1434755.70055
1724371200000,0.2254,0.2404,0.2248,0.2387,18534645.0,4308383.49906,41702,2212110.69940
1724457600000,0.2387,0.2449,0.2352,0.2426,21491427.2,5159599.92277,45434,2589383.60440
1724544000000,0.2425,0.2435,0.2330,0.2380,18366940.9,4386024.86162,48562,2131619.58788
1724630400000,0.2380,0.2402,0.2229,0.2242,27388132.8,6314314.72554,56168,3147218.75952
1724716800000,0.2242,0.2282,0.2055,0.2093,37020520.3,8069518.04518,64541,3856562.28571
1724803200000,0.2093,0.2154,0.2027,0.2086,36273338.3,7563984.15276,62201,3669352.35330
1724889600000,0.2087,0.2153,0.2042,0.2074,16102505.9,3374726.28172,41320,1480432.39321
1724976000000,0.2073,0.2118,0.1984,0.2063,23084266.2,4735091.95424,51785,2246083.04791
1725062400000,0.2064,0.2079,0.1993,0.2011,11015081.6,2236559.57002,27698,1075252.76583
1725148800000,0.2011,0.2018,0.1904,0.1920,17580707.2,3461343.03839,41755,1619722.29819
1725235200000,0.1920,0.2019,0.1910,0.1999,18476597.1,3620736.45611,39351,1811894.59888
1725321600000,0.1999,0.2024,0.1913,0.1917,15494678.8,3058421.22204,34377,1527110.27627
1725408000000,0.1917,0.1997,0.1819,0.1971,21993480.6,4219383.27316,38739,2179116.47946
1725494400000,0.1972,0.1990,0.1895,0.1903,13132933.4,2534336.65193,29704,1303903.28158
1725580800000,0.1903,0.1935,0.1753,0.1804,35863632.8,6648546.77302,52693,3165451.28001
1725667200000,0.1804,0.1850,0.1786,0.1830,12984820.2,2368703.02657,25519,1203221.93260
1725753600000,0.1830,0.1911,0.1823,0.1880,14627855.3,2737813.62987,27840,1343464.51737
1725840000000,0.1881,0.2014,0.1875,0.1992,38975845.7,7600950.17490,42724,4052533.62965
1725926400000,0.1992,0.2027,0.1961,0.2009,23842071.3,4755499.76032,35674,2244819.65197
1726012800000,0.2010,0.2126,0.1937,0.2058,60828140.6,12320020.64572,63821,6203717.63285
1726099200000,0.2057,0.2103,0.2013,0.2099,26144808.3,5365550.61254,40294,2627584.85400
1726185600000,0.2099,0.2148,0.2060,0.2134,23126505.4,4865107.50115,35627,2337032.81820
1726272000000,0.2135,0.2140,0.2080,0.2105,14339629.8,3013802.52782,21356,1455375.10301
1726358400000,0.2104,0.2134,0.2030,0.2045,15827393.1,3298026.56478,27876,1551191.32429
1726444800000,0.2045,0.2069,0.1941,0.1959,30317420.1,6078385.24031,44093,2757950.85047
1726531200000,0.1959,0.2021,0.1941,0.2000,26914458.3,5340553.53861,36374,2727474.06259
1726617600000,0.2000,0.2099,0.1936,0.2095,37408169.3,7516601.99903,56880,3797623.60007
1726704000000,0.2096,0.3143,0.2095,0.3139,787644198.1,217577841.14436,723014,109635415.22057
1726790400000,0.3139,0.3536,0.2871,0.2944,1169716704.0,370851745.46794,1083604,184526920.86626
1726876800000,0.2943,0.2944,0.2626,0.2757,356786892.3,98129283.10993,416576,48626979.93566
1726963200000,0.2757,0.2758,0.2504,0.2584,175239271.3,45792492.85680,219964,22461158.34297
1727049600000,0.2584,0.2667,0.2527,0.2645,108874547.5,28526239.68425,165323,14165580.97274
1727136000000,0.2644,0.2742,0.2590,0.2716,105865472.7,28225425.28064,159110,13715511.66199
1727222400000,0.2716,0.2753,0.2594,0.2604,91204448.4,24401297.59292,130153,11752926.72273
1727308800000,0.2605,0.2700,0.2562,0.2661,66740322.9,17632513.27316,106486,8882980.06042
1727395200000,0.2661,0.2727,0.2631,0.2711,51345026.0,13804558.73160,89990,6526811.50643
1727481600000,0.2711,0.2749,0.2611,0.2716,59920543.7,16132185.44830,95011,7839319.01997
1727568000000,0.2717,0.2841,0.2646,0.2764,129958734.3,35826291.60484,177212,17532641.33145
1727654400000,0.2765,0.2771,0.2497,0.2529,93034833.9,24440010.74268,119834,11638747.23139
1727740800000,0.2527,0.2603,0.2212,0.2292,143467648.7,34428026.93094,132990,16278373.62713
1727827200000,0.2292,0.2353,0.2159,0.2212,72112345.6,16325505.71826,103831,8010072.99585
1727913600000,0.2211,0.2377,0.2194,0.2311,252684700.3,57935748.23536,266882,28486529.03006
1728000000000,0.2310,0.2421,0.2249,0.2420,89040957.5,20590940.20157,113367,10026590.27599
1728086400000,0.2420,0.2436,0.2325,0.2366,47423973.0,11320952.62273,68892,5172838.60046
1728172800000,0.2366,0.2429,0.2321,0.2421,31806828.5,7571837.63704,52320,3669436.95410
1728259200000,0.2421,0.2477,0.2352,0.2352,54312606.0,13104153.08096,76833,5959652.24258
1728345600000,0.2353,0.2381,0.2288,0.2328,41515576.6,9661366.77207,67297,4538563.80628
1728432000000,0.2328,0.2364,0.2237,0.2265,34696029.8,8000525.71900,58598,3895626.83133
1728518400000,0.2266,0.2285,0.2167,0.2243,30819774.2,6875810.67700,60389,3227023.87878
1728604800000,0.2243,0.2957,0.2238,0.2782,1317860430.8,363517467.20124,999009,183394956.66620
1728691200000,0.2782,0.3089,0.2713,0.2861,607943565.1,174380443.86264,610626,88132261.16544
1728777600000,0.2861,0.2917,0.2672,0.2711,232642643.4,65145028.64288,272230,30899688.87675
1728864000000,0.2711,0.2741,0.2625,0.2739,154750474.3,41696167.64658,177429,20165272.32373
1728950400000,0.2739,0.2742,0.2527,0.2620,149506243.8,39317777.10445,186469,18752012.29552
1729036800000,0.2620,0.2624,0.2532,0.2572,57872254.4,14892583.23189,101217,7274187.23452
1729123200000,0.2572,0.2587,0.2501,0.2558,52480421.1,13344427.65117,89504,6357713.83717
1729209600000,0.2559,0.2613,0.2516,0.2597,58540771.1,15049250.25484,74716,7611309.77284
1729296000000,0.2597,0.2626,0.2546,0.2587,29250720.1,7568828.49706,54387,3686990.35893
1729382400000,0.2586,0.2670,0.2528,0.2670,42719905.8,11087917.10812,66681,5461676.12596
1729468800000,0.2669,0.2681,0.2509,0.2530,46162340.1,11920102.69563,70648,5665357.87760
1729555200000,0.2530,0.2555,0.2479,0.2534,33239151.3,8358548.81716,58609,3899414.10141
1729641600000,0.2534,0.2538,0.2360,0.2427,37528194.2,9143658.04686,68134,4330395.99358
1729728000000,0.2428,0.2501,0.2384,0.2482,26133644.0,6383045.37506,51246,3170791.42564
1729814400000,0.2482,0.2488,0.2120,0.2238,81988623.1,19234222.36693,92193,9225392.56547
1729900800000,0.2239,0.2281,0.2171,0.2229,38108238.4,8502990.54469,82545,3871883.05121
1729987200000,0.2229,0.2727,0.2207,0.2543,1017146449.9,261151540.72855,612563,132010317.71008
1730073600000,0.2543,0.2759,0.2417,0.2507,1127118527.7,295910142.62768,728607,149553061.87450
1730160000000,0.2506,0.2639,0.2495,0.2570,308338948.0,79148501.02591,305269,37926349.66506
1730246400000,0.2569,0.2596,0.2506,0.2551,108559989.7,27658678.21856,142894,12625103.82032
1730332800000,0.2551,0.2600,0.2396,0.2432,97423255.9,24105830.02926,126604,11681554.48851
1730419200000,0.2431,0.2470,0.2338,0.2364,73308786.3,17568616.88478,104006,8448179.29604
1730505600000,0.2363,0.2588,0.2362,0.2411,324338900.2,80403707.83466,307400,40076354.60343
1730592000000,0.2410,0.2606,0.2400,0.2548,686083920.8,171140500.48824,524989,85561320.96807
1730678400000,0.2548,0.2671,0.2353,0.2398,488101436.8,121285538.03273,475418,59963035.22575
1730764800000,0.2397,0.2576,0.2372,0.2517,199341039.8,49075794.07001,242004,22945840.38260
1730851200000,0.2517,0.2887,0.2517,0.2854,351718274.9,97190727.18821,400267,48244063.55113
1730937600000,0.2854,0.3544,0.2814,0.3175,813951661.2,260338695.49340,1004265,129827788.56919
1731024000000,0.3174,0.3257,0.3009,0.3050,237161212.4,73862341.07558,342197,35647039.22069
1731110400000,0.3050,0.3087,0.2910,0.3074,132859192.9,39901849.53897,188108,19063530.27949
1731196800000,0.3074,0.3223,0.2965,0.3095,213617913.1,66228165.69734,262506,32232816.05186
1731283200000,0.3095,0.3742,0.3050,0.3425,495438550.6,166342327.48074,624681,81739764.18936
1731369600000,0.3425,0.4534,0.3420,0.3662,1114932469.2,442453172.16978,1487983,219629407.48729
1731456000000,0.3662,0.3682,0.3239,0.3425,369705902.9,125957026.89823,490765,61231743.16188
1731542400000,0.3424,0.3425,0.3149,0.3237,196348741.2,64329964.48150,296341,30976143.11194
1731628800000,0.3237,0.3477,0.3160,0.3461,162592780.2,54111653.47616,223210,26956920.13658
1731715200000,0.3461,0.3643,0.3420,0.3627,126743442.0,44922046.00018,183909,22132259.72286
1731801600000,0.3627,0.3629,0.3364,0.3497,101887155.8,35715954.26376,162121,16831383.35797
1731888000000,0.3498,0.3766,0.3476,0.3723,148322492.9,53646734.52247,231651,26132655.10826
1731974400000,0.3722,0.3722,0.3530,0.3643,75225416.5,27300387.98320,138278,13163651.38493
1732060800000,0.3642,0.3646,0.3328,0.3389,84186292.1,29323606.67720,150511,13935438.89758
1732147200000,0.3389,0.3650,0.3263,0.3610,105228704.7,36893361.22170,173395,17882224.35577
1732233600000,0.3611,0.3667,0.3446,0.3667,77972767.9,27751428.20200,147173,13762875.64618
1732320000000,0.3667,0.4176,0.3602,0.3972,213739866.2,84126282.29378,334580,40944266.81670
1732406400000,0.3973,0.4149,0.3654,0.4061,152131123.5,59551220.33990,251187,28729069.23537
1732492800000,0.4059,0.4170,0.3778,0.3863,118329402.6,47385070.84955,226830,23141871.01915
1732579200000,0.3862,0.4022,0.3539,0.3881,123120918.2,46189650.13299,226148,22632220.51531
1732665600000,0.3880,0.4133,0.3758,0.4120,92414287.6,36040479.22883,180176,17918311.06281
1732752000000,0.4120,0.4122,0.3873,0.3993,74216204.2,29596188.14133,151621,14352747.80167
1732838400000,0.3993,0.4231,0.3888,0.4190,60403610.1,24469273.29953,137053,12055125.91459
1732924800000,0.4189,0.4273,0.4068,0.4212,53372058.3,22233796.52480,144526,10520003.71151
1733011200000,0.4213,0.4588,0.4027,0.4580,97856491.9,42531191.20746,234140,20981069.73328
1733097600000,0.4579,0.4720,0.4096,0.4521,173338684.1,76340047.41735,342629,36881224.51055
1733184000000,0.4519,0.4723,0.4045,0.4643,204920914.7,89839757.18443,367604,43746806.47573
1733270400000,0.4643,0.4828,0.4508,0.4676,126050616.3,59115116.82685,249506,28347203.96287
1733356800000,0.4676,0.4756,0.4311,0.4440,124642561.2,56728478.11150,254855,27763868.56033
1733443200000,0.4442,0.4641,0.4276,0.4569,84377512.0,37784048.38456,195575,18273275.45564
1733529600000,0.4570,0.4589,0.4396,0.4448,45034061.8,20183672.82800,132369,9683313.72429
1733616000000,0.4448,0.4499,0.4293,0.4438,37881958.4,16639792.15914,118854,8259299.79911
1733702400000,0.4439,0.4455,0.3202,0.3622,188670581.5,71969257.50327,303665,32972782.95018
1733788800000,0.3621,0.3687,0.3181,0.3512,146522087.6,50586437.08913,240390,24363599.98392
1733875200000,0.3513,0.3858,0.3363,0.3842,71236298.3,25674223.12963,166697,12437823.83592
1733961600000,0.3843,0.4016,0.3779,0.3881,81081823.2,31742855.55372,166310,15316962.30263
1734048000000,0.3880,0.3904,0.3722,0.3821,50844311.7,19319713.97747,120682,9599270.02322
1734134400000,0.3822,0.3877,0.3535,0.3599,43144847.5,15966502.55501,106560,7196699.23533
1734220800000,0.3600,0.3766,0.3523,0.3752,41701545.7,15214585.55552,107555,7618253.45904
1734307200000,0.3752,0.3843,0.3529,0.3661,60343101.1,22317070.12079,128705,10870712.59537
1734393600000,0.3662,0.3674,0.3415,0.3454,54668915.2,19442459.05784,117318,9589625.36221
1734480000000,0.3455,0.3472,0.3050,0.3130,91526906.1,29996896.42566,132365,14706375.79909
1734566400000,0.3130,0.3229,0.2794,0.2878,138025160.9,41274529.07552,164975,20262833.20377
1734652800000,0.2879,0.3073,0.2606,0.3053,150370399.1,42392420.68640,173584,20526848.22671
1734739200000,0.3053,0.3278,0.2969,0.3037,73700770.7,22865169.18487,138249,11474433.12989
1734825600000,0.3037,0.3184,0.2938,0.3038,99505954.9,30430462.08661,153360,15007851.07657
1734912000000,0.3036,0.3267,0.2939,0.3214,70219383.3,21625242.98114,125362,10414817.89927
1734998400000,0.3213,0.3347,0.3138,0.3274,54322253.2,17620420.88813,103977,8637041.12633
1735084800000,0.3275,0.3315,0.3140,0.3191,36442520.3,11785133.80227,83488,5790211.24997
1735171200000,0.3191,0.3213,0.2914,0.2955,41333376.9,12464923.59396,84581,6109761.72240
1735257600000,0.2955,0.3118,0.2922,0.2994,39249022.3,11812393.05778,96366,5781582.04456
1735344000000,0.2995,0.3159,0.2978,0.3155,29925420.1,9149553.05133,72449,4831262.68074
1735430400000,0.3156,0.3166,0.2948,0.2975,27985456.9,8566876.52580,68109,3851080.46899
1735516800000,0.2975,0.4000,0.2958,0.3577,1985933556.2,727695393.14765,1724088,365739242.44628
1735603200000,0.3577,0.3736,0.3228,0.3301,960486727.6,335778625.15827,965791,166621585.23363
1735689600000,0.3301,0.3332,0.3075,0.3232,273795551.3,87585019.29179,404404,40525000.71430
1735776000000,0.3231,0.3340,0.3173,0.3292,148226094.0,48270425.60136,237668,23016313.56289
1735862400000,0.3292,0.3460,0.3212,0.3405,92985976.1,30966784.75917,186493,14828054.11887
1735948800000,0.3405,0.3484,0.3352,0.3401,77652076.9,26567207.82402,176996,12496115.64068
1736035200000,0.3401,0.3724,0.3344,0.3677,331067414.6,118904720.24456,469539,57832543.37640
1736121600000,0.3676,0.3803,0.3535,0.3710,165354427.8,60550764.57416,267130,29075706.33672
1736208000000,0.3710,0.3863,0.3317,0.3335,207790828.9,75189573.49026,320867,35845893.74244
1736294400000,0.3335,0.3544,0.3192,0.3500,153401966.9,51105446.14341,289128,24681491.95271
1736380800000,0.3500,0.3622,0.3379,0.3562,195043068.4,68481506.21023,332858,33867937.88953
1736467200000,0.3562,0.3565,0.3329,0.3429,143785338.4,49356761.87587,231645,23927459.41773
1736553600000,0.3429,0.3546,0.3379,0.3478,97378884.9,33676887.55061,176398,16462154.71863
1736640000000,0.3478,0.3577,0.3310,0.3348,75654651.2,25928362.14508,141923,12834232.09708
1736726400000,0.3348,0.3428,0.2926,0.3203,138088564.3,43236989.19682,204162,20265663.14859
1736812800000,0.3204,0.3338,0.3151,0.3321,52971184.7,17276936.43922,112389,8510834.53514
1736899200000,0.3321,0.3461,0.3195,0.3458,56596671.4,18850754.96351,108279,9261360.09314
1736985600000,0.3458,0.3462,0.3304,0.3369,67544857.5,22930406.00208,116426,11205564.16852
1737072000000,0.3369,0.3569,0.3364,0.3544,51607875.1,17960872.14767,97741,9174675.89621
1737158400000,0.3543,0.3565,0.3223,0.3290,78285902.6,26082631.60645,129519,12500767.25408
1737244800000,0.3291,0.3362,0.2927,0.2993,155521607.2,48503271.12996,212511,23913504.03366
1737331200000,0.2991,0.3270,0.2897,0.3047,167089023.0,51245420.57125,207673,24890177.93084
1737417600000,0.3046,0.3183,0.2917,0.3141,66481622.8,20218037.50614,132983,10116655.86265
1737504000000,0.3140,0.3190,0.3057,0.3073,32852016.3,10287046.71818,79595,4931124.06337
1737590400000,0.3073,0.3077,0.2924,0.3023,50560728.1,15176859.48486,102494,7571668.49782
1737676800000,0.3024,0.3128,0.2907,0.2996,40076668.4,12179737.41552,92078,6063600.57172
1737763200000,0.2996,0.3085,0.2946,0.3047,24496103.3,7409478.22423,62548,3773124.81013
1737849600000,0.3047,0.3180,0.2988,0.2993,38353261.1,11891777.18305,84531,5814611.61216
1737936000000,0.2992,0.3005,0.2676,0.2878,73818769.9,20849016.62460,128427,9710741.60748
1738022400000,0.2879,0.2921,0.2701,0.2722,32243693.1,9084489.61384,79632,4160391.02644
1738108800000,0.2721,0.2893,0.2690,0.2799,39988212.2,11175601.81711,91737,5541820.29066
1738195200000,0.2799,0.2949,0.2774,0.2893,21516500.3,6198593.70069,64110,3123103.63103
1738281600000,0.2893,0.3043,0.2853,0.2916,33415067.4,9825221.88386,78978,5026918.27979
1738368000000,0.2916,0.2978,0.2673,0.2692,33850739.0,9670281.41270,88245,4509739.56486
1738454400000,0.2691,0.2764,0.2195,0.2341,79111041.0,19560883.82723,166552,8787296.51983
1738540800000,0.2342,0.2422,0.1770,0.2384,191673605.0,40673741.44522,252986,19470464.29603
1738627200000,0.2383,0.2412,0.2163,0.2260,84626074.9,19162471.36782,137512,9601643.63309
1738713600000,0.2260,0.2335,0.2185,0.2221,47489595.6,10786704.14510,101436,5095178.81664
1738800000000,0.2221,0.2261,0.2080,0.2105,55056795.0,11940831.75729,101439,5971940.53318
1738886400000,0.2106,0.2251,0.2059,0.2122,42198472.5,9114172.01772,84539,4512077.98186
1738972800000,0.2121,0.2240,0.2097,0.2222,23262461.3,5020721.15795,56539,2565662.83503
1739059200000,0.2222,0.2301,0.2156,0.2255,32148560.2,7226161.83000,76680,3663356.85276
1739145600000,0.2255,0.2370,0.2177,0.2362,37380513.4,8543531.03928,74612,4265593.20470
1739232000000,0.2362,0.2480,0.2288,0.2319,35290087.8,8390540.43098,78069,4041346.83860
1739318400000,0.2318,0.2583,0.2251,0.2554,58287560.6,13911368.31614,106478,7139885.75580
1739404800000,0.2554,0.2560,0.2394,0.2420,28377877.7,6973245.90004,74481,3381488.98117
1739491200000,0.2421,0.2500,0.2399,0.2455,20509780.4,5010902.70600,65727,2401638.52221
1739577600000,0.2454,0.2479,0.2374,0.2394,15095010.9,3651209.73648,51970,1634799.71675
1739664000000,0.2395,0.2641,0.2365,0.2449,126333379.3,31955388.26534,217534,15855026.84822
1739750400000,0.2449,0.2826,0.2426,0.2519,271883942.1,71049165.46051,422904,35359960.63288
1739836800000,0.2518,0.2690,0.2376,0.2481,269326738.3,68290150.95151,384247,33131302.28546
1739923200000,0.2482,0.2526,0.2382,0.2455,68556942.7,16850487.01960,131845,7608349.90671
1740009600000,0.2455,0.2547,0.2446,0.2538,60296724.2,15004388.89151,107744,7362075.44880
1740096000000,0.2537,0.2601,0.2413,0.2437,86714060.0,21974351.49824,149865,10741670.47711
1740182400000,0.2436,0.2505,0.2412,0.2495,31444808.4,7740570.09208,75594,3786297.63364
1740268800000,0.2495,0.2574,0.2456,0.2481,39588563.4,9942565.73254,83086,4941777.68076
1740355200000,0.2481,0.2495,0.2106,0.2171,65344406.3,15006853.21573,121903,6948063.34094
1740441600000,0.2172,0.2260,0.2041,0.2226,86324579.9,18427787.82963,153680,9173599.14885
1740528000000,0.2226,0.2262,0.2138,0.2232,40289963.3,8879542.23557,85406,4549220.40567
1740614400000,0.2232,0.2315,0.2195,0.2250,30174364.7,6808385.47129,74161,3412911.91923
1740700800000,0.2251,0.2257,0.2033,0.2228,79270268.7,16968441.94061,129230,8574199.58400
1740787200000,0.2228,0.2244,0.2146,0.2190,25451026.0,5575289.52974,60934,2638863.70994
1740873600000,0.2189,0.2384,0.2135,0.2366,60981882.9,13793265.91316,102214,6855695.85189
1740960000000,0.2367,0.2383,0.2030,0.2053,69738562.8,15295545.79762,119235,7133760.36540
1741046400000,0.2053,0.2078,0.1895,0.2050,68144907.5,13521494.40423,119677,6611194.03707
1741132800000,0.2050,0.2113,0.2004,0.2101,32313754.7,6659129.22895,69642,3406806.07374
1741219200000,0.2100,0.2152,0.2033,0.2058,25082143.0,5247313.65498,62379,2584184.76888
1741305600000,0.2058,0.2117,0.1956,0.2045,43782406.8,8971570.20784,84651,4580130.44349
1741392000000,0.2044,0.2059,0.1970,0.1990,17033975.5,3420933.03715,46336,1616157.35075
1741478400000,0.1991,0.2015,0.1787,0.1807,33846921.5,6388411.51270,68250,2969380.65862
1741564800000,0.1808,0.1937,0.1711,0.1745,52321036.9,9569658.91836,84527,4638207.72675
1741651200000,0.1745,0.1874,0.1643,0.1846,74947527.9,13228754.54043,98841,6684866.71361
1741737600000,0.1847,0.1942,0.1793,0.1909,39037226.1,7313573.85391,76606,3817237.26318
1741824000000,0.1909,0.1969,0.1862,0.1923,63185861.5,12103371.46338,86749,6189120.25445
1741910400000,0.1923,0.2007,0.1916,0.1973,30028496.7,5877715.35951,64155,3017366.55660
1741996800000,0.1973,0.2019,0.1967,0.1994,20494347.6,4077741.83775,51306,2016858.27625
1742083200000,0.1993,0.2010,0.1903,0.1914,26250905.7,5122286.51834,52098,2440729.50966
1742169600000,0.1913,0.2038,0.1910,0.2021,23449654.0,4675375.27100,46722,2483098.46479
1742256000000,0.2021,0.2078,0.1958,0.2032,44109407.0,8902756.82958,79462,4338631.96047
1742342400000,0.2031,0.2090,0.2020,0.2089,38236635.4,7851482.14843,61522,3871028.78921
1742428800000,0.2088,0.2096,0.2014,0.2042,17861287.0,3661811.64923,40033,1702388.63771
1742515200000,0.2042,0.2053,0.1977,0.2003,16950739.9,3405185.13541,39487,1591198.80377
1742601600000,0.2004,0.2096,0.2002,0.2090,22597165.0,4650965.56991,49892,2413069.83475
1742688000000,0.2089,0.2107,0.2038,0.2058,15380971.1,3185651.46791,35192,1530521.29272
1742774400000,0.2057,0.2181,0.2027,0.2168,22858566.9,4875752.34016,51432,2634011.00989
1742860800000,0.2167,0.2195,0.2138,0.2174,24551980.0,5316224.50788,58693,2552957.48285
1742947200000,0.2173,0.2202,0.2115,0.2150,20863766.1,4511463.97286,48503,2145207.18551
1743033600000,0.2150,0.2189,0.2101,0.2149,23186479.9,4976519.91310,46777,2483517.35059
1743120000000,0.2150,0.2168,0.1928,0.1958,40120602.8,8126940.36479,68794,3739048.81176
1743206400000,0.1959,0.1970,0.1830,0.1856,25413843.6,4808268.41156,54533,2210808.21285
1743292800000,0.1855,0.1972,0.1816,0.1855,62370766.9,11896131.04301,92126,5924634.94088
1743379200000,0.1856,0.1878,0.1770,0.1839,32219790.4,5911105.92291,61843,2933130.03543
1743465600000,0.1840,0.1886,0.1799,0.1828,37777196.1,6974454.13006,58152,3411970.29123
1743552000000,0.1828,0.1838,0.1657,0.1674,60520675.7,10601377.70161,88415,5104761.97716
1743638400000,0.1675,0.1758,0.1641,0.1745,32438890.9,5520081.74078,63339,2752143.07542
1743724800000,0.1745,0.1774,0.1679,0.1753,31482692.5,5460153.13960,62017,2681733.06604
1743811200000,0.1753,0.1780,0.1716,0.1762,14860051.4,2600936.50847,33977,1253916.29576
1743897600000,0.1762,0.1773,0.1538,0.1567,36713593.2,6091176.28308,71651,2851218.88167
1743984000000,0.1567,0.1628,0.1414,0.1563,68612755.5,10473794.57428,121787,5116653.79901
1744070400000,0.1563,0.1620,0.1510,0.1525,27915802.4,4375765.96050,59454,2180132.26636
1744156800000,0.1525,0.1684,0.1460,0.1670,38175868.7,6053759.50694,75935,2978813.02395
1744243200000,0.1670,0.1694,0.1593,0.1655,34881774.4,5764725.64732,65928,2939436.45260
1744329600000,0.1654,0.1749,0.1650,0.1719,23381797.7,3984878.40175,50564,1991942.98633
1744416000000,0.1719,0.2376,0.1705,0.2068,607178196.8,128874521.33677,764099,65302807.08207
1744502400000,0.2067,0.2067,0.1803,0.1843,192289455.3,37454219.46084,259617,17816706.54619
1744588800000,0.1843,0.1878,0.1766,0.1857,76740160.7,13973485.99493,128423,6626161.86733
1744675200000,0.1856,0.2044,0.1818,0.1932,130336685.2,25008678.22180,202764,12245095.87680
1744761600000,0.1932,0.2220,0.1929,0.2046,217505242.5,44658268.08341,339573,22564779.80138
1744848000000,0.2045,0.2234,0.1979,0.2150,109586773.5,23192924.70865,207602,11440145.42105
1744934400000,0.2151,0.2221,0.2063,0.2183,61314755.4,13118678.57640,146693,5930122.72248
1745020800000,0.2183,0.2216,0.2127,0.2157,35824971.5,7744271.09546,95299,3520974.03525
1745107200000,0.2157,0.2307,0.2081,0.2097,48677962.3,10569532.39281,111443,5161788.37595
1745193600000,0.2098,0.2137,0.2045,0.2061,32930861.6,6913085.93595,87358,3419947.11590
1745280000000,0.2062,0.2166,0.1979,0.2152,42777974.5,8790123.51840,113204,4482262.23335
1745366400000,0.2153,0.2183,0.2063,0.2110,34245354.8,7266246.20201,88383,3503500.04528
1745452800000,0.2110,0.2124,0.2015,0.2083,28175413.9,5809037.33630,76654,2829442.71651
1745539200000,0.2084,0.2190,0.2029,0.2156,40425253.3,8613334.22789,101543,4350661.92485
1745625600000,0.2156,0.2209,0.2088,0.2139,24452730.7,5242303.82653,60305,2493445.46989
1745712000000,0.2140,0.2168,0.2020,0.2035,25197168.8,5217787.07764,71459,2357831.01392
1745798400000,0.2035,0.2124,0.1954,0.2100,57041417.6,11726663.05679,120406,5801284.79277
1745884800000,0.2100,0.2147,0.2043,0.2092,25640011.0,5376779.15471,68249,2566279.43163
1745971200000,0.2091,0.2103,0.1958,0.2036,23919146.1,4873826.42668,74063,2263431.52395
1746057600000,0.2036,0.2086,0.2021,0.2034,16797046.5,3447783.47976,53719,1686672.41546
1746144000000,0.2033,0.2060,0.2001,0.2049,15532338.3,3150582.88306,55441,1637956.19433
1746230400000,0.2049,0.2105,0.1936,0.1973,46824474.1,9556048.93121,81886,4730402.08717
1746316800000,0.1973,0.1990,0.1919,0.1930,18722929.4,3662313.77278,54543,1662617.74798
1746403200000,0.1930,0.1981,0.1857,0.1961,28965062.7,5552008.19337,73193,2743368.32781
1746489600000,0.1962,0.1971,0.1782,0.1857,32235286.2,6026643.20621,79042,2838113.22100
1746576000000,0.1857,0.1902,0.1827,0.1873,24451989.7,4563617.41513,57783,2283104.77581
1746662400000,0.1874,0.2196,0.1874,0.2099,48504261.5,9756683.62819,89659,5379308.39993
1746748800000,0.2100,0.2213,0.2084,0.2209,45081566.7,9738317.42977,93585,5034756.13128
1746835200000,0.2209,0.2352,0.2175,0.2344,42933680.0,9634188.46350,89489,4943414.88950
1746921600000,0.2344,0.2362,0.2236,0.2287,44959551.6,10293797.04640,96248,4912679.95850
1747008000000,0.2287,0.2531,0.2161,0.2301,130906310.3,30911166.26790,246301,15138688.12752
1747094400000,0.2301,0.2330,0.2152,0.2312,42857748.0,9654730.21764,104892,4560138.00718
1747180800000,0.2313,0.2333,0.2163,0.2209,41503529.0,9344378.49931,80847,4184465.80954
1747267200000,0.2209,0.2235,0.2041,0.2109,42350918.6,8967977.78034,93530,4367715.03097
1747353600000,0.2109,0.2143,0.2025,0.2039,27927293.8,5878255.56759,74258,2678457.07085
1747440000000,0.2040,0.2057,0.1974,0.1984,31042951.0,6238054.02353,67275,3023168.21558
1747526400000,0.1985,0.2103,0.1930,0.2076,63938273.3,12987830.32208,108000,6542246.80339
1747612800000,0.2077,0.2087,0.1898,0.1998,42099409.0,8255695.15468,84766,4018428.90675
1747699200000,0.1998,0.2037,0.1946,0.2007,27677898.7,5514512.94292,62457,2705819.05291
1747785600000,0.2007,0.2048,0.1944,0.2022,33209156.0,6629588.69316,66341,3276658.14149
1747872000000,0.2022,0.2109,0.2021,0.2103,20091804.8,4164284.25747,47030,1955556.71330
1747958400000,0.2103,0.2144,0.1921,0.1942,58200563.9,11699028.02845,102060,5700389.19971
1748044800000,0.1942,0.1980,0.1929,0.1941,17023145.4,3337094.37916,45912,1369954.28076
1748131200000,0.1941,0.1949,0.1867,0.1935,21802276.8,4160785.66108,54956,1862566.98109
1748217600000,0.1936,0.1974,0.1909,0.1931,15589381.5,3029049.85193,38603,1609585.36128
1748304000000,0.1932,0.1994,0.1879,0.1946,17180632.1,3353079.22533,46095,1728047.34103
1748390400000,0.1945,0.1961,0.1886,0.1936,23320655.8,4486689.74191,47494,2142829.90779
1748476800000,0.1936,0.1983,0.1884,0.1893,23636129.8,4558535.22641,49198,2157347.16470
1748563200000,0.1893,0.1906,0.1684,0.1706,78716752.2,14078090.53708,108264,6478083.30026
1748649600000,0.1705,0.1751,0.1661,0.1734,31965315.1,5483315.06518,75758,2811031.67215
1748736000000,0.1735,0.1778,0.1699,0.1769,18995186.0,3308134.43436,40702,1561867.20888
1748822400000,0.1770,0.1843,0.1743,0.1832,22173185.4,3970164.48276,50559,2071579.79379
1748908800000,0.1833,0.1871,0.1825,0.1839,21949476.2,4060130.46350,44167,1908589.39701
1748995200000,0.1839,0.1867,0.1792,0.1807,18166008.6,3328970.09934,43338,1617609.38048
1749081600000,0.1808,0.1816,0.1676,0.1708,33642552.8,5899328.10433,62840,2865421.02648
1749168000000,0.1708,0.1778,0.1698,0.1739,17621925.4,3053661.21114,39667,1470958.23207
1749254400000,0.1738,0.1791,0.1732,0.1780,11975664.8,2126376.64391,30098,1065772.31112
1749340800000,0.1781,0.1788,0.1736,0.1774,12552363.4,2218308.15311,41643,1101919.94479
1749427200000,0.1774,0.1844,0.1741,0.1842,17449546.3,3126431.58355,33639,1593168.79244
1749513600000,0.1842,0.2011,0.1826,0.1918,68107886.3,12989283.50490,95161,6882221.29961
1749600000000,0.1919,0.1943,0.1844,0.1870,32501596.6,6173758.26762,54292,2928423.80194
1749686400000,0.1870,0.1882,0.1759,0.1772,24623248.0,4485129.73388,55490,2080825.34814
1749772800000,0.1771,0.1771,0.1640,0.1719,47574511.8,8023886.80072,83281,3529795.48368
1749859200000,0.1719,0.1723,0.1638,0.1685,30481225.4,5127076.45496,56292,2267423.84965
1749945600000,0.1686,0.1707,0.1645,0.1672,17663715.1,2970597.93467,47579,1352847.85722
1750032000000,0.1672,0.1732,0.1657,0.1680,23221002.4,3949447.58830,42777,1979619.08473
1750118400000,0.1679,0.1704,0.1613,0.1626,32975596.4,5459333.45456,57363,2632552.04882
1750204800000,0.1626,0.1658,0.1584,0.1636,21079389.0,3426142.43936,40285,1777642.39758
1750291200000,0.1636,0.1841,0.1597,0.1652,210761620.4,36057852.34156,200163,18415288.14983
1750377600000,0.1651,0.1739,0.1620,0.1704,203963426.5,34589910.69912,218514,17487496.43510
1750464000000,0.1704,0.1743,0.1601,0.1646,89204367.5,15047436.93206,116875,7057460.85577
1750550400000,0.1647,0.1655,0.1556,0.1634,68194678.9,10949217.25139,112339,5062056.18860
1750636800000,0.1635,0.1765,0.1624,0.1756,45882069.0,7719016.68997,74045,3732415.62827
1750723200000,0.1756,0.1798,0.1748,0.1794,28290602.0,5011808.74179,58583,2624147.65758
1750809600000,0.1793,0.1794,0.1737,0.1761,27491924.2,4864046.49434,50553,2353525.11470
1750896000000,0.1762,0.1787,0.1680,0.1696,34888731.6,6020303.30257,60547,2792619.15175
1750982400000,0.1697,0.1728,0.1683,0.1719,22735918.5,3874984.01907,42334,1817451.05080
1751068800000,0.1719,0.1727,0.1690,0.1723,14165564.3,2419366.47731,32881,1120817.22163
1751155200000,0.1723,0.1768,0.1697,0.1757,17742586.9,3053503.53170,36045,1480338.09433
1751241600000,0.1758,0.1768,0.1631,0.1657,30848623.1,5181721.02870,55056,2334441.93643
1751328000000,0.1658,0.1677,0.1624,0.1637,27506838.8,4540474.41339,49687,2229379.02666
1751414400000,0.1636,0.1774,0.1632,0.1758,47987012.4,8187216.77841,66988,3964099.84073
1751500800000,0.1758,0.1781,0.1733,0.1755,23498332.7,4141180.48221,46500,2041117.21284
1751587200000,0.1755,0.1850,0.1745,0.1777,92748759.1,16656923.82955,128054,8376724.59336
1751673600000,0.1776,0.1776,0.1690,0.1716,27588711.1,4769499.45596,57610,2215709.46124
1751760000000,0.1717,0.1757,0.1700,0.1740,12857284.2,2218954.68689,33192,1008172.68795
1751846400000,0.1740,0.1780,0.1704,0.1723,17846550.5,3113028.07437,35639,1550938.84786
1751932800000,0.1723,0.1773,0.1705,0.1770,13679074.2,2380420.58433,32353,1129883.36724
1752019200000,0.1771,0.1846,0.1756,0.1835,20258657.9,3638719.91955,39895,1920535.54330
1752105600000,0.1836,0.1958,0.1814,0.1930,44914960.2,8395781.28875,74293,4157138.31276
1752192000000,0.1930,0.2009,0.1903,0.1939,46884194.7,9205658.66009,85747,4500575.85696
1752278400000,0.1939,0.2130,0.1911,0.1994,95198831.0,19094122.01372,184102,9362451.95082
1752364800000,0.1994,0.2040,0.1960,0.2006,24274094.7,4849752.47841,63935,2286203.63947
1752451200000,0.2007,0.2068,0.1955,0.1988,27129457.8,5479471.47853,67085,2601392.52941
1752537600000,0.1989,0.2023,0.1917,0.2021,27842267.4,5463056.25024,72019,2650000.32913
1752624000000,0.2020,0.2096,0.1994,0.2067,31625654.4,6446797.45330,53543,3502725.35921
1752710400000,0.2067,0.2084,0.2012,0.2070,28465558.8,5830690.23888,63445,2855303.67444
1752796800000,0.2070,0.2165,0.2045,0.2089,33304702.4,7030569.19028,68830,3588912.93402
1752883200000,0.2089,0.2106,0.2027,0.2102,18944557.9,3914890.74984,45854,1848185.10096
1752969600000,0.2103,0.2272,0.2103,0.2238,97424399.3,21524564.52981,144229,10145016.74558
1753056000000,0.2237,0.2279,0.2176,0.2243,35026075.3,7829001.50511,73420,3705047.50120
1753142400000,0.2243,0.2249,0.2142,0.2241,33163451.0,7270350.47535,76133,3492269.04774
1753228800000,0.2242,0.2255,0.1991,0.2060,42377851.2,9003192.71809,81875,4233664.31068
1753315200000,0.2061,0.2073,0.1926,0.1982,46917747.1,9384612.78732,86437,4593339.41187
1753401600000,0.1982,0.2048,0.1935,0.2043,31071924.8,6182162.28460,67432,2954723.99365
1753488000000,0.2043,0.2055,0.2012,0.2022,13936182.6,2832200.27995,43655,1377368.33665
1753574400000,0.2021,0.2087,0.2019,0.2078,14143957.6,2901790.94814,44289,1353361.79282
1753660800000,0.2078,0.2124,0.1955,0.1973,30386298.4,6247872.39182,68719,3080910.90590
1753747200000,0.1973,0.1991,0.1901,0.1930,27148797.7,5273683.38396,62867,2477273.29277
1753833600000,0.1929,0.1931,0.1803,0.1889,27934259.0,5244016.05917,61917,2445946.64443
1753920000000,0.1889,0.1939,0.1810,0.1819,19905147.2,3754644.15211,51016,1773438.81332
1754006400000,0.1819,0.1830,0.1736,0.1785,31859740.8,5728996.41446,67320,2668422.01092
1754092800000,0.1785,0.1806,0.1700,0.1743,20754322.0,3631248.40124,40968,1721808.75045
1754179200000,0.1742,0.1806,0.1717,0.1796,14155639.4,2518208.48227,33195,1310529.38728
1754265600000,0.1796,0.1860,0.1781,0.1859,17143078.9,3111357.89980,35101,1508768.23876
1754352000000,0.1859,0.1860,0.1757,0.1787,19615164.8,3530994.37762,45283,1761404.74217
1754438400000,0.1787,0.1808,0.1745,0.1800,15814741.4,2815014.13950,36595,1411092.78013
1754524800000,0.1802,0.1856,0.1770,0.1854,21111070.3,3825613.11448,38883,1872142.98211
1754611200000,0.1854,0.1920,0.1835,0.1907,20732234.4,3888550.37032,38697,2003111.45903
1754697600000,0.1908,0.1958,0.1906,0.1938,17449687.4,3380807.59179,35789,1569491.70671
1754784000000,0.1938,0.1978,0.1864,0.1908,22249751.4,4263014.40786,43309,2140275.50215
1754870400000,0.1908,0.1955,0.1817,0.1826,23111464.9,4370158.44709,53234,2079786.27647
1754956800000,0.1825,0.1919,0.1795,0.1904,21988090.6,4083763.26925,53644,1920145.46078
1755043200000,0.1905,0.1969,0.1892,0.1952,20228563.3,3923659.53333,53208,1887931.14765
1755129600000,0.1950,0.1970,0.1773,0.1799,33171612.5,6206546.87446,72738,2751991.23369
1755216000000,0.1799,0.1844,0.1727,0.1788,21354058.2,3819097.14456,43983,1834860.40887
1755302400000,0.1788,0.1860,0.1786,0.1849,11616248.6,2113929.51160,32560,1041433.84893
1755388800000,0.1848,0.1886,0.1821,0.1832,11568582.9,2143987.94582,30971,1011833.13455
1755475200000,0.1832,0.1835,0.1741,0.1783,16758805.7,2981553.70355,43925,1488888.32702
1755561600000,0.1783,0.1814,0.1707,0.1713,20265422.0,3578838.38042,49283,1651074.67065
1755648000000,0.1713,0.1794,0.1705,0.1788,16063603.6,2809963.08617,40124,1417630.58434
1755734400000,0.1788,0.1801,0.1720,0.1733,17250335.8,3019838.48497,43109,1477225.78087
1755820800000,0.1732,0.1950,0.1680,0.1891,43613118.6,7945718.50406,86525,4253185.50720
1755907200000,0.1892,0.1902,0.1850,0.1882,14019629.8,2633917.38250,43040,1205641.44828
1755993600000,0.1882,0.1890,0.1793,0.1819,24421954.4,4471564.32179,65975,2148320.75608
1756080000000,0.1819,0.1861,0.1690,0.1726,35964238.5,6396141.81890,72308,3016674.15590
1756166400000,0.1726,0.1789,0.1682,0.1785,28955713.9,5020632.91479,53751,2180688.29042
1756252800000,0.1785,0.1804,0.1762,0.1775,16540992.6,2949029.65285,48228,1407079.30793
1756339200000,0.1775,0.1844,0.1765,0.1841,14396947.6,2606354.83577,48373,1223687.84981
1756425600000,0.1842,0.2110,0.1725,0.1757,148779718.6,27856602.72431,198107,13856678.02693
1756512000000,0.1757,0.1779,0.1731,0.1763,20881363.1,3670560.33648,43680,1866793.86567
1756598400000,0.1764,0.1794,0.1728,0.1731,19833284.9,3498211.75724,36257,1646583.53263
1756684800000,0.1730,0.1745,0.1641,0.1679,33038732.0,5601559.00150,57731,2505565.60040
1756771200000,0.1680,0.1724,0.1665,0.1713,17121404.9,2912388.60398,40163,1338379.83331
1756857600000,0.1713,0.1735,0.1696,0.1725,10127568.1,1740272.98384,27875,847085.64424
1756944000000,0.1725,0.1731,0.1663,0.1676,18574264.1,3135391.57139,35707,1515667.28394
1757030400000,0.1675,0.1736,0.1673,0.1707,17288622.8,2943221.38670,35703,1423426.49313
1757116800000,0.1707,0.1711,0.1676,0.1687,10600244.7,1792429.50804,25274,846751.14806
1757203200000,0.1688,0.1716,0.1687,0.1708,10406971.5,1770940.32373,31792,849373.43401
1757289600000,0.1709,0.1751,0.1698,0.1740,17443750.1,3015608.28501,38621,1478211.85507
1757376000000,0.1739,0.1785,0.1732,0.1758,17236758.0,3029681.64242,43182,1480658.33399
1757462400000,0.1758,0.1799,0.1748,0.1782,17084051.6,3025529.50288,39188,1438805.81259
1757548800000,0.1782,0.1796,0.1743,0.1784,14674372.9,2600344.85428,34569,1271984.42812
1757635200000,0.1783,0.1823,0.1767,0.1816,18230011.4,3277991.77707,38868,1629024.50458
1757721600000,0.1817,0.1847,0.1801,0.1836,16304945.5,2978130.68241,43197,1469264.99400
1757808000000,0.1836,0.1838,0.1777,0.1783,14588549.5,2631269.68028,47205,1182512.19092
1757894400000,0.1784,0.1808,0.1699,0.1726,20893269.9,3634829.29291,50280,1651196.81206
1757980800000,0.1726,0.1750,0.1697,0.1745,12087722.4,2083655.83594,35784,1079538.14429
1758067200000,0.1746,0.1784,0.1698,0.1771,15741675.9,2730668.87312,40271,1201162.06732
1758153600000,0.1771,0.1799,0.1752,0.1787,11194753.9,1989553.68394,75079,985451.98953
1758240000000,0.1786,0.1804,0.1701,0.1712,15870304.4,2769590.56099,46569,1339911.81813
1758326400000,0.1711,0.1758,0.1704,0.1748,9042779.6,1566630.14520,30099,814734.66653
1758412800000,0.1749,0.1776,0.1736,0.1743,12583300.2,2208867.39814,33866,1023512.52616
1758499200000,0.1742,0.1747,0.1513,0.1615,42076702.2,6885212.99218,124664,3037652.82096
1758585600000,0.1615,0.1643,0.1586,0.1612,16307532.5,2634037.98621,40311,1269887.23272
1758672000000,0.1612,0.1666,0.1575,0.1643,15339130.8,2505091.81621,36078,1266193.89203
1758758400000,0.1643,0.1644,0.1515,0.1531,26984362.9,4250975.47162,50071,1933419.09875
1758844800000,0.1531,0.1584,0.1525,0.1582,15155087.8,2354222.93303,33497,1201138.34236
1758931200000,0.1582,0.1588,0.1549,0.1555,13959809.5,2189336.59390,24229,1086347.44256
1759017600000,0.1556,0.1599,0.1529,0.1594,10629935.6,1653228.34105,27257,799915.50145
1759104000000,0.1594,0.1595,0.1543,0.1570,11798627.5,1857565.17021,30667,932917.59265
1759190400000,0.1570,0.1570,0.1509,0.1538,14277176.8,2193231.54974,37052,1078260.35657
1759276800000,0.1538,0.1618,0.1522,0.1616,15587898.2,2473561.13106,35410,1297896.43379
1759363200000,0.1617,0.1652,0.1592,0.1650,14769539.8,2403482.16793,37047,1228984.48201
1759449600000,0.1651,0.1697,0.1612,0.1681,21238657.7,3510043.13909,42831,1741264.33293
1759536000000,0.1681,0.1684,0.1591,0.1615,14624006.6,2379385.31321,33966,1046050.76737
1759622400000,0.1615,0.1665,0.1589,0.1599,17805930.1,2892283.91091,38541,1311706.63909
1759708800000,0.1600,0.1656,0.1586,0.1636,14717371.8,2393759.70384,52331,1140849.83136
1759795200000,0.1637,0.1646,0.1547,0.1556,30847035.2,4923757.82077,49016,2247691.53292
1759881600000,0.1555,0.1612,0.1527,0.1593,18217592.5,2861886.82010,42877,1371581.28477
1759968000000,0.1592,0.1594,0.1522,0.1565,21293832.9,3309804.77911,44868,1627415.94280
1760054400000,0.1564,0.1598,0.0776,0.1178,118826300.1,15054503.94306,144923,7037324.99376
1760140800000,0.1178,0.1259,0.1144,0.1184,77876306.3,9356677.48748,81238,4767877.34228
1760227200000,0.1184,0.1314,0.1163,0.1296,31987533.6,3940928.13179,55688,1891550.33494
1760313600000,0.1297,0.1387,0.1277,0.1376,33487645.0,4429270.64281,54375,2188849.21589
1760400000000,0.1377,0.1385,0.1250,0.1330,38183908.0,4984565.31910,63632,2377861.13635
1760486400000,0.1330,0.1363,0.1273,0.1294,17494703.4,2299438.23550,36626,1149887.72483
1760572800000,0.1293,0.1347,0.1234,0.1247,24990407.5,3224226.88754,47346,1565109.21012
1760659200000,0.1247,0.1261,0.1160,0.1213,36811357.1,4435175.34827,50857,2219536.49471
1760745600000,0.1212,0.1248,0.1207,0.1230,10595801.4,1301422.70264,27529,612609.63119
1760832000000,0.1230,0.1269,0.1205,0.1246,15994472.1,1983523.37319,28724,957287.68111
1760918400000,0.1245,0.1287,0.1215,0.1261,14152361.9,1782308.96586,28596,881866.62502
1761004800000,0.1260,0.1295,0.1193,0.1206,35894235.0,4442785.25933,50924,2146216.94366
1761091200000,0.1206,0.1224,0.1138,0.1185,27473444.8,3275634.38871,41469,1576929.94056
1761177600000,0.1185,0.1215,0.1182,0.1195,19457973.0,2328504.89697,30705,1083364.43511
1761264000000,0.1196,0.1232,0.1190,0.1231,14024722.0,1696323.59468,25638,807141.00018
1761350400000,0.1231,0.1234,0.1208,0.1219,10842483.5,1320837.72497,21230,637641.03167
1761436800000,0.1219,0.1267,0.1206,0.1257,20899962.3,2588251.60365,28437,1253136.57183
1761523200000,0.1258,0.1268,0.1221,0.1227,20706273.2,2578987.63534,30286,1234129.94954
1761609600000,0.1227,0.1239,0.1165,0.1178,20929167.1,2533486.42950,33308,1189799.99010
1761696000000,0.1178,0.1201,0.1141,0.1171,27351545.3,3216953.34140,40116,1574565.41960
1761782400000,0.1171,0.1188,0.1067,0.1087,38315273.7,4304421.19880,52692,2026868.14262
1761868800000,0.1086,0.1122,0.1084,0.1108,19667094.3,2173910.90920,30141,1074609.24608
1761955200000,0.1109,0.1159,0.1102,0.1157,11915855.0,1348533.12032,24028,685961.50453
1762041600000,0.1157,0.1196,0.1137,0.1194,20982934.4,2442120.66544,35367,1191270.80193
1762128000000,0.1195,0.1203,0.0998,0.1035,42863140.4,4644095.46433,87344,2167341.56497
1762214400000,0.1035,0.1071,0.0950,0.1005,56268401.5,5732917.91222,66028,2856981.35695
1762300800000,0.1005,0.1057,0.0949,0.1050,28657825.4,2897394.39482,39819,1476195.35875
1762387200000,0.1050,0.1065,0.1005,0.1040,26859949.1,2775384.38520,33323,1355543.29758
1762473600000,0.1039,0.1177,0.1038,0.1161,48799705.9,5403582.14907,58934,2842203.05586
1762560000000,0.1161,0.1177,0.1118,0.1169,32857222.3,3777252.55194,38535,1810225.21425
1762646400000,0.1169,0.1179,0.1111,0.1154,21555230.7,2474204.61794,37826,1213251.04994
1762732800000,0.1154,0.1178,0.1128,0.1165,23650637.0,2736003.27023,35535,1352446.28841
1762819200000,0.1166,0.1275,0.1104,0.1107,87984450.3,10430718.60398,111693,5085261.29099
1762905600000,0.1108,0.1183,0.1091,0.1121,34459798.0,3913305.44918,48708,1912368.34019
1762992000000,0.1120,0.1143,0.1028,0.1054,19896912.0,2175488.21749,40170,1025107.90217
1763078400000,0.1053,0.1061,0.1009,0.1029,27275858.6,2832960.44407,40880,1429742.92144
1763164800000,0.1029,0.1073,0.1028,0.1059,13025975.3,1365010.59516,23815,693509.86344
1763251200000,0.1058,0.1066,0.1000,0.1030,13957783.3,1441908.06926,30559,649728.74642
1763337600000,0.1030,0.1059,0.0980,0.0989,22562228.4,2300597.94267,31347,1098181.41194
1763424000000,0.0989,0.1015,0.0960,0.1002,31033077.1,3073485.23850,36293,1527585.64930
1763510400000,0.1002,0.1002,0.0895,0.0938,76782890.9,7280575.68974,50059,3546664.64536
1763596800000,0.0939,0.0989,0.0903,0.0933,33868840.0,3197397.78361,41469,1607767.53623
1763683200000,0.0934,0.0976,0.0845,0.0900,53333172.2,4797821.37700,86556,2276888.81258
1763769600000,0.0899,0.0910,0.0871,0.0899,19157037.8,1700933.36524,40039,813945.32166
1763856000000,0.0899,0.0940,0.0894,0.0900,25716487.5,2355182.54700,29497,1163581.34508
1763942400000,0.0901,0.0946,0.0885,0.0935,42020584.8,3821344.77932,40318,1971760.59748
1764028800000,0.0934,0.0940,0.0886,0.0917,29564171.2,2702208.63259,30722,1227698.49758
1764115200000,0.0917,0.0927,0.0893,0.0915,18648669.8,1699333.43908,26332,785400.72250
1764201600000,0.0916,0.0929,0.0904,0.0915,20082712.2,1842477.93736,26192,920387.53128
1764288000000,0.0915,0.0917,0.0792,0.0805,89539254.3,7514033.62310,72200,3419628.00483
1764374400000,0.0805,0.0813,0.0716,0.0721,85488322.8,6547930.38882,66765,3116893.93480
1764460800000,0.0720,0.0737,0.0700,0.0708,84483526.9,6051742.63583,55632,3071185.58964
1764547200000,0.0708,0.0708,0.0536,0.0543,294731271.1,17669722.21157,135149,8522870.13909
1764633600000,0.0542,0.0543,0.0465,0.0494,197101264.3,9820306.47298,90259,4761711.88415
1764720000000,0.0494,0.0623,0.0473,0.0589,482232116.0,26828912.33305,205073,13753853.64035
1764806400000,0.0589,0.0767,0.0557,0.0683,1882877865.6,128765258.77117,596657,64330917.51608
1764892800000,0.0682,0.0726,0.0619,0.0656,444836757.0,29980610.75350,183889,14813146.00102
1764979200000,0.0656,0.0656,0.0656,0.0656,0,0,0,0
1765065600000,0.0656,0.0656,0.0656,0.0656,0,0,0,0
1765152000000,0.0656,0.0656,0.0656,0.0656,0,0,0,0
1765238400000,0.0656,0.0656,0.0656,0.0656,0,0,0,0
1765324800000,0.0656,0.0656,0.0656,0.0656,0,0,0,0
1765411200000,0.0656,0.0656,0.0656,0.0656,0,0,0,0
1765497600000,0.0656,0.0656,0.0656,0.0656,0,0,0,0
1765584000000,0.0656,0.0656,0.0656,0.0656,0,0,0,0
1765670400000,0.0656,0.0656,0.0656,0.0656,0,0,0,0
1765756800000,0.0656,0.0656,0.0656,0.0656,0,0,0,0
1765843200000,0.0656,0.0656,0.0656,0.0656,0,0,0,0
1765929600000,0.0656,0.0656,0.0656,0.0656,0,0,0,0
1766016000000,0.0656,0.0656,0.0656,0.0656,0,0,0,0
1766102400000,0.0656,0.0656,0.0656,0.0656,0,0,0,0
1766188800000,0.0656,0.0656,0.0656,0.0656,0,0,0,0
1766275200000,0.0656,0.0656,0.0656,0.0656,0,0,0,0
1766361600000,0.0656,0.0656,0.0656,0.0656,0,0,0,0
1766448000000,0.0656,0.0656,0.0656,0.0656,0,0,0,0
1766534400000,0.0656,0.0656,0.0656,0.0656,0,0,0,0
1766620800000,0.0656,0.0656,0.0656,0.0656,0,0,0,0
1766707200000,0.0656,0.0656,0.0656,0.0656,0,0,0,0
1766793600000,0.0656,0.0656,0.0656,0.0656,0,0,0,0
1766880000000,0.0656,0.0656,0.0656,0.0656,0,0,0,0
1766966400000,0.0656,0.0656,0.0656,0.0656,0,0,0,0
1767052800000,0.0656,0.0656,0.0656,0.0656,0,0,0,0
1767139200000,0.0656,0.0656,0.0656,0.0656,0,0,0,0
1767225600000,0.0656,0.0656,0.0656,0.0656,0,0,0,0
1767312000000,0.0656,0.0656,0.0656,0.0656,0,0,0,0
1767398400000,0.0656,0.0656,0.0656,0.0656,0,0,0,0
1767484800000,0.0656,0.0656,0.0656,0.0656,0,0,0,0
1767571200000,0.0656,0.0656,0.0656,0.0656,0,0,0,0
1767657600000,0.0656,0.0656,0.0656,0.0656,0,0,0,0
1767744000000,0.0656,0.0656,0.0656,0.0656,0,0,0,0
1767830400000,0.0656,0.0656,0.0656,0.0656,0,0,0,0
1767916800000,0.0656,0.0656,0.0656,0.0656,0,0,0,0
1768003200000,0.0656,0.0656,0.0656,0.0656,0,0,0,0
1768089600000,0.0656,0.0656,0.0656,0.0656,0,0,0,0
1768176000000,0.0656,0.0656,0.0656,0.0656,0,0,0,0
1768262400000,0.0656,0.0656,0.0656,0.0656,0,0,0,0
1768348800000,0.0656,0.0656,0.0656,0.0656,0,0,0,0
1768435200000,0.0656,0.0656,0.0656,0.0656,0,0,0,0
1768521600000,0.0656,0.0656,0.0656,0.0656,0,0,0,0
1768608000000,0.0656,0.0656,0.0656,0.0656,0,0,0,0
1768694400000,0.0656,0.0656,0.0656,0.0656,0,0,0,0
1768780800000,0.0656,0.0656,0.0656,0.0656,0,0,0,0
1768867200000,0.0656,0.0656,0.0656,0.0656,0,0,0,0
1768953600000,0.0656,0.0656,0.0656,0.0656,0,0,0,0
1769040000000,0.0656,0.0656,0.0656,0.0656,0,0,0,0
1769126400000,0.0656,0.0656,0.0656,0.0656,0,0,0,0
1769212800000,0.0656,0.0656,0.0656,0.0656,0,0,0,0
1769299200000,0.0656,0.0656,0.0656,0.0656,0,0,0,0
1769385600000,0.0656,0.0656,0.0656,0.0656,0,0,0,0
1769472000000,0.0656,0.0656,0.0656,0.0656,0,0,0,0
1769558400000,0.0656,0.0656,0.0656,0.0656,0,0,0,0
1769644800000,0.0656,0.0656,0.0656,0.0656,0,0,0,0
1769731200000,0.0656,0.0656,0.0656,0.0656,0,0,0,0
1769817600000,0.0656,0.0656,0.0656,0.0656,0,0,0,0
1769904000000,0.0656,0.0656,0.0656,0.0656,0,0,0,0
1769990400000,0.0656,0.0656,0.0656,0.0656,0,0,0,0
1770076800000,0.0656,0.0656,0.0656,0.0656,0,0,0,0
1770163200000,0.0656,0.0656,0.0656,0.0656,0,0,0,0
1770249600000,0.0656,0.0656,0.0656,0.0656,0,0,0,0
1770336000000,0.0656,0.0656,0.0656,0.0656,0,0,0,0
1770422400000,0.0656,0.0656,0.0656,0.0656,0,0,0,0
1770508800000,0.0656,0.0656,0.0656,0.0656,0,0,0,0
1770595200000,0.0656,0.0656,0.0656,0.0656,0,0,0,0
1770681600000,0.0656,0.0656,0.0656,0.0656,0,0,0,0
1770768000000,0.0656,0.0656,0.0656,0.0656,0,0,0,0
1770854400000,0.0656,0.0656,0.0656,0.0656,0,0,0,0
1770940800000,0.0656,0.0656,0.0656,0.0656,0,0,0,0
1771027200000,0.0656,0.0656,0.0656,0.0656,0,0,0,0
1771113600000,0.0656,0.0656,0.0656,0.0656,0,0,0,0
1771200000000,0.0656,0.0656,0.0656,0.0656,0,0,0,0
1771286400000,0.0656,0.0656,0.0656,0.0656,0,0,0,0
1771372800000,0.0656,0.0656,0.0656,0.0656,0,0,0,0
1771459200000,0.0656,0.0656,0.0656,0.0656,0,0,0,0
1771545600000,0.0656,0.0656,0.0656,0.0656,0,0,0,0
1771632000000,0.0656,0.0656,0.0656,0.0656,0,0,0,0
1771718400000,0.0656,0.0656,0.0656,0.0656,0,0,0,0
1771804800000,0.0656,0.0656,0.0656,0.0656,0,0,0,0
1771891200000,0.0656,0.0656,0.0656,0.0656,0,0,0,0
1771977600000,0.0656,0.0656,0.0656,0.0656,0,0,0,0
1772064000000,0.0656,0.0656,0.0656,0.0656,0,0,0,0
1772150400000,0.0656,0.0656,0.0656,0.0656,0,0,0,0
1772236800000,0.0656,0.0656,0.0656,0.0656,0,0,0,0
1772323200000,0.0656,0.0656,0.0656,0.0656,0,0,0,0
1772409600000,0.0656,0.0656,0.0656,0.0656,0,0,0,0
1772496000000,0.0656,0.0656,0.0656,0.0656,0,0,0,0
1772582400000,0.0656,0.0656,0.0656,0.0656,0,0,0,0
1772668800000,0.0656,0.0656,0.0656,0.0656,0,0,0,0
1772755200000,0.0656,0.0656,0.0656,0.0656,0,0,0,0
1772841600000,0.0656,0.0656,0.0656,0.0656,0,0,0,0
1772928000000,0.0656,0.0656,0.0656,0.0656,0,0,0,0
1773014400000,0.0656,0.0656,0.0656,0.0656,0,0,0,0
1773100800000,0.0656,0.0656,0.0656,0.0656,0,0,0,0
1773187200000,0.0656,0.0656,0.0656,0.0656,0,0,0,0
1773273600000,0.0656,0.0656,0.0656,0.0656,0,0,0,0
1773360000000,0.0656,0.0656,0.0656,0.0656,0,0,0,0
1773446400000,0.0656,0.0656,0.0656,0.0656,0,0,0,0
1773532800000,0.0656,0.0656,0.0656,0.0656,0,0,0,0
1773619200000,0.0656,0.0656,0.0656,0.0656,0,0,0,0
1773705600000,0.0656,0.0656,0.0656,0.0656,0,0,0,0
1773792000000,0.0656,0.0656,0.0656,0.0656,0,0,0,0
1773878400000,0.0656,0.0656,0.0656,0.0656,0,0,0,0
1773964800000,0.0656,0.0656,0.0656,0.0656,0,0,0,0
1774051200000,0.0656,0.0656,0.0656,0.0656,0,0,0,0
1774137600000,0.0656,0.0656,0.0656,0.0656,0,0,0,0
1774224000000,0.0656,0.0656,0.0656,0.0656,0,0,0,0
1774310400000,0.0656,0.0656,0.0656,0.0656,0,0,0,0
1774396800000,0.0656,0.0656,0.0656,0.0656,0,0,0,0
1774483200000,0.0656,0.0656,0.0656,0.0656,0,0,0,0
1774569600000,0.0656,0.0656,0.0656,0.0656,0,0,0,0
1774656000000,0.0656,0.0656,0.0656,0.0656,0,0,0,0
1774742400000,0.0656,0.0656,0.0656,0.0656,0,0,0,0
1774828800000,0.0656,0.0656,0.0656,0.0656,0,0,0,0
1774915200000,0.0656,0.0656,0.0656,0.0656,0,0,0,0
1775001600000,0.0656,0.0656,0.0656,0.0656,0,0,0,0
1775088000000,0.0656,0.0656,0.0656,0.0656,0,0,0,0
1775174400000,0.0656,0.0656,0.0656,0.0656,0,0,0,0
1775260800000,0.0656,0.0656,0.0656,0.0656,0,0,0,0
1775347200000,0.0656,0.0656,0.0656,0.0656,0,0,0,0
1775433600000,0.0656,0.0656,0.0656,0.0656,0,0,0,0
1775520000000,0.0656,0.0656,0.0656,0.0656,0,0,0,0
1775606400000,0.0656,0.0656,0.0656,0.0656,0,0,0,0
1775692800000,0.0656,0.0656,0.0656,0.0656,0,0,0,0
1775779200000,0.0656,0.0656,0.0656,0.0656,0,0,0,0
1775865600000,0.0656,0.0656,0.0656,0.0656,0,0,0,0
1775952000000,0.0656,0.0656,0.0656,0.0656,0,0,0,0
1776038400000,0.0656,0.0656,0.0656,0.0656,0,0,0,0
1776124800000,0.0656,0.0656,0.0656,0.0656,0,0,0,0
1776211200000,0.0656,0.0656,0.0656,0.0656,0,0,0,0
1776297600000,0.0656,0.0656,0.0656,0.0656,0,0,0,0
1776384000000,0.0656,0.0656,0.0656,0.0656,0,0,0,0
1776470400000,0.0656,0.0656,0.0656,0.0656,0,0,0,0
1776556800000,0.0656,0.0656,0.0656,0.0656,0,0,0,0
1776643200000,0.0656,0.0656,0.0656,0.0656,0,0,0,0
1776729600000,0.0656,0.0656,0.0656,0.0656,0,0,0,0
1776816000000,0.0656,0.0656,0.0656,0.0656,0,0,0,0
1776902400000,0.0656,0.0656,0.0656,0.0656,0,0,0,0
1776988800000,0.0656,0.0656,0.0656,0.0656,0,0,0,0
1777075200000,0.0656,0.0656,0.0656,0.0656,0,0,0,0
1777161600000,0.0656,0.0656,0.0656,0.0656,0,0,0,0
1777248000000,0.0656,0.0656,0.0656,0.0656,0,0,0,0
1777334400000,0.0656,0.0656,0.0656,0.0656,0,0,0,0
1777420800000,0.0656,0.0656,0.0656,0.0656,0,0,0,0
1777507200000,0.0656,0.0656,0.0656,0.0656,0,0,0,0
1777593600000,0.0656,0.0656,0.0656,0.0656,0,0,0,0
1777680000000,0.0656,0.0656,0.0656,0.0656,0,0,0,0
1777766400000,0.0656,0.0656,0.0656,0.0656,0,0,0,0
1777852800000,0.0656,0.0656,0.0656,0.0656,0,0,0,0
1777939200000,0.0656,0.0656,0.0656,0.0656,0,0,0,0
1778025600000,0.0656,0.0656,0.0656,0.0656,0,0,0,0
1778112000000,0.0656,0.0656,0.0656,0.0656,0,0,0,0
1778198400000,0.0656,0.0656,0.0656,0.0656,0,0,0,0
1778284800000,0.0656,0.0656,0.0656,0.0656,0,0,0,0
1778371200000,0.0656,0.0656,0.0656,0.0656,0,0,0,0
1778457600000,0.0656,0.0656,0.0656,0.0656,0,0,0,0
1778544000000,0.0656,0.0656,0.0656,0.0656,0,0,0,0
1778630400000,0.0656,0.0656,0.0656,0.0656,0,0,0,0
1778716800000,0.0656,0.0656,0.0656,0.0656,0,0,0,0
1778803200000,0.0656,0.0656,0.0656,0.0656,0,0,0,0
1778889600000,0.0656,0.0656,0.0656,0.0656,0,0,0,0
1778976000000,0.0656,0.0656,0.0656,0.0656,0,0,0,0
1779062400000,0.0656,0.0656,0.0656,0.0656,0,0,0,0
1779148800000,0.0656,0.0656,0.0656,0.0656,0,0,0,0
1779235200000,0.0656,0.0656,0.0656,0.0656,0,0,0,0
1779321600000,0.0656,0.0656,0.0656,0.0656,0,0,0,0
1779408000000,0.0656,0.0656,0.0656,0.0656,0,0,0,0
1779494400000,0.0656,0.0656,0.0656,0.0656,0,0,0,0
1779580800000,0.0656,0.0656,0.0656,0.0656,0,0,0,0
1779667200000,0.0656,0.0656,0.0656,0.0656,0,0,0,0
1779753600000,0.0656,0.0656,0.0656,0.0656,0,0,0,0
1779840000000,0.0656,0.0656,0.0656,0.0656,0,0,0,0
1779926400000,0.0656,0.0656,0.0656,0.0656,0,0,0,0
1780012800000,0.0656,0.0656,0.0656,0.0656,0,0,0,0
1780099200000,0.0656,0.0656,0.0656,0.0656,0,0,0,0
1780185600000,0.0656,0.0656,0.0656,0.0656,0,0,0,0
1780272000000,0.0656,0.0656,0.0656,0.0656,0,0,0,0
