open_time,open,high,low,close,volume,quote_volume,trades,taker_buy_quote
1626393600000,0.2904,0.2904,0.1711,0.1796,546085941,110074806.3332,363734,55050939.9810
1626480000000,0.1796,0.1929,0.1609,0.1703,694396709,120214105.7179,348391,58350208.1272
1626566400000,0.1704,0.2190,0.1684,0.1980,1096409552,213376424.0243,610376,106935038.5371
1626652800000,0.1980,0.2114,0.1529,0.1607,783616655,136981907.5940,413337,66321195.8119
1626739200000,0.1608,0.1633,0.1287,0.1359,1005700241,138906466.9730,358432,67278614.7202
1626825600000,0.1358,0.1812,0.1314,0.1766,1352820745,215259958.1803,540421,109073069.4643
1626912000000,0.1764,0.1970,0.1701,0.1721,1325363791,241681690.7579,580709,118400045.3647
1626998400000,0.1721,0.2682,0.1721,0.2448,1860210275,386778027.9773,844166,191814590.9299
1627084800000,0.2447,0.3071,0.2282,0.2849,2441092904,651068889.6982,1473927,319712928.2515
1627171200000,0.2849,0.3748,0.2390,0.3689,3219272631,1019547026.9329,2020664,498223981.0272
1627257600000,0.3688,0.3697,0.2625,0.2744,1967915087,606776207.8172,1263559,285767512.0102
1627344000000,0.2742,0.3528,0.2510,0.3238,2263631538,699019787.2941,1532699,334046368.0791
1627430400000,0.3240,0.3450,0.2850,0.2943,1070241886,331394186.1469,768871,152699547.0297
1627516800000,0.2945,0.3215,0.2800,0.2930,898143042,268857740.0627,517569,123586517.9573
1627603200000,0.2930,0.3091,0.2687,0.2877,856913938,244454021.2958,474511,111392406.2802
1627689600000,0.2878,0.3295,0.2812,0.3057,1054440733,325975623.3788,601583,152609445.9192
1627776000000,0.3059,0.3085,0.2752,0.2838,762304058,224099278.5564,409500,96985650.1312
1627862400000,0.2837,0.3039,0.2769,0.2808,563572254,163195111.1782,291415,73172794.8984
1627948800000,0.2811,0.2847,0.2510,0.2625,584831425,154380372.6159,312069,68446067.1985
1628035200000,0.2627,0.2885,0.2571,0.2768,645186524,177839570.4977,333858,81737675.2707
1628121600000,0.2770,0.2870,0.2624,0.2780,603947189,166089269.9028,317454,71265364.6556
1628208000000,0.2781,0.3107,0.2682,0.2897,1005505880,296632603.2045,551497,137442266.8957
1628294400000,0.2896,0.3050,0.2698,0.2816,769998802,224111140.1008,408439,96232160.6920
1628380800000,0.2816,0.2967,0.2594,0.2689,666224799,186713845.6020,366304,79793606.4985
1628467200000,0.2687,0.2894,0.2556,0.2805,666523964,183210857.5856,356815,80821071.6648
1628553600000,0.2804,0.3224,0.2744,0.3104,1139590272,342785082.1035,680587,158925367.5724
1628640000000,0.3106,0.3269,0.2832,0.2881,867876719,265484354.6163,515548,113675512.4651
1628726400000,0.2881,0.3050,0.2631,0.2711,765429016,213979893.2157,422219,92232135.4292
1628812800000,0.2712,0.2996,0.2711,0.2928,569231751,163708343.2884,313740,72114445.2730
1628899200000,0.2930,0.3124,0.2750,0.2896,716871615,209501612.8736,379471,92206127.9249
1628985600000,0.2897,0.3445,0.2860,0.3208,1518698572,481164916.5674,854485,225096100.2542
1629072000000,0.3208,0.3400,0.2844,0.2971,1048359941,332645443.7203,655815,145123760.9816
1629158400000,0.2971,0.3161,0.2683,0.2768,818300890,243133144.9768,476412,105210922.8133
1629244800000,0.2768,0.2833,0.2367,0.2599,1010148032,264759966.0567,548867,116378526.6867
1629331200000,0.2597,0.2746,0.2459,0.2741,627086571,162977946.8492,352322,73021708.1636
1629417600000,0.2741,0.2850,0.2638,0.2782,502959681,137882136.6231,279301,59913856.9173
1629504000000,0.2781,0.3149,0.2645,0.2911,1105474769,327452820.6148,583753,146989007.9445
1629590400000,0.2912,0.3044,0.2747,0.2867,598918734,173627196.0900,322293,75015203.9684
1629676800000,0.2868,0.3100,0.2850,0.3022,723567723,216052004.8663,365346,95437644.4067
1629763200000,0.3022,0.3050,0.2605,0.2701,832053056,238042588.6534,426434,102742916.3701
1629849600000,0.2701,0.3700,0.2553,0.3481,2124803892,686413684.0289,1367835,329467719.0572
1629936000000,0.3480,0.4069,0.3000,0.3036,2039541330,703512987.7582,1329875,336806826.8081
1630022400000,0.3034,0.3289,0.2847,0.3187,1145833398,350114342.8405,679152,158080735.9899
1630108800000,0.3188,0.3686,0.3104,0.3536,1282649218,443183950.1379,841803,208164656.7294
1630195200000,0.3537,0.3945,0.3166,0.3692,1428961958,507795847.8618,926316,239280468.2250
1630281600000,0.3692,0.4150,0.3357,0.3434,1394015655,519975764.3338,908252,242264557.7715
1630368000000,0.3435,0.3744,0.3203,0.3316,835020188,290252533.3240,553671,133071117.1203
1630454400000,0.3314,0.3426,0.3155,0.3297,541928290,179653398.9347,346304,78758702.0884
1630540800000,0.3297,0.3503,0.3265,0.3283,516179337,175065377.6568,336106,74117295.8149
1630627200000,0.3283,0.3329,0.3083,0.3176,472635240,152815061.4274,279424,62725258.6302
1630713600000,0.3176,0.3489,0.3145,0.3273,708758382,236683869.1880,442080,102908892.7871
1630800000000,0.3274,0.3440,0.3240,0.3357,495637079,166633989.9242,295977,71120221.1606
1630886400000,0.3356,0.3586,0.3100,0.3289,754264557,254272422.6346,477047,108659564.1262
1630972800000,0.3289,0.3311,0.1785,0.2341,1572073287,416885188.9820,1044111,179317651.7939
1631059200000,0.2340,0.2428,0.1965,0.2233,1068788730,237614306.2025,581137,112765310.1495
1631145600000,0.2232,0.2389,0.2137,0.2228,683834252,155412958.9671,354279,72564903.7283
1631232000000,0.2229,0.2323,0.1987,0.2069,543490779,116015629.7843,237697,53742612.0104
1631318400000,0.2069,0.2194,0.2020,0.2091,362180972,76428867.5009,155415,36041812.3445
1631404800000,0.2091,0.2309,0.2046,0.2211,438194286,96252690.6019,198918,44507533.0773
1631491200000,0.2211,0.2242,0.1818,0.2000,471646346,95358261.9777,208978,41900256.6086
1631577600000,0.2001,0.2088,0.1966,0.2058,305238434,62059041.4772,130118,28725935.8495
1631664000000,0.2058,0.2268,0.2026,0.2253,400860658,86077212.7846,170803,41196322.1520
1631750400000,0.2252,0.2303,0.2075,0.2163,510172359,112038943.4769,224232,50341532.5822
1631836800000,0.2164,0.2299,0.2035,0.2090,449479135,96618870.8898,229740,42892831.9410
1631923200000,0.2093,0.2391,0.2043,0.2369,461457823,101033595.2044,245491,47717027.5087
1632009600000,0.2369,0.2418,0.2080,0.2133,520263989,115590660.1067,263268,52317510.4035
1632096000000,0.2133,0.2144,0.1664,0.1750,876958142,162419761.1314,407185,73947756.1843
1632182400000,0.1749,0.1810,0.1493,0.1551,923935523,153524777.5101,337354,72489138.9642
1632268800000,0.1551,0.1849,0.1511,0.1819,619192878,104953168.6647,228430,50588400.6095
1632355200000,0.1818,0.1902,0.1766,0.1864,486213798,89540082.0094,191325,42223627.7052
1632441600000,0.1864,0.1953,0.1564,0.1683,754839442,129243702.4657,281801,60546902.4988
1632528000000,0.1683,0.1709,0.1578,0.1632,478389196,78995951.5165,173119,37419989.3516
1632614400000,0.1632,0.1687,0.1435,0.1616,714884491,112193938.2686,235883,53668006.2579
1632700800000,0.1616,0.1707,0.1545,0.1549,499276875,81171528.3351,173861,38361899.5116
1632787200000,0.1549,0.1612,0.1501,0.1526,478559349,74415615.7557,172101,35958754.0460
1632873600000,0.1526,0.1684,0.1512,0.1560,541645997,87336862.3899,196703,41744548.7966
1632960000000,0.1560,0.1741,0.1548,0.1701,663138170,110377666.3989,236997,53050653.0065
1633046400000,0.1701,0.2085,0.1669,0.2033,1046915363,193983752.4336,379391,93553084.3497
1633132800000,0.2034,0.2176,0.1913,0.1973,952624107,194850476.8340,362196,89152302.5466
1633219200000,0.1972,0.2064,0.1904,0.2013,561816113,112177296.5321,212161,52384143.9568
1633305600000,0.2013,0.2164,0.1917,0.2044,915535584,187986911.6077,376331,86452818.5521
1633392000000,0.2044,0.2136,0.1973,0.2074,544127309,112183444.0773,212077,51587001.9412
1633478400000,0.2075,0.2122,0.1817,0.1962,610945483,121079890.8471,249422,54390394.9355
1633564800000,0.1962,0.2313,0.1894,0.2220,837101670,175575532.6701,393305,82150755.9011
1633651200000,0.2221,0.2256,0.2050,0.2086,529378088,112398966.6625,211282,52575935.0380
1633737600000,0.2086,0.2141,0.2034,0.2124,365541741,76096236.9335,144660,34964811.3967
1633824000000,0.2124,0.2130,0.1921,0.1933,396843073,80793519.2668,192205,35864307.9300
1633910400000,0.1933,0.2007,0.1850,0.1910,345339029,66985238.4060,131132,30899714.7008
1633996800000,0.1910,0.1981,0.1739,0.1960,468733076,86387294.8456,176192,41071771.1484
1634083200000,0.1960,0.2017,0.1842,0.1921,516983828,99093692.7806,202052,47185128.0381
1634169600000,0.1922,0.2061,0.1914,0.2001,535836102,106803894.7073,228630,50157354.2484
1634256000000,0.2002,0.2029,0.1887,0.1986,484322160,95314367.2922,178035,44770513.0620
1634342400000,0.1986,0.2095,0.1951,0.1977,378754066,76447266.2648,152530,34984513.7720
1634428800000,0.1977,0.2013,0.1832,0.1904,376232009,73217703.2134,186773,31616250.2906
1634515200000,0.1904,0.1923,0.1836,0.1884,314993112,59413266.6739,131341,27008078.0843
1634601600000,0.1884,0.1922,0.1842,0.1872,262407402,49375224.8838,119739,21647544.8189
1634688000000,0.1872,0.2000,0.1857,0.1967,348031228,67524928.9898,137093,30169210.3998
1634774400000,0.1968,0.2037,0.1861,0.1908,440429745,86407005.4125,200535,37946138.6473
1634860800000,0.1907,0.1983,0.1884,0.1929,286611541,55332601.0806,127911,24472839.8081
1634947200000,0.1928,0.1934,0.1877,0.1923,163789779,31311516.9486,104258,13703099.9410
1635033600000,0.1922,0.1929,0.1801,0.1848,295785524,55571248.0322,109869,23874451.2136
1635120000000,0.1847,0.1935,0.1840,0.1921,284020394,53943983.1213,143147,23866618.9371
1635206400000,0.1921,0.2167,0.1915,0.2065,768404375,156573287.3961,307003,70674167.1105
1635292800000,0.2065,0.2190,0.1553,0.1740,908627453,170354373.0884,343396,76541353.6653
1635379200000,0.1741,0.1850,0.1706,0.1837,519025749,92816650.7636,210631,43200467.3909
1635465600000,0.1837,0.2371,0.1822,0.2151,1941476647,422988289.2793,853061,202284924.8754
1635552000000,0.2152,0.3339,0.2142,0.2865,2896177713,747375067.7314,1574283,360743238.7102
1635638400000,0.2860,0.3153,0.2304,0.2423,1425619409,372327975.2715,739918,174736817.9022
1635724800000,0.2424,0.2743,0.2266,0.2534,1123674356,279970449.0193,632879,132458687.7012
1635811200000,0.2534,0.3039,0.2518,0.2713,1070854358,297969890.8700,678349,139792735.4515
1635897600000,0.2714,0.2812,0.2432,0.2642,754840616,197234985.1426,407552,90742625.4952
1635984000000,0.2642,0.3174,0.2545,0.2870,1617415307,466201738.3145,1014083,222354929.4514
1636070400000,0.2872,0.3268,0.2770,0.2822,1196420594,359050388.5671,755050,170524264.2570
1636156800000,0.2822,0.2882,0.2607,0.2772,468756779,129258056.8991,271912,58453130.6629
1636243200000,0.2772,0.3048,0.2740,0.2933,604822999,175758544.4383,418403,81193411.7328
1636329600000,0.2933,0.2986,0.2764,0.2955,480807388,138487541.5757,330560,64349243.2038
1636416000000,0.2956,0.3015,0.2700,0.2755,416490581,118365254.8180,280099,52219215.3004
1636502400000,0.2755,0.2814,0.2186,0.2480,695571817,180978142.7326,422990,79796372.2181
1636588800000,0.2480,0.2648,0.2432,0.2566,414740559,106380447.2365,271159,49113049.6702
1636675200000,0.2565,0.2729,0.2412,0.2601,729395495,187309547.2381,475549,86176239.4671
1636761600000,0.2602,0.2790,0.2583,0.2610,451658132,120064635.7114,316676,54227813.4004
1636848000000,0.2610,0.2645,0.2490,0.2576,285134981,73310973.0690,176447,32839576.3382
1636934400000,0.2576,0.2700,0.2505,0.2538,376312996,98257230.7580,243471,44109633.8675
1637020800000,0.2538,0.2539,0.2050,0.2243,746031428,173163343.0146,430863,78391193.5172
1637107200000,0.2242,0.2544,0.2181,0.2453,607942513,144023222.7851,448523,68220981.3806
1637193600000,0.2454,0.2828,0.2311,0.2750,1335821669,342436898.4330,966336,163435924.9876
1637280000000,0.2750,0.2919,0.2522,0.2780,1037096344,283183530.1580,710882,135698437.6831
1637366400000,0.2780,0.3506,0.2768,0.3470,1311151331,413724726.9361,1000803,201236295.9332
1637452800000,0.3469,0.4670,0.3261,0.3404,3881482140,1558555016.7921,3358349,756822428.2949
1637539200000,0.3405,0.3890,0.3168,0.3593,2141710368,749408960.6928,1557788,360104601.1310
1637625600000,0.3593,0.4110,0.3520,0.3862,1442093223,554773921.0698,1257390,262381645.2564
1637712000000,0.3862,0.4568,0.3815,0.4521,1506716311,638701996.9779,1533788,305683156.5764
1637798400000,0.4522,0.5715,0.4321,0.4849,1821211544,887742066.2027,2034826,428034734.2472
1637884800000,0.4848,0.5450,0.3633,0.3997,1583898611,692785517.4068,1514731,324709152.9633
1637971200000,0.3996,0.4191,0.3621,0.3727,694932057,268107766.8054,708127,122466299.6374
1638057600000,0.3727,0.4202,0.3330,0.4124,1101712330,412915049.6037,1060082,193526939.7977
1638144000000,0.4125,0.4373,0.3756,0.3799,911033634,368635678.9413,823712,170979270.3880
1638230400000,0.3799,0.4277,0.3630,0.4251,907536744,352108114.6122,819489,165682523.6959
1638316800000,0.4248,0.4850,0.4044,0.4172,1368562205,600783799.4836,1385778,289219952.1430
1638403200000,0.4173,0.4288,0.3772,0.3847,710594314,283828853.8826,732536,131524366.1328
1638489600000,0.3846,0.3947,0.3239,0.3544,578642764,211615407.3963,556996,94578897.5538
1638576000000,0.3543,0.3562,0.1955,0.3005,1364190950,380069211.7128,926655,178397191.9122
1638662400000,0.3005,0.3073,0.2509,0.2632,642773245,176875487.5751,481260,84100681.8321
1638748800000,0.2633,0.2743,0.2200,0.2644,886466825,215784085.9357,644402,103903537.6170
1638835200000,0.2644,0.2798,0.2469,0.2528,573025628,151865668.9692,398044,71359612.9243
1638921600000,0.2528,0.2700,0.2396,0.2629,494492198,126228500.2197,361040,60746687.8101
1639008000000,0.2629,0.2794,0.2404,0.2426,804471161,208269229.8086,520843,99306134.5687
1639094400000,0.2427,0.2599,0.2277,0.2297,645573439,158391549.3545,449841,76220279.1675
1639180800000,0.2296,0.2460,0.2239,0.2429,431688140,102306092.6583,289984,48924762.5177
1639267200000,0.2429,0.2538,0.2374,0.2436,438552720,107621716.3861,286240,51688481.2633
1639353600000,0.2434,0.2487,0.2067,0.2123,574320958,129105674.7641,342370,59270579.2596
1639440000000,0.2123,0.2187,0.2035,0.2140,403792975,85486219.3932,256173,40324532.7893
1639526400000,0.2139,0.2300,0.1989,0.2225,498246668,107643269.1203,338565,51250540.3274
1639612800000,0.2225,0.2294,0.2127,0.2138,310941913,69353437.8450,224101,32953392.5216
1639699200000,0.2138,0.2209,0.2000,0.2069,344699605,72020175.2294,226061,34007406.7845
1639785600000,0.2070,0.2181,0.2033,0.2133,275417515,58323519.3664,182439,28340710.2346
1639872000000,0.2134,0.2187,0.2035,0.2056,253617764,53607963.4071,154756,24451723.1843
1639958400000,0.2055,0.2075,0.1877,0.1989,398215767,78288920.3481,225917,35447990.3468
1640044800000,0.1990,0.2181,0.1980,0.2133,377904381,78012207.8673,205953,37110022.8334
1640131200000,0.2134,0.2231,0.2115,0.2147,392501228,85277644.1459,227021,40139692.7540
1640217600000,0.2148,0.2448,0.2087,0.2404,587108751,133486945.2451,355247,63838896.4171
1640304000000,0.2405,0.2454,0.2239,0.2288,493353868,116858939.9417,279366,54254916.0452
1640390400000,0.2289,0.2434,0.2266,0.2387,372378758,88074335.0669,228095,42309432.5980
1640476800000,0.2387,0.2545,0.2269,0.2503,470079608,112875574.1764,287910,52886282.4528
1640563200000,0.2502,0.2648,0.2422,0.2464,547916741,140583927.2372,318982,65491264.8850
1640649600000,0.2464,0.2466,0.2150,0.2177,627312675,144221586.5551,354081,66972223.8283
1640736000000,0.2177,0.2258,0.2074,0.2140,449497257,97316968.7166,249836,46386350.7061
1640822400000,0.2140,0.2205,0.2077,0.2103,377138720,80829689.1248,228931,37354457.4835
1640908800000,0.2104,0.2198,0.2043,0.2127,390498667,83135860.9857,233653,39062745.2649
1640995200000,0.2128,0.2279,0.2127,0.2256,335786381,74279880.4263,206170,35117843.2626
1641081600000,0.2256,0.2280,0.2164,0.2187,257627648,57166905.8617,158965,25011695.4415
1641168000000,0.2187,0.2188,0.2070,0.2140,301061920,64344679.5597,195768,28844225.9402
1641254400000,0.2140,0.2239,0.2075,0.2135,411128007,89147429.2090,272815,41310924.8328
1641340800000,0.2134,0.2203,0.1746,0.1903,595526618,121007357.7522,362997,54401640.6081
1641427200000,0.1904,0.1954,0.1802,0.1923,560764636,105678386.1538,268218,50474601.7416
1641513600000,0.1922,0.1939,0.1724,0.1775,613037971,110765445.8709,313185,51975384.3552
1641600000000,0.1776,0.1828,0.1579,0.1649,488544784,83229966.6703,243448,38188099.3657
1641686400000,0.1650,0.1744,0.1630,0.1690,369624938,62515003.3454,174626,31121122.4358
1641772800000,0.1690,0.1724,0.1519,0.1603,524053182,84751913.4036,255115,40871532.3357
1641859200000,0.1603,0.1719,0.1585,0.1710,391715020,64715098.2182,188457,31945983.4323
1641945600000,0.1710,0.1829,0.1694,0.1825,317513803,56023060.1317,174740,27544028.6029
1642032000000,0.1825,0.1827,0.1666,0.1678,318306093,55581349.5376,174818,25360217.7552
1642118400000,0.1677,0.1736,0.1627,0.1714,342133996,57859503.9406,177245,27892378.8807
1642204800000,0.1714,0.1908,0.1701,0.1845,593835969,108591901.6811,269570,53181379.9458
1642291200000,0.1845,0.1854,0.1761,0.1805,365370228,66090697.9561,165776,31224216.5439
1642377600000,0.1805,0.1818,0.1645,0.1687,388466550,66542127.0697,188205,31002129.0655
1642464000000,0.1687,0.1709,0.1574,0.1623,428939406,69545625.4218,200004,33532804.9700
1642550400000,0.1623,0.1638,0.1533,0.1568,400163144,63345255.1228,180748,30393571.1043
1642636800000,0.1568,0.1683,0.1488,0.1512,458309020,73275082.4945,202769,35598710.1035
1642723200000,0.1512,0.1523,0.1179,0.1224,950924324,129204878.0749,370961,59788959.6480
1642809600000,0.1224,0.1250,0.0962,0.1063,1342960119,145743627.7040,425987,71587967.7267
1642896000000,0.1064,0.1142,0.1017,0.1081,565345954,60939596.2288,192465,30687029.2176
1642982400000,0.1080,0.1081,0.0895,0.1021,931095887,90688414.9423,315305,44501757.7403
1643068800000,0.1021,0.1059,0.0977,0.1036,608251380,62017527.8084,199419,30988195.5092
1643155200000,0.1037,0.1202,0.1026,0.1077,829786725,91630699.7571,284025,45310131.7705
1643241600000,0.1077,0.1106,0.1012,0.1056,736857614,77965906.2140,251650,37423096.2463
1643328000000,0.1056,0.1091,0.1015,0.1081,533740740,55992777.2004,204231,27266093.7323
1643414400000,0.1081,0.1120,0.1072,0.1102,405942601,44459880.5842,148962,22526437.7706
1643500800000,0.1102,0.1145,0.1057,0.1067,455909507,50360544.9460,152771,23734718.0443
1643587200000,0.1068,0.1126,0.1015,0.1102,496479121,52790586.9097,163343,25935536.8943
1643673600000,0.1103,0.1177,0.1095,0.1132,555841195,63389241.5305,199776,30468866.4246
1643760000000,0.1132,0.1156,0.1048,0.1065,479565742,53297588.4301,168230,25348834.2749
1643846400000,0.1065,0.1072,0.1020,0.1065,452858701,47424407.6665,136452,23139825.6051
1643932800000,0.1064,0.1179,0.1050,0.1174,533744385,59034195.3725,178995,29701316.2087
1644019200000,0.1173,0.1384,0.1160,0.1336,874099422,110315130.6283,310190,53604884.0996
1644105600000,0.1336,0.1435,0.1285,0.1399,1216918794,166642436.8095,411161,80461991.4047
1644192000000,0.1399,0.1490,0.1360,0.1429,713000747,102930058.8881,265397,49382894.2522
1644278400000,0.1430,0.1491,0.1301,0.1373,611770723,84325875.8288,234926,40256965.8607
1644364800000,0.1373,0.1425,0.1317,0.1392,390053229,53740484.0568,160483,25352444.6094
1644451200000,0.1392,0.1644,0.1360,0.1565,2111825903,328447034.9355,757598,166989509.0014
1644537600000,0.1565,0.1644,0.1302,0.1344,1204617130,179824721.4035,445149,86502352.0245
1644624000000,0.1343,0.1344,0.1239,0.1282,685462015,88627319.6252,239290,41951145.1771
1644710400000,0.1282,0.1344,0.1221,0.1226,499195371,64178424.2191,182032,30910309.8178
1644796800000,0.1227,0.1311,0.1180,0.1239,535454325,65839866.8439,213322,31831402.3042
1644883200000,0.1239,0.1405,0.1239,0.1388,668458894,89392919.8203,231853,44501537.1621
1644969600000,0.1387,0.1437,0.1326,0.1372,719369202,98885964.8457,252811,47455201.0005
1645056000000,0.1372,0.1405,0.1224,0.1245,675466814,88654884.2880,268817,41894121.5025
1645142400000,0.1244,0.1295,0.1191,0.1205,534046984,66252907.7576,190318,32027615.9592
1645228800000,0.1205,0.1243,0.1150,0.1191,394569934,47133152.1131,136223,22540030.1830
1645315200000,0.1192,0.1193,0.1074,0.1125,502262646,56188738.4245,163840,26805242.9685
1645401600000,0.1124,0.1222,0.1010,0.1018,1106155197,125085144.1130,348921,61167492.4791
1645488000000,0.1018,0.1079,0.0972,0.1075,669970273,69116824.9706,215053,34817205.4441
1645574400000,0.1075,0.1137,0.1021,0.1028,580189250,63095396.1773,198925,30552021.8126
1645660800000,0.1027,0.1041,0.0849,0.1004,1269381430,118987630.9696,373990,57410262.4223
1645747200000,0.1004,0.1082,0.0984,0.1063,663577694,68342330.7597,205384,33873920.8047
1645833600000,0.1063,0.1101,0.1034,0.1048,445405275,47293527.2913,154739,22892266.9874
1645920000000,0.1048,0.1079,0.0985,0.1000,550055001,56462770.1789,179981,27367117.1977
1646006400000,0.1000,0.1130,0.0976,0.1125,572567203,59827468.3891,192094,29573433.2181
1646092800000,0.1125,0.1183,0.1094,0.1139,589919052,66820896.6981,213493,32707782.7498
1646179200000,0.1138,0.1151,0.1087,0.1103,528126870,59105374.1422,193197,27899618.8626
1646265600000,0.1103,0.1124,0.1035,0.1054,388223595,41753233.9937,172041,18979384.3968
1646352000000,0.1054,0.1063,0.0948,0.0979,446232431,45430030.9346,169364,20882983.9301
1646438400000,0.0979,0.1032,0.0942,0.1016,409990441,40888468.8816,143722,20066367.6962
1646524800000,0.1016,0.1031,0.0962,0.0967,378799189,37630571.7726,131803,17884376.9186
1646611200000,0.0967,0.1021,0.0934,0.0975,540480041,52727183.5183,204484,24968559.8926
1646697600000,0.0974,0.1004,0.0952,0.0968,482238989,47210519.9644,164145,22754115.7682
1646784000000,0.0968,0.1042,0.0966,0.1011,465748270,47252488.9236,154873,23094050.7261
1646870400000,0.1011,0.1020,0.0932,0.0962,462768414,44722031.5246,146484,21507946.7951
1646956800000,0.0963,0.0984,0.0928,0.0930,430609504,41083379.3814,182056,19314459.2757
1647043200000,0.0930,0.0975,0.0927,0.0934,340542149,32300825.4260,130893,14957173.5589
1647129600000,0.0934,0.0968,0.0888,0.0902,395795053,37002455.6360,131430,16842343.8543
1647216000000,0.0902,0.0927,0.0885,0.0922,470641713,42676283.5830,131691,21185613.7721
1647302400000,0.0923,0.0940,0.0895,0.0922,457295574,42067454.2288,124601,21227107.0653
1647388800000,0.0922,0.0980,0.0907,0.0976,560370153,52427513.8642,185009,25678451.7344
1647475200000,0.0977,0.1018,0.0970,0.0987,582326397,57710346.3072,181389,27393730.2987
1647561600000,0.0986,0.1011,0.0954,0.1001,479141428,47035966.1460,145740,22104222.1364
1647648000000,0.1001,0.1079,0.0995,0.1047,530446023,55150415.5914,168078,26467908.9750
1647734400000,0.1046,0.1069,0.0983,0.1005,487282284,49867308.4875,166912,23483047.7306
1647820800000,0.1005,0.1129,0.0970,0.1064,1045497162,111890123.5065,345629,54455160.8084
1647907200000,0.1064,0.1118,0.1057,0.1070,573325385,62498198.9830,198301,29852398.7232
1647993600000,0.1070,0.1176,0.1061,0.1131,804612389,90693845.0553,262133,44339232.0810
1648080000000,0.1132,0.1188,0.1119,0.1168,741274632,85271852.4582,225768,40578030.8213
1648166400000,0.1169,0.1228,0.1139,0.1150,1056299596,125534366.5264,305919,59988238.3243
1648252800000,0.1150,0.1195,0.1137,0.1181,485533159,56688062.0915,143774,26834817.4406
1648339200000,0.1182,0.1274,0.1159,0.1253,590499591,71328710.4005,197730,33723106.3590
1648425600000,0.1253,0.1335,0.1143,0.1199,888194392,113540222.2486,291978,51683796.2226
1648512000000,0.1200,0.1354,0.1193,0.1258,915550403,116562206.7568,307145,55870385.1037
1648598400000,0.1258,0.1318,0.1206,0.1295,820975926,104835563.7394,276435,49305203.5339
1648684800000,0.1296,0.1344,0.1206,0.1234,854165870,109671003.3685,255634,51448883.6668
1648771200000,0.1234,0.1467,0.1166,0.1363,1051440844,138565742.1871,374505,67085077.7961
1648857600000,0.1363,0.1485,0.1320,0.1333,1032510056,144748263.0245,399033,67904389.1221
1648944000000,0.1332,0.1381,0.1285,0.1359,451027041,60677195.3652,184151,28874294.2573
1649030400000,0.1359,0.1380,0.1257,0.1338,618644351,82095471.5811,212535,38906861.7564
1649116800000,0.1338,0.1373,0.1265,0.1273,387201636,51433378.5999,165333,23377771.9460
1649203200000,0.1274,0.1275,0.1092,0.1102,759682473,89745906.3572,280451,41042495.7150
1649289600000,0.1102,0.1171,0.1076,0.1148,475762024,53937889.2323,187927,26327024.5771
1649376000000,0.1148,0.1175,0.1062,0.1075,453752647,50926906.2951,159958,23816113.8821
1649462400000,0.1075,0.1120,0.1072,0.1117,272800888,29838938.4574,101380,14455304.3599
1649548800000,0.1117,0.1125,0.1054,0.1060,289656196,31748018.5880,111935,14654428.7297
1649635200000,0.1060,0.1064,0.0946,0.0967,698024674,70194063.5098,215732,31973207.7339
1649721600000,0.0968,0.1036,0.0964,0.1015,467771527,46956195.6606,166127,21979952.1899
1649808000000,0.1016,0.1049,0.0990,0.1041,449382592,45951350.4420,138154,22312784.2778
1649894400000,0.1041,0.1067,0.0988,0.1008,498203619,51077212.6024,151431,24202822.5612
1649980800000,0.1009,0.1030,0.0993,0.1018,346334500,35133728.5966,98673,16708801.8479
1650067200000,0.1018,0.1045,0.0997,0.1029,368612950,37521886.5641,78234,18540234.6686
1650153600000,0.1029,0.1033,0.0957,0.0966,447601107,45220440.2227,106921,20427696.0590
1650240000000,0.0966,0.0994,0.0895,0.0991,774065295,73108792.6633,177198,34485000.0935
1650326400000,0.0992,0.1022,0.0978,0.1012,547044937,54923906.3183,129568,25833945.7963
1650412800000,0.1012,0.1049,0.0985,0.1010,764561378,78027920.6890,165785,36037564.3389
1650499200000,0.1010,0.1037,0.0944,0.0972,565665687,57121970.5899,139397,26165599.3325
1650585600000,0.0973,0.1006,0.0958,0.0971,499220793,48899839.2025,125742,23333857.3028
1650672000000,0.0971,0.0980,0.0942,0.0950,330104896,31757996.2540,79380,15101378.9818
1650758400000,0.0951,0.0970,0.0935,0.0942,275872423,26238136.0893,78611,12577190.5514
1650844800000,0.0941,0.0944,0.0854,0.0937,756355851,67945075.8615,174297,31400303.5134
1650931200000,0.0937,0.0948,0.0830,0.0850,653671006,58391230.7378,148221,27196222.6667
1651017600000,0.0850,0.0897,0.0840,0.0889,432037995,37802127.7904,114453,17856365.7963
1651104000000,0.0889,0.0930,0.0870,0.0907,709994304,63869876.5993,163368,30824579.5101
1651190400000,0.0907,0.0964,0.0837,0.0858,1101909119,99128271.8201,229806,46843924.1388
1651276800000,0.0858,0.0888,0.0695,0.0738,995402683,80286784.0649,194925,37643103.8919
1651363200000,0.0737,0.0788,0.0717,0.0770,958337813,72246173.2702,148646,35855367.0451
1651449600000,0.0771,0.0791,0.0722,0.0752,860678599,65484247.5925,154644,31862618.8979
1651536000000,0.0752,0.0780,0.0724,0.0741,712015263,53699165.9489,111833,26182363.8567
1651622400000,0.0741,0.0829,0.0738,0.0826,776310921,59949097.5060,136785,29732814.6360
1651708800000,0.0826,0.0837,0.0704,0.0730,978330428,75072780.0621,188629,35543529.2799
1651795200000,0.0731,0.0741,0.0700,0.0730,819469846,59284431.2976,149334,28848670.8740
1651881600000,0.0730,0.0736,0.0660,0.0690,663998599,47201036.9492,111242,22963469.0966
1651968000000,0.0691,0.0699,0.0662,0.0674,699964096,47620021.3995,124529,23407368.9699
1652054400000,0.0675,0.0694,0.0512,0.0521,1522805351,92686354.9145,260256,44131037.4210
1652140800000,0.0522,0.0631,0.0510,0.0575,1842210440,106606615.8890,305256,53126381.3270
1652227200000,0.0575,0.0597,0.0301,0.0329,3455476566,147390666.1694,476008,71442302.0367
1652313600000,0.0330,0.0361,0.0232,0.0276,3643105247,102774295.2807,334912,51357416.4639
1652400000000,0.0276,0.0363,0.0271,0.0314,1714875864,56618982.3374,189148,28091324.7348
1652486400000,0.0314,0.0347,0.0288,0.0336,1357813445,43084672.4351,135437,21737216.8851
1652572800000,0.0336,0.0364,0.0315,0.0361,789385162,26563009.5352,88491,13149488.9360
1652659200000,0.0362,0.0362,0.0312,0.0331,1550814893,51288989.8662,152730,25650178.5842
1652745600000,0.0331,0.0382,0.0329,0.0366,2068145686,73883085.4463,186068,36703542.5455
1652832000000,0.0366,0.0377,0.0313,0.0315,1847848052,64414752.5318,156574,32112533.8922
1652918400000,0.0315,0.0355,0.0307,0.0351,1383199310,45655817.7388,135159,22946503.6914
1653004800000,0.0352,0.0356,0.0320,0.0334,1599387963,54203630.6705,148323,26914197.5502
1653091200000,0.0335,0.0369,0.0325,0.0366,1500309119,52197273.6075,138306,25997199.7907
1653177600000,0.0366,0.0433,0.0357,0.0397,2887102370,114574378.4789,267187,57145905.6932
1653264000000,0.0397,0.0408,0.0354,0.0362,2250968468,87737713.2354,211041,43271778.0940
1653350400000,0.0362,0.0383,0.0341,0.0375,1628118657,59650334.0621,160127,29791972.2401
1653436800000,0.0375,0.0383,0.0354,0.0360,1296243945,47532944.4968,138229,23238922.3218
1653523200000,0.0360,0.0370,0.0306,0.0320,1659339575,56000877.1426,174186,27304221.6101
1653609600000,0.0320,0.0330,0.0302,0.0310,2002287232,63420174.6673,182793,31342182.6147
1653696000000,0.0310,0.0324,0.0304,0.0319,799669589,25270282.5121,78929,12307452.4872
1653782400000,0.0319,0.0347,0.0311,0.0341,809487148,26434896.4928,84407,13034265.4105
1653868800000,0.0341,0.0382,0.0337,0.0381,1109535104,39318903.7790,115205,19500049.6509
1653955200000,0.0381,0.0393,0.0352,0.0370,1132450245,42312364.6128,131470,20759707.0401
1654041600000,0.0370,0.0376,0.0322,0.0331,1265618374,44769721.9320,144092,22304099.7569
1654128000000,0.0330,0.0387,0.0323,0.0382,2184414320,75826935.0404,222168,38283957.0939
1654214400000,0.0383,0.0410,0.0346,0.0361,3266399401,121910884.4085,341655,60745767.5496
1654300800000,0.0361,0.0368,0.0347,0.0354,989503793,35364014.1573,105687,17464237.3060
1654387200000,0.0354,0.0361,0.0346,0.0351,828242133,29301068.5308,71329,14580540.1475
1654473600000,0.0351,0.0371,0.0349,0.0361,1268009126,45871636.9066,98644,23028818.5054
1654560000000,0.0362,0.0366,0.0323,0.0348,1528445460,51926939.6488,117612,25504889.2846
1654646400000,0.0348,0.0357,0.0334,0.0347,1109257914,38469394.3276,83819,19443406.5125
1654732800000,0.0346,0.0353,0.0337,0.0347,264342000,9064807.7014,24917,4669344.4872
1654819200000,0.0347,0.0347,0.0347,0.0347,0,0.0000,0,0.0000
1654905600000,0.0347,0.0347,0.0347,0.0347,0,0.0000,0,0.0000
1654992000000,0.0347,0.0347,0.0347,0.0347,0,0.0000,0,0.0000
1655078400000,0.0347,0.0347,0.0347,0.0347,0,0.0000,0,0.0000
1655164800000,0.0347,0.0347,0.0347,0.0347,0,0.0000,0,0.0000
1655251200000,0.0347,0.0347,0.0347,0.0347,0,0.0000,0,0.0000
1655337600000,0.0347,0.0347,0.0347,0.0347,0,0.0000,0,0.0000
1655424000000,0.0347,0.0347,0.0347,0.0347,0,0.0000,0,0.0000
1655510400000,0.0347,0.0347,0.0347,0.0347,0,0.0000,0,0.0000
1655596800000,0.0347,0.0347,0.0347,0.0347,0,0.0000,0,0.0000
1655683200000,0.0347,0.0347,0.0347,0.0347,0,0.0000,0,0.0000
1655769600000,0.0347,0.0347,0.0347,0.0347,0,0.0000,0,0.0000
1655856000000,0.0347,0.0347,0.0347,0.0347,0,0.0000,0,0.0000
1655942400000,0.0347,0.0347,0.0347,0.0347,0,0.0000,0,0.0000
1656028800000,0.0347,0.0347,0.0347,0.0347,0,0.0000,0,0.0000
1656115200000,0.0347,0.0347,0.0347,0.0347,0,0.0000,0,0.0000
1656201600000,0.0347,0.0347,0.0347,0.0347,0,0.0000,0,0.0000
1656288000000,0.0347,0.0347,0.0347,0.0347,0,0.0000,0,0.0000
1656374400000,0.0347,0.0347,0.0347,0.0347,0,0.0000,0,0.0000
1656460800000,0.0347,0.0347,0.0347,0.0347,0,0.0000,0,0.0000
1656547200000,0.0347,0.0347,0.0347,0.0347,0,0.0000,0,0.0000
1656633600000,0.0347,0.0347,0.0347,0.0347,0,0.0000,0,0.0000
1656720000000,0.0347,0.0347,0.0347,0.0347,0,0.0000,0,0.0000
1656806400000,0.0347,0.0347,0.0347,0.0347,0,0.0000,0,0.0000
1656892800000,0.0347,0.0347,0.0347,0.0347,0,0.0000,0,0.0000
1656979200000,0.0347,0.0347,0.0347,0.0347,0,0.0000,0,0.0000
1657065600000,0.0347,0.0347,0.0347,0.0347,0,0.0000,0,0.0000
1657152000000,0.0347,0.0347,0.0347,0.0347,0,0.0000,0,0.0000
1657238400000,0.0347,0.0347,0.0347,0.0347,0,0.0000,0,0.0000
1657324800000,0.0347,0.0347,0.0347,0.0347,0,0.0000,0,0.0000
1657411200000,0.0347,0.0347,0.0347,0.0347,0,0.0000,0,0.0000
1657497600000,0.0347,0.0347,0.0347,0.0347,0,0.0000,0,0.0000
1657584000000,0.0347,0.0347,0.0347,0.0347,0,0.0000,0,0.0000
1657670400000,0.0347,0.0347,0.0347,0.0347,0,0.0000,0,0.0000
1657756800000,0.0347,0.0347,0.0347,0.0347,0,0.0000,0,0.0000
1657843200000,0.0347,0.0347,0.0347,0.0347,0,0.0000,0,0.0000
1657929600000,0.0347,0.0347,0.0347,0.0347,0,0.0000,0,0.0000
1658016000000,0.0347,0.0347,0.0347,0.0347,0,0.0000,0,0.0000
1658102400000,0.0347,0.0347,0.0347,0.0347,0,0.0000,0,0.0000
1658188800000,0.0347,0.0347,0.0347,0.0347,0,0.0000,0,0.0000
1658275200000,0.0347,0.0347,0.0347,0.0347,0,0.0000,0,0.0000
1658361600000,0.0347,0.0347,0.0347,0.0347,0,0.0000,0,0.0000
1658448000000,0.0347,0.0347,0.0347,0.0347,0,0.0000,0,0.0000
1658534400000,0.0347,0.0347,0.0347,0.0347,0,0.0000,0,0.0000
1658620800000,0.0347,0.0347,0.0347,0.0347,0,0.0000,0,0.0000
1658707200000,0.0347,0.0347,0.0347,0.0347,0,0.0000,0,0.0000
1658793600000,0.0347,0.0347,0.0347,0.0347,0,0.0000,0,0.0000
1658880000000,0.0347,0.0347,0.0347,0.0347,0,0.0000,0,0.0000
1658966400000,0.0347,0.0347,0.0347,0.0347,0,0.0000,0,0.0000
1659052800000,0.0347,0.0347,0.0347,0.0347,0,0.0000,0,0.0000
1659139200000,0.0347,0.0347,0.0347,0.0347,0,0.0000,0,0.0000
1659225600000,0.0347,0.0347,0.0347,0.0347,0,0.0000,0,0.0000
1659312000000,0.0347,0.0347,0.0347,0.0347,0,0.0000,0,0.0000
1659398400000,0.0347,0.0347,0.0347,0.0347,0,0.0000,0,0.0000
1659484800000,0.0347,0.0347,0.0347,0.0347,0,0.0000,0,0.0000
1659571200000,0.0347,0.0347,0.0347,0.0347,0,0.0000,0,0.0000
1659657600000,0.0347,0.0347,0.0347,0.0347,0,0.0000,0,0.0000
1659744000000,0.0347,0.0347,0.0347,0.0347,0,0.0000,0,0.0000
1659830400000,0.0347,0.0347,0.0347,0.0347,0,0.0000,0,0.0000
1659916800000,0.0347,0.0347,0.0347,0.0347,0,0.0000,0,0.0000
1660003200000,0.0347,0.0347,0.0347,0.0347,0,0.0000,0,0.0000
1660089600000,0.0347,0.0347,0.0347,0.0347,0,0.0000,0,0.0000
1660176000000,0.0347,0.0347,0.0347,0.0347,0,0.0000,0,0.0000
1660262400000,0.0347,0.0347,0.0347,0.0347,0,0.0000,0,0.0000
1660348800000,0.0347,0.0347,0.0347,0.0347,0,0.0000,0,0.0000
1660435200000,0.0347,0.0347,0.0347,0.0347,0,0.0000,0,0.0000
1660521600000,0.0347,0.0347,0.0347,0.0347,0,0.0000,0,0.0000
1660608000000,0.0347,0.0347,0.0347,0.0347,0,0.0000,0,0.0000
1660694400000,0.0347,0.0347,0.0347,0.0347,0,0.0000,0,0.0000
1660780800000,0.0347,0.0347,0.0347,0.0347,0,0.0000,0,0.0000
1660867200000,0.0347,0.0347,0.0347,0.0347,0,0.0000,0,0.0000
1660953600000,0.0347,0.0347,0.0347,0.0347,0,0.0000,0,0.0000
1661040000000,0.0347,0.0347,0.0347,0.0347,0,0.0000,0,0.0000
1661126400000,0.0347,0.0347,0.0347,0.0347,0,0.0000,0,0.0000
1661212800000,0.0347,0.0347,0.0347,0.0347,0,0.0000,0,0.0000
1661299200000,0.0347,0.0347,0.0347,0.0347,0,0.0000,0,0.0000
1661385600000,0.0347,0.0347,0.0347,0.0347,0,0.0000,0,0.0000
1661472000000,0.0347,0.0347,0.0347,0.0347,0,0.0000,0,0.0000
1661558400000,0.0347,0.0347,0.0347,0.0347,0,0.0000,0,0.0000
1661644800000,0.0347,0.0347,0.0347,0.0347,0,0.0000,0,0.0000
1661731200000,0.0347,0.0347,0.0347,0.0347,0,0.0000,0,0.0000
1661817600000,0.0347,0.0347,0.0347,0.0347,0,0.0000,0,0.0000
1661904000000,0.0347,0.0347,0.0347,0.0347,0,0.0000,0,0.0000
1661990400000,0.0347,0.0347,0.0347,0.0347,0,0.0000,0,0.0000
1662076800000,0.0347,0.0347,0.0347,0.0347,0,0.0000,0,0.0000
1662163200000,0.0347,0.0347,0.0347,0.0347,0,0.0000,0,0.0000
1662249600000,0.0347,0.0347,0.0347,0.0347,0,0.0000,0,0.0000
1662336000000,0.0347,0.0347,0.0347,0.0347,0,0.0000,0,0.0000
1662422400000,0.0347,0.0347,0.0347,0.0347,0,0.0000,0,0.0000
1662508800000,0.0347,0.0347,0.0347,0.0347,0,0.0000,0,0.0000
1662595200000,0.0347,0.0347,0.0347,0.0347,0,0.0000,0,0.0000
1662681600000,0.0347,0.0347,0.0347,0.0347,0,0.0000,0,0.0000
1662768000000,0.0347,0.0347,0.0347,0.0347,0,0.0000,0,0.0000
1662854400000,0.0347,0.0347,0.0347,0.0347,0,0.0000,0,0.0000
1662940800000,0.0347,0.0347,0.0347,0.0347,0,0.0000,0,0.0000
1663027200000,0.0347,0.0347,0.0347,0.0347,0,0.0000,0,0.0000
1663113600000,0.0347,0.0347,0.0347,0.0347,0,0.0000,0,0.0000
1663200000000,0.0347,0.0347,0.0347,0.0347,0,0.0000,0,0.0000
1663286400000,0.0347,0.0347,0.0347,0.0347,0,0.0000,0,0.0000
1663372800000,0.0347,0.0347,0.0347,0.0347,0,0.0000,0,0.0000
1663459200000,0.0347,0.0347,0.0347,0.0347,0,0.0000,0,0.0000
1663545600000,0.0347,0.0347,0.0347,0.0347,0,0.0000,0,0.0000
1663632000000,0.0347,0.0347,0.0347,0.0347,0,0.0000,0,0.0000
1663718400000,0.0347,0.0347,0.0347,0.0347,0,0.0000,0,0.0000
1663804800000,0.0347,0.0347,0.0347,0.0347,0,0.0000,0,0.0000
1663891200000,0.0347,0.0347,0.0347,0.0347,0,0.0000,0,0.0000
1663977600000,0.0347,0.0347,0.0347,0.0347,0,0.0000,0,0.0000
1664064000000,0.0347,0.0347,0.0347,0.0347,0,0.0000,0,0.0000
1664150400000,0.0347,0.0347,0.0347,0.0347,0,0.0000,0,0.0000
1664236800000,0.0347,0.0347,0.0347,0.0347,0,0.0000,0,0.0000
1664323200000,0.0347,0.0347,0.0347,0.0347,0,0.0000,0,0.0000
1664409600000,0.0347,0.0347,0.0347,0.0347,0,0.0000,0,0.0000
1664496000000,0.0347,0.0347,0.0347,0.0347,0,0.0000,0,0.0000
1664582400000,0.0347,0.0347,0.0347,0.0347,0,0.0000,0,0.0000
1664668800000,0.0347,0.0347,0.0347,0.0347,0,0.0000,0,0.0000
1664755200000,0.0347,0.0347,0.0347,0.0347,0,0.0000,0,0.0000
1664841600000,0.0347,0.0347,0.0347,0.0347,0,0.0000,0,0.0000
1664928000000,0.0347,0.0347,0.0347,0.0347,0,0.0000,0,0.0000
1665014400000,0.0347,0.0347,0.0347,0.0347,0,0.0000,0,0.0000
1665100800000,0.0347,0.0347,0.0347,0.0347,0,0.0000,0,0.0000
1665187200000,0.0347,0.0347,0.0347,0.0347,0,0.0000,0,0.0000
1665273600000,0.0347,0.0347,0.0347,0.0347,0,0.0000,0,0.0000
1665360000000,0.0347,0.0347,0.0347,0.0347,0,0.0000,0,0.0000
1665446400000,0.0347,0.0347,0.0347,0.0347,0,0.0000,0,0.0000
1665532800000,0.0347,0.0347,0.0347,0.0347,0,0.0000,0,0.0000
1665619200000,0.0347,0.0347,0.0347,0.0347,0,0.0000,0,0.0000
1665705600000,0.0347,0.0347,0.0347,0.0347,0,0.0000,0,0.0000
1665792000000,0.0347,0.0347,0.0347,0.0347,0,0.0000,0,0.0000
1665878400000,0.0347,0.0347,0.0347,0.0347,0,0.0000,0,0.0000
1665964800000,0.0347,0.0347,0.0347,0.0347,0,0.0000,0,0.0000
1666051200000,0.0347,0.0347,0.0347,0.0347,0,0.0000,0,0.0000
1666137600000,0.0347,0.0347,0.0347,0.0347,0,0.0000,0,0.0000
1666224000000,0.0347,0.0347,0.0347,0.0347,0,0.0000,0,0.0000
1666310400000,0.0347,0.0347,0.0347,0.0347,0,0.0000,0,0.0000
1666396800000,0.0347,0.0347,0.0347,0.0347,0,0.0000,0,0.0000
1666483200000,0.0347,0.0347,0.0347,0.0347,0,0.0000,0,0.0000
1666569600000,0.0347,0.0347,0.0347,0.0347,0,0.0000,0,0.0000
1666656000000,0.0347,0.0347,0.0347,0.0347,0,0.0000,0,0.0000
1666742400000,0.0347,0.0347,0.0347,0.0347,0,0.0000,0,0.0000
1666828800000,0.0347,0.0347,0.0347,0.0347,0,0.0000,0,0.0000
1666915200000,0.0347,0.0347,0.0347,0.0347,0,0.0000,0,0.0000
1667001600000,0.0347,0.0347,0.0347,0.0347,0,0.0000,0,0.0000
1667088000000,0.0347,0.0347,0.0347,0.0347,0,0.0000,0,0.0000
1667174400000,0.0347,0.0347,0.0347,0.0347,0,0.0000,0,0.0000
1667260800000,0.0347,0.0347,0.0347,0.0347,0,0.0000,0,0.0000
1667347200000,0.0347,0.0347,0.0347,0.0347,0,0.0000,0,0.0000
1667433600000,0.0347,0.0347,0.0347,0.0347,0,0.0000,0,0.0000
1667520000000,0.0347,0.0347,0.0347,0.0347,0,0.0000,0,0.0000
1667606400000,0.0347,0.0347,0.0347,0.0347,0,0.0000,0,0.0000
1667692800000,0.0347,0.0347,0.0347,0.0347,0,0.0000,0,0.0000
1667779200000,0.0347,0.0347,0.0347,0.0347,0,0.0000,0,0.0000
1667865600000,0.0347,0.0347,0.0347,0.0347,0,0.0000,0,0.0000
1667952000000,0.0347,0.0347,0.0347,0.0347,0,0.0000,0,0.0000
1668038400000,0.0347,0.0347,0.0347,0.0347,0,0.0000,0,0.0000
1668124800000,0.0347,0.0347,0.0347,0.0347,0,0.0000,0,0.0000
1668211200000,0.0347,0.0347,0.0347,0.0347,0,0.0000,0,0.0000
1668297600000,0.0347,0.0347,0.0347,0.0347,0,0.0000,0,0.0000
1668384000000,0.0347,0.0347,0.0347,0.0347,0,0.0000,0,0.0000
1668470400000,0.0347,0.0347,0.0347,0.0347,0,0.0000,0,0.0000
1668556800000,0.0347,0.0347,0.0347,0.0347,0,0.0000,0,0.0000
1668643200000,0.0347,0.0347,0.0347,0.0347,0,0.0000,0,0.0000
1668729600000,0.0347,0.0347,0.0347,0.0347,0,0.0000,0,0.0000
1668816000000,0.0347,0.0347,0.0347,0.0347,0,0.0000,0,0.0000
1668902400000,0.0347,0.0347,0.0347,0.0347,0,0.0000,0,0.0000
1668988800000,0.0347,0.0347,0.0347,0.0347,0,0.0000,0,0.0000
1669075200000,0.0347,0.0347,0.0347,0.0347,0,0.0000,0,0.0000
1669161600000,0.0347,0.0347,0.0347,0.0347,0,0.0000,0,0.0000
1669248000000,0.0347,0.0347,0.0347,0.0347,0,0.0000,0,0.0000
1669334400000,0.0347,0.0347,0.0347,0.0347,0,0.0000,0,0.0000
1669420800000,0.0347,0.0347,0.0347,0.0347,0,0.0000,0,0.0000
1669507200000,0.0347,0.0347,0.0347,0.0347,0,0.0000,0,0.0000
1669593600000,0.0347,0.0347,0.0347,0.0347,0,0.0000,0,0.0000
1669680000000,0.0347,0.0347,0.0347,0.0347,0,0.0000,0,0.0000
1669766400000,0.0347,0.0347,0.0347,0.0347,0,0.0000,0,0.0000
1669852800000,0.0347,0.0347,0.0347,0.0347,0,0.0000,0,0.0000
1669939200000,0.0347,0.0347,0.0347,0.0347,0,0.0000,0,0.0000
1670025600000,0.0347,0.0347,0.0347,0.0347,0,0.0000,0,0.0000
1670112000000,0.0347,0.0347,0.0347,0.0347,0,0.0000,0,0.0000
1670198400000,0.0347,0.0347,0.0347,0.0347,0,0.0000,0,0.0000
1670284800000,0.0347,0.0347,0.0347,0.0347,0,0.0000,0,0.0000
1670371200000,0.0347,0.0347,0.0347,0.0347,0,0.0000,0,0.0000
1670457600000,0.0347,0.0347,0.0347,0.0347,0,0.0000,0,0.0000
1670544000000,0.0347,0.0347,0.0347,0.0347,0,0.0000,0,0.0000
1670630400000,0.0347,0.0347,0.0347,0.0347,0,0.0000,0,0.0000
1670716800000,0.0347,0.0347,0.0347,0.0347,0,0.0000,0,0.0000
1670803200000,0.0347,0.0347,0.0347,0.0347,0,0.0000,0,0.0000
1670889600000,0.0347,0.0347,0.0347,0.0347,0,0.0000,0,0.0000
1670976000000,0.0347,0.0347,0.0347,0.0347,0,0.0000,0,0.0000
1671062400000,0.0347,0.0347,0.0347,0.0347,0,0.0000,0,0.0000
1671148800000,0.0347,0.0347,0.0347,0.0347,0,0.0000,0,0.0000
1671235200000,0.0347,0.0347,0.0347,0.0347,0,0.0000,0,0.0000
1671321600000,0.0347,0.0347,0.0347,0.0347,0,0.0000,0,0.0000
1671408000000,0.0347,0.0347,0.0347,0.0347,0,0.0000,0,0.0000
1671494400000,0.0347,0.0347,0.0347,0.0347,0,0.0000,0,0.0000
1671580800000,0.0347,0.0347,0.0347,0.0347,0,0.0000,0,0.0000
1671667200000,0.0347,0.0347,0.0347,0.0347,0,0.0000,0,0.0000
1671753600000,0.0347,0.0347,0.0347,0.0347,0,0.0000,0,0.0000
1671840000000,0.0347,0.0347,0.0347,0.0347,0,0.0000,0,0.0000
1671926400000,0.0347,0.0347,0.0347,0.0347,0,0.0000,0,0.0000
1672012800000,0.0347,0.0347,0.0347,0.0347,0,0.0000,0,0.0000
1672099200000,0.0347,0.0347,0.0347,0.0347,0,0.0000,0,0.0000
1672185600000,0.0347,0.0347,0.0347,0.0347,0,0.0000,0,0.0000
1672272000000,0.0347,0.0347,0.0347,0.0347,0,0.0000,0,0.0000
1672358400000,0.0347,0.0347,0.0347,0.0347,0,0.0000,0,0.0000
1672444800000,0.0347,0.0347,0.0347,0.0347,0,0.0000,0,0.0000
1672531200000,0.0347,0.0347,0.0347,0.0347,0,0.0000,0,0.0000
1672617600000,0.0347,0.0347,0.0347,0.0347,0,0.0000,0,0.0000
1672704000000,0.0347,0.0347,0.0347,0.0347,0,0.0000,0,0.0000
1672790400000,0.0347,0.0347,0.0347,0.0347,0,0.0000,0,0.0000
1672876800000,0.0347,0.0347,0.0347,0.0347,0,0.0000,0,0.0000
1672963200000,0.0347,0.0347,0.0347,0.0347,0,0.0000,0,0.0000
1673049600000,0.0347,0.0347,0.0347,0.0347,0,0.0000,0,0.0000
1673136000000,0.0347,0.0347,0.0347,0.0347,0,0.0000,0,0.0000
1673222400000,0.0347,0.0347,0.0347,0.0347,0,0.0000,0,0.0000
1673308800000,0.0347,0.0347,0.0347,0.0347,0,0.0000,0,0.0000
1673395200000,0.0347,0.0347,0.0347,0.0347,0,0.0000,0,0.0000
1673481600000,0.0347,0.0347,0.0347,0.0347,0,0.0000,0,0.0000
1673568000000,0.0347,0.0347,0.0347,0.0347,0,0.0000,0,0.0000
1673654400000,0.0347,0.0347,0.0347,0.0347,0,0.0000,0,0.0000
1673740800000,0.0347,0.0347,0.0347,0.0347,0,0.0000,0,0.0000
1673827200000,0.0347,0.0347,0.0347,0.0347,0,0.0000,0,0.0000
1673913600000,0.0347,0.0347,0.0347,0.0347,0,0.0000,0,0.0000
1674000000000,0.0347,0.0347,0.0347,0.0347,0,0.0000,0,0.0000
1674086400000,0.0347,0.0347,0.0347,0.0347,0,0.0000,0,0.0000
1674172800000,0.0347,0.0347,0.0347,0.0347,0,0.0000,0,0.0000
1674259200000,0.0347,0.0347,0.0347,0.0347,0,0.0000,0,0.0000
1674345600000,0.0347,0.0347,0.0347,0.0347,0,0.0000,0,0.0000
1674432000000,0.0347,0.0347,0.0347,0.0347,0,0.0000,0,0.0000
1674518400000,0.0347,0.0347,0.0347,0.0347,0,0.0000,0,0.0000
1674604800000,0.0347,0.0347,0.0347,0.0347,0,0.0000,0,0.0000
1674691200000,0.0347,0.0347,0.0347,0.0347,0,0.0000,0,0.0000
1674777600000,0.0347,0.0347,0.0347,0.0347,0,0.0000,0,0.0000
1674864000000,0.0347,0.0347,0.0347,0.0347,0,0.0000,0,0.0000
1674950400000,0.0347,0.0347,0.0347,0.0347,0,0.0000,0,0.0000
1675036800000,0.0347,0.0347,0.0347,0.0347,0,0.0000,0,0.0000
1675123200000,0.0347,0.0347,0.0347,0.0347,0,0.0000,0,0.0000
1675209600000,0.0347,0.0347,0.0347,0.0347,0,0.0000,0,0.0000
1675296000000,0.0347,0.0347,0.0347,0.0347,0,0.0000,0,0.0000
1675382400000,0.0347,0.0347,0.0347,0.0347,0,0.0000,0,0.0000
1675468800000,0.0347,0.0347,0.0347,0.0347,0,0.0000,0,0.0000
1675555200000,0.0347,0.0347,0.0347,0.0347,0,0.0000,0,0.0000
1675641600000,0.0347,0.0347,0.0347,0.0347,0,0.0000,0,0.0000
1675728000000,0.0347,0.0347,0.0347,0.0347,0,0.0000,0,0.0000
1675814400000,0.0347,0.0347,0.0347,0.0347,0,0.0000,0,0.0000
1675900800000,0.0347,0.0347,0.0347,0.0347,0,0.0000,0,0.0000
1675987200000,0.0347,0.0347,0.0347,0.0347,0,0.0000,0,0.0000
1676073600000,0.0347,0.0347,0.0347,0.0347,0,0.0000,0,0.0000
1676160000000,0.0347,0.0347,0.0347,0.0347,0,0.0000,0,0.0000
1676246400000,0.0347,0.0347,0.0347,0.0347,0,0.0000,0,0.0000
1676332800000,0.0347,0.0347,0.0347,0.0347,0,0.0000,0,0.0000
1676419200000,0.0347,0.0347,0.0347,0.0347,0,0.0000,0,0.0000
1676505600000,0.0347,0.0347,0.0347,0.0347,0,0.0000,0,0.0000
1676592000000,0.0347,0.0347,0.0347,0.0347,0,0.0000,0,0.0000
1676678400000,0.0347,0.0347,0.0347,0.0347,0,0.0000,0,0.0000
1676764800000,0.0347,0.0347,0.0347,0.0347,0,0.0000,0,0.0000
1676851200000,0.0347,0.0347,0.0347,0.0347,0,0.0000,0,0.0000
1676937600000,0.0347,0.0347,0.0347,0.0347,0,0.0000,0,0.0000
1677024000000,0.0347,0.0347,0.0347,0.0347,0,0.0000,0,0.0000
1677110400000,0.0347,0.0347,0.0347,0.0347,0,0.0000,0,0.0000
1677196800000,0.0347,0.0347,0.0347,0.0347,0,0.0000,0,0.0000
1677283200000,0.0347,0.0347,0.0347,0.0347,0,0.0000,0,0.0000
1677369600000,0.0347,0.0347,0.0347,0.0347,0,0.0000,0,0.0000
1677456000000,0.0347,0.0347,0.0347,0.0347,0,0.0000,0,0.0000
1677542400000,0.0347,0.0347,0.0347,0.0347,0,0.0000,0,0.0000
1677628800000,0.0347,0.0347,0.0347,0.0347,0,0.0000,0,0.0000
1677715200000,0.0347,0.0347,0.0347,0.0347,0,0.0000,0,0.0000
1677801600000,0.0347,0.0347,0.0347,0.0347,0,0.0000,0,0.0000
1677888000000,0.0347,0.0347,0.0347,0.0347,0,0.0000,0,0.0000
1677974400000,0.0347,0.0347,0.0347,0.0347,0,0.0000,0,0.0000
1678060800000,0.0347,0.0347,0.0347,0.0347,0,0.0000,0,0.0000
1678147200000,0.0347,0.0347,0.0347,0.0347,0,0.0000,0,0.0000
1678233600000,0.0347,0.0347,0.0347,0.0347,0,0.0000,0,0.0000
1678320000000,0.0347,0.0347,0.0347,0.0347,0,0.0000,0,0.0000
1678406400000,0.0347,0.0347,0.0347,0.0347,0,0.0000,0,0.0000
1678492800000,0.0347,0.0347,0.0347,0.0347,0,0.0000,0,0.0000
1678579200000,0.0347,0.0347,0.0347,0.0347,0,0.0000,0,0.0000
1678665600000,0.0347,0.0347,0.0347,0.0347,0,0.0000,0,0.0000
1678752000000,0.0347,0.0347,0.0347,0.0347,0,0.0000,0,0.0000
1678838400000,0.0347,0.0347,0.0347,0.0347,0,0.0000,0,0.0000
1678924800000,0.0347,0.0347,0.0347,0.0347,0,0.0000,0,0.0000
1679011200000,0.0347,0.0347,0.0347,0.0347,0,0.0000,0,0.0000
1679097600000,0.0347,0.0347,0.0347,0.0347,0,0.0000,0,0.0000
1679184000000,0.0347,0.0347,0.0347,0.0347,0,0.0000,0,0.0000
1679270400000,0.0347,0.0347,0.0347,0.0347,0,0.0000,0,0.0000
1679356800000,0.0347,0.0347,0.0347,0.0347,0,0.0000,0,0.0000
1679443200000,0.0347,0.0347,0.0347,0.0347,0,0.0000,0,0.0000
1679529600000,0.0347,0.0347,0.0347,0.0347,0,0.0000,0,0.0000
1679616000000,0.0347,0.0347,0.0347,0.0347,0,0.0000,0,0.0000
1679702400000,0.0347,0.0347,0.0347,0.0347,0,0.0000,0,0.0000
1679788800000,0.0347,0.0347,0.0347,0.0347,0,0.0000,0,0.0000
1679875200000,0.0347,0.0347,0.0347,0.0347,0,0.0000,0,0.0000
1679961600000,0.0347,0.0347,0.0347,0.0347,0,0.0000,0,0.0000
1680048000000,0.0347,0.0347,0.0347,0.0347,0,0.0000,0,0.0000
1680134400000,0.0207300,0.0214800,0.0192800,0.0198500,123450855,2438475.0782400,28405,1104998.3898800
1680220800000,0.0198400,0.0202400,0.0191300,0.0198600,297453426,5857550.7137300,82114,2665795.5200000
1680307200000,0.0198500,0.0205900,0.0198500,0.0203200,198207147,3994968.0249400,49818,1812309.2082100
1680393600000,0.0203200,0.0208300,0.0195100,0.0198600,249849439,5049308.4295000,59480,2271094.2884600
1680480000000,0.0198600,0.0204400,0.0190000,0.0199700,227385153,4493263.1723100,59198,2105041.2358200
1680566400000,0.0199800,0.0229400,0.0198700,0.0212500,789243896,16850788.5383700,122253,7758709.3549000
1680652800000,0.0212400,0.0218400,0.0208800,0.0214000,318821353,6826333.0295700,48826,3065332.0045100
1680739200000,0.0214000,0.0214100,0.0206600,0.0209700,198642006,4162269.5712800,32311,1856951.6380500
1680825600000,0.0209600,0.0214200,0.0206000,0.0209200,198233533,4163047.5401400,32732,1940242.2835000
1680912000000,0.0209200,0.0212800,0.0205000,0.0208100,171718726,3591580.8432800,28956,1600276.0211300
1680998400000,0.0208100,0.0213500,0.0204000,0.0210500,178863534,3735047.1345400,30075,1813301.7404600
1681084800000,0.0210500,0.0214500,0.0204800,0.0214200,196067314,4111901.3154900,34472,1934704.7872100
1681171200000,0.0214100,0.0219500,0.0211200,0.0213800,229978902,4938855.5825400,36935,2359574.0750400
1681257600000,0.0213700,0.0214500,0.0203400,0.0210700,367085983,7626175.2495600,57724,3532614.2074700
1681344000000,0.0210800,0.0219800,0.0208800,0.0216700,334800352,7214897.3286800,52768,3520599.3058100
1681430400000,0.0216600,0.0222700,0.0211400,0.0217600,308085734,6715243.6847800,47229,3109316.2726800
1681516800000,0.0217600,0.0237400,0.0213700,0.0227600,704945644,15925544.9955500,85576,7894459.5692900
1681603200000,0.0227600,0.0243500,0.0226500,0.0234300,1741293895,40975390.2621900,191522,19131544.1774200
1681689600000,0.0234400,0.0234800,0.0220800,0.0229100,415666505,9437492.4849300,55492,4192885.6970800
1681776000000,0.0229100,0.0233300,0.0224200,0.0232700,339044644,7776296.5848500,48648,3540574.9155100
1681862400000,0.0232600,0.0232800,0.0198800,0.0205800,556114269,11841123.6799000,76079,5370758.3664900
1681948800000,0.0205800,0.0211200,0.0196000,0.0198600,431470791,8813217.1398100,55728,4324428.3987100
1682035200000,0.0198700,0.0204300,0.0185900,0.0187400,431564026,8509719.0090300,62044,4146031.8224900
1682121600000,0.0187500,0.0196800,0.0187100,0.0195700,223981889,4314500.8057400,33088,2134813.7234300
1682208000000,0.0195700,0.0196700,0.0186500,0.0192600,195820180,3766185.3478800,31516,1823548.0423800
1682294400000,0.0192500,0.0195000,0.0185100,0.0190300,283488006,5381317.4466100,40028,2649399.2271500
1682380800000,0.0190400,0.0194700,0.0182300,0.0193200,271734319,5084351.8759500,39485,2287904.2678300
1682467200000,0.0193300,0.0201200,0.0180000,0.0192100,346143107,6690628.7840400,48544,3048169.8275400
1682553600000,0.0192200,0.0199900,0.0191000,0.0198800,517222680,10123432.3189800,82699,4988961.0861400
1682640000000,0.0198700,0.0198700,0.0191700,0.0195700,189317623,3695439.0221000,33499,1685611.4083700
1682726400000,0.0195800,0.0197800,0.0194000,0.0195700,174931853,3432564.5647000,26789,1585706.6150100
1682812800000,0.0195700,0.0195800,0.0188000,0.0190300,207129848,3983319.1710500,27592,1958935.2262300
1682899200000,0.0190300,0.0191100,0.0182300,0.0185900,189306070,3521843.7002200,26994,1728170.5725200
1682985600000,0.0185900,0.0188700,0.0183200,0.0187500,182049391,3390432.2324700,26100,1644619.9203100
1683072000000,0.0187400,0.0191400,0.0180300,0.0190200,258198948,4776879.3123900,37585,2337775.1125600
1683158400000,0.0190300,0.0190800,0.0182900,0.0185500,195208984,3636938.1472400,30143,1823553.4830100
1683244800000,0.0185500,0.0188600,0.0183500,0.0186900,249219528,4637665.8943200,32425,2179796.4644800
1683331200000,0.0186900,0.0188200,0.0170600,0.0174600,323482266,5751586.4406100,40330,2771168.6518700
1683417600000,0.0174700,0.0177300,0.0170700,0.0171700,162652002,2838831.4893000,22840,1330898.3759900
1683504000000,0.0171600,0.0173700,0.0150700,0.0155500,337791005,5417487.1272200,48039,2504779.7001300
1683590400000,0.0155500,0.0158400,0.0153700,0.0157900,163631851,2559190.3667700,24618,1295516.9502800
1683676800000,0.0157800,0.0161300,0.0150200,0.0158000,342450672,5378603.0203900,40722,2689758.6335000
1683763200000,0.0158000,0.0158300,0.0146600,0.0151000,438527808,6694497.8104900,49713,3276268.4022500
1683849600000,0.0151000,0.0154900,0.0142500,0.0154800,310934526,4609613.2241000,39102,2341315.3546900
1683936000000,0.0154800,0.0154800,0.0147900,0.0150500,240448080,3613155.5591700,27535,1829389.9907000
1684022400000,0.0150400,0.0160000,0.0148900,0.0155800,784455328,12211439.9251800,74077,5959481.4165200
1684108800000,0.0155800,0.0160100,0.0152800,0.0158300,380516804,5968666.2436900,39216,2729758.3210600
1684195200000,0.0158200,0.0162400,0.0156300,0.0162100,358208363,5730909.9745000,39471,2752458.4373800
1684281600000,0.0162100,0.0167500,0.0158100,0.0166200,400092799,6544392.9285800,52386,3103313.1180700
1684368000000,0.0166200,0.0170000,0.0161300,0.0164600,318938352,5274259.7878500,42533,2710387.3313900
1684454400000,0.0164600,0.0166800,0.0163000,0.0165300,204498414,3378213.9984500,29395,1660944.6572100
1684540800000,0.0165300,0.0166600,0.0163200,0.0166100,147945868,2436504.3343700,21764,1228823.5220400
1684627200000,0.0166200,0.0166400,0.0158400,0.0159900,165682093,2685687.7712500,22678,1261574.9884000
1684713600000,0.0159800,0.0161400,0.0157100,0.0160200,124845985,1992501.6488800,20908,921464.4602100
1684800000000,0.0160100,0.0163800,0.0159100,0.0160600,153216628,2470775.7565100,21518,1180070.0799900
1684886400000,0.0160700,0.0160800,0.0151300,0.0158400,201641088,3140800.3667700,27125,1487805.3392900
1684972800000,0.0158400,0.0165400,0.0153900,0.0161400,578926323,9261147.8416600,59030,4733364.7453300
1685059200000,0.0161400,0.0161500,0.0155200,0.0159100,242376078,3833910.6300000,30647,1708163.0555600
1685145600000,0.0159000,0.0159900,0.0155500,0.0157300,148135737,2332707.7084800,20202,1057653.2240800
1685232000000,0.0157400,0.0165300,0.0156400,0.0162700,218031787,3492627.4385900,27699,1735634.0280000
1685318400000,0.0162800,0.0164000,0.0156800,0.0157900,296724921,4760870.7591800,35440,2369132.2099000
1685404800000,0.0157800,0.0158900,0.0155600,0.0158000,148413801,2338008.2634100,22131,1097846.6292900
1685491200000,0.0158000,0.0158700,0.0148700,0.0151000,212589275,3237031.5539000,27568,1579247.8004200
1685577600000,0.0151100,0.0153600,0.0149200,0.0151700,192556224,2926792.6039700,25496,1403974.7749000
1685664000000,0.0151600,0.0154800,0.0149500,0.0154500,188516108,2888412.3980800,25491,1400104.7881100
1685750400000,0.0154500,0.0155900,0.0152400,0.0153700,183345863,2819992.2250800,24139,1424520.5846600
1685836800000,0.0153600,0.0156200,0.0152800,0.0153400,177316732,2744129.9997100,24526,1340554.4332200
1685923200000,0.0153300,0.0153400,0.0124500,0.0135700,437606540,6216297.7913600,44614,2904401.5817000
1686009600000,0.0135700,0.0140400,0.0131600,0.0138900,288513261,3929757.5400300,29728,2005071.4990200
1686096000000,0.0139000,0.0139200,0.0125100,0.0127500,285842366,3763378.7594200,29637,1821592.0486100
1686182400000,0.0127600,0.0129600,0.0122900,0.0126500,201913981,2558160.4877800,23158,1278459.5509900
1686268800000,0.0126400,0.0129400,0.0124400,0.0126300,195004337,2474394.4645200,22472,1186983.1309500
1686355200000,0.0126400,0.0126800,0.0093000,0.0102600,1492549720,15103922.4170100,121504,7442357.2095100
1686441600000,0.0102600,0.0103400,0.0098300,0.0101500,420019658,4216609.8874600,37008,2053867.7835200
1686528000000,0.0101400,0.0103800,0.0096000,0.0103100,420142296,4245837.7568400,36995,2063730.9109000
1686614400000,0.0103200,0.0104800,0.0099600,0.0103700,336211860,3452138.1109200,32808,1710447.7507500
1686700800000,0.0103800,0.0104900,0.0096600,0.0100300,431005802,4378607.1890200,37851,2124651.9030200
1686787200000,0.0100300,0.0104000,0.0098400,0.0101900,319512783,3214081.7533500,24912,1548822.4686700
1686873600000,0.0101900,0.0105800,0.0099200,0.0104200,335848347,3439185.9452900,24910,1698774.9874800
1686960000000,0.0104100,0.0108100,0.0103200,0.0104900,245107829,2587663.2471200,21595,1291265.3369500
1687046400000,0.0105000,0.0106900,0.0102500,0.0103000,245408549,2569691.6137000,19805,1231349.9250100
1687132800000,0.0103000,0.0106900,0.0101900,0.0105700,293782894,3073939.5060300,20455,1492726.7392600
1687219200000,0.0105800,0.0109800,0.0104200,0.0109000,331964049,3544266.9909600,24646,1702832.9580200
1687305600000,0.0108900,0.0118400,0.0108500,0.0116500,447453443,5112605.1317800,36403,2638107.2119000
1687392000000,0.0116500,0.0121400,0.0112900,0.0114800,356448671,4176608.1612600,42456,2016780.0889500
1687478400000,0.0114700,0.0121900,0.0113800,0.0119700,334898920,3944371.7621400,36500,1953573.1481000
1687564800000,0.0119600,0.0122200,0.0113800,0.0119700,365026340,4336362.7059600,36867,2067957.3288600
1687651200000,0.0119800,0.0122800,0.0118100,0.0119100,262670709,3163784.4908800,29030,1546113.2572500
1687737600000,0.0119100,0.0119900,0.0113400,0.0115700,364508704,4241661.1012800,32339,2149532.8606100
1687824000000,0.0115600,0.0118000,0.0115100,0.0116000,283822619,3306418.0247700,24569,1582954.8389500
1687910400000,0.0116100,0.0116300,0.0101100,0.0107400,544122996,5972563.7750800,46222,2821676.5636300
1687996800000,0.0107400,0.0112500,0.0107100,0.0110400,334660618,3684634.7761600,33705,1917304.5560700
1688083200000,0.0110400,0.0116500,0.0103900,0.0114900,681785366,7667905.1620100,69084,3808123.7565700
1688169600000,0.0115000,0.0119100,0.0114800,0.0118900,349305321,4086303.8045100,44905,2108045.7613900
1688256000000,0.0118900,0.0119800,0.0114700,0.0118100,348871931,4087412.1600700,35747,1898299.2471200
1688342400000,0.0118200,0.0123500,0.0117500,0.0120300,315094632,3805850.8712800,36386,1926104.1417200
1688428800000,0.0120300,0.0123100,0.0117100,0.0118900,640475725,7730744.3727200,56817,3742566.9380500
1688515200000,0.0119000,0.0123100,0.0113100,0.0114000,477926456,5638005.1490700,43313,2636903.1796900
1688601600000,0.0114000,0.0119300,0.0110500,0.0110500,401553711,4597702.6822600,49035,2292671.2065100
1688688000000,0.0110500,0.0112400,0.0108300,0.0110400,296515566,3283110.3270900,35427,1575718.1183300
1688774400000,0.0110300,0.0112900,0.0108800,0.0111600,224754951,2499837.0437700,26210,1257763.3783000
1688860800000,0.0111600,0.0113300,0.0109900,0.0110700,192792949,2149565.0722400,22842,1051315.6628000
1688947200000,0.0110600,0.0112800,0.0106200,0.0110400,412798494,4507318.4251200,36144,2195478.0990800
1689033600000,0.0110500,0.0112500,0.0109300,0.0112300,251392208,2791459.3303900,27509,1417970.5112700
1689120000000,0.0112400,0.0115900,0.0111900,0.0114700,464623553,5305275.0079900,41456,2592856.9715900
1689206400000,0.0114600,0.0123900,0.0112500,0.0123500,493301063,5814203.8170400,46761,2796776.1728200
1689292800000,0.0123500,0.0125600,0.0114500,0.0118000,447072115,5417848.1894700,55326,2543561.8419800
1689379200000,0.0118100,0.0120700,0.0116700,0.0118600,172991652,2052551.4014900,23877,973530.3050300
1689465600000,0.0118600,0.0119400,0.0113500,0.0114500,198421379,2313640.5025900,22888,1070233.5355900
1689552000000,0.0114500,0.0117800,0.0111900,0.0117400,447821577,5183605.2450100,40109,2406765.9257700
1689638400000,0.0117400,0.0119200,0.0110700,0.0113600,347735174,3972576.7020700,36019,1899679.2996800
1689724800000,0.0113600,0.0115100,0.0111500,0.0112000,332243772,3763458.6093700,35228,1846178.4997500
1689811200000,0.0111900,0.0114700,0.0110400,0.0112500,366914936,4131914.7748800,36221,2025741.1300300
1689897600000,0.0112400,0.0114100,0.0110800,0.0111500,304288459,3412616.1557800,26734,1693961.1712900
1689984000000,0.0111400,0.0113100,0.0107900,0.0108900,236507196,2625525.9393500,21608,1126431.6010100
1690070400000,0.0108900,0.0112500,0.0108200,0.0112400,296413522,3283116.0307100,31353,1585867.2640400
1690156800000,0.0112500,0.0112500,0.0102200,0.0106200,496094609,5340004.6142700,44663,2530856.1025800
1690243200000,0.0106200,0.0107700,0.0104700,0.0107000,317456448,3369639.2320300,31776,1610532.2408400
1690329600000,0.0107000,0.0110100,0.0105500,0.0108200,410367470,4430751.9919000,38964,2100500.3717900
1690416000000,0.0108200,0.0111200,0.0107200,0.0109100,307498319,3347225.8428900,23643,1626516.6100800
1690502400000,0.0109200,0.0110200,0.0107400,0.0109600,235001541,2564966.0773300,20037,1235776.9835200
1690588800000,0.0109600,0.0110800,0.0108800,0.0109700,151982991,1668559.3703600,16472,817451.7682100
1690675200000,0.0109700,0.0110100,0.0105700,0.0107200,256231820,2765522.0969100,21314,1345851.7303000
1690761600000,0.0107200,0.0108700,0.0105500,0.0106900,290167597,3120014.6060300,26202,1537874.8709000
1690848000000,0.0106800,0.0108300,0.0103400,0.0108200,309406489,3284006.1571700,27580,1613764.8424200
1690934400000,0.0108300,0.0108600,0.0104600,0.0105600,261581068,2786339.9680000,23702,1328785.3290700
1691020800000,0.0105600,0.0106800,0.0103800,0.0104200,275398497,2897462.3980500,22402,1424856.3551800
1691107200000,0.0104100,0.0105400,0.0102200,0.0104000,326872147,3400799.7317500,25637,1715375.5812300
1691193600000,0.0104000,0.0109800,0.0102400,0.0107600,1221094721,13011131.7043500,65215,6670371.4019600
1691280000000,0.0107700,0.0119900,0.0106500,0.0113100,3285084316,37435281.1396100,163460,17940074.4923400
1691366400000,0.0113100,0.0119700,0.0112000,0.0116500,1479638741,17118234.2733300,96462,8202889.9665900
1691452800000,0.0116500,0.0116900,0.0112000,0.0115700,442132704,5083039.0489600,45473,2422998.6224700
1691539200000,0.0115800,0.0128700,0.0114400,0.0122200,6297725369,77858683.0067300,286717,38565405.8893000
1691625600000,0.0122200,0.0123600,0.0115900,0.0117100,1481699991,17635134.4868700,80705,8259493.9730000
1691712000000,0.0117200,0.0124200,0.0117100,0.0120900,1123439179,13530196.5401900,66382,6711172.0140000
1691798400000,0.0121000,0.0135000,0.0121000,0.0124600,4866086587,62912212.2291900,228670,31706512.2071800
1691884800000,0.0124700,0.0132200,0.0124200,0.0130100,1829073818,23413048.3668800,102144,11680243.7660900
1691971200000,0.0130000,0.0135800,0.0127900,0.0131100,1859283945,24584064.0169400,126541,11725841.5125000
1692057600000,0.0131200,0.0131300,0.0108000,0.0118100,1340892692,16420605.2349200,95922,7403160.8497900
1692144000000,0.0118200,0.0119000,0.0107000,0.0111700,1125327447,12825579.0473900,70971,6201566.6763600
1692230400000,0.0111800,0.0113300,0.0087200,0.0099400,1110947420,11734557.8800200,90302,5393267.4384000
1692316800000,0.0099400,0.0102200,0.0098000,0.0101600,797682771,7987388.8457100,53990,3973773.1040300
1692403200000,0.0101500,0.0104300,0.0101400,0.0103500,474361568,4870680.5642700,32009,2377736.6464400
1692489600000,0.0103400,0.0104600,0.0102000,0.0103500,310304279,3208965.3992200,25523,1576282.9476300
1692576000000,0.0103500,0.0103800,0.0098100,0.0101200,517543043,5228245.5504600,32776,2443581.3091700
1692662400000,0.0101200,0.0102100,0.0095900,0.0101000,713889230,7079403.7589900,40529,3459475.4075400
1692748800000,0.0101100,0.0103100,0.0097700,0.0101800,708087680,7110447.6599900,40938,3451072.2520700
1692835200000,0.0101700,0.0102000,0.0098300,0.0099700,556742194,5576131.3263500,31555,2824302.0190100
1692921600000,0.0099700,0.0099800,0.0096500,0.0099100,657613334,6452538.8141700,33543,3146254.9784900
1693008000000,0.0099100,0.0099300,0.0097200,0.0097900,261767804,2574401.0654600,18462,1263831.4299200
1693094400000,0.0097900,0.0099100,0.0097200,0.0098900,267106023,2621779.0020800,17919,1335727.1289100
1693180800000,0.0099000,0.0100100,0.0096700,0.0099400,496328984,4901195.1191600,27986,2389101.0541800
1693267200000,0.0099400,0.0103600,0.0096200,0.0103000,550964060,5530379.9648400,39168,2779361.9265100
1693353600000,0.0103000,0.0103300,0.0100000,0.0101600,380927421,3879840.5845100,22727,1927986.3314700
1693440000000,0.0101600,0.0102500,0.0095700,0.0097800,353032918,3508885.5872100,24424,1709535.0621900
1693526400000,0.0097700,0.0098500,0.0092100,0.0093800,359105992,3415406.6876900,29473,1564794.3924300
1693612800000,0.0093900,0.0094800,0.0091600,0.0093400,267890176,2503930.4152500,24508,1155599.0666700
1693699200000,0.0093400,0.0095000,0.0092600,0.0094400,217846891,2045095.5621700,21272,1020215.9907800
1693785600000,0.0094500,0.0097600,0.0093900,0.0095900,292182391,2789671.8996300,26181,1341643.0694800
1693872000000,0.0095800,0.0113600,0.0094500,0.0109100,4087355214,42750823.6039600,215975,21283866.5431600
1693958400000,0.0109100,0.0113000,0.0102500,0.0108400,2610042890,27864286.0090800,144903,13433183.5231300
1694044800000,0.0108300,0.0109000,0.0101100,0.0107600,714084952,7469789.4703600,53078,3616719.7009600
1694131200000,0.0107600,0.0118900,0.0106400,0.0112000,2557718032,28707148.6671900,168529,14189443.0659300
1694217600000,0.0112100,0.0118700,0.0108400,0.0110700,1207587463,13637820.0873500,80932,6617985.2451600
1694304000000,0.0110700,0.0110800,0.0097400,0.0101500,957941582,9920412.7462000,69621,4581571.1284100
1694390400000,0.0101400,0.0102000,0.0093100,0.0095500,907266962,8776129.4076500,66432,4223924.5781000
1694476800000,0.0095400,0.0101300,0.0094600,0.0095000,553577373,5400094.5674800,45485,2740278.2797100
1694563200000,0.0095000,0.0099800,0.0094600,0.0097700,407401305,3964350.8126700,37236,2102190.0018200
1694649600000,0.0097700,0.0100200,0.0096400,0.0098800,341060956,3361727.9177400,33544,1657604.3808100
1694736000000,0.0098900,0.0102000,0.0098100,0.0101900,312372875,3117487.9690200,32738,1461847.8755200
1694822400000,0.0101800,0.0103700,0.0100100,0.0101400,232890168,2375176.3665400,27213,1124677.7180000
1694908800000,0.0101400,0.0101500,0.0095500,0.0097100,298468133,2949399.2443000,29765,1399934.8379700
1694995200000,0.0097100,0.0101400,0.0095600,0.0097800,326884744,3238867.0635200,33107,1582725.3769500
1695081600000,0.0097800,0.0102200,0.0097000,0.0100100,318779403,3199378.4591000,32107,1557588.4631600
1695168000000,0.0100200,0.0102400,0.0098700,0.0102200,274861910,2762015.3377400,27765,1356310.0773900
1695254400000,0.0102300,0.0103800,0.0098400,0.0100200,374200347,3772127.2637100,32558,1765654.7541400
1695340800000,0.0100200,0.0102300,0.0099000,0.0101300,196478493,1985427.2457100,22332,1012186.6981900
1695427200000,0.0101400,0.0101700,0.0098100,0.0100500,269273912,2690469.5824800,25616,1351056.4792700
1695513600000,0.0100500,0.0100700,0.0097700,0.0098200,178285756,1777693.1682000,18809,833988.2924400
1695600000000,0.0098200,0.0101300,0.0096600,0.0100800,221253348,2208113.8035800,21530,1115126.0154700
1695686400000,0.0100900,0.0101400,0.0097900,0.0099600,215156963,2141898.4460600,20281,944012.8160700
1695772800000,0.0099600,0.0101200,0.0097300,0.0098900,289261690,2873392.5471000,25223,1363522.9126800
1695859200000,0.0098800,0.0101900,0.0098500,0.0101300,289444324,2912141.1826700,24971,1572278.4660700
1695945600000,0.0101300,0.0104400,0.0099600,0.0103600,322667748,3274249.5559700,26971,1596360.9696300
1696032000000,0.0103600,0.0104700,0.0100400,0.0102900,443072967,4550982.7604000,33118,2248161.5051700
1696118400000,0.0102800,0.0107400,0.0102200,0.0105700,357678389,3748950.6590800,29625,1834205.0147100
1696204800000,0.0105800,0.0108000,0.0097400,0.0101100,457240878,4759202.1738100,35401,2161504.2278400
1696291200000,0.0101100,0.0103000,0.0099300,0.0100500,434896874,4400357.0681600,31552,2186838.6723400
1696377600000,0.0100500,0.0100600,0.0095300,0.0099300,389169976,3849414.2771200,30234,1837694.2268200
1696464000000,0.0099200,0.0099900,0.0097200,0.0098600,264057209,2604871.2056400,23419,1277768.3020500
1696550400000,0.0098600,0.0100500,0.0097700,0.0099700,237992667,2359696.5975000,20728,1159099.3244200
1696636800000,0.0099700,0.0100300,0.0098600,0.0099300,120092562,1196456.4977700,15385,586014.6455400
1696723200000,0.0099300,0.0100300,0.0098000,0.0099200,158616311,1570960.3933600,16164,755814.6332700
1696809600000,0.0099200,0.0099700,0.0091300,0.0094800,338685774,3229820.6985000,28762,1472745.4925700
1696896000000,0.0094800,0.0096100,0.0092800,0.0094200,267721254,2531212.3228700,23708,1224882.6503200
1696982400000,0.0094200,0.0094700,0.0091200,0.0094300,261370472,2441896.7835700,24820,1243042.7897100
1697068800000,0.0094200,0.0095200,0.0092300,0.0093900,293325852,2744426.9534100,24507,1322670.7580500
1697155200000,0.0094000,0.0096100,0.0093500,0.0094900,268726323,2540883.8327500,23834,1314290.9030000
1697241600000,0.0094900,0.0095500,0.0093800,0.0094800,187723144,1776696.0879800,17601,904363.0540100
1697328000000,0.0094900,0.0096100,0.0094200,0.0094700,179286117,1705044.5425200,15600,819620.4891900
1697414400000,0.0094700,0.0105700,0.0094500,0.0103300,1756718872,17810909.6663900,94832,8908338.1574200
1697500800000,0.0103200,0.0105100,0.0098000,0.0100600,645169696,6535014.6833800,40776,3010267.3150400
1697587200000,0.0100600,0.0102400,0.0096500,0.0097100,398283347,3974371.5749300,28975,1727717.1883400
1697673600000,0.0097100,0.0097600,0.0094100,0.0095200,289568759,2786220.0157400,20098,1290680.5251200
1697760000000,0.0095300,0.0098800,0.0094900,0.0097300,217793673,2120558.3329900,20299,1038863.7784400
1697846400000,0.0097300,0.0100900,0.0096800,0.0099900,232256956,2304261.1736100,20856,1230182.8583700
1697932800000,0.0099900,0.0103700,0.0098700,0.0103000,836175777,8523716.0018500,50259,4307060.2325700
1698019200000,0.0103100,0.0108500,0.0100500,0.0107600,741572370,7697448.4776600,50766,3682072.5481600
1698105600000,0.0107600,0.0112400,0.0103900,0.0108000,927009406,9993605.6698300,68830,4837222.3459700
1698192000000,0.0108000,0.0114700,0.0107000,0.0112400,944860626,10509807.8675000,76553,5184223.0945500
1698278400000,0.0112400,0.0116700,0.0107000,0.0113700,904317866,10226690.0132900,72620,4946066.6376400
1698364800000,0.0113800,0.0114300,0.0109100,0.0111800,497968544,5585574.8793300,42453,2590465.7467600
1698451200000,0.0111700,0.0121800,0.0111300,0.0117600,710681204,8264666.5014300,58791,4085515.4789000
1698537600000,0.0117600,0.0124300,0.0114200,0.0120800,880569877,10556915.5299200,66855,5016480.6746800
1698624000000,0.0120900,0.0121900,0.0115300,0.0119800,535668932,6411600.0092900,46784,3010405.6453400
1698710400000,0.0119800,0.0121100,0.0110200,0.0115200,606406974,7022310.7817600,56028,3338491.6899500
1698796800000,0.0115200,0.0119200,0.0111000,0.0118600,416837942,4770907.4130700,50019,2283384.7367700
1698883200000,0.0118600,0.0121200,0.0113600,0.0116500,362616905,4258007.6953400,47939,2073547.5212500
1698969600000,0.0116600,0.0118300,0.0112000,0.0117900,279163891,3211137.0274200,41881,1552647.8588700
1699056000000,0.0117800,0.0121400,0.0116500,0.0119800,244670135,2914280.0961000,34253,1424595.4747900
1699142400000,0.0119900,0.0124900,0.0119000,0.0122100,509672424,6213980.7525200,56977,2943889.9890600
1699228800000,0.0122100,0.0139500,0.0120500,0.0132800,1817390896,24002332.2765100,151496,11639203.4576200
1699315200000,0.0132900,0.0134200,0.0123000,0.0128200,801723837,10364215.1959600,80047,4789819.4916000
1699401600000,0.0128100,0.0138100,0.0126600,0.0134300,785817700,10499760.0317000,80516,5176963.8664600
1699488000000,0.0134300,0.0143600,0.0118700,0.0135300,1070079549,14488767.0056500,125205,6801673.4333600
1699574400000,0.0135400,0.0141700,0.0131900,0.0141000,547117020,7479045.0303500,84489,3659540.2222100
1699660800000,0.0141000,0.0144500,0.0134300,0.0139600,555542913,7786983.9793600,89270,3638820.0783300
1699747200000,0.0139600,0.0143600,0.0133400,0.0141900,497477337,6960782.6877600,71386,3302582.8292400
1699833600000,0.0141800,0.0145600,0.0132000,0.0133700,517268853,7215920.4601100,85075,3366910.7399100
1699920000000,0.0133700,0.0137100,0.0124000,0.0131600,516124998,6819716.8747200,81978,3236372.6477500
1700006400000,0.0131500,0.0138500,0.0131100,0.0136900,291784133,3953135.7043200,43376,1945571.7944300
1700092800000,0.0136900,0.0139900,0.0127700,0.0130500,426477599,5730047.5503700,65096,2726234.9963700
1700179200000,0.0130400,0.0134000,0.0122100,0.0128900,360769079,4611693.0644400,58486,2257659.3696500
1700265600000,0.0128900,0.0129100,0.0119900,0.0127400,261919107,3283670.2602700,41027,1547614.9997600
1700352000000,0.0127300,0.0130200,0.0123700,0.0129500,194748859,2480232.1876600,32674,1213599.7968100
1700438400000,0.0129500,0.0135100,0.0127700,0.0130300,320526424,4205459.1186400,48528,2085534.2701900
1700524800000,0.0130200,0.0135400,0.0117200,0.0117300,778849095,9869614.2849400,89495,4672647.3014900
1700611200000,0.0117300,0.0125600,0.0117100,0.0124400,351559539,4317140.7650000,39960,2309815.6675800
1700697600000,0.0124400,0.0127500,0.0123300,0.0126600,239277387,3007046.9761200,33214,1421597.4779900
1700784000000,0.0126700,0.0133100,0.0125400,0.0132600,440158452,5708487.8237200,50584,2930443.2115000
1700870400000,0.0132600,0.0140500,0.0131600,0.0136900,577480321,7853958.8025200,64089,3757853.6151000
1700956800000,0.0136900,0.0186500,0.0134900,0.0165600,18777548274,317571576.8002500,1186707,161575447.3569200
1701043200000,0.0165700,0.0167600,0.0145100,0.0153200,4582663020,69632200.7879100,362528,34238090.4237600
1701129600000,0.0153100,0.0159800,0.0149200,0.0151800,2944634476,45369154.3967200,258065,21744362.6478500
1701216000000,0.0151800,0.0154100,0.0145800,0.0147500,1138767439,17019532.8293500,112322,8152426.0594400
1701302400000,0.0147600,0.0151200,0.0144400,0.0148700,790274821,11707431.3871700,77473,5634871.2915700
1701388800000,0.0148700,0.0158600,0.0147100,0.0156400,1136279915,17304906.3924200,96512,8763365.8171700
1701475200000,0.0156400,0.0166500,0.0153900,0.0160200,1473254088,23488592.4023000,121321,11405909.6099600
1701561600000,0.0160200,0.0161300,0.0151100,0.0152800,788934345,12242981.4498200,73798,5594264.4951000
1701648000000,0.0152900,0.0158400,0.0139000,0.0154400,1378415901,20996114.5217700,148231,10031998.0666300
1701734400000,0.0154300,0.0163000,0.0153000,0.0160100,1268503832,20124920.6496200,137000,9727218.6712200
1701820800000,0.0160200,0.0164600,0.0153300,0.0157200,951326278,15177466.1628800,116437,7233806.7464300
1701907200000,0.0157300,0.0164700,0.0154100,0.0161300,732532430,11702776.8137500,94487,5615913.4794600
1701993600000,0.0161300,0.0167100,0.0160400,0.0166000,507461391,8291774.0681900,69564,4031130.1104600
1702080000000,0.0166000,0.0172800,0.0163600,0.0165800,652902329,11013736.6993400,95452,5236328.9939900
1702166400000,0.0165800,0.0173400,0.0163600,0.0169000,574467862,9678639.2902300,84630,4652143.4969100
1702252800000,0.0168900,0.0169700,0.0140200,0.0154700,881460416,13524412.0650800,119224,6435992.7463300
1702339200000,0.0154800,0.0159900,0.0149200,0.0154300,522815576,8067274.8945900,71867,3716978.8485100
1702425600000,0.0154300,0.0157000,0.0143800,0.0156500,536742054,8045624.2307500,75623,3976645.4066900
1702512000000,0.0156600,0.0161600,0.0149300,0.0160700,457244132,7219118.0638700,66767,3437680.1834400
1702598400000,0.0160700,0.0165800,0.0156500,0.0157800,648635513,10434550.8741600,83119,5185072.0378100
1702684800000,0.0157700,0.0169000,0.0155700,0.0163600,628376095,10303101.7531300,80603,5006393.4314500
1702771200000,0.0163500,0.0164100,0.0154300,0.0156000,475709617,7625585.1866500,67244,3541243.7737300
1702857600000,0.0156000,0.0157900,0.0140400,0.0152300,539022654,7974907.3361800,75379,3928690.1458100
1702944000000,0.0152300,0.0155600,0.0145900,0.0147600,313478985,4725916.4497900,50588,2243298.3749800
1703030400000,0.0147600,0.0163800,0.0145800,0.0162600,680566895,10735077.4302600,88035,5284083.9239700
1703116800000,0.0162600,0.0169300,0.0160400,0.0165200,848190891,13954290.5614900,108499,6814698.0420400
1703203200000,0.0165100,0.0176300,0.0164200,0.0175300,591847861,10044618.5142700,87020,4954601.6724900
1703289600000,0.0175300,0.0179100,0.0167400,0.0175800,559009660,9716183.1471200,70058,4729714.2576900
1703376000000,0.0175900,0.0197800,0.0171200,0.0185200,1158732044,21246368.1255200,152981,10168555.8088400
1703462400000,0.0185100,0.0198700,0.0181600,0.0196200,1183081977,22647456.5541300,156294,10801954.4615100
1703548800000,0.0196200,0.0204700,0.0175300,0.0193800,1173074897,22738429.2157500,142368,10560967.2040700
1703635200000,0.0193900,0.0218100,0.0182600,0.0213400,1193791291,24183007.0115000,183063,12021715.9104700
1703721600000,0.0213500,0.0213900,0.0195800,0.0199000,854455202,17379505.0157600,132710,8339678.7544700
1703808000000,0.0199000,0.0208000,0.0183700,0.0189300,712237763,13890164.8280400,106323,6583651.5541700
1703894400000,0.0189300,0.0193900,0.0184200,0.0184900,353201222,6635034.7994300,58540,3491913.6368800
1703980800000,0.0184900,0.0195800,0.0181400,0.0192300,613394321,11568355.4926400,94847,5600494.0341000
1704067200000,0.0192300,0.0195100,0.0181300,0.0192700,588549896,11071420.3669100,92980,5277736.5988500
1704153600000,0.0192800,0.0197200,0.0183200,0.0185600,399014614,7555508.9185600,68742,3581894.2860900
1704240000000,0.0185600,0.0195400,0.0144500,0.0168400,1075761983,18245365.5464900,198981,8496252.1880100
1704326400000,0.0168300,0.0175300,0.0164600,0.0168900,416362389,7087453.9797300,74658,3390513.8087600
1704412800000,0.0168900,0.0170600,0.0156600,0.0165300,535531459,8726870.2682700,90585,4271698.7493200
1704499200000,0.0165300,0.0165400,0.0149800,0.0159400,432772525,6850203.2516000,73071,3437517.0458800
1704585600000,0.0159500,0.0165600,0.0144600,0.0150100,520101756,8169383.8431300,81267,3887238.0614600
1704672000000,0.0150100,0.0162200,0.0137000,0.0160200,773416004,11545613.7693900,103838,5784150.5046800
1704758400000,0.0160300,0.0161700,0.0142600,0.0150500,707921286,10637276.5687200,96594,5277119.2768500
1704844800000,0.0150500,0.0169200,0.0144000,0.0165800,708375519,10831173.6891700,104814,5311409.8829300
1704931200000,0.0165800,0.0174900,0.0163700,0.0169700,475359577,8023207.9456500,91555,3954666.6243300
1705017600000,0.0169700,0.0173500,0.0154800,0.0161100,581311613,9630490.0457800,105560,4742022.8272200
1705104000000,0.0161200,0.0167100,0.0155000,0.0164100,314489087,5103794.6300100,62719,2563113.2509000
1705190400000,0.0164000,0.0166000,0.0153900,0.0154500,354929030,5695104.8897100,68081,2828604.5943900
1705276800000,0.0154500,0.0164600,0.0154300,0.0159500,264214789,4233130.9858100,56975,2051597.1533300
1705363200000,0.0159500,0.0169100,0.0156800,0.0166100,428619417,7000483.5165300,73619,3445570.3567800
1705449600000,0.0166100,0.0166800,0.0158400,0.0160800,415121108,6720865.7228000,60951,3073601.3568300
1705536000000,0.0160900,0.0161800,0.0144500,0.0148000,502656632,7702977.5715100,70236,3740172.1147800
1705622400000,0.0148000,0.0148700,0.0133900,0.0143500,576190859,8170228.3149400,76688,3882534.9537000
1705708800000,0.0143400,0.0150700,0.0141300,0.0150300,277553573,4030095.8679200,46380,2064075.0288700
1705795200000,0.0150300,0.0152900,0.0145400,0.0146000,338169850,5039715.4899100,53294,2357748.2026900
1705881600000,0.0145900,0.0147500,0.0134700,0.0137000,528500445,7461946.8476400,82528,3557169.7206200
1705968000000,0.0136900,0.0140000,0.0127100,0.0135600,476155861,6315174.1050900,76683,3012975.2772600
1706054400000,0.0135700,0.0138200,0.0132700,0.0136800,304629158,4120654.7622500,53857,2070177.8561900
1706140800000,0.0136800,0.0137000,0.0130400,0.0134400,328566243,4398917.3833900,52768,2022994.7664200
1706227200000,0.0134300,0.0143000,0.0133000,0.0140200,258024614,3595903.6033000,40098,1774179.9231000
1706313600000,0.0140300,0.0143600,0.0138000,0.0142700,171950303,2421853.3542300,27170,1170291.9818900
1706400000000,0.0142600,0.0144900,0.0136400,0.0138100,217090468,3048733.5869300,31986,1473791.0713200
1706486400000,0.0138200,0.0141500,0.0135500,0.0140300,266884616,3721157.6835400,36105,1794464.0760200
1706572800000,0.0140300,0.0141500,0.0133700,0.0135300,309441799,4294247.0875400,40771,2025425.1752700
1706659200000,0.0135200,0.0135900,0.0128000,0.0128900,385786854,5089150.0085800,48018,2483705.8979700
1706745600000,0.0128900,0.0131000,0.0124900,0.0129400,302701799,3877532.9266700,41574,1885676.4693900
1706832000000,0.0129500,0.0132300,0.0128400,0.0130000,250396194,3252816.2697300,33710,1610066.3246700
1706918400000,0.0130100,0.0131000,0.0126300,0.0127000,213663193,2751889.8088900,27288,1376630.0476100
1707004800000,0.0127000,0.0127000,0.0121300,0.0121900,275064225,3419996.3765000,32234,1657687.8960800
1707091200000,0.0122000,0.0124500,0.0119100,0.0121690,758121286,9257150.1838820,125411,4557997.0599350
1707177600000,0.0121690,0.0132570,0.0120500,0.0128910,1086371543,13623041.6631950,149170,6681275.1952310
1707264000000,0.0128910,0.0133330,0.0127450,0.0131140,701357533,9142530.0803700,133819,4168545.6570520
1707350400000,0.0131150,0.0132810,0.0129770,0.0131140,308411850,4052219.6139080,75687,1906421.3004190
1707436800000,0.0131250,0.0139010,0.0131110,0.0137570,343156821,4655316.9986100,79170,2152045.1084830
1707523200000,0.0137550,0.0139310,0.0133840,0.0137740,231170492,3174915.4111170,60056,1491123.3357080
1707609600000,0.0137780,0.0139600,0.0134430,0.0135990,222635714,3056720.4679720,54594,1434841.0642330
1707696000000,0.0135990,0.0142700,0.0132100,0.0141890,318653729,4402259.1755800,81651,2035099.0005160
1707782400000,0.0141880,0.0154240,0.0140080,0.0149100,1128648755,16693269.6697260,224479,8047369.2906790
1707868800000,0.0149100,0.0161650,0.0147500,0.0153230,1056992040,16314970.6355900,161829,7498612.7027290
1707955200000,0.0153230,0.0159400,0.0152400,0.0158370,448652127,7016727.7553620,95237,3316320.3955300
1708041600000,0.0158340,0.0164170,0.0153230,0.0157540,449849492,7119714.0939990,102226,3422602.5486670
1708128000000,0.0157540,0.0159510,0.0148890,0.0156640,323723122,4984845.6768140,92751,2249397.3362370
1708214400000,0.0156660,0.0165100,0.0155260,0.0161400,278232260,4468672.8153730,91505,2126990.5071690
1708300800000,0.0161440,0.0179670,0.0161280,0.0172120,675373040,11480429.1382900,176485,5447324.2948050
1708387200000,0.0172130,0.0177800,0.0155580,0.0169860,695918911,11726895.7690730,180036,5445035.7517660
1708473600000,0.0169870,0.0170410,0.0155280,0.0164520,407658851,6604321.1141250,107062,3059231.5224000
1708560000000,0.0164510,0.0174160,0.0159750,0.0167800,398584477,6753315.0896330,111204,3229134.9247540
1708646400000,0.0167840,0.0170740,0.0160050,0.0164620,457997355,7584468.3656550,129029,3614877.1168140
1708732800000,0.0164580,0.0196870,0.0161110,0.0180430,1702551732,31277692.1270000,387681,15256374.4297460
1708819200000,0.0180500,0.0194510,0.0178000,0.0186020,812820146,15092364.0549180,212490,7170790.9883650
1708905600000,0.0186050,0.0229170,0.0183920,0.0211610,3792756116,80666475.7505350,860885,39427896.2404930
1708992000000,0.0211680,0.0217020,0.0200450,0.0206850,948085853,19818618.5671250,307017,9356845.1625800
1709078400000,0.0206880,0.0228690,0.0187400,0.0210070,1675171928,35341193.1309390,441194,17040817.2828970
1709164800000,0.0210070,0.0223490,0.0204520,0.0212660,982141214,21222374.4223290,307565,10207410.8766810
1709251200000,0.0212720,0.0239480,0.0208000,0.0238520,714962111,15782247.6535360,228096,7776215.8543680
1709337600000,0.0238500,0.0285000,0.0226770,0.0272480,3124311466,81877472.0190570,847200,39946582.7783250
1709424000000,0.0272480,0.0320070,0.0224600,0.0280320,3242464592,91584023.7030020,1042828,43590665.6661620
1709510400000,0.0280340,0.0295090,0.0262850,0.0269680,1183312241,32908611.6311060,484933,15578506.8556890
1709596800000,0.0269710,0.0278750,0.0183330,0.0230160,1602590216,39549295.7308210,558612,18464382.0396780
1709683200000,0.0230170,0.0250000,0.0219280,0.0244310,676153800,16147435.6865330,323725,7841520.5721040
1709769600000,0.0244250,0.0265000,0.0239170,0.0261410,711049454,17886387.6679230,313931,8730268.9254990
1709856000000,0.0261360,0.0263400,0.0229110,0.0253690,653207846,16467480.4586180,237831,7924317.2173560
1709942400000,0.0253540,0.0297740,0.0252790,0.0282020,1158563670,32251354.7003940,370224,15460605.8252030
1710028800000,0.0282030,0.0313320,0.0275740,0.0289120,1423661334,41559350.3207100,461479,19102907.4523850
1710115200000,0.0289140,0.0309990,0.0260000,0.0297500,849796564,24646251.3917590,335459,11928129.5366620
1710201600000,0.0297470,0.0330530,0.0275380,0.0320110,1010389525,30374421.3463830,389026,15028700.1129510
1710288000000,0.0320140,0.0323120,0.0300290,0.0308560,624167554,19403573.1090370,257427,8762651.3649510
1710374400000,0.0308570,0.0310050,0.0274140,0.0293470,645932332,18915663.7747500,265152,9233286.6443650
1710460800000,0.0293480,0.0297150,0.0244490,0.0284800,1304237429,35533135.8609530,417025,17320071.4725060
1710547200000,0.0284810,0.0302940,0.0247240,0.0255610,1070853805,29655576.9815830,391585,14518363.2507240
1710633600000,0.0255870,0.0268710,0.0242630,0.0263000,445718008,11551058.3238440,189431,5622858.3542260
1710720000000,0.0263010,0.0265890,0.0236060,0.0239950,512710825,12725017.5106740,209254,6127559.1933810
1710806400000,0.0239940,0.0242970,0.0209330,0.0219060,838338332,18725153.3392650,409024,9057159.7588830
1710892800000,0.0219070,0.0245210,0.0208590,0.0244450,637294673,14356032.7412760,252000,7080700.0989490
1710979200000,0.0244410,0.0248920,0.0232800,0.0246440,527680882,12810813.6869640,188902,6480050.6211390
1711065600000,0.0246410,0.0254260,0.0230700,0.0241320,710044617,17310487.9438040,256576,8517933.1732300
1711152000000,0.0241300,0.0281910,0.0235020,0.0258580,1318896382,34546568.1027040,355429,16933606.7304250
1711238400000,0.0258680,0.0267220,0.0249600,0.0259210,829955188,21393360.2106700,242458,10534511.2699480
1711324800000,0.0259210,0.0272570,0.0256020,0.0267740,513598950,13525634.8450380,171240,6445262.8742650
1711411200000,0.0267730,0.0283180,0.0266450,0.0277930,734651732,20300414.6775210,229531,9845707.7147370
1711497600000,0.0277950,0.0280390,0.0256660,0.0262370,434725366,11650979.0693150,147205,5652578.5449070
1711584000000,0.0262320,0.0269990,0.0255520,0.0266540,365856645,9678357.9469140,122501,4678291.2334200
1711670400000,0.0266580,0.0271960,0.0259710,0.0268170,407781869,10892074.9425300,136979,5379665.5018180
1711756800000,0.0268060,0.0271580,0.0252690,0.0255250,335815674,8847397.8962700,115165,4236801.2432480
1711843200000,0.0255230,0.0263380,0.0253550,0.0260800,196924336,5106343.8447110,74152,2530209.8435420
1711929600000,0.0260780,0.0261720,0.0235000,0.0243830,482609004,11844833.5601610,158491,5507082.8935960
1712016000000,0.0243820,0.0243830,0.0216600,0.0221850,442646915,9993494.9727460,169580,4738077.2439980
1712102400000,0.0221860,0.0229640,0.0212010,0.0219750,377310770,8378795.2528490,144408,4005440.9053370
1712188800000,0.0219750,0.0237100,0.0216370,0.0229860,321839269,7320404.3702080,137516,3672878.1423090
1712275200000,0.0229880,0.0234260,0.0217670,0.0227750,360471511,8163531.5367140,140113,4045357.0892820
1712361600000,0.0227690,0.0231430,0.0223580,0.0229040,252404614,5741000.8091060,86932,2761664.8991000
1712448000000,0.0229040,0.0244820,0.0228050,0.0239450,375883743,8977208.1762320,120805,4533242.7963850
1712534400000,0.0239490,0.0261220,0.0233320,0.0253940,454237188,11398558.3375290,138885,5476587.0024390
1712620800000,0.0253920,0.0257070,0.0242170,0.0243020,461997737,11566926.9967000,146820,5508352.9797900
1712707200000,0.0243000,0.0246630,0.0223520,0.0238320,386951083,9112990.9784650,132775,4500438.6498560
1712793600000,0.0238270,0.0241340,0.0228250,0.0230350,246993342,5775187.8209140,100535,2790549.3776920
1712880000000,0.0230380,0.0235400,0.0156800,0.0178180,950701284,18382383.6491150,311139,8159165.7710640
1712966400000,0.0178190,0.0181120,0.0128420,0.0147410,1247827541,19395442.3998910,359271,9338847.3195390
1713052800000,0.0147510,0.0161130,0.0138310,0.0158720,973000946,14655193.0615070,311078,7256388.1703490
1713139200000,0.0158720,0.0169490,0.0146590,0.0152150,742097426,11714684.1545420,207752,5838064.8184660
1713225600000,0.0152170,0.0158100,0.0144600,0.0155950,705320094,10722183.4419000,196987,5441916.7875890
1713312000000,0.0155950,0.0159280,0.0146100,0.0154280,597486111,9142551.3228390,167403,4512777.9197830
1713398400000,0.0154190,0.0161620,0.0150000,0.0159370,609017078,9547800.4043840,158618,4815013.2853100
1713484800000,0.0159370,0.0166140,0.0145700,0.0161010,530285195,8396608.2032610,183558,4128453.3746100
1713571200000,0.0161030,0.0179180,0.0158300,0.0178130,407410106,6962945.6993480,120483,3489098.9733960
1713657600000,0.0178150,0.0179820,0.0170500,0.0173900,236697065,4144439.8268760,91522,2016923.3520440
1713744000000,0.0173970,0.0180150,0.0172330,0.0176480,282490681,4978109.1275580,98720,2456641.7005430
1713830400000,0.0176420,0.0181970,0.0172550,0.0178100,239350605,4242878.0485800,78777,2031696.7467210
1713916800000,0.0178040,0.0192870,0.0168030,0.0170480,1025263381,18570364.4014360,195231,8776257.4353160
1714003200000,0.0170610,0.0177820,0.0162760,0.0173390,355823378,6029598.6402740,101726,2888340.9262210
1714089600000,0.0173390,0.0175190,0.0167050,0.0170550,249853954,4283715.7845020,82905,2041049.9034510
1714176000000,0.0170600,0.0171480,0.0161490,0.0169020,313425061,5231708.0497530,93339,2605480.7821860
1714262400000,0.0169020,0.0174790,0.0163070,0.0163980,194993934,3294641.5854060,67144,1595482.8319860
1714348800000,0.0163950,0.0165630,0.0156260,0.0161500,264170861,4234225.4176310,83283,1983853.6426300
1714435200000,0.0161530,0.0164150,0.0143620,0.0151110,364227886,5489111.5634810,136992,2606975.1065520
1714521600000,0.0150970,0.0155560,0.0140020,0.0153900,411911809,6092678.9822220,122414,2899332.4452910
1714608000000,0.0153930,0.0160050,0.0148160,0.0157830,188124444,2905302.7061630,53545,1380157.8342110
1714694400000,0.0157810,0.0169750,0.0154590,0.0167070,304267041,4940503.8975220,67021,2493966.4807200
1714780800000,0.0167110,0.0181220,0.0164850,0.0171730,707126908,12202503.5786370,112586,6087382.3797770
1714867200000,0.0171620,0.0181500,0.0167730,0.0177710,1045054546,18396587.9797870,170404,9070008.8011970
1714953600000,0.0177720,0.0186760,0.0172800,0.0173520,401827038,7196185.7854880,98168,3438773.4718990
1715040000000,0.0173570,0.0176870,0.0166580,0.0167140,270188496,4667909.7224080,68404,2153386.5296420
1715126400000,0.0167120,0.0174790,0.0162420,0.0166820,344651055,5750451.2584900,79011,2760250.2293660
1715212800000,0.0166780,0.0179100,0.0163040,0.0178220,306969344,5235571.7836630,71763,2577561.6979310
1715299200000,0.0178320,0.0179040,0.0165470,0.0168210,335624469,5775009.0989030,69216,2771943.9389750
1715385600000,0.0168210,0.0173060,0.0164640,0.0165460,174182395,2935903.9792690,50917,1481191.6574820
1715472000000,0.0165450,0.0167600,0.0160440,0.0161650,160364856,2638907.9781130,45836,1231624.1131730
1715558400000,0.0161650,0.0170670,0.0152110,0.0165520,364256126,5915686.6117790,90417,2861295.0309800
1715644800000,0.0165520,0.0167100,0.0154700,0.0155790,272770686,4409099.1944800,67321,1962065.0675280
1715731200000,0.0155790,0.0169720,0.0153910,0.0167480,307194773,4973220.9769570,67423,2404157.4467190
1715817600000,0.0167530,0.0169730,0.0160160,0.0165470,201932313,3347176.8524610,47816,1593320.7520490
1715904000000,0.0165490,0.0173520,0.0163380,0.0170330,166353094,2808945.1395050,41151,1398688.6335520
1715990400000,0.0170400,0.0173020,0.0166180,0.0169570,143383368,2436221.4046960,40216,1114520.0550980
1716076800000,0.0169570,0.0170780,0.0160320,0.0162250,159082379,2624463.5811090,44807,1244839.2269350
1716163200000,0.0162250,0.0180200,0.0159660,0.0180200,286290326,4889928.0253630,74947,2508133.9571990
1716249600000,0.0180180,0.0188950,0.0177710,0.0182360,361133532,6633817.0136720,79743,3158245.0132700
1716336000000,0.0182370,0.0183640,0.0173070,0.0178770,346951598,6214835.3000230,72012,3141369.1259920
1716422400000,0.0178800,0.0190960,0.0165600,0.0179300,566759438,10148249.0583950,116656,4816457.8350170
1716508800000,0.0179220,0.0184440,0.0171820,0.0183920,292136989,5231371.8616590,74825,2555507.6351210
1716595200000,0.0183930,0.0188280,0.0181930,0.0183610,214176862,3955327.1597850,48782,1770572.1707390
1716681600000,0.0183610,0.0183710,0.0175880,0.0178420,209253129,3763720.4972230,50818,1638997.7835170
1716768000000,0.0178420,0.0190150,0.0176500,0.0188680,320167209,5913512.6425620,70711,2879008.9511370
1716854400000,0.0188740,0.0194540,0.0181920,0.0189080,354579566,6673194.4112070,88213,3172087.4130110
1716940800000,0.0189120,0.0192260,0.0183080,0.0184550,383883665,7231686.5647160,78554,3377479.5631380
1717027200000,0.0184550,0.0191200,0.0176040,0.0183870,319992508,5905741.8368830,83332,2936985.2899480
1717113600000,0.0183840,0.0203600,0.0178550,0.0192460,1231873865,23793957.9352920,208551,11447402.6307130
1717200000000,0.0192470,0.0202230,0.0188010,0.0188510,789851422,15364722.9454030,130475,7007145.7647120
1717286400000,0.0188500,0.0197900,0.0184660,0.0191130,378219324,7246905.3827770,85524,3510100.7978280
1717372800000,0.0191140,0.0246600,0.0190490,0.0208450,4056991801,88289766.1112060,624196,41967821.8057260
1717459200000,0.0208460,0.0210290,0.0200610,0.0207470,885340366,18208893.6491560,185866,9328501.3432870
1717545600000,0.0207470,0.0210900,0.0202020,0.0205300,515321200,10596715.2329500,112266,5071574.0023870
1717632000000,0.0205310,0.0209170,0.0194170,0.0198980,333471384,6720679.2153990,77289,3069313.3130670
1717718400000,0.0198970,0.0202900,0.0159860,0.0176980,786545060,14358004.7724340,132088,6610564.4493360
1717804800000,0.0176960,0.0181330,0.0164650,0.0167110,428487868,7376732.1139490,89806,3295261.3197590
1717891200000,0.0167100,0.0171200,0.0164380,0.0169130,227206628,3819095.2740930,50152,1802188.5407280
1717977600000,0.0169160,0.0169330,0.0161080,0.0162690,272761273,4501337.0638660,57271,2266063.0219180
1718064000000,0.0162670,0.0163300,0.0151690,0.0154830,408452252,6424971.4144420,76628,3105658.8493840
1718150400000,0.0154870,0.0167080,0.0150760,0.0158970,335830018,5364891.7096980,64003,2603973.0104810
1718236800000,0.0158990,0.0159090,0.0148670,0.0149940,289963728,4456013.2117350,60078,2162469.2020490
1718323200000,0.0150020,0.0153910,0.0134640,0.0144840,402251159,5903836.3978930,78956,2851654.9741340
1718409600000,0.0144830,0.0148980,0.0144140,0.0145490,208063094,3050711.2949630,45096,1452686.1570680
1718496000000,0.0145490,0.0148560,0.0142600,0.0147320,146993226,2141256.0860700,40786,1064674.2753740
1718582400000,0.0147320,0.0148500,0.0130000,0.0134260,404143880,5574463.6434810,97615,2682553.9998840
1718668800000,0.0134240,0.0135100,0.0111770,0.0123080,772356177,9424980.8482150,130384,4549988.6886200
1718755200000,0.0123130,0.0127290,0.0120540,0.0125450,297293148,3698957.0720700,71177,1828418.6768140
1718841600000,0.0125410,0.0132640,0.0124510,0.0126280,290638295,3729686.5697150,76175,1815853.0334700
1718928000000,0.0126270,0.0129130,0.0123820,0.0125370,311824068,3945235.4826170,69974,1906264.3869410
1719014400000,0.0125370,0.0126090,0.0122450,0.0124840,201776371,2515034.5028150,40159,1321175.4190180
1719100800000,0.0124790,0.0127900,0.0119030,0.0120770,200569781,2486549.9890990,47345,1226030.7696270
1719187200000,0.0120760,0.0124340,0.0113240,0.0123990,372538490,4464953.5641140,88423,2190822.2231770
1719273600000,0.0124000,0.0127980,0.0122890,0.0126350,198545289,2492598.3746330,50775,1209140.5582360
1719360000000,0.0126350,0.0127900,0.0121320,0.0123490,170877321,2130318.3719840,43439,1078040.5490100
1719446400000,0.0123510,0.0128280,0.0120920,0.0127500,169632303,2121858.4537560,42892,1062608.5019600
1719532800000,0.0127470,0.0131160,0.0124320,0.0124840,305243132,3898948.2618040,63112,1953564.8491850
1719619200000,0.0124840,0.0127740,0.0121270,0.0121840,164311355,2051523.5599190,34763,1001879.9518730
1719705600000,0.0121850,0.0127000,0.0117920,0.0126150,235615367,2879898.1108480,46412,1384999.8634980
1719792000000,0.0126190,0.0128570,0.0122770,0.0124160,167593587,2105989.8561100,39342,978822.0261080
1719878400000,0.0124200,0.0125400,0.0120590,0.0123720,243738990,3002263.0732650,46982,1430000.1495110
1719964800000,0.0123740,0.0124420,0.0114920,0.0116620,266031786,3165075.1483840,53051,1517582.1793710
1720051200000,0.0116660,0.0117550,0.0100800,0.0102770,449470085,4929898.9671360,79531,2273374.7924160
1720137600000,0.0102770,0.0102960,0.0086500,0.0097300,945801843,8953998.7311980,142436,4363524.0835100
1720224000000,0.0097270,0.0106080,0.0095880,0.0104760,317370942,3209911.1595860,67497,1588914.5096110
1720310400000,0.0104790,0.0106260,0.0098440,0.0099250,395261864,4065715.6679790,80740,1937840.6173060
1720396800000,0.0099260,0.0106100,0.0094480,0.0102310,570219889,5729727.4241210,93691,2830005.1794960
1720483200000,0.0102270,0.0106430,0.0101350,0.0106130,209019740,2178584.2880130,44261,1061426.4876420
1720569600000,0.0106130,0.0107880,0.0103250,0.0104940,222625942,2346484.5860190,42838,1098751.9399500
1720656000000,0.0104940,0.0109100,0.0102510,0.0103120,290433520,3071962.4506580,56231,1464690.3015290
1720742400000,0.0103120,0.0105670,0.0100450,0.0105520,225764463,2338434.2486880,47342,1130619.7073600
1720828800000,0.0105570,0.0107810,0.0104460,0.0106600,172067472,1819020.6161870,34140,887173.8940110
1720915200000,0.0106570,0.0124690,0.0105610,0.0115960,1218952845,14244816.5684220,162275,7246310.6838400
1721001600000,0.0115950,0.0122770,0.0113910,0.0119520,1345933632,15760932.5468510,200278,7532142.7385190
1721088000000,0.0119580,0.0122410,0.0115020,0.0120940,658087594,7840951.4058240,106291,3609864.2786920
1721174400000,0.0120940,0.0141380,0.0120700,0.0138410,2606568520,34849927.2572060,330439,17246638.4796160
1721260800000,0.0138380,0.0142610,0.0126400,0.0129760,1828002765,24878048.4486020,252013,11850215.8406990
1721347200000,0.0129760,0.0134860,0.0126280,0.0133330,509954672,6653950.3498160,89768,3230782.7396840
1721433600000,0.0133350,0.0134920,0.0130570,0.0132060,272379293,3608995.8419440,55642,1729017.5277010
1721520000000,0.0132060,0.0134450,0.0122390,0.0133200,432746467,5641574.5092920,74984,2620023.4940140
1721606400000,0.0133250,0.0134370,0.0123100,0.0124090,427015922,5411507.0403840,71848,2634455.9001050
1721692800000,0.0124090,0.0127330,0.0116990,0.0119330,316908942,3869749.8660530,62743,1792427.8473150
1721779200000,0.0119300,0.0123840,0.0115900,0.0116730,213705168,2572164.8251730,43570,1246716.6470810
1721865600000,0.0116720,0.0117460,0.0110000,0.0115050,380678095,4300492.7465620,72209,2085494.9509670
1721952000000,0.0115020,0.0121040,0.0114410,0.0120740,195064793,2316173.2555070,44410,1138896.7284340
1722038400000,0.0120700,0.0123970,0.0117560,0.0120050,242670607,2932695.5837790,47842,1373377.6632000
1722124800000,0.0120020,0.0120960,0.0117000,0.0118870,150362555,1786619.2220820,31426,846922.2240190
1722211200000,0.0118890,0.0123740,0.0117040,0.0118140,246333277,2971339.1091550,48247,1498829.5917620
1722297600000,0.0118190,0.0120780,0.0113280,0.0114230,215604935,2533901.2397920,50386,1170287.2103300
1722384000000,0.0114230,0.0117140,0.0110640,0.0111040,253754459,2896774.3679810,48878,1378351.4987750
1722470400000,0.0111020,0.0112490,0.0100230,0.0109130,389753351,4155843.5845960,69873,2009081.5499570
1722556800000,0.0109160,0.0110140,0.0097830,0.0099290,450659947,4673286.0440310,75161,2209983.5078800
1722643200000,0.0099290,0.0100940,0.0090280,0.0092390,456753268,4379012.0369540,75170,2105990.5971550
1722729600000,0.0092350,0.0094940,0.0085420,0.0089480,464145329,4210039.0482730,74535,2032926.3165240
1722816000000,0.0089450,0.0090220,0.0072550,0.0083060,1938148651,15515856.2653630,240723,7706964.1868100
1722902400000,0.0083110,0.0088770,0.0082920,0.0087270,459417790,3989363.9024720,86477,1978836.7378520
1722988800000,0.0087260,0.0090030,0.0083000,0.0084390,469611821,4073689.6725000,95320,1914351.1147740
1723075200000,0.0084390,0.0093080,0.0082560,0.0092810,439403981,3894944.8199730,85059,1953153.5691190
1723161600000,0.0092810,0.0092850,0.0088710,0.0091580,281859586,2562212.9505550,48166,1150502.2373100
1723248000000,0.0091580,0.0096710,0.0090270,0.0094760,351365170,3294783.1678650,54336,1650137.2127410
1723334400000,0.0094780,0.0096230,0.0087550,0.0088630,437728857,4065605.1248870,72480,1884303.8017530
1723420800000,0.0088610,0.0094040,0.0087390,0.0092910,379399380,3463287.2924120,81122,1644310.4099940
1723507200000,0.0092910,0.0094430,0.0089790,0.0093900,268747034,2473592.5832190,56228,1190093.1725170
1723593600000,0.0093910,0.0095540,0.0089890,0.0090990,249110171,2304632.4453130,47248,1098205.3116670
1723680000000,0.0090990,0.0094750,0.0085810,0.0087420,613877819,5532925.5899500,73352,2703801.7372380
1723766400000,0.0087420,0.0090580,0.0084750,0.0089550,405205937,3564366.7399370,49517,1754571.3008000
1723852800000,0.0089510,0.0103100,0.0088710,0.0102510,2225646215,21917543.4606900,233954,10848075.4839920
1723939200000,0.0102520,0.0168100,0.0097660,0.0127860,20756429089,289775827.1098810,1983092,143143544.1422240
1724025600000,0.0127850,0.0136300,0.0116500,0.0123270,11989082480,149732797.5702940,1189272,73287010.2223560
1724112000000,0.0123270,0.0134940,0.0118370,0.0126260,7069136799,88523342.6817520,773414,43376059.8470360
1724198400000,0.0126250,0.0129020,0.0120420,0.0125860,3067665361,38290165.3977780,376295,18087535.0954590
1724284800000,0.0125870,0.0136890,0.0122680,0.0132510,2869229461,37165642.2600860,377103,18394929.2221780
1724371200000,0.0132510,0.0142500,0.0131290,0.0140130,2925931657,39978722.2684400,387928,19064593.0175270
1724457600000,0.0140130,0.0143380,0.0134210,0.0136770,1536583732,21510005.2449100,212157,10161582.5857420
1724544000000,0.0136750,0.0138350,0.0127030,0.0132340,1646886737,21758478.3767340,225688,10553576.0177830
1724630400000,0.0132320,0.0138210,0.0122680,0.0124110,1763148978,23054416.3262410,239193,10941624.8902020
1724716800000,0.0124110,0.0128160,0.0113120,0.0116980,935205183,11409468.2966330,148503,5401351.4472620
1724803200000,0.0116980,0.0121180,0.0109140,0.0112180,913897731,10566464.9451270,155328,4995831.6107650
1724889600000,0.0112180,0.0116100,0.0108120,0.0111110,616593248,6938234.3532870,106203,3504846.0946550
1724976000000,0.0111080,0.0111820,0.0102170,0.0110060,603720939,6519684.9663880,106686,3197499.2527020
1725062400000,0.0110020,0.0110690,0.0105700,0.0106570,303297661,3282789.7623430,54783,1551106.9045090
1725148800000,0.0106560,0.0107170,0.0099530,0.0100590,515536144,5369442.2918300,95918,2638913.8302690
1725235200000,0.0100560,0.0112300,0.0100180,0.0110200,1606571483,17461168.9653400,233463,8677026.1054860
1725321600000,0.0110180,0.0112620,0.0103560,0.0103850,673413408,7263964.3065910,120377,3519151.8462930
1725408000000,0.0103870,0.0107290,0.0098270,0.0104400,607279394,6271334.0773030,116860,2972381.0025510
1725494400000,0.0104360,0.0104720,0.0099940,0.0100380,429411282,4381028.7459960,87561,2051140.8731050
1725580800000,0.0100380,0.0103570,0.0093700,0.0097060,679059052,6734908.5792660,122018,3214366.5252860
1725667200000,0.0097050,0.0111660,0.0096090,0.0109130,2453096893,25743161.5347980,257004,12667288.5375310
1725753600000,0.0109130,0.0113450,0.0104370,0.0106930,2520461832,27310013.9352290,270917,12917099.1451270
1725840000000,0.0106930,0.0109460,0.0105040,0.0107700,983550914,10529494.0198450,132970,5114609.7489960
1725926400000,0.0107690,0.0108520,0.0104780,0.0107100,586735950,6251201.5401660,96856,2849928.8067540
1726012800000,0.0107120,0.0107260,0.0100490,0.0103760,627916118,6499797.3668260,94549,3084259.8300970
1726099200000,0.0103750,0.0107460,0.0103640,0.0106930,398656320,4212447.8436160,68860,2083352.9807030
1726185600000,0.0106920,0.0111340,0.0105630,0.0110150,520450429,5636589.9977810,87895,2765165.4402530
1726272000000,0.0110170,0.0110520,0.0105010,0.0107330,272268443,2943846.9995200,45584,1350532.5213000
1726358400000,0.0107330,0.0109870,0.0101690,0.0102870,362100462,3874459.3196760,55670,1783254.3139010
1726444800000,0.0102830,0.0103650,0.0098450,0.0099280,416311695,4195123.8763980,63173,2029108.3359760
1726531200000,0.0099300,0.0103900,0.0097780,0.0102400,368291345,3731333.9150090,51769,1753216.8311180
1726617600000,0.0102400,0.0107280,0.0098360,0.0106800,553134640,5680683.5889370,74384,2597388.7730450
1726704000000,0.0106790,0.0111770,0.0106470,0.0108650,535346235,5845239.8123280,80915,2836675.8622960
1726790400000,0.0108650,0.0115180,0.0107550,0.0111710,490204147,5470522.9036510,80345,2674190.6605720
1726876800000,0.0111720,0.0114660,0.0108700,0.0113770,453600364,5065272.3158300,67583,2437429.4942920
1726963200000,0.0113770,0.0113920,0.0103980,0.0107960,449717240,4884385.4475770,64083,2171948.5799440
1727049600000,0.0107970,0.0113000,0.0105510,0.0110180,460169681,5069240.4513480,66797,2474569.3644360
1727136000000,0.0110200,0.0117370,0.0107930,0.0115820,725024197,8245837.0477460,97745,3957159.7700200
1727222400000,0.0115820,0.0117320,0.0111610,0.0112390,414322894,4739575.6824140,64986,2138640.8163360
1727308800000,0.0112430,0.0118410,0.0110410,0.0116180,478853827,5527253.2335030,80315,2591450.7267840
1727395200000,0.0116160,0.0122010,0.0115690,0.0120210,462656826,5509155.6416840,78092,2626480.6425660
1727481600000,0.0120230,0.0122410,0.0114030,0.0117590,506886287,5942290.2336610,74859,2771169.5536130
1727568000000,0.0117640,0.0120690,0.0113960,0.0118710,503605144,5926454.6500070,82032,2921535.0439250
1727654400000,0.0118760,0.0119420,0.0108160,0.0109300,569080075,6477937.9263340,90681,2845657.6749370
1727740800000,0.0109300,0.0113840,0.0095340,0.0097050,1108529793,11421159.2368440,126541,4997612.2695440
1727827200000,0.0097030,0.0102740,0.0092090,0.0094780,691459255,6775965.3087120,111215,3261365.8228110
1727913600000,0.0094750,0.0096830,0.0091210,0.0093850,632782928,5967142.5778090,110728,3116368.4121800
1728000000000,0.0093890,0.0099850,0.0093530,0.0097820,444229140,4314517.0294450,81667,2110422.2408590
1728086400000,0.0097830,0.0100560,0.0095570,0.0097480,431951744,4240982.6048790,73135,2057132.2532070
1728172800000,0.0097500,0.0100610,0.0096180,0.0100480,282563766,2785520.3402450,54642,1348027.5777320
1728259200000,0.0100470,0.0102960,0.0098530,0.0098660,430266798,4332693.3031900,74511,2051581.0790300
1728345600000,0.0098680,0.0100710,0.0095990,0.0096980,402889343,3948507.4444390,70952,1843909.7911470
1728432000000,0.0096980,0.0098670,0.0092770,0.0094230,423738469,4068515.9468960,72264,2001904.9457530
1728518400000,0.0094210,0.0096370,0.0091670,0.0095540,318664158,3006306.2950820,55173,1490920.5549240
1728604800000,0.0095580,0.0101450,0.0095160,0.0100000,477281120,4722499.1729370,71250,2227417.4944280
1728691200000,0.0100010,0.0103130,0.0099770,0.0101840,274953035,2794045.0525920,46601,1328312.2603960
1728777600000,0.0101840,0.0102720,0.0097110,0.0101370,281928190,2817074.7970020,53824,1241442.1547520
1728864000000,0.0101410,0.0108060,0.0099590,0.0107040,422785711,4409623.5811470,80226,2167816.0477240
1728950400000,0.0107080,0.0110080,0.0103230,0.0106830,1056242864,11325848.2753090,164421,5282810.4977370
1729036800000,0.0106880,0.0107220,0.0102210,0.0104150,704034294,7332400.4048730,117469,3402680.4017750
1729123200000,0.0104170,0.0105430,0.0099390,0.0101510,349657822,3550646.1246800,69701,1671519.6483860
1729209600000,0.0101540,0.0106410,0.0100260,0.0106330,646265535,6696390.2659210,91691,3278445.9080310
1729296000000,0.0106270,0.0113880,0.0105170,0.0108000,1256242181,13754933.7568070,167073,6599236.9429940
1729382400000,0.0108020,0.0120800,0.0105850,0.0115150,1297540158,14862476.4707930,176824,7190498.7921700
1729468800000,0.0115170,0.0115900,0.0107540,0.0110940,681551494,7585073.9696510,109541,3525280.6910620
1729555200000,0.0110940,0.0113460,0.0105800,0.0112310,755013762,8326539.0782380,120307,4042370.4060750
1729641600000,0.0112270,0.0112800,0.0101560,0.0103690,485399165,5187782.3613150,103753,2231921.8378060
1729728000000,0.0103670,0.0107860,0.0101600,0.0105990,349615478,3664979.0967840,77764,1726123.1415340
1729814400000,0.0106020,0.0106540,0.0086930,0.0092500,839275359,8205295.0567760,111765,3723514.9941630
1729900800000,0.0092500,0.0095030,0.0090170,0.0094030,450347843,4186257.0221820,74484,2103280.7391730
1729987200000,0.0094020,0.0096570,0.0092740,0.0095520,260823879,2462757.9208750,49422,1125891.7287860
1730073600000,0.0095520,0.0097650,0.0091620,0.0096290,375575558,3541339.1467140,77055,1820963.9524740
1730160000000,0.0096340,0.0103010,0.0096250,0.0101410,434964557,4342422.9282640,83926,2103879.9931330
1730246400000,0.0101420,0.0103590,0.0099490,0.0100660,361854485,3682343.9910040,75566,1882089.5286450
1730332800000,0.0100660,0.0101110,0.0094330,0.0095090,341874974,3341827.1020100,70447,1563938.1054740
1730419200000,0.0095100,0.0098740,0.0092500,0.0094610,392139992,3729444.4149550,79950,1834899.9922180
1730505600000,0.0094610,0.0096290,0.0090750,0.0091760,253087260,2363270.0091610,46283,1116563.3549310
1730592000000,0.0091750,0.0092080,0.0083850,0.0086540,465459074,4051831.3803500,84619,1757315.7098340
1730678400000,0.0086580,0.0092900,0.0081730,0.0084610,1345124053,11838545.0301050,168784,6067657.1120430
1730764800000,0.0084600,0.0089920,0.0084530,0.0088740,565715240,4949788.8365690,95502,2347934.6590070
1730851200000,0.0088760,0.0100510,0.0088750,0.0098620,841840054,8069935.7984650,129252,3984321.8128620
1730937600000,0.0098610,0.0101690,0.0096280,0.0100260,536667635,5338519.7675260,79263,2595592.0435370
1731024000000,0.0100260,0.0101170,0.0096960,0.0100520,410376027,4071814.5676040,72357,1935094.2730520
1731110400000,0.0100520,0.0115140,0.0099170,0.0107440,1175480149,12462164.1079560,169325,5866182.1689730
1731196800000,0.0107440,0.0118960,0.0105640,0.0113910,1408371313,15832969.1793220,225529,7625882.4578740
1731283200000,0.0113940,0.0139680,0.0110480,0.0119020,4904735300,61361134.3364640,504798,29834240.5932210
1731369600000,0.0119000,0.0123340,0.0107100,0.0114820,1765261538,20259656.1861740,265645,9621321.6018020
1731456000000,0.0114840,0.0115920,0.0104250,0.0107420,1373160237,15061995.8328880,260236,7134682.8589650
1731542400000,0.0107390,0.0112310,0.0102490,0.0105080,789279347,8457949.5203360,173253,4038408.3927130
1731628800000,0.0105070,0.0116430,0.0101260,0.0112370,975592363,10610245.3107860,167158,5054793.4761820
1731715200000,0.0112360,0.0121870,0.0111460,0.0120710,1038096558,12136027.4594840,165570,5783538.9990070
1731801600000,0.0120690,0.0123820,0.0111820,0.0114090,703799992,8305696.6360790,142896,3775844.9689370
1731888000000,0.0114110,0.0131040,0.0113180,0.0127930,1749362722,21476219.3395110,268962,10694450.3996460
1731974400000,0.0127880,0.0134850,0.0117620,0.0121970,1495399404,18921327.1268740,238446,8645132.1320010
1732060800000,0.0121920,0.0121970,0.0109160,0.0112010,756280495,8769973.6645300,134552,3989561.7324170
1732147200000,0.0112030,0.0122060,0.0107680,0.0119250,737230346,8575103.4398580,134785,4155867.2256740
1732233600000,0.0119250,0.0123980,0.0114720,0.0123230,630680932,7506037.2213950,130899,3594961.1263880
1732320000000,0.0123270,0.0142730,0.0121670,0.0134080,3012443195,40034039.7902300,446440,19384026.2628020
1732406400000,0.0134050,0.0152990,0.0131540,0.0150180,3304618484,47128886.3262560,497402,22864422.8790290
1732492800000,0.0150200,0.0159410,0.0133910,0.0137760,4354307622,63489416.5757540,633240,30688826.3006580
1732579200000,0.0137720,0.0151200,0.0129040,0.0135400,1470033148,20247999.8433370,266126,9747396.3605530
1732665600000,0.0135450,0.0141980,0.0132260,0.0139290,1128241341,15622611.9839370,209678,7521547.3626540
1732752000000,0.0139260,0.0144330,0.0132850,0.0139990,924475227,12783108.1122320,186728,6003081.8838800
1732838400000,0.0140010,0.0145810,0.0136220,0.0144610,677594444,9540750.2152920,139090,4383158.5101110
1732924800000,0.0144570,0.0155150,0.0142010,0.0151730,838032362,12535236.5468770,177810,5948095.2350610
1733011200000,0.0151700,0.0154600,0.0146660,0.0151880,655308553,9892772.8567720,135045,4524030.4609680
1733097600000,0.0151910,0.0156850,0.0138180,0.0155860,1211847650,17781245.3017220,236520,8310273.3666830
1733184000000,0.0155860,0.0177350,0.0150300,0.0174780,1645458678,26715254.4523580,308132,12752867.2779170
1733270400000,0.0174820,0.0190000,0.0170070,0.0180370,2118484779,38030312.4673730,398222,17473093.1846630
1733356800000,0.0180410,0.0192990,0.0168980,0.0184300,1298566046,23610135.0650000,272502,11115559.9227670
1733443200000,0.0184230,0.0193530,0.0175650,0.0188540,891153829,16580642.2101320,219636,7926880.8307040
1733529600000,0.0188500,0.0190510,0.0181710,0.0184770,530231326,9867632.7865510,155036,4578165.6654460
1733616000000,0.0184740,0.0227780,0.0177180,0.0218660,4761751548,99718618.6099660,791698,48895643.5968460
1733702400000,0.0218660,0.0222380,0.0140100,0.0165520,5021842523,93811822.9274180,766798,43566608.4551260
1733788800000,0.0165510,0.0170500,0.0146960,0.0167650,2259111753,36106783.4254820,508559,17032039.7585380
1733875200000,0.0167680,0.0191880,0.0159600,0.0185340,1742000556,31224737.2973180,360445,15104028.9237110
1733961600000,0.0185360,0.0208000,0.0182840,0.0184730,1630453803,31658370.4287050,394417,14605915.7418180
1734048000000,0.0184740,0.0187670,0.0178030,0.0183450,870638785,15917995.5374800,264794,7673843.2419920
1734134400000,0.0183450,0.0185590,0.0165340,0.0170650,629829328,10988946.3765080,193020,5181704.3729770
1734220800000,0.0170600,0.0177840,0.0164410,0.0173410,712267286,12190536.1860820,193135,5684150.8349330
1734307200000,0.0173410,0.0178540,0.0160670,0.0170500,785870692,13313194.9109760,249753,6327654.4076770
1734393600000,0.0170530,0.0181250,0.0163000,0.0164850,1225905879,20922072.5738240,341363,10075557.7292080
1734480000000,0.0164870,0.0165310,0.0144300,0.0149370,1082982378,16972743.0928510,270070,8043272.0194360
1734566400000,0.0149380,0.0152920,0.0131370,0.0137810,1340504621,19098908.3864630,268667,9010528.9770940
1734652800000,0.0137810,0.0143490,0.0119840,0.0138650,1450678752,19084450.2839800,301011,9338520.8777720
1734739200000,0.0138610,0.0148940,0.0134000,0.0137400,1191898964,16794216.3322130,291279,8171730.7562640
1734825600000,0.0137430,0.0141270,0.0130500,0.0134800,848605885,11536679.3873700,209532,5640605.7846810
1734912000000,0.0134800,0.0148020,0.0131020,0.0144850,863405232,12014569.3382790,241951,5779104.3693420
1734998400000,0.0144850,0.0146640,0.0135350,0.0143600,858273283,12170118.1783010,204146,5864717.0465120
1735084800000,0.0143630,0.0144720,0.0137130,0.0139790,541933176,7645933.2727420,138586,3614949.8523310
1735171200000,0.0139810,0.0141230,0.0127820,0.0129770,610108935,8100988.4038820,140480,3741480.6797550
1735257600000,0.0129780,0.0138970,0.0128370,0.0132540,578036333,7702107.7880300,125591,3724609.4137520
1735344000000,0.0132530,0.0141400,0.0131380,0.0140220,458274810,6226327.6896190,103005,3107116.7790020
1735430400000,0.0140250,0.0140990,0.0131950,0.0133780,310558255,4241415.5028030,78278,2000913.2742700
1735516800000,0.0133790,0.0139450,0.0128650,0.0133460,763875083,10195650.8824370,138955,4865579.8824780
1735603200000,0.0133480,0.0137360,0.0127980,0.0133430,450830028,5991543.3828320,116040,2925548.9440120
1735689600000,0.0133440,0.0137610,0.0129360,0.0136740,360257538,4821595.7787260,93241,2313281.3299920
1735776000000,0.0136760,0.0144240,0.0136340,0.0142210,404654869,5710105.0616440,94740,2819399.5600880
1735862400000,0.0142270,0.0149940,0.0139650,0.0148580,452294822,6574002.2810690,102504,3182832.6032520
1735948800000,0.0148570,0.0150580,0.0145190,0.0149430,485427346,7177099.4157550,96532,3461176.4012040
1736035200000,0.0149440,0.0149540,0.0143970,0.0147320,345721850,5067236.0176880,75817,2394895.7599510
1736121600000,0.0147320,0.0154820,0.0143630,0.0150700,475838815,7095345.8256360,114181,3369058.8572980
1736208000000,0.0150680,0.0150680,0.0131200,0.0131300,654036677,9180341.2426200,125366,4358997.1851610
1736294400000,0.0131250,0.0132670,0.0119120,0.0126140,660087567,8307346.7674890,124489,3848296.8494550
1736380800000,0.0126100,0.0127580,0.0118670,0.0122350,509482430,6275454.1627350,97437,3023726.1043570
1736467200000,0.0122360,0.0127930,0.0121550,0.0125860,428828143,5356073.1595490,82905,2554232.3705390
1736553600000,0.0125800,0.0127230,0.0122470,0.0124530,322890975,4013113.6813350,58612,1945357.9965010
1736640000000,0.0124530,0.0125870,0.0121020,0.0122730,290171254,3596185.1363240,51338,1747415.6676060
1736726400000,0.0122780,0.0126090,0.0108270,0.0116010,728062480,8313458.9315170,123458,3932590.4966530
1736812800000,0.0116010,0.0120170,0.0114830,0.0119350,362944069,4259325.2811970,71486,2098348.1682800
1736899200000,0.0119360,0.0125620,0.0115280,0.0125310,484713576,5844435.1791160,85041,2793483.7522840
1736985600000,0.0125330,0.0125640,0.0118590,0.0121510,502683948,6138835.4466960,103724,3081127.1108550
1737072000000,0.0121560,0.0130280,0.0121490,0.0129590,542424735,6856778.6774450,100442,3436819.0629450
1737158400000,0.0129590,0.0130540,0.0114640,0.0117830,643014594,7689176.0812180,119205,3667460.0259200
1737244800000,0.0117840,0.0121340,0.0103610,0.0105730,1124978197,12600852.1421190,178998,6024053.1643610
1737331200000,0.0105720,0.0114020,0.0099310,0.0103660,1016745368,10801433.7876030,165597,5373926.5561340
1737417600000,0.0103670,0.0109040,0.0098310,0.0105680,516477580,5330233.9530050,115373,2551265.2579330
1737504000000,0.0105680,0.0107540,0.0100350,0.0101210,427997733,4491825.6305710,94215,2127603.4887700
1737590400000,0.0101210,0.0104820,0.0097750,0.0103100,907577345,9146622.0653660,143762,4418663.4021310
1737676800000,0.0103150,0.0105160,0.0096250,0.0097150,603279090,6113168.8368360,110433,2655653.2844510
1737763200000,0.0097150,0.0098140,0.0091490,0.0096780,662663735,6287805.2816760,103796,2853040.1031470
1737849600000,0.0096770,0.0101540,0.0095820,0.0096100,467252914,4599601.0994800,81349,2235068.1272340
1737936000000,0.0096090,0.0096540,0.0084510,0.0094510,932748256,8429892.6243900,131147,3974680.9194830
1738022400000,0.0094520,0.0095640,0.0085850,0.0086720,459953575,4208568.1310540,74090,1907706.8892350
1738108800000,0.0086740,0.0095740,0.0086190,0.0090150,513499590,4620253.7269670,85262,2225436.9182660
1738195200000,0.0090140,0.0095510,0.0088830,0.0093080,374900394,3491563.8709850,61947,1643872.6000820
1738281600000,0.0093090,0.0098500,0.0091830,0.0093510,368265262,3487604.7801700,64994,1636928.7581480
1738368000000,0.0093510,0.0095720,0.0084120,0.0084750,460369147,4142493.3171730,83152,2006809.3257000
1738454400000,0.0084750,0.0086740,0.0068370,0.0073900,1309089469,10213287.4823910,142237,4570800.2834630
1738540800000,0.0073870,0.0074920,0.0051690,0.0073730,2311954121,14917226.8113930,215091,7037398.3517240
1738627200000,0.0073700,0.0074460,0.0064630,0.0067730,876873479,5962123.6247380,111774,2935449.7326830
1738713600000,0.0067730,0.0069700,0.0065400,0.0066790,478510129,3250259.3353930,66915,1604067.5621550
1738800000000,0.0066770,0.0068130,0.0061620,0.0062350,610853954,3960210.8053210,76350,1983979.2657360
1738886400000,0.0062390,0.0067930,0.0061810,0.0063950,453648743,2936306.6821920,62661,1421300.8854480
1738972800000,0.0063980,0.0074550,0.0063000,0.0068690,1305185414,8915782.1502360,116126,4388524.2160100
1739059200000,0.0068680,0.0071760,0.0065050,0.0068060,650439548,4484908.6735730,86307,2073883.8551260
1739145600000,0.0068040,0.0083170,0.0065460,0.0074080,1839334287,13765515.6832070,208879,6917111.7106260
1739232000000,0.0074100,0.0077990,0.0070800,0.0072250,1007889313,7509132.5888350,122871,3435312.7742320
1739318400000,0.0072250,0.0082310,0.0069880,0.0080010,1278613030,9746833.6604950,160976,4860909.0326070
1739404800000,0.0080020,0.0081130,0.0074740,0.0077660,652180811,5072934.1080360,102606,2327509.0346060
1739491200000,0.0077670,0.0079400,0.0076020,0.0076960,453864022,3524574.2057290,82336,1619584.2408180
1739577600000,0.0076970,0.0077260,0.0072990,0.0074310,386158805,2901498.0370170,68188,1386518.5952010
1739664000000,0.0074310,0.0079770,0.0073480,0.0075230,577280411,4420409.2820360,72995,2212495.6287870
1739750400000,0.0075230,0.0078760,0.0072820,0.0074840,402734567,3043910.2955200,68750,1467838.9744310
1739836800000,0.0074880,0.0075400,0.0067580,0.0070860,448580311,3187453.3822500,57524,1471147.9973760
1739923200000,0.0070850,0.0073370,0.0070060,0.0072150,342957586,2465984.0723780,43114,1202265.1438820
1740009600000,0.0072140,0.0074330,0.0071010,0.0073960,341268022,2481884.9453080,47899,1200976.4954520
1740096000000,0.0074000,0.0078130,0.0070260,0.0071510,461455221,3454914.1825320,67490,1627907.3235350
1740182400000,0.0071490,0.0076450,0.0070960,0.0076010,288257132,2125616.4378610,40888,1119113.3067600
1740268800000,0.0076020,0.0076620,0.0072860,0.0074260,227629411,1703145.4717040,36368,794848.6776280
1740355200000,0.0074270,0.0074630,0.0062850,0.0064440,576475116,3948152.4999160,72837,1809430.8590430
1740441600000,0.0064410,0.0067430,0.0059280,0.0066510,800002916,5114674.7302390,94344,2467691.9628370
1740528000000,0.0066560,0.0068400,0.0064090,0.0067190,461885074,3062413.5741080,56215,1433006.1581880
1740614400000,0.0067200,0.0069140,0.0064960,0.0067090,466352690,3146816.2821600,53272,1481410.1173330
1740700800000,0.0067080,0.0068090,0.0061530,0.0067040,709619387,4579275.3376210,84850,2263654.0970470
1740787200000,0.0067050,0.0067980,0.0064770,0.0067360,365164584,2430582.0926170,53338,1207356.4677760
1740873600000,0.0067380,0.0073530,0.0065500,0.0073180,514149534,3571693.4350520,69067,1816502.9668970
1740960000000,0.0073190,0.0073400,0.0060730,0.0061810,774739772,5133753.8797340,83539,2385102.8403770
1741046400000,0.0061760,0.0062100,0.0054830,0.0059490,1027142694,6011033.3559550,90460,3043253.3592750
1741132800000,0.0059500,0.0062340,0.0059080,0.0061900,415319809,2513536.1349490,54163,1191096.8198870
1741219200000,0.0061910,0.0063640,0.0060000,0.0060710,489056636,3018460.0708560,60194,1443020.7496460
1741305600000,0.0060710,0.0062540,0.0057480,0.0059930,573081284,3467069.9356580,70520,1739005.6353290
1741392000000,0.0059950,0.0060520,0.0058050,0.0058950,347788522,2058898.9414860,39651,1005875.8318290
1741478400000,0.0058970,0.0059220,0.0051720,0.0052810,514493130,2854817.1665770,57754,1369034.4593030
1741564800000,0.0052820,0.0055950,0.0048770,0.0050860,731800244,3870948.9742430,75298,1976100.8867620
1741651200000,0.0050850,0.0054240,0.0046310,0.0052730,800597139,4053874.0026380,83730,1982689.4311290
1741737600000,0.0052760,0.0055500,0.0051000,0.0054260,497287032,2652914.0029330,59609,1325498.3309510
1741824000000,0.0054270,0.0054900,0.0052080,0.0053760,388169814,2081165.8086710,48666,1087962.6546970
1741910400000,0.0053760,0.0057080,0.0053650,0.0056050,325152301,1810685.5330350,42878,913319.9621190
1741996800000,0.0056060,0.0059850,0.0055480,0.0059610,390016033,2237175.6048810,44111,1133531.1575820
1742083200000,0.0059600,0.0060210,0.0055350,0.0056080,558950339,3219507.6361260,51509,1493839.5929300
1742169600000,0.0056080,0.0060910,0.0055980,0.0058760,474117814,2791457.2414480,50488,1353033.4118930
1742256000000,0.0058740,0.0058940,0.0056230,0.0058820,397230691,2283628.7723900,47090,1158079.3913300
1742342400000,0.0058830,0.0061040,0.0058430,0.0060990,469231481,2798083.4330510,53402,1346312.6695140
1742428800000,0.0061010,0.0061060,0.0058340,0.0059230,373795513,2225942.2433990,49980,1016348.7419870
1742515200000,0.0059230,0.0059560,0.0057170,0.0057420,324111475,1881497.0703230,47827,898373.9606130
1742601600000,0.0057420,0.0061860,0.0057280,0.0059790,272342206,1625444.5382950,47821,820193.7262120
1742688000000,0.0059790,0.0060990,0.0058190,0.0058920,300751520,1789518.3846580,46067,855444.7209070
1742774400000,0.0058940,0.0064020,0.0058160,0.0063270,325355647,1999705.7191060,51724,1095701.1763740
1742860800000,0.0063270,0.0063590,0.0061720,0.0062830,347688151,2173730.7775290,44139,1009988.1874080
1742947200000,0.0062820,0.0064350,0.0060750,0.0061410,348601657,2175953.8169420,44039,1140140.8027380
1743033600000,0.0061420,0.0064480,0.0060530,0.0061490,406766172,2537481.4545260,45612,1240287.4507350
1743120000000,0.0061510,0.0061950,0.0054550,0.0055780,559871018,3193759.8585360,53467,1392388.8467600
1743206400000,0.0055780,0.0056400,0.0051160,0.0052640,395819531,2110977.1965490,43288,968296.0280570
1743292800000,0.0052640,0.0054200,0.0052010,0.0052900,275573843,1468139.6648180,40388,688747.1408660
1743379200000,0.0052940,0.0053550,0.0050660,0.0051960,363902368,1902284.8550070,47500,935561.5067400
1743465600000,0.0051950,0.0054400,0.0051330,0.0052210,404130421,2137513.9072110,40385,1026277.1946840
1743552000000,0.0052210,0.0052240,0.0046470,0.0047340,766508586,3822967.6318630,66472,1799847.2797480
1743638400000,0.0047330,0.0049000,0.0042100,0.0045840,977368408,4359509.0377130,81193,2208745.8926210
1743724800000,0.0045850,0.0048800,0.0044060,0.0045690,1073661411,4960130.5689330,82563,2509577.5836250
1743811200000,0.0045700,0.0046660,0.0044940,0.0046070,249776405,1142441.4083680,27533,549379.7675820
1743897600000,0.0046070,0.0046430,0.0039780,0.0041090,713993256,3046182.2241480,55730,1490264.4838170
1743984000000,0.0041100,0.0045000,0.0036760,0.0042840,1234443674,5057678.2777400,97667,2487167.9326910
1744070400000,0.0042840,0.0044610,0.0040480,0.0040670,536157266,2262416.3988780,50433,1179539.9366620
1744156800000,0.0040700,0.0046240,0.0039170,0.0045620,624747510,2678469.2730210,56661,1342325.2586800
1744243200000,0.0045620,0.0045680,0.0042850,0.0044620,473163260,2094588.9485910,44354,1053011.8408240
1744329600000,0.0044620,0.0047940,0.0044360,0.0045660,632264233,2888131.0412820,51422,1510489.4383200
1744416000000,0.0045660,0.0047750,0.0045130,0.0047070,375744920,1747767.7623360,35091,867829.0946410
1744502400000,0.0047060,0.0047230,0.0042610,0.0043440,489264227,2201023.1758290,45789,1044240.4709900
1744588800000,0.0043440,0.0047600,0.0043300,0.0045380,1518615042,6919744.6739470,100767,3459870.4005420
1744675200000,0.0045390,0.0046480,0.0043180,0.0043420,594803138,2678972.5810490,47185,1191844.3159560
1744761600000,0.0043420,0.0044170,0.0041210,0.0042340,629174645,2697452.3485990,50292,1316283.5005920
1744848000000,0.0042330,0.0043970,0.0041990,0.0043370,397341800,1706255.8088130,31824,858797.0000520
1744934400000,0.0043370,0.0045640,0.0042840,0.0045500,428026612,1914335.6244280,31656,1000808.0333630
1745020800000,0.0045490,0.0051060,0.0045440,0.0049160,1717666253,8416666.8014650,100830,4123052.4921740
1745107200000,0.0049160,0.0053330,0.0048300,0.0050820,1521609955,7735399.6960290,86061,3676121.7115240
1745193600000,0.0050820,0.0057790,0.0050620,0.0053120,2841837714,15457797.9969370,148918,7487723.1668600
1745280000000,0.0053110,0.0055420,0.0050760,0.0055390,1533138479,8120931.6006530,91459,3788761.5001240
1745366400000,0.0055390,0.0057120,0.0054320,0.0056140,765440923,4267622.5077600,60788,2010575.7764730
1745452800000,0.0056130,0.0059630,0.0053790,0.0059100,751019392,4240656.8397720,58867,2167353.2945290
1745539200000,0.0059090,0.0062970,0.0058730,0.0060700,779913472,4756353.4283090,61288,2344112.2342100
1745625600000,0.0060690,0.0062550,0.0059590,0.0061300,465325041,2839391.2734250,42342,1307192.4607630
1745712000000,0.0061300,0.0061390,0.0057240,0.0057340,530948919,3130105.2214420,46458,1386598.9863430
1745798400000,0.0057340,0.0060460,0.0055610,0.0060010,659196511,3873200.6550340,53291,1874735.6910110
1745884800000,0.0060020,0.0061490,0.0055930,0.0057050,678313976,4000951.7685210,63559,1829489.9157000
1745971200000,0.0057070,0.0060450,0.0056470,0.0059880,904293717,5324987.3646030,68955,2649240.4911210
1746057600000,0.0059870,0.0062000,0.0058990,0.0059940,520281698,3155726.4640450,47579,1520926.0454030
1746144000000,0.0059920,0.0060670,0.0058040,0.0058620,389291456,2299811.7966140,42673,1094560.8332230
1746230400000,0.0058620,0.0058810,0.0052310,0.0053220,532315952,2947504.6016700,52498,1409645.6352720
1746316800000,0.0053220,0.0053590,0.0048350,0.0049520,783852372,3962153.5779070,82940,1864704.2656830
1746403200000,0.0049520,0.0050260,0.0047570,0.0048890,511083122,2505698.2884560,55884,1223240.4334160
1746489600000,0.0048870,0.0049960,0.0045310,0.0047650,901913726,4315251.4562820,83515,2113449.2145800
1746576000000,0.0047650,0.0049630,0.0045870,0.0048130,1260638474,5982443.1931170,99546,2994180.2954920
1746662400000,0.0048130,0.0055620,0.0047930,0.0055540,679272383,3513740.8940380,80683,1784999.5253790
1746748800000,0.0055540,0.0062630,0.0055330,0.0061720,807197166,4740208.9737390,96431,2488783.8076790
1746835200000,0.0061690,0.0066460,0.0061270,0.0066160,1229575465,7798401.9424700,121557,3669179.1756090
1746921600000,0.0066150,0.0067140,0.0061910,0.0064230,764501445,4915167.4030520,91256,2383163.4337060
1747008000000,0.0064260,0.0068760,0.0062100,0.0065700,1379057650,9090095.0909820,137052,4502175.5539970
1747094400000,0.0065690,0.0072970,0.0061800,0.0069320,1964822983,13361412.6757240,173227,6357589.5252450
1747180800000,0.0069340,0.0071220,0.0064850,0.0065120,867808761,5850707.1861770,92951,2641277.5793760
1747267200000,0.0065170,0.0066190,0.0058440,0.0060930,808230066,4995845.5541790,83686,2326061.5815600
1747353600000,0.0060950,0.0062250,0.0058140,0.0058930,455731959,2760731.8729680,51532,1207794.8280990
1747440000000,0.0058920,0.0059400,0.0055890,0.0056830,492110342,2817459.0888750,54891,1301562.0161520
1747526400000,0.0056830,0.0061310,0.0055380,0.0059560,673787706,3929744.3128370,72698,1818209.6295420
1747612800000,0.0059520,0.0060120,0.0053770,0.0056770,606544197,3404945.2152370,72540,1648611.4386180
1747699200000,0.0056780,0.0058620,0.0055470,0.0057950,387296367,2203030.0612110,52166,1092575.9304030
1747785600000,0.0057980,0.0060010,0.0056280,0.0058950,550180385,3185301.3370560,62686,1541409.0681730
1747872000000,0.0058960,0.0064280,0.0058910,0.0064140,488662663,3036097.4658170,51379,1456578.3519090
1747958400000,0.0064160,0.0065780,0.0057010,0.0057390,751400026,4613954.5775580,72653,2223606.9371700
1748044800000,0.0057400,0.0058990,0.0056820,0.0057230,308559958,1791662.8085440,38575,885709.7651860
1748131200000,0.0057270,0.0057580,0.0052550,0.0056350,588447319,3214825.8519340,59589,1516314.7635780
1748217600000,0.0056330,0.0057760,0.0054790,0.0055550,280588608,1581189.3595740,44519,771613.0888280
1748304000000,0.0055530,0.0058080,0.0054000,0.0056670,379419976,2154778.8897310,46701,1079976.2820360
1748390400000,0.0056670,0.0057940,0.0054090,0.0056320,406679802,2275476.1843930,48347,1106585.0849440
1748476800000,0.0056350,0.0057480,0.0052050,0.0052610,532074581,2909519.0339910,58261,1328546.6825830
1748563200000,0.0052600,0.0053120,0.0044810,0.0045580,824404745,4039397.8011900,71391,1916596.1541480
1748649600000,0.0045560,0.0047610,0.0043760,0.0046740,504295492,2311426.2714120,58726,1107897.9842870
1748736000000,0.0046740,0.0048170,0.0045480,0.0047800,399399661,1867872.1225180,45329,878782.0761820
1748822400000,0.0047790,0.0049800,0.0046430,0.0049180,372471393,1776035.9453580,57759,907220.7147140
1748908800000,0.0049220,0.0050550,0.0048790,0.0049260,298271811,1482852.1347030,62345,690929.8928750
1748995200000,0.0049260,0.0050240,0.0047060,0.0047360,309597435,1511289.5829690,35946,707321.6529360
1749081600000,0.0047390,0.0049230,0.0043590,0.0044070,767525975,3584925.2147010,69339,1704268.9642090
1749168000000,0.0044070,0.0046720,0.0043800,0.0045480,327860562,1484757.9073340,70581,762383.5166140
1749254400000,0.0045490,0.0047460,0.0045150,0.0046870,299155768,1395242.4288210,55214,687200.5124730
1749340800000,0.0046870,0.0047400,0.0045740,0.0046580,223511476,1044024.3450330,33060,490022.1366150
1749427200000,0.0046580,0.0050630,0.0045660,0.0050540,441423588,2133883.7983280,43672,1184361.8155680
1749513600000,0.0050550,0.0052860,0.0049920,0.0052480,466483498,2393070.0143200,61702,1155244.3192830
1749600000000,0.0052480,0.0053670,0.0049290,0.0050050,698485646,3579057.8637370,72625,1816510.7700810
1749686400000,0.0050040,0.0050060,0.0046730,0.0046870,547005937,2644196.1622650,67108,1276193.1782490
1749772800000,0.0046880,0.0046950,0.0041840,0.0044510,1007872201,4375556.1282950,90169,2103515.4017930
1749859200000,0.0044520,0.0044820,0.0042800,0.0043900,309225615,1358731.5048450,48616,629722.4028510
1749945600000,0.0043890,0.0044730,0.0043200,0.0044240,360240979,1586444.2235660,43557,734126.2971000
1750032000000,0.0044260,0.0047050,0.0043660,0.0044120,650088193,2965325.0437880,62297,1391941.8700400
1750118400000,0.0044140,0.0045290,0.0040580,0.0041360,652027818,2806075.3667900,77098,1327327.8724900
1750204800000,0.0041380,0.0042350,0.0039510,0.0041390,457573861,1871331.6511130,44891,954147.5481190
1750291200000,0.0041370,0.0042190,0.0040580,0.0041450,334855928,1390900.7470560,52423,658158.0802110
1750377600000,0.0041450,0.0042750,0.0039350,0.0040460,525034217,2167543.1627840,55717,1180300.5341560
1750464000000,0.0040460,0.0041360,0.0036880,0.0038420,488278941,1929949.0214310,65018,923125.0244910
1750550400000,0.0038410,0.0038840,0.0034690,0.0036790,741496764,2728188.8572360,56859,1320675.1504830
1750636800000,0.0036780,0.0041420,0.0036780,0.0041240,607639120,2331997.9792780,66674,1134286.6275520
1750723200000,0.0041230,0.0043060,0.0041090,0.0042360,593320973,2490700.0953500,64280,1290557.5048510
1750809600000,0.0042360,0.0042530,0.0040950,0.0041280,291568171,1217893.1670020,52939,578175.2906590
1750896000000,0.0041290,0.0042840,0.0039860,0.0040380,635944071,2630500.6995170,60218,1327246.2736210
1750982400000,0.0040390,0.0041240,0.0039520,0.0040530,404084576,1634425.9451440,45772,824672.9059020
1751068800000,0.0040530,0.0041980,0.0040050,0.0041690,328844429,1344761.5320310,58810,697417.0985260
1751155200000,0.0041690,0.0044250,0.0040880,0.0044120,443637393,1877417.9468090,59485,995119.6751190
1751241600000,0.0044110,0.0044260,0.0041270,0.0042690,488969679,2079808.5300960,66961,1000717.7053140
1751328000000,0.0042690,0.0042770,0.0039830,0.0040360,616180477,2530803.8865060,54695,1166282.6086540
1751414400000,0.0040360,0.0045610,0.0039690,0.0044520,631247611,2727496.3672770,64068,1534353.3162360
1751500800000,0.0044520,0.0045220,0.0043310,0.0044370,475951975,2113853.8186390,81322,1044335.7378000
1751587200000,0.0044370,0.0044750,0.0040840,0.0041420,594526529,2519526.5817380,75195,1206819.9668010
1751673600000,0.0041430,0.0041940,0.0040100,0.0041210,402570688,1659175.2298860,54848,832412.7426530
1751760000000,0.0041220,0.0043190,0.0040800,0.0042190,377289048,1576201.3773280,58875,796229.0524010
1751846400000,0.0042190,0.0043670,0.0041920,0.0042900,589656206,2507949.7949340,58423,1224731.0891890
1751932800000,0.0042890,0.0044100,0.0041620,0.0043650,901023641,3872056.7723410,63398,1871694.2294680
1752019200000,0.0043640,0.0046410,0.0042890,0.0045910,1555343721,7007661.6391850,96805,3250225.8756610
1752105600000,0.0045930,0.0050060,0.0045300,0.0049760,929039317,4365221.5337880,56768,2180263.1198120
1752192000000,0.0049770,0.0053710,0.0048890,0.0050590,1449714622,7475376.1618600,94822,3851512.7012150
1752278400000,0.0050620,0.0052390,0.0048510,0.0050330,816671426,4132392.6217020,77258,2009856.3882250
1752364800000,0.0050330,0.0053070,0.0049760,0.0051660,571289923,2942670.8855250,60712,1453207.9472700
1752451200000,0.0051680,0.0054410,0.0050240,0.0051170,913526274,4789780.9299090,77254,2334607.5180250
1752537600000,0.0051170,0.0054170,0.0049020,0.0054110,807989768,4113411.6308070,68668,2140145.2886260
1752624000000,0.0054090,0.0057430,0.0052910,0.0055460,901223304,4960413.2423500,78728,2697658.7822000
1752710400000,0.0055440,0.0056300,0.0052870,0.0055190,722723892,3959413.5680460,76325,1916936.7334680
1752796800000,0.0055190,0.0059240,0.0054110,0.0055820,697057044,3965046.4873990,77842,1846244.4136470
1752883200000,0.0055820,0.0057040,0.0053910,0.0056800,391748003,2172896.0234400,66022,1034707.4301280
1752969600000,0.0056780,0.0061010,0.0056450,0.0059300,738228871,4355450.4812160,85928,1936218.6899410
1753056000000,0.0059320,0.0061460,0.0058150,0.0060550,481921079,2895867.2397180,66681,1398028.9946740
1753142400000,0.0060520,0.0060950,0.0056310,0.0060150,622223163,3648428.1200200,85478,1853796.0983140
1753228800000,0.0060140,0.0061300,0.0052110,0.0054530,1100425504,6229795.2883670,104350,2936057.3553420
1753315200000,0.0054540,0.0055290,0.0049840,0.0052540,827139067,4360583.4229720,96208,2192894.8412470
1753401600000,0.0052550,0.0054100,0.0050600,0.0053950,569109305,2978450.4636700,72749,1413346.3082810
1753488000000,0.0053950,0.0054920,0.0053620,0.0053860,387043014,2098277.1806320,58381,1030263.4492030
1753574400000,0.0053860,0.0056750,0.0053670,0.0056200,431252441,2373502.4489670,62548,1128021.2507220
1753660800000,0.0056220,0.0057470,0.0051660,0.0052170,762751602,4210845.0849830,78254,1899999.1074210
1753747200000,0.0052170,0.0054120,0.0048580,0.0050890,646091000,3334696.7109490,74605,1593319.8976750
1753833600000,0.0050880,0.0051130,0.0047000,0.0050000,606702728,2998835.0533240,68783,1461001.2429850
1753920000000,0.0049990,0.0051200,0.0046600,0.0046930,531909501,2604849.2634140,62852,1221849.1295060
1754006400000,0.0046930,0.0047150,0.0044000,0.0045610,735623329,3376967.5944640,86707,1695359.4733780
1754092800000,0.0045600,0.0046210,0.0042860,0.0044420,495330119,2208474.5845230,58279,1025929.5393400
1754179200000,0.0044410,0.0046240,0.0043750,0.0046000,318262122,1447705.1495290,42710,692335.5643780
1754265600000,0.0045980,0.0048390,0.0045920,0.0048250,441823534,2077436.9737410,47105,1083587.2238880
1754352000000,0.0048230,0.0050500,0.0045030,0.0046430,2923662725,14107534.8832130,223869,6400783.1189780
1754438400000,0.0046440,0.0047930,0.0044870,0.0047370,1209468323,5646191.6735620,146392,2610410.8558140
1754524800000,0.0047370,0.0049960,0.0046830,0.0049470,812493565,3921403.5108490,64747,1904435.2634920
1754611200000,0.0049470,0.0051060,0.0048840,0.0050500,738986209,3683475.1702670,60806,1738974.7097310
1754697600000,0.0050500,0.0053400,0.0050250,0.0052590,618026528,3214580.5810760,55765,1536762.7106060
1754784000000,0.0052600,0.0053520,0.0050190,0.0051800,690557407,3580795.6068550,57004,1715836.0008340
1754870400000,0.0051800,0.0053320,0.0048080,0.0048660,855706446,4318983.7881000,66662,1989276.9786820
1754956800000,0.0048640,0.0052520,0.0047590,0.0052080,801975816,4003841.5795650,62765,2164075.0573510
1755043200000,0.0052100,0.0054580,0.0051470,0.0053900,927267341,4935424.5829180,70381,2549598.2091100
1755129600000,0.0053910,0.0054590,0.0046780,0.0047920,1159478816,5834815.8894140,90818,2658431.0627470
1755216000000,0.0047910,0.0049190,0.0045820,0.0047460,761137756,3622857.7392430,55917,1830488.6733930
1755302400000,0.0047450,0.0050630,0.0047360,0.0050120,556264502,2729321.6293130,50601,1337819.1135880
1755388800000,0.0050140,0.0051490,0.0049400,0.0049560,437807271,2199002.6300470,41026,1041787.2643090
1755475200000,0.0049540,0.0049750,0.0046440,0.0047460,624956266,2986370.8036610,55240,1405979.7100910
1755561600000,0.0047460,0.0048460,0.0045070,0.0045500,690431727,3218572.3960280,59465,1522051.4721010
1755648000000,0.0045480,0.0048680,0.0045010,0.0048200,542549037,2543961.9536870,51822,1291827.3214200
1755734400000,0.0048200,0.0048840,0.0045870,0.0046180,450564189,2120533.9995130,45534,1075293.2180850
1755820800000,0.0046180,0.0052170,0.0044020,0.0051060,1031750933,4968858.8413080,78275,2614094.9404990
1755907200000,0.0051070,0.0052440,0.0049650,0.0051180,758362666,3856721.5645610,69132,1857615.9737290
1755993600000,0.0051190,0.0052050,0.0048520,0.0049790,1087775637,5418998.3982090,81332,2571420.3056950
1756080000000,0.0049790,0.0050760,0.0044100,0.0045210,845596920,3997035.6841760,71955,1871393.5289720
1756166400000,0.0045210,0.0047800,0.0044620,0.0047450,598932986,2764837.6369630,67101,1462868.1828090
1756252800000,0.0047450,0.0047950,0.0046410,0.0047010,555350470,2618651.1863110,54222,1323283.9602910
1756339200000,0.0047010,0.0048440,0.0045540,0.0048140,562858805,2658896.6541750,55672,1268221.9434780
1756425600000,0.0048150,0.0048300,0.0043640,0.0044880,751358309,3416936.2624310,64343,1563696.7905140
1756512000000,0.0044870,0.0046060,0.0044000,0.0045300,347148958,1571099.4500240,39362,775206.4250960
1756598400000,0.0045310,0.0047530,0.0044310,0.0044380,608467998,2790600.8609210,53366,1323671.3536580
1756684800000,0.0044370,0.0045260,0.0041120,0.0042320,919121099,3980414.8507660,76458,1934421.7288310
1756771200000,0.0042340,0.0043970,0.0042080,0.0043600,484585660,2092084.5748490,53058,1049225.4772030
1756857600000,0.0043610,0.0044130,0.0042840,0.0043600,449335332,1954586.4175980,48594,975538.8239420
1756944000000,0.0043610,0.0043760,0.0040870,0.0041420,427662977,1793465.7351570,47208,826413.0044080
1757030400000,0.0041390,0.0043520,0.0041330,0.0042380,505543682,2143255.0694470,104204,1035044.0769970
1757116800000,0.0042350,0.0042720,0.0041470,0.0041810,346525433,1455061.0899160,83643,714179.4356190
1757203200000,0.0041830,0.0042900,0.0041830,0.0042520,423101604,1794181.4635640,54827,856373.8424570
1757289600000,0.0042520,0.0044480,0.0042140,0.0043880,580984552,2516388.0202770,51815,1257999.5013840
1757376000000,0.0043890,0.0045900,0.0043110,0.0044000,905939452,4036322.9307580,68622,2034948.5971870
1757462400000,0.0043990,0.0046960,0.0043620,0.0045550,658061705,2982523.3196060,65787,1455153.1248510
1757548800000,0.0045550,0.0048110,0.0045010,0.0046410,1086843844,5062970.0830290,86341,2500461.2740630
1757635200000,0.0046420,0.0050000,0.0045550,0.0049490,1219890639,5839555.7535230,100172,3015914.1148120
1757721600000,0.0049490,0.0056990,0.0049020,0.0050820,3409501084,17845698.5762570,279012,8568275.6908220
1757808000000,0.0050810,0.0051110,0.0048110,0.0048790,872854119,4340015.6312740,72704,1959740.4713280
1757894400000,0.0048790,0.0050190,0.0045730,0.0047010,791717127,3775189.4607820,78075,1791147.8176490
1757980800000,0.0047000,0.0048000,0.0045420,0.0047760,494905733,2319163.2443070,53792,1130608.4972930
1758067200000,0.0047750,0.0049610,0.0046090,0.0049180,601671476,2857419.0753620,55724,1412811.7007970
1758153600000,0.0049190,0.0049770,0.0048540,0.0049380,364774936,1794322.2404690,38407,856673.2010850
1758240000000,0.0049360,0.0050330,0.0046110,0.0046590,442672529,2124599.8140940,47366,1006618.4168930
1758326400000,0.0046590,0.0048230,0.0046060,0.0047750,270011747,1277008.6405050,32387,613954.0629880
1758412800000,0.0047750,0.0049330,0.0047050,0.0047380,339937549,1630453.2210550,45984,778158.6266110
1758499200000,0.0047380,0.0047610,0.0040200,0.0042510,999028702,4322100.9073700,68521,1803206.8504610
1758585600000,0.0042520,0.0042920,0.0041260,0.0042010,385936518,1630006.6241780,31988,768010.4249990
1758672000000,0.0042050,0.0042930,0.0040750,0.0042060,477654539,2020171.1177560,38549,1014748.1377470
1758758400000,0.0042060,0.0042090,0.0038540,0.0039290,689953927,2787521.0428170,49668,1351483.0380830
1758844800000,0.0039330,0.0040990,0.0038790,0.0040520,544145908,2170051.2516010,37725,1085700.2849620
1758931200000,0.0040550,0.0041100,0.0039990,0.0040610,320336507,1301266.9613270,26470,643476.9286120
1759017600000,0.0040640,0.0041790,0.0039400,0.0041670,348554027,1401811.9783560,28585,696589.0786960
1759104000000,0.0041670,0.0041690,0.0039870,0.0040800,370197111,1518142.9602640,38520,732387.8502100
1759190400000,0.0040830,0.0041160,0.0038900,0.0040240,409067741,1635590.9280600,38224,807491.9009640
1759276800000,0.0040260,0.0043010,0.0039740,0.0042860,534739379,2231266.0777980,42298,1119951.2051240
1759363200000,0.0042880,0.0045840,0.0042850,0.0045170,540795107,2409186.0266970,46349,1172132.8211170
1759449600000,0.0045200,0.0046630,0.0044090,0.0045640,441567669,1999999.6197590,39473,1026420.9210330
1759536000000,0.0045670,0.0045840,0.0043150,0.0043870,334385419,1479804.6835240,31582,733367.4687570
1759622400000,0.0043890,0.0045870,0.0043190,0.0043530,482466221,2145380.1755940,43852,1037589.5411200
1759708800000,0.0043510,0.0045790,0.0043080,0.0045230,582150657,2585490.5934560,50937,1287752.2804270
1759795200000,0.0045230,0.0045710,0.0041940,0.0042320,665876728,2912753.4950820,64542,1333465.2669190
1759881600000,0.0042320,0.0044680,0.0041800,0.0043810,591188761,2540634.8425980,65637,1270349.5135680
1759968000000,0.0043810,0.0052980,0.0041400,0.0048430,7135055778,34900027.7926450,413405,17352022.0935120
1760054400000,0.0048440,0.0051570,0.0020380,0.0033510,4840358110,20993408.7007790,353864,9893528.3513610
1760140800000,0.0033510,0.0037470,0.0031690,0.0033330,2671292840,8993438.1448960,217357,4415013.5065700
1760227200000,0.0033340,0.0038050,0.0032580,0.0037210,1071929897,3775399.4033440,87028,1870732.1853450
1760313600000,0.0037230,0.0043010,0.0036610,0.0039970,3298385004,13082855.6183310,170681,6427862.6091890
1760400000000,0.0040000,0.0047080,0.0037000,0.0040510,4350630820,17741230.2436010,253436,8594887.7317980
1760486400000,0.0040510,0.0041360,0.0036720,0.0037390,1672402292,6535055.9380000,109353,3094710.7958970
1760572800000,0.0037390,0.0039240,0.0035260,0.0036140,1178368480,4416447.8882970,88529,2117185.0816140
1760659200000,0.0036160,0.0036780,0.0032530,0.0035170,1131192243,3910918.0067840,69837,1923962.6552920
1760745600000,0.0035180,0.0040480,0.0035160,0.0036940,3063942829,11598399.0630220,153100,5709544.1797980
1760832000000,0.0036940,0.0037800,0.0035490,0.0037490,1001491095,3689315.6343790,67604,1771713.2449920
1760918400000,0.0037480,0.0038450,0.0035940,0.0036510,765203688,2839165.7599940,62135,1470401.3637350
1761004800000,0.0036510,0.0037420,0.0034290,0.0034600,821654480,2947396.7478070,54711,1408128.1443640
1761091200000,0.0034600,0.0035090,0.0031770,0.0033460,859395829,2926071.5285150,48361,1420193.5214840
1761177600000,0.0033470,0.0034520,0.0033260,0.0033690,444641688,1504128.8017410,30498,807636.3534370
1761264000000,0.0033740,0.0034990,0.0033460,0.0034560,429160734,1464951.2186800,35475,692791.0321680
1761350400000,0.0034580,0.0037010,0.0033930,0.0034870,1327423482,4696525.9426700,72090,2164161.2271270
1761436800000,0.0034840,0.0036160,0.0034370,0.0035730,535823375,1893001.9145580,44698,875877.9122310
1761523200000,0.0035750,0.0036220,0.0033660,0.0034100,509447665,1787853.0558770,37394,898000.0122250
1761609600000,0.0034080,0.0034470,0.0031690,0.0032700,614253247,2051668.2732310,44388,962840.4087780
1761696000000,0.0032700,0.0033880,0.0032020,0.0033100,449888271,1490846.2786640,37190,694721.0598070
1761782400000,0.0033100,0.0033480,0.0029210,0.0030180,897704868,2790751.0931550,64354,1325903.7719270
1761868800000,0.0030190,0.0031760,0.0030140,0.0030840,610093532,1881187.6990220,43630,932558.6351460
1761955200000,0.0030840,0.0031920,0.0030690,0.0031630,392106302,1234857.0813270,32444,634104.4709020
1762041600000,0.0031630,0.0031870,0.0030170,0.0031370,437881172,1361571.3818540,33791,644908.6729660
1762128000000,0.0031420,0.0031500,0.0024580,0.0027330,1090189634,3050588.9157420,67774,1455783.2473960
1762214400000,0.0027340,0.0028360,0.0024860,0.0026980,1017304627,2741107.5972050,63580,1325757.9024190
1762300800000,0.0026990,0.0028650,0.0025430,0.0028340,692554070,1904240.7065680,45201,895971.0988080
1762387200000,0.0028320,0.0032780,0.0027010,0.0028420,2286842802,6709468.0341820,117040,3449997.1602780
1762473600000,0.0028420,0.0032880,0.0028390,0.0032000,1038193334,3193301.8171650,65512,1649544.5772650
1762560000000,0.0032000,0.0035900,0.0030290,0.0032580,2914926589,9477349.9650310,209428,4462564.5872980
1762646400000,0.0032590,0.0032590,0.0030320,0.0031630,1156967178,3651424.4732180,73254,1717891.7860390
1762732800000,0.0031640,0.0032130,0.0030620,0.0031720,559500404,1764867.8925540,53157,923583.8180240
1762819200000,0.0031720,0.0032360,0.0029570,0.0029700,777031758,2433556.3738450,74476,1143959.7453170
1762905600000,0.0029710,0.0031630,0.0029190,0.0029940,638080729,1928685.9357900,45837,967171.1389050
1762992000000,0.0029970,0.0030860,0.0027390,0.0028290,725661904,2114540.5445470,43994,950034.4683850
1763078400000,0.0028300,0.0028490,0.0026660,0.0027260,713549158,1972208.8323050,40770,990720.3645340
1763164800000,0.0027250,0.0028480,0.0027210,0.0027740,403674020,1120670.5463920,33638,558026.7398610
1763251200000,0.0027740,0.0027970,0.0025650,0.0026750,644770615,1727086.4699260,37351,837825.9082150
1763337600000,0.0026730,0.0027780,0.0025700,0.0026210,1010121139,2700929.2356580,35130,1348144.4807080
1763424000000,0.0026210,0.0026990,0.0025510,0.0026520,1025537055,2692896.5723800,35138,1347829.6431110
1763510400000,0.0026520,0.0026900,0.0024280,0.0025910,1585785543,4108946.0109570,54009,2004042.1566520
1763596800000,0.0025900,0.0027940,0.0024990,0.0026410,1249640134,3318365.5438720,52325,1639375.8588670
1763683200000,0.0026400,0.0027240,0.0022850,0.0025000,1806927531,4519495.2718670,106184,2219652.3800000
1763769600000,0.0025000,0.0025240,0.0023900,0.0024300,787770344,1923091.5638680,35123,922119.1851000
1763856000000,0.0024280,0.0030560,0.0024110,0.0025130,6673507964,18045854.0604020,214135,8761226.0338340
1763942400000,0.0025130,0.0025970,0.0024630,0.0025370,1529566377,3865722.0731620,58139,1850006.9186800
1764028800000,0.0025370,0.0025630,0.0024300,0.0025110,903213515,2264143.8979930,45404,1109080.7956460
1764115200000,0.0025100,0.0026150,0.0024490,0.0025810,884074233,2238628.9818000,47290,1093600.9884840
1764201600000,0.0025800,0.0026080,0.0025280,0.0025520,535876082,1377707.0542670,32496,681391.1101370
1764288000000,0.0025520,0.0025900,0.0024890,0.0025280,605916109,1537697.0254350,33339,723470.7235550
1764374400000,0.0025290,0.0027650,0.0024710,0.0024880,1088960360,2814441.2514610,59696,1318029.1227390
1764460800000,0.0024880,0.0025130,0.0023690,0.0023800,598500213,1469348.0509350,28262,733632.9888870
1764547200000,0.0023790,0.0023870,0.0021510,0.0022110,849985844,1895543.7347370,54061,933045.5474240
1764633600000,0.0022110,0.0023870,0.0021760,0.0023310,761881472,1755073.9956950,33016,900840.9777430
1764720000000,0.0023310,0.0024600,0.0022930,0.0024300,595002294,1409759.9746520,29714,678896.4426170
1764806400000,0.0024310,0.0024530,0.0023040,0.0023320,424127337,1014190.5258860,22647,482268.1745020
1764892800000,0.0023320,0.0023790,0.0021930,0.0022610,613919854,1402424.7937110,29596,697079.1226430
1764979200000,0.0022600,0.0024120,0.0022480,0.0023770,750562219,1750459.7352900,28797,849790.2796800
1765065600000,0.0023780,0.0023940,0.0022010,0.0022820,733009407,1693577.5480260,28342,817678.6023840
1765152000000,0.0022800,0.0024070,0.0022720,0.0023700,777298658,1830533.6803850,27832,894478.8400960
1765238400000,0.0023700,0.0025030,0.0023120,0.0024400,619158031,1485174.4054730,30149,731937.2887230
1765324800000,0.0024390,0.0025510,0.0023560,0.0023720,747335701,1801622.3238210,34576,867526.3056880
1765411200000,0.0023710,0.0023740,0.0022510,0.0023320,393765014,908050.6743710,25182,416750.8028470
1765497600000,0.0023330,0.0023770,0.0022010,0.0023060,465429423,1072361.9720460,28382,507739.4250400
1765584000000,0.0023070,0.0023610,0.0023030,0.0023450,226227922,528636.4405290,14323,257001.3044470
1765670400000,0.0023450,0.0023450,0.0021780,0.0022010,370560703,838172.3243550,19526,391626.9479040
1765756800000,0.0022010,0.0022610,0.0020710,0.0021490,480672956,1043736.0123360,24205,527729.6508330
1765843200000,0.0021490,0.0021620,0.0020940,0.0021320,431619134,919595.6095060,20210,439830.9410640
1765929600000,0.0021310,0.0021540,0.0019740,0.0020030,632201265,1308912.7749310,24186,647885.6908080
1766016000000,0.0020040,0.0020580,0.0018940,0.0019330,919657107,1822330.3896260,29962,897698.7767560
1766102400000,0.0019330,0.0021020,0.0018990,0.0020920,492525522,990476.9928740,24209,482125.4295780
1766188800000,0.0020940,0.0021040,0.0020630,0.0020890,223774727,466010.4044990,19304,247356.6590380
1766275200000,0.0020870,0.0020970,0.0018990,0.0020160,462867173,932053.2093430,23009,455024.6361310
1766361600000,0.0020170,0.0021250,0.0020000,0.0020650,535407394,1102469.5590560,25899,526674.6861360
1766448000000,0.0020650,0.0023560,0.0019770,0.0022390,3977688747,8725743.5568980,127435,4421571.5606590
1766534400000,0.0022410,0.0022470,0.0020370,0.0021070,1561856433,3292466.2483180,49378,1479123.7242800
1766620800000,0.0021070,0.0021650,0.0020060,0.0020110,639789714,1343114.7083680,27253,649761.0216010
1766707200000,0.0020110,0.0020890,0.0020050,0.0020780,525871124,1079770.5440400,27203,543692.2811340
1766793600000,0.0020790,0.0021230,0.0020350,0.0021140,336574751,700274.8935720,16223,343939.5827940
1766880000000,0.0021160,0.0021270,0.0020490,0.0020640,323613056,674896.3395590,17667,324480.0643850
1766966400000,0.0020640,0.0021190,0.0020320,0.0020410,596958920,1238861.4301390,23880,630751.8123540
1767052800000,0.0020390,0.0020660,0.0020050,0.0020520,565977096,1154339.3018250,20098,552029.7190360
1767139200000,0.0020510,0.0035340,0.0019940,0.0025810,9650732150,25322775.3914730,328789,12399957.8916730
1767225600000,0.0025790,0.0034400,0.0024420,0.0027110,44053410207,127177337.3594210,1282447,63362279.8554450
1767312000000,0.0027090,0.0027530,0.0025750,0.0027330,5641231012,14983617.2179520,262510,7442228.1624940
1767398400000,0.0027330,0.0028590,0.0026020,0.0026420,2176250537,5889896.1658390,121766,2863675.1921680
1767484800000,0.0026410,0.0027890,0.0026170,0.0026320,1856530124,4991157.3762960,95376,2419496.4458810
1767571200000,0.0026330,0.0027000,0.0025720,0.0026500,1324772087,3474868.2001630,69196,1747511.4180950
1767657600000,0.0026500,0.0027250,0.0024940,0.0026730,1590067021,4191654.5510800,71808,1983819.1599400
1767744000000,0.0026730,0.0029250,0.0025130,0.0025450,2127445407,5677992.7774430,103697,2696602.2173850
1767830400000,0.0025460,0.0025630,0.0024020,0.0024450,1134872320,2802128.7878350,54512,1319064.0325820
1767916800000,0.0024460,0.0024840,0.0023920,0.0024700,726653516,1777321.2678970,40414,904995.0271240
1768003200000,0.0024700,0.0024900,0.0024080,0.0024420,577923994,1421426.6448670,35381,697716.4527560
1768089600000,0.0024420,0.0024770,0.0023650,0.0023910,491757198,1196695.6336860,25941,536626.2532920
1768176000000,0.0023900,0.0024500,0.0023160,0.0023300,710153604,1686196.4158230,30951,857442.1067130
1768262400000,0.0023310,0.0025640,0.0023300,0.0025390,965667220,2378807.8407810,55548,1214505.7769960
1768348800000,0.0025370,0.0025660,0.0024510,0.0024900,838047196,2104166.7819200,35878,1036204.9160800
1768435200000,0.0024900,0.0024940,0.0023300,0.0023900,719582495,1740875.4755010,33050,854337.3553470
1768521600000,0.0023900,0.0025210,0.0023610,0.0025110,587291786,1435826.7018580,30966,748087.8327640
1768608000000,0.0025110,0.0026510,0.0024780,0.0025380,1462945543,3756401.9659820,49987,1775883.9179190
1768694400000,0.0025380,0.0025740,0.0023580,0.0023620,924847725,2300753.7237880,36429,1133396.3468250
1768780800000,0.0023630,0.0023630,0.0019260,0.0022290,1513029194,3312538.3879390,96919,1527674.4847720
1768867200000,0.0022300,0.0027860,0.0021840,0.0024310,12813608269,32543128.5956280,358247,16193781.7957750
1768953600000,0.0024320,0.0025520,0.0022910,0.0023680,5023841292,12119360.8484880,172020,5824233.0137100
1769040000000,0.0023670,0.0025820,0.0022920,0.0023470,2778354579,6766426.4888960,103018,3334089.1185180
1769126400000,0.0023470,0.0024530,0.0022810,0.0023320,1288444605,3041854.7368050,65971,1478701.8545860
1769212800000,0.0023320,0.0023600,0.0022780,0.0023120,567493414,1316954.3144890,48442,648179.0453590
1769299200000,0.0023130,0.0023180,0.0020890,0.0021420,828803420,1826622.8559530,40432,862287.0478600
1769385600000,0.0021430,0.0022560,0.0021370,0.0022040,748437335,1647893.7461870,36832,807356.7051620
1769472000000,0.0022040,0.0022150,0.0021340,0.0021990,649258315,1412704.0393180,29820,678992.0213980
1769558400000,0.0022000,0.0022060,0.0021130,0.0021220,849500307,1830735.1741750,32766,889112.8840050
1769644800000,0.0021240,0.0023500,0.0019660,0.0021620,4457018728,9793563.1085550,115796,4869673.0309790
1769731200000,0.0021630,0.0023400,0.0020510,0.0020890,6619879526,14472245.5619500,179497,7006724.3412340
1769817600000,0.0020880,0.0020900,0.0017000,0.0018700,2078009557,3966662.8746510,86950,1835432.2442650
1769904000000,0.0018710,0.0020390,0.0018220,0.0018610,2136581496,4106232.7241980,78920,2092564.6676090
1769990400000,0.0018600,0.0019480,0.0018000,0.0019260,1054344309,1983709.0998080,47034,894833.6767940
1770076800000,0.0019270,0.0019460,0.0017910,0.0018750,832068018,1569326.7338520,34959,776624.0324380
1770163200000,0.0018750,0.0019370,0.0018060,0.0018670,764889516,1429595.9947350,26750,705494.1413960
1770249600000,0.0018670,0.0018830,0.0015670,0.0015980,1820441293,3149969.5379130,46716,1454911.9961360
1770336000000,0.0015980,0.0017960,0.0014410,0.0017580,1496006976,2418891.6412060,39729,1229968.3166140
1770422400000,0.0017580,0.0017760,0.0016950,0.0017430,871480566,1518340.6485850,24035,706101.9573110
1770508800000,0.0017440,0.0017490,0.0016780,0.0016960,600374416,1028370.0542920,20635,541444.7663070
1770595200000,0.0016960,0.0017360,0.0016460,0.0016990,543924851,921795.4318660,19475,422770.7638990
1770681600000,0.0016990,0.0017060,0.0016480,0.0016620,362417685,606076.6870880,15445,298377.8240300
1770768000000,0.0016620,0.0017100,0.0016020,0.0016720,721719736,1193245.6192200,22560,595714.3362380
1770854400000,0.0016710,0.0017280,0.0016560,0.0016960,609179267,1031231.4858300,21082,520212.6432170
1770940800000,0.0016980,0.0017430,0.0016630,0.0017310,602025369,1021234.7193460,19093,536810.5490840
1771027200000,0.0017310,0.0018800,0.0017290,0.0018200,617374808,1107644.8401980,20986,530118.5376000
1771113600000,0.0018200,0.0020150,0.0016950,0.0017370,3120991418,5754469.1212150,87618,2703098.3977360
1771200000000,0.0017360,0.0019000,0.0017210,0.0017670,1337776473,2379025.6856820,43444,1156556.2633630
1771286400000,0.0017670,0.0017960,0.0017360,0.0017460,631168789,1111691.3154980,25759,517110.2635900
1771372800000,0.0017470,0.0017740,0.0016450,0.0016590,560074790,964206.9914590,24118,427152.0342810
1771459200000,0.0016590,0.0017330,0.0015930,0.0016600,1390177227,2312452.1567090,33885,1172083.8661080
1771545600000,0.0016610,0.0019450,0.0016570,0.0016950,5420059739,9708694.5384200,122246,4731183.5449980
1771632000000,0.0016970,0.0017320,0.0016480,0.0016530,884199284,1500031.3572210,41682,757676.4868170
1771718400000,0.0016520,0.0016620,0.0016120,0.0016340,660267114,1081528.7480070,24094,541454.7296070
1771804800000,0.0016340,0.0016350,0.0015350,0.0015700,950807823,1506096.6305110,30882,721526.4454990
1771891200000,0.0015720,0.0015940,0.0015180,0.0015650,668089078,1042400.9172970,23037,493157.5230000
1771977600000,0.0015640,0.0017020,0.0015630,0.0016530,950328458,1548754.4497780,37283,764407.5079290
1772064000000,0.0016520,0.0016640,0.0015620,0.0016120,852360671,1382015.9473450,24321,678023.0957480
1772150400000,0.0016120,0.0017950,0.0015920,0.0016730,4273080016,7180566.9608730,83659,3612734.6900730
1772236800000,0.0016750,0.0017100,0.0015390,0.0016230,2729072697,4401002.1754640,66245,2060913.9853450
1772323200000,0.0016220,0.0017920,0.0015710,0.0017500,6245480819,10618655.2275810,132409,5416232.0217800
1772409600000,0.0017520,0.0018600,0.0016660,0.0017310,7691119375,13359218.7026150,170617,6428428.7928220
1772496000000,0.0017300,0.0017690,0.0016490,0.0016660,1910437417,3245074.6527880,49887,1559609.5581200
1772582400000,0.0016660,0.0017360,0.0016510,0.0016880,942059612,1595729.6536440,34160,769083.6198480
1772668800000,0.0016890,0.0017230,0.0016590,0.0016880,709177194,1199514.8589280,25326,605318.7575190
1772755200000,0.0016870,0.0017110,0.0016190,0.0016510,566475962,944708.6990470,18797,452039.4954630
1772841600000,0.0016510,0.0016600,0.0015990,0.0016060,383808301,623613.6741510,15748,297323.2644230
1772928000000,0.0016060,0.0017680,0.0015740,0.0016140,1623120687,2694416.0638970,46634,1337973.1306310
1773014400000,0.0016140,0.0016980,0.0016030,0.0016640,713656515,1187741.2999050,33897,584382.1412730
1773100800000,0.0016640,0.0018400,0.0016610,0.0017240,1661321443,2878454.0339450,50077,1441381.4519550
1773187200000,0.0017240,0.0018340,0.0016970,0.0017120,1724400428,3022771.8991100,51609,1475250.0456440
1773273600000,0.0017120,0.0017190,0.0016600,0.0016930,546798660,921834.3214600,23089,474317.1587830
1773360000000,0.0016940,0.0019990,0.0016910,0.0017890,6983157595,13168301.9581390,163026,6559404.1818400
1773446400000,0.0017890,0.0018450,0.0016990,0.0017240,3406825963,6041483.6131700,76896,2863706.6561000
1773532800000,0.0017250,0.0017740,0.0017180,0.0017540,764961128,1335096.8626040,40897,632856.1288640
1773619200000,0.0017530,0.0018480,0.0017320,0.0018220,1057009452,1884377.8464030,46622,949592.2335430
1773705600000,0.0018210,0.0019220,0.0017700,0.0018100,1694990109,3116782.6598090,56185,1499382.5062940
1773792000000,0.0018100,0.0018420,0.0017290,0.0017790,1171594132,2094261.8859960,35648,993103.2626380
1773878400000,0.0017780,0.0018050,0.0017350,0.0017450,795225687,1405742.9076190,26821,679545.2409250
1773964800000,0.0017450,0.0018620,0.0017410,0.0017790,1665567975,3003550.1057540,41879,1521001.2284830
1774051200000,0.0017790,0.0018300,0.0017140,0.0017290,531119818,944955.8755500,19014,437140.7790550
1774137600000,0.0017290,0.0017370,0.0016480,0.0016670,650009123,1106643.3620820,32549,532954.0767690
1774224000000,0.0016670,0.0017350,0.0016070,0.0017080,823041275,1388824.6084030,39120,675160.0170940
1774310400000,0.0017090,0.0017430,0.0016760,0.0017180,357969777,612075.8347400,18235,323045.8711030
1774396800000,0.0017180,0.0017300,0.0016970,0.0017210,355715144,610370.5630970,17991,304277.4843810
1774483200000,0.0017210,0.0017290,0.0016520,0.0016960,468307441,789379.0611770,18497,350936.8609870
1774569600000,0.0016960,0.0017230,0.0016220,0.0016240,688859484,1154175.0795860,25117,551037.9348750
1774656000000,0.0016240,0.0016630,0.0015910,0.0016310,670722758,1088467.5144640,19371,537113.4147950
1774742400000,0.0016300,0.0016380,0.0015330,0.0015770,392044957,628034.6029580,15214,303323.6152670
1774828800000,0.0015770,0.0016820,0.0015730,0.0015850,706325619,1150763.8781810,30946,594914.2136820
1774915200000,0.0015850,0.0016140,0.0015640,0.0016020,430889817,684790.6349970,14140,333073.5968570
1775001600000,0.0016000,0.0016950,0.0015760,0.0016530,958966285,1575874.7306760,25993,804934.9971540
1775088000000,0.0016540,0.0016570,0.0015680,0.0015960,567497527,908632.1233760,20061,443491.7233580
1775174400000,0.0015960,0.0016460,0.0015880,0.0016080,639918559,1039493.2292870,19149,517097.9341430
1775260800000,0.0016070,0.0016590,0.0015780,0.0016490,606289702,979416.8341580,16483,514836.3266090
1775347200000,0.0016480,0.0016580,0.0015720,0.0016090,573665702,923828.7247670,16549,446040.5082310
1775433600000,0.0016090,0.0016620,0.0015850,0.0015970,550638294,895068.5681360,20295,447581.8641630
1775520000000,0.0015970,0.0016510,0.0015560,0.0016480,634155733,1009631.3668900,17486,456823.9702840
1775606400000,0.0016470,0.0018340,0.0016210,0.0016580,4091998317,7014598.3738460,81229,3450424.3049290
1775692800000,0.0016590,0.0016980,0.0016060,0.0016320,1510969766,2488185.6603630,36680,1210549.4950170
1775779200000,0.0016320,0.0016560,0.0016190,0.0016310,576242766,942007.5617250,23972,477326.8314860
1775865600000,0.0016320,0.0016540,0.0015960,0.0016380,545799537,884449.1988510,27793,447538.3889940
1775952000000,0.0016380,0.0016980,0.0015650,0.0015800,1258260039,2052617.0484210,37187,984734.4547410
1776038400000,0.0015790,0.0016820,0.0015770,0.0016740,759899130,1237553.5941860,24118,620171.3739400
1776124800000,0.0016750,0.0016870,0.0016220,0.0016480,636335635,1051600.1853410,23410,525133.3194500
1776211200000,0.0016500,0.0016820,0.0016220,0.0016630,562161934,929055.0952970,17504,447515.1965500
1776297600000,0.0016620,0.0017870,0.0016570,0.0017600,1102445634,1899260.0312780,40348,919477.5936790
1776384000000,0.0017600,0.0021720,0.0017450,0.0018610,4491321124,8571230.1672110,108831,4289598.2876850
1776470400000,0.0018620,0.0022150,0.0018120,0.0018270,8292846573,16343629.9404740,218043,7764709.4516570
1776556800000,0.0018280,0.0018800,0.0017180,0.0017340,2366028143,4252110.5698800,61741,2042329.8231290
1776643200000,0.0017350,0.0018400,0.0017310,0.0018020,1350480206,2428970.9171790,45813,1228374.1337760
1776729600000,0.0018030,0.0018380,0.0017600,0.0018070,1185287430,2135704.7560900,42904,1052692.5748840
1776816000000,0.0018070,0.0018380,0.0017490,0.0017570,748798555,1348930.4831260,29551,635038.4447520
1776902400000,0.0017580,0.0018160,0.0017270,0.0018120,781422241,1381650.0948400,23654,658780.6711060
1776988800000,0.0018120,0.0019280,0.0017940,0.0018780,1293410751,2413967.0701840,35723,1178575.9260670
1777075200000,0.0018760,0.0020480,0.0018720,0.0018950,2373462413,4658717.1973800,70826,2265787.6012790
1777161600000,0.0018950,0.0019060,0.0018430,0.0018710,729863558,1372568.3861520,35191,665383.8276720
1777248000000,0.0018700,0.0018880,0.0018050,0.0018350,676587132,1243175.3802400,21950,571516.8556710
1777334400000,0.0018340,0.0018770,0.0018180,0.0018570,476761059,879613.7420360,16453,463644.5434970
1777420800000,0.0018560,0.0019110,0.0017700,0.0018350,923673765,1710598.3379770,25267,807705.4365340
1777507200000,0.0018350,0.0018620,0.0018050,0.0018090,477682589,873836.7577630,16298,440251.2017050
1777593600000,0.0018090,0.0018590,0.0018050,0.0018280,537483667,985888.1067260,19234,473248.7031560
1777680000000,0.0018290,0.0018710,0.0018200,0.0018610,378666403,698505.3454350,13434,359364.8275030
1777766400000,0.0018610,0.0018650,0.0018240,0.0018320,335942124,619849.2519250,14510,301665.6939740
1777852800000,0.0018330,0.0018840,0.0018210,0.0018390,658027476,1223772.5027070,20449,600064.0495600
1777939200000,0.0018390,0.0019050,0.0018380,0.0018840,511149891,955984.8293700,14997,484046.3443340
1778025600000,0.0018830,0.0019590,0.0018820,0.0019250,598315251,1150408.8546730,20496,566378.9103600
1778112000000,0.0019240,0.0020380,0.0018910,0.0019890,1044444525,2057888.5889010,35347,995449.7261350
1778198400000,0.0019900,0.0020390,0.0019400,0.0020340,658895044,1305914.5095640,32159,671094.3733610
1778284800000,0.0020350,0.0021020,0.0019820,0.0019860,811512636,1658936.8255640,36705,789308.4456510
1778371200000,0.0019860,0.0021350,0.0019580,0.0020570,1380521786,2841477.9984610,42126,1343736.8752250
1778457600000,0.0020590,0.0020890,0.0019950,0.0020790,618317762,1259412.7156490,25384,630498.1193090
1778544000000,0.0020780,0.0020860,0.0019710,0.0020110,748313390,1516966.1101110,42896,701228.5051390
1778630400000,0.0020110,0.0020680,0.0019150,0.0019790,949209809,1886246.2846250,34056,903675.2410020
1778716800000,0.0019790,0.0021060,0.0019770,0.0020450,1905460969,3908010.9863810,56282,1950237.7721550
1778803200000,0.0020460,0.0021260,0.0018750,0.0019430,1177664322,2369770.8060850,42518,1146648.0144140
1778889600000,0.0019440,0.0019550,0.0018290,0.0018350,593403628,1110540.1911810,21913,521066.0377660
1778976000000,0.0018340,0.0018640,0.0017190,0.0017760,503069873,912165.3503150,31435,430273.2052550
1779062400000,0.0017760,0.0018030,0.0017300,0.0017820,719666638,1271430.0233810,25930,643538.0076190
1779148800000,0.0017820,0.0017930,0.0017330,0.0017650,567732998,1002617.8596920,19608,480661.4676920
1779235200000,0.0017650,0.0017940,0.0017540,0.0017750,408549215,725313.9200970,17022,350900.5048500
1779321600000,0.0017750,0.0017950,0.0017570,0.0017870,421045398,749108.8388830,18611,357955.9334150
1779408000000,0.0017870,0.0018140,0.0015020,0.0015290,3510624340,5704807.7954650,89639,2624777.4952890
1779494400000,0.0015290,0.0015650,0.0014560,0.0015090,1606633187,2424006.1361580,46941,1174090.3183030
1779580800000,0.0015090,0.0015200,0.0013930,0.0014360,1134003846,1654319.2783390,31975,787451.9314280
1779667200000,0.0014360,0.0014780,0.0014140,0.0014250,800372398,1159782.3319710,34969,577670.1620440
1779753600000,0.0014250,0.0014260,0.0013540,0.0013660,704233181,980774.0594890,30292,458438.1827020
1779840000000,0.0013660,0.0014360,0.0013330,0.0013810,1278259521,1768416.7328300,37773,916805.2404290
1779926400000,0.0013810,0.0014070,0.0012970,0.0013700,1167527809,1575150.1545210,44907,770713.6192670
1780012800000,0.0013690,0.0015250,0.0013640,0.0014370,2893191181,4182156.6493080,82056,2072621.7614840
1780099200000,0.0014380,0.0015320,0.0014350,0.0014750,1878256127,2774664.0835740,56453,1373464.4121730
1780185600000,0.0014760,0.0015520,0.0014160,0.0015180,1275796091,1903332.9455460,48083,924012.5505620
1780272000000,0.0015190,0.0015360,0.0014290,0.0014680,1165453706,1732019.1199480,43204,843463.6473090
1780358400000,0.0014670,0.0014700,0.0013110,0.0013400,1231626501,1712263.3087460,37460,830092.6529830
1780444800000,0.0013400,0.0014220,0.0013200,0.0013460,841712845,1155102.6891470,28894,575632.4316340
1780531200000,0.0013450,0.0013570,0.0012020,0.0012570,1316355430,1670233.0451110,33126,817258.0199700
1780617600000,0.0012570,0.0012610,0.0010630,0.0011060,1537713130,1763802.8866990,44154,858924.9021650
1780704000000,0.0011070,0.0011140,0.0010190,0.0010640,869060670,928376.3724240,25131,464865.5490600
1780790400000,0.0010630,0.0010950,0.0010130,0.0010510,1202647376,1270408.2596760,27776,613635.3117150
1780876800000,0.0010520,0.0011020,0.0010200,0.0010540,1251419567,1336299.3142990,29637,668782.2446890
1780963200000,0.0010540,0.0010560,0.0009860,0.0010110,1283491312,1307865.6761810,30476,644246.0673500
1781049600000,0.0010110,0.0010150,0.0009340,0.0009510,1220002918,1185448.5060910,28506,578703.8512560
1781136000000,0.0009520,0.0010270,0.0009510,0.0010040,1035702611,1023854.6723110,26514,528076.3083610
1781222400000,0.0010040,0.0011380,0.0009640,0.0010160,3396236198,3510837.2277120,74048,1725766.2529220
1781308800000,0.0010160,0.0011560,0.0009870,0.0010130,3008674572,3148205.6126970,78084,1487986.5742450
1781395200000,0.0010140,0.0012040,0.0010060,0.0010720,6086173084,6642578.8766660,133657,3194297.3795180
1781481600000,0.0010730,0.0010730,0.0009930,0.0010120,1905445891,1976426.7023730,45631,911489.6001440
1781568000000,0.0010120,0.0010330,0.0009800,0.0010060,1217796582,1225756.6988670,35787,626784.8532070
1781654400000,0.0010080,0.0010280,0.0009810,0.0009980,1222167240,1225683.7464720,31488,635052.5079120
1781740800000,0.0009980,0.0010060,0.0009140,0.0009410,1419962994,1358614.1618140,28567,620933.7730900
1781827200000,0.0009410,0.0010680,0.0009270,0.0009900,3181305881,3165653.3079630,66180,1440066.5634200
1781913600000,0.0009900,0.0011170,0.0009840,0.0010850,5302940080,5623912.1832520,96119,2875788.7757150
1782000000000,0.0010850,0.0011350,0.0009950,0.0009980,2963750205,3099885.6963040,60984,1468303.7896570
1782086400000,0.0009980,0.0011320,0.0009910,0.0010590,3624845695,3857332.5871140,73773,1884815.9767230
1782172800000,0.0010590,0.0010710,0.0009370,0.0009860,2208217822,2177281.8959250,51103,1048314.7299900
1782259200000,0.0009860,0.0010380,0.0008950,0.0009410,2304572257,2236454.7323640,49919,1071468.2492140
1782345600000,0.0009410,0.0009510,0.0008590,0.0008830,1417047763,1277390.2228440,30721,636771.2066280
1782432000000,0.0008830,0.0009220,0.0008530,0.0008920,1002933062,891851.2348610,26425,430699.0780980
1782518400000,0.0008920,0.0009010,0.0008560,0.0008640,827282904,728577.6147590,27445,345409.8318810
1782604800000,0.0008640,0.0009370,0.0008620,0.0008770,2162984466,1945240.0382460,41570,959361.8249760
1782691200000,0.0008770,0.0009060,0.0008660,0.0008840,1067427342,948255.8040380,20360,492754.7524910
1782777600000,0.0008830,0.0008830,0.0008300,0.0008420,1038845591,888575.3628630,18910,427645.2306990
1782864000000,0.0008420,0.0020410,0.0008110,0.0014920,51736976352,74533476.9547660,1023085,36357197.0727420
1782950400000,0.0014900,0.0021080,0.0010880,0.0016070,215723825170,356427521.9226800,3074424,176856533.5417360
1783036800000,0.0016060,0.0032590,0.0014520,0.0024910,187645876144,393227870.5499050,4066675,198346035.8533290
1783123200000,0.0024910,0.0032910,0.0022130,0.0024210,151094074559,403805961.8052430,3852398,203043498.0290700
1783209600000,0.0024220,0.0037890,0.0022250,0.0033110,109018925033,336667570.9194910,3753397,170265678.6503510
1783296000000,0.0033110,0.0043280,0.0029150,0.0030970,94763661732,320842003.4112190,3583760,161794055.5016040
1783382400000,0.0030960,0.0036240,0.0025040,0.0025600,41334836946,128715225.2857870,1810001,63483551.7530330
1783468800000,0.0025600,0.0029170,0.0022500,0.0024110,22050832062,56020759.7182010,931896,28034048.5497730
1783555200000,0.0024120,0.0025970,0.0021670,0.0022730,14868831762,35220186.3914130,570628,17496305.6532830
1783641600000,0.0022720,0.0023320,0.0018960,0.0019360,13326108918,27429667.5765930,359433,13308836.7815600
1783728000000,0.0019360,0.0020660,0.0017630,0.0017730,11279942191,21227378.2647910,321460,10409546.3710710
1783814400000,0.0017740,0.0022020,0.0017550,0.0018980,22842701403,45285074.6920020,653522,22594980.2574290
1783900800000,0.0018970,0.0019830,0.0017050,0.0017260,8977190973,16418310.5535130,260631,7873070.7244530
1783987200000,0.0017270,0.0017840,0.0016090,0.0016560,7307859562,12348487.0233800,214257,5992606.8804990
1784073600000,0.0016560,0.0017510,0.0016000,0.0016260,6658364548,11073914.3007370,205920,5468621.4222520
1784160000000,0.0016250,0.0016630,0.0014680,0.0014750,4812475212,7510241.2298570,143419,3521938.4644850
1784246400000,0.0014750,0.0015900,0.0013860,0.0013890,5912268852,8967227.1600000,179140,4360874.9896780
1784332800000,0.0013890,0.0017840,0.0012680,0.0017310,20663577237,30692722.1940290,449594,15563860.8299640
1784419200000,0.0017310,0.0027480,0.0015230,0.0022240,116935676686,258010185.5436350,2386763,128935033.7455890
1784505600000,0.0022230,0.0024160,0.0017930,0.0018110,38813429426,80693003.1673170,976590,40159976.1244810
1784592000000,0.0018100,0.0019390,0.0015820,0.0017090,16216159573,28477974.6030250,461448,13894451.0517980
1784678400000,0.0017100,0.0019830,0.0016070,0.0017950,22262017439,40347986.1552550,544144,19939436.3496090
1784764800000,0.0017940,0.0018990,0.0016710,0.0016740,16020910626,28986234.4502630,370492,14141894.9678600
1784851200000,0.0016740,0.0019640,0.0016540,0.0018210,11001379896,19751244.5800500,268168,9858409.6504770
1784937600000,0.0018190,0.0018750,0.0016430,0.0016840,6523187991,11388461.2924550,180371,5491219.8648870
1785024000000,0.0016830,0.0018150,0.0016090,0.0016800,7393838422,12519933.8752560,226005,6054148.5110300
1785110400000,0.0016810,0.0017440,0.0016190,0.0016400,7386934812,12388476.1669830,181450,6089847.4126930
1785196800000,0.0016400,0.0017920,0.0016230,0.0016790,7964341612,13585554.9854760,218646,6864703.1751470
1785283200000,0.0016780,0.0017050,0.0015550,0.0016000,3994252886,6451469.0742360,111337,3148009.3134000
1785369600000,0.0016000,0.0016320,0.0014970,0.0014990,4511658531,7029290.0841110,127262,3346621.9447320
1785456000000,0.0014990,0.0018780,0.0013880,0.0018270,13108755864,21247035.3132460,346185,10740519.4936080
1785542400000,0.0018270,0.0019940,0.0015430,0.0016210,24274114432,42647198.5235480,565569,20935584.4723090
1785628800000,0.0016200,0.0017270,0.0015690,0.0016010,5846460923,9574759.4255170,175843,4682833.2389120
1785715200000,0.0016010,0.0016690,0.0015700,0.0016180,3784929971,6090982.2084830,118516,3062904.6462100
1785801600000,0.0016180,0.0016490,0.0015430,0.0015630,3484678946,5559128.2750340,112900,2708034.7654140
1785888000000,0.0015630,0.0018260,0.0015520,0.0016880,8461956047,14199293.0190240,233714,7078581.5376820
1785974400000,0.0016880,0.0017290,0.0016060,0.0016110,4353257077,7272676.0699740,131893,3492532.9718170
1786060800000,0.0016100,0.0016650,0.0015540,0.0015890,2595786372,4160999.8913240,90790,1985937.9570590
1786147200000,0.0015890,0.0017070,0.0015520,0.0016450,3324917594,5420228.0630850,118354,2677910.9206220
1786233600000,0.0016440,0.0017040,0.0015820,0.0016080,2327671138,3813059.1705910,96876,1937987.0981780
1786320000000,0.0016080,0.0016370,0.0015600,0.0015960,2262203040,3597270.8603850,80212,1708793.4790310
1786406400000,0.0015970,0.0016240,0.0015110,0.0015140,1846078222,2908871.3917290,68759,1368490.9390930
1786492800000,0.0015130,0.0016320,0.0014650,0.0016080,3641980551,5652061.7220570,113394,2799348.2196200
1786579200000,0.0016080,0.0016320,0.0015020,0.0015490,2355565849,3654657.6218570,70932,1753273.8026170
1786665600000,0.0015490,0.0016780,0.0015250,0.0015870,5328439259,8437519.5501830,139289,4098312.0164240
1786752000000,0.0015870,0.0016380,0.0015580,0.0015810,3031949253,4836192.7582950,82779,2317192.8660760
1786838400000,0.0015810,0.0016090,0.0015450,0.0015630,2022349132,3187694.0126130,49947,1521435.3610840
1786924800000,0.0015620,0.0015920,0.0013020,0.0013900,6127158525,8791728.7387320,158834,3990256.6390100
1787011200000,0.0013900,0.0014170,0.0013310,0.0013600,2269349568,3125257.7600500,67959,1486872.1300010
1787097600000,0.0013610,0.0014230,0.0012970,0.0013710,2551740472,3458151.6204360,68741,1641254.3309560
1787184000000,0.0013710,0.0014170,0.0013660,0.0014090,1840068703,2563252.4696780,51366,1318620.4702910
1787270400000,0.0014100,0.0015590,0.0013830,0.0015490,3184805819,4636119.1299430,79385,2229240.1317860
1787356800000,0.0015490,0.0016240,0.0013960,0.0014260,3354158168,5046651.0168080,136375,2361632.7520570
1787443200000,0.0014260,0.0014750,0.0013680,0.0014300,1453722489,2072789.1434100,47837,1035834.5312010
1787529600000,0.0014300,0.0014340,0.0013810,0.0014060,1364939841,1922027.2703410,43683,966567.4543740
1787616000000,0.0014050,0.0017190,0.0014000,0.0015600,18761080050,29836924.3146780,350847,15013774.6445660
1787702400000,0.0015600,0.0016130,0.0014460,0.0014940,5449230755,8225607.8328490,129120,3846495.5651450
1787788800000,0.0014940,0.0014950,0.0014520,0.0014630,1440768366,2121501.8608730,55744,1016403.7329080
1787875200000,0.0014630,0.0014990,0.0013950,0.0014330,2195069012,3182648.9145640,60785,1491018.9315410
1787961600000,0.0014320,0.0014720,0.0014260,0.0014410,1085290725,1567612.3234350,41832,831588.0387070
1788048000000,0.0014410,0.0014610,0.0013220,0.0013430,1375359092,1938695.1210750,37979,862061.4957220
1788134400000,0.0013440,0.0014090,0.0013370,0.0014010,1078341521,1487254.7539350,39829,713015.7239440
1788220800000,0.0014000,0.0014290,0.0013580,0.0014130,1281249635,1784598.9235500,37368,866886.9438620
1788307200000,0.0014130,0.0015640,0.0013900,0.0014250,8343295947,12267995.9865630,163224,6092938.3923260
1788393600000,0.0014250,0.0014480,0.0013980,0.0014280,1706107377,2428245.2459640,49658,1124722.6274050
1788480000000,0.0014280,0.0014310,0.0013660,0.0014140,1452419713,2041030.9741670,38656,946792.1820130
1788566400000,0.0014130,0.0014870,0.0014110,0.0014480,1304947985,1897868.3762880,43934,934673.3739110
1788652800000,0.0014480,0.0014670,0.0014280,0.0014500,790020624,1147493.1696300,26092,553963.4035980
1788739200000,0.0014500,0.0014830,0.0014310,0.0014560,1039539607,1508547.0005150,28926,753169.5893060
1788825600000,0.0014550,0.0014800,0.0014230,0.0014500,928784318,1350516.4577650,29388,643225.2434620
1788912000000,0.0014500,0.0014790,0.0013230,0.0013940,1424061755,2030837.7632540,39248,1003714.6916660
1788998400000,0.0013940,0.0013990,0.0013080,0.0013130,1077714933,1454592.2085910,77053,640667.1009550
1789084800000,0.0013130,0.0013790,0.0013020,0.0013580,1214128823,1629909.7421850,33744,805204.3616640
1789171200000,0.0013580,0.0014350,0.0013570,0.0014000,1165938696,1633599.7656600,34326,851845.6947280
1789257600000,0.0014000,0.0014360,0.0013540,0.0013620,1100303005,1547759.7964280,35548,755927.7737760
1789344000000,0.0013630,0.0014200,0.0013620,0.0013880,872656553,1219355.3737560,26320,617248.3939370
1789430400000,0.0013880,0.0014130,0.0013270,0.0013750,1376738335,1893502.4476720,32060,907023.9514150
1789516800000,0.0013750,0.0015670,0.0013100,0.0013450,8181600209,11547786.6993490,169444,5562878.8009910
1789603200000,0.0013450,0.0014540,0.0013430,0.0013850,2420354548,3360905.0613360,60763,1620899.6242230
1789689600000,0.0013850,0.0014510,0.0013770,0.0014380,1562421033,2216699.4389200,49538,1108342.1931840
1789776000000,0.0014390,0.0014970,0.0014230,0.0014760,1645947532,2394771.9260550,34405,1192499.4531430
1789862400000,0.0014770,0.0014910,0.0014170,0.0014430,1356381164,1969736.8868170,35009,889921.1237440
1789948800000,0.0014430,0.0015080,0.0014290,0.0015040,1562374448,2302228.1591790,34424,1168184.5281540
1790035200000,0.0015040,0.0015410,0.0014620,0.0015320,1496179339,2242046.2604830,32344,1131640.3931110
1790121600000,0.0015330,0.0015770,0.0014200,0.0014390,1966008430,2963958.5082460,44866,1340787.7457220
1790208000000,0.0014390,0.0015300,0.0014110,0.0014980,1623909733,2394968.9868010,45941,1219583.5649450
1790294400000,0.0014960,0.0016030,0.0014790,0.0015850,2261357030,3501360.9760850,57569,1748156.6539240
1790380800000,0.0015850,0.0017500,0.0015690,0.0016900,6065663948,10209629.6095630,129892,4998827.1061590
1790467200000,0.0016890,0.0017370,0.0016200,0.0016460,2180563138,3665669.3415420,60546,1713767.9598930
1790553600000,0.0016470,0.0016520,0.0014950,0.0015350,1586397600,2463701.9896880,62368,1184359.5928060
1790640000000,0.0015340,0.0015770,0.0014800,0.0015330,1122223366,1716243.8458380,32617,848590.3206320
1790726400000,0.0015330,0.0015800,0.0015060,0.0015350,1154039752,1791558.3841890,37018,865144.2792180
1790812800000,0.0015340,0.0016970,0.0015190,0.0016210,4111102359,6596589.8502380,117865,3193415.6320650
1790899200000,0.0016210,0.0016770,0.0015200,0.0016010,2642701150,4258397.5048700,67360,1952232.4564630
1790985600000,0.0016010,0.0016460,0.0015540,0.0015720,1319204585,2109118.1582190,62128,1053736.7868710
