open_time,open,high,low,close,volume,quote_volume,trades,taker_buy_quote
1697587200000,0.0708000,0.0708000,0.0514700,0.0638000,1579370430,93469747.3705200,433171,47250974.8623500
1697673600000,0.0638000,0.0661800,0.0525300,0.0555900,2518396669,143276128.0604300,880195,71402157.8136500
1697760000000,0.0555700,0.0556000,0.0505100,0.0541300,1258288039,66455615.4279000,409828,32068153.9378600
1697846400000,0.0541100,0.0543000,0.0520900,0.0534600,486722695,25861725.8356900,176326,12058496.2407600
1697932800000,0.0534500,0.0544400,0.0506300,0.0522500,345242253,18012163.4031100,146449,8140935.5931400
1698019200000,0.0522500,0.0522900,0.0488500,0.0516100,389633193,19698974.5370500,146235,9048465.3302100
1698105600000,0.0516100,0.0528900,0.0494100,0.0518900,450144634,23069813.9372500,148874,10362790.4426300
1698192000000,0.0518800,0.0525600,0.0502000,0.0515100,223166534,11462822.2882800,68618,5269887.9277700
1698278400000,0.0515100,0.0619900,0.0494100,0.0614600,1636464310,91008036.8429300,413278,44470965.1194300
1698364800000,0.0614900,0.0634900,0.0558200,0.0580700,1776822394,104979168.8148700,524385,50770086.0024300
1698451200000,0.0580900,0.0595400,0.0557200,0.0582000,397720882,22943312.8470500,134575,11167981.7077400
1698537600000,0.0582100,0.0594200,0.0569600,0.0587100,242206897,14085072.2543000,92890,6722950.3096300
1698624000000,0.0587200,0.0623100,0.0573300,0.0620000,366722599,21957866.6534700,140259,10723388.9534800
1698710400000,0.0619800,0.0685500,0.0566600,0.0627300,1163340532,73729024.6331300,397015,34827504.5430800
1698796800000,0.0627300,0.0636500,0.0581100,0.0613500,544640147,33014197.2120200,201124,16107712.7850000
1698883200000,0.0613500,0.0633600,0.0595700,0.0611500,335507769,20614056.2412900,121643,9970766.9033200
1698969600000,0.0611800,0.0612100,0.0577700,0.0598000,220342910,12989828.8824300,89761,6245752.5628900
1699056000000,0.0598000,0.0618000,0.0592000,0.0614900,103015569,6198136.6768200,47610,3028174.1144200
1699142400000,0.0614900,0.0616400,0.0586400,0.0602000,107600157,6472129.6758300,54206,3016098.2223500
1699228800000,0.0602000,0.0669900,0.0598000,0.0647500,555314388,35534406.2338800,193731,16605140.6081200
1699315200000,0.0647600,0.0648700,0.0595300,0.0631100,214844444,13410818.1123900,89162,6236531.4636300
1699401600000,0.0631100,0.0718100,0.0629800,0.0704800,571098212,38693081.3740100,233744,18881842.5303600
1699488000000,0.0704800,0.0728500,0.0631400,0.0681900,456974742,31654343.5369500,205682,15197007.3837300
1699574400000,0.0682000,0.0695900,0.0656200,0.0691600,167098748,11300708.2950200,94535,5450026.2724800
1699660800000,0.0691700,0.0693300,0.0656600,0.0679500,144917017,9824191.5269400,89665,4726858.0331200
1699747200000,0.0679800,0.0681000,0.0649900,0.0669500,109045889,7262332.1323100,78623,3351235.9108600
1699833600000,0.0669400,0.0681200,0.0644600,0.0657800,130657106,8695628.3980400,93279,4141303.4297700
1699920000000,0.0657700,0.0663400,0.0614800,0.0640000,164374862,10620822.7628500,100629,4908178.4059600
1700006400000,0.0640000,0.0677600,0.0620500,0.0670100,146350789,9494353.3037200,93770,4546464.8135700
1700092800000,0.0670100,0.0689500,0.0634300,0.0645700,196113257,13008956.3804000,117623,6116540.6737100
1700179200000,0.0645600,0.0673000,0.0620700,0.0656500,175450780,11380998.1316400,95110,5307087.7512600
1700265600000,0.0656600,0.0722200,0.0631200,0.0693400,1126770534,77851937.5895200,453539,38667686.6300400
1700352000000,0.0693400,0.0693400,0.0660700,0.0685300,224612095,15166171.2648600,113690,7212293.4409000
1700438400000,0.0685300,0.0685300,0.0655400,0.0664100,170390409,11450590.6293800,95338,5579249.7952500
1700524800000,0.0664100,0.0665300,0.0583300,0.0583900,222640490,13941000.0557000,128411,6630014.1110600
1700611200000,0.0583900,0.0627100,0.0577700,0.0622200,170883260,10296322.2696000,102042,5140109.1211400
1700697600000,0.0622200,0.0625100,0.0600800,0.0614600,83114589,5098386.3660500,55917,2353347.7420400
1700784000000,0.0614700,0.0633900,0.0609700,0.0625700,82864913,5152858.1314400,55168,2439688.8002600
1700870400000,0.0625600,0.0652400,0.0620000,0.0643000,95776754,6105866.6723300,68922,2982135.0692000
1700956800000,0.0643100,0.0644400,0.0608600,0.0621900,112962060,7089221.3132100,74872,3301796.4244000
1701043200000,0.0621900,0.0643800,0.0586000,0.0602200,160941840,9803798.2157800,102022,4470615.7222200
1701129600000,0.0602100,0.0615800,0.0581200,0.0611300,75189990,4503103.8112500,59354,2169725.5616700
1701216000000,0.0611300,0.0614000,0.0599300,0.0606700,70709816,4286088.6790000,51347,2104712.5950700
1701302400000,0.0606700,0.0626900,0.0606600,0.0623100,142051671,8780947.7800000,95688,4312482.2308000
1701388800000,0.0623000,0.0625300,0.0611000,0.0624300,66016250,4089221.7029600,48641,1880322.8166700
1701475200000,0.0624100,0.0636000,0.0618500,0.0635100,57119414,3579737.0899500,43291,1678776.2018000
1701561600000,0.0635200,0.0635800,0.0616600,0.0624000,54392383,3399218.5046900,46609,1588467.8785200
1701648000000,0.0623800,0.0727900,0.0600600,0.0648200,192330708,12170609.1405600,97670,6005743.4212900
1701734400000,0.0648000,0.0701900,0.0636300,0.0663200,397410000,26355771.1587700,367605,13044307.6571400
1701820800000,0.0663200,0.0668900,0.0627600,0.0651800,172677794,11239841.9489100,126041,5451688.9764700
1701907200000,0.0651800,0.0675900,0.0629200,0.0673700,168197633,11091153.7788700,106342,5339275.4517000
1701993600000,0.0673700,0.0692000,0.0661200,0.0690100,106360759,7174821.5260900,75942,3584689.7535100
1702080000000,0.0690200,0.0741000,0.0689600,0.0711600,297618284,21410277.9996400,159076,10132320.0985000
1702166400000,0.0711700,0.0768800,0.0711100,0.0743700,401100305,29873283.7970400,215338,14230321.4413000
1702252800000,0.0743800,0.0745100,0.0553700,0.0668100,344688856,23279172.5538300,244750,10380278.1593300
1702339200000,0.0668300,0.0675700,0.0638000,0.0668100,169932174,11169286.1395100,129412,5676824.2081200
1702425600000,0.0668200,0.0683300,0.0630400,0.0676300,170804917,11171890.8900300,125993,5313838.5292700
1702512000000,0.0676300,0.0736400,0.0670500,0.0719500,255263392,18079855.3672800,184272,8714396.8443700
1702598400000,0.0719400,0.0746000,0.0704400,0.0705700,175686407,12825853.6295300,129691,6283074.8957400
1702684800000,0.0705800,0.0734900,0.0705300,0.0722500,109112478,7901556.0478500,94210,3875156.9224400
1702771200000,0.0722500,0.0730800,0.0688500,0.0692600,114589562,8108385.0698100,103334,3863885.6923300
1702857600000,0.0692600,0.0697000,0.0632300,0.0686500,217043932,14357647.9842700,136711,6897734.7146100
1702944000000,0.0686600,0.0698200,0.0664600,0.0675900,119490933,8171807.8303100,96973,4006974.0581400
1703030400000,0.0675900,0.0721400,0.0660400,0.0705200,142381380,9889315.9896600,113262,4665343.4323600
1703116800000,0.0705300,0.0715400,0.0694000,0.0712700,79185199,5570744.9319500,75149,2699315.1094100
1703203200000,0.0712800,0.0733000,0.0696100,0.0730900,93307998,6643320.2935000,86390,3128256.1531100
1703289600000,0.0730900,0.0744500,0.0707300,0.0744200,117249760,8501565.3606200,96792,4151294.8587800
1703376000000,0.0744200,0.0746000,0.0706500,0.0716600,143471052,10465509.9677800,110040,4887003.2054200
1703462400000,0.0716600,0.0764100,0.0713800,0.0758000,156161873,11616954.5119200,115294,5413168.8404300
1703548800000,0.0758000,0.0777300,0.0628300,0.0730100,230961471,16827908.2083000,179923,7480475.8798900
1703635200000,0.0730100,0.0760500,0.0727000,0.0757500,127645882,9526849.3449600,120301,4581819.4553000
1703721600000,0.0757700,0.0762800,0.0723300,0.0731500,125439785,9302379.4361400,113857,4335420.5359700
1703808000000,0.0731500,0.0742300,0.0692400,0.0713700,166543782,11961746.9148900,120266,5772156.1584500
1703894400000,0.0713500,0.0718700,0.0688200,0.0695500,74739140,5249320.2823300,65094,2667592.5169500
1703980800000,0.0695500,0.0723400,0.0689300,0.0702000,108506028,7652478.9154600,86338,3785890.7688300
1704067200000,0.0702100,0.0724200,0.0687000,0.0722100,112213890,7885764.3019900,91442,3888377.6197700
1704153600000,0.0722100,0.0742500,0.0715300,0.0726900,119546156,8711082.9471900,92074,4291726.4265900
1704240000000,0.0726900,0.0750300,0.0587200,0.0659100,290985783,19432167.0502000,210979,9526363.9584500
1704326400000,0.0658900,0.0669700,0.0637800,0.0655700,145292059,9468685.2605400,95406,4612618.8233600
1704412800000,0.0655900,0.0657300,0.0598900,0.0625700,163062082,10154197.7617800,97411,5088202.6558300
1704499200000,0.0625700,0.0636500,0.0588400,0.0629400,123286762,7586699.9166000,76753,3738110.4200700
1704585600000,0.0629300,0.0634800,0.0584000,0.0593100,116722801,7156906.3899500,76891,3435731.3767100
1704672000000,0.0593200,0.0637100,0.0546700,0.0633800,229538139,13654976.6726200,139910,6694604.1031600
1704758400000,0.0633800,0.0634200,0.0573700,0.0603000,219053109,13184966.1974000,143878,6552594.2668700
1704844800000,0.0603000,0.0651600,0.0580400,0.0637300,200105517,12183314.9956700,143230,5923051.8515000
1704931200000,0.0637400,0.0668400,0.0627500,0.0651400,199374818,12933439.3574500,147004,6279748.5066900
1705017600000,0.0651400,0.0660000,0.0585400,0.0614500,205898669,13056629.5280300,151904,6135462.3027700
1705104000000,0.0614800,0.0624900,0.0592400,0.0620200,83003044,5092803.7761000,63948,2537423.3810700
1705190400000,0.0620000,0.0624700,0.0593200,0.0595200,82645332,5055514.2448400,70960,2475220.7739200
1705276800000,0.0595400,0.0626300,0.0594900,0.0608200,142269099,8684746.7405400,83206,4209895.5518700
1705363200000,0.0608100,0.0635000,0.0603100,0.0631700,98006672,6082956.5808800,67080,2912285.2108900
1705449600000,0.0631600,0.0636100,0.0611100,0.0623100,82887371,5148076.3528900,60835,2459301.5014500
1705536000000,0.0623300,0.0623500,0.0572500,0.0588000,91247673,5475713.8772400,68621,2632937.3782500
1705622400000,0.0588100,0.0589700,0.0552900,0.0586100,108446210,6255487.9463700,82347,3105004.6718000
1705708800000,0.0586100,0.0595800,0.0574500,0.0593600,66684309,3892134.2974300,43297,2025820.8696500
1705795200000,0.0593600,0.0607500,0.0587800,0.0591600,82461520,4929870.5920200,48597,2251452.9330000
1705881600000,0.0591600,0.0598400,0.0553200,0.0558900,112908359,6471184.6471700,80443,3106928.5274100
1705968000000,0.0558800,0.0565600,0.0513800,0.0546500,104499055,5614697.2316700,67773,2698694.6659400
1706054400000,0.0546300,0.0563200,0.0536100,0.0561500,60935993,3351337.0418500,44934,1578088.2204500
1706140800000,0.0561400,0.0566000,0.0550100,0.0564000,72625985,4053835.1696500,47756,1984774.1850400
1706227200000,0.0564100,0.0586900,0.0559400,0.0583800,77749521,4494462.8563300,47334,2137521.7904800
1706313600000,0.0584100,0.0587600,0.0574700,0.0583100,44168546,2571206.9608500,27558,1168432.9002000
1706400000000,0.0583100,0.0587400,0.0566200,0.0570800,45461727,2628091.9243700,33179,1253958.1410600
1706486400000,0.0570500,0.0587000,0.0564600,0.0585500,39314609,2265445.7155300,33152,1113880.2068800
1706572800000,0.0585700,0.0590500,0.0568100,0.0571200,62285124,3626082.5097000,37445,1601932.3791500
1706659200000,0.0571200,0.0573200,0.0552000,0.0560600,63673815,3586327.4382700,44975,1649380.2334200
1706745600000,0.0560500,0.0565500,0.0543600,0.0555800,47922910,2651070.9624900,33964,1237173.5653100
1706832000000,0.0555900,0.0562100,0.0550900,0.0560000,36681629,2042054.4510900,29316,1072657.5019200
1706918400000,0.0560100,0.0562100,0.0548200,0.0550500,34289062,1897098.2439400,29545,912080.7252400
1707004800000,0.0550700,0.0550800,0.0537100,0.0537500,34616138,1885384.1780100,28821,950705.0306400
1707091200000,0.0537500,0.0548600,0.0528900,0.0540400,38664278,2090550.5560800,30800,1003794.9720400
1707177600000,0.0540500,0.0545200,0.0535400,0.0542600,32124812,1736360.5062600,26621,820838.6213900
1707264000000,0.0542600,0.0548500,0.0528200,0.0546800,50754240,2724999.3739700,38553,1409443.1284000
1707350400000,0.0546800,0.0553000,0.0543300,0.0548500,35004565,1917438.9804000,33796,957710.4813000
1707436800000,0.0548500,0.0569600,0.0548000,0.0568000,50901584,2850008.1031900,40288,1290353.4298300
1707523200000,0.0567900,0.0576300,0.0554500,0.0568900,40282759,2277889.4496200,33885,1090234.3935700
1707609600000,0.0568900,0.0579400,0.0564900,0.0572200,52278156,2989252.8634700,35035,1404616.9043300
1707696000000,0.0572200,0.0592300,0.0559000,0.0583800,60114055,3471071.2866400,37676,1623669.8486000
1707782400000,0.0583800,0.0589700,0.0558500,0.0576800,74450328,4291473.9610000,40365,2015349.9169500
1707868800000,0.0576700,0.0588600,0.0569200,0.0585700,47251845,2748522.6625900,33251,1210410.1677300
1707955200000,0.0585600,0.0599800,0.0579800,0.0590900,81181742,4784871.1187100,53825,2197373.7239400
1708041600000,0.0590800,0.0608200,0.0576200,0.0595100,81464575,4838522.5825000,52350,2275790.0886100
1708128000000,0.0595200,0.0600500,0.0577900,0.0594700,59484876,3509453.0676600,41424,1655879.3320100
1708214400000,0.0594700,0.0604900,0.0586600,0.0603400,61839086,3691713.3063300,47216,1819166.4923400
1708300800000,0.0603400,0.0627100,0.0597200,0.0621900,84144954,5169490.5431600,61467,2493023.1226400
1708387200000,0.0621900,0.0645900,0.0599500,0.0645900,153553750,9506386.1798700,102025,4417503.7557400
1708473600000,0.0645700,0.0647500,0.0600700,0.0626100,118470750,7360841.9844100,92743,3523903.4646100
1708560000000,0.0625800,0.0630300,0.0605800,0.0620500,81848290,5079165.5113800,62425,2550248.7738300
1708646400000,0.0620600,0.0638800,0.0611800,0.0630300,102664559,6405125.1823500,84849,3045434.9476800
1708732800000,0.0630200,0.0637600,0.0614900,0.0631400,73931442,4653550.9652500,61937,2159723.4699800
1708819200000,0.0631600,0.0632400,0.0619100,0.0629400,64249507,4024701.7517500,54578,1806025.0806700
1708905600000,0.0629400,0.0668500,0.0618200,0.0665000,193172902,12472664.7428200,132920,6040630.8177400
1708992000000,0.0665200,0.0698900,0.0655400,0.0697400,165171085,11166641.1502500,136845,5520905.9291700
1709078400000,0.0697500,0.0819500,0.0689300,0.0806800,1389499565,105723968.4908100,800837,50839866.7795300
1709164800000,0.0806800,0.1009200,0.0773500,0.0917000,1416290791,129033713.8770000,1011783,63390248.0300500
1709251200000,0.0917400,0.1029300,0.0833000,0.0894500,1014353110,90880216.7453400,782182,43678741.0857700
1709337600000,0.0894500,0.0895700,0.0824700,0.0844000,356605940,30109194.2589700,242568,13561791.6208700
1709424000000,0.0843900,0.0852500,0.0717600,0.0817400,340003870,27401627.4065700,228513,12325334.6711200
1709510400000,0.0817400,0.0852800,0.0803800,0.0841300,282786997,23516587.7012600,226075,11186176.9954900
1709596800000,0.0841300,0.0871200,0.0609800,0.0768300,546174678,43492074.5913300,507178,20295024.0803900
1709683200000,0.0768300,0.0814500,0.0735100,0.0809000,224246028,17550672.8218500,247356,8673573.1251400
1709769600000,0.0809100,0.0870000,0.0805200,0.0859600,299030021,25048129.2546700,236659,12187116.3691200
1709856000000,0.0859500,0.0884900,0.0817600,0.0875000,209169152,17857575.9955100,185462,8595994.6584000
1709942400000,0.0875100,0.0978100,0.0856500,0.0975900,499423345,46192608.5223200,337044,23096702.0783600
1710028800000,0.0976000,0.0992500,0.0894500,0.0936200,299713421,28447627.6229700,240196,13291593.1659100
1710115200000,0.0936400,0.0970600,0.0869700,0.0966000,239013215,22269990.9786400,222180,10675228.9800200
1710201600000,0.0966000,0.1033600,0.0882400,0.0977600,275542484,26512105.1272300,259574,12644632.8612200
1710288000000,0.0977700,0.1011600,0.0950200,0.0990300,161248245,15796787.9827000,184999,7401086.7677200
1710374400000,0.0990400,0.1029100,0.0886800,0.0957200,243036122,23459999.8916200,271201,11216591.2765600
1710460800000,0.0956500,0.0962900,0.0800400,0.0882400,265010127,23161922.3373500,297860,11113437.0576100
1710547200000,0.0882700,0.0885800,0.0774200,0.0790600,155373093,12955228.0826500,178664,6296176.2141200
1710633600000,0.0790400,0.0828000,0.0739000,0.0820400,134919707,10627494.3458500,163133,5335081.7835200
1710720000000,0.0820300,0.0839200,0.0769200,0.0789100,238733412,19045112.6568800,247987,9505206.7145100
1710806400000,0.0789200,0.0797100,0.0699700,0.0741700,337053857,25275657.9232500,405157,12567442.3380800
1710892800000,0.0741600,0.0827100,0.0703900,0.0825700,204321023,15673541.5056000,273610,7854613.8502200
1710979200000,0.0825800,0.0869600,0.0809300,0.0865000,196344694,16586727.1149300,201117,8043401.5360800
1711065600000,0.0865100,0.0871900,0.0810600,0.0851400,166870959,14065038.9424200,182631,6729881.6808200
1711152000000,0.0851500,0.0892100,0.0830300,0.0859200,213154381,18398834.6703200,175059,9150841.5648800
1711238400000,0.0859000,0.0902200,0.0844000,0.0895300,114555239,10025612.9357200,124749,4987257.8484900
1711324800000,0.0895500,0.1007700,0.0888000,0.0987200,324795973,30938698.7792800,258078,15522178.9937200
1711411200000,0.0987300,0.1236900,0.0967900,0.1068300,2109085910,238263519.3155400,1489724,115849968.4354600
1711497600000,0.1068000,0.1081600,0.0980900,0.0992800,578967846,59457946.4694700,402171,29191145.8496100
1711584000000,0.0992800,0.1003800,0.0957900,0.0996000,253128835,24892035.2366300,203180,11913659.3479400
1711670400000,0.0995900,0.1024800,0.0959600,0.1023100,175807368,17392478.3908200,164729,8547358.2376400
1711756800000,0.1023100,0.1026800,0.0959800,0.0966800,142256952,14115158.6270500,128340,6727155.7933000
1711843200000,0.0966800,0.1021500,0.0957300,0.1003100,115168887,11376540.7962000,109654,5447299.0648800
1711929600000,0.1002800,0.1003000,0.0892600,0.0927500,222659939,20879712.1402900,179998,9746934.2349400
1712016000000,0.0927400,0.0929000,0.0823800,0.0831900,242816009,20815462.7605700,188762,9884219.1361800
1712102400000,0.0831700,0.0857700,0.0793000,0.0821100,168939584,13993176.7455300,139917,6912807.8410500
1712188800000,0.0821100,0.0869600,0.0796800,0.0863000,150706583,12648026.5023500,163407,6568924.3883600
1712275200000,0.0863000,0.0863200,0.0803100,0.0835100,140011628,11651656.3749300,123266,5845507.4065400
1712361600000,0.0835100,0.0857200,0.0830300,0.0850000,70787617,5990441.5449000,62352,2923398.1123100
1712448000000,0.0849800,0.0879800,0.0849100,0.0862700,72559429,6271906.5222100,65785,3102914.4753200
1712534400000,0.0862600,0.0933900,0.0839600,0.0911600,169186478,15210176.2378000,127368,7515938.2195300
1712620800000,0.0911800,0.0934800,0.0871400,0.0880400,193117783,17479687.8936200,146466,8620242.2979200
1712707200000,0.0880300,0.0895800,0.0824200,0.0874900,153766483,13250854.0702000,118670,6336633.5216400
1712793600000,0.0874900,0.0879200,0.0845900,0.0862300,74001497,6370430.6573000,67255,3199681.1887700
1712880000000,0.0862100,0.0916200,0.0647000,0.0750600,502395005,42000538.5795400,360646,20394484.9253400
1712966400000,0.0750500,0.0757100,0.0561700,0.0645900,351958752,23587699.7960900,297053,11559223.0839600
1713052800000,0.0645900,0.0693000,0.0608800,0.0686000,314781357,20584661.0757900,213544,10242159.4386300
1713139200000,0.0685900,0.0718600,0.0633000,0.0662600,206523793,14031431.8008200,153821,7002637.0279500
1713225600000,0.0662700,0.0671300,0.0627000,0.0663700,181672220,11831019.2665300,124708,5857103.9781700
1713312000000,0.0663800,0.0670800,0.0618000,0.0636900,149301522,9648350.8634800,100837,4820557.3009500
1713398400000,0.0636700,0.0661700,0.0614800,0.0655200,133639510,8548323.6147600,96565,4296399.5547900
1713484800000,0.0655200,0.0688900,0.0600800,0.0665600,171193209,11274221.6231900,121708,5797811.6007500
1713571200000,0.0665800,0.0720500,0.0654600,0.0715900,79831205,5480638.0289600,64563,2715796.8823800
1713657600000,0.0715800,0.0765800,0.0702700,0.0727700,482852822,35645427.9916000,235753,17661910.3771000
1713744000000,0.0727900,0.0750900,0.0717200,0.0742700,156460539,11535170.1085600,122772,5588524.2593800
1713830400000,0.0742800,0.0759100,0.0725400,0.0756000,99592415,7377921.5608600,74639,3599428.4961400
1713916800000,0.0756000,0.0775200,0.0704100,0.0715800,115972857,8676490.2300300,94856,4282557.9138800
1714003200000,0.0715500,0.0720300,0.0680300,0.0702700,95374911,6684162.4008600,78073,3309499.9413300
1714089600000,0.0702700,0.0704600,0.0677600,0.0686800,82036924,5667485.0862300,62398,2696759.2897200
1714176000000,0.0686900,0.0696600,0.0656800,0.0692100,94496920,6435220.2499600,77960,3183661.9517800
1714262400000,0.0692100,0.0702300,0.0666400,0.0669900,72796194,5000817.1077000,59730,2439277.3133700
1714348800000,0.0670000,0.0675400,0.0640900,0.0669300,81814232,5381684.9782800,65716,2662007.6305100
1714435200000,0.0669300,0.0677100,0.0605500,0.0626900,111688804,7047400.1120600,81692,3425126.7476500
1714521600000,0.0626700,0.0634300,0.0583900,0.0628400,153857731,9380972.1385800,97495,4470188.1036100
1714608000000,0.0628200,0.0635400,0.0604500,0.0628400,93108811,5794532.8820700,59420,2798762.7210200
1714694400000,0.0628200,0.0665900,0.0619400,0.0656000,67582070,4324872.4182100,52119,2165440.4642200
1714780800000,0.0656100,0.0670600,0.0648200,0.0654700,105471386,6933237.9805800,61240,3463430.4770300
1714867200000,0.0654700,0.0669400,0.0640500,0.0661200,94593454,6171851.7276100,54931,2964751.5752800
1714953600000,0.0661100,0.0681700,0.0648500,0.0652000,117765511,7803210.3544700,65194,3848208.2279900
1715040000000,0.0651800,0.0665000,0.0635200,0.0635500,78290451,5100076.2619900,51249,2552312.2803400
1715126400000,0.0635400,0.0650100,0.0623700,0.0634500,86860890,5519730.9057200,59646,2598059.7183200
1715212800000,0.0634300,0.0655000,0.0619800,0.0651600,83209451,5300364.5387400,50463,2545507.2308700
1715299200000,0.0651600,0.0657900,0.0613800,0.0619400,89900714,5697581.5947000,58287,2773985.2158100
1715385600000,0.0619300,0.0628500,0.0608200,0.0609900,69630967,4300389.6560700,39480,1976332.8721800
1715472000000,0.0609900,0.0614500,0.0597500,0.0602900,50685915,3078187.6267400,34258,1525378.2643500
1715558400000,0.0602900,0.0617900,0.0575500,0.0604400,89038688,5343342.8443800,53363,2692700.3591200
1715644800000,0.0604500,0.0621200,0.0591400,0.0593500,127791496,7759242.7773700,64107,3795626.6575400
1715731200000,0.0593500,0.0635800,0.0589000,0.0630900,117798518,7201496.6636000,62133,3620051.9258800
1715817600000,0.0631000,0.0637400,0.0613100,0.0627700,66977070,4212710.7236700,40048,2121797.6758000
1715904000000,0.0627700,0.0654500,0.0619600,0.0649400,52100091,3333343.7875400,35859,1675897.8798100
1715990400000,0.0649300,0.0653700,0.0637200,0.0642300,45187444,2919648.5671800,29993,1461605.4514300
1716076800000,0.0642300,0.0645900,0.0612900,0.0618600,63579057,4014805.6804600,37123,1979540.6597700
1716163200000,0.0618600,0.0676800,0.0607400,0.0675800,160771116,10310952.0671100,75207,5068272.9328800
1716249600000,0.0676100,0.0681300,0.0658000,0.0671100,108796302,7282056.8287500,62200,3414614.2931200
1716336000000,0.0671300,0.0672700,0.0649400,0.0659700,91513451,6062075.0842300,58980,2840283.0590500
1716422400000,0.0659700,0.0669900,0.0610300,0.0643300,166081333,10678114.5688900,100100,4878246.2584000
1716508800000,0.0643400,0.0650300,0.0622100,0.0647800,66157849,4230153.0524300,46898,1998236.7900300
1716595200000,0.0647700,0.0655400,0.0640400,0.0655200,51538571,3339514.3723000,33651,1590449.3336200
1716681600000,0.0655000,0.0655700,0.0634600,0.0640500,42160040,2724437.8704500,31858,1317070.3966400
1716768000000,0.0640300,0.0699200,0.0633100,0.0687400,226513696,15198539.2732200,128775,7737514.6084800
1716854400000,0.0687400,0.0720300,0.0660800,0.0687500,424340321,29272292.1245600,191371,14686839.8500900
1716940800000,0.0687400,0.0706900,0.0660800,0.0666100,187181585,12808937.8962700,101353,6074064.1467700
1717027200000,0.0666100,0.0671600,0.0639300,0.0651700,94684879,6227060.9527200,56524,2960921.3289300
1717113600000,0.0651900,0.0656500,0.0637300,0.0647400,63176129,4091433.2279700,41876,2057393.1581100
1717200000000,0.0647400,0.0653200,0.0643200,0.0647200,43604172,2826764.9148700,26404,1363811.4864600
1717286400000,0.0647200,0.0651700,0.0631100,0.0638400,45952237,2946504.5754300,31871,1390267.1483200
1717372800000,0.0638400,0.0659100,0.0630800,0.0651400,105079675,6840446.8209500,60446,3210367.6583200
1717459200000,0.0651400,0.0660200,0.0634400,0.0653800,68766291,4452870.1937500,46155,2059077.4858800
1717545600000,0.0654100,0.0665000,0.0644500,0.0664000,55666903,3643666.9283700,41451,1686279.6762400
1717632000000,0.0664000,0.0667500,0.0645800,0.0656200,124547882,8220418.0690400,64870,3865228.7643500
1717718400000,0.0656200,0.0668700,0.0520000,0.0606700,177260212,10916285.4504300,98298,4829501.2547400
1717804800000,0.0606500,0.0607100,0.0558700,0.0565400,88861697,5177738.7345400,56026,2737885.7976200
1717891200000,0.0565500,0.0573300,0.0556800,0.0572800,41716694,2361224.4302900,28961,1157301.3925900
1717977600000,0.0572900,0.0573800,0.0550300,0.0554600,76848846,4342554.8277000,46121,2092819.7657500
1718064000000,0.0554700,0.0556300,0.0512700,0.0520500,107044110,5719122.3775600,61682,2877096.8709200
1718150400000,0.0520700,0.0554800,0.0505200,0.0538400,108192733,5790632.5083100,55535,2715641.8410600
1718236800000,0.0538500,0.0539900,0.0506400,0.0512900,74817294,3909742.5912300,41277,1906611.2999100
1718323200000,0.0512800,0.0525000,0.0481600,0.0495000,90310907,4571227.9383200,53669,2129497.8964200
1718409600000,0.0495000,0.0499300,0.0486600,0.0491100,44991909,2222923.4492000,27259,1094910.2777400
1718496000000,0.0491000,0.0492600,0.0479000,0.0482800,60742072,2951456.2996300,31529,1359028.6613300
1718582400000,0.0483100,0.0485000,0.0395900,0.0406100,464370734,19794046.5692200,165002,9460716.1213800
1718668800000,0.0406100,0.0410600,0.0352400,0.0400500,525926608,20513377.9266900,164814,10276303.9415300
1718755200000,0.0400700,0.0415500,0.0395600,0.0405300,122528354,4988698.9347600,50716,2531689.3096400
1718841600000,0.0405300,0.0424800,0.0401800,0.0406600,105516666,4357092.5633500,44362,2178176.9998500
1718928000000,0.0406700,0.0415900,0.0397500,0.0405800,106588983,4350807.7895100,51566,2118505.6822200
1719014400000,0.0405600,0.0409900,0.0396900,0.0399400,63928875,2568734.4763100,29992,1177339.7361000
1719100800000,0.0399400,0.0405200,0.0383500,0.0385000,86991237,3446837.0047400,38050,1637073.2922400
1719187200000,0.0385100,0.0391100,0.0352900,0.0390300,172404772,6525024.8790700,70095,3039482.3598200
1719273600000,0.0390200,0.0409600,0.0386600,0.0404200,114144940,4570148.2651000,48983,2309909.9417500
1719360000000,0.0404100,0.0418100,0.0392000,0.0395500,130950007,5305249.3457900,47666,2548670.0755700
1719446400000,0.0395500,0.0409800,0.0380200,0.0407800,121119949,4815178.6058500,44586,2441356.1327300
1719532800000,0.0408000,0.0421000,0.0395700,0.0397700,201335546,8226248.1204700,61901,4079961.0714900
1719619200000,0.0397600,0.0406200,0.0388800,0.0390200,98081285,3909326.2277400,33179,1858681.0542000
1719705600000,0.0390400,0.0405000,0.0384000,0.0402700,73393773,2895567.0229300,31187,1441162.1909800
1719792000000,0.0402700,0.0406700,0.0391800,0.0394100,85242291,3404384.1537300,37284,1708277.4553700
1719878400000,0.0394000,0.0397800,0.0387900,0.0391800,57209984,2245520.3885900,24187,1110067.9013200
1719964800000,0.0391900,0.0392000,0.0373600,0.0379800,94559652,3624869.0422600,35315,1825010.2075500
1720051200000,0.0379700,0.0380100,0.0328300,0.0331400,174403030,6194246.1871000,56017,2934723.6389800
1720137600000,0.0331500,0.0331800,0.0283800,0.0321500,330947831,10157163.5224000,99336,5060796.9737700
1720224000000,0.0321400,0.0347000,0.0317700,0.0343800,82979475,2743110.8956000,35226,1317933.8464100
1720310400000,0.0343800,0.0345700,0.0322100,0.0324300,91583726,3091488.7558900,38108,1526653.9512900
1720396800000,0.0324300,0.0343800,0.0311700,0.0334700,162011691,5358629.9586100,60705,2768448.5499500
1720483200000,0.0334600,0.0349900,0.0331400,0.0348300,110856630,3806722.3678500,42761,1914270.3297600
1720569600000,0.0348300,0.0367800,0.0345300,0.0357500,177865379,6365368.6802300,60444,3126392.5822000
1720656000000,0.0357400,0.0368500,0.0351600,0.0352900,88926098,3201510.8227100,36063,1539413.2663200
1720742400000,0.0352900,0.0362200,0.0346500,0.0360700,66227482,2357238.7058900,30700,1131012.7018000
1720828800000,0.0360700,0.0373500,0.0358100,0.0371000,49002227,1786067.2180900,23526,936663.9713900
1720915200000,0.0371000,0.0380900,0.0368400,0.0376900,76587674,2876580.7564000,34719,1454354.4960500
1721001600000,0.0376900,0.0392400,0.0376100,0.0391800,97138289,3729407.2604100,41312,1800691.4389500
1721088000000,0.0391900,0.0398000,0.0373500,0.0392900,126214263,4913335.8260600,50660,2273536.7183000
1721174400000,0.0393100,0.0404100,0.0389300,0.0391400,74648262,2961228.7139400,34682,1434598.4747500
1721260800000,0.0391500,0.0400900,0.0380300,0.0396700,90354238,3544168.5405600,38227,1728088.9607200
1721347200000,0.0396700,0.0445500,0.0396700,0.0418100,1971739389,83175496.9010100,420178,41158876.1997100
1721433600000,0.0418200,0.0421100,0.0411200,0.0416300,234705906,9769697.0363500,81711,4773561.7533400
1721520000000,0.0416300,0.0451600,0.0408800,0.0429700,440145496,18872134.7492100,139166,9018938.7464700
1721606400000,0.0429600,0.0430500,0.0403200,0.0406700,170617700,7078537.8677700,66279,3617599.3897800
1721692800000,0.0406600,0.0410500,0.0386600,0.0393500,171054777,6809851.3384300,65260,3148272.9440900
1721779200000,0.0393400,0.0402600,0.0380300,0.0384400,103919663,4077339.1407300,41468,1971631.7082300
1721865600000,0.0384200,0.0385700,0.0356000,0.0371300,148526629,5479994.3549500,57480,2599849.9865600
1721952000000,0.0371200,0.0390700,0.0364700,0.0390700,86626254,3279160.5949200,40262,1613946.6264000
1722038400000,0.0390700,0.0423900,0.0387000,0.0411200,453044138,18547028.6502000,130447,9007081.3186600
1722124800000,0.0411000,0.0429300,0.0405300,0.0423000,410173213,17102357.1984800,120203,8672660.8532600
1722211200000,0.0423000,0.0447400,0.0413800,0.0426200,306599524,13188585.5321000,109987,6067613.9151300
1722297600000,0.0426500,0.0435700,0.0406900,0.0409700,173509447,7320999.6104300,72965,3574080.9936300
1722384000000,0.0409600,0.0416400,0.0396100,0.0396200,102964897,4190280.7805400,49881,2074104.4644500
1722470400000,0.0396200,0.0397700,0.0355600,0.0381200,151881429,5724628.5940000,54285,2835248.3956400
1722556800000,0.0381400,0.0384500,0.0351100,0.0353900,120798632,4429854.6036400,51878,2151141.2676200
1722643200000,0.0354000,0.0356100,0.0325100,0.0331300,152914751,5226925.2778300,57991,2500702.7244400
1722729600000,0.0331300,0.0336200,0.0302300,0.0311600,146391744,4695461.9541600,48520,2263145.3315000
1722816000000,0.0311600,0.0313900,0.0252400,0.0287000,615292634,17086756.0225100,164890,8470855.3280100
1722902400000,0.0287000,0.0305000,0.0286400,0.0300200,218361562,6506574.5009200,60408,3239074.2280300
1722988800000,0.0300200,0.0313900,0.0291100,0.0295700,149685264,4544240.6482900,55012,2219877.5386700
1723075200000,0.0295700,0.0335300,0.0288100,0.0333300,324647381,10364511.0286700,90306,5274013.3553600
1723161600000,0.0333200,0.0342200,0.0326300,0.0338700,185040413,6172545.3197100,51034,3167119.6117200
1723248000000,0.0338500,0.0347800,0.0332800,0.0346800,124651559,4212385.0574000,35478,2120870.1054800
1723334400000,0.0346800,0.0352900,0.0316900,0.0319600,105237192,3541310.7999700,38304,1681488.3144300
1723420800000,0.0319600,0.0339000,0.0318100,0.0328400,121454537,3991911.0329100,46547,1960956.6295600
1723507200000,0.0328600,0.0337700,0.0322800,0.0333300,104565931,3453000.9821000,33612,1768111.5980700
1723593600000,0.0333300,0.0335000,0.0316300,0.0321500,87010964,2831972.1818000,29667,1372914.6832200
1723680000000,0.0321700,0.0327000,0.0308300,0.0316000,82454624,2619790.4652700,28210,1281572.1588100
1723766400000,0.0315900,0.0317700,0.0302700,0.0311300,84392803,2626025.4619000,27115,1315393.6552100
1723852800000,0.0311100,0.0318400,0.0307300,0.0318400,42862247,1337372.1587500,15570,647157.2440600
1723939200000,0.0318200,0.0338000,0.0312400,0.0324500,131598885,4316903.7823100,34181,2215360.2646500
1724025600000,0.0324600,0.0332500,0.0315600,0.0326700,150717743,4869871.3126800,36905,2337176.0450300
1724112000000,0.0326500,0.0339100,0.0322800,0.0330500,62549912,2071641.1453200,27599,994141.2424300
1724198400000,0.0330400,0.0345000,0.0323200,0.0344700,78774062,2619666.5133900,30259,1326882.4900000
1724284800000,0.0344600,0.0351100,0.0336500,0.0344200,73777570,2538537.7600900,29194,1223257.9346400
1724371200000,0.0344200,0.0364200,0.0343700,0.0361100,93943761,3304498.2207400,34605,1771800.2446600
1724457600000,0.0361200,0.0370500,0.0356700,0.0363900,69415615,2524308.8975100,28998,1224102.7529200
1724544000000,0.0363700,0.0364200,0.0350300,0.0354300,70891681,2530932.2715400,34127,1232162.5874500
1724630400000,0.0354300,0.0356800,0.0331000,0.0332800,74291542,2556882.1044300,33462,1212121.3537700
1724716800000,0.0332900,0.0339800,0.0302900,0.0309100,93319603,3009650.2516100,36207,1445110.6501000
1724803200000,0.0309000,0.0315400,0.0293400,0.0303800,118322960,3611503.7195000,38530,1875086.1622500
1724889600000,0.0303600,0.0315000,0.0298500,0.0303000,59070458,1809815.4593500,25834,899182.7605100
1724976000000,0.0303000,0.0306900,0.0291000,0.0304500,61999886,1860424.9937900,26610,937865.2978700
1725062400000,0.0304500,0.0305600,0.0294800,0.0297800,37419792,1121753.0025800,16288,528294.8743800
1725148800000,0.0297800,0.0300700,0.0283300,0.0285000,71850042,2110817.7985000,27586,1052216.2579000
1725235200000,0.0284900,0.0295900,0.0282200,0.0293900,81539438,2366949.9126700,30061,1228541.7906600
1725321600000,0.0293800,0.0298000,0.0280400,0.0281100,50609156,1466723.4825700,21434,733559.0496500
1725408000000,0.0280900,0.0292900,0.0266300,0.0289400,83888457,2352836.0510100,29385,1165219.6388000
1725494400000,0.0289200,0.0290400,0.0276200,0.0278800,63083077,1791687.6575000,23696,871358.2590700
1725580800000,0.0278800,0.0299100,0.0272500,0.0284700,742615513,21594012.0461500,130072,10759382.4661400
1725667200000,0.0284700,0.0295500,0.0280900,0.0286400,130477932,3754871.0084000,33509,1763399.2977000
1725753600000,0.0286300,0.0293800,0.0282500,0.0290000,67273753,1939340.3435200,23615,937532.8205700
1725840000000,0.0290000,0.0304800,0.0287200,0.0300900,93463076,2755910.2986700,31574,1261742.1945000
1725926400000,0.0301000,0.0307200,0.0295600,0.0305100,86532375,2614599.0904700,29953,1228108.7740500
1726012800000,0.0305200,0.0305300,0.0294000,0.0301700,64781298,1940359.2735500,26034,914839.3644500
1726099200000,0.0301600,0.0309900,0.0300500,0.0309000,53643951,1639758.9457300,24485,721266.4866200
1726185600000,0.0309000,0.0321000,0.0307000,0.0315100,148836878,4680052.7163300,44892,2278192.5161400
1726272000000,0.0315100,0.0318000,0.0307900,0.0310000,49443101,1545302.3820200,21150,733131.5056000
1726358400000,0.0310100,0.0312100,0.0297000,0.0299700,53620938,1639975.3140100,24011,784278.1472600
1726444800000,0.0299700,0.0308200,0.0292400,0.0295500,116323892,3493065.9510200,46625,1725320.8926400
1726531200000,0.0295600,0.0305900,0.0294800,0.0304000,82952743,2499539.2697800,26750,1237924.1186600
1726617600000,0.0304000,0.0310400,0.0292400,0.0310200,79800669,2410551.5659000,29132,1149981.7020300
1726704000000,0.0310300,0.0324900,0.0308400,0.0324300,109225373,3466146.2663600,35182,1731659.7443200
1726790400000,0.0324400,0.0345300,0.0322700,0.0345000,194055453,6501993.0092100,51394,3252759.7918400
1726876800000,0.0345000,0.0378000,0.0339900,0.0375600,298793777,10646876.3273200,95864,5201899.8914400
1726963200000,0.0375500,0.0381200,0.0345100,0.0356100,207556002,7424149.4595700,50392,3377625.8299900
1727049600000,0.0356200,0.0368800,0.0343900,0.0364600,127604622,4586588.6419800,41919,2261004.2805100
1727136000000,0.0364800,0.0367900,0.0353200,0.0365700,110735641,3982687.3565900,37545,1914769.3811800
1727222400000,0.0365900,0.0371600,0.0357300,0.0362300,96870410,3536005.2456200,36809,1675256.1684900
1727308800000,0.0362200,0.0375200,0.0354100,0.0372800,106418528,3908868.7116800,44812,1962517.2822300
1727395200000,0.0372800,0.0381100,0.0370500,0.0379100,108717830,4095000.4879200,38458,1899738.2043200
1727481600000,0.0379000,0.0392500,0.0363600,0.0371500,100682964,3787775.9837600,40288,1853401.0775700
1727568000000,0.0371500,0.0377000,0.0364100,0.0372900,67005653,2480993.3626700,32446,1256513.4442700
1727654400000,0.0372800,0.0373800,0.0343300,0.0346200,97530038,3503659.8884600,39963,1708337.0082900
1727740800000,0.0346000,0.0357800,0.0313200,0.0320200,142137267,4741287.3043100,58173,2350020.9688900
1727827200000,0.0320100,0.0333600,0.0301200,0.0307100,154102308,4897013.6743200,51139,2470797.6785100
1727913600000,0.0307200,0.0321900,0.0294900,0.0304000,226474169,6981259.9995200,67546,3422705.0950700
1728000000000,0.0304100,0.0320600,0.0300800,0.0319500,79847529,2488203.6263100,30288,1233658.6200100
1728086400000,0.0319400,0.0329900,0.0315800,0.0328400,69083769,2245352.2448900,27006,1157738.6497000
1728172800000,0.0328400,0.0337700,0.0324500,0.0337500,106869045,3529311.1032500,29522,1847786.0017900
1728259200000,0.0337200,0.0343300,0.0331000,0.0331500,81047585,2739121.3612700,32964,1319961.5456400
1728345600000,0.0331600,0.0337700,0.0327400,0.0333300,61674898,2048105.6510300,29343,1007994.7044700
1728432000000,0.0333300,0.0334400,0.0318800,0.0322700,59995933,1968638.9425700,28102,952887.0375300
1728518400000,0.0322700,0.0326000,0.0307000,0.0317800,83470034,2651992.1746900,32332,1343091.8620800
1728604800000,0.0317800,0.0330300,0.0315100,0.0330200,56152082,1811291.5752000,28382,906200.6242700
1728691200000,0.0330200,0.0351000,0.0329600,0.0344100,231910859,7968651.2094500,71362,3988010.7224700
1728777600000,0.0344100,0.0345100,0.0324900,0.0333800,84006579,2816912.6656600,33287,1339440.3898400
1728864000000,0.0333900,0.0353300,0.0328400,0.0351400,84975703,2892715.5154900,39344,1435991.5205700
1728950400000,0.0351500,0.0352900,0.0332000,0.0345200,120729876,4145106.6626400,48854,1979892.0466800
1729036800000,0.0345100,0.0347800,0.0337000,0.0340900,59258194,2028864.0406200,26827,992781.9446000
1729123200000,0.0340800,0.0342300,0.0323100,0.0329400,70637698,2340613.7279300,32792,1088692.2199200
1729209600000,0.0329400,0.0341300,0.0326900,0.0341300,48641345,1616780.9755600,24217,841690.6329500
1729296000000,0.0341100,0.0360600,0.0341100,0.0350700,244191758,8599750.5167700,72526,4224833.9891300
1729382400000,0.0350700,0.0366800,0.0344100,0.0365600,122718016,4359921.9546400,44040,2009768.7225900
1729468800000,0.0365600,0.0366800,0.0345100,0.0348500,124576218,4437508.2638100,47226,2018242.1862200
1729555200000,0.0348500,0.0357600,0.0339400,0.0352200,210731030,7333977.1125300,82077,3585184.4652500
1729641600000,0.0352300,0.0352700,0.0325300,0.0332500,89084149,3003555.3038500,41546,1384952.3156800
1729728000000,0.0332800,0.0340600,0.0326900,0.0337600,84797844,2836535.1583500,35223,1354825.4120100
1729814400000,0.0337700,0.0338400,0.0294500,0.0307100,143277848,4585256.0685000,52951,2349031.9581000
1729900800000,0.0307100,0.0310500,0.0299200,0.0310300,73882747,2260760.9584900,31058,1185841.3943600
1729987200000,0.0310300,0.0321700,0.0308200,0.0318400,52617473,1659011.4252800,25192,771469.2649700
1730073600000,0.0318300,0.0320800,0.0306500,0.0317400,81606492,2559152.8622000,36422,1257361.9172100
1730160000000,0.0317600,0.0332700,0.0316800,0.0331100,102244594,3331158.2296300,38205,1636795.7948900
1730246400000,0.0331100,0.0331400,0.0323200,0.0324400,67666597,2218657.7492400,29881,1047711.6683400
1730332800000,0.0324500,0.0325700,0.0305000,0.0307100,61463142,1932765.8141000,29118,950161.2162800
1730419200000,0.0307200,0.0314000,0.0297500,0.0301900,83283751,2543444.0353600,35755,1187954.9285900
1730505600000,0.0302000,0.0305800,0.0294200,0.0297900,46779789,1402590.7633100,20655,665932.0557400
1730592000000,0.0297900,0.0298700,0.0280800,0.0288900,95449191,2755887.0880100,37809,1312587.3776300
1730678400000,0.0289000,0.0294800,0.0276100,0.0282700,65039920,1865472.8295000,27143,885734.7847600
1730764800000,0.0282600,0.0298300,0.0282200,0.0293000,70381223,2049226.3380700,26680,985404.6613900
1730851200000,0.0293100,0.0324400,0.0292800,0.0322300,142720258,4414761.2375300,54766,2201057.4892300
1730937600000,0.0322300,0.0332500,0.0316600,0.0329900,110192290,3587851.3157100,48145,1757743.2394300
1731024000000,0.0330000,0.0332900,0.0320800,0.0331800,118122291,3877551.2485800,48483,2020233.0443900
1731110400000,0.0331800,0.0341600,0.0326600,0.0340900,91516496,3057643.8754000,39176,1453299.6401400
1731196800000,0.0340800,0.0367900,0.0334500,0.0357700,203464741,7202879.2048200,79765,3569017.0018100
1731283200000,0.0357700,0.0379300,0.0345800,0.0379000,202591034,7324963.6043600,78134,3614239.4363100
1731369600000,0.0379200,0.0405200,0.0352600,0.0404400,502280263,19143130.5986600,190604,9486970.4104300
1731456000000,0.0404300,0.0407600,0.0362400,0.0377900,481976321,18373455.6512000,166362,8878694.5596000
1731542400000,0.0377800,0.0380300,0.0344600,0.0351000,263960936,9586684.2096100,103386,4764941.5736000
1731628800000,0.0351200,0.0378000,0.0341400,0.0377600,152255328,5470544.6928100,71509,2598920.7955900
1731715200000,0.0377600,0.0420500,0.0375700,0.0420500,197509364,7832408.0058500,79851,3968129.7248900
1731801600000,0.0420600,0.0420800,0.0378700,0.0387700,204002342,8151070.5172100,82227,3890740.4994400
1731888000000,0.0387600,0.0438000,0.0383400,0.0431100,222482036,9222811.0005800,97706,4535523.5201200
1731974400000,0.0431200,0.0445100,0.0413400,0.0428800,258348087,11130547.6006500,110578,5403789.6134000
1732060800000,0.0429000,0.0429000,0.0394000,0.0403500,216069083,8843451.3275800,91305,4170458.3602800
1732147200000,0.0403300,0.0423700,0.0385600,0.0422200,200504223,8170607.3972400,81432,3911215.2776900
1732233600000,0.0422100,0.0448900,0.0409400,0.0447300,270809753,11537174.5907000,105584,6049960.4611800
1732320000000,0.0447200,0.0475800,0.0432500,0.0465000,361918172,16455587.3357400,135652,8172000.6864400
1732406400000,0.0464800,0.0537100,0.0459600,0.0526400,968334104,48430547.3407200,339652,23944018.2320200
1732492800000,0.0526300,0.0546300,0.0478100,0.0490600,499771976,25826906.0393400,219450,12692836.6405600
1732579200000,0.0490600,0.0596600,0.0487500,0.0541400,1527061600,82552481.7300900,546196,40944999.4783500
1732665600000,0.0541400,0.0562900,0.0502000,0.0558000,610997906,32196581.1446100,264423,15616715.3468200
1732752000000,0.0557800,0.0558000,0.0522300,0.0538500,309216637,16563689.2418900,162200,7779753.8195300
1732838400000,0.0538600,0.0558800,0.0520200,0.0555600,242814445,13103618.5631900,118414,6573290.4857500
1732924800000,0.0555200,0.0565500,0.0535100,0.0558400,251963346,13846151.4450700,118885,6772369.3328400
1733011200000,0.0558000,0.0576700,0.0537400,0.0572000,247873145,13878816.3051600,118832,7044712.2155400
1733097600000,0.0571800,0.0594000,0.0516600,0.0578400,452526429,25091868.2409700,200202,12282087.7036400
1733184000000,0.0578400,0.0611300,0.0527100,0.0606400,708682338,40834243.8497100,287946,19846556.2583100
1733270400000,0.0606600,0.0720800,0.0590700,0.0680300,1503670111,100765376.1726900,597106,49264013.3307000
1733356800000,0.0680100,0.0686800,0.0621600,0.0639700,629770175,41147009.5389200,286663,20422145.0790500
1733443200000,0.0639600,0.0663200,0.0604400,0.0638900,308120392,19616759.3794000,184964,9745314.4239800
1733529600000,0.0638900,0.0651600,0.0623600,0.0638200,195311618,12478655.4521200,131830,6327384.6904100
1733616000000,0.0638200,0.0647400,0.0616600,0.0644900,116823757,7385300.3136300,87774,3467384.6546200
1733702400000,0.0644800,0.0674600,0.0437900,0.0527700,496818719,28866161.0520000,264084,13635536.6866800
1733788800000,0.0527600,0.0536600,0.0449300,0.0494200,468652705,23144254.7132600,184261,11355132.4763100
1733875200000,0.0494300,0.0536600,0.0469500,0.0531800,225678015,11329413.6406100,105653,5790267.3924900
1733961600000,0.0531800,0.0562000,0.0526000,0.0545600,274660276,15024617.8445000,138017,7342051.2740400
1734048000000,0.0545700,0.0551400,0.0526000,0.0543500,213245863,11488819.1050200,120469,5752965.6972100
1734134400000,0.0543300,0.0547600,0.0499800,0.0512300,158562429,8323353.8645800,95645,3945242.0189600
1734220800000,0.0512300,0.0534300,0.0497100,0.0532200,116212495,6010325.6068600,80169,2859931.9881700
1734307200000,0.0532300,0.0544500,0.0497200,0.0511800,139170391,7214658.1598000,90925,3607170.8724600
1734393600000,0.0511800,0.0512900,0.0476900,0.0483200,149157657,7399515.0485400,86087,3539673.2231800
1734480000000,0.0483200,0.0485600,0.0414300,0.0427600,301884789,13806414.1904300,140383,6627736.7424900
1734566400000,0.0427700,0.0443500,0.0384900,0.0399300,315025093,13046757.7010500,136875,6430476.9257500
1734652800000,0.0399200,0.0420500,0.0353600,0.0417500,261911403,10160884.2774200,132889,5067225.2817700
1734739200000,0.0417500,0.0440500,0.0392100,0.0398900,133745952,5529669.3804600,92963,2830524.3792200
1734825600000,0.0398800,0.0428700,0.0394200,0.0412300,195394002,8039413.7716800,107011,4015576.0468300
1734912000000,0.0412400,0.0445000,0.0402000,0.0439800,163582103,6897644.8485600,99440,3409523.5009600
1734998400000,0.0439900,0.0463500,0.0427300,0.0457700,96734887,4322761.3205100,64580,2204654.6522500
1735084800000,0.0457600,0.0459000,0.0435700,0.0442300,99920101,4486589.5506700,63870,2174788.3644500
1735171200000,0.0442400,0.0445400,0.0401000,0.0405400,111307961,4632623.5532900,69687,2191732.1428800
1735257600000,0.0405500,0.0426100,0.0400500,0.0409200,121440108,5005884.3812700,72855,2588634.1645100
1735344000000,0.0409300,0.0442900,0.0408400,0.0439600,187968031,8000494.1968400,97506,4245455.7896400
1735430400000,0.0439400,0.0439700,0.0411000,0.0416800,104572571,4461340.7585100,62109,2078490.9290700
1735516800000,0.0416800,0.0432600,0.0401400,0.0414500,136103458,5698455.7949900,78149,2777526.0544900
1735603200000,0.0414600,0.0422100,0.0400200,0.0406600,90640843,3720714.8032300,52367,1895334.9217000
1735689600000,0.0406700,0.0418400,0.0393800,0.0415500,85496411,3463357.0780000,49855,1658482.7319700
1735776000000,0.0415500,0.0430000,0.0413800,0.0421800,82937864,3493591.2254400,54440,1766456.6574800
1735862400000,0.0421900,0.0444900,0.0413700,0.0443400,95165986,4076782.9771700,59914,1999283.5021500
1735948800000,0.0443400,0.0456800,0.0438100,0.0448300,112520261,5036933.9012000,60311,2383836.1826100
1736035200000,0.0448300,0.0458600,0.0442300,0.0455300,101333490,4562660.5829200,56752,2251915.0540800
1736121600000,0.0455500,0.0484600,0.0448800,0.0476400,139365887,6532392.9937400,81527,3157247.2971300
1736208000000,0.0476500,0.0478300,0.0420900,0.0423200,154686163,6952948.4572900,79853,3282854.8385000
1736294400000,0.0423200,0.0436300,0.0402600,0.0433100,261180552,11005157.4354900,122626,5507641.8385500
1736380800000,0.0433100,0.0483000,0.0430000,0.0481800,737741494,34206842.9127600,241160,17275573.9066700
1736467200000,0.0481700,0.0481900,0.0451800,0.0468500,486483054,22572520.6171100,164761,11160867.4663600
1736553600000,0.0468500,0.0482000,0.0459800,0.0474500,327631399,15380276.2459200,127114,7901336.9120900
1736640000000,0.0474400,0.0514400,0.0468400,0.0501600,1780040997,88290550.9993100,457009,44348676.5220700
1736726400000,0.0501400,0.0502200,0.0426200,0.0452300,1037140223,47393319.9355800,304598,22766457.0144700
1736812800000,0.0452400,0.0471800,0.0435500,0.0468000,507532945,23192366.5360200,186528,11451509.8076300
1736899200000,0.0467900,0.0478700,0.0443900,0.0477900,376946091,17453064.5632700,156964,8513643.2789000
1736985600000,0.0477900,0.0478100,0.0448600,0.0455100,234707971,10863375.2898100,108062,5304460.0642700
1737072000000,0.0455200,0.0475900,0.0454300,0.0472400,164157942,7661380.2992800,81055,3694662.5498000
1737158400000,0.0472200,0.0474400,0.0434400,0.0443700,156737936,7019978.9351100,84901,3503241.5813300
1737244800000,0.0443800,0.0455600,0.0404100,0.0412500,385402120,16625158.4300300,151282,8273060.9037700
1737331200000,0.0412400,0.0450100,0.0398400,0.0411400,438828714,18400790.4379700,153801,9138337.1851200
1737417600000,0.0411200,0.0430800,0.0394400,0.0420700,180597851,7412198.5775400,92763,3690504.2849700
1737504000000,0.0420700,0.0424000,0.0401700,0.0404500,157966325,6558211.5511200,82579,3069156.1067000
1737590400000,0.0404600,0.0408800,0.0386900,0.0399500,130037079,5163866.2004700,76085,2549179.2492300
1737676800000,0.0399500,0.0417800,0.0388400,0.0400400,129454121,5235080.7879700,69041,2637014.1462700
1737763200000,0.0400300,0.0416500,0.0392800,0.0413600,75985630,3093355.2871800,47535,1563716.0547700
1737849600000,0.0413800,0.0428100,0.0405800,0.0406400,118335484,4975246.7867500,59969,2548574.1171800
1737936000000,0.0406200,0.0409300,0.0366900,0.0388300,186274586,7134503.2196900,89146,3288373.8882000
1738022400000,0.0388300,0.0391500,0.0363000,0.0369100,93484203,3535498.2379900,57745,1690521.9782000
1738108800000,0.0369100,0.0401000,0.0366000,0.0381400,254150481,9760525.8139300,121484,4723669.0337900
1738195200000,0.0381400,0.0399300,0.0374400,0.0390700,84179565,3280368.5291900,50385,1641382.0556500
1738281600000,0.0390900,0.0406000,0.0381800,0.0390300,89880700,3525992.5050200,56149,1765760.0972600
1738368000000,0.0390400,0.0397800,0.0360800,0.0364100,105598755,4053764.1807300,53171,2102436.8707900
1738454400000,0.0364100,0.0372000,0.0307200,0.0324300,200549021,6778724.9506300,88780,3158183.3408800
1738540800000,0.0324400,0.0335700,0.0245100,0.0331900,430707006,12770747.7347300,150625,6337361.1571300
1738627200000,0.0331900,0.0337100,0.0305000,0.0318000,175111013,5583357.3685700,78194,2787451.3660000
1738713600000,0.0318000,0.0330200,0.0312100,0.0317500,97646134,3131515.8995500,52397,1543991.5969700
1738800000000,0.0317100,0.0322600,0.0297500,0.0301000,107758021,3330480.2859200,53512,1668899.8142200
1738886400000,0.0301100,0.0319400,0.0291700,0.0301000,99296659,3028516.8615800,52949,1582470.2223200
1738972800000,0.0301000,0.0320900,0.0298400,0.0319400,57231418,1762826.0063500,40668,900923.4755400
1739059200000,0.0319200,0.0330000,0.0303900,0.0316300,78186818,2494168.4749500,44535,1242269.0319200
1739145600000,0.0316100,0.0323300,0.0303900,0.0323100,79716111,2525632.5379600,48416,1380859.6477700
1739232000000,0.0323000,0.0339300,0.0315100,0.0315300,73876103,2407701.4039400,50836,1174713.0749900
1739318400000,0.0315300,0.0336500,0.0303900,0.0333500,112184172,3547163.3822900,63860,1840835.7160400
1739404800000,0.0333600,0.0335100,0.0315400,0.0324000,76392890,2470538.5420900,52299,1242629.4095900
1739491200000,0.0324100,0.0334200,0.0320900,0.0325600,87875173,2877834.6347400,47072,1328610.1367200
1739577600000,0.0325700,0.0330700,0.0311900,0.0315500,55098576,1763716.2117700,37213,848186.0661900
1739664000000,0.0315400,0.0341300,0.0311300,0.0321600,201372232,6578176.5769300,81938,3361255.1458400
1739750400000,0.0321600,0.0343200,0.0320000,0.0335400,296843330,9892939.2131900,104035,4908129.1950300
1739836800000,0.0335200,0.0335300,0.0306900,0.0317900,155668748,4937119.5871400,65161,2316588.3105500
1739923200000,0.0317900,0.0323800,0.0314200,0.0321600,71389614,2279483.5666400,42252,1104855.5466800
1740009600000,0.0321600,0.0332100,0.0319400,0.0329900,76080294,2475958.5223200,36799,1305265.8641100
1740096000000,0.0329900,0.0340200,0.0314300,0.0317300,116150056,3809064.2172600,54853,1855415.6418600
1740182400000,0.0317400,0.0338400,0.0315900,0.0338400,79999798,2636920.7871400,37571,1385534.7134800
1740268800000,0.0338300,0.0339600,0.0327200,0.0333100,68854222,2300954.7389500,35516,1068985.0197100
1740355200000,0.0333200,0.0334700,0.0294000,0.0298400,131713006,4123467.7281100,69522,2055485.9848400
1740441600000,0.0298300,0.0303000,0.0277500,0.0298600,168077614,4906930.3011300,81961,2503024.4117400
1740528000000,0.0298700,0.0300300,0.0283100,0.0293700,102890010,3014359.4931000,56170,1513905.6634400
1740614400000,0.0293700,0.0306900,0.0289400,0.0301400,92462811,2770019.2547300,47755,1326337.6463900
1740700800000,0.0301300,0.0301400,0.0274900,0.0297100,148492901,4261825.5154800,63925,2075417.8565800
1740787200000,0.0297200,0.0300200,0.0286100,0.0297200,64726434,1899265.4110500,35664,1005050.1196300
1740873600000,0.0297200,0.0320900,0.0291700,0.0316800,134613363,4125253.7204700,58546,2024797.1505300
1740960000000,0.0316900,0.0318900,0.0272100,0.0275100,177251827,5179487.1536100,70848,2581795.5010100
1741046400000,0.0275100,0.0276700,0.0249100,0.0266000,270090243,7057161.3385900,80292,3464138.3353200
1741132800000,0.0265800,0.0276800,0.0263000,0.0275500,67081313,1811497.9356900,37245,899797.0772100
1741219200000,0.0275500,0.0283000,0.0268200,0.0272700,68166293,1882009.7313500,41949,914024.4581000
1741305600000,0.0272700,0.0279400,0.0258100,0.0268400,119653355,3243895.0282600,58486,1693053.9262300
1741392000000,0.0268500,0.0271200,0.0263000,0.0267300,52139676,1392623.5382700,32879,715347.7086900
1741478400000,0.0267200,0.0268700,0.0234400,0.0236200,132647133,3300134.9406700,47748,1588436.3667600
1741564800000,0.0236100,0.0246200,0.0213100,0.0218600,212972270,4945934.4706800,75245,2420594.0433200
1741651200000,0.0218600,0.0230200,0.0205300,0.0226500,144689944,3169872.0753100,61364,1634018.1964700
1741737600000,0.0226500,0.0235000,0.0219800,0.0232900,98630332,2248974.0239300,45851,1140400.9015800
1741824000000,0.0232900,0.0237400,0.0224400,0.0230700,102061153,2350188.1718700,45805,1134113.9986700
1741910400000,0.0230700,0.0243000,0.0229700,0.0237700,67112374,1594590.8008900,33065,788802.7283000
1741996800000,0.0237800,0.0243800,0.0235600,0.0243300,43931658,1051194.0643100,28480,497372.4582200
1742083200000,0.0243400,0.0245100,0.0233000,0.0234200,66889310,1592148.0761500,34988,791529.8160100
1742169600000,0.0234200,0.0245200,0.0234100,0.0242000,94420216,2270058.4455600,40953,1167240.8052500
1742256000000,0.0242000,0.0247400,0.0232900,0.0244500,171716877,4159093.1769200,58717,2036861.6450900
1742342400000,0.0244600,0.0252800,0.0242200,0.0249000,139776500,3466395.6491200,50424,1755557.7303600
1742428800000,0.0249000,0.0251000,0.0240300,0.0241600,96832803,2372174.6629500,40684,1204820.0768200
1742515200000,0.0241500,0.0244100,0.0225600,0.0228900,121103248,2830596.4335700,51772,1363005.1815100
1742601600000,0.0228900,0.0244300,0.0226000,0.0238100,111546850,2640192.5588300,47362,1308462.8822300
1742688000000,0.0238200,0.0247100,0.0236100,0.0239300,83526753,2024007.7405200,37652,979246.7458500
1742774400000,0.0239200,0.0259800,0.0236700,0.0251700,162459107,4080447.9997900,46846,1964212.8067000
1742860800000,0.0251600,0.0256000,0.0248100,0.0256000,63165255,1590039.8461400,26325,825566.3071300
1742947200000,0.0255900,0.0259700,0.0247400,0.0249700,75603169,1915933.4015900,29167,914915.3249200
1743033600000,0.0249700,0.0252900,0.0245200,0.0249900,75000377,1869175.8974700,30122,908205.6280000
1743120000000,0.0249900,0.0250200,0.0225500,0.0229100,108328647,2567224.7034900,42102,1258396.9975900
1743206400000,0.0229100,0.0229600,0.0215000,0.0219500,87853772,1938305.3154800,34660,1002471.3334200
1743292800000,0.0219300,0.0230000,0.0217100,0.0229900,113397417,2542831.9280500,39924,1330760.2456800
1743379200000,0.0229700,0.0238800,0.0215700,0.0220400,437969863,9890196.9634300,100958,4737007.1123100
1743465600000,0.0220400,0.0227300,0.0217500,0.0220900,150845708,3349150.1616200,52013,1599837.4495600
1743552000000,0.0220800,0.0222800,0.0201700,0.0204700,140101676,3004691.5484800,55607,1448219.5000400
1743638400000,0.0204600,0.0212500,0.0193900,0.0201400,148359391,3002299.7185200,49586,1385603.1769600
1743724800000,0.0201500,0.0205100,0.0194700,0.0202800,91918422,1852943.7507500,42325,980276.9051000
1743811200000,0.0202800,0.0206000,0.0197700,0.0201200,83653353,1687036.3244100,26537,815268.4958700
1743897600000,0.0201200,0.0204300,0.0176300,0.0182600,217899644,4089884.6400800,61425,1918172.5123600
1743984000000,0.0182700,0.0192900,0.0165500,0.0186900,261458714,4740895.2338300,93781,2413532.6310300
1744070400000,0.0186900,0.0193000,0.0180600,0.0182100,109374282,2039924.3988700,45817,1021623.9369600
1744156800000,0.0182000,0.0203200,0.0176200,0.0200900,317725245,6079953.3083700,78018,3040410.2897700
1744243200000,0.0200900,0.0208900,0.0194000,0.0202700,157364103,3192512.8218300,52555,1603919.7799000
1744329600000,0.0202700,0.0205600,0.0199200,0.0201800,110386667,2238437.6386300,37788,1152609.1472200
1744416000000,0.0201800,0.0211000,0.0196300,0.0209900,92796653,1886379.4241700,34471,916687.1951200
1744502400000,0.0209900,0.0212900,0.0196900,0.0199400,97091372,1989404.4935400,37183,961518.4627300
1744588800000,0.0199400,0.0205100,0.0197600,0.0199300,77567928,1560406.9179600,34877,755619.6034000
1744675200000,0.0199400,0.0206700,0.0197700,0.0201200,76167334,1538988.5471600,31542,830187.9596700
1744761600000,0.0201300,0.0209200,0.0197500,0.0209000,162667888,3321667.2423500,50943,1707250.3765200
1744848000000,0.0208900,0.0220000,0.0206200,0.0219600,171655379,3640613.5634200,47552,1775664.4670700
1744934400000,0.0219600,0.0236000,0.0212500,0.0234300,564773764,12838132.5096500,121275,6611839.5323600
1745020800000,0.0234300,0.0287700,0.0234000,0.0264600,3571705146,96986718.4981400,605110,48951426.9211100
1745107200000,0.0264600,0.0264700,0.0236200,0.0242400,773849147,19007516.0768500,185584,9230095.2263500
1745193600000,0.0242300,0.0245700,0.0235000,0.0239000,308942539,7410415.8842100,90263,3346581.0741200
1745280000000,0.0239000,0.0248800,0.0230300,0.0246600,199104102,4755086.3795400,72881,2156817.0248100
1745366400000,0.0246700,0.0249900,0.0239800,0.0244700,167754796,4113078.8757700,67180,1990068.5936200
1745452800000,0.0244500,0.0246700,0.0235200,0.0245700,102341016,2472506.9144100,44192,1247598.6284800
1745539200000,0.0245700,0.0253800,0.0241500,0.0252100,170972265,4259770.6360500,53525,2160661.6413300
1745625600000,0.0252200,0.0259200,0.0246400,0.0258400,125772010,3175081.1049800,45165,1550358.9252600
1745712000000,0.0258400,0.0259200,0.0243200,0.0250200,120553480,3008324.3899600,43851,1439921.2877800
1745798400000,0.0250300,0.0283500,0.0246400,0.0254200,643778538,16941140.7708700,168778,8379745.6664700
1745884800000,0.0254200,0.0254300,0.0241600,0.0245200,159510271,3965920.6489000,49033,1806344.8161400
1745971200000,0.0245100,0.0246200,0.0233900,0.0243400,113875949,2751290.1803900,42082,1344014.1103800
1746057600000,0.0243400,0.0251100,0.0240700,0.0250000,69674436,1720382.5059800,28108,856294.1710900
1746144000000,0.0249900,0.0252200,0.0246700,0.0250000,97801024,2442557.8552600,32316,1238586.1758100
1746230400000,0.0250000,0.0250300,0.0234400,0.0236500,81847817,1987054.7160400,30829,863649.6924500
1746316800000,0.0236500,0.0238900,0.0227100,0.0228100,83028420,1925710.9592300,34400,914975.7319700
1746403200000,0.0228100,0.0236600,0.0224600,0.0233600,89678416,2063789.1569800,38000,1045783.8919600
1746489600000,0.0233700,0.0236600,0.0216000,0.0225000,100567972,2275917.8570900,46157,1083761.2640500
1746576000000,0.0225100,0.0228200,0.0219200,0.0226900,88141051,1978854.5457000,40205,995411.5923900
1746662400000,0.0226900,0.0248900,0.0225100,0.0248500,101475117,2409384.6349900,51686,1260827.4775500
1746748800000,0.0248400,0.0261500,0.0246600,0.0261200,156490346,3992467.7562800,62801,1984866.3219000
1746835200000,0.0261200,0.0273100,0.0257500,0.0273100,116218093,3053941.3498200,55241,1561776.6748300
1746921600000,0.0272900,0.0274300,0.0258100,0.0266200,187218767,4991179.8073700,65634,2388200.1691800
1747008000000,0.0266200,0.0277300,0.0252900,0.0268600,202858028,5408833.2222000,80707,2681939.3657300
1747094400000,0.0268700,0.0272700,0.0251900,0.0268900,138803199,3650561.7928700,64617,1693456.7922900
1747180800000,0.0268900,0.0275600,0.0257700,0.0260100,167614698,4476830.2215400,67002,2250070.1356200
1747267200000,0.0260100,0.0263600,0.0246800,0.0257600,219886295,5610138.7226700,77782,2678736.4948800
1747353600000,0.0257700,0.0266900,0.0248700,0.0249800,224386589,5792431.5714800,76388,2858466.6001400
1747440000000,0.0249700,0.0250700,0.0233100,0.0236800,145946482,3489756.7368900,63301,1712138.0052700
1747526400000,0.0236900,0.0249600,0.0231100,0.0245600,121169670,2919080.4456000,44146,1407328.0555100
1747612800000,0.0245700,0.0247100,0.0228200,0.0240400,113694815,2679641.7381800,41702,1294688.1135900
1747699200000,0.0240400,0.0244700,0.0234500,0.0243900,98153055,2355587.6699800,42830,1151011.2670900
1747785600000,0.0243800,0.0248700,0.0236600,0.0245200,116789850,2821274.2197500,44237,1403433.7604200
1747872000000,0.0245300,0.0258100,0.0244500,0.0256200,76903191,1934959.9469700,35136,1003116.9093300
1747958400000,0.0256300,0.0265200,0.0236700,0.0237600,207400109,5198808.3597500,62428,2605169.6253300
1748044800000,0.0237600,0.0245100,0.0236300,0.0241300,49087864,1187932.6284700,27116,578009.2537200
1748131200000,0.0241100,0.0243100,0.0233800,0.0242700,72103979,1714701.3009600,36197,859584.1396800
1748217600000,0.0242600,0.0244900,0.0235200,0.0236400,62733782,1508478.9597300,31752,771194.9007600
1748304000000,0.0236500,0.0251500,0.0230000,0.0245300,297909595,7315286.2386200,88794,3696172.0963000
1748390400000,0.0245200,0.0247800,0.0235800,0.0242200,84228537,2040695.6429000,39805,1061860.6462400
1748476800000,0.0242200,0.0245500,0.0233200,0.0234400,100545111,2403028.8337100,41620,1194350.3528300
1748563200000,0.0234300,0.0235600,0.0208200,0.0210900,166810470,3704572.9621100,67502,1701843.0955600
1748649600000,0.0210800,0.0213800,0.0203000,0.0211900,120117338,2505013.4577200,44910,1290969.3533000
1748736000000,0.0212000,0.0216400,0.0207100,0.0215800,58091230,1229399.2206000,27356,628119.5473700
1748822400000,0.0215800,0.0219700,0.0212700,0.0217700,117340357,2539090.6343100,37824,1250147.2454600
1748908800000,0.0217700,0.0222900,0.0215900,0.0218200,83746416,1837396.1349700,31662,945354.8336800
1748995200000,0.0218200,0.0236500,0.0217100,0.0219300,325282378,7364564.3415800,79967,3660519.2636600
1749081600000,0.0219200,0.0221000,0.0202900,0.0206800,182071024,3897010.9112100,50620,1904737.3029900
1749168000000,0.0206800,0.0217900,0.0205700,0.0211100,80599143,1709564.0678500,28758,834660.5559800
1749254400000,0.0211000,0.0218700,0.0210700,0.0217600,49986401,1081095.2009300,21223,555801.7267700
1749340800000,0.0217500,0.0220200,0.0214900,0.0217500,55782059,1214660.4368600,21974,641773.9077300
1749427200000,0.0217400,0.0229500,0.0216200,0.0228800,74093484,1644787.4241900,23712,809528.5265900
1749513600000,0.0228800,0.0236800,0.0226200,0.0236400,100358339,2323473.2038100,29307,1148366.2696200
1749600000000,0.0236300,0.0237400,0.0226400,0.0228500,85022420,1976353.8261100,28791,1013889.2091100
1749686400000,0.0228500,0.0229100,0.0211300,0.0212800,114976187,2535333.9527300,34501,1228971.5578100
1749772800000,0.0212800,0.0213100,0.0201200,0.0208900,173816071,3559932.6641800,40053,1797226.8812000
1749859200000,0.0209000,0.0211200,0.0204800,0.0210700,83631517,1740798.7613200,24639,926379.6136600
1749945600000,0.0210700,0.0219200,0.0210500,0.0214500,166016954,3556446.9523600,56785,1703900.8944100
1750032000000,0.0214500,0.0218400,0.0210200,0.0210600,93653029,2012011.0804000,36738,1031153.7646600
1750118400000,0.0210700,0.0213300,0.0201300,0.0205100,116638463,2418902.9348700,41158,1205764.0386800
1750204800000,0.0205200,0.0207000,0.0196900,0.0204800,100974063,2048467.3574600,32789,1008157.2040100
1750291200000,0.0204800,0.0206600,0.0200200,0.0203800,68897650,1404384.6051200,22793,710400.8043900
1750377600000,0.0203900,0.0208600,0.0196900,0.0201100,68621112,1393893.6998400,31648,718223.3358000
1750464000000,0.0201200,0.0203500,0.0188900,0.0193500,68375451,1347719.5459300,27129,654921.7836700
1750550400000,0.0193500,0.0194800,0.0178100,0.0186600,124894599,2329717.9462200,46069,1134488.1383000
1750636800000,0.0186500,0.0202700,0.0185300,0.0202000,93592190,1797461.4624400,35460,947889.3126300
1750723200000,0.0202100,0.0207900,0.0198000,0.0204000,163816473,3320820.2353200,45408,1527051.6027400
1750809600000,0.0204000,0.0205500,0.0199500,0.0202200,92084433,1869418.6709200,43069,1005157.3030400
1750896000000,0.0202200,0.0205600,0.0195700,0.0196200,73624027,1474704.6526800,31901,681887.8024600
1750982400000,0.0196300,0.0201500,0.0194500,0.0200000,67534614,1337771.5913000,26867,743252.5424500
1751068800000,0.0199900,0.0203800,0.0197200,0.0201700,47653985,953738.7819400,20607,473782.5262700
1751155200000,0.0201700,0.0204700,0.0197300,0.0203800,55345801,1109867.2351700,25519,539063.8243400
1751241600000,0.0203800,0.0204400,0.0192600,0.0194400,90588422,1774787.5622000,33673,855077.4837200
1751328000000,0.0194400,0.0196700,0.0182100,0.0183500,80967294,1525130.7201100,30211,712035.7306600
1751414400000,0.0183300,0.0201800,0.0178600,0.0195600,127667139,2414837.0971300,41245,1265488.6000000
1751500800000,0.0195700,0.0201300,0.0194800,0.0197500,82197787,1627479.2906400,40498,866178.8438500
1751587200000,0.0197600,0.0198500,0.0187700,0.0190600,64316633,1232983.1362900,33125,558521.6027500
1751673600000,0.0190600,0.0200400,0.0190600,0.0199100,200450745,3917149.9274200,51891,1867308.6879100
1751760000000,0.0199000,0.0199300,0.0192800,0.0196500,86994461,1701464.9709800,36570,818673.9820100
1751846400000,0.0196600,0.0199300,0.0194300,0.0197100,82384740,1622256.0704100,37622,840774.3160800
1751932800000,0.0197100,0.0201100,0.0194700,0.0199800,91072566,1805586.2015900,29400,836578.1644500
1752019200000,0.0199700,0.0209300,0.0198000,0.0206700,84990396,1726394.2210700,31828,901636.6474300
1752105600000,0.0206700,0.0224700,0.0203900,0.0220600,126054261,2669708.1946800,35222,1425938.4412200
1752192000000,0.0220600,0.0229700,0.0216500,0.0222000,123509842,2757636.0887100,49467,1375458.1934800
1752278400000,0.0222000,0.0248800,0.0218900,0.0229000,452048827,10548587.1887100,128059,4988782.0807300
1752364800000,0.0229100,0.0237500,0.0224700,0.0230300,102892540,2379590.1609500,47608,1119094.4221200
1752451200000,0.0230400,0.0238400,0.0226900,0.0230800,94149186,2197709.5808900,45683,1098954.7383900
1752537600000,0.0230800,0.0239200,0.0222300,0.0238700,105396179,2426878.1893900,45358,1210151.5925500
1752624000000,0.0238700,0.0242700,0.0233300,0.0237500,102432411,2428069.0323600,43758,1231680.5331100
1752710400000,0.0237500,0.0240100,0.0229700,0.0238700,110119869,2591099.5832300,53164,1434991.7383300
1752796800000,0.0238600,0.0246900,0.0234100,0.0237300,116634129,2808661.6815800,54400,1417624.0112200
1752883200000,0.0237200,0.0241700,0.0231700,0.0240700,89807575,2123605.3221000,41445,1145904.6801100
1752969600000,0.0240800,0.0251600,0.0240700,0.0245800,125362443,3080932.3290700,49209,1495069.1578400
1753056000000,0.0245900,0.0252400,0.0241900,0.0247700,116413046,2886113.5933100,46821,1471505.7541300
1753142400000,0.0247700,0.0259700,0.0238300,0.0249500,287188608,7079506.7082000,93122,3524983.7153900
1753228800000,0.0249600,0.0255400,0.0226000,0.0233100,630342734,15159424.2704200,118206,7222767.0295000
1753315200000,0.0233100,0.0234200,0.0214900,0.0223200,163111157,3660141.1708000,59033,1725652.9339300
1753401600000,0.0223300,0.0226500,0.0215700,0.0226200,133732347,2955428.8310400,45795,1457071.2597400
1753488000000,0.0226300,0.0227900,0.0224400,0.0226000,55966892,1266562.0748800,24945,652555.2459500
1753574400000,0.0226000,0.0234300,0.0225700,0.0233600,69880058,1606058.4909900,29063,834960.5708200
1753660800000,0.0233700,0.0236600,0.0223000,0.0224700,109168798,2518570.4424100,46577,1194264.8014900
1753747200000,0.0224800,0.0230300,0.0216800,0.0220100,94241443,2105086.5842200,39397,1020569.6353400
1753833600000,0.0220100,0.0221800,0.0211800,0.0221700,120795676,2624938.7554400,48459,1355982.8150400
1753920000000,0.0221700,0.0227300,0.0210600,0.0211500,123353059,2725380.7479200,43771,1392049.8757300
1754006400000,0.0211500,0.0211900,0.0199800,0.0204000,157363732,3256269.3577500,51593,1620433.8928100
1754092800000,0.0203900,0.0207000,0.0194300,0.0199500,85043901,1710780.2417300,65125,845543.3581400
1754179200000,0.0199500,0.0206300,0.0197400,0.0205000,64015293,1302340.6308900,52048,648488.7625400
1754265600000,0.0205200,0.0212300,0.0204600,0.0212000,56665753,1179107.6281600,23526,654329.4880100
1754352000000,0.0212000,0.0213100,0.0200000,0.0204400,67410159,1401672.2192300,87268,654666.0991500
1754438400000,0.0204400,0.0206600,0.0198200,0.0202400,91133968,1837976.9210800,89503,926307.1277300
1754524800000,0.0202400,0.0211500,0.0201700,0.0211400,114391778,2355730.7122100,37842,1191067.6286500
1754611200000,0.0211400,0.0214900,0.0209300,0.0213300,70992509,1505945.6558500,39934,774243.9103700
1754697600000,0.0213300,0.0220700,0.0212300,0.0218400,71400009,1555361.5867100,90587,732218.7830600
1754784000000,0.0218400,0.0221200,0.0212600,0.0216100,81477214,1762429.9674900,31913,900651.1075400
1754870400000,0.0216000,0.0220200,0.0202300,0.0204700,112473689,2371810.5791200,44252,1164292.4377500
1754956800000,0.0204600,0.0216300,0.0201200,0.0215500,130307913,2722415.4605500,55511,1390245.0163700
1755043200000,0.0215400,0.0223300,0.0213600,0.0222400,109988420,2411485.4413800,52410,1237352.1251300
1755129600000,0.0222500,0.0223800,0.0203500,0.0206900,178181127,3775357.3880200,63341,1805850.6907100
1755216000000,0.0206800,0.0210900,0.0201600,0.0207700,107303765,2220858.2379600,49122,1095392.7487900
1755302400000,0.0207600,0.0212900,0.0206600,0.0210200,69821947,1462475.7821200,40225,732581.7027000
1755388800000,0.0210200,0.0214500,0.0208800,0.0209900,60013763,1270381.7316300,35264,674136.8412600
1755475200000,0.0209900,0.0210200,0.0198400,0.0202300,101252443,2055208.1617900,44374,964176.3391200
1755561600000,0.0202200,0.0204800,0.0196200,0.0198100,105989673,2123315.2023900,43420,969240.6151000
1755648000000,0.0198100,0.0209500,0.0197000,0.0208600,98226242,1999052.9868200,49474,987803.9610100
1755734400000,0.0208700,0.0209900,0.0200700,0.0202200,79820615,1634331.5184700,36865,783665.3649100
1755820800000,0.0202100,0.0217500,0.0195900,0.0216800,137333446,2847381.8032200,49924,1467553.0651400
1755907200000,0.0216900,0.0218100,0.0212400,0.0214400,78906955,1697671.2757600,32727,859815.3363800
1755993600000,0.0214400,0.0215200,0.0202000,0.0205200,150766770,3128179.0692300,92628,1487422.3354800
1756080000000,0.0205300,0.0209000,0.0192200,0.0195700,154483963,3085947.8552300,109346,1479396.9011700
1756166400000,0.0195800,0.0204200,0.0193100,0.0202800,97550497,1937128.6126900,40403,989940.1081400
1756252800000,0.0202800,0.0204200,0.0199400,0.0200600,80365140,1621696.3715000,35441,852407.6643100
1756339200000,0.0200600,0.0208100,0.0198400,0.0208100,71442342,1458893.0774200,35688,741141.6883700
1756425600000,0.0208100,0.0208500,0.0194500,0.0198200,112842007,2261211.3430100,41786,1062835.0070800
1756512000000,0.0198200,0.0201600,0.0196000,0.0200900,44685144,892553.7045300,22052,458651.4196100
1756598400000,0.0201000,0.0205900,0.0198100,0.0198200,66355555,1343981.8256200,28725,676864.4023500
1756684800000,0.0198200,0.0201800,0.0190800,0.0194800,86030430,1687901.7529200,38842,850461.8400300
1756771200000,0.0194800,0.0199700,0.0193600,0.0198700,63422059,1251181.1525700,30371,636555.7149600
1756857600000,0.0198800,0.0201400,0.0196100,0.0199400,43330310,860745.2700300,25700,448641.8863500
1756944000000,0.0199300,0.0199800,0.0191400,0.0193500,51425185,1000918.8554000,25630,509706.8570900
1757030400000,0.0193500,0.0199400,0.0193300,0.0197200,52903981,1038429.8828400,31304,528338.1324900
1757116800000,0.0197100,0.0197700,0.0193800,0.0195500,30316855,593160.9949700,33652,274467.1123300
1757203200000,0.0195400,0.0197900,0.0194100,0.0196400,34112398,669450.0135300,23885,340699.9759800
1757289600000,0.0196400,0.0199100,0.0195000,0.0198400,53597503,1057724.3687800,26842,550399.1798200
1757376000000,0.0198400,0.0204500,0.0197100,0.0199500,76398700,1532462.1979000,35482,795113.5565200
1757462400000,0.0199600,0.0203300,0.0198600,0.0201500,64326899,1293436.1064700,30203,683827.8743900
1757548800000,0.0201500,0.0205200,0.0198700,0.0202400,76433934,1539247.1179600,35868,779422.3347600
1757635200000,0.0202400,0.0207200,0.0199000,0.0206900,77486772,1569316.9164600,34105,827358.4016800
1757721600000,0.0207000,0.0210100,0.0205200,0.0209100,71425159,1486313.4816200,32413,729800.7443300
1757808000000,0.0209100,0.0209300,0.0197700,0.0198500,76838330,1552913.5910400,35166,762799.9895000
1757894400000,0.0198400,0.0200200,0.0187400,0.0192000,138108420,2675074.1509700,46558,1267620.6356000
1757980800000,0.0191900,0.0194000,0.0189300,0.0192900,68295338,1309397.0734500,25282,664600.7684000
1758067200000,0.0193000,0.0197700,0.0190200,0.0196600,62316619,1202022.8501200,27702,594385.6546400
1758153600000,0.0196800,0.0199300,0.0194400,0.0198500,67164174,1319580.5325700,27869,669494.1515000
1758240000000,0.0198500,0.0200900,0.0190500,0.0191500,62783740,1222809.0835800,26854,545744.0004900
1758326400000,0.0191500,0.0195400,0.0189800,0.0193800,44250717,854043.5317900,23518,387203.6410300
1758412800000,0.0193800,0.0195700,0.0190700,0.0191400,39681376,765277.8946100,20880,378182.1527800
1758499200000,0.0191300,0.0192100,0.0172700,0.0178700,121978082,2221056.3800100,86994,1026106.9625900
1758585600000,0.0178700,0.0180800,0.0175600,0.0177300,62898148,1121972.5935100,80373,573035.1555600
1758672000000,0.0177300,0.0182800,0.0174500,0.0180600,47942675,861387.7695600,55808,432160.0539200
1758758400000,0.0180600,0.0180700,0.0168800,0.0171900,96430581,1682670.6167400,33749,774650.1792900
1758844800000,0.0172000,0.0178200,0.0170800,0.0177600,54481220,948881.2728600,25351,476804.9210800
1758931200000,0.0177500,0.0178100,0.0174300,0.0174800,30146229,531005.7406200,18078,285907.6078000
1759017600000,0.0174900,0.0179600,0.0171300,0.0179300,39867773,695993.0784300,20561,384050.4053000
1759104000000,0.0179300,0.0180000,0.0173800,0.0177300,52625766,934200.1624900,27719,472982.9824900
1759190400000,0.0177300,0.0177400,0.0168300,0.0171700,77710557,1336001.3554800,30928,682147.2060600
1759276800000,0.0171800,0.0179200,0.0170200,0.0179100,81815123,1433239.6995000,32963,778677.6567300
1759363200000,0.0179000,0.0182000,0.0175700,0.0180500,76167228,1371435.3096600,29157,695998.5392700
1759449600000,0.0180400,0.0183500,0.0177400,0.0180700,52083919,937518.4138800,25269,463217.9289700
1759536000000,0.0180800,0.0180800,0.0174200,0.0175500,43366637,768000.0438600,22499,387271.7779100
1759622400000,0.0175600,0.0181100,0.0174100,0.0175600,56360535,998714.6496400,26180,517505.5877000
1759708800000,0.0175600,0.0182100,0.0174600,0.0179900,56275021,1005332.5178700,29933,450608.8253300
1759795200000,0.0179900,0.0180700,0.0170800,0.0171700,82615872,1450871.8776400,29725,705955.0990500
1759881600000,0.0171600,0.0180200,0.0169500,0.0175800,107827233,1873550.5043200,29430,908638.6458200
1759968000000,0.0175900,0.0178500,0.0169900,0.0174200,107001233,1858423.3026800,34350,913329.6823700
1760054400000,0.0174400,0.0176200,0.0072800,0.0131200,392906922,5481279.1745900,96677,2543873.0773100
1760140800000,0.0131200,0.0136600,0.0126000,0.0130400,209972908,2782066.5488100,79878,1374879.3681100
1760227200000,0.0130400,0.0144100,0.0128100,0.0141900,123608281,1681915.5440800,38778,805193.7599800
1760313600000,0.0142000,0.0150800,0.0139700,0.0149700,163800750,2369577.7389000,40077,1170649.3735300
1760400000000,0.0149900,0.0150600,0.0138000,0.0147500,168570899,2428645.4608100,42111,1175549.7570300
1760486400000,0.0147700,0.0153300,0.0141400,0.0144600,124767823,1834833.6497400,35527,853441.6434200
1760572800000,0.0144600,0.0148100,0.0138200,0.0141600,135516208,1950674.9259200,35712,962580.3255500
1760659200000,0.0141600,0.0143700,0.0130200,0.0136900,170564909,2327222.1915000,38308,1174649.5575200
1760745600000,0.0137000,0.0139800,0.0132500,0.0135800,107788155,1469065.8952500,28723,803940.1487300
1760832000000,0.0135800,0.0139800,0.0133700,0.0135800,95064735,1301526.2240200,29886,670778.5969200
1760918400000,0.0135900,0.0138600,0.0132300,0.0134600,96405664,1308553.4505400,28745,684559.2306400
1761004800000,0.0134500,0.0139100,0.0129400,0.0131100,125655895,1681115.7152000,33538,776212.2257100
1761091200000,0.0131000,0.0134500,0.0126800,0.0130100,125717551,1650779.3518600,33713,692495.8863200
1761177600000,0.0130100,0.0133900,0.0129300,0.0132300,73115378,959861.2748300,21841,444521.4102900
1761264000000,0.0132300,0.0134700,0.0130700,0.0132900,63013870,834616.1169100,21869,449998.7242100
1761350400000,0.0132900,0.0133300,0.0131300,0.0132100,52932336,699989.7174600,15909,373942.9996700
1761436800000,0.0132100,0.0137100,0.0131100,0.0136500,64508966,865642.2464200,19339,451979.2578500
1761523200000,0.0136500,0.0137800,0.0132300,0.0132900,68852283,931546.5833800,19151,477132.5129700
1761609600000,0.0133000,0.0134800,0.0127800,0.0129600,73502252,972836.3623200,20360,471740.5108900
1761696000000,0.0129600,0.0132600,0.0126200,0.0129200,85481533,1110409.0848500,20063,571357.2381700
1761782400000,0.0129100,0.0131200,0.0117700,0.0121500,111497128,1382215.3343600,28247,698855.9401900
1761868800000,0.0121500,0.0123400,0.0119400,0.0120600,96495814,1173234.0083200,23003,657477.0800100
1761955200000,0.0120600,0.0124100,0.0119700,0.0122700,94648681,1150598.4986000,25151,668578.0430500
1762041600000,0.0122700,0.0123800,0.0118500,0.0122300,69544454,842976.0770900,21047,399779.8270100
1762128000000,0.0122300,0.0122400,0.0104700,0.0106400,153340301,1706156.4505800,35218,873086.9143300
1762214400000,0.0106500,0.0108100,0.0095600,0.0101300,187761982,1925455.7135400,40404,970537.0420700
1762300800000,0.0101300,0.0105600,0.0096300,0.0104900,146993357,1496838.8706600,27019,767743.2531000
1762387200000,0.0104900,0.0110500,0.0103100,0.0109900,204841358,2186516.1304600,37120,1117130.9800200
1762473600000,0.0110000,0.0122400,0.0108500,0.0120100,166013609,1901474.7317600,37109,885479.0458200
1762560000000,0.0120200,0.0132100,0.0116700,0.0122700,589086284,7224464.3224800,87244,3496811.0234800
1762646400000,0.0122600,0.0127600,0.0117200,0.0121700,252410982,3088947.1752300,43257,1447030.4354300
1762732800000,0.0121700,0.0123200,0.0117500,0.0119400,129450859,1555697.1335900,27358,716932.9147100
1762819200000,0.0119500,0.0130000,0.0115400,0.0116600,402846905,4960338.8797100,76910,2455942.5303500
1762905600000,0.0116600,0.0127100,0.0116100,0.0118600,253873287,3110633.6789100,46058,1526841.5226600
1762992000000,0.0118500,0.0120000,0.0109600,0.0112300,112021645,1295655.4387800,25338,664332.1767900
1763078400000,0.0112300,0.0112500,0.0106200,0.0108400,93351910,1022760.4445400,23982,514259.1677500
1763164800000,0.0108400,0.0112900,0.0108300,0.0110100,65549450,725309.5686200,16685,374397.0443200
1763251200000,0.0110200,0.0111000,0.0104000,0.0106300,85199224,916456.2950000,21601,439279.0963700
1763337600000,0.0106300,0.0110100,0.0102200,0.0103500,100945193,1067161.5719600,20669,586892.9142800
1763424000000,0.0103500,0.0105400,0.0101100,0.0103600,101577794,1049637.0447700,19731,510171.6455100
1763510400000,0.0103600,0.0103800,0.0097300,0.0101200,93567754,942421.4582000,20156,473798.8615300
1763596800000,0.0101200,0.0105100,0.0097700,0.0099500,129213579,1304998.2580600,21436,660324.0259100
1763683200000,0.0099500,0.0101600,0.0089800,0.0096100,190997401,1839107.7124500,31265,884421.1073600
1763769600000,0.0096200,0.0096800,0.0092900,0.0095300,94515170,895866.3664400,17377,454417.4562000
1763856000000,0.0095300,0.0100600,0.0094700,0.0096600,137749928,1340413.4842500,20260,687313.2409000
1763942400000,0.0096600,0.0099500,0.0094300,0.0098400,89411809,867120.2834300,17197,434516.8943800
1764028800000,0.0098300,0.0099000,0.0093400,0.0096400,128021332,1226203.8012800,23159,708956.4960400
1764115200000,0.0096500,0.0096900,0.0093000,0.0095400,77081911,732416.2169700,18025,342104.5236000
1764201600000,0.0095400,0.0099300,0.0094800,0.0097700,106683534,1036107.1691300,19384,539133.7057300
1764288000000,0.0097800,0.0098900,0.0094500,0.0095900,135920907,1319085.9143500,24033,693219.7404000
1764374400000,0.0095800,0.0098400,0.0094400,0.0094700,158868412,1528380.3134100,27896,810572.7839800
1764460800000,0.0094700,0.0095300,0.0089100,0.0089400,141290838,1310511.0119700,24061,652084.6831100
1764547200000,0.0089300,0.0089900,0.0083300,0.0085700,185409740,1578518.6639600,26454,724831.6871600
1764633600000,0.0085600,0.0091500,0.0084800,0.0090400,167999162,1476642.7772300,20029,697367.6701400
1764720000000,0.0090400,0.0091600,0.0088900,0.0091000,159571996,1446391.9690500,19655,733063.1424600
1764806400000,0.0090900,0.0091400,0.0088300,0.0088900,81058817,731929.4649500,16901,334895.1825300
1764892800000,0.0088900,0.0090100,0.0086000,0.0087300,143042896,1264197.9111500,22241,611939.5636600
1764979200000,0.0087300,0.0091500,0.0087000,0.0090200,64454067,573602.9944800,16455,292413.3336700
1765065600000,0.0090200,0.0090500,0.0085700,0.0087400,96534708,853946.0997500,17110,426767.8355100
1765152000000,0.0087500,0.0090600,0.0087100,0.0089700,116786291,1040682.5863700,15632,530677.3114900
1765238400000,0.0089800,0.0093500,0.0088700,0.0091300,114992915,1042245.6914500,17598,492953.0121700
1765324800000,0.0091400,0.0092900,0.0089500,0.0089500,108569707,988405.4483600,15772,524314.2365800
1765411200000,0.0089600,0.0089600,0.0085700,0.0088800,120611736,1054712.1772500,17968,532242.6139300
1765497600000,0.0088700,0.0088900,0.0084200,0.0086300,63885977,555548.7218900,13162,259090.7337500
1765584000000,0.0086300,0.0087900,0.0085900,0.0087600,50874795,443146.4663500,11380,247485.4448500
1765670400000,0.0087700,0.0087900,0.0082000,0.0082800,74875639,634704.9059300,13801,315706.8907900
1765756800000,0.0082800,0.0084300,0.0077900,0.0079300,90603625,735329.0750500,15511,351129.8730700
1765843200000,0.0079300,0.0079700,0.0077100,0.0078700,71813682,564905.9209100,12708,284317.8721600
1765929600000,0.0078800,0.0080000,0.0074800,0.0075400,85310899,659735.8990900,14166,327904.6292700
1766016000000,0.0075400,0.0076000,0.0069900,0.0071100,142015821,1037068.7769500,18497,481851.3558600
1766102400000,0.0071100,0.0075100,0.0069600,0.0074300,125053954,913241.6176700,14691,499140.3786100
1766188800000,0.0074400,0.0076000,0.0073600,0.0075400,70915939,530685.3396300,11578,283106.4560700
1766275200000,0.0075300,0.0077600,0.0073100,0.0074600,156831913,1181321.5280500,20036,539019.8354400
1766361600000,0.0074500,0.0077280,0.0073900,0.0075450,200033242,1516980.9299740,32580,759661.0542100
1766448000000,0.0075480,0.0076590,0.0073090,0.0075100,136759818,1025309.4854840,19847,499546.3552040
1766534400000,0.0075100,0.0080230,0.0074870,0.0077660,330579299,2569086.4711090,45445,1278914.3284460
1766620800000,0.0077650,0.0077700,0.0075350,0.0075890,95902733,738250.8552860,21590,377672.5306010
1766707200000,0.0075890,0.0077740,0.0074900,0.0076850,115093088,881418.9252270,31420,388448.9271830
1766793600000,0.0076850,0.0077730,0.0074800,0.0077510,75520797,576718.2402560,21012,291309.0244130
1766880000000,0.0077510,0.0078760,0.0075830,0.0077470,73478917,569397.9958770,21612,294835.9266330
1766966400000,0.0077490,0.0078990,0.0075940,0.0076910,102350643,794620.4873050,24780,377703.1472100
1767052800000,0.0076910,0.0077860,0.0075840,0.0077100,98059794,755769.7079170,21902,368347.5086800
1767139200000,0.0077060,0.0077510,0.0074490,0.0076480,105749140,807419.1237620,24459,401577.8649490
1767225600000,0.0076510,0.0080120,0.0075940,0.0079470,110477166,861460.1712090,27739,476814.8060430
1767312000000,0.0079470,0.0081960,0.0078500,0.0081530,129842287,1040322.4843610,28609,492641.4621450
1767398400000,0.0081540,0.0082080,0.0079550,0.0081460,76820712,622265.6325730,20777,338103.2782740
1767484800000,0.0081460,0.0083100,0.0081270,0.0082260,83740247,687095.5926530,21269,359808.2891630
1767571200000,0.0082250,0.0084090,0.0081240,0.0083400,80490709,664873.1746120,22859,339208.3170170
1767657600000,0.0083420,0.0085850,0.0082460,0.0085590,125782955,1059308.0481860,29785,561926.0106090
1767744000000,0.0085590,0.0090630,0.0084060,0.0088410,488318218,4269817.4059660,107553,2149711.8214540
1767830400000,0.0088410,0.0093870,0.0086200,0.0090470,1035771814,9243733.9633140,202133,4569620.4169130
1767916800000,0.0090460,0.0091170,0.0087450,0.0089750,260092385,2329355.7681040,77143,1057619.4079310
1768003200000,0.0089760,0.0092450,0.0087380,0.0088900,183478152,1640458.1417750,61193,750887.8564600
1768089600000,0.0088880,0.0088890,0.0085370,0.0086440,124865785,1084948.8299860,38192,486414.4694920
1768176000000,0.0086430,0.0087030,0.0083170,0.0084040,137562341,1169849.0339970,43889,617899.8278910
1768262400000,0.0084040,0.0088700,0.0083690,0.0087960,93784186,803599.6815930,25774,412182.7072070
1768348800000,0.0087870,0.0090100,0.0087430,0.0088830,101903273,902036.5125780,33442,452703.9675690
1768435200000,0.0088860,0.0088860,0.0085020,0.0085760,82235319,715397.2401950,24832,360832.1976160
1768521600000,0.0085740,0.0087980,0.0084770,0.0087610,90879015,782027.0946870,22950,387557.4292260
1768608000000,0.0087660,0.0094190,0.0086810,0.0091630,205206620,1869832.6331180,41653,890107.5015050
1768694400000,0.0091620,0.0094470,0.0086540,0.0086620,171798303,1564622.6775160,40267,727926.1240450
1768780800000,0.0086550,0.0086620,0.0078800,0.0083510,135755276,1131823.8282820,46975,568993.5887680
1768867200000,0.0083560,0.0084320,0.0079420,0.0079580,142764326,1177519.6529000,32344,567199.7194390
1768953600000,0.0079580,0.0083310,0.0079180,0.0082120,116100407,942691.4390690,27931,479240.0236290
1769040000000,0.0082140,0.0089960,0.0081690,0.0084380,585636080,5016102.1746530,122789,2411509.5061270
1769126400000,0.0084430,0.0093540,0.0083510,0.0088640,492678658,4373498.8745690,103197,2121241.2900480
1769212800000,0.0088640,0.0091120,0.0084410,0.0085810,198084599,1718295.7127120,54973,820259.0431360
1769299200000,0.0085810,0.0086910,0.0079240,0.0080730,132995775,1113564.8717430,46998,540236.7372930
1769385600000,0.0080730,0.0082880,0.0079120,0.0081900,154756228,1257695.2722130,50288,637000.4097200
1769472000000,0.0081890,0.0084170,0.0080240,0.0082360,102834729,844606.6229790,28235,427796.8098730
1769558400000,0.0082360,0.0082430,0.0080100,0.0080920,74204502,603280.8333210,21748,295992.6060050
1769644800000,0.0080980,0.0081270,0.0074040,0.0075950,134894379,1044588.1327980,33186,522405.5124120
1769731200000,0.0075990,0.0076390,0.0072860,0.0075090,139450355,1037855.8459700,33501,530356.1444360
1769817600000,0.0075040,0.0077670,0.0065260,0.0071080,401731512,2957936.6421330,85716,1502656.5955060
1769904000000,0.0071060,0.0077340,0.0070360,0.0071070,341632574,2508293.2739680,66812,1220791.5707600
1769990400000,0.0071150,0.0075270,0.0068560,0.0073130,277973059,2008447.7455420,50364,1011792.0009170
1770076800000,0.0073100,0.0077740,0.0071960,0.0076320,373817380,2819879.0785980,67213,1417894.9119340
1770163200000,0.0076320,0.0077660,0.0071360,0.0072830,196172199,1457924.5960970,68703,701162.6501340
1770249600000,0.0072840,0.0072910,0.0061380,0.0061950,330337041,2210462.5234250,100543,1077126.8420840
1770336000000,0.0061920,0.0068750,0.0057010,0.0067670,208533866,1324508.2317110,35274,655395.6720320
1770422400000,0.0067700,0.0069530,0.0065570,0.0068430,190483712,1289705.0381840,35354,654474.8200340
1770508800000,0.0068460,0.0070280,0.0066730,0.0067410,165418458,1137708.9334410,33464,568382.9812220
1770595200000,0.0067420,0.0071250,0.0065640,0.0070430,248606354,1700811.7445840,38713,775106.2104050
1770681600000,0.0070490,0.0070690,0.0066860,0.0068440,152689105,1042758.8641230,26678,522347.5729430
1770768000000,0.0068440,0.0072080,0.0067380,0.0070930,283441519,1953383.1025320,41590,915550.9947930
1770854400000,0.0070940,0.0072440,0.0070450,0.0072010,116917958,837444.5791690,26595,420648.7343150
1770940800000,0.0072070,0.0075550,0.0071230,0.0074870,104002533,759517.7392140,24288,375819.8280580
1771027200000,0.0074880,0.0078570,0.0074030,0.0077170,93647864,719068.4841240,22999,368314.1394430
1771113600000,0.0077220,0.0078050,0.0071310,0.0071930,180890474,1349536.8513770,30112,773352.2635980
1771200000000,0.0071940,0.0073480,0.0070160,0.0071980,128552285,921369.2217400,24845,517436.8193120
1771286400000,0.0071970,0.0072440,0.0069480,0.0069650,87736698,619899.0875570,22026,304313.6692720
1771372800000,0.0069610,0.0070440,0.0066980,0.0067550,103831021,718887.0919820,23052,386149.6564750
1771459200000,0.0067580,0.0068480,0.0066040,0.0068220,93804207,632943.1360270,20922,314575.9756400
1771545600000,0.0068190,0.0068700,0.0066260,0.0068260,95694563,649109.8127850,20496,305318.8636250
1771632000000,0.0068170,0.0068820,0.0067340,0.0067400,74529887,507634.3055590,16836,282386.3450940
1771718400000,0.0067380,0.0067390,0.0063920,0.0064740,74856415,492552.8494990,16240,213697.7097190
1771804800000,0.0064740,0.0064830,0.0061380,0.0061860,93888282,589251.8760460,19160,295534.9605900
1771891200000,0.0061920,0.0062890,0.0060590,0.0061530,91937112,568297.3078160,17791,278467.7260940
1771977600000,0.0061510,0.0066850,0.0061410,0.0065140,115336484,739316.2930160,28398,373781.4981120
1772064000000,0.0065210,0.0065730,0.0062580,0.0064160,76046125,489093.9975670,19303,251217.4260700
1772150400000,0.0064170,0.0065210,0.0062460,0.0063400,80708540,514589.1645610,18155,254129.0517670
1772236800000,0.0063410,0.0064050,0.0059900,0.0063920,131381989,811069.5246680,27742,396710.0420290
1772323200000,0.0063940,0.0065280,0.0061360,0.0062180,99614309,630654.7970790,21827,317770.6521560
1772409600000,0.0062180,0.0065080,0.0061870,0.0063350,78051742,493439.1535160,19149,253888.5461400
1772496000000,0.0063400,0.0063850,0.0061850,0.0062730,88043358,552837.4580460,21618,268452.9167240
1772582400000,0.0062740,0.0064590,0.0061200,0.0063770,89746724,565441.1708430,21740,295686.4836420
1772668800000,0.0063800,0.0063870,0.0061630,0.0062490,56596437,356459.3834430,16325,168738.5719180
1772755200000,0.0062510,0.0064930,0.0061000,0.0062210,208516868,1317175.8253640,38331,646052.8604190
1772841600000,0.0062220,0.0062320,0.0060400,0.0060990,63106665,388060.0386770,13531,199815.2012040
1772928000000,0.0060970,0.0062100,0.0060050,0.0060480,102961882,628170.6592340,17389,325227.0148700
1773014400000,0.0060480,0.0061950,0.0060050,0.0061650,73420079,448426.7978230,18407,234032.0996590
1773100800000,0.0061650,0.0067000,0.0061640,0.0063660,908363894,5886821.9335110,111768,2899167.1128550
1773187200000,0.0063640,0.0066030,0.0063300,0.0065690,270367662,1752528.8619880,43276,779737.3915910
1773273600000,0.0065710,0.0066700,0.0062880,0.0063540,145088513,930818.8550300,33269,430453.5935170
1773360000000,0.0063540,0.0065220,0.0063210,0.0064190,99554793,638739.9672400,21582,316413.9199470
1773446400000,0.0064190,0.0064440,0.0062750,0.0063700,78774776,501704.1730220,24332,246157.7497970
1773532800000,0.0063710,0.0064920,0.0063500,0.0064770,72673863,466657.9619700,17236,247425.1838630
1773619200000,0.0064770,0.0066670,0.0064470,0.0066420,92360230,602626.4242920,19724,292943.7903700
1773705600000,0.0066440,0.0068480,0.0065240,0.0066490,208657159,1394878.9401900,32742,685267.7655120
1773792000000,0.0066490,0.0069330,0.0063390,0.0064300,212974211,1420276.6975300,34013,677108.5834790
1773878400000,0.0064270,0.0064590,0.0062780,0.0063330,80787606,514219.4704690,17298,246799.2557900
1773964800000,0.0063340,0.0084980,0.0063230,0.0080280,23282811729,182551872.1363130,1775833,91466955.1260240
1774051200000,0.0080290,0.0081140,0.0071750,0.0072250,6759288279,51266629.7771860,683607,25816905.9086400
1774137600000,0.0072260,0.0072300,0.0066260,0.0066830,1885126511,13083371.7399690,229073,6316642.0964650
1774224000000,0.0066820,0.0082210,0.0066800,0.0075150,5267933788,40238468.7243520,680225,20360031.4745090
1774310400000,0.0075160,0.0075170,0.0068100,0.0070330,1214466027,8648516.5655290,138673,4430143.5368430
1774396800000,0.0070310,0.0070800,0.0068030,0.0068750,769956739,5321192.7934000,98388,2715641.1669980
1774483200000,0.0068760,0.0070100,0.0066380,0.0067870,785761430,5333833.2323190,92178,2719508.1413180
1774569600000,0.0067870,0.0068940,0.0063730,0.0064150,565316482,3745926.0809410,76943,1884892.1155130
1774656000000,0.0064140,0.0064230,0.0061650,0.0062360,387622259,2442911.7874660,62315,1172123.0441210
1774742400000,0.0062340,0.0063730,0.0061440,0.0062190,256715200,1603479.4650210,51092,825813.0708380
1774828800000,0.0062200,0.0063450,0.0061870,0.0062830,240379356,1510206.7323070,53425,754901.8345760
1774915200000,0.0062840,0.0064790,0.0062160,0.0063170,425312939,2688559.8165190,77427,1429753.0781020
1775001600000,0.0063160,0.0065150,0.0062860,0.0064510,314741139,2021582.9938720,62411,994187.6382100
1775088000000,0.0064510,0.0065240,0.0062050,0.0064460,264643122,1686280.9110310,59292,827024.4013710
1775174400000,0.0064460,0.0065460,0.0063740,0.0064520,169060485,1093441.4209360,33970,548023.1661080
1775260800000,0.0064510,0.0064960,0.0063210,0.0063900,123941319,790915.3035660,27224,409792.4139940
1775347200000,0.0063870,0.0064480,0.0062560,0.0064260,119142434,756126.5713020,23368,359779.4732830
1775433600000,0.0064270,0.0065330,0.0063770,0.0064100,128905730,833730.2129610,28976,406998.8228870
1775520000000,0.0064100,0.0066060,0.0062980,0.0065850,162191368,1039774.6176700,29947,506589.0882010
1775606400000,0.0065840,0.0066930,0.0065190,0.0065370,182019272,1201572.8849860,33619,612460.4279060
1775692800000,0.0065380,0.0066440,0.0064520,0.0065650,146427887,957106.0104130,28888,479756.3094700
1775779200000,0.0065660,0.0066400,0.0064360,0.0066030,116788845,765221.1906620,26687,354624.1785300
1775865600000,0.0066010,0.0066310,0.0065020,0.0065430,83055081,546304.5250520,19797,264187.8984880
1775952000000,0.0065470,0.0065570,0.0063320,0.0063500,114703755,738752.5064440,21965,337842.4822390
1776038400000,0.0063500,0.0066460,0.0063430,0.0066130,118460016,763408.6488150,25619,365491.8360120
1776124800000,0.0066110,0.0066180,0.0064460,0.0065010,115415014,753940.9742240,24183,385142.3513130
1776211200000,0.0065010,0.0067530,0.0064690,0.0067120,121521650,801371.4275670,23362,403223.1439030
1776297600000,0.0067120,0.0069650,0.0066580,0.0069240,194917960,1327573.3976630,34531,703014.4494280
1776384000000,0.0069220,0.0070240,0.0068330,0.0069530,213340608,1479193.3245100,31777,701948.5708590
1776470400000,0.0069510,0.0070880,0.0066770,0.0067210,228298034,1569403.0936230,34832,746788.3183380
1776556800000,0.0067200,0.0067260,0.0064820,0.0064820,124367213,824113.9533820,27943,396003.2933700
1776643200000,0.0064840,0.0068480,0.0064840,0.0067680,156832390,1049441.6734730,36014,504514.2382070
1776729600000,0.0067700,0.0068070,0.0066180,0.0067570,106972270,720192.3021850,24081,355731.1308480
1776816000000,0.0067580,0.0068940,0.0066970,0.0067550,108493992,737746.9977540,20911,381308.2598980
1776902400000,0.0067560,0.0067800,0.0066410,0.0067610,142140680,954522.3022590,23866,449314.1961310
1776988800000,0.0067630,0.0068720,0.0066910,0.0068020,126202863,856478.0632120,24068,447958.5597080
1777075200000,0.0068010,0.0070100,0.0067660,0.0068520,225948588,1557187.6428390,35805,737281.9117570
1777161600000,0.0068510,0.0069580,0.0067960,0.0068860,160750765,1105752.4698460,29853,525447.7448370
1777248000000,0.0068860,0.0069730,0.0065920,0.0067100,142653554,963195.4770620,23838,471462.5996650
1777334400000,0.0067110,0.0067950,0.0066500,0.0067330,123983168,835749.5922920,22334,416043.5400470
1777420800000,0.0067310,0.0068030,0.0064870,0.0066200,138890893,926773.2472830,24908,451863.6904120
1777507200000,0.0066200,0.0066780,0.0065360,0.0065660,77210441,509223.5554540,17692,260210.2801990
1777593600000,0.0065670,0.0066790,0.0065650,0.0066210,69223838,458629.2803400,16381,229055.3207450
1777680000000,0.0066220,0.0067480,0.0065780,0.0067140,65766792,437957.3310820,14281,227765.1344080
1777766400000,0.0067160,0.0067300,0.0066270,0.0066310,53621254,357535.7501130,13094,185630.4730020
1777852800000,0.0066300,0.0067580,0.0065860,0.0066150,108328849,723697.1740030,23447,360451.0330290
1777939200000,0.0066170,0.0068300,0.0066070,0.0067930,163962204,1106918.1604550,30438,553622.8063080
1778025600000,0.0067880,0.0069660,0.0067760,0.0069380,155035711,1068587.9873210,33732,507982.5989970
1778112000000,0.0069380,0.0069740,0.0067960,0.0069370,186578040,1284399.4876050,31950,639813.6621640
1778198400000,0.0069370,0.0071840,0.0068430,0.0071490,145277771,1014219.2586410,27707,495149.2354610
1778284800000,0.0071510,0.0072610,0.0070630,0.0071010,150987796,1080347.2143100,29251,523276.0541130
1778371200000,0.0070990,0.0073490,0.0069940,0.0072900,184900658,1328433.8421280,35940,650664.0229590
1778457600000,0.0072880,0.0073040,0.0071310,0.0072820,128909558,931428.2332140,29123,465234.0798000
1778544000000,0.0072840,0.0072890,0.0068810,0.0069220,191491486,1349048.9294750,32785,623683.5393550
1778630400000,0.0069220,0.0070720,0.0066340,0.0067210,205155187,1396111.2952440,33151,625099.4998960
1778716800000,0.0067200,0.0068690,0.0065970,0.0067520,136662510,918683.2968410,27086,428010.7453770
1778803200000,0.0067520,0.0068020,0.0064360,0.0065160,154378221,1018241.9420960,28935,464482.2651130
1778889600000,0.0065140,0.0065420,0.0063330,0.0064350,163733253,1053329.0798190,28752,554058.7132930
1778976000000,0.0064360,0.0065260,0.0062430,0.0063620,117059312,752511.5866330,23569,360192.0572710
1779062400000,0.0063610,0.0064080,0.0062570,0.0063920,134244169,851463.2346550,31609,401797.4363350
1779148800000,0.0063930,0.0064150,0.0062170,0.0062300,100699979,637105.3965390,19248,294317.8573230
1779235200000,0.0062320,0.0063240,0.0061680,0.0062430,124557978,777283.6963220,20468,387234.4159170
1779321600000,0.0062420,0.0063790,0.0061750,0.0063540,135790674,852247.7098870,21638,466313.5935840
1779408000000,0.0063560,0.0063600,0.0060620,0.0061030,143948722,900052.8072350,24559,430345.3364760
1779494400000,0.0061040,0.0063770,0.0060100,0.0062780,172654119,1064635.4794730,29719,518382.8726360
1779580800000,0.0062770,0.0063200,0.0060840,0.0061750,94437919,588503.5964610,18356,289186.7373810
1779667200000,0.0061780,0.0063360,0.0061480,0.0062600,77421237,484632.6539930,18128,248700.6464450
1779753600000,0.0062610,0.0063260,0.0060820,0.0061210,125047128,776725.2589130,22987,378304.6626560
1779840000000,0.0061220,0.0061920,0.0059800,0.0060450,123730373,753553.9181470,22021,364606.1105670
1779926400000,0.0060450,0.0060560,0.0057670,0.0059340,138651457,814380.1674160,27417,422127.6478820
1780012800000,0.0059350,0.0060460,0.0058590,0.0059510,90149650,535127.7008350,20025,252782.2625100
1780099200000,0.0059520,0.0060940,0.0059470,0.0060390,86927293,525305.4948520,20037,268762.6570680
1780185600000,0.0060410,0.0061410,0.0059520,0.0061090,112347899,680716.3516160,22083,367926.5811090
1780272000000,0.0061110,0.0061430,0.0059310,0.0060610,118466167,715223.6096530,25261,347905.5986490
1780358400000,0.0060620,0.0060670,0.0055250,0.0056250,223674981,1294021.7697580,34661,621802.0261170
1780444800000,0.0056280,0.0057940,0.0055060,0.0055790,227880393,1292543.5266600,39060,638337.7039160
1780531200000,0.0055750,0.0056110,0.0050690,0.0051640,311784752,1638592.5029580,45489,867496.3810490
1780617600000,0.0051620,0.0051800,0.0046090,0.0047610,305498546,1477675.9456950,43231,743045.4885170
1780704000000,0.0047610,0.0047940,0.0044470,0.0047870,179302807,837299.3038150,30405,410978.3049640
1780790400000,0.0047850,0.0049480,0.0046330,0.0047880,230247652,1101563.7442170,41508,513671.7341770
1780876800000,0.0047910,0.0048640,0.0046530,0.0047730,229307615,1095960.4418920,31783,580533.8169650
1780963200000,0.0047730,0.0051840,0.0044020,0.0045080,921020242,4355905.7182860,99823,2075660.0371290
1781049600000,0.0045100,0.0045490,0.0043320,0.0044160,233116287,1037545.9346100,38221,534262.5222920
1781136000000,0.0044170,0.0046620,0.0044130,0.0046040,179351100,818173.2090680,27758,395834.4217970
1781222400000,0.0046070,0.0047300,0.0045320,0.0045900,153371417,709715.7089430,25570,378130.4928070
1781308800000,0.0045900,0.0046630,0.0045240,0.0046010,112200103,516280.3117060,20093,253708.8038210
1781395200000,0.0046020,0.0047000,0.0044480,0.0046810,158636369,723714.2803760,25623,371333.6991170
1781481600000,0.0046810,0.0047800,0.0046020,0.0046380,143224622,671795.4877740,25124,317866.1960990
1781568000000,0.0046370,0.0046650,0.0044450,0.0045020,175045636,795978.8119770,27340,396644.3272300
1781654400000,0.0045030,0.0045380,0.0043330,0.0044150,253420282,1127887.8068010,40929,574958.2051700
1781740800000,0.0044140,0.0044540,0.0041330,0.0042250,212814111,915569.2433470,25909,445778.8562570
1781827200000,0.0042250,0.0042730,0.0041580,0.0042070,137309080,578147.5390460,18310,304558.6210070
1781913600000,0.0042040,0.0045230,0.0041840,0.0044440,363088261,1570778.8519640,39114,738725.0314520
1782000000000,0.0044380,0.0044760,0.0042400,0.0042480,154995256,676424.4270060,20893,323765.2077660
1782086400000,0.0042480,0.0043590,0.0041230,0.0041460,151857653,646932.7408600,26646,319747.3145170
1782172800000,0.0041460,0.0043340,0.0039590,0.0040500,470548918,1941567.6277010,48584,911189.9992220
1782259200000,0.0040480,0.0040940,0.0037680,0.0039070,244416924,968209.8718910,30386,530567.4057100
1782345600000,0.0039070,0.0039410,0.0036460,0.0037790,185512059,709077.7305130,32796,361143.0102640
1782432000000,0.0037810,0.0042880,0.0036770,0.0041250,947470391,3837050.4109690,84312,1887182.3620100
1782518400000,0.0041270,0.0043430,0.0039790,0.0039980,668464327,2766859.1682420,50845,1308806.8746030
1782604800000,0.0039970,0.0041720,0.0039530,0.0040120,374052360,1524296.8507720,40060,758035.0601640
1782691200000,0.0040110,0.0041640,0.0039630,0.0041180,256552778,1046971.4829160,37657,521864.8363360
1782777600000,0.0041170,0.0042900,0.0040300,0.0042400,394755283,1645331.4825480,41954,774209.1034250
1782864000000,0.0042410,0.0042580,0.0040620,0.0041870,340843804,1425462.7520280,28398,717939.5635080
1782950400000,0.0041900,0.0042420,0.0041220,0.0041870,215777804,900991.3130710,21210,422492.2606050
1783036800000,0.0041880,0.0043330,0.0041650,0.0043170,186934424,793874.7125050,23551,402825.2180330
1783123200000,0.0043160,0.0044070,0.0042760,0.0043260,137250749,596650.3022880,15124,311920.5905240
1783209600000,0.0043270,0.0043490,0.0041810,0.0042880,137298735,585312.6650870,15920,294270.3334180
1783296000000,0.0042860,0.0043090,0.0041020,0.0042500,139090789,586545.8821300,16393,290260.0918290
1783382400000,0.0042500,0.0042550,0.0040340,0.0040760,114129604,472480.1825220,13558,212625.8906790
1783468800000,0.0040760,0.0041010,0.0039050,0.0039820,157539904,626289.6650080,15873,290935.2988010
1783555200000,0.0039830,0.0040610,0.0039430,0.0040160,84730903,339716.9430560,10510,158198.7762490
1783641600000,0.0040130,0.0040770,0.0039620,0.0040080,96604332,388579.0973610,11047,178701.6127380
1783728000000,0.0040100,0.0043410,0.0040100,0.0041530,761456272,3187947.4022860,53426,1644721.9580720
1783814400000,0.0041540,0.0042120,0.0039630,0.0039980,286032833,1169117.1509340,29590,550420.5849440
1783900800000,0.0039980,0.0040460,0.0038290,0.0038850,155409666,611344.5785250,21276,269065.6032540
1783987200000,0.0038860,0.0040300,0.0038660,0.0040090,123593148,488537.3622910,16281,244341.5875740
1784073600000,0.0040090,0.0040690,0.0039660,0.0039920,138827249,555774.1813680,14634,254860.8546550
1784160000000,0.0039920,0.0040080,0.0039050,0.0039240,124987221,496239.2516280,14602,256281.4016380
1784246400000,0.0039240,0.0039870,0.0038750,0.0039740,119347851,468937.7558590,13347,242848.9061280
1784332800000,0.0039750,0.0039900,0.0039210,0.0039510,99660187,393538.9682240,10177,183376.4959340
1784419200000,0.0039520,0.0040610,0.0039370,0.0040000,146718197,586864.6843980,13062,295415.4307620
1784505600000,0.0039990,0.0040180,0.0038850,0.0039520,171416500,674920.5299990,15416,329202.6692940
1784592000000,0.0039480,0.0040430,0.0039260,0.0040340,123287449,494167.9059390,10769,256157.7582420
1784678400000,0.0040340,0.0040370,0.0039210,0.0039820,105391878,418769.6275640,11418,209725.0724890
1784764800000,0.0039790,0.0039960,0.0038930,0.0038960,81682414,321914.4722230,8933,160063.7582890
1784851200000,0.0038950,0.0039460,0.0038490,0.0038680,123942104,482388.4739940,11535,236776.9290200
1784937600000,0.0038680,0.0039440,0.0038510,0.0039230,85267091,331957.7468290,8709,178226.4921000
1785024000000,0.0039240,0.0039980,0.0039190,0.0039880,90018870,355784.7944570,8963,172110.5741430
1785110400000,0.0039900,0.0039990,0.0036760,0.0036970,170389174,656833.9652080,15454,311289.0836980
1785196800000,0.0036970,0.0037680,0.0036060,0.0037320,154573632,569675.0522710,15192,285209.8762450
1785283200000,0.0037330,0.0037580,0.0035280,0.0035970,168613960,610386.8004970,15572,287185.0979280
1785369600000,0.0035970,0.0038480,0.0035730,0.0037320,195750487,729570.0893130,18121,349593.8755050
1785456000000,0.0037310,0.0039990,0.0037240,0.0039320,490270155,1916085.7224760,37632,920454.3379070
1785542400000,0.0039320,0.0039320,0.0037190,0.0037640,171746992,656142.2467740,17570,371408.9034120
1785628800000,0.0037620,0.0038050,0.0037100,0.0037250,104158977,390804.7618250,16082,205379.6908440
1785715200000,0.0037260,0.0045360,0.0037060,0.0040860,9929663885,42314760.2413120,547528,21119439.5624670
1785801600000,0.0040890,0.0041370,0.0037570,0.0037620,2836475482,11160460.1331290,150611,5281684.7875980
1785888000000,0.0037620,0.0038430,0.0036090,0.0038010,1044861200,3860545.2069800,83710,1720271.1216920
1785974400000,0.0037990,0.0038850,0.0037060,0.0038240,570673698,2178995.2197110,58162,1129793.2120300
1786060800000,0.0038240,0.0038420,0.0036580,0.0037670,407123153,1522560.5489440,41311,699136.0953560
1786147200000,0.0037670,0.0038990,0.0037080,0.0038780,250325742,949460.9709160,31628,486440.0670170
1786233600000,0.0038790,0.0039800,0.0038640,0.0039360,290877998,1141543.1478110,38265,534919.8997880
1786320000000,0.0039350,0.0040290,0.0038900,0.0039850,283737984,1124264.5959130,25703,589244.4551360
1786406400000,0.0039840,0.0040070,0.0037890,0.0038160,231582930,904247.4296710,23791,423000.1978730
1786492800000,0.0038140,0.0038460,0.0037190,0.0037370,189171150,718951.9352280,21275,343378.7493900
1786579200000,0.0037350,0.0037740,0.0036700,0.0036970,167340938,622801.2093990,20652,331588.0327640
1786665600000,0.0036990,0.0037370,0.0035780,0.0037310,193292720,707716.9570380,23009,341179.2833960
1786752000000,0.0037310,0.0037310,0.0036250,0.0036680,145913968,535980.9040930,18044,278521.9662820
1786838400000,0.0036680,0.0036830,0.0036010,0.0036160,113341529,413225.8968180,16204,222464.6836650
1786924800000,0.0036140,0.0036620,0.0035580,0.0035690,151719090,547960.6316750,19888,248451.9256410
1787011200000,0.0035690,0.0035720,0.0034770,0.0035110,169336419,595135.0012110,20823,255669.8839020
1787097600000,0.0035120,0.0037970,0.0034750,0.0037540,276889623,1002399.8104390,31614,558412.0316680
1787184000000,0.0037550,0.0039460,0.0037510,0.0039330,241783079,930153.6346870,34695,523863.5219750
1787270400000,0.0039330,0.0042990,0.0039330,0.0042840,278580709,1152699.1851090,31280,554725.5410800
1787356800000,0.0042850,0.0045110,0.0041660,0.0042700,414799353,1804796.9527780,50156,846046.2746920
1787443200000,0.0042680,0.0043610,0.0040960,0.0042960,219853795,931044.3450560,32077,457521.8427230
1787529600000,0.0042950,0.0043260,0.0041400,0.0041840,203826137,858432.1674600,25261,435035.8922390
1787616000000,0.0041820,0.0042680,0.0040070,0.0040620,164234172,681299.3743960,22080,348111.3229880
1787702400000,0.0040630,0.0041660,0.0040240,0.0041610,186767090,762519.2654210,23245,409242.9465960
1787788800000,0.0041630,0.0047250,0.0041090,0.0042950,757618802,3298933.0773300,74338,1585407.6048910
1787875200000,0.0042950,0.0044860,0.0041150,0.0043730,430346121,1844421.7577700,43582,895119.9581490
1787961600000,0.0043750,0.0043970,0.0042340,0.0043080,220469736,951646.3692080,24920,472744.4634870
1788048000000,0.0043080,0.0044600,0.0041750,0.0042210,232372844,1008375.9810060,22499,492598.8955950
1788134400000,0.0042210,0.0044010,0.0042080,0.0043200,171149878,738173.2862080,19785,362422.1131350
1788220800000,0.0043200,0.0043460,0.0041020,0.0041470,203360910,857750.6745720,24852,455215.2519000
1788307200000,0.0041490,0.0044720,0.0041100,0.0043030,634193527,2715609.2197860,49987,1335313.5850330
1788393600000,0.0043040,0.0046480,0.0042440,0.0043980,889492160,3956305.1958590,69307,1931588.4453800
1788480000000,0.0043980,0.0044760,0.0042950,0.0044300,238548736,1045224.5680770,26998,511705.6526900
1788566400000,0.0044300,0.0044950,0.0043810,0.0044810,102386316,453517.3382480,16279,246483.3804310
1788652800000,0.0044840,0.0045930,0.0044760,0.0045780,118872546,539591.8134630,15123,260034.8803720
1788739200000,0.0045790,0.0046070,0.0044580,0.0045270,115073758,521861.0711410,15504,249387.8103450
1788825600000,0.0045240,0.0046620,0.0045040,0.0046350,103644589,474477.4881070,15415,257613.1805210
1788912000000,0.0046380,0.0048270,0.0045850,0.0047430,244802544,1152619.9931830,26949,580278.5575680
1788998400000,0.0047450,0.0047500,0.0044000,0.0044210,188573286,860864.6452120,24806,409816.2566130
1789084800000,0.0044190,0.0045330,0.0043030,0.0045070,224987517,994966.4646240,24275,494750.9396300
1789171200000,0.0045070,0.0047770,0.0044760,0.0047700,172464857,797626.7150960,25461,397775.3286040
1789257600000,0.0047680,0.0060180,0.0047620,0.0050750,2190339535,11530964.3954090,195412,5591007.4170040
1789344000000,0.0050750,0.0060780,0.0049370,0.0054360,2089965975,11362139.7326440,204150,5455250.3138490
1789430400000,0.0054300,0.0057380,0.0050130,0.0051000,897794370,4786623.7980250,96854,2139095.0372920
1789516800000,0.0051000,0.0052370,0.0046960,0.0048510,429294852,2114235.2334130,54903,1035033.0505750
1789603200000,0.0048480,0.0048910,0.0047010,0.0048730,168815016,808969.4390530,26463,417763.1877130
1789689600000,0.0048720,0.0052940,0.0048440,0.0052030,234035855,1190599.5711500,29513,580629.9216120
1789776000000,0.0052120,0.0053630,0.0050910,0.0053590,126361220,661600.7802990,24593,321956.5935560
1789862400000,0.0053590,0.0053960,0.0051310,0.0052750,132035650,693473.0971380,23732,342194.3194650
1789948800000,0.0052730,0.0055940,0.0052220,0.0055550,183513450,1002312.1786950,28743,473387.1101500
1790035200000,0.0055490,0.0056520,0.0053890,0.0056270,150211527,828082.7998350,30207,443745.8695870
1790121600000,0.0056270,0.0057590,0.0053450,0.0053890,146203664,814550.0542800,28694,390118.1222750
1790208000000,0.0053870,0.0056690,0.0053240,0.0056110,154310238,847539.0457600,27678,437975.0443410
1790294400000,0.0056100,0.0066280,0.0056050,0.0061250,1878839644,11477906.9197650,230317,5626483.8974120
1790380800000,0.0061240,0.0071000,0.0061010,0.0065440,3102390391,20863920.7652150,350043,10318536.7777100
1790467200000,0.0065440,0.0065650,0.0062420,0.0063890,499729106,3184557.5565260,77330,1442279.7705150
1790553600000,0.0063870,0.0064700,0.0058970,0.0060300,374496826,2283818.0353080,54552,947827.4067850
1790640000000,0.0060310,0.0061930,0.0058090,0.0061380,224951821,1350952.3902560,35583,661082.3344990
1790726400000,0.0061390,0.0063770,0.0060770,0.0062640,174090156,1083923.2311130,30700,465824.8808770
1790812800000,0.0062650,0.0062900,0.0060560,0.0062000,119789348,739832.0652060,29929,347437.0048320
1790899200000,0.0062000,0.0064930,0.0061480,0.0063910,242611871,1537236.4315510,38199,752945.7094560
