open_time,open,high,low,close,volume,quote_volume,trades,taker_buy_quote
1592438400000,0.02270,0.02270,0.02020,0.02084,565507291,12061323.28093,101112,6007953.00056
1592524800000,0.02087,0.02190,0.01834,0.01871,829409796,16744076.24151,136598,7941169.59946
1592611200000,0.01871,0.01950,0.01755,0.01908,1069767141,19771042.94686,132506,9853063.74318
1592697600000,0.01908,0.02097,0.01868,0.01990,1368315995,27568745.36189,139210,14482924.80686
1592784000000,0.01990,0.02060,0.01936,0.02006,650775513,12998670.74695,90221,6506762.17885
1592870400000,0.02007,0.02028,0.01888,0.01943,497046487,9669929.86077,71210,4481256.98769
1592956800000,0.01943,0.02050,0.01849,0.01953,643872599,12659634.86817,86639,6039613.38072
1593043200000,0.01952,0.01977,0.01873,0.01891,341762955,6555737.62964,53967,3135778.69194
1593129600000,0.01891,0.01904,0.01778,0.01789,468372549,8552490.73556,61161,3920952.58116
1593216000000,0.01790,0.01793,0.01455,0.01580,888579264,14678956.05598,107328,6234781.42542
1593302400000,0.01580,0.01850,0.01570,0.01794,1411453566,24662136.35058,172774,12841017.72112
1593388800000,0.01794,0.01837,0.01690,0.01799,828402531,14547860.09381,126618,7661594.97908
1593475200000,0.01800,0.01805,0.01721,0.01741,427343297,7568437.48763,56415,3586660.24464
1593561600000,0.01741,0.01784,0.01696,0.01741,394297442,6856403.35052,58775,3331977.71892
1593648000000,0.01742,0.01810,0.01652,0.01734,431822495,7529052.88877,55574,3542303.49959
1593734400000,0.01734,0.01750,0.01667,0.01704,311397926,5336205.73781,49406,2551134.65483
1593820800000,0.01704,0.01959,0.01695,0.01920,1052672771,19586464.52335,118117,10182997.37139
1593907200000,0.01918,0.01948,0.01764,0.01874,958186139,17915241.78432,101812,8378381.43684
1593993600000,0.01874,0.01940,0.01853,0.01903,536766934,10197527.22982,64343,5026992.07411
1594080000000,0.01905,0.02090,0.01867,0.02049,987477518,19703080.94962,91636,9690476.12056
1594166400000,0.02049,0.02143,0.02017,0.02095,766842912,15975719.40240,89921,7565390.11971
1594252800000,0.02095,0.02103,0.01923,0.01988,651822550,13085229.05938,77095,6217043.62371
1594339200000,0.01988,0.01998,0.01875,0.01970,416118568,8066762.62408,46653,4012578.92497
1594425600000,0.01970,0.02047,0.01945,0.02003,405053412,8071497.32424,39482,3901648.31057
1594512000000,0.02004,0.02015,0.01919,0.01949,206333466,4077132.62972,26649,1711361.30571
1594598400000,0.01950,0.02098,0.01910,0.02006,565578413,11433373.61531,77642,5264697.30292
1594684800000,0.02003,0.02017,0.01924,0.01988,288750348,5695513.26156,36691,2568317.67313
1594771200000,0.01987,0.02012,0.01906,0.01912,275359012,5387777.01931,31020,2459919.63796
1594857600000,0.01912,0.01914,0.01719,0.01804,680338720,12302954.60205,64623,5467356.55524
1594944000000,0.01803,0.01859,0.01770,0.01812,340985074,6175833.81826,31264,2957760.05416
1595030400000,0.01813,0.01826,0.01773,0.01792,202587754,3649603.77299,18304,1719738.89174
1595116800000,0.01793,0.01826,0.01750,0.01793,333180887,5950272.41022,30072,2769950.89125
1595203200000,0.01794,0.01803,0.01678,0.01726,354784078,6227297.76004,27941,2663174.74324
1595289600000,0.01724,0.01825,0.01723,0.01799,424302237,7599241.99062,38420,3754389.15483
1595376000000,0.01799,0.01888,0.01760,0.01885,395411577,7204108.41162,31628,3706427.74410
1595462400000,0.01886,0.01977,0.01860,0.01967,524835154,10094125.21058,60403,5119804.58334
1595548800000,0.01969,0.01969,0.01826,0.01846,366615190,6893939.47971,42363,3073957.37641
1595635200000,0.01845,0.01877,0.01835,0.01861,317723144,5899237.44799,30004,2817016.56846
1595721600000,0.01861,0.01871,0.01765,0.01804,345587410,6295653.80850,31194,2817404.13581
1595808000000,0.01804,0.01810,0.01625,0.01697,862949085,14862118.81394,79344,6898053.28102
1595894400000,0.01696,0.01806,0.01678,0.01801,471386593,8214219.20603,39183,4122015.51158
1595980800000,0.01803,0.01850,0.01759,0.01768,456441848,8218282.34904,37981,3918448.51818
1596067200000,0.01768,0.01994,0.01750,0.01822,1114787863,21032342.95069,93494,9943458.15612
1596153600000,0.01820,0.01900,0.01785,0.01800,480893156,8877899.04703,38203,4012340.77266
1596240000000,0.01801,0.01879,0.01796,0.01869,655285883,12075205.55124,51745,5854936.58112
1596326400000,0.01869,0.01900,0.01400,0.01786,747856800,12799768.53459,69754,5600538.03390
1596412800000,0.01786,0.01835,0.01737,0.01759,293032565,5259279.51353,26043,2457715.49015
1596499200000,0.01760,0.01853,0.01759,0.01846,349246603,6296241.45774,28541,3043178.65602
1596585600000,0.01846,0.01980,0.01814,0.01964,687599530,13078100.52463,66591,6313909.12574
1596672000000,0.01964,0.02095,0.01933,0.02017,848923568,17200124.62393,77129,8066667.14146
1596758400000,0.02017,0.02278,0.02006,0.02184,1485390502,32042615.51000,139808,15456716.76705
1596844800000,0.02188,0.02696,0.02142,0.02611,1633033715,40275658.58180,174401,20038603.35566
1596931200000,0.02612,0.02615,0.02336,0.02522,774872684,19154345.52808,70380,8702808.26422
1597017600000,0.02522,0.02603,0.02281,0.02499,972624943,24031786.61138,93190,10546704.34322
1597104000000,0.02499,0.02856,0.02409,0.02608,1601399451,41910687.35423,176314,19626214.79424
1597190400000,0.02608,0.02690,0.02356,0.02556,784745025,19978733.56491,84651,9157950.35051
1597276800000,0.02561,0.02740,0.02444,0.02551,884160066,23022835.79875,109436,10267764.36731
1597363200000,0.02550,0.02660,0.02484,0.02506,565209823,14446111.02712,69113,6429054.60648
1597449600000,0.02509,0.02562,0.02365,0.02477,436969812,10879985.69708,62402,4824493.90224
1597536000000,0.02477,0.02750,0.02450,0.02636,762926354,19853050.79749,94572,9280828.95874
1597622400000,0.02637,0.02703,0.02478,0.02522,591876528,15326720.12973,85845,6697375.48375
1597708800000,0.02527,0.02589,0.02239,0.02319,623403967,15098342.85505,87284,6783710.40549
1597795200000,0.02319,0.02398,0.02065,0.02190,893516621,19755701.03887,121155,8974106.42727
1597881600000,0.02192,0.02321,0.02172,0.02280,337107470,7611185.00468,38671,3614082.11322
1597968000000,0.02280,0.02483,0.02098,0.02119,729236692,16670140.14660,89342,7327098.06743
1598054400000,0.02121,0.02210,0.02000,0.02193,539168250,11381776.59139,67595,5343437.38032
1598140800000,0.02192,0.02230,0.02088,0.02145,294538584,6340087.58528,35464,3029125.71991
1598227200000,0.02146,0.02440,0.02109,0.02372,544334694,12559194.84039,84766,6091326.94373
1598313600000,0.02372,0.02418,0.02045,0.02133,575956627,12776736.89623,78231,5648680.13946
1598400000000,0.02133,0.02260,0.02092,0.02244,402252367,8767761.86541,49937,4185649.03904
1598486400000,0.02244,0.02249,0.01926,0.02030,397225116,8251827.09448,61166,3499641.78511
1598572800000,0.02033,0.02123,0.01996,0.02103,265160130,5476925.42507,30602,2587601.42263
1598659200000,0.02103,0.02143,0.02042,0.02096,205965445,4326709.21389,22488,1999089.58958
1598745600000,0.02095,0.02336,0.02085,0.02329,485898119,10669880.26195,72081,5279668.22783
1598832000000,0.02330,0.02447,0.02239,0.02244,818342364,19165947.65719,101269,9076110.33808
1598918400000,0.02244,0.02334,0.02173,0.02194,572811144,12894223.15936,68722,5699662.14136
1599004800000,0.02195,0.02259,0.01850,0.02038,680606799,13971287.23810,106897,6156198.78209
1599091200000,0.02038,0.02055,0.01419,0.01586,1014745273,18238571.54992,110273,7982902.03320
1599177600000,0.01585,0.01727,0.01499,0.01658,729874831,11917044.11377,84559,5692781.48130
1599264000000,0.01658,0.01718,0.01322,0.01494,690721766,10557065.83146,77552,5129736.37787
1599350400000,0.01494,0.01575,0.01389,0.01530,403555427,6046191.51317,41792,2907627.59590
1599436800000,0.01528,0.01576,0.01395,0.01530,326706165,4871493.25588,35708,2268845.45030
1599523200000,0.01532,0.01665,0.01464,0.01556,406211078,6268926.39358,41338,2959309.43297
1599609600000,0.01556,0.01697,0.01524,0.01648,355206804,5811209.85483,47596,2862592.54120
1599696000000,0.01648,0.01787,0.01645,0.01730,274746655,4735583.45786,32866,2306240.81972
1599782400000,0.01731,0.01747,0.01650,0.01727,198738755,3393316.59222,27131,1490109.36667
1599868800000,0.01726,0.01794,0.01687,0.01782,219669108,3818295.34361,29316,1721213.25059
1599955200000,0.01782,0.01785,0.01602,0.01669,224002095,3787107.50449,29398,1702935.25623
1600041600000,0.01669,0.01702,0.01613,0.01677,202677148,3362772.92636,27742,1722024.60503
1600128000000,0.01677,0.01699,0.01558,0.01566,201734107,3267999.40846,27848,1528591.41292
1600214400000,0.01566,0.01694,0.01507,0.01686,318873394,5208074.24243,41553,2489638.77952
1600300800000,0.01686,0.01758,0.01614,0.01664,234269273,3915561.15964,29607,1807268.03447
1600387200000,0.01664,0.01737,0.01642,0.01706,260022765,4401864.07504,33630,2121428.27591
1600473600000,0.01706,0.01723,0.01644,0.01689,143419488,2416033.49400,20495,1186841.86425
1600560000000,0.01689,0.01696,0.01521,0.01572,174821606,2798614.79874,25371,1236972.94327
1600646400000,0.01572,0.01609,0.01266,0.01378,553564384,7849232.85094,64430,3663221.06908
1600732800000,0.01378,0.01435,0.01341,0.01417,336644459,4702737.63832,37586,2368721.07424
1600819200000,0.01415,0.01484,0.01291,0.01389,428121186,5960811.99068,43336,2927906.45421
1600905600000,0.01388,0.01471,0.01357,0.01461,386660685,5457456.54170,37596,2691639.42998
1600992000000,0.01462,0.01637,0.01438,0.01596,455724570,7000139.55423,52029,3417796.19985
1601078400000,0.01595,0.01662,0.01580,0.01634,271833181,4411071.42944,29338,1973049.38309
1601164800000,0.01634,0.01657,0.01507,0.01551,248182789,3869303.84220,27648,1659425.29767
1601251200000,0.01552,0.01622,0.01501,0.01511,227693565,3590399.44944,25780,1637418.96626
1601337600000,0.01511,0.01787,0.01501,0.01750,798665520,13295437.99934,81219,6742570.22625
1601424000000,0.01750,0.01990,0.01687,0.01955,1904367146,35214463.80297,195065,17598748.78507
1601510400000,0.01954,0.02063,0.01806,0.01947,1512021183,29338898.48293,159858,14212928.37002
1601596800000,0.01946,0.01960,0.01628,0.01803,1258667204,22511770.43182,137222,10477871.88840
1601683200000,0.01804,0.01962,0.01741,0.01855,594368720,11098969.69298,66141,5218303.30903
1601769600000,0.01855,0.02142,0.01824,0.02118,942419931,18515175.40169,97469,9093740.31251
1601856000000,0.02118,0.02166,0.01996,0.02065,1108322946,22984382.00418,122230,10884285.02295
1601942400000,0.02066,0.02069,0.01773,0.01817,763792087,14683424.47610,80279,6989341.43894
1602028800000,0.01818,0.01924,0.01742,0.01883,522848628,9537202.39735,47425,4688501.79861
1602115200000,0.01882,0.01951,0.01751,0.01922,483410932,8982366.36663,50203,4340832.60329
1602201600000,0.01922,0.02044,0.01848,0.02014,392179048,7660366.41326,45362,3692709.77908
1602288000000,0.02016,0.02095,0.01930,0.01978,627144308,12582070.16100,56282,5667522.37326
1602374400000,0.01978,0.02081,0.01931,0.02055,455864952,9158973.12539,51795,4565999.39917
1602460800000,0.02056,0.02112,0.02005,0.02026,419306404,8662006.54814,49418,3841436.83687
1602547200000,0.02026,0.02068,0.01963,0.01998,267003581,5361633.34954,23642,2388646.86650
1602633600000,0.01999,0.02008,0.01823,0.01899,311425923,5923729.91619,30165,2690023.76526
1602720000000,0.01898,0.01931,0.01833,0.01861,292936688,5513741.97274,29157,2721319.56704
1602806400000,0.01861,0.01882,0.01720,0.01799,291785853,5228334.99696,29604,2279570.01687
1602892800000,0.01800,0.01839,0.01774,0.01808,125983023,2279975.05580,14720,1110989.37793
1602979200000,0.01809,0.01850,0.01802,0.01841,139539055,2550649.43181,17266,1294045.64555
1603065600000,0.01842,0.01992,0.01773,0.01969,496631235,9483299.44177,52404,5069898.91634
1603152000000,0.01971,0.02060,0.01795,0.01828,568831902,10988909.56494,46692,5219999.82619
1603238400000,0.01827,0.01915,0.01814,0.01860,251178675,4683813.87370,25927,2254755.15553
1603324800000,0.01858,0.01997,0.01851,0.01952,231753548,4475380.57764,27827,2128894.77167
1603411200000,0.01950,0.02001,0.01908,0.01970,180777634,3538869.24819,34748,1681312.33858
1603497600000,0.01973,0.02020,0.01925,0.01945,137698328,2716267.73036,23203,1248106.42720
1603584000000,0.01945,0.01975,0.01885,0.01895,157284129,3039014.60931,23532,1338191.33110
1603670400000,0.01895,0.01926,0.01801,0.01832,162203829,3031808.31320,23001,1356697.39236
1603756800000,0.01832,0.01907,0.01824,0.01860,220976054,4104580.27655,29538,2020648.43578
1603843200000,0.01860,0.01864,0.01737,0.01773,354496173,6370982.31336,41949,3175911.71435
1603929600000,0.01773,0.01805,0.01730,0.01755,266326044,4716199.13066,34325,2346304.59816
1604016000000,0.01754,0.01795,0.01660,0.01748,341589346,5873246.71848,36394,2956588.52637
1604102400000,0.01749,0.01801,0.01731,0.01764,161157579,2841850.09321,37663,1323108.39573
1604188800000,0.01764,0.01810,0.01742,0.01791,115516823,2049743.72979,33035,1039402.80350
1604275200000,0.01791,0.01814,0.01709,0.01718,195864875,3450071.63237,36033,1679368.08695
1604361600000,0.01719,0.01741,0.01655,0.01739,184471593,3140537.90425,33462,1606222.08344
1604448000000,0.01739,0.01763,0.01670,0.01749,215033691,3692741.30137,35320,1883404.34570
1604534400000,0.01748,0.01888,0.01747,0.01882,270985676,4946048.58118,41526,2535134.94656
1604620800000,0.01883,0.02049,0.01857,0.02047,594527889,11566944.59645,65427,5387977.69231
1604707200000,0.02048,0.02098,0.01759,0.01845,895716855,17338378.74295,82793,8078913.02434
1604793600000,0.01844,0.01962,0.01822,0.01921,291595687,5557724.25838,37080,2736579.01411
1604880000000,0.01922,0.01946,0.01852,0.01932,254154979,4830393.20894,35660,2356226.80783
1604966400000,0.01933,0.02045,0.01904,0.02015,306426881,6122713.33678,40975,2922293.81195
1605052800000,0.02014,0.02089,0.02003,0.02015,255158680,5200370.78277,37053,2581405.04862
1605139200000,0.02014,0.02049,0.01902,0.01919,257543201,5078940.20343,39787,2356642.22763
1605225600000,0.01919,0.02046,0.01918,0.02025,222242252,4441549.50182,45446,2275414.92488
1605312000000,0.02026,0.02039,0.01945,0.02015,187807268,3742719.15924,50249,1850579.53831
1605398400000,0.02016,0.02149,0.01914,0.01987,614688054,12595251.77696,77730,5862274.32649
1605484800000,0.01985,0.02240,0.01960,0.02194,631539209,13390934.25905,84518,6834662.91077
1605571200000,0.02194,0.02316,0.02131,0.02291,553922362,12321697.24893,72555,6051012.35933
1605657600000,0.02291,0.02319,0.02059,0.02176,781051896,16815329.37913,93829,8179213.91068
1605744000000,0.02176,0.02203,0.02077,0.02115,462518724,9924796.62500,64287,4795014.51144
1605830400000,0.02115,0.02267,0.02096,0.02251,407006578,8893419.12616,57669,4334514.20194
1605916800000,0.02250,0.02400,0.02218,0.02374,908364798,20998522.41692,109420,9749623.30611
1606003200000,0.02374,0.02430,0.02120,0.02265,761429506,17339190.39429,91388,8065655.67778
1606089600000,0.02266,0.02460,0.02221,0.02457,517672466,12051924.58482,54017,5657611.30496
1606176000000,0.02457,0.02592,0.02303,0.02546,1066111248,26213512.94785,119289,12309809.08119
1606262400000,0.02546,0.03675,0.02499,0.02886,3406138321,107089405.05468,476666,50418533.03464
1606348800000,0.02886,0.03244,0.02247,0.02578,2640399678,69711807.06092,355131,33313022.35497
1606435200000,0.02578,0.02674,0.02293,0.02455,620358752,15241392.66194,82751,7269323.27653
1606521600000,0.02457,0.02841,0.02406,0.02676,763114143,20306600.46410,96165,9700974.88042
1606608000000,0.02675,0.03069,0.02633,0.02927,918233421,26498931.92043,113936,12694015.62183
1606694400000,0.02928,0.03090,0.02770,0.02933,795107583,23317030.89547,102717,10823754.65672
1606780800000,0.02935,0.03141,0.02645,0.02791,873247488,25277031.92948,130324,11893002.22829
1606867200000,0.02788,0.03333,0.02745,0.03114,876795813,27071800.19484,116598,12933692.23901
1606953600000,0.03113,0.03396,0.03061,0.03353,616105351,20146599.86866,87186,9685709.50739
1607040000000,0.03353,0.03479,0.02880,0.02947,793192915,24974081.28986,104932,11862773.08552
1607126400000,0.02947,0.03454,0.02900,0.03402,612828027,20074372.74132,94583,9989382.51641
1607212800000,0.03401,0.03572,0.03337,0.03536,902515558,31288082.98505,127453,15697253.04402
1607299200000,0.03537,0.03656,0.03351,0.03557,784653822,27592878.54938,109628,13581535.04769
1607385600000,0.03556,0.03561,0.03078,0.03140,775327118,25586063.20375,119221,11793515.47631
1607472000000,0.03140,0.03246,0.02853,0.03104,586956579,18160700.11357,94027,8714487.34404
1607558400000,0.03102,0.03356,0.02948,0.03259,636837219,20170816.80997,108317,10422494.33759
1607644800000,0.03259,0.03280,0.02931,0.02946,742454579,23008570.27075,117459,11195627.96240
1607731200000,0.02947,0.03310,0.02934,0.03263,363356559,11560130.61339,62678,5869084.77059
1607817600000,0.03261,0.03396,0.03223,0.03273,354561087,11737138.97486,64249,5586007.47416
1607904000000,0.03272,0.03318,0.03155,0.03296,228715120,7404163.40601,49379,3652719.93507
1607990400000,0.03296,0.03562,0.03228,0.03499,518263742,17670282.29534,84151,8632849.34426
1608076800000,0.03501,0.03985,0.03410,0.03924,1393845423,52803219.37878,224243,26391822.97090
1608163200000,0.03924,0.04046,0.03661,0.03785,987574151,38002054.57423,166024,17837905.85838
1608249600000,0.03786,0.04485,0.03675,0.04373,1266810157,52821025.10771,201394,25883002.51021
1608336000000,0.04373,0.05400,0.04362,0.05012,2557104386,126348047.52556,475467,62841683.31105
1608422400000,0.05012,0.05388,0.04451,0.04626,1409595578,67584838.61280,244063,32687648.52371
1608508800000,0.04624,0.05418,0.04549,0.04935,1758666275,87914626.94556,347948,42475429.68563
1608595200000,0.04937,0.05312,0.04474,0.05130,945617791,46908821.51221,213627,22769126.94132
1608681600000,0.05130,0.06502,0.05092,0.05705,2690279964,158595830.53349,602610,79390029.75959
1608768000000,0.05705,0.06189,0.05021,0.05915,1432103151,80019556.26888,309638,39253257.54436
1608854400000,0.05914,0.06599,0.05760,0.06314,986563359,61479449.83972,269235,30151609.73002
1608940800000,0.06314,0.09330,0.06259,0.08651,2577644917,202212370.39285,705878,104254958.37185
1609027200000,0.08651,0.09902,0.07340,0.07641,3281502376,287274488.06077,990950,144004479.13117
1609113600000,0.07641,0.09300,0.07529,0.08910,1463974553,124950917.29876,466848,62180364.05744
1609200000000,0.08910,0.09066,0.07735,0.08423,799047894,66330764.42380,301734,32435585.24720
1609286400000,0.08421,0.08460,0.07015,0.07704,983683176,75650309.28476,380385,36516042.72597
1609372800000,0.07702,0.08555,0.07192,0.08251,853112019,66794343.12545,346450,32196283.58933
1609459200000,0.08253,0.08870,0.07725,0.07883,706101501,58870176.10856,278837,27909822.77255
1609545600000,0.07881,0.08100,0.07041,0.07226,539285032,41501180.91391,208406,19056757.87838
1609632000000,0.07227,0.07681,0.06479,0.06800,1135776166,79800990.40299,304084,37374773.52252
1609718400000,0.06809,0.07817,0.06632,0.07005,922130419,65928467.26223,289923,30210347.92827
1609804800000,0.07008,0.07506,0.06540,0.07043,758827062,53618753.30179,215172,24561929.91383
1609891200000,0.07038,0.08545,0.06975,0.07804,977390134,77356640.36670,280725,35675498.98339
1609977600000,0.07811,0.08512,0.07038,0.07601,908157582,72724929.52636,288686,32926841.01278
1610064000000,0.07603,0.07746,0.06794,0.07339,556115678,40843169.79110,204494,18749559.85849
1610150400000,0.07338,0.08043,0.07113,0.07613,509865813,38545777.42004,167896,17479398.64871
1610236800000,0.07614,0.08392,0.06713,0.07301,786970023,60241168.56623,252526,26978227.31097
1610323200000,0.07296,0.07338,0.05150,0.06487,1140765166,68946101.81637,370043,33096294.78603
1610409600000,0.06488,0.07093,0.05809,0.06201,598918976,38254272.00411,204406,17902435.64507
1610496000000,0.06201,0.07230,0.05877,0.07055,456733218,29978772.56826,161852,13990173.86346
1610582400000,0.07055,0.07260,0.06616,0.06921,563521347,39135305.89000,171161,17638238.89512
1610668800000,0.06921,0.07040,0.06001,0.06625,484241808,32214281.91707,162903,14797271.26754
1610755200000,0.06625,0.07626,0.06601,0.07350,677326530,48702942.50209,198242,22301616.07087
1610841600000,0.07349,0.07962,0.06976,0.07357,641615397,47482683.77117,213757,22020127.61235
1610928000000,0.07359,0.08150,0.07066,0.07899,729892318,56360808.21136,231928,25836329.13427
1611014400000,0.07899,0.07958,0.07206,0.07362,444625084,34137690.64278,145063,15238145.72283
1611100800000,0.07362,0.07563,0.06819,0.07420,456250222,32944910.14518,162079,15344194.05526
1611187200000,0.07420,0.07495,0.06054,0.06222,393789953,26695859.56611,163555,12059869.79446
1611273600000,0.06217,0.06974,0.05680,0.06757,386843203,24838514.99451,137484,11773036.81311
1611360000000,0.06757,0.07057,0.06542,0.06801,283413550,19257737.78182,112894,8948519.88992
1611446400000,0.06798,0.07288,0.06724,0.06920,306127712,21399358.27967,110405,9774991.85970
1611532800000,0.06924,0.07223,0.06568,0.06674,271918232,18857434.09712,93922,8318362.44601
1611619200000,0.06676,0.06861,0.06361,0.06793,285504787,18910990.77460,101696,8766607.08315
1611705600000,0.06792,0.06837,0.06004,0.06206,308664430,19868603.59530,110794,9088819.89518
1611792000000,0.06208,0.06790,0.06138,0.06551,250975862,16530358.62747,93535,7668252.65669
1611878400000,0.06554,0.07162,0.06328,0.06740,499207405,33762030.63542,156477,15797807.86706
1611964800000,0.06739,0.07900,0.06469,0.07340,695206113,50149590.58200,210149,23776756.19431
1612051200000,0.07346,0.08154,0.06622,0.06923,700152921,51205790.50982,237305,23418963.67019
1612137600000,0.06920,0.07759,0.06701,0.07524,516157983,37158242.41896,166113,17346797.99798
1612224000000,0.07519,0.08191,0.07206,0.07779,555805631,43220729.74931,192192,19912746.00060
1612310400000,0.07782,0.08375,0.07562,0.07979,503474135,40191512.24099,183235,18351466.56349
1612396800000,0.07975,0.08091,0.07176,0.07642,409256879,31398001.03880,152198,13883804.16003
1612483200000,0.07644,0.08611,0.07560,0.08279,622504783,50911109.38285,207605,22530314.52492
1612569600000,0.08278,0.08340,0.07536,0.07902,376216046,29843268.08226,140723,13378992.77647
1612656000000,0.07903,0.08164,0.07295,0.07612,339351779,26203602.80655,130345,11658972.50243
1612742400000,0.07612,0.08282,0.07500,0.08011,377294728,30053529.49625,141900,13470234.81804
1612828800000,0.08008,0.10996,0.08004,0.10515,1058122159,99499420.66010,358839,46554460.94135
1612915200000,0.10520,0.11563,0.09066,0.10434,947811814,97680294.91963,359483,45136106.19591
1613001600000,0.10427,0.12095,0.10339,0.11582,619497835,69257018.79052,266183,32364961.23976
1613088000000,0.11589,0.12100,0.10710,0.11826,391549585,44638006.91441,187112,20353252.19196
1613174400000,0.11836,0.16125,0.11759,0.14832,1278922115,182180035.64443,604224,86098696.36575
1613260800000,0.14842,0.16011,0.12646,0.13368,730369705,104001687.63692,338134,48069866.66028
1613347200000,0.13377,0.14702,0.10862,0.13201,854628179,110587042.95619,355452,51346495.02021
1613433600000,0.13211,0.14058,0.12263,0.13177,471743764,61635710.35488,203929,29213747.28578
1613520000000,0.13163,0.14014,0.12115,0.13741,390041900,50719813.74995,175971,24128720.18236
1613606400000,0.13755,0.14599,0.13312,0.13941,384385735,53308238.44889,171682,24885925.27478
1613692800000,0.13948,0.14980,0.12750,0.14952,450977022,61242109.73575,201623,28498262.30454
1613779200000,0.14958,0.15705,0.12428,0.13518,638334516,92541718.83654,324195,43049363.46158
1613865600000,0.13528,0.14306,0.13094,0.13725,350422187,48147389.02838,195228,22879766.13973
1613952000000,0.13735,0.13996,0.09950,0.12327,609374822,75100151.36077,278897,34470672.84071
1614038400000,0.12318,0.12441,0.07977,0.10531,813538368,82538733.68547,389659,40049681.88088
1614124800000,0.10537,0.12317,0.09842,0.11194,544226035,61406211.97738,264480,29984343.80604
1614211200000,0.11199,0.12510,0.10796,0.10894,331123039,39170308.42591,177543,18881531.16431
1614297600000,0.10898,0.11585,0.10170,0.10932,321561929,35327608.09147,154620,17233107.31746
1614384000000,0.10931,0.12088,0.10903,0.11563,244734697,28300749.83292,144350,13275807.53264
1614470400000,0.11565,0.11651,0.09845,0.10756,282245462,29937907.35586,147769,14332529.46497
1614556800000,0.10754,0.11868,0.10638,0.11604,225261033,25466586.19100,129496,12175233.94655
1614643200000,0.11603,0.12000,0.10946,0.11414,249877016,28765298.76498,134328,13510199.92125
1614729600000,0.11415,0.13093,0.11262,0.12632,331293589,40902086.03901,194570,19523177.51545
1614816000000,0.12630,0.12889,0.11556,0.11849,356167935,43568089.99763,209048,19901992.50407
1614902400000,0.11850,0.11865,0.10972,0.11593,204166511,23298017.27983,148041,10677437.36920
1614988800000,0.11598,0.11856,0.11124,0.11602,144218156,16583477.10173,110079,7764641.87146
1615075200000,0.11606,0.11962,0.11442,0.11824,151289902,17728605.48733,110411,7938067.08011
1615161600000,0.11830,0.12788,0.11474,0.12563,302474020,36665465.31482,176863,17728987.41015
1615248000000,0.12561,0.13600,0.12253,0.13493,385080620,49859746.67850,220254,23560840.79201
1615334400000,0.13493,0.13574,0.12244,0.12763,365479184,46989309.76929,206889,21234599.36042
1615420800000,0.12762,0.18057,0.12761,0.17688,1637946504,251173360.57289,776448,121624524.45178
1615507200000,0.17687,0.19795,0.15584,0.16357,1141621352,200082194.88703,619350,95678186.83926
1615593600000,0.16357,0.18442,0.15362,0.18309,606697823,103276843.10995,369929,49478072.28328
1615680000000,0.18327,0.18829,0.16211,0.16435,444553524,76330180.65267,279890,34891444.67709
1615766400000,0.16434,0.17426,0.14594,0.16114,522813434,83135225.78987,322425,38687478.11478
1615852800000,0.16110,0.16652,0.14998,0.15534,399202306,62771411.13300,262507,30092075.67042
1615939200000,0.15535,0.20000,0.15130,0.19728,1386013311,251371786.88410,786012,121505507.67177
1616025600000,0.19713,0.20400,0.17538,0.17940,715697288,132380887.68796,416569,61769436.49896
1616112000000,0.17936,0.19430,0.17335,0.18410,398628757,73463682.95733,251757,33573881.38155
1616198400000,0.18409,0.19055,0.17064,0.17110,325233828,59376584.14556,201361,26649269.75721
1616284800000,0.17119,0.17665,0.16545,0.17489,263579452,45308471.67333,190531,21258920.24323
1616371200000,0.17491,0.18333,0.16023,0.16168,354448569,61414500.25732,238474,27797302.23034
1616457600000,0.16170,0.16967,0.15431,0.16651,329594285,53881648.14647,235295,25303760.02153
1616544000000,0.16655,0.18320,0.15000,0.15688,548123795,92860163.04285,323134,43587230.73557
1616630400000,0.15682,0.16228,0.14627,0.15401,403652097,62350868.57360,272705,29205716.68770
1616716800000,0.15401,0.16889,0.15400,0.16719,315285683,51555394.46365,203960,24392723.22490
1616803200000,0.16719,0.17272,0.16008,0.16706,246037808,40970131.12748,191697,19215569.99421
1616889600000,0.16711,0.17644,0.16340,0.17178,326111373,55421249.03752,216726,26210558.88542
1616976000000,0.17178,0.18059,0.17026,0.17829,245449015,43430442.97583,195498,20403867.35999
1617062400000,0.17828,0.18966,0.17400,0.18368,309656015,56222822.77417,210936,26790758.77939
1617148800000,0.18377,0.18777,0.16677,0.17683,321982420,57092272.13264,223661,26786240.02475
1617235200000,0.17689,0.18227,0.17100,0.17768,228212397,40476868.08171,174884,19261555.28135
1617321600000,0.17770,0.21600,0.17631,0.20321,636651473,126114317.84050,403337,60479905.36094
1617408000000,0.20312,0.20901,0.18020,0.18169,443611007,85898275.32707,304964,38766262.28570
1617494400000,0.18175,0.22610,0.17846,0.22227,669780834,137693918.43813,426991,66788198.72771
1617580800000,0.22241,0.22882,0.20721,0.21250,530154330,114340622.89724,380619,53677425.87208
1617667200000,0.21251,0.22320,0.19371,0.20562,470221165,97995383.60516,313063,44513856.53666
1617753600000,0.20564,0.20638,0.18168,0.19142,461523703,89246803.98347,309575,42411265.71406
1617840000000,0.19138,0.20950,0.18959,0.20650,300736985,60949832.69587,227441,28963410.76773
1617926400000,0.20644,0.22039,0.20013,0.21962,291542731,60921290.05041,220452,28898328.74371
1618012800000,0.21964,0.22021,0.20240,0.20851,257495644,54323772.01085,198702,24856992.67348
1618099200000,0.20852,0.21016,0.20166,0.20510,202955088,41619132.76675,158558,19639051.68804
1618185600000,0.20517,0.20611,0.19350,0.19688,248798625,49554767.00503,172776,22898773.23288
1618272000000,0.19688,0.20704,0.19170,0.20361,330126902,66061590.59981,213204,31065759.84314
1618358400000,0.20350,0.20452,0.18804,0.20048,361833393,71767103.21815,242402,32255108.07709
1618444800000,0.20051,0.22029,0.19700,0.21622,411282699,86040210.01960,265264,40688957.59054
1618531200000,0.21629,0.24354,0.19520,0.23711,585877172,125804387.80559,374350,59026814.80569
1618617600000,0.23730,0.25548,0.21542,0.22067,637159295,149467036.13011,407980,70354264.02398
1618704000000,0.22069,0.22505,0.16959,0.20189,669016520,130170276.10268,397862,60268104.02219
1618790400000,0.20193,0.20914,0.17760,0.18115,381642125,73934052.26873,247960,34678938.64577
1618876800000,0.18111,0.19596,0.16339,0.19252,514336819,91994791.02050,291718,44489383.44767
1618963200000,0.19253,0.19499,0.17458,0.17604,311058796,58017459.74595,211921,27578223.65363
1619049600000,0.17596,0.19190,0.15706,0.16184,519794764,91517767.40554,294024,43590455.31231
1619136000000,0.16177,0.16640,0.11492,0.15916,954476343,136214173.53294,432022,65813268.11877
1619222400000,0.15920,0.15980,0.14232,0.14336,248077711,37313812.25493,164536,17963564.92834
1619308800000,0.14340,0.15624,0.13270,0.14131,245074754,35588030.60375,160674,17533490.95951
1619395200000,0.14129,0.16752,0.13957,0.16441,280070302,44335837.59504,190013,21931210.21374
1619481600000,0.16443,0.21644,0.16052,0.21286,1140332518,228050843.52546,555871,112511221.17244
1619568000000,0.21290,0.22408,0.18296,0.19862,837525951,165247789.85744,412538,79814829.85103
1619654400000,0.19865,0.20267,0.18262,0.19226,370701227,71572989.31375,218470,33369591.84732
1619740800000,0.19221,0.21035,0.18826,0.20542,305319866,61416429.30639,189811,28944650.76873
1619827200000,0.20543,0.21740,0.20074,0.21045,342005755,71700155.96518,217209,33455879.22305
1619913600000,0.21050,0.21118,0.19823,0.20457,215015326,43865575.29456,154379,19925027.37084
1620000000000,0.20457,0.22526,0.20379,0.21217,436091893,93321664.55292,248971,42458544.31286
1620086400000,0.21222,0.21239,0.19054,0.19335,462856053,93401438.28907,254448,42814740.21261
1620172800000,0.19324,0.21792,0.19130,0.21204,330833122,68800236.87886,222758,32304606.49058
1620259200000,0.21203,0.25762,0.20757,0.23375,1063593025,253692669.23060,643884,122616951.47781
1620345600000,0.23379,0.24617,0.21910,0.22578,537099334,124253277.65515,343211,57576195.19819
1620432000000,0.22584,0.24140,0.22303,0.23473,444300067,103155345.19638,283958,48706350.57840
1620518400000,0.23467,0.24211,0.21659,0.23555,465705629,106450244.10141,288511,49696558.62363
1620604800000,0.23547,0.25049,0.19287,0.20737,659062909,151361617.44998,388379,70497545.98952
1620691200000,0.20745,0.22282,0.20189,0.21972,400292628,86283549.24348,225487,41742045.13233
1620777600000,0.21971,0.22315,0.17600,0.18046,395798823,82020449.89749,249056,37454092.04466
1620864000000,0.18055,0.19802,0.16825,0.18560,530836770,98604015.19806,289772,47955681.64382
1620950400000,0.18557,0.20693,0.18471,0.20065,261584451,51213557.10845,200572,24548657.45398
1621036800000,0.20063,0.20425,0.18320,0.18527,255522989,49309751.08556,205853,23365455.97495
1621123200000,0.18516,0.20333,0.17218,0.18303,304563224,57783697.63903,239308,27912082.15517
1621209600000,0.18291,0.18292,0.16168,0.16927,584292329,101504333.91737,244866,49808036.71075
1621296000000,0.16928,0.18468,0.16667,0.17515,314872173,55668097.76517,193866,27247690.49312
1621382400000,0.17531,0.17773,0.07217,0.11064,939264357,124343777.90067,465880,58709384.49061
1621468800000,0.11053,0.14631,0.09893,0.14322,710016746,91086837.98197,328011,45353093.75263
1621555200000,0.14318,0.14576,0.09729,0.11401,509334077,63229439.32164,258557,30867541.78755
1621641600000,0.11399,0.11730,0.09802,0.10460,429118814,46392930.36126,193042,23148097.30312
1621728000000,0.10458,0.11013,0.06903,0.08674,783331197,67645772.75324,281566,33043896.09203
1621814400000,0.08686,0.10955,0.08413,0.10916,511692003,50564985.12765,196072,25206552.75902
1621900800000,0.10916,0.11361,0.09759,0.10735,380248565,40050257.95423,163074,19663808.76061
1621987200000,0.10736,0.13402,0.10512,0.13341,453455389,55837119.50907,195012,27416073.12244
1622073600000,0.13340,0.13515,0.11869,0.12145,336431762,42284606.99623,169509,20265403.31617
1622160000000,0.12147,0.12286,0.10042,0.11077,426345343,46718633.44562,187520,22344667.33419
1622246400000,0.11077,0.11537,0.09368,0.09936,320273764,33048409.89780,154345,16328265.89615
1622332800000,0.09937,0.11043,0.09342,0.10524,266649071,27751755.22368,138559,13899952.60321
1622419200000,0.10524,0.11579,0.10024,0.11562,259769851,28290544.46972,132841,13824346.26282
1622505600000,0.11563,0.12070,0.10936,0.11801,264206633,30512279.36485,151128,14439517.49618
1622592000000,0.11801,0.12962,0.11734,0.12314,377236527,47338667.28345,184061,23273798.42003
1622678400000,0.12317,0.15446,0.12100,0.13952,1224598744,176545640.86770,462254,87387520.60575
1622764800000,0.13950,0.13961,0.11908,0.12619,538722129,68449330.02035,249122,32302370.34106
1622851200000,0.12627,0.13671,0.11492,0.12018,387118555,48819507.96200,194791,23126987.83594
1622937600000,0.12017,0.13130,0.11925,0.12348,382475008,48174270.23475,179389,23126391.00113
1623024000000,0.12350,0.12899,0.10799,0.11082,414403385,50154980.05397,189111,23494620.27485
1623110400000,0.11081,0.11299,0.09846,0.10795,586347062,62452945.79980,230750,30930518.19275
1623196800000,0.10795,0.11580,0.10326,0.11504,366672277,40594285.69525,192841,20068120.40772
1623283200000,0.11507,0.11681,0.10498,0.10842,248493118,27451739.85785,140298,13305890.17149
1623369600000,0.10842,0.11624,0.10061,0.10220,464303869,50911432.26654,235741,25086947.11764
1623456000000,0.10218,0.10284,0.09200,0.09865,373136647,36612455.32814,174894,18079657.39635
1623542400000,0.09867,0.10926,0.09538,0.10756,274632491,27599502.60840,136308,13414553.29774
1623628800000,0.10756,0.11152,0.10431,0.11043,295295241,31908075.36336,141757,15407445.91956
1623715200000,0.11044,0.11444,0.10563,0.10724,269421717,29792534.26612,133614,13952280.18089
1623801600000,0.10724,0.11432,0.10280,0.10400,323357679,34903684.97748,154956,16718116.11595
1623888000000,0.10401,0.10958,0.10158,0.10346,282848121,29767341.73178,122437,14330364.83812
1623974400000,0.10345,0.10355,0.09233,0.09622,317971558,31327406.50798,133629,14849117.93323
1624060800000,0.09623,0.09880,0.09270,0.09290,175008452,16817071.12548,100451,8138725.60174
1624147200000,0.09289,0.09711,0.08581,0.09560,238628399,21855792.06307,122786,10479775.99912
1624233600000,0.09559,0.09618,0.07183,0.07213,568080744,46500714.92802,230003,22753293.81758
1624320000000,0.07211,0.07887,0.05967,0.06857,811436639,56220683.61621,272166,28337838.55902
1624406400000,0.06859,0.07917,0.06543,0.07361,502035622,37179321.10105,170554,18423792.52391
1624492800000,0.07361,0.07989,0.07027,0.07888,423325108,31785014.25042,192189,15659222.05736
1624579200000,0.07888,0.08161,0.06868,0.06929,506837611,37420857.65945,184277,18260140.20998
1624665600000,0.06929,0.07156,0.06567,0.06995,403647338,27659234.30421,145809,13727511.46817
1624752000000,0.06995,0.07224,0.06689,0.07210,305408856,21205523.80534,109646,10538205.15976
1624838400000,0.07209,0.08451,0.07097,0.07994,582389304,45356232.46755,209348,23192148.60732
1624924800000,0.07993,0.08854,0.07928,0.08615,553127535,47046589.49070,191412,23253836.14598
1625011200000,0.08615,0.08983,0.07973,0.08786,418573523,35128654.05662,168392,17703259.47334
1625097600000,0.08785,0.08796,0.07950,0.08197,291757568,24101473.00577,126807,11535504.21883
1625184000000,0.08191,0.08321,0.07710,0.08134,281979406,22439786.13646,118752,10967002.33853
1625270400000,0.08138,0.08270,0.07874,0.08224,214215199,17397809.39849,93347,7397229.30003
1625356800000,0.08223,0.08444,0.07885,0.08281,317514043,26184664.18443,117898,12177172.85368
1625443200000,0.08277,0.08277,0.07674,0.07953,295379551,23563008.23161,113217,11060927.99062
1625529600000,0.07954,0.08263,0.07819,0.08063,320431045,25724450.01866,112124,12162137.08693
1625616000000,0.08063,0.08515,0.07896,0.08126,366947166,30234317.58282,130909,14534919.04385
1625702400000,0.08125,0.08135,0.07351,0.07485,393745556,30151801.35057,137399,14020759.54499
1625788800000,0.07485,0.07551,0.07056,0.07489,296335219,21599747.71233,106760,10341219.66900
1625875200000,0.07489,0.07583,0.07114,0.07283,199938848,14600969.33974,86120,7221516.64344
1625961600000,0.07284,0.07454,0.07139,0.07381,144957604,10602729.77981,66278,5180839.19399
1626048000000,0.07382,0.07493,0.07001,0.07170,185064398,13447796.15022,83649,6536293.59019
1626134400000,0.07169,0.07209,0.06761,0.06906,226313056,15890612.22251,91196,7482307.24056
1626220800000,0.06906,0.07116,0.06431,0.07108,282157883,19039758.01798,94207,9513061.40605
1626307200000,0.07107,0.07140,0.06482,0.06733,269886287,18281813.36183,92803,8441995.79686
1626393600000,0.06734,0.06827,0.06139,0.06165,235878439,15167384.35829,98181,6989001.27864
1626480000000,0.06166,0.06331,0.06023,0.06208,193349953,11940712.53402,72781,5903681.75996
1626566400000,0.06213,0.06493,0.06132,0.06318,194083914,12256649.02767,67780,5956117.97667
1626652800000,0.06315,0.06362,0.05775,0.05799,209899267,12594044.78777,71139,5813003.23217
1626739200000,0.05802,0.05913,0.05062,0.05333,364329337,19532723.84128,105262,9651710.25935
1626825600000,0.05333,0.06019,0.05179,0.05855,357133977,20270406.91763,101438,10202796.63483
1626912000000,0.05857,0.06285,0.05765,0.06201,386101559,23263450.46621,124923,11597239.19490
1626998400000,0.06200,0.06357,0.05924,0.06290,295275127,18130599.01745,87107,8790058.28772
1627084800000,0.06291,0.06632,0.06249,0.06450,263338717,16981995.35183,103768,8082822.69327
1627171200000,0.06450,0.07523,0.06210,0.07416,1142062430,80324513.69589,281831,38823361.19068
1627257600000,0.07416,0.08484,0.07316,0.07421,1357622919,108051329.07046,395667,52474012.42229
1627344000000,0.07423,0.07827,0.06951,0.07640,781764417,57271020.86524,205445,28823742.41227
1627430400000,0.07637,0.07687,0.07252,0.07413,399290036,29791173.29574,137050,13959357.83723
1627516800000,0.07414,0.07871,0.07282,0.07591,462104167,35207765.31227,137154,16624321.97204
1627603200000,0.07591,0.08072,0.07308,0.08043,557091934,42983416.05278,164186,20998025.97028
1627689600000,0.08041,0.08504,0.07779,0.08362,508969066,41591742.32641,170033,19690447.24007
1627776000000,0.08359,0.08848,0.07853,0.07957,510382414,43183948.90522,178437,20412653.20912
1627862400000,0.07960,0.08483,0.07775,0.08156,342678545,27821571.32583,136760,13996480.47126
1627948800000,0.08154,0.08196,0.07671,0.07884,299219371,23528103.38532,121891,10986440.46687
1628035200000,0.07884,0.08176,0.07686,0.08132,228442542,18163726.40660,93626,8683396.57429
1628121600000,0.08132,0.08745,0.07803,0.08616,616537003,51024781.40661,212768,23689052.14629
1628208000000,0.08617,0.09146,0.08347,0.09125,691152293,60550909.97952,221155,28533702.70878
1628294400000,0.09127,0.09608,0.08900,0.09316,619625495,57622469.69278,211956,27124825.41486
1628380800000,0.09316,0.09492,0.08550,0.08712,411811574,37112332.27739,165734,16683999.92046
1628467200000,0.08709,0.09329,0.08372,0.09173,445575047,40164454.55205,177293,19024989.57232
1628553600000,0.09173,0.10000,0.09058,0.09779,542042364,51848738.91711,193868,24227776.85010
1628640000000,0.09775,0.10693,0.09699,0.10462,524674374,53870628.47730,201336,25914690.73076
1628726400000,0.10460,0.10669,0.09484,0.09930,454764714,45609766.11988,175530,21766899.24269
1628812800000,0.09932,0.10702,0.09758,0.10609,398624633,41144289.42098,168090,19051267.35006
1628899200000,0.10608,0.11650,0.10431,0.11175,733139042,81213607.97619,241203,37751061.06445
1628985600000,0.11177,0.11338,0.10526,0.11188,409193072,44711635.29578,149563,20710933.00978
1629072000000,0.11186,0.11611,0.10592,0.10681,460651957,51563737.62681,174423,23385906.62912
1629158400000,0.10686,0.11317,0.09840,0.09956,582677114,61926423.79307,231752,28341497.64001
1629244800000,0.09957,0.10198,0.09319,0.09758,499638295,49056578.24840,185785,23002647.23698
1629331200000,0.09751,0.10466,0.09565,0.10452,467200371,46711897.54483,173007,22027565.44754
1629417600000,0.10453,0.10977,0.10300,0.10820,348467463,37016041.90939,139755,16692946.11142
1629504000000,0.10820,0.11304,0.10554,0.10706,453208221,49560670.88430,190431,21771556.01252
1629590400000,0.10706,0.11157,0.10519,0.10975,386252403,41856540.65915,178247,19370080.95282
1629676800000,0.10976,0.12235,0.10836,0.11533,738492333,85308740.56945,266899,38957611.16689
1629763200000,0.11530,0.12427,0.10450,0.10727,761592183,87390740.55177,261438,39677153.43402
1629849600000,0.10725,0.11410,0.10343,0.11296,491839468,53766821.30303,192647,25162247.23968
1629936000000,0.11297,0.11868,0.10421,0.10560,662630357,73638753.33900,248477,34526487.62066
1630022400000,0.10556,0.11331,0.10203,0.11274,607063774,66007046.11227,232055,32152256.32252
1630108800000,0.11278,0.11415,0.10946,0.11349,340810838,38245563.93020,138644,18250710.31236
1630195200000,0.11360,0.11497,0.10775,0.11006,385314879,42563873.74357,169258,19691458.45907
1630281600000,0.11007,0.11322,0.10511,0.10727,406209869,44326638.03862,160974,20385102.69263
1630368000000,0.10729,0.11284,0.10429,0.10825,401468689,43770999.70813,159111,20877764.90337
1630454400000,0.10823,0.11606,0.10586,0.11539,457662425,51118551.88218,171441,24185982.67237
1630540800000,0.11539,0.11628,0.11163,0.11409,337169345,38537698.09627,152926,17025168.38938
1630627200000,0.11408,0.12329,0.11182,0.11952,681181611,81434182.74196,270148,37362454.99460
1630713600000,0.11951,0.12624,0.11825,0.12245,562547656,68927203.90796,227370,31796928.16404
1630800000000,0.12244,0.13672,0.12068,0.13290,680161318,87899185.71365,293883,39543111.17801
1630886400000,0.13289,0.13508,0.12223,0.13096,528281420,68933769.40404,248768,30810657.91816
1630972800000,0.13094,0.13124,0.08439,0.10187,1147096663,127723587.15774,467522,56637731.52460
1631059200000,0.10182,0.10606,0.09157,0.10320,596588858,59719161.14701,219590,28851984.15227
1631145600000,0.10321,0.11097,0.10133,0.10825,447598319,48036954.11834,175963,22713032.60738
1631232000000,0.10824,0.12100,0.10309,0.10647,942442209,106102175.85629,378696,49602373.81644
1631318400000,0.10648,0.11197,0.10413,0.10699,341514110,36956036.54104,159776,17567006.65134
1631404800000,0.10700,0.11291,0.10430,0.11200,345536846,37688415.06148,148122,17333576.94248
1631491200000,0.11198,0.11394,0.09638,0.10248,425714687,43791242.12060,190744,20605133.13180
1631577600000,0.10250,0.10723,0.10070,0.10674,300979479,31287933.04938,133413,14649378.18572
1631664000000,0.10673,0.11261,0.10455,0.11131,333053820,36258332.40895,150398,16705262.79006
1631750400000,0.11135,0.11634,0.10710,0.11196,621593630,70052153.86134,236415,32144830.48303
1631836800000,0.11196,0.11690,0.10576,0.10772,514281133,57538591.40282,239094,26894434.08857
1631923200000,0.10775,0.11144,0.10583,0.10847,181288551,19792640.84050,95012,9017941.71926
1632009600000,0.10847,0.10872,0.10100,0.10257,167129925,17579517.25177,115051,7740856.82243
1632096000000,0.10257,0.10277,0.08407,0.08710,533493797,48885576.67840,193225,22347437.05357
1632182400000,0.08709,0.09110,0.07832,0.08082,514013593,44151389.29246,199437,20920983.66713
1632268800000,0.08081,0.09223,0.07885,0.09192,405755550,34814369.92269,175615,17259097.96631
1632355200000,0.09188,0.09342,0.08836,0.09306,356693541,32657108.59058,173784,15476215.65010
1632441600000,0.09306,0.09346,0.07927,0.08490,479971733,40925250.44364,195599,19762724.20556
1632528000000,0.08488,0.08629,0.08153,0.08377,385829119,32460315.93060,176068,15590296.56999
1632614400000,0.08376,0.08456,0.07683,0.08346,311207572,25422600.10070,141379,12169889.90164
1632700800000,0.08344,0.08570,0.07912,0.07924,284623275,23551216.81858,159437,11160599.93425
1632787200000,0.07924,0.08040,0.07476,0.07514,361546335,28002391.00277,173778,12859384.21845
1632873600000,0.07514,0.08517,0.07456,0.08244,1055862922,85899135.57250,285972,40240740.04953
1632960000000,0.08241,0.08935,0.08220,0.08579,1133741897,97591295.45265,284756,47893667.15464
1633046400000,0.08579,0.09589,0.08408,0.09467,713901836,65136836.19902,226705,30758099.31442
1633132800000,0.09470,0.10200,0.09306,0.09641,576622035,56815849.02211,205279,25965022.76924
1633219200000,0.09643,0.10322,0.09415,0.09973,446922780,44584554.05627,183647,20269874.92703
1633305600000,0.09974,0.10187,0.09456,0.09714,466007621,45633301.37971,199182,21188711.00838
1633392000000,0.09712,0.10774,0.09633,0.10318,734017300,75265615.74425,269656,36043925.34046
1633478400000,0.10328,0.10363,0.09361,0.09878,582707233,57477607.98651,232620,26481525.58413
1633564800000,0.09881,0.10016,0.09500,0.09847,394328171,38439958.93975,166573,18120867.39520
1633651200000,0.09847,0.10294,0.09766,0.10005,450285267,45433729.29393,188367,21112247.34265
1633737600000,0.10007,0.10800,0.09910,0.10313,486332175,50517790.75347,195204,23178258.05027
1633824000000,0.10311,0.10322,0.09508,0.09557,311301545,31119874.75383,126286,13564967.01600
1633910400000,0.09557,0.09929,0.09155,0.09442,308630729,29514573.78501,140168,13394901.77247
1633996800000,0.09443,0.09450,0.08647,0.09159,398879191,35880860.21431,130290,16626200.47380
1634083200000,0.09158,0.09443,0.08945,0.09424,380908995,35026710.11237,146033,16774662.13824
1634169600000,0.09422,0.09931,0.09368,0.09884,373735691,36269376.14124,182302,16901510.91227
1634256000000,0.09885,0.09999,0.09234,0.09646,668035395,64517754.77499,257397,30338855.44918
1634342400000,0.09646,0.10065,0.09513,0.09766,484101172,47647658.78675,175644,21745120.02691
1634428800000,0.09766,0.09820,0.09050,0.09396,295137092,28086620.90640,122528,12263975.23854
1634515200000,0.09398,0.09465,0.09087,0.09326,250457832,23376815.76450,104224,11033367.44943
1634601600000,0.09324,0.09410,0.09068,0.09166,232537627,21489428.73479,106262,9612674.23469
1634688000000,0.09165,0.09672,0.09081,0.09596,302099395,28452616.67620,104517,13173081.36839
1634774400000,0.09597,0.10098,0.09319,0.09463,660692359,64286888.31313,201789,28424942.31221
1634860800000,0.09463,0.10420,0.09397,0.10197,851542894,85447296.67006,234850,40085072.38421
1634947200000,0.10197,0.10594,0.10018,0.10345,697993282,72086540.24017,197108,33625836.09469
1635033600000,0.10346,0.10682,0.09954,0.10203,525990053,54349418.19232,178202,24838769.42565
1635120000000,0.10202,0.11418,0.10154,0.11090,753996134,82466024.95948,268782,38314603.82412
1635206400000,0.11091,0.11257,0.10565,0.10705,488451860,53768078.31868,165995,24581679.29265
1635292800000,0.10707,0.11068,0.08988,0.09351,739175366,72837003.86407,234296,33065344.47930
1635379200000,0.09354,0.10121,0.09343,0.09830,436174648,42588298.79547,166616,20007777.11391
1635465600000,0.09828,0.10257,0.09769,0.10135,326596190,32943872.26771,131591,15095739.47276
1635552000000,0.10137,0.10397,0.09761,0.10178,361695842,36376270.85391,133518,17227799.77724
1635638400000,0.10180,0.12520,0.10150,0.11249,1887971250,216088000.21467,633147,100646591.25784
1635724800000,0.11253,0.11303,0.10400,0.11266,577546093,63350877.03474,203650,29697896.70996
1635811200000,0.11264,0.11684,0.11001,0.11472,441447022,50342163.65504,176438,23118044.77031
1635897600000,0.11480,0.11498,0.10607,0.10979,411662945,45283233.28568,173667,20293617.51437
1635984000000,0.10979,0.11258,0.10535,0.10912,427969028,46731411.38156,155383,21066978.55794
1636070400000,0.10911,0.11287,0.10702,0.10858,400227361,44024797.78072,165325,19752499.64626
1636156800000,0.10856,0.11111,0.10373,0.10751,301193276,32280098.90701,132679,14904679.28422
1636243200000,0.10750,0.11089,0.10720,0.10933,285356723,31189865.03862,122672,14662060.46119
1636329600000,0.10931,0.11256,0.10749,0.11170,376067351,41198791.42868,136999,18950857.84452
1636416000000,0.11170,0.11533,0.10984,0.11296,528019168,59327843.88003,201328,26887315.68099
1636502400000,0.11292,0.11317,0.09461,0.10215,665070389,70901933.96918,219213,31661487.54728
1636588800000,0.10215,0.10567,0.10065,0.10276,364174413,37663217.14193,140137,18265467.05204
1636675200000,0.10278,0.10407,0.09711,0.10007,332658976,33445437.09109,149728,15508736.13943
1636761600000,0.10007,0.10254,0.09979,0.10150,214933283,21783745.50242,103992,9932463.88011
1636848000000,0.10149,0.10759,0.09895,0.10166,434470261,44451164.77726,172858,20388001.59763
1636934400000,0.10166,0.10561,0.10006,0.10172,347536936,35856125.35144,160238,16258744.23982
1637020800000,0.10172,0.10173,0.08500,0.09290,742021672,69638169.88267,256784,31397110.10850
1637107200000,0.09292,0.09677,0.09000,0.09575,481643252,45146914.06521,191979,21704063.81870
1637193600000,0.09575,0.09700,0.08463,0.08715,481991978,43636158.96654,183631,20964545.41938
1637280000000,0.08715,0.09259,0.08512,0.09140,333509987,29884485.30938,155005,14171822.62989
1637366400000,0.09141,0.09329,0.08883,0.09311,226216016,20743854.24731,103399,9630195.82478
1637452800000,0.09312,0.09498,0.09205,0.09285,269313600,25139020.96964,124438,11823230.38007
1637539200000,0.09287,0.09316,0.08770,0.08896,379894401,34194457.50275,163143,16253052.95181
1637625600000,0.08895,0.09082,0.08671,0.09010,283564904,25367359.60463,122335,12100247.77465
1637712000000,0.09010,0.09163,0.08492,0.08714,307968718,27017981.24435,122874,12604032.72276
1637798400000,0.08711,0.09104,0.08694,0.08959,288162335,25706563.04820,119637,12152835.77412
1637884800000,0.08958,0.09053,0.07902,0.08160,552981860,46129421.78928,210558,21630974.20932
1637971200000,0.08159,0.08526,0.08118,0.08360,221201244,18521643.77098,107338,8495241.93124
1638057600000,0.08360,0.08400,0.07700,0.08385,318340776,25733456.86023,129786,12087514.17179
1638144000000,0.08386,0.09572,0.08385,0.09138,1622646878,148061494.69195,488618,72422127.82528
1638230400000,0.09138,0.09222,0.08640,0.08763,561070557,49874566.98063,203534,23254951.01850
1638316800000,0.08763,0.09004,0.08576,0.08711,410781932,36203109.04669,151108,16482463.85913
1638403200000,0.08712,0.08747,0.08372,0.08620,300911990,25877050.51456,116418,12257275.04541
1638489600000,0.08620,0.08920,0.07800,0.08181,632324377,53744618.95446,225144,25082185.13438
1638576000000,0.08181,0.08196,0.05187,0.07009,1387555288,93897182.63408,427792,43364281.50116
1638662400000,0.07007,0.07104,0.06348,0.06646,547005516,36703006.48417,158393,18276433.36787
1638748800000,0.06646,0.06951,0.05992,0.06877,649397702,41824213.13903,184164,20835882.63934
1638835200000,0.06877,0.07328,0.06777,0.06937,562494781,39667199.15564,170768,19247548.33805
1638921600000,0.06936,0.07535,0.06841,0.07452,791084349,56989186.15917,236666,27759714.36606
1639008000000,0.07454,0.07495,0.06619,0.06627,472319157,33016452.21637,154398,16221080.72762
1639094400000,0.06626,0.06828,0.06212,0.06240,604810287,39819010.07035,174326,19410205.96473
1639180800000,0.06240,0.06576,0.06131,0.06527,356499487,22794089.54661,111961,11133515.53725
1639267200000,0.06527,0.06615,0.06303,0.06530,211332800,13687818.39989,75285,6623036.43264
1639353600000,0.06532,0.06580,0.05729,0.05807,461082598,28014200.39858,126217,13488327.40629
1639440000000,0.05807,0.06115,0.05695,0.06057,410609044,24183719.03039,112198,11969055.09600
1639526400000,0.06056,0.06277,0.05786,0.06203,439082088,26530824.14368,130236,12896532.50628
1639612800000,0.06205,0.06402,0.06006,0.06026,304608485,19075290.14967,97183,9296573.61936
1639699200000,0.06026,0.06156,0.05747,0.05934,402105904,24063385.23240,133731,11338494.22195
1639785600000,0.05934,0.06550,0.05847,0.06291,797549730,50200676.87281,209616,24448841.67331
1639872000000,0.06292,0.06330,0.06037,0.06083,294689791,18236192.34936,89605,9070485.23553
1639958400000,0.06082,0.06160,0.05716,0.05945,588747936,34884298.33195,152850,16740884.36395
1640044800000,0.05946,0.06416,0.05845,0.06306,400510349,24468697.84025,104413,11782234.43218
1640131200000,0.06308,0.06878,0.06302,0.06760,646396409,42593659.41601,182333,20810341.17595
1640217600000,0.06759,0.07404,0.06591,0.07305,632581144,44244262.10038,198630,21257243.49203
1640304000000,0.07306,0.07598,0.07066,0.07186,515860627,38108832.70343,170108,17804715.59650
1640390400000,0.07187,0.07416,0.07114,0.07298,211671970,15439394.89776,93391,7323467.02539
1640476800000,0.07300,0.07670,0.07071,0.07666,329438634,24346460.75920,114931,11713425.08712
1640563200000,0.07667,0.08519,0.07605,0.07921,1731080396,143041966.28839,441090,70438207.03697
1640649600000,0.07920,0.08322,0.07354,0.07516,1142542941,89502762.23474,345237,43818853.10107
1640736000000,0.07518,0.08216,0.07485,0.08010,1720286225,136456590.89613,477180,66865913.93833
1640822400000,0.08007,0.08334,0.07523,0.07830,1281388913,101626306.39657,347844,48744268.81315
1640908800000,0.07830,0.08028,0.07319,0.07462,795883460,61652929.65886,217020,27000550.94924
1640995200000,0.07463,0.07676,0.07457,0.07662,417323620,31589169.51311,143382,14198691.64810
1641081600000,0.07660,0.07792,0.07450,0.07707,440518999,33626114.07189,165803,16595856.27453
1641168000000,0.07705,0.07776,0.07317,0.07439,489390933,36903383.00188,160659,18269960.12794
1641254400000,0.07437,0.07448,0.07086,0.07110,524552849,38207044.79507,152251,18034154.37190
1641340800000,0.07108,0.07335,0.06201,0.06663,644632780,44768119.58854,186984,20429302.57775
1641427200000,0.06666,0.06721,0.06229,0.06555,510329729,33029994.85268,138684,15856148.00754
1641513600000,0.06555,0.06658,0.06003,0.06331,663586998,42329324.86904,194815,20439599.63706
1641600000000,0.06331,0.06518,0.05914,0.06067,405430524,25309719.94863,118836,11925307.95582
1641686400000,0.06070,0.06326,0.06009,0.06199,262059354,16150358.41989,91110,8018767.61286
1641772800000,0.06200,0.06299,0.05600,0.05891,479966358,28493451.72497,140138,14091446.20601
1641859200000,0.05893,0.06138,0.05826,0.06078,333974305,19994478.07861,94871,9647639.93311
1641945600000,0.06079,0.06660,0.06050,0.06532,443057115,28220164.59153,128183,13512188.51035
1642032000000,0.06531,0.06898,0.06338,0.06366,659688499,43670897.11969,184077,21005358.65844
1642118400000,0.06364,0.06551,0.06195,0.06410,411282897,26380483.03887,110177,12755010.66042
1642204800000,0.06409,0.06665,0.06344,0.06535,269691513,17532448.76548,81808,8371240.55278
1642291200000,0.06537,0.06660,0.06353,0.06473,308348858,20084726.37200,102754,9436956.58111
1642377600000,0.06473,0.06493,0.06071,0.06186,383749407,23992066.89922,112614,11277572.36063
1642464000000,0.06186,0.06253,0.05971,0.06109,347890597,21221975.26464,100516,10071767.02809
1642550400000,0.06108,0.06127,0.05780,0.05909,418181639,24905778.40368,111103,12068189.47668
1642636800000,0.05909,0.06250,0.05656,0.05690,679498494,40659974.57323,156732,19512899.52882
1642723200000,0.05688,0.05790,0.04689,0.04840,811801265,42922703.67611,181192,20457524.52400
1642809600000,0.04836,0.04972,0.03939,0.04278,1059084950,46720950.82898,198707,23552471.64645
1642896000000,0.04278,0.04508,0.04211,0.04429,505390152,22043022.79065,104746,10919979.03702
1642982400000,0.04428,0.04428,0.03747,0.04219,797136870,31873187.18296,158454,15660881.79733
1643068800000,0.04221,0.04654,0.04111,0.04493,1096703656,48800734.29143,191556,24052958.33697
1643155200000,0.04493,0.04843,0.04352,0.04480,900795190,41394983.78143,172427,20580258.15768
1643241600000,0.04481,0.04541,0.04209,0.04406,629828507,27564758.86924,124788,13468996.84847
1643328000000,0.04403,0.04556,0.04281,0.04525,401873999,17748106.74401,93733,8917874.10540
1643414400000,0.04526,0.04634,0.04470,0.04569,269514870,12271215.29437,70636,5945062.63287
1643500800000,0.04568,0.04667,0.04363,0.04444,241558683,10915959.99090,61101,5323392.31124
1643587200000,0.04441,0.04506,0.04229,0.04482,331170081,14485980.32247,73259,6978271.35448
1643673600000,0.04486,0.04660,0.04466,0.04549,433454446,19805719.86943,85340,9644983.34095
1643760000000,0.04548,0.04708,0.04363,0.04401,401914197,18316824.43189,89409,8521841.81270
1643846400000,0.04402,0.04520,0.04258,0.04518,403292394,17666343.17301,80993,8687803.71466
1643932800000,0.04515,0.05019,0.04477,0.04986,1455343409,70791303.70544,253521,35218047.81176
1644019200000,0.04988,0.05312,0.04906,0.05132,650579986,33239482.92045,137569,16314964.72967
1644105600000,0.05132,0.05357,0.05032,0.05324,443607539,23037609.64201,115210,11109907.59568
1644192000000,0.05324,0.05871,0.05187,0.05743,983848216,55381418.02482,229551,27199074.98345
1644278400000,0.05743,0.05896,0.05349,0.05544,761777608,42583618.06653,184416,20862645.70527
1644364800000,0.05546,0.05773,0.05384,0.05705,444034358,24738861.09550,115271,11844831.02139
1644451200000,0.05705,0.05753,0.05302,0.05331,606324984,33583362.38167,135134,16248312.01427
1644537600000,0.05331,0.05447,0.04824,0.04909,542680074,28284452.25155,116723,13752515.55705
1644624000000,0.04908,0.04982,0.04660,0.04899,349000564,16919593.86405,81201,8150143.12574
1644710400000,0.04897,0.04943,0.04662,0.04764,244374701,11818040.63898,62656,5624247.79030
1644796800000,0.04765,0.04855,0.04603,0.04812,292240034,13828035.99477,73693,6768660.88652
1644883200000,0.04814,0.05153,0.04807,0.05147,295881846,14825632.85765,78635,7567436.85865
1644969600000,0.05147,0.05175,0.04917,0.05109,487102282,24716980.23438,117061,11699577.50108
1645056000000,0.05108,0.05184,0.04575,0.04652,407803408,19900401.72184,98909,9428464.51198
1645142400000,0.04652,0.04786,0.04516,0.04606,387207681,17977930.85993,78105,8611486.98930
1645228800000,0.04606,0.04710,0.04453,0.04605,259660632,11923599.84843,55994,5905180.77146
1645315200000,0.04606,0.04609,0.04263,0.04336,315412837,13821652.65268,66977,6537233.37155
1645401600000,0.04334,0.04541,0.03929,0.03950,608428719,26058483.64146,109121,12862908.58233
1645488000000,0.03950,0.04085,0.03808,0.04076,536216186,21247307.35813,95029,10582547.20554
1645574400000,0.04075,0.04221,0.03863,0.03883,489577919,19884370.61134,84543,9613223.15989
1645660800000,0.03883,0.03917,0.03311,0.03817,1067922259,38141874.50110,153001,18889423.89804
1645747200000,0.03818,0.04137,0.03765,0.04087,450880001,17689023.62133,86700,8716755.96540
1645833600000,0.04090,0.04242,0.04041,0.04096,337454780,13909455.90635,75912,7025353.54429
1645920000000,0.04096,0.04179,0.03809,0.03902,387367258,15486490.00981,84075,7461021.02514
1646006400000,0.03899,0.04322,0.03820,0.04317,431659302,17406681.83935,88613,8701440.57510
1646092800000,0.04317,0.04575,0.04293,0.04408,641017659,28405556.16624,132073,13808042.96316
1646179200000,0.04409,0.04440,0.04190,0.04301,489796385,21138016.27142,97222,9930665.92981
1646265600000,0.04300,0.04386,0.04087,0.04195,495135831,20946621.11408,102252,9716514.74127
1646352000000,0.04193,0.04211,0.03800,0.03865,430201932,17301750.72727,96781,8497218.96154
1646438400000,0.03865,0.04016,0.03753,0.03983,253996985,9932851.27846,68196,4853523.23762
1646524800000,0.03983,0.04042,0.03771,0.03791,373130482,14431942.21536,90769,6845007.58026
1646611200000,0.03792,0.03994,0.03648,0.03788,594219986,22635144.17811,121038,11139388.96361
1646697600000,0.03787,0.03960,0.03758,0.03919,466372026,18075007.92793,106385,9104903.87601
1646784000000,0.03919,0.04211,0.03905,0.04137,583573786,24028963.96802,121443,11925227.22101
1646870400000,0.04137,0.04406,0.03910,0.04222,2042080518,85129892.93096,313991,42384553.35789
1646956800000,0.04221,0.04225,0.03981,0.04052,926187488,37844774.02712,151462,17108704.76163
1647043200000,0.04052,0.04200,0.04034,0.04050,570329984,23467217.91461,106029,12376927.80485
1647129600000,0.04052,0.04142,0.03834,0.03850,397668550,15937897.48481,73499,7039796.38917
1647216000000,0.03850,0.03988,0.03797,0.03942,411399414,15995039.25625,73551,8024151.83172
1647302400000,0.03944,0.04002,0.03804,0.03979,403210835,15750700.90900,76497,7448226.82926
1647388800000,0.03978,0.04125,0.03885,0.04108,454322713,18151225.97670,94162,8750335.80918
1647475200000,0.04108,0.04245,0.04040,0.04115,387650699,16054692.77385,78735,7854670.45643
1647561600000,0.04117,0.04275,0.04017,0.04230,391952719,16217551.62948,69885,7637615.87351
1647648000000,0.04231,0.04436,0.04227,0.04402,524743684,22796445.52892,91496,11101925.90659
1647734400000,0.04400,0.04499,0.04194,0.04263,416648738,18161976.05113,87893,9160736.89665
1647820800000,0.04263,0.04422,0.04125,0.04331,435964621,18698893.57005,98017,8854173.01247
1647907200000,0.04331,0.04603,0.04308,0.04500,612586217,27616046.35534,121489,13165013.62688
1647993600000,0.04499,0.04989,0.04477,0.04902,854859156,40713794.88776,172916,19370361.41282
1648080000000,0.04904,0.05004,0.04750,0.04942,519406552,25359829.12349,123901,12283929.73202
1648166400000,0.04943,0.05083,0.04681,0.04786,476664633,23461653.95219,107747,10982428.16501
1648252800000,0.04784,0.09200,0.04759,0.09026,21236413973,1501745730.28880,3278445,778442371.53901
1648339200000,0.09031,0.11800,0.08455,0.10626,43188883467,4329772815.76405,9938260,2195845594.40927
1648425600000,0.10627,0.12118,0.09701,0.09917,16046451728,1739104056.61714,3843888,852751899.40209
1648512000000,0.09919,0.10768,0.09631,0.10286,6910099488,701180284.36278,1816596,344532831.93962
1648598400000,0.10285,0.18500,0.09820,0.17984,29853188668,4497953246.13644,8797364,2231057903.66680
1648684800000,0.17995,0.21650,0.17241,0.17973,27104535449,5257240129.63355,8504360,2581452715.39394
1648771200000,0.17974,0.23080,0.17603,0.18456,17828812147,3592477910.14030,6375532,1742643002.88861
1648857600000,0.18457,0.20882,0.16266,0.16682,13251961595,2461043588.25555,4450918,1184408395.29365
1648944000000,0.16681,0.17543,0.14843,0.15415,11029057322,1782494908.47444,3545734,865456443.32689
1649030400000,0.15415,0.16435,0.13520,0.14115,11861434613,1775981367.81840,3358876,861231166.78867
1649116800000,0.14116,0.14444,0.12237,0.12443,9239310226,1238439923.20279,2418582,595867860.07448
1649203200000,0.12446,0.14311,0.12193,0.13186,16611517889,2204794635.37299,4589093,1076828184.49513
1649289600000,0.13185,0.13645,0.12046,0.13382,8155451714,1032727739.31182,2272046,506371606.66559
1649376000000,0.13377,0.13750,0.11775,0.12011,6370737321,810721476.74413,1845183,385293221.77444
1649462400000,0.12008,0.12149,0.11440,0.12029,4187143094,493454889.29752,1240061,245066034.31194
1649548800000,0.12030,0.12657,0.11674,0.11909,5318738627,645546833.52894,1446930,309312378.62371
1649635200000,0.11909,0.13074,0.10870,0.11042,12333886935,1498513020.43471,3196033,726115508.10907
1649721600000,0.11042,0.11283,0.10353,0.10738,6000463161,651743160.14636,1565596,316985259.79963
1649808000000,0.10738,0.11250,0.10300,0.11120,4270748854,460061295.03937,1062351,223689842.98433
1649894400000,0.11119,0.12740,0.10938,0.11469,12619261359,1499590527.98368,2661802,733566272.61150
1649980800000,0.11469,0.11530,0.10789,0.11072,4940145527,551260898.31266,1126120,268790776.74139
1650067200000,0.11072,0.11316,0.10845,0.11028,2858593520,316966922.75756,708342,151959941.68116
1650153600000,0.11028,0.11674,0.10855,0.10934,4603687799,521828088.51334,1046852,250975999.44793
1650240000000,0.10935,0.10984,0.10000,0.10756,4787195824,501498619.80492,987746,237353716.72186
1650326400000,0.10756,0.11475,0.10744,0.11166,5797161576,643139467.57730,1065925,308158156.74051
1650412800000,0.11165,0.12936,0.10931,0.12612,11645407596,1398171660.64497,2291029,675522044.33219
1650499200000,0.12612,0.13533,0.11200,0.11541,10236653147,1294415183.91175,2176480,611800574.84202
1650585600000,0.11541,0.11888,0.11016,0.11263,4062763536,464257756.85425,940324,224074438.16897
1650672000000,0.11262,0.11323,0.10750,0.11052,2611676491,288614100.17288,677982,134026309.72284
1650758400000,0.11053,0.11420,0.10441,0.10636,2855799264,312715186.34007,698031,143924346.64086
1650844800000,0.10637,0.10659,0.09525,0.10342,4639562443,464496632.42430,1063572,219036893.38620
1650931200000,0.10341,0.10585,0.09000,0.09227,4564006597,449590135.75912,1011947,208612838.82910
1651017600000,0.09227,0.09718,0.09032,0.09403,3738331825,352426301.34634,825250,170297056.52886
1651104000000,0.09403,0.09632,0.08917,0.09101,4038012467,373529345.35669,730111,180263024.04065
1651190400000,0.09101,0.09282,0.08170,0.08361,4003417054,344420609.56149,763814,165430624.93005
1651276800000,0.08361,0.08806,0.06881,0.07192,6684128298,536782539.69831,1230458,259421246.46956
1651363200000,0.07191,0.07465,0.06854,0.07319,6224301664,446167955.02925,1063767,223641624.36783
1651449600000,0.07319,0.07508,0.06706,0.07003,4380696622,309997436.68868,787671,153140057.71866
1651536000000,0.07002,0.07312,0.06659,0.06790,4311581076,299772719.30303,655099,147470385.14650
1651622400000,0.06790,0.09500,0.06728,0.09397,18860434082,1533678323.70247,2620171,781151121.29355
1651708800000,0.09398,0.09867,0.07581,0.07850,33683197833,2955811163.69849,4785024,1490152822.43606
1651795200000,0.07849,0.08581,0.07100,0.08147,16793025578,1288137520.36724,2352114,640761248.23474
1651881600000,0.08148,0.08443,0.07410,0.07615,10320287309,818454160.76410,1607636,403017881.17522
1651968000000,0.07616,0.08038,0.07332,0.07714,8913233236,681881231.51154,1226531,338197665.43933
1652054400000,0.07715,0.07997,0.06200,0.06245,11754455476,828504705.78733,1742141,409635346.20423
1652140800000,0.06245,0.07712,0.06012,0.06877,13137995799,911829133.77828,1999173,456939255.48717
1652227200000,0.06876,0.07182,0.04865,0.05350,13909822058,830995563.45690,2005943,413577772.73976
1652313600000,0.05348,0.05596,0.03995,0.04530,12669988758,585381420.90437,1632636,292096740.16285
1652400000000,0.04529,0.05682,0.04420,0.05021,7297557272,380603486.08253,1008750,188931146.83753
1652486400000,0.05022,0.05473,0.04583,0.05269,4929651927,246915350.98428,687283,123015180.87283
1652572800000,0.05270,0.05506,0.04861,0.05486,3983529059,205334676.69975,523051,102270625.45267
1652659200000,0.05487,0.05488,0.04874,0.05020,3827391162,193549707.43120,473697,94753180.18621
1652745600000,0.05021,0.05385,0.04945,0.05297,3703084712,192017880.68353,432486,95141682.83388
1652832000000,0.05297,0.05540,0.04745,0.04801,4588800568,236358997.57871,608278,115305339.23067
1652918400000,0.04801,0.05100,0.04587,0.05053,3992085298,193926535.63531,513793,97195080.15662
1653004800000,0.05052,0.05385,0.04855,0.05056,6597045670,338875114.16541,741535,170136616.05929
1653091200000,0.05056,0.05324,0.04905,0.05168,4335707755,221776527.88642,383344,108703541.05530
1653177600000,0.05166,0.06269,0.05101,0.05779,12969034379,753796326.04825,1322555,379463119.08590
1653264000000,0.05779,0.05830,0.05130,0.05286,6828985895,381344627.44188,774492,183532394.71238
1653350400000,0.05286,0.05390,0.04873,0.05251,4505464485,231945380.43282,528602,113138209.40871
1653436800000,0.05250,0.05296,0.04969,0.05121,3475002317,177793515.42207,385933,86679869.94825
1653523200000,0.05122,0.05283,0.04488,0.04802,5413111426,264853832.33554,647949,130087243.93723
1653609600000,0.04801,0.04954,0.04555,0.04705,5701015488,270656470.91795,688192,134373401.15049
1653696000000,0.04705,0.04836,0.04598,0.04775,2414666630,114548971.20609,280228,56088174.81308
1653782400000,0.04775,0.04875,0.04640,0.04846,2104491693,100057100.76136,221491,48495348.79657
1653868800000,0.04848,0.05592,0.04806,0.05508,4140099253,214238535.97305,489560,105013256.78595
1653955200000,0.05509,0.05993,0.05206,0.05482,6072137029,336145237.05549,798127,161709139.92250
1654041600000,0.05482,0.05622,0.04803,0.04998,4042369618,213323793.53055,564639,101209191.53789
1654128000000,0.04999,0.05223,0.04895,0.05156,2649757525,133589144.57297,377410,64883479.83311
1654214400000,0.05156,0.05287,0.04837,0.04992,2143778266,107385464.46601,320799,52250022.62489
1654300800000,0.04993,0.05060,0.04839,0.05021,1264444824,62898707.15347,216031,30795365.76717
1654387200000,0.05022,0.05107,0.04910,0.05001,1302370930,64879208.62782,216278,30946726.17146
1654473600000,0.05000,0.05395,0.04970,0.05165,2456400759,127632743.60895,351068,62151904.05891
1654560000000,0.05166,0.05185,0.04779,0.04960,2489825929,123070685.72851,358089,57990583.41032
1654646400000,0.04961,0.05033,0.04827,0.04901,1580502490,77948861.02445,216961,37300171.35380
1654732800000,0.04901,0.04980,0.04831,0.04889,1234415375,60586327.44874,186589,27606591.97557
1654819200000,0.04890,0.04907,0.04485,0.04555,1704363583,79653636.52202,238105,37721483.17547
1654905600000,0.04553,0.04646,0.04061,0.04176,1884150052,81224213.36242,285167,38600201.23082
1654992000000,0.04177,0.04236,0.03702,0.03714,2589552092,100544944.00125,349701,48991276.58926
1655078400000,0.03713,0.03772,0.03088,0.03368,6360932642,211177324.01667,743743,104937671.86196
1655164800000,0.03368,0.03543,0.03038,0.03413,4150982028,139223867.47530,484608,69573240.90260
1655251200000,0.03413,0.03737,0.03008,0.03734,4254902380,140270912.58610,514199,68768453.88735
1655337600000,0.03736,0.03788,0.03186,0.03259,2598054624,88434405.95639,329426,43324086.23766
1655424000000,0.03259,0.03440,0.03216,0.03357,1638740720,54893112.49110,227383,27461179.62192
1655510400000,0.03356,0.03411,0.02929,0.03194,1965906646,61787350.81916,294403,30475155.93931
1655596800000,0.03192,0.03470,0.03053,0.03402,2040331100,66035276.29016,278741,33166118.93129
1655683200000,0.03402,0.03510,0.03224,0.03451,1741608521,58896474.25647,258112,29040084.45784
1655769600000,0.03450,0.04534,0.03362,0.04206,10302399438,426544748.13254,1177379,212762233.80139
1655856000000,0.04207,0.04210,0.03766,0.03869,4858010182,194204054.37274,603173,94955237.88377
1655942400000,0.03869,0.04223,0.03857,0.04163,2496901906,101321508.67370,346951,49382301.61913
1656028800000,0.04163,0.04932,0.04141,0.04549,5151696748,238481970.54316,730019,116911183.61347
1656115200000,0.04549,0.05120,0.04420,0.04866,4062453485,195347933.36088,619066,96579454.80585
1656201600000,0.04865,0.05119,0.04538,0.04559,2711266542,131540261.51890,408947,64503264.17843
1656288000000,0.04559,0.04777,0.04371,0.04486,1614512515,73757121.91672,274416,35961917.72978
1656374400000,0.04487,0.04538,0.04090,0.04157,1725333187,74591449.83267,275919,36096229.36797
1656460800000,0.04155,0.04224,0.03839,0.03969,1856926218,74167353.57133,286042,35946576.96690
1656547200000,0.03968,0.03979,0.03512,0.03872,2532407300,94078272.35228,333089,46506719.21796
1656633600000,0.03871,0.04156,0.03704,0.04079,3923846425,154429488.62390,517867,76813869.92376
1656720000000,0.04079,0.04083,0.03787,0.03893,1791705894,69776218.63659,255643,34174502.98104
1656806400000,0.03895,0.03933,0.03768,0.03866,1016109301,39119534.01441,163182,18947120.71922
1656892800000,0.03866,0.04013,0.03711,0.03994,1498652941,57919100.64978,204514,27832676.14579
1656979200000,0.03994,0.04139,0.03740,0.03897,1935140433,76057905.54002,268322,36886741.41400
1657065600000,0.03896,0.03992,0.03845,0.03944,1092577117,42687191.05774,181803,21305497.25537
1657152000000,0.03944,0.04191,0.03869,0.04100,1641334945,66149582.78364,218691,32838482.35550
1657238400000,0.04103,0.04200,0.03887,0.03979,1443590094,58156659.91710,213177,27806878.75408
1657324800000,0.03978,0.04148,0.03976,0.04067,972699228,39557274.42774,145598,19376552.14072
1657411200000,0.04067,0.04070,0.03869,0.03930,893348388,35398089.29227,136215,16562800.39644
1657497600000,0.03931,0.03933,0.03641,0.03680,958391616,36328212.03576,144500,17235703.54651
1657584000000,0.03680,0.03771,0.03603,0.03615,980230893,36201984.71835,137055,18003508.46833
1657670400000,0.03614,0.03755,0.03434,0.03719,1628561139,58546091.71094,215596,29664645.12884
1657756800000,0.03720,0.03841,0.03578,0.03809,1476550063,54756509.49248,197815,26653194.75691
1657843200000,0.03809,0.03889,0.03733,0.03811,1207015897,45944611.80294,181916,22681395.82256
1657929600000,0.03811,0.03918,0.03719,0.03885,870849559,33244248.39546,136129,16243221.86517
1658016000000,0.03884,0.03957,0.03778,0.03828,1021791446,39549092.66224,152215,19170689.31306
1658102400000,0.03828,0.04134,0.03813,0.04093,1751567118,70116452.11797,230275,34725449.82182
1658188800000,0.04093,0.04500,0.03934,0.04399,3121293220,133475380.01369,425454,65332040.43412
1658275200000,0.04400,0.04750,0.04054,0.04081,3255773175,145031561.21574,410281,69702042.44803
1658361600000,0.04080,0.04185,0.03907,0.04152,1576922615,64032192.26509,210995,31727347.67126
1658448000000,0.04152,0.04260,0.03935,0.03990,1346750311,55496079.60006,185316,25827763.49090
1658534400000,0.03991,0.04084,0.03871,0.04000,935156375,37213147.06030,141708,17560549.77666
1658620800000,0.04000,0.04081,0.03962,0.03975,806573561,32393912.44871,124192,15727985.09438
1658707200000,0.03976,0.04013,0.03687,0.03698,1245413168,47755748.50873,163690,22433293.15545
1658793600000,0.03698,0.03732,0.03573,0.03727,878719560,32041786.51629,136320,15266764.94622
1658880000000,0.03727,0.04037,0.03664,0.04026,1006512905,38447342.88703,150745,19134831.61696
1658966400000,0.04025,0.04326,0.03944,0.04254,1531744802,63049380.54544,220289,31599604.27331
1659052800000,0.04254,0.04377,0.04091,0.04221,1500783382,63909309.88511,226730,30693244.86968
1659139200000,0.04221,0.04484,0.04153,0.04204,1923996705,83657037.88110,268805,40005909.32367
1659225600000,0.04204,0.04531,0.04165,0.04264,1876567060,81373083.08658,271912,39149307.89337
1659312000000,0.04264,0.04549,0.04175,0.04265,1651157732,71339672.60689,236729,34528424.80301
1659398400000,0.04264,0.04343,0.04025,0.04150,1368260487,57057358.42346,201340,27829264.68254
1659484800000,0.04153,0.04283,0.04035,0.04155,930933893,38989445.76178,150061,18968619.28627
1659571200000,0.04154,0.04321,0.04140,0.04286,1270977966,53750461.84412,185499,26195705.41025
1659657600000,0.04287,0.04553,0.04238,0.04550,1354564444,59559400.82022,197621,28859420.30523
1659744000000,0.04549,0.04952,0.04547,0.04601,3335339393,158704230.62087,426313,77041175.11385
1659830400000,0.04601,0.04616,0.04439,0.04543,1145146616,51858943.60920,165660,24688254.85877
1659916800000,0.04544,0.04684,0.04469,0.04560,1014696638,46610225.93957,156771,22055943.04567
1660003200000,0.04560,0.04610,0.04198,0.04309,1206390845,53036596.39800,179458,24441937.52543
1660089600000,0.04309,0.04572,0.04180,0.04539,1170162853,51640558.37207,173759,25424431.24996
1660176000000,0.04539,0.04920,0.04538,0.04597,1736032167,81337800.66338,253139,38600245.27910
1660262400000,0.04598,0.04868,0.04515,0.04755,1271970021,59663651.65739,191993,28831175.56137
1660348800000,0.04756,0.04877,0.04687,0.04725,722512420,34467296.23651,133293,16366881.81653
1660435200000,0.04724,0.04853,0.04538,0.04666,1107030129,52293764.79446,184848,24840814.89883
1660521600000,0.04667,0.04971,0.04485,0.04575,1550197289,72857402.53928,253886,34585805.52198
1660608000000,0.04575,0.04611,0.04457,0.04496,764547205,34621230.68125,138713,16496097.17743
1660694400000,0.04495,0.04653,0.04241,0.04313,1168001374,51863221.22205,190325,24635775.19571
1660780800000,0.04314,0.04392,0.04048,0.04141,778993140,33334678.97683,123312,15692302.41096
1660867200000,0.04141,0.04142,0.03628,0.03681,1852164281,70546639.14028,215987,33600330.21120
1660953600000,0.03681,0.03816,0.03609,0.03723,1051010516,39162600.48941,134889,19083171.29785
1661040000000,0.03721,0.03828,0.03669,0.03769,798398686,29940517.10892,115036,14505049.97871
1661126400000,0.03769,0.03775,0.03564,0.03714,968641990,35398151.51802,127886,16781891.42160
1661212800000,0.03713,0.03818,0.03602,0.03799,848386251,31659478.12873,113972,15661589.04224
1661299200000,0.03800,0.04127,0.03685,0.03864,2844546892,112706374.09390,294540,56498597.47350
1661385600000,0.03865,0.04130,0.03860,0.03958,1462868395,58144454.37102,181937,28427598.40136
1661472000000,0.03958,0.03967,0.03542,0.03591,1486088793,56218625.28435,193316,26453729.02685
1661558400000,0.03591,0.03694,0.03544,0.03652,764161421,27781147.99415,110308,13684157.05946
1661644800000,0.03651,0.03693,0.03512,0.03535,624525260,22725147.03356,96668,10858964.10024
1661731200000,0.03535,0.03713,0.03484,0.03703,829424181,29845003.99602,106011,15127719.47502
1661817600000,0.03703,0.03746,0.03491,0.03605,884998686,32205174.74944,117065,15314619.87538
1661904000000,0.03606,0.03697,0.03574,0.03618,640614025,23363564.49529,98456,11377218.07070
1661990400000,0.03618,0.03644,0.03474,0.03642,759474449,27032257.12365,103575,13039460.18488
1662076800000,0.03642,0.03687,0.03526,0.03573,692049106,25026195.37316,99919,12076853.04575
1662163200000,0.03572,0.03593,0.03525,0.03566,382142577,13612921.40829,57830,6861037.32976
1662249600000,0.03567,0.03656,0.03550,0.03654,469364347,16922220.88278,68486,8493292.15739
1662336000000,0.03654,0.03676,0.03525,0.03630,846407731,30313540.03138,105547,13964151.01782
1662422400000,0.03629,0.03703,0.03310,0.03374,1238945569,43690924.42271,164319,20682052.54833
1662508800000,0.03374,0.03502,0.03287,0.03474,700463805,23901449.69924,92927,11843343.59532
1662595200000,0.03475,0.03553,0.03397,0.03543,779029404,27069659.72963,98731,13276337.13732
1662681600000,0.03544,0.03762,0.03529,0.03713,1057928657,38680466.78270,137267,19463120.34597
1662768000000,0.03714,0.03847,0.03650,0.03750,917230255,34331513.72762,121104,16914420.55665
1662854400000,0.03748,0.03774,0.03628,0.03737,577708236,21456874.50961,83416,10335486.75873
1662940800000,0.03738,0.03831,0.03674,0.03759,880887207,33110175.44516,131139,16166303.82522
1663027200000,0.03759,0.03811,0.03413,0.03430,1175241770,42308467.15898,160641,20484181.71061
1663113600000,0.03430,0.03521,0.03395,0.03494,638215730,22087554.67547,92142,10208158.09267
1663200000000,0.03493,0.03499,0.03331,0.03361,812579681,27708632.89575,110400,13506579.21851
1663286400000,0.03363,0.03417,0.03315,0.03387,520341030,17530255.92417,80325,8352494.12422
1663372800000,0.03387,0.03482,0.03382,0.03480,343780295,11794911.19104,52633,5861706.07429
1663459200000,0.03480,0.03482,0.03068,0.03157,737593919,24502849.24660,99821,11371596.12440
1663545600000,0.03158,0.03254,0.03066,0.03227,683730862,21609782.88545,92206,10709973.36525
1663632000000,0.03226,0.03250,0.03133,0.03180,705066703,22541573.88159,78412,10875087.28141
1663718400000,0.03181,0.03370,0.03064,0.03106,1165937220,37180993.83238,129832,18557516.41357
1663804800000,0.03105,0.03361,0.03096,0.03312,1161808294,37819305.85607,117901,19056988.16474
1663891200000,0.03313,0.03377,0.03188,0.03290,1068767449,35081372.13570,115146,17374852.98820
1663977600000,0.03290,0.03325,0.03206,0.03220,501252776,16455064.95555,61709,7833714.51386
1664064000000,0.03220,0.03265,0.03119,0.03161,577481321,18532651.94557,68085,8689675.18231
1664150400000,0.03160,0.03197,0.03068,0.03185,992945339,31210892.21648,95956,15110890.85277
1664236800000,0.03185,0.03298,0.03088,0.03139,1141448432,36591674.96836,102562,17883936.50732
1664323200000,0.03139,0.03174,0.03027,0.03130,971911791,30152563.56841,87288,13913504.60939
1664409600000,0.03131,0.03160,0.03063,0.03148,729708557,22702321.68331,70115,11471999.40251
1664496000000,0.03148,0.03187,0.03086,0.03117,796437206,24943732.56473,75736,11726583.33220
1664582400000,0.03117,0.03138,0.03091,0.03121,356528402,11123167.26921,39388,5471939.22496
1664668800000,0.03121,0.03142,0.03023,0.03039,562490574,17343421.03086,59031,8122566.41584
1664755200000,0.03040,0.03170,0.02993,0.03144,866286978,26806457.69841,76657,13075792.28685
1664841600000,0.03144,0.03209,0.03117,0.03189,845325989,26786984.50065,86359,13254630.02811
1664928000000,0.03189,0.03191,0.03075,0.03157,602113256,18903937.19964,61523,8760019.75669
1665014400000,0.03156,0.03200,0.03089,0.03115,732102266,23066147.35106,66507,11405599.47628
1665100800000,0.03115,0.03204,0.03078,0.03171,752291277,23608028.71192,72808,11461409.45302
1665187200000,0.03171,0.03199,0.03139,0.03161,473863648,15014162.55286,58340,7326763.47630
1665273600000,0.03161,0.03289,0.03150,0.03262,1747070252,56748203.30147,149506,28525806.84046
1665360000000,0.03261,0.03266,0.03085,0.03094,1293986304,41123238.09554,122769,18807473.09429
1665446400000,0.03093,0.03110,0.02960,0.03070,929424956,28401342.60464,100953,13468923.63997
1665532800000,0.03069,0.03095,0.03035,0.03047,510861158,15651302.44937,60810,7298613.47117
1665619200000,0.03047,0.03061,0.02770,0.03030,1512785696,44128541.39868,147309,21040799.34337
1665705600000,0.03030,0.03138,0.02971,0.03009,883391507,27093435.83203,85089,13503224.07008
1665792000000,0.03009,0.03053,0.02987,0.03017,397360381,12008947.38232,45646,5761058.99176
1665878400000,0.03016,0.03093,0.03010,0.03059,445842365,13634978.14471,48391,6688425.15201
1665964800000,0.03059,0.03150,0.03022,0.03134,666419894,20624479.65807,66455,10523373.69816
1666051200000,0.03135,0.03446,0.03053,0.03140,4332087112,140215568.82853,307948,69044111.89972
1666137600000,0.03139,0.03148,0.02916,0.02952,1097443841,33153043.33116,105958,15747447.98678
1666224000000,0.02952,0.02999,0.02875,0.02910,875687359,25767748.59877,79535,12489167.94891
1666310400000,0.02909,0.02942,0.02818,0.02932,1091627102,31529269.49130,94289,14956279.75143
1666396800000,0.02931,0.02950,0.02891,0.02928,429494377,12550115.03587,48833,6123380.33911
1666483200000,0.02929,0.02966,0.02846,0.02955,658001842,19146929.67748,65786,9344172.51350
1666569600000,0.02954,0.02969,0.02862,0.02892,705972654,20490351.04779,64928,10082378.38673
1666656000000,0.02892,0.03039,0.02881,0.02964,1060016633,31306693.26789,102287,15805972.98764
1666742400000,0.02964,0.03059,0.02959,0.03031,972145815,29322897.63281,93587,14191227.86987
1666828800000,0.03031,0.03132,0.02952,0.02977,1208012265,36732576.97024,111124,18671187.69585
1666915200000,0.02976,0.03069,0.02944,0.03042,806925203,24206106.86098,78438,12099213.91804
1667001600000,0.03041,0.03153,0.03041,0.03086,1384541459,42838198.36769,128536,20830085.54940
1667088000000,0.03087,0.03280,0.03028,0.03108,1960266212,61565438.11769,174766,29417706.95810
1667174400000,0.03108,0.03258,0.03001,0.03092,2069998250,64485833.64601,166513,30722554.64099
1667260800000,0.03092,0.03152,0.03044,0.03059,886750873,27442624.64517,84352,13336504.25538
1667347200000,0.03060,0.03068,0.02904,0.02962,1230943713,36874189.31399,115989,17158087.65839
1667433600000,0.02961,0.03109,0.02944,0.03045,1130257332,34382187.32208,104340,16727436.16163
1667520000000,0.03045,0.03378,0.03025,0.03291,2359197585,76005424.07163,199832,37694387.08043
1667606400000,0.03292,0.03420,0.03150,0.03242,1344533927,44340293.29228,135694,21094187.60737
1667692800000,0.03243,0.03370,0.03117,0.03122,1842110691,60557117.15046,172810,29484387.29981
1667779200000,0.03121,0.03254,0.03061,0.03204,1430240429,45403866.34637,139454,21702777.38961
1667865600000,0.03204,0.03241,0.02282,0.02656,3373894398,96966211.58037,321492,45698269.37157
1667952000000,0.02655,0.02686,0.01970,0.02049,3250785305,77808816.90454,312510,38259751.62623
1668038400000,0.02048,0.02494,0.02011,0.02406,2091246411,47957294.07832,229039,24070391.70642
1668124800000,0.02407,0.02446,0.02166,0.02270,1121135636,25695929.21425,134542,12759090.35685
1668211200000,0.02271,0.02280,0.02122,0.02146,872766767,19100026.05551,96080,9162255.32337
1668297600000,0.02146,0.02225,0.02040,0.02080,1655564085,35184304.87426,146830,17286871.18567
1668384000000,0.02080,0.02145,0.01939,0.02104,1827280385,37358498.92330,166225,18767073.92210
1668470400000,0.02105,0.02239,0.02072,0.02170,1011058775,21808743.29043,97253,10824976.03858
1668556800000,0.02171,0.02221,0.02077,0.02142,849619333,18243574.96330,81422,8976999.68611
1668643200000,0.02141,0.02168,0.02084,0.02128,823958791,17522209.54984,76595,8534858.28689
1668729600000,0.02128,0.02169,0.02108,0.02142,532371368,11408918.76471,54859,5812370.67718
1668816000000,0.02143,0.02317,0.02135,0.02246,3679224208,82473641.22476,242102,41300572.11402
1668902400000,0.02245,0.02350,0.02092,0.02095,2533042227,56730994.41522,184184,27341134.28179
1668988800000,0.02095,0.02141,0.02027,0.02103,1717449917,35859736.88577,134769,16903855.28580
1669075200000,0.02103,0.02173,0.02037,0.02173,1182514787,24967524.61383,99894,12326181.68603
1669161600000,0.02172,0.02280,0.02164,0.02278,1125144286,24971515.29297,106535,12673828.87402
1669248000000,0.02279,0.02464,0.02252,0.02331,2427106393,56772490.40191,185550,28138200.56514
1669334400000,0.02330,0.02331,0.02234,0.02286,798523884,18225877.34269,85723,8744693.08523
1669420800000,0.02287,0.02330,0.02227,0.02253,627441433,14305477.04629,75691,7204533.57971
1669507200000,0.02253,0.02358,0.02237,0.02270,833537973,19155232.37203,87957,9154262.74052
1669593600000,0.02271,0.02320,0.02133,0.02196,958741106,21000648.74247,103519,10237886.48327
1669680000000,0.02197,0.02238,0.02164,0.02198,612733996,13498051.45544,73096,6742832.95069
1669766400000,0.02199,0.02298,0.02192,0.02286,890362096,20019991.88451,103594,10412198.12215
1669852800000,0.02287,0.02315,0.02244,0.02274,791552932,18012362.46831,87600,8677118.93171
1669939200000,0.02274,0.02316,0.02240,0.02314,648128663,14800112.59398,69956,7186379.06947
1670025600000,0.02313,0.02327,0.02247,0.02263,417753475,9563684.33010,50018,4472494.62046
1670112000000,0.02264,0.02301,0.02261,0.02285,330441735,7523961.21283,41064,3590844.33514
1670198400000,0.02285,0.02346,0.02251,0.02263,742130670,17092119.15231,71057,8583230.08733
1670284800000,0.02264,0.02285,0.02223,0.02249,549153120,12386396.12530,58824,5794904.29994
1670371200000,0.02250,0.02260,0.02124,0.02179,603759347,13188242.50337,60823,5900953.97737
1670457600000,0.02181,0.02238,0.02139,0.02230,541743649,11846493.16890,50018,5934922.65298
1670544000000,0.02229,0.02251,0.02196,0.02228,459922593,10211480.50636,45784,5119685.62387
1670630400000,0.02229,0.02253,0.02218,0.02250,299963401,6711830.62363,35903,3291688.41922
1670716800000,0.02250,0.02264,0.02180,0.02197,467700095,10427045.16573,47621,5165544.44615
1670803200000,0.02197,0.02215,0.02130,0.02180,530458688,11481336.51519,53854,5597812.05439
1670889600000,0.02179,0.02239,0.02080,0.02226,722389574,15671490.72130,68337,7585543.30466
1670976000000,0.02227,0.02239,0.02136,0.02179,436638074,9600772.31378,47303,4694138.93387
1671062400000,0.02180,0.02186,0.02096,0.02110,439957524,9427089.54559,44154,4307180.82175
1671148800000,0.02110,0.02127,0.01860,0.01895,901352770,18007595.01449,82210,8335327.67785
1671235200000,0.01895,0.01920,0.01818,0.01904,730258802,13761654.80265,58173,6696592.50886
1671321600000,0.01904,0.01910,0.01852,0.01856,439509711,8246879.48777,40821,4060703.12465
1671408000000,0.01856,0.01878,0.01696,0.01737,873543408,15780226.33440,68449,7313386.29368
1671494400000,0.01737,0.01827,0.01730,0.01800,613033302,10963615.00385,49815,5666784.57782
1671580800000,0.01799,0.01805,0.01750,0.01789,443556935,7901043.44618,40789,3920731.29336
1671667200000,0.01789,0.01819,0.01760,0.01814,464105110,8327385.36039,45406,4073272.10797
1671753600000,0.01814,0.01826,0.01795,0.01814,318657191,5763232.80827,37861,2845063.47145
1671840000000,0.01813,0.01818,0.01788,0.01793,201388872,3625317.38212,25658,1747107.09423
1671926400000,0.01794,0.01797,0.01726,0.01761,448823944,7888525.40682,42720,3922928.66714
1672012800000,0.01760,0.01773,0.01708,0.01764,675537398,11778172.31011,55362,5796299.58006
1672099200000,0.01765,0.01775,0.01671,0.01721,652288953,11246601.41476,51736,5198703.22150
1672185600000,0.01722,0.01730,0.01614,0.01633,737951905,12187263.20956,56013,5612430.27301
1672272000000,0.01634,0.01643,0.01550,0.01600,582150852,9321698.41656,48294,4499229.86675
1672358400000,0.01600,0.01607,0.01524,0.01586,603005588,9420415.02706,44842,4497886.80223
1672444800000,0.01586,0.01613,0.01575,0.01583,309998817,4930649.00842,29009,2529766.70439
1672531200000,0.01583,0.01634,0.01567,0.01627,376862182,6024410.05653,35597,3189923.54873
1672617600000,0.01627,0.01674,0.01592,0.01656,651186877,10710587.63289,50882,5200387.99769
1672704000000,0.01657,0.01685,0.01639,0.01658,467908624,7757853.69905,40679,3896844.93851
1672790400000,0.01659,0.01709,0.01654,0.01691,579870194,9790630.07609,47392,4823946.35193
1672876800000,0.01691,0.01705,0.01659,0.01697,661445260,11143903.50152,50507,5326666.57819
1672963200000,0.01696,0.01753,0.01652,0.01740,914666284,15508268.87574,65187,8055339.18539
1673049600000,0.01740,0.01764,0.01720,0.01757,454922790,7917309.87690,38187,3830464.36699
1673136000000,0.01756,0.02223,0.01724,0.02174,5643944337,113074021.78209,308416,57515014.95362
1673222400000,0.02177,0.02765,0.02113,0.02350,25040513049,624020965.72661,1524189,313237569.93122
1673308800000,0.02350,0.02572,0.02348,0.02399,8581322427,210104854.87629,513857,104575086.01298
1673395200000,0.02399,0.02399,0.02225,0.02327,4073685806,93726329.01982,266521,46118024.51992
1673481600000,0.02328,0.02444,0.02228,0.02391,5068512669,118790503.05849,318574,58469737.53856
1673568000000,0.02391,0.02708,0.02371,0.02591,6137425507,153799245.82373,399789,76109369.52152
1673654400000,0.02592,0.02857,0.02430,0.02659,5632185896,149116197.78193,406994,71932533.93066
1673740800000,0.02658,0.02666,0.02496,0.02593,2274890794,58435024.02838,180456,28397294.51773
1673827200000,0.02594,0.03082,0.02554,0.02733,6802786592,191359662.69774,520578,93839860.91911
1673913600000,0.02733,0.02857,0.02646,0.02719,3148068493,86773497.56560,242434,41513751.93766
1674000000000,0.02720,0.02754,0.02382,0.02471,3119785087,80846959.54133,267973,38861077.96385
1674086400000,0.02470,0.02560,0.02446,0.02544,1226122899,30759696.32597,109659,15443896.11522
1674172800000,0.02544,0.02777,0.02487,0.02761,1803048486,47152667.02946,148752,23587780.52234
1674259200000,0.02761,0.02896,0.02666,0.02681,2326339800,64412627.98700,195052,30696057.70346
1674345600000,0.02681,0.02806,0.02616,0.02700,1700903535,46341055.51016,151157,22518395.80765
1674432000000,0.02700,0.02885,0.02692,0.02866,2850335969,79724971.87402,225107,38740807.96107
1674518400000,0.02866,0.03022,0.02644,0.02700,3283129432,93279194.35949,255210,44771095.58148
1674604800000,0.02700,0.02948,0.02625,0.02799,2733681815,75320978.68626,219342,35991241.12260
1674691200000,0.02800,0.02855,0.02695,0.02779,1566063616,43540823.94238,143806,21291503.78059
1674777600000,0.02779,0.02985,0.02707,0.02923,2247511871,63993191.09954,200910,30714011.20882
1674864000000,0.02925,0.03169,0.02861,0.02915,2611753122,78192209.07571,256685,37695811.44362
1674950400000,0.02915,0.02974,0.02863,0.02958,1280610440,37566586.19025,125017,17681219.45289
1675036800000,0.02958,0.02975,0.02559,0.02672,1926099645,53369462.26840,188925,23947612.36349
1675123200000,0.02671,0.02731,0.02624,0.02693,1000820209,26796450.11095,109750,12920171.21769
1675209600000,0.02694,0.02873,0.02614,0.02818,2666957185,73165967.51762,248359,35647096.01552
1675296000000,0.02818,0.02995,0.02781,0.02826,1632285278,46974271.04531,166220,23358499.10311
1675382400000,0.02826,0.02992,0.02817,0.02982,1303209933,37645228.91197,146035,18645354.79747
1675468800000,0.02982,0.03210,0.02906,0.02985,3128115197,95222427.97271,289545,45885242.09374
1675555200000,0.02985,0.03085,0.02773,0.02881,1912299756,56111134.16716,206534,26942665.82943
1675641600000,0.02882,0.02988,0.02811,0.02967,1155943746,33497750.10709,140322,16333027.60849
1675728000000,0.02966,0.03096,0.02877,0.03091,1521184807,45194209.86426,173683,21566079.92790
1675814400000,0.03091,0.03128,0.02910,0.03076,1623068749,49548024.57709,180839,23894554.88755
1675900800000,0.03077,0.03103,0.02628,0.02710,1810412976,52343541.11108,213066,25383225.12358
1675987200000,0.02710,0.02833,0.02671,0.02779,1188411838,32696899.29003,137522,15947519.66252
1676073600000,0.02778,0.02837,0.02746,0.02833,527385369,14679247.45595,77476,7275429.04347
1676160000000,0.02832,0.03094,0.02787,0.02918,1940649481,57187694.61001,198237,28290095.73109
1676246400000,0.02919,0.03292,0.02760,0.02913,9684410862,294852210.08977,896065,145632678.23805
1676332800000,0.02913,0.02991,0.02760,0.02960,2554990007,73478709.95733,287994,35739349.90764
1676419200000,0.02959,0.03197,0.02878,0.03150,2141553572,64544524.38941,251366,31604934.20584
1676505600000,0.03150,0.03242,0.02935,0.02949,2541459349,79395696.54107,294806,37882551.07689
1676592000000,0.02949,0.03255,0.02940,0.03194,2179699364,67770651.48725,244504,32682695.59654
1676678400000,0.03193,0.03480,0.03192,0.03265,2600996760,86172499.49367,269662,41624560.44395
1676764800000,0.03266,0.03310,0.03122,0.03235,1924949872,62246261.17417,204416,30376505.59528
1676851200000,0.03234,0.03575,0.03107,0.03431,3140171870,105599676.56257,362204,51864366.11423
1676937600000,0.03432,0.03680,0.03212,0.03508,3860691412,133056307.04320,497147,64528251.29960
1677024000000,0.03508,0.03635,0.03258,0.03529,3797547989,131667685.50680,490065,64295976.04975
1677110400000,0.03529,0.03695,0.03452,0.03538,2130758136,75988044.13150,306128,36931171.81150
1677196800000,0.03538,0.03564,0.03237,0.03350,1370808084,46496539.31809,203895,22030271.49848
1677283200000,0.03350,0.03351,0.03053,0.03190,973038596,31085912.90451,151547,14972713.05861
1677369600000,0.03190,0.03303,0.03149,0.03282,623482318,20143537.76918,110402,9767308.38118
1677456000000,0.03282,0.03312,0.03155,0.03241,746575636,24080190.22447,124174,11778397.13468
1677542400000,0.03241,0.03265,0.03093,0.03118,582679010,18508790.65608,106105,9030724.39366
1677628800000,0.03117,0.03225,0.03083,0.03208,576166997,18305216.06173,100322,8820182.19604
1677715200000,0.03209,0.03232,0.03013,0.03077,635738902,19589066.19581,97436,9373565.18109
1677801600000,0.03078,0.03099,0.02703,0.02849,1149043630,32623947.84829,146606,15632043.05062
1677888000000,0.02850,0.02857,0.02654,0.02737,675728276,18723098.31897,92111,8893944.05268
1677974400000,0.02737,0.02825,0.02713,0.02754,502079974,13926547.94045,70392,7014434.94551
1678060800000,0.02755,0.02759,0.02640,0.02741,821468041,22190815.15761,108268,11021708.79782
1678147200000,0.02741,0.02781,0.02581,0.02663,921833461,24574395.76551,111877,12115900.33995
1678233600000,0.02663,0.02682,0.02409,0.02443,1041402385,26308799.09512,130312,12748158.44655
1678320000000,0.02443,0.02512,0.02205,0.02255,1537531932,36645668.42386,156440,18034603.26577
1678406400000,0.02256,0.02313,0.02125,0.02299,1853906057,41484511.41988,175929,20531886.58482
1678492800000,0.02299,0.02347,0.02145,0.02252,1336923072,29876924.53388,143467,14876180.81895
1678579200000,0.02252,0.02450,0.02190,0.02442,1166048423,26696812.43064,124757,13078800.98124
1678665600000,0.02442,0.02656,0.02357,0.02621,1748546908,43758034.87906,181753,21839003.70330
1678752000000,0.02620,0.02943,0.02571,0.02817,2471317588,68218508.25586,247981,34043636.52273
1678838400000,0.02816,0.02968,0.02601,0.02679,2372265446,66285006.33409,263058,32932021.74872
1678924800000,0.02678,0.02740,0.02611,0.02733,1219711103,32774389.29186,153785,16235718.16392
1679011200000,0.02733,0.02932,0.02688,0.02923,1115519466,31520481.45264,154965,15178569.38123
1679097600000,0.02924,0.02982,0.02788,0.02835,1155275934,33516781.85433,162243,16559163.42433
1679184000000,0.02836,0.02975,0.02805,0.02936,847649533,24549859.89055,124346,12003666.43264
1679270400000,0.02937,0.02982,0.02733,0.02763,1177410932,33584613.96848,177000,16335297.32183
1679356800000,0.02762,0.02883,0.02667,0.02866,1123980681,31400089.49593,210246,15350302.79403
1679443200000,0.02868,0.02880,0.02601,0.02717,1036684507,28694355.16222,181287,14148150.42595
1679529600000,0.02717,0.02870,0.02682,0.02854,730742788,20400905.30515,105783,9828682.14249
1679616000000,0.02855,0.02859,0.02662,0.02707,735864924,20248934.64473,139238,10144269.61993
1679702400000,0.02707,0.02744,0.02631,0.02678,378177970,10193373.50826,74970,4994189.81871
1679788800000,0.02678,0.02764,0.02654,0.02735,374575874,10177015.27886,68742,4871123.05284
1679875200000,0.02734,0.02739,0.02518,0.02593,749298310,19626157.17201,120473,9506736.16552
1679961600000,0.02594,0.02754,0.02554,0.02727,653859473,17271575.23910,116955,8804077.57995
1680048000000,0.02727,0.02839,0.02723,0.02826,686474931,19143866.53240,106053,9420525.16782
1680134400000,0.02827,0.02857,0.02713,0.02783,853693785,23768688.64428,111736,11839506.50454
1680220800000,0.02784,0.02959,0.02709,0.02914,1030292972,29352910.67320,135300,14917743.12364
1680307200000,0.02914,0.03258,0.02869,0.03069,3990028387,123109200.28340,425135,60629990.39074
1680393600000,0.03069,0.03263,0.02992,0.03089,4372805353,137623302.60828,491948,67716030.88404
1680480000000,0.03090,0.03144,0.02870,0.02952,1986474353,59642536.34757,260163,28481157.05164
1680566400000,0.02952,0.03049,0.02901,0.02971,999889536,29668355.49738,152389,13883933.85461
1680652800000,0.02972,0.03099,0.02917,0.03032,1138161561,34387263.39399,145449,16808367.60936
1680739200000,0.03032,0.03032,0.02900,0.02946,677986149,19984902.77828,106038,9594679.32522
1680825600000,0.02947,0.02949,0.02853,0.02904,504987079,14623631.51255,81242,6897659.65931
1680912000000,0.02904,0.02967,0.02881,0.02911,538256190,15769950.50886,88979,7573279.60574
1680998400000,0.02911,0.02947,0.02844,0.02921,492489500,14231574.12405,78215,6999255.51203
1681084800000,0.02922,0.02980,0.02861,0.02970,679915718,19809365.18396,92713,9603748.52581
1681171200000,0.02970,0.03003,0.02932,0.02964,607635637,18031504.46580,88379,8803242.09180
1681257600000,0.02965,0.02973,0.02818,0.02934,838729330,24291052.27928,113677,11541662.24055
1681344000000,0.02934,0.03004,0.02892,0.02985,595189146,17606311.93722,88304,8482373.10221
1681430400000,0.02984,0.03102,0.02974,0.03063,945476855,28797885.55356,123316,13952682.96725
1681516800000,0.03064,0.03134,0.03006,0.03087,755445120,23179246.12867,101337,11565937.42100
1681603200000,0.03087,0.03261,0.03016,0.03260,1143249113,35706910.80952,144673,17333206.57255
1681689600000,0.03260,0.03262,0.03074,0.03162,1368362628,43195531.54813,163878,20740182.15765
1681776000000,0.03162,0.03425,0.03102,0.03360,2269977236,75413255.86565,270664,37411836.99749
1681862400000,0.03360,0.03623,0.03132,0.03186,7556804928,259381454.16207,771422,127082997.85203
1681948800000,0.03186,0.03313,0.02953,0.03017,3299082160,102806247.53894,364593,49794148.03408
1682035200000,0.03016,0.03400,0.02927,0.03097,11799347746,378827529.60519,1097745,191166510.57581
1682121600000,0.03097,0.03547,0.03029,0.03488,12223611648,408105043.58564,1035759,208386896.01442
1682208000000,0.03488,0.03620,0.03138,0.03220,6840118939,228546822.72413,651697,114476399.17798
1682294400000,0.03220,0.03281,0.03033,0.03106,3464880061,108342414.44565,370387,52764213.81892
1682380800000,0.03106,0.03194,0.02889,0.03018,4946487605,149808614.13357,498482,72408159.84514
1682467200000,0.03018,0.03126,0.02732,0.02902,5093416503,150975509.15920,494143,72813860.05311
1682553600000,0.02901,0.02980,0.02842,0.02920,2819991948,81768431.12500,297784,40430961.46547
1682640000000,0.02919,0.02926,0.02814,0.02885,1431796291,41205280.51652,182165,19667034.21522
1682726400000,0.02884,0.02924,0.02832,0.02883,906453584,26133472.74004,118531,12706969.23250
1682812800000,0.02883,0.02894,0.02790,0.02800,1221550638,34802546.97411,133864,16555808.81913
1682899200000,0.02800,0.02816,0.02641,0.02698,1460389178,39724348.31429,153082,19371703.77858
1682985600000,0.02698,0.02743,0.02645,0.02719,1065283118,28639032.06934,129370,14107315.19789
1683072000000,0.02720,0.02768,0.02628,0.02749,1101377243,29550332.07127,129875,14214324.03330
1683158400000,0.02749,0.02753,0.02679,0.02703,759646257,20630654.09495,89671,10294893.15326
1683244800000,0.02702,0.02740,0.02625,0.02732,896635103,24259702.86767,101937,11838975.02099
1683331200000,0.02731,0.02745,0.02586,0.02638,1022999051,27272327.49563,115787,13434255.61029
1683417600000,0.02637,0.02661,0.02594,0.02608,653037480,17166095.67151,84275,8635113.46351
1683504000000,0.02608,0.02620,0.02250,0.02381,1903822739,45968576.89623,202750,21154492.79805
1683590400000,0.02381,0.02414,0.02338,0.02395,831322304,19779578.62262,88363,9750950.46085
1683676800000,0.02394,0.02480,0.02300,0.02448,1366494564,32958460.33421,133046,16305573.80260
1683763200000,0.02447,0.02448,0.02278,0.02333,1018407071,24032248.65967,103946,11969264.01808
1683849600000,0.02333,0.02375,0.02254,0.02373,966540260,22333943.73996,103384,11221002.78962
1683936000000,0.02373,0.02381,0.02314,0.02356,491294215,11528742.19311,59824,5563978.21235
1684022400000,0.02355,0.02395,0.02317,0.02381,490729241,11588554.08850,61344,5786020.65971
1684108800000,0.02381,0.02459,0.02341,0.02410,869770446,20938907.01352,93648,10358079.19525
1684195200000,0.02410,0.02431,0.02370,0.02421,623927826,14999927.93248,85595,7260064.55096
1684281600000,0.02421,0.02534,0.02389,0.02494,913285474,22402070.89766,99020,11377439.00539
1684368000000,0.02494,0.02496,0.02346,0.02395,1098201590,26702357.14456,108038,12874634.40087
1684454400000,0.02396,0.02447,0.02381,0.02424,745397410,18013965.21767,78319,8933051.07562
1684540800000,0.02425,0.02427,0.02396,0.02414,486869180,11728124.88046,51654,5876079.26545
1684627200000,0.02414,0.02424,0.02324,0.02349,464179113,11001969.52434,61555,4918703.34925
1684713600000,0.02350,0.02361,0.02294,0.02345,547921639,12757169.38754,68213,6165952.75495
1684800000000,0.02345,0.02382,0.02318,0.02362,483998808,11421645.24318,60354,5331343.44760
1684886400000,0.02361,0.02363,0.02222,0.02279,792819647,18157259.01202,84625,8769727.98430
1684972800000,0.02280,0.02291,0.02208,0.02264,543000682,12273595.07797,65576,5954708.66877
1685059200000,0.02264,0.02299,0.02238,0.02275,526124529,11939580.68304,61831,5783064.86026
1685145600000,0.02276,0.02340,0.02262,0.02337,626864334,14412407.95803,70157,7097264.64484
1685232000000,0.02336,0.02408,0.02314,0.02368,859863676,20183131.25356,88914,10009838.53280
1685318400000,0.02368,0.02396,0.02339,0.02357,870318855,20602240.90073,90165,9847829.13719
1685404800000,0.02358,0.02378,0.02321,0.02365,576892237,13554257.91816,73770,6738777.67946
1685491200000,0.02364,0.02391,0.02250,0.02284,786274423,18127564.51281,86115,8780488.48482
1685577600000,0.02284,0.02291,0.02240,0.02261,499184774,11334315.02720,56388,5355295.54275
1685664000000,0.02262,0.02342,0.02232,0.02336,499098416,11483002.60023,61163,5430723.64956
1685750400000,0.02335,0.02380,0.02306,0.02351,576786732,13555018.79819,61653,6776226.89975
1685836800000,0.02351,0.02448,0.02332,0.02393,839148745,20139673.98548,88437,9642953.56531
1685923200000,0.02394,0.02406,0.02037,0.02130,1748216269,38915673.13928,172251,18661005.63473
1686009600000,0.02131,0.02209,0.02085,0.02190,1368127932,29336598.47460,132584,14613745.39792
1686096000000,0.02190,0.02191,0.02056,0.02087,1087635268,23025620.11789,114290,11268555.61393
1686182400000,0.02087,0.02180,0.02066,0.02122,889512622,18918006.05783,102230,9440669.30984
1686268800000,0.02122,0.02149,0.02053,0.02088,666801681,14040580.72783,88613,6905756.81129
1686355200000,0.02087,0.02092,0.01480,0.01758,3199763047,56608482.51746,288488,26986881.64260
1686441600000,0.01758,0.01777,0.01710,0.01745,1014021511,17674766.80573,100947,8608438.02701
1686528000000,0.01745,0.01782,0.01686,0.01739,1131415489,19530242.33621,104285,9888711.59565
1686614400000,0.01739,0.01800,0.01720,0.01750,1048568718,18435288.74194,96764,9085433.56325
1686700800000,0.01750,0.01768,0.01618,0.01679,1130494595,19357925.52126,115685,9606301.15001
1686787200000,0.01679,0.01720,0.01645,0.01696,806126657,13546705.71859,81285,6952638.81636
1686873600000,0.01697,0.01756,0.01663,0.01732,656695841,11186097.38379,70204,5631984.80009
1686960000000,0.01732,0.01795,0.01722,0.01763,562584377,9922241.27096,64265,4744421.54134
1687046400000,0.01762,0.01782,0.01690,0.01724,646755865,11317353.52160,68167,5577808.54312
1687132800000,0.01724,0.01764,0.01709,0.01734,713670751,12384911.22845,77641,6048347.12876
1687219200000,0.01735,0.01831,0.01701,0.01823,1102964990,19411951.96262,95696,10032364.49573
1687305600000,0.01823,0.01923,0.01811,0.01901,1481608092,27647871.98971,123635,13531856.95786
1687392000000,0.01900,0.01972,0.01864,0.01890,1231432715,23658514.83312,113549,11762968.28708
1687478400000,0.01889,0.02175,0.01881,0.02052,5889311105,121773321.18717,409907,59870580.24570
1687564800000,0.02051,0.02130,0.02007,0.02125,3012918202,62262220.56403,250020,30399654.08746
1687651200000,0.02125,0.02263,0.02033,0.02063,2740132289,58432464.69457,259369,28295300.77565
1687737600000,0.02064,0.02092,0.01991,0.02036,1401558317,28533008.96065,152741,13946421.03101
1687824000000,0.02036,0.02066,0.02006,0.02053,833659162,17002365.31406,99833,8274254.82716
1687910400000,0.02054,0.02056,0.01857,0.01909,1513100401,29544920.25092,157168,14501199.20911
1687996800000,0.01909,0.01981,0.01900,0.01958,821648421,15995543.83946,104963,7713764.00423
1688083200000,0.01959,0.02151,0.01917,0.02101,3057868087,62793964.35258,292404,30712102.67975
1688169600000,0.02101,0.02189,0.02057,0.02187,1995512578,42437702.93781,204709,20937273.11558
1688256000000,0.02187,0.02191,0.02090,0.02149,1093111695,23389503.51416,133399,11187681.11336
1688342400000,0.02149,0.02289,0.02134,0.02213,1592769733,35213886.48950,175174,17395623.91547
1688428800000,0.02214,0.02320,0.02155,0.02304,2145091987,47927922.69684,213119,23664250.72362
1688515200000,0.02304,0.02491,0.02130,0.02191,9139787039,213451732.95597,698152,103355153.56683
1688601600000,0.02192,0.02216,0.02048,0.02054,2829982260,60432170.71613,256446,29415758.58508
1688688000000,0.02054,0.02081,0.02020,0.02067,1443918399,29606830.74356,147165,14980506.56988
1688774400000,0.02068,0.02077,0.02011,0.02051,794118394,16240823.47040,90674,8056717.25058
1688860800000,0.02052,0.02064,0.02015,0.02021,635978570,12988266.56365,78675,6412721.53758
1688947200000,0.02022,0.02069,0.01951,0.02026,1128327502,22578767.59500,134950,10964722.79529
1689033600000,0.02026,0.02105,0.02001,0.02099,900268308,18541513.22846,106175,9321890.19674
1689120000000,0.02099,0.02119,0.02051,0.02089,1123772381,23500302.34840,111203,11670838.52183
1689206400000,0.02089,0.02228,0.02046,0.02218,1655458023,35554945.47314,161298,16865841.20600
1689292800000,0.02219,0.02275,0.02064,0.02151,2075448150,45662056.71687,192713,22172493.47883
1689379200000,0.02152,0.02325,0.02147,0.02237,4222481396,94885273.45195,322483,46944838.29604
1689465600000,0.02238,0.02249,0.02140,0.02164,1271219400,27997775.82038,131366,13145211.38341
1689552000000,0.02163,0.02253,0.02143,0.02236,1600139582,35311247.92269,158205,17258405.56099
1689638400000,0.02236,0.02367,0.02112,0.02159,3149250280,70502894.06366,252326,34663397.79823
1689724800000,0.02160,0.02203,0.02145,0.02174,968682247,21065280.90447,123378,10357175.05571
1689811200000,0.02174,0.02225,0.02128,0.02157,904206604,19707049.21810,113229,9622274.36301
1689897600000,0.02158,0.02181,0.02134,0.02156,567818587,12268631.37481,73310,5963395.11480
1689984000000,0.02157,0.02186,0.02128,0.02147,545375469,11798341.43202,79660,5554370.96441
1690070400000,0.02148,0.02237,0.02134,0.02219,910020062,20023114.72861,97491,9976163.93822
1690156800000,0.02220,0.02227,0.02042,0.02072,1159337931,24513203.63158,125570,12153017.48829
1690243200000,0.02072,0.02076,0.02024,0.02071,713594202,14654072.00242,81686,6659742.02749
1690329600000,0.02071,0.02110,0.02040,0.02079,1067001240,22120087.92722,112107,10861646.33774
1690416000000,0.02080,0.02105,0.02048,0.02072,549730551,11430888.83178,70887,5658061.57831
1690502400000,0.02073,0.02104,0.02046,0.02100,509824257,10591893.89566,69883,5281612.99637
1690588800000,0.02099,0.02160,0.02092,0.02149,1040678428,22216782.84219,94137,10885880.82066
1690675200000,0.02150,0.02154,0.02037,0.02091,911484682,19186870.43332,83303,9509425.99012
1690761600000,0.02091,0.02118,0.02057,0.02084,797224169,16683854.61585,82564,8193102.48533
1690848000000,0.02084,0.02108,0.02000,0.02105,1344729854,27738349.12669,120766,13682642.64581
1690934400000,0.02105,0.02118,0.02038,0.02061,876846506,18218449.87949,87190,8989485.52910
1691020800000,0.02060,0.02073,0.02019,0.02032,751420374,15372732.99946,71008,7483961.66686
1691107200000,0.02033,0.02053,0.02007,0.02029,597941087,12149279.26605,63775,5875435.02525
1691193600000,0.02029,0.02035,0.02002,0.02022,384629482,7760779.41363,51081,3708482.79578
1691280000000,0.02021,0.02064,0.02010,0.02017,505371863,10274871.44174,62299,5072938.20415
1691366400000,0.02017,0.02037,0.01950,0.02001,918485991,18371942.72264,85035,8867554.20620
1691452800000,0.02001,0.02034,0.01983,0.02013,604337953,12133495.64726,62238,5758574.97754
1691539200000,0.02014,0.02026,0.01975,0.01998,645664038,12930066.57621,61180,6421700.08575
1691625600000,0.01997,0.02016,0.01987,0.02002,482371495,9644088.17872,57797,4853914.66266
1691712000000,0.02003,0.02029,0.01981,0.02002,728846562,14584434.30396,63951,7168570.07150
1691798400000,0.02002,0.02020,0.01995,0.02008,331079836,6650582.65568,41989,3233928.47602
1691884800000,0.02008,0.02030,0.01988,0.01998,372517698,7481010.27093,42767,3613249.32285
1691971200000,0.01998,0.02047,0.01986,0.02019,799622780,16160698.69378,75530,7723601.04663
1692057600000,0.02019,0.02021,0.01757,0.01904,1104980147,21171900.72399,100442,9669421.99369
1692144000000,0.01904,0.01907,0.01740,0.01786,1390327827,25278052.75242,125065,12209444.19339
1692230400000,0.01786,0.01814,0.01480,0.01628,1988744906,33662415.07615,173801,16572975.64641
1692316800000,0.01627,0.01675,0.01620,0.01667,1051930734,17359381.77594,95209,8473108.24409
1692403200000,0.01667,0.01704,0.01659,0.01700,407954793,6851560.79513,54468,3476538.01250
1692489600000,0.01700,0.01714,0.01686,0.01701,284310518,4834625.56318,39146,2346239.48878
1692576000000,0.01702,0.01704,0.01621,0.01663,470281946,7827677.51232,52457,3880966.54738
1692662400000,0.01662,0.01688,0.01599,0.01668,715586381,11812455.24386,72787,5806250.17164
1692748800000,0.01667,0.01723,0.01653,0.01699,483400101,8145145.50853,52734,4118840.11990
1692835200000,0.01698,0.01704,0.01641,0.01671,470697254,7906394.70010,45804,3905429.83070
1692921600000,0.01670,0.01682,0.01639,0.01675,536180058,8921874.62393,58474,4364663.72396
1693008000000,0.01674,0.01695,0.01657,0.01663,270167865,4517269.64509,35350,2251205.35401
1693094400000,0.01664,0.01672,0.01648,0.01670,289470152,4803838.64104,36460,2273525.78813
1693180800000,0.01670,0.01673,0.01619,0.01672,476149616,7856690.47265,52191,3920683.74199
1693267200000,0.01672,0.01754,0.01628,0.01740,1013375498,17245246.03515,86919,8623458.84246
1693353600000,0.01740,0.01745,0.01678,0.01698,548438979,9365115.60435,53355,4706707.98689
1693440000000,0.01697,0.01704,0.01590,0.01615,753996017,12401959.33654,65276,6025815.39315
1693526400000,0.01615,0.01627,0.01565,0.01588,567298399,9069373.54219,59859,4277623.91923
1693612800000,0.01589,0.01606,0.01570,0.01595,350367509,5563243.28051,41756,2632894.54384
1693699200000,0.01595,0.01613,0.01588,0.01609,322751732,5169277.11031,39729,2593078.29740
1693785600000,0.01609,0.01644,0.01582,0.01609,434690861,7000392.94093,45426,3565148.58820
1693872000000,0.01609,0.01649,0.01585,0.01645,390176548,6302764.78054,42808,3244067.90222
1693958400000,0.01645,0.01657,0.01589,0.01637,504582983,8219870.38119,53658,4034907.64111
1694044800000,0.01636,0.01674,0.01619,0.01659,428712874,7027637.16332,47034,3510687.21803
1694131200000,0.01660,0.01673,0.01612,0.01657,513382071,8435962.47720,53003,4195905.51161
1694217600000,0.01656,0.01659,0.01627,0.01639,239283930,3934310.08747,31528,1910879.74807
1694304000000,0.01640,0.01641,0.01550,0.01576,632052876,10031162.59649,59467,4801228.39115
1694390400000,0.01576,0.01586,0.01463,0.01505,999271766,15134332.76468,97289,7156952.02103
1694476800000,0.01504,0.01572,0.01491,0.01520,816672772,12539781.83692,76443,6299075.94966
1694563200000,0.01521,0.01650,0.01515,0.01592,3910865978,62240708.15139,251543,30886729.35785
1694649600000,0.01593,0.01626,0.01591,0.01615,964516751,15500234.15527,83144,7399140.44113
1694736000000,0.01615,0.01686,0.01596,0.01665,798653065,13038968.72208,76356,6314677.49344
1694822400000,0.01665,0.01686,0.01635,0.01661,707743382,11770021.60305,72601,5681848.45352
1694908800000,0.01662,0.01662,0.01571,0.01585,650958803,10554803.94002,66908,5231851.74619
1694995200000,0.01585,0.01652,0.01570,0.01612,661660863,10693677.31033,72251,5131732.42998
1695081600000,0.01612,0.01660,0.01604,0.01644,618823465,10130968.90979,63617,5018311.47326
1695168000000,0.01644,0.01667,0.01610,0.01658,594713787,9727383.97856,69620,4819854.32017
1695254400000,0.01659,0.01747,0.01626,0.01690,2070606956,34965337.47122,166385,17244156.45909
1695340800000,0.01690,0.01813,0.01687,0.01791,3488527090,61537198.38737,251422,30508328.09703
1695427200000,0.01791,0.01796,0.01723,0.01761,1190209098,20882495.20585,95318,10594449.77862
1695513600000,0.01762,0.01764,0.01686,0.01696,804489112,13795168.76280,77536,6834622.15759
1695600000000,0.01697,0.01706,0.01657,0.01689,785117285,13188416.44872,79268,6238680.57240
1695686400000,0.01689,0.01725,0.01662,0.01703,717605321,12117293.74335,67253,5925727.86448
1695772800000,0.01703,0.01715,0.01659,0.01676,767713603,12945310.70348,67329,6038139.80779
1695859200000,0.01676,0.01717,0.01667,0.01703,537820445,9109432.03576,56434,4362521.94662
1695945600000,0.01704,0.01748,0.01691,0.01720,654422771,11245338.27974,63190,5604807.33979
1696032000000,0.01720,0.01796,0.01719,0.01775,1143505615,20195853.52282,95621,10228587.68355
1696118400000,0.01776,0.01825,0.01746,0.01795,961152041,17103760.08819,87175,8218678.60602
1696204800000,0.01796,0.01814,0.01677,0.01717,1081235243,19066783.57622,96117,9274250.89470
1696291200000,0.01718,0.01733,0.01679,0.01686,518942036,8841990.45746,60066,4338662.45625
1696377600000,0.01686,0.01688,0.01620,0.01674,726265494,12081298.39271,75070,5573834.83176
1696464000000,0.01673,0.01683,0.01644,0.01647,409587070,6810775.68246,53692,3460128.31114
1696550400000,0.01648,0.01722,0.01643,0.01696,837919326,14114571.34850,83963,7024494.58111
1696636800000,0.01697,0.01704,0.01678,0.01692,350601920,5925487.66943,42322,2885153.23226
1696723200000,0.01692,0.01702,0.01668,0.01688,420267485,7091464.89242,50956,3285097.93949
1696809600000,0.01688,0.01699,0.01566,0.01606,832483726,13500493.44262,87033,6300130.46881
1696896000000,0.01607,0.01618,0.01586,0.01601,436610226,6993763.31532,50900,3384730.50042
1696982400000,0.01601,0.01608,0.01564,0.01585,487285357,7728361.29379,52086,3673804.88834
1697068800000,0.01586,0.01600,0.01564,0.01581,458534043,7266110.40842,46699,3489936.99719
1697155200000,0.01581,0.01619,0.01578,0.01599,411434529,6564631.07503,37290,3486020.09659
1697241600000,0.01600,0.01641,0.01598,0.01634,387229275,6291660.91498,35299,3108389.14937
1697328000000,0.01634,0.01684,0.01624,0.01652,653439764,10837738.82374,56404,5646576.02748
1697414400000,0.01653,0.01718,0.01640,0.01673,996991628,16699857.97559,77996,8215483.77845
1697500800000,0.01672,0.01692,0.01627,0.01684,682657312,11408026.89776,55406,5601821.24166
1697587200000,0.01683,0.01714,0.01644,0.01657,824070541,13853325.83316,71297,6827454.19892
1697673600000,0.01656,0.01702,0.01629,0.01647,934329325,15532681.63864,85128,7776424.66468
1697760000000,0.01646,0.01703,0.01620,0.01700,692024298,11580525.71295,69266,5849558.91008
1697846400000,0.01700,0.01752,0.01690,0.01738,542705371,9362924.73685,58498,4635463.76909
1697932800000,0.01738,0.01761,0.01680,0.01758,653207962,11240855.51044,67466,5435623.69729
1698019200000,0.01758,0.01850,0.01731,0.01830,1241277548,22103062.54203,113181,11054532.20783
1698105600000,0.01830,0.01886,0.01770,0.01840,1913237608,35197010.68787,189366,17219447.51433
1698192000000,0.01840,0.01904,0.01808,0.01872,1361324063,25374103.49179,118951,12450721.64231
1698278400000,0.01872,0.01920,0.01784,0.01863,1351530858,25159783.61056,115618,12243344.42791
1698364800000,0.01863,0.01867,0.01789,0.01818,617570720,11288246.15805,65429,5428401.69267
1698451200000,0.01818,0.01881,0.01817,0.01874,463218127,8587555.10028,56757,4382726.70160
1698537600000,0.01875,0.01922,0.01836,0.01903,591541002,11136207.63898,66690,5543831.69065
1698624000000,0.01904,0.01936,0.01877,0.01934,707762347,13514509.76996,73775,6439604.99279
1698710400000,0.01934,0.01955,0.01795,0.01896,1047245684,19672227.12388,111778,9465608.59748
1698796800000,0.01897,0.02046,0.01895,0.02030,2361104413,46398027.96546,209817,22898465.09398
1698883200000,0.02030,0.02037,0.01919,0.01984,1172797285,23316488.35090,120033,11198870.48792
1698969600000,0.01985,0.01985,0.01893,0.01954,660592036,12761767.46992,83294,5993319.16493
1699056000000,0.01955,0.02039,0.01940,0.02023,512245931,10187147.38282,65399,4988325.37621
1699142400000,0.02023,0.02073,0.01983,0.02043,932402806,18901700.39809,100514,9081589.87373
1699228800000,0.02043,0.02123,0.01997,0.02109,804623828,16593618.08530,94296,7950565.40935
1699315200000,0.02109,0.02112,0.01974,0.02065,804909211,16548421.43826,108782,7803777.18637
1699401600000,0.02065,0.02137,0.02042,0.02113,552291436,11585770.84861,71860,5612893.16602
1699488000000,0.02113,0.02193,0.01781,0.02073,1681464318,34742285.16671,197661,16290784.03194
1699574400000,0.02074,0.02155,0.02037,0.02149,1051080998,21968784.30342,112023,10744221.63078
1699660800000,0.02149,0.02337,0.02060,0.02260,2152970384,48113214.37889,225498,23749258.19522
1699747200000,0.02261,0.02323,0.02154,0.02275,1309413386,29620340.41076,153944,14387963.92041
1699833600000,0.02275,0.02316,0.02154,0.02181,1088786069,24373148.59169,142818,11687348.53780
1699920000000,0.02181,0.02197,0.02000,0.02099,1175919551,24907395.12778,133684,11693382.99916
1700006400000,0.02098,0.02216,0.02071,0.02206,854217690,18436892.94042,95320,9096582.71060
1700092800000,0.02206,0.02263,0.02075,0.02127,1259982995,27462783.16423,144580,13304400.93445
1700179200000,0.02128,0.02184,0.02041,0.02142,938465111,19884060.16440,111152,9595693.87552
1700265600000,0.02142,0.02231,0.02076,0.02205,1978061367,42971303.46940,205296,20945301.66790
1700352000000,0.02205,0.02230,0.02108,0.02220,941266788,20409826.40800,107146,9874733.53430
1700438400000,0.02221,0.02239,0.02154,0.02210,1034262475,22791980.74673,115601,10775203.96076
1700524800000,0.02210,0.02221,0.01945,0.01953,1703093613,35426412.14109,173966,16678215.76528
1700611200000,0.01953,0.02093,0.01948,0.02068,718115686,14514617.03621,87643,6979199.84814
1700697600000,0.02069,0.02115,0.02050,0.02092,511241868,10647871.58680,68488,5096738.41082
1700784000000,0.02093,0.02135,0.02082,0.02107,480264126,10126912.76052,68816,4777640.30008
1700870400000,0.02107,0.02149,0.02092,0.02146,366701690,7793507.87180,56200,3770144.99071
1700956800000,0.02145,0.02159,0.02056,0.02121,606092946,12858803.92841,75858,6105666.64046
1701043200000,0.02121,0.02137,0.02023,0.02067,618128600,12759088.05062,85717,6071461.84777
1701129600000,0.02067,0.02099,0.02011,0.02082,471347253,9708104.82671,66417,4601658.70016
1701216000000,0.02081,0.02174,0.02054,0.02157,1196022727,25337853.41055,128687,12638859.30155
1701302400000,0.02157,0.02196,0.02107,0.02190,1136534373,24343870.92655,119780,11695453.60399
1701388800000,0.02189,0.02241,0.02158,0.02206,1365232050,29951979.71108,133769,14526556.18716
1701475200000,0.02207,0.02242,0.02170,0.02220,764505900,16861160.40563,75603,8024103.22597
1701561600000,0.02220,0.02270,0.02183,0.02234,829333059,18466464.27013,98575,8855172.83704
1701648000000,0.02235,0.02288,0.02100,0.02263,1485643276,33115074.03858,160177,15831015.53756
1701734400000,0.02263,0.02364,0.02249,0.02340,1863629251,43110622.02390,202932,21600132.18539
1701820800000,0.02340,0.02352,0.02243,0.02299,1406057942,32471408.96188,155984,15412559.29824
1701907200000,0.02300,0.02394,0.02259,0.02362,1241903220,28911284.52670,155587,13978820.37922
1701993600000,0.02363,0.02519,0.02336,0.02475,1174901431,28486656.99101,149085,13935133.14601
1702080000000,0.02474,0.02563,0.02442,0.02486,1496272332,37520384.30256,187860,18001482.26717
1702166400000,0.02486,0.02524,0.02381,0.02452,729371032,17898690.23248,102540,8350487.98376
1702252800000,0.02452,0.02460,0.02041,0.02241,1735436666,39265094.07835,225589,18549701.23948
1702339200000,0.02241,0.02384,0.02236,0.02359,1485453966,34527870.42216,176013,16775646.01757
1702425600000,0.02359,0.02409,0.02223,0.02389,1746456957,40456655.26336,186541,20070496.56948
1702512000000,0.02390,0.02474,0.02301,0.02454,1067779132,25611326.87752,134066,12252300.39238
1702598400000,0.02454,0.02456,0.02301,0.02320,761236938,18098627.90244,110985,8659704.73758
1702684800000,0.02321,0.02436,0.02283,0.02396,716995611,17073421.12296,105093,7862457.97091
1702771200000,0.02396,0.02400,0.02297,0.02311,628397767,14736540.94385,95730,7190004.03571
1702857600000,0.02310,0.02322,0.02129,0.02259,1379015720,30525377.91760,163310,14411843.74844
1702944000000,0.02259,0.02345,0.02238,0.02249,823993128,18901799.51014,120337,9265381.03498
1703030400000,0.02249,0.02368,0.02234,0.02328,732436174,16943446.24337,109060,8317503.72669
1703116800000,0.02327,0.02450,0.02301,0.02432,811810249,19347652.99614,118078,9045623.85059
1703203200000,0.02433,0.02598,0.02391,0.02594,1017519265,25151054.73628,129148,12024498.75218
1703289600000,0.02594,0.02600,0.02476,0.02545,1081773697,27407978.78105,134090,13346511.41890
1703376000000,0.02546,0.02780,0.02497,0.02656,2003448390,53099705.30016,228664,25099109.32289
1703462400000,0.02656,0.02715,0.02609,0.02672,1031406719,27481305.62693,140018,13272390.69223
1703548800000,0.02671,0.02761,0.02456,0.02748,1759183842,46491864.20629,211222,21251126.18565
1703635200000,0.02748,0.02769,0.02625,0.02715,1074407771,29150851.30073,168162,13852621.04246
1703721600000,0.02715,0.02756,0.02535,0.02577,1218087953,32102474.11956,173296,15599639.61036
1703808000000,0.02579,0.02604,0.02454,0.02526,979905235,24823619.83548,147798,12270636.50607
1703894400000,0.02527,0.02543,0.02459,0.02501,505028164,12668282.40209,82705,6098395.63404
1703980800000,0.02501,0.02572,0.02400,0.02480,653874451,16438159.11794,101772,8105645.44860
1704067200000,0.02480,0.02564,0.02456,0.02563,422596135,10581950.74679,71870,5075576.14290
1704153600000,0.02563,0.02641,0.02514,0.02545,770564049,19884594.55976,113884,9488620.38106
1704240000000,0.02545,0.02723,0.02128,0.02316,3208666802,77836268.23243,382632,36203979.44814
1704326400000,0.02316,0.02397,0.02262,0.02375,981414055,22928438.61732,132055,11585522.29769
1704412800000,0.02375,0.02393,0.02177,0.02289,1021876619,23255432.13438,143673,11213044.86236
1704499200000,0.02289,0.02291,0.02158,0.02265,813050493,18226376.77405,115186,9456649.16844
1704585600000,0.02264,0.02297,0.02088,0.02113,801364169,17643751.55001,114466,8596388.18830
1704672000000,0.02114,0.02214,0.01921,0.02205,1660102531,34264576.55956,185536,16565746.47347
1704758400000,0.02205,0.02209,0.02021,0.02085,1233765616,25838043.07625,145736,12623332.99642
1704844800000,0.02085,0.02282,0.02020,0.02246,1245206297,26489056.26426,165189,13081747.08241
1704931200000,0.02245,0.02340,0.02212,0.02295,1073476428,24415241.63727,141810,12252093.72256
1705017600000,0.02294,0.02363,0.02096,0.02173,1307151951,29447025.87215,153664,13895255.13534
1705104000000,0.02174,0.02218,0.02102,0.02200,493743988,10762129.90504,69213,5274075.36508
1705190400000,0.02200,0.02220,0.02121,0.02128,523231721,11422502.92308,74170,5547394.26228
1705276800000,0.02128,0.02221,0.02126,0.02172,570823960,12455063.76333,75338,5923566.60871
1705363200000,0.02171,0.02334,0.02165,0.02295,1183127150,26633957.22692,126469,12871191.64350
1705449600000,0.02294,0.02338,0.02223,0.02301,950623174,21740093.45061,102574,10189807.82558
1705536000000,0.02301,0.02329,0.02106,0.02150,950068377,21024179.28631,116680,10039637.09989
1705622400000,0.02150,0.02158,0.02015,0.02126,869224535,18232809.41422,110862,8596405.50163
1705708800000,0.02125,0.02217,0.02097,0.02191,682738053,14752867.87740,80096,7230686.19041
1705795200000,0.02191,0.02228,0.02157,0.02161,445993693,9761045.81885,57992,4812925.46859
1705881600000,0.02161,0.02176,0.02014,0.02031,767778935,16055452.25123,100084,7879524.11121
1705968000000,0.02031,0.02078,0.01867,0.01961,1241161944,24138964.01667,130161,11628344.18096
1706054400000,0.01961,0.02013,0.01948,0.02004,602779578,11945169.80842,83082,5965791.88015
1706140800000,0.02005,0.02010,0.01939,0.01993,588081341,11654969.31658,77296,5663866.24561
1706227200000,0.01993,0.02050,0.01974,0.02038,416761254,8433109.98999,55624,4109633.16393
1706313600000,0.02038,0.02084,0.02018,0.02078,411542930,8424556.34995,52032,4103925.89884
1706400000000,0.02079,0.02102,0.02021,0.02041,371751818,7678478.65430,54918,3780117.97696
1706486400000,0.02042,0.02087,0.02003,0.02085,432861649,8878931.08613,61703,4456402.97371
1706572800000,0.02086,0.02099,0.02032,0.02045,470974537,9745384.90479,64670,4523770.30250
1706659200000,0.02046,0.02059,0.01967,0.01993,591852210,11904498.94975,74552,5988249.50075
1706745600000,0.01993,0.02027,0.01958,0.02025,484070610,9665195.81202,62451,4580030.55450
1706832000000,0.02024,0.02046,0.01985,0.02035,410050699,8270110.15300,54597,4016783.25916
1706918400000,0.02036,0.02047,0.01991,0.02022,268035813,5406970.37340,40621,2488092.79498
1707004800000,0.02022,0.02022,0.01971,0.01977,264857422,5286249.13188,45864,2473243.68516
1707091200000,0.01977,0.02013,0.01941,0.01984,350550707,6954434.27759,55613,3419134.58169
1707177600000,0.01984,0.01994,0.01962,0.01974,278642835,5515955.97850,48780,2748321.56297
1707264000000,0.01974,0.02043,0.01970,0.02031,360122715,7228762.21109,56582,3435677.51484
1707350400000,0.02031,0.02064,0.02018,0.02039,383871934,7828107.93698,54468,3848363.08708
1707436800000,0.02040,0.02130,0.02038,0.02119,530824917,11091067.95738,69304,5302923.55588
1707523200000,0.02120,0.02134,0.02062,0.02100,424981601,8918185.50288,52434,4194091.35075
1707609600000,0.02101,0.02154,0.02087,0.02104,450100919,9541194.90840,57941,4522300.91010
1707696000000,0.02104,0.02167,0.02064,0.02154,538217131,11395536.75740,68561,5517602.54523
1707782400000,0.02153,0.02168,0.02072,0.02124,742583508,15777118.16692,92045,7355904.53110
1707868800000,0.02125,0.02210,0.02104,0.02191,597038090,12969062.81191,76805,6376318.50596
1707955200000,0.02192,0.02341,0.02175,0.02282,1472547238,33327960.41441,151328,16160273.16490
1708041600000,0.02282,0.02362,0.02239,0.02319,995163095,22917925.23699,109818,11070244.52935
1708128000000,0.02318,0.02328,0.02189,0.02286,699339100,15781800.53977,82135,7415659.22397
1708214400000,0.02286,0.02389,0.02258,0.02370,715676223,16618049.09477,85860,8064205.67961
1708300800000,0.02371,0.02454,0.02332,0.02435,1045466882,24956612.10648,122393,12172399.25679
1708387200000,0.02434,0.02456,0.02239,0.02350,1566094800,37188075.35161,168277,17207051.07303
1708473600000,0.02351,0.02437,0.02205,0.02292,1307239115,30389857.64388,155166,14525624.17192
1708560000000,0.02292,0.02376,0.02242,0.02340,738717223,17157664.91308,106565,8840988.04921
1708646400000,0.02339,0.02360,0.02244,0.02308,762365865,17553040.33449,116526,8369519.65474
1708732800000,0.02308,0.02442,0.02261,0.02407,745184312,17711241.80011,113544,8471409.10865
1708819200000,0.02407,0.02624,0.02349,0.02577,1566847254,39050916.62579,185208,19517359.27743
1708905600000,0.02576,0.02671,0.02433,0.02600,2886279162,73956834.10201,319125,35949795.51386
1708992000000,0.02601,0.02735,0.02559,0.02624,2052629682,54277002.75738,241276,26124853.51214
1709078400000,0.02624,0.02933,0.02373,0.02735,3539556743,96810689.17282,457745,46549356.80891
1709164800000,0.02736,0.02945,0.02683,0.02781,1843556934,52124231.94656,305150,24901100.23428
1709251200000,0.02782,0.02925,0.02778,0.02913,864203580,24549917.02448,163902,12048730.31885
1709337600000,0.02914,0.03159,0.02910,0.03138,1601827518,48212119.51947,271049,23593957.14810
1709424000000,0.03138,0.03168,0.02752,0.03027,1491751017,44825827.70481,242443,21180520.80051
1709510400000,0.03028,0.03350,0.02980,0.03231,2540258469,81671616.77967,406393,39377925.17617
1709596800000,0.03231,0.03663,0.02471,0.03018,4282787367,139301254.19270,728724,66418308.18698
1709683200000,0.03018,0.04013,0.03018,0.03676,6665627891,236831557.63165,1111897,115845435.57925
1709769600000,0.03675,0.03685,0.03377,0.03543,2344704377,82331381.20346,392639,40230679.27794
1709856000000,0.03544,0.03586,0.03278,0.03490,2005524117,69005182.44898,330764,33857089.35953
1709942400000,0.03490,0.03606,0.03452,0.03522,1218094359,43042218.31523,222153,20400875.81507
1710028800000,0.03521,0.03792,0.03442,0.03608,2456955183,89118239.33077,395355,42952556.50978
1710115200000,0.03609,0.03821,0.03339,0.03788,1940088115,70509968.49196,356961,34056860.53009
1710201600000,0.03789,0.03833,0.03400,0.03769,1670327443,60931369.77403,323936,29081665.96566
1710288000000,0.03769,0.04497,0.03717,0.04054,3686082738,152884242.91830,672311,75058809.71051
1710374400000,0.04054,0.04150,0.03671,0.03943,2337047118,92489194.85573,437884,44279535.29613
1710460800000,0.03943,0.04106,0.03341,0.03696,2604702659,95204860.89353,478144,46395838.10403
1710547200000,0.03696,0.03754,0.03208,0.03293,1578088901,55197562.36275,299868,26373850.06740
1710633600000,0.03293,0.03448,0.03059,0.03398,1466136392,48295116.51495,252084,23896301.42593
1710720000000,0.03397,0.03441,0.03107,0.03181,990728510,32241740.95937,206972,15929683.68924
1710806400000,0.03181,0.03305,0.02764,0.03085,2884449618,87496801.36294,426907,41999065.93738
1710892800000,0.03084,0.03416,0.02938,0.03407,2089481836,66375739.01551,321507,33221491.68825
1710979200000,0.03408,0.03471,0.03276,0.03371,1039276495,35120458.43814,181468,17438029.08846
1711065600000,0.03369,0.03499,0.03185,0.03283,972869125,32369519.46159,192326,15345885.44418
1711152000000,0.03283,0.03401,0.03226,0.03288,501677548,16700940.16766,108366,8398732.77269
1711238400000,0.03287,0.03409,0.03222,0.03397,565394995,18705825.77213,104923,9218007.87019
1711324800000,0.03398,0.03638,0.03341,0.03599,951040034,33247686.10010,166411,16746837.61168
1711411200000,0.03599,0.03852,0.03591,0.03741,1235035077,45998295.60247,230519,23107279.05194
1711497600000,0.03741,0.03790,0.03472,0.03552,1025017553,36992481.14514,164719,17271691.62790
1711584000000,0.03552,0.03835,0.03456,0.03734,1316489211,48615454.96446,194347,23927484.09683
1711670400000,0.03733,0.03749,0.03583,0.03686,912500482,33498694.26940,146197,15806003.34871
1711756800000,0.03685,0.03833,0.03634,0.03716,1034058376,38675880.72181,175039,18937735.14420
1711843200000,0.03716,0.04069,0.03671,0.03895,2640435624,102560007.66177,362746,50596490.92950
1711929600000,0.03896,0.03897,0.03489,0.03587,1761539173,64386118.02961,258369,30361334.16004
1712016000000,0.03587,0.03587,0.03200,0.03259,1421921525,47232675.04633,220253,22526752.26224
1712102400000,0.03259,0.03347,0.03120,0.03189,1048861147,34100563.61644,171923,16635307.11375
1712188800000,0.03189,0.03383,0.03121,0.03298,855231942,27927864.89271,144820,13808303.23231
1712275200000,0.03298,0.03303,0.03114,0.03229,721404772,23174109.94321,133927,11305668.51490
1712361600000,0.03228,0.03336,0.03202,0.03306,368986384,12054437.94693,79615,5954149.54196
1712448000000,0.03306,0.03393,0.03287,0.03349,422752600,14153998.86671,85705,6712212.67673
1712534400000,0.03349,0.03548,0.03257,0.03542,688808280,23653287.47184,121760,11816008.62991
1712620800000,0.03542,0.03558,0.03291,0.03304,630772410,21540877.03636,120831,10201937.50480
1712707200000,0.03304,0.03361,0.03132,0.03299,798420111,25970090.54049,136065,12512475.34477
1712793600000,0.03299,0.03416,0.03274,0.03366,664710258,22238287.05268,117527,11205124.63796
1712880000000,0.03366,0.03460,0.02463,0.02784,1854097901,55656791.52854,309883,25272980.04817
1712966400000,0.02784,0.02815,0.02010,0.02346,3148384571,76431313.55003,344049,37143991.14471
1713052800000,0.02347,0.02540,0.02225,0.02510,1854783053,44478256.42524,244005,21853829.99488
1713139200000,0.02510,0.02638,0.02323,0.02424,1500999868,37499773.36517,206433,18555215.24930
1713225600000,0.02423,0.02477,0.02297,0.02422,1244483231,29783973.36231,182003,14816551.39153
1713312000000,0.02422,0.02456,0.02253,0.02340,1163118202,27389953.77091,167157,13654449.31399
1713398400000,0.02339,0.02453,0.02262,0.02430,823455217,19477226.37200,145986,9672606.86684
1713484800000,0.02430,0.02540,0.02239,0.02475,1173746189,28630989.31762,192675,14101718.87496
1713571200000,0.02476,0.02660,0.02443,0.02635,569517121,14565431.36353,103921,7263384.57084
1713657600000,0.02634,0.02665,0.02529,0.02585,546093011,14175566.50189,100200,7078870.28228
1713744000000,0.02585,0.02688,0.02578,0.02658,538977720,14251266.46701,106133,7118376.74638
1713830400000,0.02659,0.02726,0.02608,0.02719,478296167,12728055.51313,97999,6125513.29734
1713916800000,0.02718,0.02842,0.02520,0.02559,1318500076,35583224.17136,197227,17244150.78478
1714003200000,0.02559,0.02626,0.02481,0.02575,621252424,15811802.40393,104491,7864341.32635
1714089600000,0.02574,0.02584,0.02476,0.02495,535599702,13562051.16400,92853,6590589.56367
1714176000000,0.02496,0.02539,0.02388,0.02511,495927488,12269310.19223,81027,5963146.80090
1714262400000,0.02511,0.02560,0.02435,0.02448,337325967,8468596.46799,60768,3980762.63353
1714348800000,0.02448,0.02484,0.02366,0.02420,555498519,13416059.20040,93788,6663430.48999
1714435200000,0.02420,0.02456,0.02190,0.02277,858160808,19698707.14029,132537,9828875.01835
1714521600000,0.02276,0.02346,0.02100,0.02304,1189394366,26515559.38735,165356,13181805.90177
1714608000000,0.02303,0.02374,0.02226,0.02341,481666766,11100928.24277,82767,5301750.39436
1714694400000,0.02340,0.02471,0.02316,0.02457,434511657,10378701.57425,84962,5304210.10017
1714780800000,0.02456,0.02485,0.02420,0.02450,426101870,10456933.51649,70701,5069684.59931
1714867200000,0.02450,0.02500,0.02406,0.02478,363070371,8888949.69084,70074,4394020.62477
1714953600000,0.02479,0.02548,0.02403,0.02408,549604338,13523089.76479,91149,6460837.35416
1715040000000,0.02408,0.02465,0.02347,0.02360,484427542,11682169.04069,88621,5848235.63732
1715126400000,0.02359,0.02391,0.02306,0.02338,556191677,13043976.10501,91878,6552457.82684
1715212800000,0.02337,0.02440,0.02293,0.02426,421824695,9998822.94869,79948,4805445.94635
1715299200000,0.02425,0.02447,0.02271,0.02295,623003019,14665810.79520,95990,7048165.98571
1715385600000,0.02296,0.02344,0.02284,0.02290,363076004,8393821.88102,63791,4394971.46785
1715472000000,0.02289,0.02312,0.02252,0.02267,267474632,6118064.03896,46960,2858687.96513
1715558400000,0.02266,0.02307,0.02185,0.02237,550382944,12373438.22182,97397,6214792.46932
1715644800000,0.02236,0.02261,0.02157,0.02166,481640828,10666430.55955,81320,5193214.52209
1715731200000,0.02167,0.02320,0.02164,0.02307,606652141,13621028.43318,93699,6641582.95048
1715817600000,0.02308,0.02371,0.02269,0.02310,484788664,11237668.16078,78058,5434703.83399
1715904000000,0.02310,0.02410,0.02287,0.02379,347254753,8185701.12419,64170,4076958.87359
1715990400000,0.02380,0.02397,0.02341,0.02358,286330129,6792139.82485,52598,3367126.85849
1716076800000,0.02359,0.02375,0.02248,0.02258,350523244,8078722.28601,65272,3852409.16013
1716163200000,0.02257,0.02478,0.02221,0.02464,797405631,18726328.18824,110876,9255365.67689
1716249600000,0.02465,0.02519,0.02424,0.02472,714730038,17677467.87066,97338,8532945.87736
1716336000000,0.02472,0.02485,0.02391,0.02428,610177998,14883156.33283,88923,7163608.56078
1716422400000,0.02428,0.02475,0.02242,0.02375,1207500144,28608209.78724,135597,13944046.66939
1716508800000,0.02373,0.02413,0.02307,0.02405,497833749,11806376.22733,82493,5850205.71444
1716595200000,0.02405,0.02454,0.02395,0.02430,379585359,9225330.94628,59734,4573382.15619
1716681600000,0.02429,0.02443,0.02376,0.02400,378900557,9132826.86944,65863,4588514.27895
1716768000000,0.02400,0.02564,0.02385,0.02506,704348063,17420557.79983,106462,8496565.26887
1716854400000,0.02505,0.02515,0.02407,0.02485,739310853,18262555.79054,122281,9082910.84486
1716940800000,0.02484,0.02526,0.02424,0.02434,465761441,11543187.43025,87953,5500592.76452
1717027200000,0.02434,0.02471,0.02352,0.02397,511853194,12345068.80575,86927,5898398.44663
1717113600000,0.02397,0.02402,0.02321,0.02366,425949386,10092152.81497,67758,4822738.06555
1717200000000,0.02367,0.02377,0.02337,0.02363,201391880,4748013.83531,38097,2315156.91705
1717286400000,0.02363,0.02388,0.02291,0.02312,357368921,8380539.35936,58716,3819288.13812
1717372800000,0.02313,0.02365,0.02290,0.02318,443342750,10360880.61648,72540,4915248.08255
1717459200000,0.02317,0.02374,0.02285,0.02361,417844589,9712766.38711,69803,4912632.84173
1717545600000,0.02362,0.02414,0.02342,0.02413,419385045,9973874.51547,65667,4817271.35416
1717632000000,0.02412,0.02428,0.02351,0.02379,388662982,9319571.86030,60213,4311942.93136
1717718400000,0.02379,0.02518,0.02026,0.02263,1557191286,36240804.89249,166402,17241201.73989
1717804800000,0.02264,0.02269,0.02088,0.02108,644155307,13993611.14351,84375,6920170.40013
1717891200000,0.02107,0.02163,0.02091,0.02152,328539980,6987836.74491,48961,3567311.24169
1717977600000,0.02152,0.02173,0.02086,0.02117,463441765,9873499.21268,71636,4723767.02299
1718064000000,0.02117,0.02132,0.01969,0.02010,767794635,15695125.21920,100134,7514633.00428
1718150400000,0.02011,0.02152,0.01967,0.02102,719183117,15021331.92995,94489,7108184.43860
1718236800000,0.02101,0.02116,0.01986,0.01996,691145928,14145548.38124,83320,7043970.51612
1718323200000,0.01997,0.02040,0.01857,0.01934,741534809,14531153.00783,86759,6985285.09967
1718409600000,0.01934,0.01996,0.01932,0.01978,281762814,5548862.38281,46004,2749876.40223
1718496000000,0.01977,0.01990,0.01931,0.01967,265991673,5216713.08432,44347,2564950.86756
1718582400000,0.01968,0.01992,0.01756,0.01793,888017323,16530419.74831,105638,7925528.52522
1718668800000,0.01793,0.01802,0.01520,0.01684,1428628560,23573916.90774,149580,11327915.94517
1718755200000,0.01684,0.01765,0.01667,0.01717,550661489,9475720.13853,72479,4488875.01398
1718841600000,0.01716,0.01841,0.01705,0.01716,706640587,12564655.62858,91672,6134911.18617
1718928000000,0.01717,0.01770,0.01695,0.01701,535360487,9274401.14845,77219,4666915.96938
1719014400000,0.01701,0.01739,0.01682,0.01734,234588311,4019639.02260,40471,1834990.91483
1719100800000,0.01733,0.01773,0.01675,0.01690,306719257,5293449.91720,48448,2546379.29196
1719187200000,0.01692,0.01735,0.01590,0.01728,753141168,12642824.95223,100861,6126772.24495
1719273600000,0.01728,0.01817,0.01718,0.01771,522175027,9227067.94324,66555,4524281.92448
1719360000000,0.01771,0.01803,0.01732,0.01769,348483741,6181413.32949,54347,3069031.08757
1719446400000,0.01769,0.01823,0.01730,0.01809,449915509,8019009.68264,57114,4061482.96749
1719532800000,0.01809,0.01821,0.01737,0.01743,442097581,7876956.95694,63160,3927844.22615
1719619200000,0.01744,0.01784,0.01703,0.01711,310562986,5431807.31510,40100,2821825.08328
1719705600000,0.01711,0.01788,0.01691,0.01780,437517752,7601871.41667,51573,3812772.88346
1719792000000,0.01780,0.01806,0.01703,0.01715,465010894,8175089.37372,56818,4143735.63570
1719878400000,0.01715,0.01778,0.01703,0.01768,465081566,8059503.48535,54250,3894936.44432
1719964800000,0.01769,0.01770,0.01655,0.01688,521048984,8889652.57064,65001,4296083.98777
1720051200000,0.01689,0.01703,0.01507,0.01522,965313445,15446365.42889,102271,7426846.89255
1720137600000,0.01522,0.01523,0.01306,0.01488,2931066372,41360363.77905,185065,20278645.38886
1720224000000,0.01487,0.01582,0.01463,0.01566,622411388,9412757.72474,65782,4599602.32643
1720310400000,0.01565,0.01567,0.01435,0.01447,599382814,9020208.58379,74906,4569445.28849
1720396800000,0.01447,0.01540,0.01383,0.01484,957175554,14057501.07080,106744,6861117.23297
1720483200000,0.01483,0.01543,0.01469,0.01526,427685076,6455831.09645,56956,3121271.81127
1720569600000,0.01526,0.01586,0.01503,0.01574,461135873,7200073.00412,60571,3505564.44997
1720656000000,0.01574,0.01610,0.01531,0.01542,559091718,8786749.90753,65301,4313897.55687
1720742400000,0.01542,0.01571,0.01514,0.01567,457811934,7068559.65899,56984,3430562.57995
1720828800000,0.01567,0.01655,0.01561,0.01637,341952574,5487843.52791,43280,2578596.33200
1720915200000,0.01637,0.01651,0.01612,0.01640,297851530,4857628.16890,40443,2410694.13747
1721001600000,0.01640,0.01734,0.01640,0.01728,760181628,12782740.58879,70767,6167482.06562
1721088000000,0.01729,0.01787,0.01653,0.01757,723378649,12437856.40649,78904,5992239.09340
1721174400000,0.01758,0.01802,0.01727,0.01738,635469680,11234358.25483,71364,5436704.62468
1721260800000,0.01738,0.01779,0.01685,0.01722,419031255,7281594.07493,52886,3339974.15627
1721347200000,0.01722,0.01813,0.01692,0.01781,438508998,7734486.28180,57479,3762519.51534
1721433600000,0.01782,0.01808,0.01763,0.01789,278313826,4974879.90167,39909,2433732.22635
1721520000000,0.01789,0.01817,0.01708,0.01810,510519306,9088565.22016,64071,4312523.12297
1721606400000,0.01810,0.01825,0.01720,0.01736,400812754,7091855.43922,52239,3465947.46762
1721692800000,0.01736,0.01772,0.01666,0.01687,506596431,8710881.94242,68419,4241919.08178
1721779200000,0.01688,0.01747,0.01665,0.01677,331919914,5661892.78542,51544,2738095.74932
1721865600000,0.01677,0.01684,0.01552,0.01635,660347162,10609574.94629,75326,5093197.42488
1721952000000,0.01635,0.01724,0.01632,0.01722,318336788,5354443.04339,47044,2554448.67851
1722038400000,0.01722,0.01751,0.01693,0.01727,322614366,5561972.55690,47823,2704032.11677
1722124800000,0.01726,0.01737,0.01683,0.01711,228877044,3905895.63606,34320,1989149.84457
1722211200000,0.01711,0.01755,0.01683,0.01714,428940965,7384870.47519,58640,3707032.47979
1722297600000,0.01715,0.01737,0.01645,0.01679,402173636,6842352.26002,53828,3119302.57919
1722384000000,0.01679,0.01701,0.01621,0.01630,422807020,7034876.54970,57757,3442615.54111
1722470400000,0.01630,0.01645,0.01489,0.01608,665800663,10466814.06750,80716,5111614.43136
1722556800000,0.01607,0.01615,0.01481,0.01500,653047207,10062436.70198,81415,4935341.70089
1722643200000,0.01500,0.01528,0.01393,0.01423,682245511,9960717.46198,73569,4875010.15267
1722729600000,0.01422,0.01441,0.01301,0.01351,754978515,10355159.47456,77995,5109202.58009
1722816000000,0.01351,0.01360,0.01072,0.01235,4445097300,52625255.62822,289483,25925984.79387
1722902400000,0.01235,0.01328,0.01233,0.01304,896682167,11619089.50774,84420,5682717.44698
1722988800000,0.01303,0.01339,0.01236,0.01261,865722194,11182774.10003,87902,5648495.12877
1723075200000,0.01260,0.01409,0.01238,0.01405,617075809,8214855.82623,65766,3958796.45309
1723161600000,0.01405,0.01407,0.01350,0.01386,510025850,7037170.05787,54885,3395072.04205
1723248000000,0.01387,0.01426,0.01373,0.01421,310680444,4352586.60938,41167,2111289.42467
1723334400000,0.01421,0.01453,0.01329,0.01333,408490766,5676707.32521,50527,2881961.60828
1723420800000,0.01333,0.01422,0.01325,0.01394,681406131,9371033.52981,72315,4619269.76442
1723507200000,0.01394,0.01412,0.01348,0.01397,370532090,5107772.65074,46801,2511418.44100
1723593600000,0.01396,0.01403,0.01337,0.01364,431474376,5915390.85444,48892,2917731.58566
1723680000000,0.01363,0.01391,0.01301,0.01326,416337290,5608078.04175,46509,2684939.33979
1723766400000,0.01327,0.01343,0.01274,0.01317,359123567,4712459.99747,45862,2323337.33563
1723852800000,0.01317,0.01343,0.01304,0.01337,242933301,3221700.19400,29746,1520934.86232
1723939200000,0.01337,0.01374,0.01316,0.01334,392206160,5291289.54545,38153,2630341.86859
1724025600000,0.01335,0.01372,0.01306,0.01368,518599579,6921376.31080,51184,3458157.82754
1724112000000,0.01368,0.01398,0.01341,0.01377,358717505,4933400.71671,41690,2286861.49065
1724198400000,0.01378,0.01448,0.01362,0.01432,373318189,5215534.33948,42970,2637290.57921
1724284800000,0.01432,0.01474,0.01408,0.01466,331757084,4796176.56488,40112,2451950.19258
1724371200000,0.01467,0.01557,0.01464,0.01547,517477833,7814709.01842,56010,3939308.66203
1724457600000,0.01546,0.01604,0.01521,0.01570,406799899,6350579.03165,50690,3071425.26811
1724544000000,0.01571,0.01577,0.01497,0.01543,414760187,6377639.84391,51703,3183286.53904
1724630400000,0.01543,0.01552,0.01436,0.01438,532568672,7938211.78116,62223,3602294.53518
1724716800000,0.01439,0.01476,0.01328,0.01366,564262149,7977781.65264,65432,3865823.34772
1724803200000,0.01366,0.01403,0.01307,0.01351,563533009,7650172.17418,69993,3684747.02147
1724889600000,0.01351,0.01411,0.01338,0.01359,375497084,5144505.93010,50329,2451441.86910
1724976000000,0.01359,0.01372,0.01296,0.01352,475172295,6366690.36005,55319,3121741.92707
1725062400000,0.01353,0.01363,0.01313,0.01328,169131954,2265475.73341,27507,1093423.89139
1725148800000,0.01328,0.01329,0.01269,0.01282,382834416,5010935.75628,42795,2472520.55530
1725235200000,0.01282,0.01359,0.01267,0.01354,324388156,4261407.75868,42642,2207074.91761
1725321600000,0.01354,0.01385,0.01306,0.01312,423637413,5716113.03776,46521,2896264.61682
1725408000000,0.01311,0.01363,0.01244,0.01342,486122666,6342363.95750,52033,3039184.65267
1725494400000,0.01343,0.01348,0.01283,0.01300,310162292,4072631.63130,38967,2029777.23402
1725580800000,0.01299,0.01334,0.01211,0.01253,780756994,9976774.80851,62345,4752393.97499
1725667200000,0.01253,0.01307,0.01241,0.01273,376921027,4813527.63698,34589,2336467.78047
1725753600000,0.01273,0.01312,0.01263,0.01285,374884591,4809682.97581,34426,2410146.39524
1725840000000,0.01286,0.01341,0.01272,0.01328,511353173,6702933.08483,43676,3262456.70007
1725926400000,0.01328,0.01348,0.01311,0.01334,334668577,4446499.63769,32779,2076076.39257
1726012800000,0.01334,0.01338,0.01282,0.01323,476045570,6245877.35706,42464,3362409.28638
1726099200000,0.01323,0.01358,0.01323,0.01354,374361425,5024086.99934,33278,2330832.25885
1726185600000,0.01354,0.01390,0.01346,0.01379,335874678,4589530.63546,35779,2387649.11297
1726272000000,0.01379,0.01395,0.01349,0.01372,369371633,5072564.83022,30635,2589101.38399
1726358400000,0.01372,0.01394,0.01309,0.01327,368615099,5019733.04303,35732,2416014.34729
1726444800000,0.01326,0.01349,0.01284,0.01307,509516796,6698300.39403,38651,3192718.94857
1726531200000,0.01307,0.01362,0.01292,0.01349,336408712,4493644.86014,34728,2198053.37527
1726617600000,0.01349,0.01381,0.01297,0.01379,351911332,4713144.74001,40787,2389031.38082
1726704000000,0.01379,0.01438,0.01377,0.01425,522445436,7355560.66534,49771,3798651.99988
1726790400000,0.01424,0.01487,0.01416,0.01468,433112284,6296671.93461,49196,3083569.03135
1726876800000,0.01469,0.01576,0.01465,0.01554,879469514,13468827.78483,74557,6707471.91955
1726963200000,0.01553,0.01554,0.01451,0.01491,457867829,6840912.78912,55287,3300158.51655
1727049600000,0.01492,0.01554,0.01465,0.01543,424501421,6472570.54681,52274,3096276.86890
1727136000000,0.01544,0.01593,0.01505,0.01588,495693068,7715147.89097,53283,3645599.48153
1727222400000,0.01587,0.01602,0.01554,0.01564,386068419,6079486.54556,46168,2929922.47154
1727308800000,0.01563,0.01645,0.01538,0.01615,479521286,7671753.21887,56439,3863077.96589
1727395200000,0.01614,0.01684,0.01598,0.01667,670368080,11107114.38727,73633,5311261.37907
1727481600000,0.01668,0.01691,0.01584,0.01613,377309208,6165351.48832,53312,3163116.98646
1727568000000,0.01613,0.01626,0.01563,0.01603,348862129,5563480.77123,46952,2621343.39849
1727654400000,0.01602,0.01609,0.01482,0.01498,657054934,10170450.09386,70398,4869481.10474
1727740800000,0.01497,0.01555,0.01359,0.01382,1035402526,14985443.09240,92028,7213023.13858
1727827200000,0.01382,0.01447,0.01331,0.01362,831414007,11601873.78353,86780,5789112.54041
1727913600000,0.01362,0.01394,0.01318,0.01362,564649470,7636531.83710,66041,3721218.36610
1728000000000,0.01363,0.01424,0.01350,0.01413,396902038,5536806.62428,51965,2628329.89007
1728086400000,0.01414,0.01437,0.01387,0.01411,240851808,3404558.88975,35043,1591286.90468
1728172800000,0.01411,0.01453,0.01404,0.01448,259606557,3717921.73272,33064,1892275.86583
1728259200000,0.01448,0.01490,0.01432,0.01436,511173725,7486713.48921,57893,3618252.53290
1728345600000,0.01437,0.01459,0.01412,0.01427,334393475,4798591.71322,48255,2484786.57202
1728432000000,0.01427,0.01484,0.01376,0.01398,568420372,8163803.26994,62485,4229261.73984
1728518400000,0.01398,0.01420,0.01352,0.01397,419478464,5813011.07220,52176,2778055.05628
1728604800000,0.01397,0.01461,0.01387,0.01450,288105799,4111739.66468,41820,1992489.31308
1728691200000,0.01451,0.01493,0.01450,0.01479,338661924,5006405.22091,39460,2584602.84548
1728777600000,0.01479,0.01492,0.01435,0.01481,286834069,4215520.61331,39562,2109484.26926
1728864000000,0.01481,0.01594,0.01458,0.01544,1097026525,16912923.41441,93179,8587444.88245
1728950400000,0.01545,0.01572,0.01464,0.01530,897347270,13641938.08594,88656,6678620.13983
1729036800000,0.01530,0.01539,0.01484,0.01497,435051464,6552723.91182,52900,3119046.41797
1729123200000,0.01497,0.01515,0.01441,0.01465,463747758,6821864.90049,61242,3156590.40345
1729209600000,0.01466,0.01515,0.01460,0.01513,286212768,4241386.40515,37968,2112550.73185
1729296000000,0.01514,0.01586,0.01513,0.01540,733138002,11367428.79302,63278,5919160.73890
1729382400000,0.01541,0.01629,0.01514,0.01611,569001948,8912722.89758,61358,4283829.94050
1729468800000,0.01612,0.01639,0.01529,0.01572,895739619,14215820.73550,85606,6838339.84839
1729555200000,0.01571,0.01575,0.01495,0.01527,600485482,9207073.12142,71124,4543290.68995
1729641600000,0.01528,0.01530,0.01422,0.01459,470743221,6942268.06298,54451,3289348.09116
1729728000000,0.01459,0.01547,0.01449,0.01518,578017957,8661957.93096,62101,4158735.24705
1729814400000,0.01519,0.01548,0.01345,0.01406,934637154,13758025.29404,78701,6685547.21076
1729900800000,0.01405,0.01439,0.01381,0.01401,527960461,7438582.63480,52259,3536392.05531
1729987200000,0.01401,0.01442,0.01390,0.01426,393538181,5565189.44900,43986,2833349.99629
1730073600000,0.01425,0.01436,0.01370,0.01420,529784325,7438019.46143,52988,3561891.41830
1730160000000,0.01420,0.01492,0.01418,0.01479,565347337,8220048.87304,60645,4184965.94942
1730246400000,0.01479,0.01532,0.01458,0.01466,726089885,10830928.93690,63995,5251092.57364
1730332800000,0.01466,0.01469,0.01372,0.01388,521470774,7378640.87123,55230,3442971.66462
1730419200000,0.01388,0.01425,0.01358,0.01391,510333396,7090031.36905,55417,3403865.52004
1730505600000,0.01392,0.01421,0.01348,0.01364,351806614,4846475.21955,42688,2274203.82342
1730592000000,0.01365,0.01368,0.01273,0.01310,726541755,9527896.01236,70980,4566951.14422
1730678400000,0.01309,0.01333,0.01250,0.01278,461396703,5984326.01428,51468,2979086.37060
1730764800000,0.01278,0.01353,0.01278,0.01339,447995485,5904360.50748,55327,2931867.87646
1730851200000,0.01338,0.01460,0.01337,0.01449,994385949,14104083.98171,93353,7204727.27744
1730937600000,0.01449,0.01488,0.01425,0.01451,633640236,9196090.50996,76065,4404606.20918
1731024000000,0.01452,0.01478,0.01419,0.01478,586594332,8489490.51219,66414,4435378.28819
1731110400000,0.01478,0.01523,0.01450,0.01515,704984958,10468877.91523,72026,5203301.23268
1731196800000,0.01516,0.01670,0.01496,0.01615,1441536499,22976891.98267,129111,10977643.40638
1731283200000,0.01616,0.01911,0.01579,0.01830,3355951169,57978852.06455,227951,28983166.43907
1731369600000,0.01829,0.01884,0.01660,0.01761,2895786348,51400297.67039,228902,25151721.95096
1731456000000,0.01762,0.01789,0.01606,0.01717,1845956055,31341896.17966,196237,15201675.92636
1731542400000,0.01717,0.01765,0.01615,0.01645,1148533553,19326068.01027,137072,9290605.92369
1731628800000,0.01645,0.01842,0.01590,0.01815,2137117884,37169228.38158,180990,18626981.53148
1731715200000,0.01814,0.02111,0.01798,0.02061,2220440493,42837241.43711,210117,21285006.30596
1731801600000,0.02061,0.02189,0.01848,0.01875,1685888247,33650238.52667,190001,16140231.09862
1731888000000,0.01876,0.02244,0.01855,0.02087,2110165952,43587104.70294,206776,22156992.17774
1731974400000,0.02087,0.02166,0.02008,0.02078,1092107368,22802146.70676,154576,11511864.61237
1732060800000,0.02078,0.02084,0.01937,0.01974,912357911,18310969.92894,135104,8608484.68932
1732147200000,0.01973,0.02095,0.01909,0.02086,1036487537,20934154.63041,153688,10238836.55956
1732233600000,0.02087,0.02229,0.02045,0.02225,1301410404,27577090.29544,178552,13652247.81278
1732320000000,0.02225,0.02539,0.02189,0.02441,2653104491,63369555.67139,301555,31098167.05007
1732406400000,0.02441,0.02668,0.02261,0.02480,2368657044,58082659.87905,313591,28007816.71219
1732492800000,0.02480,0.02578,0.02288,0.02346,1562580734,38107664.73787,231153,18359253.59013
1732579200000,0.02344,0.02530,0.02250,0.02468,1885133341,44847599.66689,264992,22255377.46915
1732665600000,0.02468,0.02585,0.02401,0.02575,1245803083,30924550.83804,194651,14957512.57774
1732752000000,0.02574,0.02576,0.02432,0.02509,758368051,18882786.30539,145347,9020308.26353
1732838400000,0.02509,0.02696,0.02429,0.02633,1181510937,30211951.74816,170517,15279982.91779
1732924800000,0.02633,0.02745,0.02581,0.02648,1258217055,33367506.70925,190553,16378605.03841
1733011200000,0.02648,0.02738,0.02545,0.02686,981078674,25985589.61831,158739,12597263.96778
1733097600000,0.02688,0.03158,0.02537,0.03048,3603189310,102890916.38505,458692,50045429.10265
1733184000000,0.03049,0.03772,0.03032,0.03535,6722661124,227680183.93028,925539,109940029.82303
1733270400000,0.03533,0.03610,0.03223,0.03393,2192911729,75060613.11896,440122,35736214.07529
1733356800000,0.03393,0.03635,0.03222,0.03527,2884121155,98998931.80150,544504,48371850.00331
1733443200000,0.03527,0.03659,0.03272,0.03597,2001286747,69584568.50122,394584,33867145.37560
1733529600000,0.03598,0.03748,0.03440,0.03508,1408396668,50524295.15215,338525,24178425.89399
1733616000000,0.03509,0.03547,0.03377,0.03486,863751662,29913597.92102,216046,14526266.33573
1733702400000,0.03486,0.03503,0.02338,0.02790,2608166095,78234060.02346,456204,35343758.39714
1733788800000,0.02790,0.02818,0.02370,0.02646,2657086652,69587625.13386,403338,33798255.83270
1733875200000,0.02646,0.02875,0.02523,0.02830,1209911490,32700822.28229,236158,16150845.44505
1733961600000,0.02830,0.02977,0.02784,0.02833,1325881913,38049749.46491,253902,18155192.70732
1734048000000,0.02832,0.02868,0.02720,0.02862,1035115368,29042607.37028,216559,14709142.61364
1734134400000,0.02863,0.02875,0.02616,0.02678,747470631,20506260.86236,165731,9476805.04175
1734220800000,0.02678,0.02803,0.02600,0.02762,820477384,22133037.63894,179895,10897571.19788
1734307200000,0.02763,0.02829,0.02582,0.02650,826302083,22207663.64474,205201,11087521.29429
1734393600000,0.02651,0.02669,0.02494,0.02531,954697584,24781878.26036,209643,12004001.02150
1734480000000,0.02532,0.02544,0.02200,0.02229,1718295815,40916374.45811,257186,18892879.93424
1734566400000,0.02229,0.02293,0.01956,0.02020,2325756652,49553148.14646,284164,23810785.96079
1734652800000,0.02021,0.02168,0.01782,0.02143,2017475235,39920455.35933,252635,19769841.09215
1734739200000,0.02143,0.02336,0.02011,0.02041,1190277401,25654294.50652,195468,12446233.85159
1734825600000,0.02042,0.02163,0.02012,0.02073,966323991,20115393.73963,171626,9934988.12311
1734912000000,0.02074,0.02259,0.02018,0.02235,1035367789,22023723.34949,207758,11302344.53941
1734998400000,0.02235,0.02395,0.02166,0.02353,653714582,14879210.61482,146690,7293181.81105
1735084800000,0.02352,0.02355,0.02226,0.02256,567616808,12958749.33570,117061,6390746.22265
1735171200000,0.02256,0.02280,0.02070,0.02096,661170104,14138395.14760,126772,6695180.15142
1735257600000,0.02096,0.02219,0.02078,0.02107,735894538,15739244.73197,126064,7568376.01540
1735344000000,0.02107,0.02228,0.02096,0.02211,432724668,9281547.91036,93441,4653548.79623
1735430400000,0.02212,0.02218,0.02056,0.02088,438570180,9377475.32548,86396,4145292.76028
1735516800000,0.02088,0.02183,0.02013,0.02085,780802924,16405848.41406,132097,8055032.00662
1735603200000,0.02085,0.02118,0.01995,0.02011,510443950,10463586.94777,97790,5001981.52637
1735689600000,0.02011,0.02140,0.01972,0.02119,592882732,12141059.52766,107479,6093768.89835
1735776000000,0.02119,0.02194,0.02118,0.02156,502524422,10857342.14472,104309,5390088.08724
1735862400000,0.02157,0.02347,0.02127,0.02328,527488653,11866615.56657,119494,5745101.96872
1735948800000,0.02329,0.02344,0.02264,0.02317,518167136,11957195.61335,107796,5536669.76268
1736035200000,0.02318,0.02333,0.02259,0.02314,441539204,10143531.54703,97030,4939201.44990
1736121600000,0.02315,0.02500,0.02276,0.02436,918433404,22054598.15269,160746,10652736.50754
1736208000000,0.02436,0.02447,0.02134,0.02136,1139286187,25914229.79292,148291,11835338.02893
1736294400000,0.02137,0.02181,0.01984,0.02093,1250959954,26021764.55827,162931,12656333.83533
1736380800000,0.02092,0.02171,0.02042,0.02145,1230894659,25976686.20634,172771,12763995.26327
1736467200000,0.02144,0.02229,0.02074,0.02200,1023612940,21925445.02105,145654,10829118.14077
1736553600000,0.02201,0.02241,0.02114,0.02160,518186960,11241001.83979,98566,5370341.48129
1736640000000,0.02160,0.02209,0.02068,0.02095,424545033,9067014.31239,87277,4120852.93978
1736726400000,0.02096,0.02164,0.01868,0.02012,1160433859,23042517.24113,149488,11141937.14249
1736812800000,0.02012,0.02171,0.01989,0.02163,657889955,13780201.55397,100792,6940720.99543
1736899200000,0.02163,0.02306,0.02091,0.02300,764576971,16704253.94285,127445,8244370.35502
1736985600000,0.02299,0.02313,0.02184,0.02251,882003393,19793628.43954,127576,9724560.92862
1737072000000,0.02251,0.02376,0.02249,0.02362,750787989,17521888.03445,107815,8679473.96629
1737158400000,0.02363,0.02381,0.02148,0.02198,916080776,20328485.48862,127276,9908553.40870
1737244800000,0.02198,0.02260,0.01933,0.01977,1921680344,39876085.42851,199684,19031825.36859
1737331200000,0.01977,0.02185,0.01903,0.01986,2337455877,47355180.44574,241941,23098188.56359
1737417600000,0.01986,0.02104,0.01902,0.02050,1033733379,20651939.35029,157356,10342578.56973
1737504000000,0.02051,0.02066,0.01982,0.02000,636614525,12933993.71229,96868,6369162.26422
1737590400000,0.02000,0.02039,0.01917,0.01991,1053572496,20784710.99242,130126,10170535.63145
1737676800000,0.01992,0.02039,0.01915,0.01936,589443141,11684046.17007,91644,5728667.76635
1737763200000,0.01936,0.01969,0.01912,0.01942,309397488,6015919.50296,59116,2858091.58543
1737849600000,0.01943,0.02011,0.01910,0.01913,374556617,7391598.50677,79834,3463522.77009
1737936000000,0.01912,0.01928,0.01738,0.01888,1234940479,22564792.26446,143665,10586047.85481
1738022400000,0.01887,0.01908,0.01765,0.01779,416778663,7719520.05888,74085,3766624.18605
1738108800000,0.01779,0.01864,0.01736,0.01804,631469490,11396849.21990,108205,5411667.14149
1738195200000,0.01803,0.01916,0.01776,0.01852,529936834,9831957.42956,78171,4973922.36895
1738281600000,0.01852,0.01952,0.01822,0.01880,578695230,10922949.30241,85646,5505557.15816
1738368000000,0.01879,0.01931,0.01721,0.01733,585102383,10786614.15501,97873,5047653.39885
1738454400000,0.01734,0.01774,0.01430,0.01516,1415742748,22626156.07734,157769,10440077.08916
1738540800000,0.01515,0.01562,0.01110,0.01544,2890650899,39788756.67132,248089,19084621.51753
1738627200000,0.01544,0.01569,0.01383,0.01446,1308399303,18997775.74059,144385,9674537.21292
1738713600000,0.01445,0.01484,0.01398,0.01419,606750160,8757206.44947,84995,4351048.79241
1738800000000,0.01419,0.01456,0.01343,0.01364,829202791,11530141.80760,85343,5696640.77078
1738886400000,0.01364,0.01445,0.01325,0.01370,759569949,10547458.56259,86415,5170065.04213
1738972800000,0.01369,0.01441,0.01353,0.01433,338568627,4698327.22489,54561,2233849.71368
1739059200000,0.01433,0.01480,0.01359,0.01426,821662869,11819044.66416,75329,5666958.66729
1739145600000,0.01427,0.01494,0.01381,0.01487,542591179,7826191.41044,69030,4179117.84562
1739232000000,0.01487,0.01535,0.01446,0.01471,616487088,9209837.91277,78526,4594169.31805
1739318400000,0.01471,0.01566,0.01410,0.01549,787572058,11556719.45057,89621,5771269.33749
1739404800000,0.01549,0.01558,0.01469,0.01504,583780392,8772215.07565,69659,4190780.26579
1739491200000,0.01504,0.01553,0.01499,0.01525,403581979,6158959.10762,61664,3021984.76974
1739577600000,0.01524,0.01537,0.01444,0.01472,327048166,4873707.75274,53401,2151817.00147
1739664000000,0.01472,0.01509,0.01452,0.01455,381785303,5635119.44345,61311,2715546.30393
1739750400000,0.01455,0.01514,0.01426,0.01477,484626060,7115234.30927,70947,3487847.40461
1739836800000,0.01477,0.01484,0.01368,0.01413,602573487,8519916.81490,77134,3957950.68050
1739923200000,0.01413,0.01455,0.01392,0.01443,376406767,5374693.25027,52921,2572891.22551
1740009600000,0.01443,0.01492,0.01441,0.01486,395909476,5787054.27718,51821,2939516.44072
1740096000000,0.01487,0.01551,0.01416,0.01441,641663858,9542095.31942,75337,4459150.70661
1740182400000,0.01442,0.01505,0.01433,0.01491,328005709,4846454.46575,41640,2451669.49377
1740268800000,0.01492,0.01504,0.01444,0.01460,293083547,4317281.60951,42882,2038715.45739
1740355200000,0.01460,0.01467,0.01283,0.01311,948115496,12961698.34881,86276,6469588.51333
1740441600000,0.01310,0.01349,0.01222,0.01330,1636921856,21057192.16473,122062,10023148.89047
1740528000000,0.01330,0.01354,0.01279,0.01335,847950529,11201639.70657,79550,5639639.17408
1740614400000,0.01335,0.01405,0.01320,0.01375,719102563,9839467.68851,74003,5190569.57878
1740700800000,0.01375,0.01383,0.01252,0.01368,1590352676,20840711.22339,111912,10054683.11077
1740787200000,0.01368,0.01382,0.01309,0.01349,482535531,6482086.75279,55746,3330685.58723
1740873600000,0.01350,0.01500,0.01327,0.01486,1042418122,14742393.30672,92346,7491136.13520
1740960000000,0.01485,0.01492,0.01255,0.01276,1349785571,18423571.49032,124712,9008618.61173
1741046400000,0.01276,0.01289,0.01176,0.01271,1632141418,20181079.58524,138738,9563457.73877
1741132800000,0.01271,0.01311,0.01240,0.01305,547405188,6996459.00721,65386,3618443.04564
1741219200000,0.01305,0.01337,0.01265,0.01280,520695181,6765775.94456,74900,3472953.00211
1741305600000,0.01280,0.01333,0.01211,0.01280,930773691,11895447.15549,88529,6076281.65096
1741392000000,0.01281,0.01303,0.01245,0.01258,401038697,5092608.99944,51010,2440068.08465
1741478400000,0.01258,0.01264,0.01135,0.01149,697910637,8304767.88092,66883,3829779.92781
1741564800000,0.01150,0.01252,0.01116,0.01124,1390716026,16482126.06841,103319,8113955.84087
1741651200000,0.01124,0.01209,0.01050,0.01183,1243629180,14172311.73526,97085,6961967.94272
1741737600000,0.01184,0.01228,0.01135,0.01211,712969625,8426824.84236,74582,4340066.12071
1741824000000,0.01210,0.01243,0.01156,0.01186,578985191,6937364.05541,59992,3491019.94648
1741910400000,0.01186,0.01248,0.01184,0.01216,387626287,4725568.38272,44104,2408072.06218
1741996800000,0.01215,0.01244,0.01209,0.01239,298985986,3666696.44770,38553,1867823.62734
1742083200000,0.01239,0.01243,0.01177,0.01187,671648777,8149202.10843,50508,4087672.78497
1742169600000,0.01188,0.01261,0.01187,0.01245,564134344,6924279.37267,51622,3495875.90772
1742256000000,0.01244,0.01255,0.01199,0.01252,472206286,5776403.19500,53748,2668098.57645
1742342400000,0.01253,0.01302,0.01248,0.01297,597689043,7614406.09935,60806,3844364.56126
1742428800000,0.01297,0.01299,0.01255,0.01279,643451500,8223053.07971,51549,3811714.82502
1742515200000,0.01279,0.01288,0.01233,0.01245,438086535,5528366.06740,42510,2997039.54497
1742601600000,0.01245,0.01271,0.01236,0.01248,301921974,3786128.34330,36969,1870941.48706
1742688000000,0.01247,0.01259,0.01213,0.01228,266427831,3299110.92766,34618,1502857.24237
1742774400000,0.01227,0.01378,0.01217,0.01295,1591562937,20941177.36371,105142,10647058.88372
1742860800000,0.01295,0.01321,0.01287,0.01316,449674643,5864305.99174,66291,2805378.62685
1742947200000,0.01315,0.01346,0.01266,0.01279,583976677,7631506.62621,62427,3891506.35423
1743033600000,0.01280,0.01300,0.01251,0.01272,375072520,4792745.11439,40302,2279075.01101
1743120000000,0.01272,0.01272,0.01154,0.01170,731525592,8780109.23757,55227,3973245.15643
1743206400000,0.01170,0.01174,0.01104,0.01116,568847795,6431970.83565,50418,3243481.15469
1743292800000,0.01117,0.01146,0.01099,0.01113,368021138,4142724.39987,37886,1936379.85725
1743379200000,0.01114,0.01150,0.01085,0.01129,782293290,8777458.44342,65685,4324762.29563
1743465600000,0.01129,0.01179,0.01126,0.01153,663503589,7643807.43743,52650,3745369.65427
1743552000000,0.01153,0.01177,0.01068,0.01081,1024325780,11535412.83673,70717,5573657.61174
1743638400000,0.01082,0.01122,0.01056,0.01110,610001922,6654278.67406,53778,3273410.55091
1743724800000,0.01110,0.01135,0.01081,0.01128,512686006,5698055.68271,48961,2881306.17201
1743811200000,0.01128,0.01143,0.01096,0.01111,254391902,2844400.10829,29363,1382498.64610
1743897600000,0.01111,0.01114,0.00980,0.01009,1054450031,11071834.59138,73308,5152986.99375
1743984000000,0.01009,0.01068,0.00917,0.01007,1777125141,17726461.63024,104572,8966168.18959
1744070400000,0.01008,0.01039,0.00952,0.00961,634692383,6321506.03742,56379,3162299.08472
1744156800000,0.00961,0.01083,0.00929,0.01069,1087806464,10977988.87331,77831,5655346.38167
1744243200000,0.01068,0.01084,0.01018,0.01063,886441395,9346895.84605,61746,4898769.91123
1744329600000,0.01063,0.01108,0.01051,0.01095,544266247,5906599.68058,49712,2808322.86021
1744416000000,0.01096,0.01152,0.01081,0.01146,462957033,5170986.16112,42747,2540039.26235
1744502400000,0.01147,0.01154,0.01084,0.01102,635289890,7085133.40082,51566,3613532.52283
1744588800000,0.01102,0.01136,0.01079,0.01084,1127707879,12514287.85225,70625,5816303.23817
1744675200000,0.01085,0.01122,0.01072,0.01082,1260551079,13815828.91302,67899,6654695.64139
1744761600000,0.01083,0.01121,0.01070,0.01098,706678869,7756116.12733,71446,4136061.63749
1744848000000,0.01098,0.01159,0.01092,0.01145,553467867,6256956.79084,50770,3204645.37982
1744934400000,0.01145,0.01184,0.01122,0.01167,657636437,7648543.22780,60011,3951350.54284
1745020800000,0.01167,0.01244,0.01161,0.01184,983351922,11769398.47480,76023,5834596.13167
1745107200000,0.01184,0.01200,0.01128,0.01184,638931383,7461776.07466,57713,3570896.07131
1745193600000,0.01184,0.01213,0.01164,0.01175,553623042,6596203.69777,54761,3206066.12672
1745280000000,0.01176,0.01271,0.01157,0.01266,650967861,7859614.71239,57584,3835760.56398
1745366400000,0.01266,0.01289,0.01240,0.01268,615575717,7807149.83740,55796,3943711.87000
1745452800000,0.01268,0.01306,0.01221,0.01304,545098664,6884251.80836,56237,3616995.10227
1745539200000,0.01303,0.01328,0.01268,0.01315,828063367,10812810.48064,72866,5284884.36315
1745625600000,0.01314,0.01347,0.01293,0.01319,413429858,5461149.68251,50093,2712104.95419
1745712000000,0.01320,0.01331,0.01269,0.01278,479679718,6194816.94688,47109,3091639.96514
1745798400000,0.01277,0.01324,0.01239,0.01305,568825787,7330684.29969,63129,3420526.69412
1745884800000,0.01306,0.01323,0.01258,0.01271,409742468,5321584.23899,47638,2545647.63982
1745971200000,0.01272,0.01282,0.01218,0.01274,482807783,6069066.39736,56957,3020676.68650
1746057600000,0.01275,0.01323,0.01270,0.01312,587285729,7664893.03859,55861,3616692.53726
1746144000000,0.01313,0.01325,0.01288,0.01308,409553175,5355820.50745,47203,2651927.14727
1746230400000,0.01309,0.01310,0.01217,0.01238,443751636,5575196.81530,47824,2567768.48462
1746316800000,0.01237,0.01246,0.01180,0.01190,411415906,4979556.79527,53249,2314717.34404
1746403200000,0.01190,0.01223,0.01171,0.01206,482793082,5774103.30786,56340,3029347.51833
1746489600000,0.01205,0.01215,0.01141,0.01192,594188057,6992304.11142,63083,3566403.12522
1746576000000,0.01193,0.01208,0.01177,0.01197,430642913,5144358.16305,52544,2432371.73493
1746662400000,0.01198,0.01351,0.01195,0.01340,714815035,9114966.74021,72209,4548245.99426
1746748800000,0.01339,0.01412,0.01335,0.01411,872468540,12049677.13580,91670,6030665.99274
1746835200000,0.01410,0.01493,0.01394,0.01489,740573601,10614711.25824,87253,5365760.64669
1746921600000,0.01487,0.01504,0.01421,0.01465,853162265,12478339.02134,83247,6503952.39599
1747008000000,0.01464,0.01535,0.01377,0.01445,1492791456,21836531.06495,119314,10775572.88099
1747094400000,0.01446,0.01505,0.01367,0.01494,1083611422,15547871.91502,92532,7628546.28059
1747180800000,0.01493,0.01517,0.01406,0.01418,789133089,11491007.12310,78125,5825970.39410
1747267200000,0.01418,0.01435,0.01313,0.01359,1245290773,16980540.49904,105790,8265516.26600
1747353600000,0.01358,0.01384,0.01303,0.01317,678645260,9194499.43647,77666,4268421.64465
1747440000000,0.01317,0.01321,0.01241,0.01259,732608295,9357279.41982,66610,4371439.20318
1747526400000,0.01259,0.01325,0.01211,0.01308,825386106,10515258.21358,79461,5082116.05843
1747612800000,0.01308,0.01318,0.01209,0.01261,869693453,10863310.70182,80335,5477278.42331
1747699200000,0.01260,0.01308,0.01229,0.01294,767511202,9717737.31788,73237,4838450.91684
1747785600000,0.01295,0.01334,0.01258,0.01315,950628980,12273797.53239,79753,6185104.90255
1747872000000,0.01316,0.01375,0.01315,0.01370,586822916,7941775.00862,57783,3877023.20434
1747958400000,0.01369,0.01400,0.01259,0.01265,1003270767,13284706.64440,77696,6665648.31309
1748044800000,0.01265,0.01290,0.01244,0.01252,518817947,6603272.26341,47989,2843993.30778
1748131200000,0.01252,0.01259,0.01198,0.01256,556646516,6835175.98408,58398,3476167.95076
1748217600000,0.01256,0.01284,0.01237,0.01258,417651469,5267318.09601,53731,2583946.04011
1748304000000,0.01258,0.01298,0.01226,0.01285,512591516,6541947.82810,52248,3297645.46248
1748390400000,0.01285,0.01293,0.01225,0.01266,409892517,5174293.09020,47715,2502102.96637
1748476800000,0.01266,0.01296,0.01212,0.01218,530916726,6632102.39156,55872,3199763.33695
1748563200000,0.01219,0.01226,0.01088,0.01100,1403714891,16240993.40249,90288,8078224.20945
1748649600000,0.01099,0.01142,0.01068,0.01126,821920576,9055345.60667,70664,4206371.17806
1748736000000,0.01127,0.01145,0.01102,0.01137,415131759,4672294.98358,47206,2290538.94414
1748822400000,0.01137,0.01181,0.01116,0.01176,488394800,5557729.48974,48824,2804029.35879
1748908800000,0.01176,0.01201,0.01161,0.01170,413896647,4889600.21823,47022,2337431.04854
1748995200000,0.01171,0.01198,0.01138,0.01149,441234745,5181390.12486,44310,2545450.22846
1749081600000,0.01148,0.01225,0.01052,0.01075,2243778608,25278791.59782,111984,12639268.45619
1749168000000,0.01075,0.01148,0.01070,0.01114,724029098,8033001.45091,58759,3865155.51194
1749254400000,0.01115,0.01159,0.01112,0.01151,442427061,5072359.69079,45800,2438777.97081
1749340800000,0.01151,0.01164,0.01143,0.01152,359346336,4146041.72645,42923,1900114.68680
1749427200000,0.01152,0.01224,0.01130,0.01221,563095002,6582989.73736,53577,3294451.28333
1749513600000,0.01220,0.01251,0.01196,0.01249,580581411,7105752.13346,54681,3423757.13762
1749600000000,0.01248,0.01250,0.01187,0.01197,628423412,7700165.99595,54502,3716762.04101
1749686400000,0.01197,0.01202,0.01128,0.01135,740485167,8635178.68026,65657,4174840.72152
1749772800000,0.01135,0.01135,0.01060,0.01106,1213554420,13161663.13554,79288,6131708.49921
1749859200000,0.01105,0.01109,0.01075,0.01106,443774295,4858872.01895,48225,2392911.02101
1749945600000,0.01106,0.01121,0.01079,0.01105,431828855,4761055.87335,40635,2227347.91672
1750032000000,0.01105,0.01154,0.01090,0.01111,521757883,5888287.17369,47287,2900294.09504
1750118400000,0.01110,0.01126,0.01060,0.01072,665850609,7268719.90310,56757,3744942.41158
1750204800000,0.01072,0.01092,0.01037,0.01076,665048372,7099866.50827,48046,3581650.50013
1750291200000,0.01076,0.01087,0.01052,0.01075,369271705,3955230.74016,33506,1898564.85280
1750377600000,0.01075,0.01100,0.01029,0.01054,598659273,6394196.05719,50176,3165438.84724
1750464000000,0.01054,0.01068,0.00982,0.01009,506764829,5215624.12862,41885,2490418.51667
1750550400000,0.01009,0.01019,0.00935,0.00989,965357545,9423361.95923,69320,4559364.27559
1750636800000,0.00989,0.01090,0.00984,0.01086,715761674,7338637.49263,61239,3648495.33478
1750723200000,0.01086,0.01109,0.01079,0.01106,641150668,6995840.60233,46327,3575772.93544
1750809600000,0.01106,0.01109,0.01070,0.01078,457028965,4961940.25816,42229,2438145.43891
1750896000000,0.01079,0.01099,0.01044,0.01056,467849077,4998565.86238,42604,2412508.51081
1750982400000,0.01056,0.01075,0.01042,0.01064,468522668,4957830.22294,35203,2428906.31374
1751068800000,0.01065,0.01087,0.01055,0.01081,320630954,3422132.04810,27750,1660628.98865
1751155200000,0.01082,0.01119,0.01068,0.01112,525524882,5707847.82412,35614,2936442.03387
1751241600000,0.01112,0.01116,0.01059,0.01070,625234966,6760445.84156,42333,3265897.85619
1751328000000,0.01069,0.01078,0.01012,0.01022,484137438,5039592.58023,42300,2440104.41207
1751414400000,0.01022,0.01123,0.01014,0.01105,702815266,7552955.19047,53119,3985780.53520
1751500800000,0.01105,0.01132,0.01089,0.01104,1218649415,13568771.61481,73149,6848770.88148
1751587200000,0.01104,0.01111,0.01035,0.01047,744177869,7948313.28862,57398,3869981.25560
1751673600000,0.01048,0.01057,0.01019,0.01037,455267373,4732729.93485,38233,2284375.58748
1751760000000,0.01038,0.01062,0.01027,0.01047,409622586,4274386.73136,38661,2047931.75103
1751846400000,0.01046,0.01061,0.01018,0.01032,574563129,5993440.18488,41616,2908852.88257
1751932800000,0.01032,0.01068,0.01022,0.01063,475061361,4954003.48486,41281,2514080.39153
1752019200000,0.01064,0.01143,0.01053,0.01131,993398389,10936250.73310,58194,5715764.66072
1752105600000,0.01131,0.01204,0.01122,0.01197,782306044,8974042.89599,55586,4136315.86909
1752192000000,0.01197,0.01257,0.01179,0.01223,1090774831,13345533.94409,92564,6494088.64074
1752278400000,0.01224,0.01260,0.01185,0.01223,738318691,9028469.86599,75376,4414023.82323
1752364800000,0.01223,0.01283,0.01215,0.01258,639704064,8000642.91105,72479,3929265.20541
1752451200000,0.01259,0.01310,0.01210,0.01230,793097062,10034234.02802,71706,4685399.09651
1752537600000,0.01230,0.01276,0.01181,0.01274,646685715,7885249.05813,63759,4107855.68895
1752624000000,0.01274,0.01315,0.01250,0.01286,530772740,6799636.85197,58743,3281885.99263
1752710400000,0.01285,0.01309,0.01242,0.01294,694244321,8903068.15132,67797,4466222.84309
1752796800000,0.01294,0.01365,0.01265,0.01285,930435833,12280161.17379,85300,6003423.90918
1752883200000,0.01285,0.01327,0.01255,0.01322,543569005,7028157.92741,62285,3660138.31982
1752969600000,0.01322,0.01392,0.01308,0.01361,774067958,10471527.33932,82553,5093809.62819
1753056000000,0.01361,0.01396,0.01333,0.01360,780351124,10655487.01222,72441,5232054.25240
1753142400000,0.01360,0.01365,0.01290,0.01359,940500494,12455090.76689,93909,6209342.45413
1753228800000,0.01359,0.01360,0.01195,0.01236,1362177605,17241411.99570,88632,8534273.95388
1753315200000,0.01237,0.01251,0.01152,0.01199,1118314619,13469153.46804,93038,6736581.53597
1753401600000,0.01199,0.01214,0.01155,0.01209,860579452,10204043.25587,71071,5157996.03339
1753488000000,0.01209,0.01232,0.01202,0.01212,316783148,3853646.52856,49681,1811982.25368
1753574400000,0.01212,0.01255,0.01210,0.01247,475694764,5858388.76872,74086,2886673.46221
1753660800000,0.01247,0.01266,0.01162,0.01174,706645844,8580790.82946,68096,4140970.11437
1753747200000,0.01173,0.01213,0.01145,0.01170,846127522,9937857.20093,80777,4901048.17527
1753833600000,0.01171,0.01178,0.01092,0.01152,899564145,10259182.09117,66081,5204180.49416
1753920000000,0.01151,0.01184,0.01089,0.01093,725811087,8279718.84355,64497,4149474.32757
1754006400000,0.01093,0.01099,0.01024,0.01062,1280682738,13729932.54698,91069,6824057.39072
1754092800000,0.01063,0.01077,0.01016,0.01039,745729235,7801126.79999,56887,3748081.93675
1754179200000,0.01039,0.01079,0.01027,0.01073,365359118,3879345.59202,59397,1955101.20843
1754265600000,0.01073,0.01130,0.01070,0.01125,455279254,5000151.69490,39587,2427313.51664
1754352000000,0.01125,0.01127,0.01063,0.01086,640397249,7022720.31233,50805,3477811.48248
1754438400000,0.01087,0.01114,0.01061,0.01104,397697656,4331107.46033,53335,2089359.88252
1754524800000,0.01105,0.01150,0.01095,0.01148,540729746,6085238.76463,116250,2977899.55673
1754611200000,0.01148,0.01175,0.01134,0.01167,636905713,7343705.97149,121544,3609427.65295
1754697600000,0.01167,0.01218,0.01165,0.01200,392598358,4692351.77605,34345,2232545.01860
1754784000000,0.01201,0.01223,0.01163,0.01193,620165072,7378385.67137,44830,3778429.38840
1754870400000,0.01194,0.01225,0.01112,0.01124,1076501979,12548310.02921,61627,6107198.69333
1754956800000,0.01123,0.01212,0.01115,0.01200,739807591,8565442.11190,50554,4384039.66726
1755043200000,0.01201,0.01258,0.01189,0.01247,1003112469,12295824.39456,63954,6355004.45368
1755129600000,0.01248,0.01266,0.01117,0.01136,1397430454,16585409.10015,88798,7766975.31682
1755216000000,0.01135,0.01155,0.01080,0.01121,761800490,8557636.63412,59793,4207020.57719
1755302400000,0.01120,0.01169,0.01118,0.01155,481220185,5503422.96511,40154,2768620.43040
1755388800000,0.01156,0.01186,0.01142,0.01149,382279405,4438432.17787,32067,2177399.14088
1755475200000,0.01148,0.01150,0.01086,0.01103,850141097,9397867.10383,56779,4671978.41795
1755561600000,0.01103,0.01121,0.01065,0.01072,707508330,7717220.06656,59821,3912037.77157
1755648000000,0.01073,0.01143,0.01067,0.01136,1051007053,11689520.22900,65903,6145512.84806
1755734400000,0.01137,0.01147,0.01113,0.01137,719572988,8153834.82845,50631,3893178.89258
1755820800000,0.01138,0.01227,0.01103,0.01215,1495733305,17412267.15673,93603,8490917.51054
1755907200000,0.01214,0.01230,0.01188,0.01220,737622820,8944793.31517,50694,4369078.09167
1755993600000,0.01220,0.01238,0.01158,0.01189,1181078304,14078700.14466,70911,6947848.12055
1756080000000,0.01189,0.01228,0.01094,0.01110,1598568380,18561221.04090,106826,8773369.88508
1756166400000,0.01110,0.01161,0.01093,0.01152,706662605,7967921.55614,47755,3873259.08389
1756252800000,0.01152,0.01183,0.01135,0.01149,843922071,9768599.04890,51748,4928368.21408
1756339200000,0.01149,0.01214,0.01136,0.01184,704158625,8272527.91729,55342,4055656.72774
1756425600000,0.01185,0.01191,0.01100,0.01116,693449384,7863979.64620,56743,3780769.05465
1756512000000,0.01116,0.01132,0.01102,0.01131,325490351,3643418.68225,33755,1746189.92287
1756598400000,0.01130,0.01171,0.01120,0.01121,560673179,6425010.47769,34198,3075915.88098
1756684800000,0.01121,0.01150,0.01080,0.01105,770786974,8579075.77869,51140,4114876.66235
1756771200000,0.01105,0.01137,0.01095,0.01134,488626971,5466544.10304,39597,2623098.03250
1756857600000,0.01135,0.01154,0.01115,0.01147,352168327,4004270.56217,32279,2139143.90323
1756944000000,0.01147,0.01151,0.01087,0.01098,479653655,5325342.56502,43038,2394988.40383
1757030400000,0.01098,0.01150,0.01096,0.01135,583270323,6579624.68950,45275,3485009.83468
1757116800000,0.01135,0.01146,0.01116,0.01121,258287462,2912065.36787,24765,1393352.92827
1757203200000,0.01121,0.01141,0.01120,0.01134,208572819,2359426.30371,23104,1172921.55223
1757289600000,0.01134,0.01164,0.01123,0.01157,436119417,5006507.27041,35246,2517638.88140
1757376000000,0.01158,0.01213,0.01146,0.01193,1408483986,16730084.44380,73400,8427328.95054
1757462400000,0.01194,0.01203,0.01155,0.01176,952842672,11282411.96026,52101,5015863.31048
1757548800000,0.01176,0.01191,0.01152,0.01188,618078250,7272184.82853,43642,3704021.87232
1757635200000,0.01188,0.01212,0.01160,0.01209,804427940,9568948.39173,45558,4861417.42203
1757721600000,0.01209,0.01238,0.01200,0.01229,731795656,8929698.00174,46135,4438518.06271
1757808000000,0.01229,0.01230,0.01164,0.01176,616177642,7329487.19279,39784,3374001.42292
1757894400000,0.01176,0.01190,0.01121,0.01139,666227452,7641967.23746,46358,3671983.05193
1757980800000,0.01138,0.01190,0.01118,0.01173,509364295,5876700.55779,42322,2862398.83919
1758067200000,0.01174,0.01205,0.01139,0.01199,584052712,6825141.19278,46676,3399143.13716
1758153600000,0.01200,0.01227,0.01186,0.01217,526502446,6342867.06637,33351,3078980.16822
1758240000000,0.01218,0.01240,0.01176,0.01186,545070149,6560436.54862,39774,3008626.48396
1758326400000,0.01185,0.01221,0.01180,0.01205,386802852,4654467.00384,31055,2297140.14153
1758412800000,0.01205,0.01210,0.01167,0.01170,398807980,4731587.92390,31358,2261062.41436
1758499200000,0.01170,0.01174,0.01020,0.01086,919264721,10051316.09684,82634,4594241.94241
1758585600000,0.01085,0.01099,0.01062,0.01075,435949870,4728094.51013,36426,2388881.79128
1758672000000,0.01075,0.01111,0.01058,0.01083,574218665,6249039.89040,35587,3153471.01661
1758758400000,0.01082,0.01084,0.01001,0.01017,992170881,10322582.75242,59409,5190874.64519
1758844800000,0.01017,0.01049,0.01009,0.01042,574037997,5914772.64854,40380,3053156.52536
1758931200000,0.01043,0.01055,0.01018,0.01040,410213578,4266304.06510,28055,2215361.24657
1759017600000,0.01040,0.01060,0.01012,0.01058,448400562,4630394.10681,31688,2175731.70960
1759104000000,0.01058,0.01065,0.01023,0.01051,498045974,5215099.71362,32444,2493428.32627
1759190400000,0.01050,0.01055,0.01000,0.01035,627915250,6436697.27450,41281,3091161.49079
1759276800000,0.01036,0.01105,0.01023,0.01104,655226288,7031659.07127,46741,3748171.84203
1759363200000,0.01103,0.01141,0.01093,0.01131,650817508,7265395.91623,43338,3501316.15868
1759449600000,0.01132,0.01151,0.01101,0.01128,366487529,4117198.72972,37667,2035491.32062
1759536000000,0.01128,0.01130,0.01067,0.01089,263937768,2883677.23249,28730,1381482.04862
1759622400000,0.01088,0.01127,0.01079,0.01088,525740772,5767898.55606,45155,2885300.61404
1759708800000,0.01088,0.01133,0.01079,0.01118,454842335,5027339.63219,33127,2165849.73028
1759795200000,0.01118,0.01124,0.01053,0.01056,507053723,5511293.33639,36891,2674945.27703
1759881600000,0.01055,0.01099,0.01048,0.01088,423455362,4533394.91820,37151,2251998.99201
1759968000000,0.01088,0.01091,0.01036,0.01063,511495334,5415095.89312,38479,2749416.02752
1760054400000,0.01064,0.01099,0.00456,0.00759,2944677626,24572489.42321,152642,11336047.61355
1760140800000,0.00759,0.00821,0.00738,0.00760,1505675443,11759852.00526,75790,5767487.14386
1760227200000,0.00761,0.00853,0.00751,0.00836,656353405,5263184.23959,53805,2597723.52690
1760313600000,0.00836,0.00891,0.00825,0.00885,867933602,7428116.27900,55128,3795653.00846
1760400000000,0.00885,0.00890,0.00808,0.00881,1204134218,10302624.85920,64448,5173893.96939
1760486400000,0.00881,0.00906,0.00829,0.00845,875738021,7592840.89357,46735,3710555.73184
1760572800000,0.00844,0.00856,0.00791,0.00802,1079527467,8875618.26936,55334,4322440.16924
1760659200000,0.00802,0.00819,0.00747,0.00788,1158322981,9030080.29701,61138,4384335.34050
1760745600000,0.00789,0.00804,0.00781,0.00800,384776061,3052593.34946,29637,1475630.24391
1760832000000,0.00801,0.00823,0.00784,0.00799,461797372,3718374.66411,32724,1896975.06958
1760918400000,0.00800,0.00827,0.00781,0.00801,562655138,4551535.76364,38944,2289118.76007
1761004800000,0.00801,0.00838,0.00774,0.00787,753197635,6070434.07444,46594,3043895.35776
1761091200000,0.00787,0.00798,0.00739,0.00768,1035578134,8029525.65241,51922,3887082.59622
1761177600000,0.00768,0.00797,0.00766,0.00784,579561380,4506832.10704,31795,2164517.14573
1761264000000,0.00785,0.00808,0.00778,0.00802,398545486,3157633.32611,27520,1645258.19865
1761350400000,0.00801,0.00802,0.00787,0.00798,262795485,2087139.66908,20392,1044289.51316
1761436800000,0.00799,0.00825,0.00787,0.00815,405198138,3266111.88925,25763,1628717.23731
1761523200000,0.00816,0.00828,0.00785,0.00791,556180237,4486142.02575,36398,2107241.22641
1761609600000,0.00791,0.00807,0.00758,0.00770,642071531,5059641.38100,36126,2449404.53878
1761696000000,0.00769,0.00797,0.00754,0.00775,735779624,5706477.66499,41886,2905560.77091
1761782400000,0.00774,0.00786,0.00706,0.00725,929806293,6892650.03784,51596,3188992.17991
1761868800000,0.00724,0.00752,0.00721,0.00744,658831499,4873541.79096,37355,2490592.49738
1761955200000,0.00744,0.00768,0.00738,0.00766,376873500,2841296.66084,25983,1498158.43237
1762041600000,0.00767,0.00784,0.00741,0.00782,445802155,3399503.81891,33968,1693825.53490
1762128000000,0.00783,0.00784,0.00652,0.00679,1265375997,8869256.69710,62845,4142504.93737
1762214400000,0.00679,0.00712,0.00633,0.00668,1695725427,11449992.56201,71296,5600626.65174
1762300800000,0.00668,0.00703,0.00632,0.00696,901898705,6065242.42822,42688,3116257.49432
1762387200000,0.00697,0.00702,0.00667,0.00697,874223088,6012750.25431,40978,3032523.66063
1762473600000,0.00697,0.00821,0.00696,0.00799,1490684641,11241897.30270,70245,5795303.66998
1762560000000,0.00799,0.00819,0.00756,0.00790,617450938,4856606.05821,40021,2425651.74647
1762646400000,0.00791,0.00799,0.00750,0.00784,580027278,4519040.22270,35916,2120541.05120
1762732800000,0.00784,0.00815,0.00765,0.00796,860530362,6751933.55380,45416,3189731.23795
1762819200000,0.00797,0.00824,0.00737,0.00740,2053816064,16161427.88046,79088,7847362.71599
1762905600000,0.00741,0.00781,0.00711,0.00727,1421251675,10669949.57953,60470,5240439.54027
1762992000000,0.00727,0.00757,0.00680,0.00698,994966178,7168693.45757,52265,3555725.41594
1763078400000,0.00698,0.00713,0.00665,0.00687,1133595887,7874936.49049,51415,3996515.17535
1763164800000,0.00687,0.00717,0.00684,0.00692,431293852,3013853.07181,27144,1493346.58887
1763251200000,0.00692,0.00707,0.00656,0.00677,756810748,5135298.99830,34689,2471095.40077
1763337600000,0.00678,0.00703,0.00642,0.00659,929677483,6253597.48722,43215,3029529.19914
1763424000000,0.00659,0.00690,0.00643,0.00682,721056309,4809148.97689,38669,2500432.45080
1763510400000,0.00682,0.00684,0.00629,0.00660,667197576,4372613.44333,36063,2107199.18994
1763596800000,0.00660,0.00681,0.00609,0.00628,735695840,4749454.30486,36344,2318220.09939
1763683200000,0.00628,0.00640,0.00550,0.00583,1586943851,9316307.80979,91425,4636254.74712
1763769600000,0.00584,0.00592,0.00570,0.00581,480029905,2788590.59980,29779,1384388.92855
1763856000000,0.00581,0.00602,0.00578,0.00587,484274328,2864269.10618,25389,1363890.99528
1763942400000,0.00587,0.00624,0.00580,0.00613,692162859,4147328.43569,38382,2135706.74280
1764028800000,0.00612,0.00617,0.00594,0.00614,477913268,2900193.18315,29458,1422782.33803
1764115200000,0.00614,0.00615,0.00582,0.00596,504821060,3018637.28515,27387,1520921.41843
1764201600000,0.00596,0.00606,0.00590,0.00600,364049066,2174886.79815,22733,1126426.08409
1764288000000,0.00600,0.00612,0.00584,0.00590,613301468,3659188.62194,28092,1790431.13047
1764374400000,0.00589,0.00596,0.00574,0.00576,365667210,2143552.14184,20107,1018677.45552
1764460800000,0.00575,0.00579,0.00552,0.00556,403723965,2296868.30492,22786,1089078.87506
1764547200000,0.00556,0.00559,0.00506,0.00516,942421510,4916838.95832,35646,2453327.40396
1764633600000,0.00517,0.00560,0.00509,0.00550,805011240,4301850.55197,32195,2056140.85759
1764720000000,0.00550,0.00565,0.00547,0.00559,690716457,3844933.77183,26283,1886099.72279
1764806400000,0.00559,0.00563,0.00529,0.00538,627870643,3431788.05187,25481,1665989.43685
1764892800000,0.00538,0.00544,0.00500,0.00515,815473611,4266026.05934,29497,2020428.04392
1764979200000,0.00515,0.00593,0.00514,0.00557,2124831533,11825405.39136,62204,5921354.90930
1765065600000,0.00557,0.00576,0.00520,0.00528,1530418988,8316056.92897,45227,3921865.73683
1765152000000,0.00529,0.00551,0.00526,0.00532,640995598,3447706.88534,29798,1672116.69464
1765238400000,0.00531,0.00584,0.00524,0.00571,833379272,4621045.56061,32258,2360174.83848
1765324800000,0.00570,0.00575,0.00549,0.00550,610135909,3415094.59487,28254,1713278.19235
1765411200000,0.00550,0.00552,0.00521,0.00538,795283556,4226193.74299,27531,1856878.82106
1765497600000,0.00537,0.00542,0.00506,0.00523,694005364,3636221.36031,25077,1692206.88841
1765584000000,0.00522,0.00535,0.00522,0.00530,313387036,1659502.33146,15882,848155.30636
1765670400000,0.00530,0.00530,0.00499,0.00507,429509732,2206115.39768,19348,1028273.56775
1765756800000,0.00507,0.00519,0.00472,0.00487,606609472,3010116.59502,26707,1431109.03019
1765843200000,0.00486,0.00499,0.00477,0.00493,411674954,2017870.53972,19724,1076822.49553
1765929600000,0.00492,0.00501,0.00459,0.00464,595741079,2853255.58420,24711,1397683.03443
1766016000000,0.00464,0.00471,0.00427,0.00436,969476972,4367564.29341,38382,2041567.20659
1766102400000,0.00435,0.00471,0.00428,0.00463,817389547,3675498.46556,25576,1853650.38028
1766188800000,0.00463,0.00472,0.00461,0.00468,295084604,1377268.92689,13011,685351.32618
1766275200000,0.00468,0.00469,0.00445,0.00450,546581263,2487363.61364,19029,1202747.18092
1766361600000,0.00451,0.00468,0.00444,0.00460,641723271,2941797.50629,22977,1478976.48855
1766448000000,0.00460,0.00467,0.00445,0.00456,610810237,2783805.96072,22072,1412228.93454
1766534400000,0.00457,0.00459,0.00442,0.00458,416681601,1878216.25367,16446,898817.95359
1766620800000,0.00458,0.00493,0.00455,0.00460,1146634832,5425589.22576,32749,2672388.35935
1766707200000,0.00460,0.00476,0.00453,0.00467,876916979,4099247.89088,24991,2100860.54984
1766793600000,0.00468,0.00490,0.00463,0.00489,680137566,3237195.69092,21172,1650229.35237
1766880000000,0.00489,0.00494,0.00475,0.00481,419712850,2040481.81437,17436,979698.73175
1766966400000,0.00481,0.00494,0.00471,0.00475,816015929,3932602.03904,23962,1952373.94903
1767052800000,0.00475,0.00495,0.00472,0.00485,805207559,3905359.05162,26373,1986072.17776
1767139200000,0.00484,0.00486,0.00462,0.00466,574772856,2726964.85897,21300,1204860.28397
1767225600000,0.00467,0.00507,0.00465,0.00504,670043178,3271529.67808,24088,1661264.30377
1767312000000,0.00504,0.00514,0.00489,0.00511,775679241,3874253.26795,26537,2007316.88557
1767398400000,0.00511,0.00518,0.00498,0.00510,520090585,2639760.32304,20872,1260659.14323
1767484800000,0.00510,0.00528,0.00509,0.00518,518538876,2683979.77927,24808,1358003.09669
1767571200000,0.00518,0.00535,0.00505,0.00530,580792642,3018565.57132,24271,1469515.78193
1767657600000,0.00530,0.00548,0.00513,0.00540,811210650,4319523.05893,31158,2175169.92683
1767744000000,0.00541,0.00554,0.00511,0.00519,1020282511,5441274.90901,37807,2630689.50172
1767830400000,0.00520,0.00541,0.00513,0.00530,936121496,4921833.76151,37785,2407973.03875
1767916800000,0.00530,0.00539,0.00515,0.00522,596457028,3134928.76102,26643,1552843.19656
1768003200000,0.00521,0.00545,0.00514,0.00529,616085354,3279186.85749,26954,1656749.83455
1768089600000,0.00529,0.00536,0.00508,0.00516,449847133,2364600.64531,22528,1058731.38837
1768176000000,0.00516,0.00609,0.00515,0.00559,7818004555,43831136.29033,199342,22067929.04857
1768262400000,0.00558,0.00598,0.00527,0.00585,2870693924,16006904.27647,83523,7345253.83598
1768348800000,0.00586,0.00594,0.00559,0.00567,1179740153,6813894.43449,47961,3148438.54289
1768435200000,0.00567,0.00570,0.00542,0.00549,731739354,4083050.20831,35038,1952283.63720
1768521600000,0.00549,0.00576,0.00540,0.00574,650045291,3652680.18760,31139,1818862.35646
1768608000000,0.00573,0.00607,0.00571,0.00588,829902653,4889972.50121,37279,2531631.07434
1768694400000,0.00588,0.00593,0.00544,0.00546,784646227,4495094.92616,35085,2168166.11390
1768780800000,0.00546,0.00546,0.00492,0.00530,1275493659,6663612.25007,54596,3294386.09426
1768867200000,0.00530,0.00537,0.00486,0.00495,876579923,4486854.08907,32658,2321334.38193
1768953600000,0.00495,0.00517,0.00489,0.00505,559939721,2818512.61663,22818,1395489.78980
1769040000000,0.00506,0.00522,0.00492,0.00495,516229017,2607968.66006,20450,1233024.81314
1769126400000,0.00495,0.00511,0.00488,0.00495,562263261,2802478.02586,22422,1366549.51296
1769212800000,0.00494,0.00507,0.00489,0.00497,456769401,2270041.40061,17786,1165906.62253
1769299200000,0.00496,0.00505,0.00456,0.00468,1016964612,4916597.48426,30003,2266851.68999
1769385600000,0.00468,0.00492,0.00466,0.00488,663031480,3194294.47955,22053,1658337.98163
1769472000000,0.00488,0.00497,0.00478,0.00495,524959336,2554185.20225,21778,1206598.49506
1769558400000,0.00495,0.00495,0.00482,0.00489,374502046,1831208.56797,18119,888001.78734
1769644800000,0.00489,0.00496,0.00442,0.00457,778089422,3599043.34316,28974,1710758.44871
1769731200000,0.00457,0.00463,0.00438,0.00457,962376560,4341285.05334,27007,2125305.80888
1769817600000,0.00457,0.00460,0.00369,0.00409,1450797300,6017726.06318,66552,2916609.29661
1769904000000,0.00409,0.00423,0.00393,0.00402,1099568616,4502193.51294,33880,2247970.88926
1769990400000,0.00403,0.00567,0.00390,0.00526,41646203264,213762515.79156,662057,107830808.95295
1770076800000,0.00525,0.00722,0.00492,0.00540,128265356615,802124692.63930,1788032,401078480.31018
1770163200000,0.00540,0.00637,0.00509,0.00534,51383124061,292016421.25251,846438,145023475.29685
1770249600000,0.00533,0.00584,0.00422,0.00423,29530948448,144518101.41768,506983,70952745.22845
1770336000000,0.00423,0.00463,0.00378,0.00444,15527138372,66647764.96789,281585,33110354.97764
1770422400000,0.00444,0.00445,0.00416,0.00419,7224188484,30835854.37503,174337,14739350.30515
1770508800000,0.00419,0.00528,0.00306,0.00450,35922155449,164645947.47856,534114,82662428.69198
1770595200000,0.00450,0.00480,0.00426,0.00437,16178790734,73649827.59893,301329,36800360.26126
1770681600000,0.00436,0.00442,0.00410,0.00421,5959771642,25069282.09925,158006,11880338.61268
1770768000000,0.00421,0.00460,0.00401,0.00435,5232938352,21981268.66518,149867,10660822.06030
1770854400000,0.00435,0.00473,0.00431,0.00451,4871874845,21714634.70404,138304,10706992.47474
1770940800000,0.00452,0.00459,0.00438,0.00456,2607165716,11710063.79363,79242,5706068.93443
1771027200000,0.00455,0.00465,0.00448,0.00459,2194232698,9962332.09583,69314,5018160.78844
1771113600000,0.00459,0.00461,0.00424,0.00431,2450147295,10826113.02237,83477,4967218.68619
1771200000000,0.00432,0.00439,0.00424,0.00436,1696209237,7320367.51906,61594,3729419.45662
1771286400000,0.00435,0.00438,0.00422,0.00424,1941837377,8331152.05184,64393,3921548.59473
1771372800000,0.00425,0.00426,0.00398,0.00401,2486576779,10286683.55146,76729,4666850.26734
1771459200000,0.00400,0.00413,0.00389,0.00402,3115049009,12411547.68113,90613,6241659.54849
1771545600000,0.00401,0.00413,0.00397,0.00412,2544451748,10290856.93736,73802,5313442.11937
1771632000000,0.00412,0.00445,0.00411,0.00420,6696359033,28536080.16179,137686,14746300.84043
1771718400000,0.00420,0.00421,0.00399,0.00406,2464339554,10029006.22167,65632,4913043.08656
1771804800000,0.00406,0.00431,0.00390,0.00408,5779751681,23722193.18650,114223,11838782.37086
1771891200000,0.00407,0.00412,0.00397,0.00399,2563825020,10336071.90465,65934,4880664.47451
1771977600000,0.00400,0.00447,0.00398,0.00434,3690445107,15806719.71951,95275,7827223.71278
1772064000000,0.00434,0.00436,0.00405,0.00414,2243135280,9450372.50911,67949,4509463.11189
1772150400000,0.00415,0.00434,0.00410,0.00416,2411705777,10232848.97067,64186,5138770.12869
1772236800000,0.00417,0.00421,0.00389,0.00418,2966074319,11969451.42568,69183,5750743.46982
1772323200000,0.00419,0.00435,0.00403,0.00413,2241146017,9420624.01290,70778,4669125.28670
1772409600000,0.00412,0.00434,0.00407,0.00425,2322269450,9743476.46177,57080,4812376.62994
1772496000000,0.00425,0.00430,0.00402,0.00408,2068979319,8598965.94737,54148,4165495.88812
1772582400000,0.00408,0.00442,0.00399,0.00432,2536613318,10703208.17076,64227,5411530.76914
1772668800000,0.00432,0.00439,0.00418,0.00423,1801111840,7726373.98303,52653,3851956.11133
1772755200000,0.00423,0.00437,0.00404,0.00413,2969318455,12501859.02824,51619,6281486.54703
1772841600000,0.00414,0.00415,0.00402,0.00407,1011981399,4135180.72444,25546,1931642.27554
1772928000000,0.00407,0.00413,0.00398,0.00403,1236541643,5011332.75698,30624,2494106.96568
1773014400000,0.00403,0.00416,0.00402,0.00407,1444534938,5912655.14475,34000,2999871.10075
1773100800000,0.00407,0.00421,0.00407,0.00410,1249576931,5182019.24061,29492,2606610.43354
1773187200000,0.00410,0.00421,0.00407,0.00416,1007733467,4175013.59483,28939,2108308.08539
1773273600000,0.00415,0.00424,0.00406,0.00423,811337791,3365619.07862,26295,1722465.23420
1773360000000,0.00422,0.00429,0.00407,0.00408,1390411671,5850614.61869,32371,2914453.23509
1773446400000,0.00408,0.00412,0.00396,0.00404,1003575828,4063327.28990,31094,1856017.97861
1773532800000,0.00405,0.00428,0.00403,0.00425,1472204551,6145986.93397,34859,3106982.98462
1773619200000,0.00424,0.00440,0.00422,0.00438,1317281372,5667676.98764,33216,2923219.32294
1773705600000,0.00438,0.00443,0.00429,0.00434,914095367,3979016.88176,25449,1982169.28843
1773792000000,0.00433,0.00466,0.00409,0.00414,5855478966,26076959.17064,105859,13001128.31647
1773878400000,0.00413,0.00420,0.00408,0.00414,1352047412,5596457.37082,29696,2808507.27007
1773964800000,0.00414,0.00421,0.00404,0.00413,968007663,3994184.51203,24717,1922052.17342
1774051200000,0.00413,0.00432,0.00401,0.00403,2188636846,9169183.94890,36109,4732434.71199
1774137600000,0.00403,0.00404,0.00382,0.00389,1319647431,5213395.53611,41866,2385979.54268
1774224000000,0.00390,0.00412,0.00385,0.00404,1417653858,5673823.13562,35755,2927125.53857
1774310400000,0.00404,0.00406,0.00393,0.00402,973960015,3892520.41710,25126,1970984.78664
1774396800000,0.00402,0.00405,0.00395,0.00402,969835374,3887518.76040,21941,1877693.00278
1774483200000,0.00402,0.00404,0.00382,0.00386,1600806720,6235059.17139,30736,2965575.36911
1774569600000,0.00387,0.00395,0.00374,0.00378,1541064220,5908859.04870,30646,2953633.26668
1774656000000,0.00378,0.00385,0.00372,0.00374,1371410019,5184968.24237,29404,2551269.31517
1774742400000,0.00374,0.00379,0.00357,0.00366,1158840028,4271372.57015,26161,2155052.27675
1774828800000,0.00366,0.00381,0.00364,0.00372,928946415,3478361.97167,24622,1735814.87293
1774915200000,0.00372,0.00383,0.00366,0.00383,1223623491,4582814.99119,26913,2340905.61485
1775001600000,0.00383,0.00393,0.00379,0.00389,1041134017,4028800.82690,24651,2060412.70730
1775088000000,0.00389,0.00392,0.00373,0.00380,1345741122,5119160.28569,23965,2521700.62455
1775174400000,0.00380,0.00394,0.00378,0.00390,685303923,2655307.86682,16216,1299854.35394
1775260800000,0.00389,0.00391,0.00381,0.00383,399841368,1544302.27961,12459,725277.71310
1775347200000,0.00383,0.00385,0.00372,0.00381,523787868,1974795.98659,17545,905560.51295
1775433600000,0.00381,0.00393,0.00377,0.00381,890179387,3438063.54814,18351,1771151.30942
1775520000000,0.00381,0.00406,0.00376,0.00403,1105155831,4280625.83988,23535,2077382.27695
1775606400000,0.00403,0.00405,0.00390,0.00391,582283086,2316636.67140,15216,1091535.16326
1775692800000,0.00392,0.00399,0.00388,0.00394,609475038,2391969.83864,16585,1254463.76390
1775779200000,0.00393,0.00400,0.00389,0.00394,607521224,2394990.93471,14229,1224786.34794
1775865600000,0.00395,0.00402,0.00388,0.00393,448611465,1764856.29904,12033,831750.74090
1775952000000,0.00393,0.00403,0.00379,0.00380,943575315,3653058.82075,20419,1727672.70177
1776038400000,0.00380,0.00399,0.00379,0.00399,648723133,2500512.86919,15682,1277770.84975
1776124800000,0.00399,0.00399,0.00383,0.00387,450566416,1762757.61809,18035,873533.56752
1776211200000,0.00387,0.00399,0.00385,0.00393,455969305,1785581.28973,18990,897552.46368
1776297600000,0.00394,0.00412,0.00393,0.00409,647074370,2596988.78139,18144,1318987.70777
1776384000000,0.00409,0.00421,0.00400,0.00413,875715505,3611255.81207,20201,1783389.19629
1776470400000,0.00413,0.00420,0.00399,0.00403,755785100,3099030.73548,18690,1483641.42999
1776556800000,0.00402,0.00403,0.00386,0.00388,694273891,2748154.80524,21183,1339144.47662
1776643200000,0.00388,0.00415,0.00388,0.00409,605420406,2428865.75737,20387,1296747.97281
1776729600000,0.00410,0.00411,0.00395,0.00405,692989276,2797492.38571,19147,1255182.35612
1776816000000,0.00405,0.00417,0.00402,0.00404,578926455,2375555.62028,18562,1302921.35616
1776902400000,0.00404,0.00407,0.00395,0.00407,479329840,1921507.13772,18048,949492.10919
1776988800000,0.00406,0.00420,0.00401,0.00414,634650906,2604834.61620,18922,1423529.22832
1777075200000,0.00414,0.00418,0.00405,0.00411,341346354,1407873.15484,12869,656611.85080
1777161600000,0.00411,0.00421,0.00406,0.00417,482974015,2005079.75051,16128,1016528.84117
1777248000000,0.00417,0.00423,0.00400,0.00408,674351286,2756616.73868,20920,1353460.79204
1777334400000,0.00409,0.00409,0.00400,0.00404,349355872,1414514.90837,13040,681305.39841
1777420800000,0.00404,0.00411,0.00386,0.00397,715213021,2856834.17628,18858,1375002.53051
1777507200000,0.00397,0.00401,0.00391,0.00393,377731929,1493006.43689,12854,771104.97634
1777593600000,0.00394,0.00404,0.00392,0.00398,303858039,1208740.17914,13549,601596.39865
1777680000000,0.00398,0.00410,0.00396,0.00408,232078834,936253.63338,10484,470030.68206
1777766400000,0.00408,0.00411,0.00401,0.00407,309094636,1253015.57095,11197,657703.52127
1777852800000,0.00408,0.00422,0.00405,0.00413,665674811,2749474.67718,19353,1390982.05280
1777939200000,0.00412,0.00437,0.00412,0.00422,1844529772,7827720.05910,35118,3965962.58648
1778025600000,0.00422,0.00469,0.00421,0.00439,5149878746,23065794.28184,78882,11606494.66264
1778112000000,0.00439,0.00439,0.00421,0.00426,1769003939,7585587.31533,38248,3785912.26636
1778198400000,0.00426,0.00439,0.00420,0.00437,958762955,4108051.23065,23882,2133620.38683
1778284800000,0.00438,0.00441,0.00426,0.00428,762383247,3307428.98407,19784,1605793.54336
1778371200000,0.00429,0.00446,0.00422,0.00441,813448424,3533650.63126,20575,1709848.91610
1778457600000,0.00442,0.00446,0.00428,0.00444,639375786,2791755.47833,20280,1420350.80072
1778544000000,0.00443,0.00445,0.00423,0.00429,736069682,3191224.06088,20553,1529554.29117
1778630400000,0.00429,0.00438,0.00411,0.00415,624879675,2649434.03990,16898,1282432.82566
1778716800000,0.00416,0.00427,0.00410,0.00420,497342610,2082279.94071,14743,1003927.39870
1778803200000,0.00420,0.00424,0.00395,0.00402,704605034,2870167.78386,18101,1390005.26043
1778889600000,0.00401,0.00405,0.00386,0.00396,524346270,2068812.56425,15409,990567.11432
1778976000000,0.00397,0.00402,0.00378,0.00390,546993089,2155889.74639,16172,1037417.23582
1779062400000,0.00389,0.00397,0.00383,0.00394,505933671,1970797.66612,17247,969713.46478
1779148800000,0.00394,0.00398,0.00385,0.00386,390558296,1525040.82647,12975,753340.80831
1779235200000,0.00386,0.00399,0.00385,0.00397,411249296,1612938.68386,15140,792883.25879
1779321600000,0.00396,0.00407,0.00395,0.00403,412439745,1655062.46306,13194,841582.14223
1779408000000,0.00403,0.00407,0.00385,0.00387,636682066,2530104.53372,17083,1109063.25420
1779494400000,0.00388,0.00406,0.00377,0.00399,612474559,2382982.49677,16636,1132616.61112
1779580800000,0.00399,0.00400,0.00382,0.00387,366435787,1438207.61042,14115,662823.70257
1779667200000,0.00387,0.00396,0.00385,0.00390,293710724,1148289.83769,13888,554703.34286
1779753600000,0.00390,0.00396,0.00384,0.00390,454143295,1767417.79056,19904,875534.67484
1779840000000,0.00390,0.00395,0.00380,0.00384,516218109,1999331.96076,18814,981658.46649
1779926400000,0.00385,0.00389,0.00365,0.00377,860007487,3240788.63833,25533,1585502.04236
1780012800000,0.00376,0.00381,0.00366,0.00374,490180640,1835663.46769,18431,958596.17995
1780099200000,0.00375,0.00384,0.00374,0.00379,324749532,1234799.46169,18513,644683.38915
1780185600000,0.00378,0.00384,0.00373,0.00381,406999536,1546142.85797,14337,701766.67656
1780272000000,0.00381,0.00387,0.00370,0.00378,546084925,2062192.63744,17670,1032733.43491
1780358400000,0.00377,0.00378,0.00346,0.00351,1140610523,4124881.43974,23987,1976194.89471
1780444800000,0.00352,0.00363,0.00348,0.00353,661289357,2354408.88415,20173,1147269.66399
1780531200000,0.00352,0.00355,0.00323,0.00340,1648960211,5553026.02324,31219,2674469.46928
1780617600000,0.00339,0.00341,0.00294,0.00306,2542808975,8016712.05423,47359,3959637.00252
1780704000000,0.00306,0.00310,0.00286,0.00304,1259090860,3770631.59677,25133,1847437.96908
1780790400000,0.00303,0.00316,0.00296,0.00307,803786705,2465956.71204,19471,1232235.67896
1780876800000,0.0030700,0.0031540,0.0030000,0.0031070,1228732430,3793181.6653060,44632,1883266.8731070
1780963200000,0.0031080,0.0031100,0.0029840,0.0030520,841298305,2566510.2324470,38475,1136212.3129500
1781049600000,0.0030520,0.0031210,0.0029490,0.0029880,717734631,2178829.7702320,36514,1056490.1503790
1781136000000,0.0029860,0.0031660,0.0029860,0.0031460,505648820,1565486.3810360,28283,823818.7435720
1781222400000,0.0031460,0.0031620,0.0030860,0.0031010,382865925,1195728.0226040,25303,587851.6854890
1781308800000,0.0031020,0.0032300,0.0030970,0.0032270,330024237,1046063.7197470,21413,523899.6970160
1781395200000,0.0032270,0.0032720,0.0031310,0.0032610,328325664,1051078.6987250,20864,474721.0085460
1781481600000,0.0032610,0.0033810,0.0032460,0.0032840,502479025,1659588.0759980,28003,893566.7786940
1781568000000,0.0032830,0.0033240,0.0031970,0.0032550,452954854,1479541.7046830,26304,741284.3908910
1781654400000,0.0032550,0.0033240,0.0031880,0.0032530,487896613,1589389.6679750,33355,818481.4389850
1781740800000,0.0032540,0.0032800,0.0030600,0.0031520,565280464,1782941.0101900,30655,830681.9724660
1781827200000,0.0031510,0.0032170,0.0030720,0.0031120,518043418,1622579.3806280,32732,792612.6972100
1781913600000,0.0031110,0.0031640,0.0030820,0.0031320,355333808,1108349.6213870,26969,560788.8816650
1782000000000,0.0031320,0.0031880,0.0030930,0.0031120,366138512,1152404.5530030,19508,510615.1031220
1782086400000,0.0031100,0.0031900,0.0030670,0.0030990,528223698,1653975.7889220,30139,780863.0799010
1782172800000,0.0030990,0.0032120,0.0029490,0.0030360,1220920721,3759597.9223250,54206,1838638.5508480
1782259200000,0.0030370,0.0030660,0.0028090,0.0029440,719594805,2123504.8875330,44994,962244.3214710
1782345600000,0.0029440,0.0029720,0.0027510,0.0028710,654917660,1879914.3666070,38687,958639.7087400
1782432000000,0.0028720,0.0029830,0.0027810,0.0029550,508707964,1472932.4330710,35690,718812.9540280
1782518400000,0.0029560,0.0030030,0.0029000,0.0029140,392147509,1161444.5810200,24188,574421.1590710
1782604800000,0.0029140,0.0029470,0.0028800,0.0029270,389814959,1136210.5572020,26974,569467.1516410
1782691200000,0.0029280,0.0030270,0.0029060,0.0029280,610206619,1807094.8937530,42974,868940.4993910
1782777600000,0.0029290,0.0029340,0.0028120,0.0028590,437753508,1254237.4007520,27962,589078.6309860
1782864000000,0.0028590,0.0029820,0.0027880,0.0029420,463896622,1338116.0708410,33821,670387.3461010
1782950400000,0.0029420,0.0030180,0.0029220,0.0029910,392626827,1166861.6433360,30030,594172.1741670
1783036800000,0.0029910,0.0030770,0.0029780,0.0030720,326709901,989619.7083200,28631,534244.6486160
1783123200000,0.0030710,0.0033400,0.0030290,0.0031630,1230649334,3939256.1578260,61346,2002995.0987760
1783209600000,0.0031630,0.0031710,0.0030460,0.0031080,498468857,1548227.3006450,31721,751293.4650640
1783296000000,0.0031080,0.0031410,0.0029830,0.0030960,511456513,1567223.1370510,37174,711759.9902420
1783382400000,0.0030960,0.0031080,0.0029620,0.0029880,449658928,1367546.1648510,28745,617847.8493600
1783468800000,0.0029890,0.0030620,0.0029260,0.0030080,618080900,1848704.7474070,34849,894428.8539600
1783555200000,0.0030090,0.0030430,0.0029770,0.0029950,327613634,986309.3372320,23458,497107.6778960
1783641600000,0.0029950,0.0030660,0.0029800,0.0030120,291469528,882709.9701640,22101,446301.1909330
1783728000000,0.0030120,0.0031620,0.0029950,0.0030150,1000436662,3082244.7843050,52849,1543701.6098500
1783814400000,0.0030150,0.0031200,0.0029420,0.0029510,757108145,2280340.8326180,42658,1155736.8643230
1783900800000,0.0029510,0.0029910,0.0029020,0.0029740,695265690,2053215.7985680,35336,963020.2211240
1783987200000,0.0029740,0.0030300,0.0029260,0.0029920,352188479,1048943.4059820,26437,494694.4851710
1784073600000,0.0029930,0.0030500,0.0029750,0.0030030,259281695,779385.5591190,18514,398889.8458960
1784160000000,0.0030030,0.0030330,0.0029320,0.0029440,364105429,1086446.2773040,20791,532968.1383110
1784246400000,0.0029450,0.0029640,0.0028720,0.0028810,528929622,1537916.0554250,35982,707193.6658610
1784332800000,0.0028800,0.0028990,0.0027930,0.0028220,897246098,2555554.5198300,36278,1121227.5629960
1784419200000,0.0028210,0.0028380,0.0026120,0.0026410,2112206890,5752667.7809040,68542,2709223.9684120
1784505600000,0.0026400,0.0027240,0.0023860,0.0024590,5863949182,14901850.8557960,206406,7345503.8474200
1784592000000,0.0024590,0.0026210,0.0024200,0.0025410,1673700162,4218384.8563760,77877,2260567.2415870
1784678400000,0.0025410,0.0025520,0.0023010,0.0024320,4210889149,10180514.6423390,157319,4938675.0832670
1784764800000,0.0024320,0.0026920,0.0024060,0.0024800,5651914129,14176799.7298810,163773,6723262.3264960
1784851200000,0.0024800,0.0025420,0.0024220,0.0025320,2039307770,5050409.5934960,76024,2488996.8263550
1784937600000,0.0025320,0.0027920,0.0024770,0.0024940,2048993899,5242283.0794080,78421,2555447.4152120
1785024000000,0.0024940,0.0024970,0.0024060,0.0024220,946482819,2309214.9713830,41172,1051010.9972960
1785110400000,0.0024220,0.0024300,0.0022690,0.0023190,1324323447,3104408.4974120,53257,1386820.0688840
1785196800000,0.0023190,0.0031600,0.0022860,0.0028820,18971484991,52995011.1844560,578184,26591235.3384320
1785283200000,0.0028800,0.0030150,0.0024640,0.0025520,20453187887,55382987.0040230,609584,26821571.9192700
1785369600000,0.0025520,0.0027440,0.0025110,0.0025350,4132077849,10807402.9583470,172131,5333505.4206690
1785456000000,0.0025340,0.0027010,0.0025230,0.0026790,2036767611,5268051.7677450,85281,2679743.8144540
1785542400000,0.0026810,0.0027500,0.0026110,0.0026570,1578929145,4226112.1505010,79199,2029097.3503120
1785628800000,0.0026560,0.0026740,0.0025290,0.0025350,1157163872,2995647.5136450,53963,1399522.3392090
1785715200000,0.0025340,0.0025990,0.0025060,0.0025730,1059116166,2702995.9138990,49818,1415474.0243930
1785801600000,0.0025730,0.0026660,0.0024940,0.0025990,1652256383,4238969.5966390,76499,2123605.4459490
1785888000000,0.0025990,0.0026610,0.0025370,0.0026320,1356898223,3505248.6077970,56823,1712694.6912720
1785974400000,0.0026310,0.0026730,0.0025840,0.0026080,923020710,2418175.2143670,45815,1187228.3935750
1786060800000,0.0026070,0.0026240,0.0023570,0.0024150,1527427648,3753424.2637190,73405,1596776.5173060
1786147200000,0.0024160,0.0024540,0.0023940,0.0024360,793444573,1923842.5473480,46527,939345.2114320
1786233600000,0.0024360,0.0024710,0.0023240,0.0023370,1297742346,3119752.2474980,64545,1381692.6973540
1786320000000,0.0023360,0.0024500,0.0023320,0.0023550,1087467726,2610297.1015130,53394,1265681.6479700
1786406400000,0.0023550,0.0024030,0.0022930,0.0023220,810229327,1904998.7401330,42485,889126.2441550
1786492800000,0.0023220,0.0024000,0.0022820,0.0023230,914366424,2138882.2430290,49417,1051832.2988000
1786579200000,0.0023240,0.0024110,0.0022990,0.0024020,874405882,2042535.0773490,44938,1034669.4844370
1786665600000,0.0024030,0.0024060,0.0022660,0.0023170,897257896,2092417.5926550,44139,966906.3413790
1786752000000,0.0023180,0.0023540,0.0022730,0.0022780,645879701,1500832.1729880,35097,778443.5553110
1786838400000,0.0022790,0.0023060,0.0022150,0.0022370,663301696,1506235.7106340,33296,669892.0226320
1786924800000,0.0022380,0.0022740,0.0022180,0.0022500,484554776,1089304.9144090,25257,487484.8517880
1787011200000,0.0022510,0.0022900,0.0021770,0.0022560,1078539909,2425635.2521310,41261,1270543.2063790
1787097600000,0.0022560,0.0024370,0.0022390,0.0023950,1331307042,3100999.6189760,51578,1654226.3716520
1787184000000,0.0023950,0.0025230,0.0023940,0.0025160,1257269694,3081590.4263120,54763,1526991.1048630
1787270400000,0.0025160,0.0027890,0.0025030,0.0027570,1777625218,4714158.5485890,84231,2296620.9724190
1787356800000,0.0027580,0.0029910,0.0024520,0.0027210,2188764589,6182864.1227330,125963,2964163.7958080
1787443200000,0.0027210,0.0028810,0.0026060,0.0028290,1060637216,2907530.9452450,66624,1402753.4707380
1787529600000,0.0028290,0.0028490,0.0026960,0.0027420,982671903,2718938.9519960,65073,1348215.4604020
1787616000000,0.0027410,0.0028300,0.0026440,0.0026890,874979746,2418424.2613980,53603,1186410.9653580
1787702400000,0.0026900,0.0028030,0.0026090,0.0027420,872157185,2348769.9046190,47040,1138540.3797860
1787788800000,0.0027420,0.0027840,0.0026640,0.0026880,682106966,1853821.0630680,39471,975062.9123220
1787875200000,0.0026890,0.0027420,0.0025170,0.0025950,1147891073,3013631.3323750,53763,1522200.5082200
1787961600000,0.0025950,0.0026190,0.0025380,0.0025440,298695621,767062.2538670,22298,341937.4435790
1788048000000,0.0025440,0.0026570,0.0024670,0.0025170,724867831,1869722.2663860,41144,860850.4122640
1788134400000,0.0025170,0.0026810,0.0025060,0.0025870,1450980466,3795904.3127510,62001,1880653.6275720
1788220800000,0.0025860,0.0027650,0.0025850,0.0026620,1235952712,3290104.9021170,56515,1675225.8366630
1788307200000,0.0026630,0.0026930,0.0025910,0.0026400,587466072,1551523.0995870,29835,734756.4184430
1788393600000,0.0026410,0.0027780,0.0026220,0.0027490,502223836,1347487.2126540,27168,690782.7114490
1788480000000,0.0027490,0.0027620,0.0026540,0.0027500,573609936,1558422.8695940,27531,716557.1884520
1788566400000,0.0027490,0.0028460,0.0027350,0.0028330,596963237,1672050.2883820,29482,821733.3740860
1788652800000,0.0028330,0.0029690,0.0028300,0.0029230,665051614,1926094.7576470,39052,878058.0611430
1788739200000,0.0029240,0.0029430,0.0028520,0.0028970,488512082,1416633.3438870,24254,703813.4007320
1788825600000,0.0028960,0.0031930,0.0028460,0.0030470,2192741442,6633301.1834550,92256,3218503.4293310
1788912000000,0.0030470,0.0030840,0.0027080,0.0027740,1777579990,5115715.6766430,83324,2284069.0022520
1788998400000,0.0027730,0.0027800,0.0026030,0.0026080,659226948,1777784.5877700,40966,787712.0107700
1789084800000,0.0026090,0.0027530,0.0025730,0.0026850,688451286,1832442.1249930,35723,848045.2713940
1789171200000,0.0026860,0.0027500,0.0026830,0.0027180,589639156,1601957.6401390,30541,748030.6499400
1789257600000,0.0027170,0.0032380,0.0027080,0.0029570,5250405882,15871970.0257210,264324,8311649.3939300
1789344000000,0.0029580,0.0030470,0.0029020,0.0029320,1944860628,5778863.4478030,92327,2833128.6603440
1789430400000,0.0029310,0.0033430,0.0027370,0.0027630,6035214101,18456135.0437450,264265,8975663.2913330
1789516800000,0.0027640,0.0031650,0.0026910,0.0028980,5034134240,14927806.9499460,226887,7417949.8431980
1789603200000,0.0028980,0.0030230,0.0028150,0.0028980,1663582054,4796728.1064520,80308,2344747.4874740
1789689600000,0.0028960,0.0031190,0.0028550,0.0031000,1509176668,4520321.5519900,70343,2142884.9042110
1789776000000,0.0031000,0.0035860,0.0030610,0.0035670,2841216207,9518160.4545250,137316,4534142.3035230
1789862400000,0.0035670,0.0043790,0.0034210,0.0034770,17728762194,68246055.3728140,820642,33661875.6894500
1789948800000,0.0034780,0.0037760,0.0034510,0.0036210,3056632965,11014636.3870670,171939,5014283.6910150
1790035200000,0.0036210,0.0039430,0.0035800,0.0038750,1882746423,7047975.5414250,129201,3199653.3534070
1790121600000,0.0038750,0.0039470,0.0034890,0.0036040,1764374399,6628318.4870580,109091,2971354.5030210
1790208000000,0.0036050,0.0037630,0.0035210,0.0037310,961475737,3509547.3748840,77243,1638982.0480580
1790294400000,0.0037300,0.0038560,0.0036460,0.0038320,1080508738,4055334.4287730,70704,2116165.3775950
1790380800000,0.0038320,0.0038970,0.0036860,0.0037640,910911339,3466435.3476500,54481,1561192.7874760
1790467200000,0.0037640,0.0038080,0.0036640,0.0037730,488031218,1827083.7527380,42567,929466.1991590
1790553600000,0.0037750,0.0038160,0.0034560,0.0035500,808579743,2909212.9457150,52027,1379671.5710660
1790640000000,0.0035510,0.0036400,0.0034640,0.0035160,592192450,2100820.2728510,40516,1069689.2355950
1790726400000,0.0035160,0.0036920,0.0034750,0.0035260,650875811,2328166.1935310,57218,1091152.9134900
1790812800000,0.0035280,0.0035460,0.0034140,0.0034900,505762106,1760241.4898800,47919,859145.5623590
1790899200000,0.0034910,0.0035950,0.0033700,0.0034950,680486747,2386024.5851690,56250,1174535.9577090
